model,category,part_number,normalized_part_number,description
SX-1050,Receiver,2SB539C-S,2SB539C,Transistor
SX-1050,Receiver,2SB539C-S,2SB539C,Transistor
SX-1050,Receiver,2SB539C-S,2SB539C,Transistor
SX-1050,Receiver,2SB539C-S,2SB539C,Transistor
SX-1050,Receiver,2SD287C-S,2SD287C,Transistor
SX-1050,Receiver,2SD287C-S,2SD287C,Transistor
SX-1050,Receiver,2SD287C-S,2SD287C,Transistor
SX-1050,Receiver,2SD287C-S,2SD287C,Transistor
SX-1050,Receiver,AAA-034,AAA-034,Knob (TUNING)
SX-1050,Receiver,AAB-100,AAB-100,Knob (BALANCE)
SX-1050,Receiver,AAB-100,AAB-100,Knob (BASS 100HZ)
SX-1050,Receiver,AAB-100,AAB-100,Knob (BASS 50Hz)
SX-1050,Receiver,AAB-100,AAB-100,Knob (TREBLE 10kHz)
SX-1050,Receiver,AAB-100,AAB-100,Knob (TREBLE 20kHz)
SX-1050,Receiver,AAB-104,AAB-104,Knob (VOLUME)
SX-1050,Receiver,AAD-113,AAD-113,Knob (ADAPTOR)
SX-1050,Receiver,AAD-113,AAD-113,Knob (LOUDNESS)
SX-1050,Receiver,AAD-113,AAD-113,Knob (MODE)
SX-1050,Receiver,AAD-113,AAD-113,Knob (MUTING)
SX-1050,Receiver,AAD-113,AAD-113,Knob (POWER)
SX-1050,Receiver,AAD-113,AAD-113,Knob (TAPE DUPLICATE)
SX-1050,Receiver,AAD-113,AAD-113,Knob (TAPE MONITOR 1)
SX-1050,Receiver,AAD-113,AAD-113,Knob (TAPE MONITOR 2)
SX-1050,Receiver,AAD-113,AAD-113,Knob (TONE)
SX-1050,Receiver,AAD-114,AAD-114,Knob (AM)
SX-1050,Receiver,AAD-114,AAD-114,Knob (AUX)
SX-1050,Receiver,AAD-114,AAD-114,Knob (FILTER 80HZ)
SX-1050,Receiver,AAD-114,AAD-114,Knob (FILTER 8kHz)
SX-1050,Receiver,AAD-114,AAD-114,Knob (FM MULTIPATH)
SX-1050,Receiver,AAD-114,AAD-114,Knob (FM MUTING OFF)
SX-1050,Receiver,AAD-114,AAD-114,Knob (FM)
SX-1050,Receiver,AAD-114,AAD-114,Knob (PHONO 1)
SX-1050,Receiver,AAD-114,AAD-114,Knob (PHONO 2/MIC)
SX-1050,Receiver,AAD-114,AAD-114,Knob (SPEAKERS A)
SX-1050,Receiver,AAD-114,AAD-114,Knob (SPEAKERS B)
SX-1050,Receiver,AAD-114,AAD-114,Knob (SPEAKERS C)
SX-1050,Receiver,AAF-051,AAF-051,Dial pointer
SX-1050,Receiver,AAG-105,AAG-105,Dial panel
SX-1050,Receiver,AAT-025,AAT-025,Shaft cover
SX-1050,Receiver,AAW-040,AAW-040,Double meter (SIGNAL/TUNING)
SX-1050,Receiver,ABN-024,ABN-024,Washer faced nut 9ɸ
SX-1050,Receiver,ACG-003,ACG-003,Ceramic 0.01 150V
SX-1050,Receiver,ACG-003,ACG-003,Ceramic 0.01 150V
SX-1050,Receiver,ACH-056,ACH-056,Electrolytic 22000 80V
SX-1050,Receiver,ACH-056,ACH-056,Electrolytic 22000 80V
SX-1050,Receiver,ACK-016,ACK-016,Tuning Capacitor
SX-1050,Receiver,ACV-163,ACV-163,Variable resistor (BALANCE) 100kΩ-HB
SX-1050,Receiver,ACV-165,ACV-165,Variable resistor (BASS 50Hz) 102kΩ
SX-1050,Receiver,ACV-166,ACV-166,Variable resistor (BASS 100Hz) 102.6kΩ
SX-1050,Receiver,ACV-167,ACV-167,Variable resistor (TREBLE 10kHz) 99kΩ
SX-1050,Receiver,ACV-168,ACV-168,Variable resistor (TREBLE 20kHz) 102kΩ
SX-1050,Receiver,ACV-169,ACV-169,Variable resistor (VOLUME) 50kΩ
SX-1050,Receiver,ADG-013,ADG-013,AC power cord
SX-1050,Receiver,AEK-104,AEK-104,Fuse 1.5A
SX-1050,Receiver,AEK-106,AEK-106,Fuse 1A
SX-1050,Receiver,AEK-106,AEK-106,Fuse 1A (FU1~FU4)
SX-1050,Receiver,AEK-302,AEK-302,Fuse 10A
SX-1050,Receiver,AEL-056,AEL-056,PL1 Lamp assembly 8V
SX-1050,Receiver,AEL-056,AEL-056,PL2 Lamp assembly 8V
SX-1050,Receiver,AEL-056,AEL-056,PL3 Lamp assembly 8V
SX-1050,Receiver,AEL-056,AEL-056,PL4 Lamp assembly 8V
SX-1050,Receiver,AEL-069,AEL-069,PL13 Lamp with wire 8V
SX-1050,Receiver,AEL-072,AEL-072,PL11 Lamp with wire 8V
SX-1050,Receiver,AEL-072,AEL-072,PL6 Lamp with wire 8V
SX-1050,Receiver,AEL-073,AEL-073,PL12 Lamp with wire 8V
SX-1050,Receiver,AEL-073,AEL-073,PL7 Lamp with wire 8V
SX-1050,Receiver,AEL-074,AEL-074,PL10 Lamp with wire 8V
SX-1050,Receiver,AEL-074,AEL-074,PL5 Lamp with wire 8V
SX-1050,Receiver,AEL-075,AEL-075,PL9 Lamp with wire 8V
SX-1050,Receiver,AEL-076,AEL-076,PL8 Lamp with wire 8v
SX-1050,Receiver,AKA-004,AKA-004,Terminal (ANTENNA)
SX-1050,Receiver,AKB-019,AKB-019,Terminal (FM DET.OUT)
SX-1050,Receiver,AKB-030,AKB-030,Terminal (ADAPTOR)
SX-1050,Receiver,AKB-030,AKB-030,Terminal (PRE/POWER AMP)
SX-1050,Receiver,AKB-030,AKB-030,Terminal (TAPE 1)
SX-1050,Receiver,AKB-030,AKB-030,Terminal (TAPE 2)
SX-1050,Receiver,AKB-033,AKB-033,Terminal (INPUT)
SX-1050,Receiver,AKE-012,AKE-012,Terminal (GND)
SX-1050,Receiver,AKE-014,AKE-014,Terminal (SPEAKERS)
SX-1050,Receiver,AKH-031,AKH-031,Voltage selector switch (S)
SX-1050,Receiver,AKM-004,AKM-004,Jumper plug
SX-1050,Receiver,AKN-010,AKN-010,Phone jack (PHONES)
SX-1050,Receiver,AKN-013,AKN-013,Phone jack (MIC)
SX-1050,Receiver,AKP-005,AKP-005,AC socket (AC OUTLETS)
SX-1050,Receiver,AKP-007,AKP-007,REC-PB connector socket (5P)
SX-1050,Receiver,AMM-050,AMM-050,Cabinet
SX-1050,Receiver,ANB-388,ANB-388,Front panel assembly
SX-1050,Receiver,ASG-094,ASG-094,Push switch (SPEAKERS)
SX-1050,Receiver,ASG-095,ASG-095,Push switch (FUNCTION)
SX-1050,Receiver,ASG-098,ASG-098,Push switch (FILTER / FM MUTING / MULTIPATH)
SX-1050,Receiver,ASH-015,ASH-015,Slide switch (DE-EMPHASIS)
SX-1050,Receiver,ASK-080,ASK-080,Lever switch (POWER)
SX-1050,Receiver,ASK-080,ASK-080,Lever switch-POWER (S)
SX-1050,Receiver,ASK-090,ASK-090,Lever switch (ADAPTOR)
SX-1050,Receiver,ASK-090,ASK-090,Lever switch (LOUDNESS)
SX-1050,Receiver,ASK-090,ASK-090,Lever switch (MODE)
SX-1050,Receiver,ASK-090,ASK-090,Lever switch (MUTING)
SX-1050,Receiver,ASK-090,ASK-090,Lever switch (TAPE MONITOR 1)
SX-1050,Receiver,ASK-090,ASK-090,Lever switch (TAPE MONITOR 2)
SX-1050,Receiver,ASK-090,ASK-090,Lever switch (TONE)
SX-1050,Receiver,ASK-092,ASK-092,Lever switch (TAPE DUPLICATE)
SX-1050,Receiver,ASR-015,ASR-015,Relay
SX-1050,Receiver,ASR-015,ASR-015,Relay (S)
SX-1050,Receiver,ATB-050,ATB-050,Ferrite bar-antenna
SX-1050,Receiver,ATT-266,ATT-266,Power transformer
SX-1050,Receiver,ATT-290,ATT-290,Power transformer (S)
SX-1050,Receiver,AWE-067,AWE-067,Tuner assembly
SX-1050,Receiver,AWF-020,AWF-020,Equalizer amplifier assembly
SX-1050,Receiver,AWG-040,AWG-040,Flat amplifier assembly
SX-1050,Receiver,AWG-041,AWG-041,Control amplifier assembly
SX-1050,Receiver,AWH-047,AWH-047,Power amplifier assembly
SX-1050,Receiver,AWM-089,AWM-089,Filter amplifier assembly
SX-1050,Receiver,AWM-090,AWM-090,Protection Assembly
SX-1050,Receiver,AWR-103,AWR-103,Power supply assembly-A
SX-1050,Receiver,AWR-104,AWR-104,Power supply assembly-B
SX-1050,Receiver,AWS-094,AWS-094,Function switch assembly
SX-1050,Receiver,AWS-095,AWS-095,Speaker switch assembly
SX-1050,Receiver,AWX-098,AWX-098,Surge current suppressor assembly
SX-1050,Receiver,AWX-099,AWX-099,De-emphasis SW Assembly (KCU model)
SX-1050,Receiver,AWX-101,AWX-101,De-emphasis SW Assembly (S model)
SX-1050,Receiver,AXA-111,AXA-111,Tuning shaft assembly
SX-1050,Receiver,AXA-113,AXA-113,Tuning drum assembly
SX-1050,Receiver,CKDYF 103Z 50,CKDYF 103Z 50,Ceramic 0.01 50V
SX-1050,Receiver,CKDYF 103Z 50,CKDYF 103Z 50,Ceramic 0.01 50V
SX-1050,Receiver,CKDYF 103Z 50,CKDYF 103Z 50,Ceramic 0.01 50V
SX-1050,Receiver,CKDYF 103Z 50,CKDYF 103Z 50,Ceramic 0.01 50V
SX-1050,Receiver,CKDYF 103Z 50,CKDYF 103Z 50,Ceramic 0.01 50V
SX-1050,Receiver,CKDYF 103Z 50,CKDYF 103Z 50,Ceramic 0.01 50V
SX-1050,Receiver,CKDYF 103Z 50,CKDYF 103Z 50,Ceramic 0.01 50V
SX-1050,Receiver,RD½PS 225J,RD½PS 225J,Carbon film 2.2M ½W
SX-1050,Receiver,T22-025,T22-025,Ferrite balun (S)
SX-1050,Receiver,W72-092,W72-092,Bar-antenna holder
SX-1080,Receiver,2SB701/A/-5 or C,2SB701/A/-5 or C,Transistor
SX-1080,Receiver,2SB701/A/-B or C,2SB701/A/-B or C,Transistor
SX-1080,Receiver,2SB701/A/-B or C,2SB701/A/-B or C,Transistor
SX-1080,Receiver,2SB701/A/-B or C,2SB701/A/-B or C,Transistor
SX-1080,Receiver,2SD737/A/-B or C,2SD737/A/-B or C,Transistor
SX-1080,Receiver,2SD737/A/-B Or C,2SD737/A/-B Or C,Transistor
SX-1080,Receiver,2SD737/A/-B Or C,2SD737/A/-B Or C,Transistor
SX-1080,Receiver,2SD737/A/-B or C,2SD737/A/-B or C,Transistor
SX-1080,Receiver,AAA-047,AAA-047,Knob (TUNING)
SX-1080,Receiver,AAB-174,AAB-174,Knob (VOLUME)
SX-1080,Receiver,AAB-175,AAB-175,Knob (BASS)
SX-1080,Receiver,AAB-175,AAB-175,Knob (TREBLE)
SX-1080,Receiver,AAB-176,AAB-176,Knob (BALANCE)
SX-1080,Receiver,AAD-138,AAD-138,"Lever knob (DUPLICATE, MONITOR 1, 2,MODE, LOUDNESS)"
SX-1080,Receiver,AAD-138,AAD-138,Lever knob (MUTING)
SX-1080,Receiver,AAD-138,AAD-138,Lever knob (TONE)
SX-1080,Receiver,AAD-139,AAD-139,Lever knob assembly (POWER)
SX-1080,Receiver,AAD-140,AAD-140,"Push knob (FM, AM, AUX, PHONO 2,MIC, PHONO 1)"
SX-1080,Receiver,AAD-140,AAD-140,"Push knob (SPEAKERS, FILTER, FM)"
SX-1080,Receiver,AAF-065,AAF-065,Dial pointer assembly
SX-1080,Receiver,AAW-074,AAW-074,Power meter
SX-1080,Receiver,AAW-075,AAW-075,Double meter
SX-1080,Receiver,ACG-001,ACG-001,Ceramic  0.01  250V
SX-1080,Receiver,ACG-003,ACG-003,Ceramic  0.01  125V
SX-1080,Receiver,ACH-085,ACH-085,Electrolytic  22000  71V
SX-1080,Receiver,ACH-085,ACH-085,Electrolytic  22000  71V
SX-1080,Receiver,ACK-022,ACK-022,Tuning Capacitor
SX-1080,Receiver,ACV-136,ACV-136,"Variable resistor (BASS, TREBLE)"
SX-1080,Receiver,ACV-162,ACV-162,Variable resistor (VOLUME)
SX-1080,Receiver,ACV-190,ACV-190,Variable resistor (BALANCE)
SX-1080,Receiver,ADG-013,ADG-013,Power cord
SX-1080,Receiver,AEK-104,AEK-104,FUSE (1.5A)
SX-1080,Receiver,AEK-106,AEK-106,Fuse (1A)
SX-1080,Receiver,AEK-106,AEK-106,Fuse (1A)
SX-1080,Receiver,AEK-106,AEK-106,Fuse (IA)
SX-1080,Receiver,AEK-106,AEK-106,Fuse (IA)
SX-1080,Receiver,AEK-302,AEK-302,FUSE (10A)
SX-1080,Receiver,AEL-029,AEL-029,Wedge typa pilot lamp (Dial scale)
SX-1080,Receiver,AEL-029,AEL-029,Wedge type pilot lamp (Dial scale)
SX-1080,Receiver,AEL-029,AEL-029,Wedge type pilot lamp (Dial scale)
SX-1080,Receiver,AEL-067,AEL-067,Piiot lamp with wire (AM)
SX-1080,Receiver,AEL-067,AEL-067,Pilot lamp with wire (AUX)
SX-1080,Receiver,AEL-067,AEL-067,Pilot lamp with wire (PHONO)
SX-1080,Receiver,AEL-069,AEL-069,Pilot lamp with wire (FM)
SX-1080,Receiver,AEL-069,AEL-069,Pilot lamp with wire (STEREO IND.)
SX-1080,Receiver,AKA-002,AKA-002,Antenna terminal
SX-1080,Receiver,AKB-035,AKB-035,4P pin-jack
SX-1080,Receiver,AKE-031,AKE-031,Terminal (GND)
SX-1080,Receiver,AKM-004,AKM-004,Jumper plug
SX-1080,Receiver,AKN-010,AKN-010,Headphones jack
SX-1080,Receiver,AKN-012,AKN-012,MIC jack
SX-1080,Receiver,AKP-005,AKP-005,AC socket
SX-1080,Receiver,AMM-066,AMM-066,Wooden Bonnet
SX-1080,Receiver,ANB-543,ANB-543,Front panel assembly
SX-1080,Receiver,ANR-020,ANR-020,Acrylic board
SX-1080,Receiver,ASE-105,ASE-105,"Rotary slide switch (BASS, TURNOVER)"
SX-1080,Receiver,ASE-106,ASE-106,"Rotary slide switch (TREBLE, TURNOVER)"
SX-1080,Receiver,ASG-126,ASG-126,"Push switch (FM, AM, AUX,PHONO 2/MIC, PHONO 1)"
SX-1080,Receiver,ASG-128,ASG-128,"Push switch (FILTER, FM)"
SX-1080,Receiver,ASG-133,ASG-133,Push switch (SPEAKERS)
SX-1080,Receiver,ASK-080,ASK-080,Lever Switch (POWER)
SX-1080,Receiver,ASK-144,ASK-144,Lever switch (MUTING)
SX-1080,Receiver,ASK-144,ASK-144,"Lever switch (TAPE, MODE, LOUDNESS)"
SX-1080,Receiver,ASK-145,ASK-145,Lever switch (DUPLlCATE)
SX-1080,Receiver,ASR-046,ASR-046,Relay
SX-1080,Receiver,ATB-505,ATB-505,Bar antenna
SX-1080,Receiver,ATT-448,ATT-448,Power transformer
SX-1080,Receiver,AWE-092,AWE-092,Tuner assembly
SX-1080,Receiver,AWG-056,AWG-056,Tone control assembly
SX-1080,Receiver,AWH-071,AWH-071,Power amplifier assembly
SX-1080,Receiver,AWM-120,AWM-120,Protection and surge killer assembly
SX-1080,Receiver,AWR-152,AWR-152,Power supply assernbly
SX-1080,Receiver,AWT-001,AWT-001,Filter assembly
SX-1080,Receiver,AWX-125,AWX-125,Power transistor connector assembly
SX-1080,Receiver,AXA-180,AXA-180,Dial shaft assembly
SX-1080,Receiver,AXB-012,AXB-012,Bar antenna holder
SX-1080,Receiver,CEA  010P 80,CEA  010P 80,Electrolytic  1  80V
SX-1080,Receiver,CKDBC 104Z 25,CKDBC 104Z 25,Ceramic  0.1  25V
SX-1080,Receiver,CKDBC 104Z 25,CKDBC 104Z 25,Ceramic  0.1  25V
SX-1080,Receiver,CKDBC 104Z 25,CKDBC 104Z 25,Ceramic  0.1  25V
SX-1080,Receiver,CKDBC 104Z 25,CKDBC 104Z 25,Ceramic  0.1  25V
SX-1080,Receiver,GWG-112,GWG-112,Flat amplifier assembly
SX-1080,Receiver,GWS-124,GWS-124,Speaker switch assembly
SX-1080,Receiver,GWS-125,GWS-125,Function and equalizer assembly
SX-1080,Receiver,GWS-126,GWS-126,Input terminal assembly
SX-1080,Receiver,GWS-127,GWS-127,Input terminal essembly
SX-1080,Receiver,GWS-128,GWS-128,Speaker terminal assembly
SX-1080,Receiver,RD½PS 225J,RD½PS 225J,Carbon film 2.2M ½W
SX-1080,Receiver,RS 2P 122J,RS 2P 122J,Metal dxide 1.2k 2W
SX-1080,Receiver,RS 2P 122J,RS 2P 122J,Metal oxide 1.2k 2W
SX-1080,Receiver,T22-025,T22-025,Balun transformer
SX-1080,Receiver,T24-030,T24-030,Ferry inductor
SX-1250,Receiver,2SB600-R,2SB600,Transistor
SX-1250,Receiver,2SB600-R,2SB600,Transistor
SX-1250,Receiver,2SB600-R,2SB600,Transistor
SX-1250,Receiver,2SB600-R,2SB600,Transistor
SX-1250,Receiver,2SD555-R,2SD555,Transistor
SX-1250,Receiver,2SD555-R,2SD555,Transistor
SX-1250,Receiver,2SD555-R,2SD555,Transistor
SX-1250,Receiver,2SD555-R,2SD555,Transistor
SX-1250,Receiver,AAA-034,AAA-034,Knob (TUNING)
SX-1250,Receiver,AAB-100,AAB-100,Knob (BALANCE)
SX-1250,Receiver,AAB-100,AAB-100,"Knob (BASS 50Hz, 100Hz)"
SX-1250,Receiver,AAB-100,AAB-100,"Knob (TREBLE 10kHz, 20kHz)"
SX-1250,Receiver,AAB-104,AAB-104,Knob (VOLUME)
SX-1250,Receiver,AAD-113,AAD-113,"Knob (MUTING, LOUDNESS, MODE)"
SX-1250,Receiver,AAD-113,AAD-113,"Knob (POWER, TONE, ADAPTOR)"
SX-1250,Receiver,AAD-113,AAD-113,"Knob (TAPE DUPLICATE, MONITOR)"
SX-1250,Receiver,AAD-114,AAD-114,"Knob (AM FM PHONO 1 PHONO 2/MIC,AUX)"
SX-1250,Receiver,AAD-114,AAD-114,"Knob (FILTER 30HZ, 8kHz)"
SX-1250,Receiver,AAD-114,AAD-114,"Knob (FM MULTIPATH, MUTING)"
SX-1250,Receiver,AAD-114,AAD-114,"Knob (SPEAKERS A, B, C)"
SX-1250,Receiver,AAF-051,AAF-051,Dial pointer
SX-1250,Receiver,AAG-106,AAG-106,Dial scale board
SX-1250,Receiver,AAW-040,AAW-040,Double meter (SIGNAL/TUNING)
SX-1250,Receiver,ABN-024,ABN-024,Washer faced nut
SX-1250,Receiver,ACG-001,ACG-001,Ceramic 0.01 250V (HG/S)
SX-1250,Receiver,ACG-003,ACG-003,Ceramic 0.01 150V  DC 1.4kV (KCU)
SX-1250,Receiver,ACG-003,ACG-003,Ceramic 0.01 150V  DC 1.4kV (KCU)
SX-1250,Receiver,ACG-003,ACG-003,"Ceramic, 0.01 uf, 150V(DC1.4kV)"
SX-1250,Receiver,ACG-003,ACG-003,"Ceramic, 0.01 uf, 150V(DC1.4kV)"
SX-1250,Receiver,ACH-056,ACH-056,"Electrolytic, 22000 uf, 80V"
SX-1250,Receiver,ACH-056,ACH-056,"Electrolytic, 22000 uf, 80V"
SX-1250,Receiver,ACH-056,ACH-056,"Electrolytic, 22000 uf, 80V"
SX-1250,Receiver,ACH-056,ACH-056,"Electrolytic, 22000 uf, 80V"
SX-1250,Receiver,ACV-163,ACV-163,Variable (100k-HB BALANCE)
SX-1250,Receiver,ACV-165,ACV-165,"Variable resistor (102k, 5-step, BASS 50Hz)"
SX-1250,Receiver,ACV-166,ACV-166,"Variable resistor (102.6k, 11-step, BASS 100Hz)"
SX-1250,Receiver,ACV-167,ACV-167,"Variable resistor (99k,11-step,TREBLE 10kHz)"
SX-1250,Receiver,ACV-168,ACV-168,"Variable resistor (102k, 5-step, TREBLE 20kHz)"
SX-1250,Receiver,ACV-169,ACV-169,Variable (50k-B2 VOLUME)
SX-1250,Receiver,ADG-013,ADG-013,AC powercord (KCU)
SX-1250,Receiver,ADG-015,ADG-015,AC powercord (S)
SX-1250,Receiver,AEK-104,AEK-104,1.5A Lamp circuits (KCU)
SX-1250,Receiver,AEK-104,AEK-104,1.5A Lamp circuits (S)
SX-1250,Receiver,AEK-104,AEK-104,Fuse 1.5A
SX-1250,Receiver,AEK-106,AEK-106,1A Fuse Secondary (KCU)
SX-1250,Receiver,AEK-106,AEK-106,1A Fuse Secondary (S)
SX-1250,Receiver,AEK-106,AEK-106,Fuse 1A
SX-1250,Receiver,AEK-106,AEK-106,Fuse 1A
SX-1250,Receiver,AEK-106,AEK-106,Fuse 1A
SX-1250,Receiver,AEK-106,AEK-106,Fuse 1A
SX-1250,Receiver,AEK-109,AEK-109,6A Primary voltage : 220V/240V (S)
SX-1250,Receiver,AEK-301,AEK-301,12A Primary voltage : 110V/120V (KCU)
SX-1250,Receiver,AEK-301,AEK-301,12A Primary voltage : 110V/120V (S)
SX-1250,Receiver,AEK-301,AEK-301,Fuse 12A (primary)
SX-1250,Receiver,AEK-402,AEK-402,1A Fuse Secondary (HG)
SX-1250,Receiver,AEK-404,AEK-404,6.3A Primary voltage : 220V/240V (HG)
SX-1250,Receiver,AEK-405,AEK-405,1.6A Lamp circuits (HG)
SX-1250,Receiver,AEL-056,AEL-056,"Lamp assembly (8V, 0.3A)"
SX-1250,Receiver,AEL-056,AEL-056,"Lamp assembly (8V, 0.3A)"
SX-1250,Receiver,AEL-056,AEL-056,"Lamp assembly (8V, 0.3Al"
SX-1250,Receiver,AEL-056,AEL-056,"Lamp assembly (8V, 0.3A]"
SX-1250,Receiver,AEL-069,AEL-069,"Lamp with leads (8V, 50mA, STEREO)"
SX-1250,Receiver,AEL-072,AEL-072,"Lamp with leads (8V, 50mA, PH-2)"
SX-1250,Receiver,AEL-072,AEL-072,"Lamp with leads (8V, 50mA, SP-B)"
SX-1250,Receiver,AEL-073,AEL-073,"Lamp with leads (8V, 50mA, AUX)"
SX-1250,Receiver,AEL-073,AEL-073,"Lamp with leads (8V, 50mA, SP-C)"
SX-1250,Receiver,AEL-074,AEL-074,"Lamp with leads (8V, 50mA, PH-1)"
SX-1250,Receiver,AEL-074,AEL-074,"Lamp with leads (8V, 50mA, SP-A)"
SX-1250,Receiver,AEL-075,AEL-075,"Lamp with leads (8V, 50mA, FM)"
SX-1250,Receiver,AEL-076,AEL-076,"Lamp with leads (8V, 50mA, AM)"
SX-1250,Receiver,AKA-004,AKA-004,Terminal (ANTENNA)
SX-1250,Receiver,AKB-019,AKB-019,Terminal (FM DET OUT)
SX-1250,Receiver,AKB-030,AKB-030,Terminal (ADAPTOR)
SX-1250,Receiver,AKB-030,AKB-030,Terminal (PRE/POWER AMP)
SX-1250,Receiver,AKB-030,AKB-030,Terminal (TAPE 1)
SX-1250,Receiver,AKB-030,AKB-030,Terminal (TAPE 2)
SX-1250,Receiver,AKB-033,AKB-033,Terminal (INPUT)
SX-1250,Receiver,AKE-012,AKE-012,Terminal (GND)
SX-1250,Receiver,AKE-014,AKE-014,Terminal (SPEAKERS)
SX-1250,Receiver,AKN-010,AKN-010,Phone Jack (PHONES)
SX-1250,Receiver,AKN-013,AKN-013,Phone jack (MIC)
SX-1250,Receiver,AKP-005,AKP-005,AC socket (OUTLET) (KCU/S)
SX-1250,Receiver,AKP-007,AKP-007,Connector socket SP (REC/PLAY)
SX-1250,Receiver,AKP-008,AKP-008,AC socket (INLET) (HG)
SX-1250,Receiver,AKR-031,AKR-031,Plug in selector (S) Line voltage selector 4-position with fuse holder
SX-1250,Receiver,AKX-037,AKX-037,Plug in selector (HG) Line voltage selector 2-position
SX-1250,Receiver,AMM-049,AMM-049,Cabinet
SX-1250,Receiver,ANB-386,ANB-386,Front panel assembly
SX-1250,Receiver,ARB-164,ARB-164,Operating instructions-English SX-1250 (KCU)
SX-1250,Receiver,ARB-168,ARB-168,Operating instructions-English SX-1250 (S)
SX-1250,Receiver,ARB-171,ARB-171,Operating instructions-English SX-1250 (HG)
SX-1250,Receiver,ARD-089,ARD-089,Operating instructions-German/French SX-1250 (HG)
SX-1250,Receiver,ASG-094,ASG-094,Push switch (SPEAKERS)
SX-1250,Receiver,ASG-095,ASG-095,Push switch (FUNCTION)
SX-1250,Receiver,ASG-098,ASG-098,"Push switch (LOW FILTER, HIGH FILTER, MULTIPATH, FM MUTING)"
SX-1250,Receiver,ASH-015-0,ASH-015,Slide switch (DE-EMPHASIS)
SX-1250,Receiver,ASK-080,ASK-080,Lever switch POWER (KCU)
SX-1250,Receiver,ASK-084,ASK-084,Lever switch (DUPLICATE)
SX-1250,Receiver,ASK-090,ASK-090,Lever switch (LOUDNESS)
SX-1250,Receiver,ASK-090,ASK-090,Lever switch (MODE)
SX-1250,Receiver,ASK-090,ASK-090,Lever switch (MUTING)
SX-1250,Receiver,ASK-092,ASK-092,Lever switch (ADAPTOR)
SX-1250,Receiver,ASK-092,ASK-092,Lever switch (MONITOR 1)
SX-1250,Receiver,ASK-092,ASK-092,Lever switch (MONITOR 2)
SX-1250,Receiver,ASK-099,ASK-099,Lever switch POWER (S)
SX-1250,Receiver,ASK-105,ASK-105,Lever switch POWER (HG)
SX-1250,Receiver,ASR-010,ASR-010,Relay
SX-1250,Receiver,ASR-015,ASR-015,Relay
SX-1250,Receiver,ATB-051,ATB-051,Ferrite bar-antenna
SX-1250,Receiver,ATT-267,ATT-267,Power Transformer (KCU)
SX-1250,Receiver,ATT-291,ATT-291,Power Transformer (S)
SX-1250,Receiver,ATT-295,ATT-295,Power Transformer (HG)
SX-1250,Receiver,AWB-023,AWB-023,FM Front End
SX-1250,Receiver,AWE-068,AWE-068,TUNER ASSEMBLY
SX-1250,Receiver,AWF-021,AWF-021,EQUALIZER AMPLIFIER ASSEMBLY
SX-1250,Receiver,AWG-041,AWG-041,CONTROL AMPLIFIER ASSEMBLY
SX-1250,Receiver,AWG-042,AWG-042,FLAT AMPLIFIER ASSEMBLY
SX-1250,Receiver,AWH-048,AWH-048,POWER AMPLIFIER ASSEMBLY
SX-1250,Receiver,AWM-089,AWM-089,FILTER AMPLIFIER ASSEMBLY
SX-1250,Receiver,AWM-091,AWM-091,PROTECTION CIRCUIT ASSEMBLY
SX-1250,Receiver,AWR-106,AWR-106,STABILIZER ASSEMBLY
SX-1250,Receiver,AWR-107,AWR-107,Power supply assembly (KCU/S)
SX-1250,Receiver,AWR-108,AWR-108,Power supply assembly (HG)
SX-1250,Receiver,AWS-094,AWS-094,FUNCTION SWITCH ASSEMBLY
SX-1250,Receiver,AWS-095,AWS-095,Speakers switch assembly (KCU/S)
SX-1250,Receiver,AWS-098,AWS-098,Speakers switch assembly (HG)
SX-1250,Receiver,AWX-062,AWX-062,SP CONNECTOR ASSEMBLY
SX-1250,Receiver,AWX-097,AWX-097,MICROPHONE JACK ASSEMBLY
SX-1250,Receiver,AWX-099,AWX-099,De-emphasis switch assembly 2-position (25us/75us) (KCU)
SX-1250,Receiver,AWX-101,AWX-101,De-emphasis switch assembly 3-position (25us/50us/75us) (S)
SX-1250,Receiver,CCDSL560K50,CCDSL560K50,Ceramic 56p 50V (HG)
SX-1250,Receiver,CEA 101P 6,CEA 101P 6,"Electrolytic, 100 uf, 6V"
SX-1250,Receiver,CKDY F 103Z 50,CKDY F 103Z 50,"Ceramic, 0.01 uf, 50V"
SX-1250,Receiver,CKDY F 103Z 50,CKDY F 103Z 50,"Ceramic, 0.01 uf, 50V"
SX-1250,Receiver,CKDY F 103Z 50,CKDY F 103Z 50,"Ceramic, 0.01 uf, 50V"
SX-1250,Receiver,CKDY F 103Z 50,CKDY F 103Z 50,"Ceramic, 0.01 uf, 50V"
SX-1250,Receiver,CKDY F 103Z 50,CKDY F 103Z 50,"Ceramic, 0.01 uf, 50V"
SX-1250,Receiver,CKDY F 103Z 50,CKDY F 103Z 50,"Ceramic, 0.01 uf, 50V"
SX-1250,Receiver,CKDY F 103Z 50,CKDY F 103Z 50,"Ceramic, 0.01 uf, 50V"
SX-1250,Receiver,CQMA 104K 200,CQMA 104K 200,"Mylar, 0.1 uf, 200V"
SX-1250,Receiver,CQMA 104K 200,CQMA 104K 200,"Mylar, 0.1 uf, 200V"
SX-1250,Receiver,CQSA511J50,CQSA511J50,Polystyrene 510p 50v (HG)
SX-1250,Receiver,CQSA511J50,CQSA511J50,Polystyrene 510p 50v (HG)
SX-1250,Receiver,RD½PS 225J,RD½PS 225J,"Carbon film, 2.2M, ½W"
SX-1250,Receiver,T22-025,T22-025,Ferrite balun
SX-1250,Receiver,W72-092,W72-092,Bar antenna holder
SX-1280,Receiver,"258706-R, S or Q","258706-R, S or Q",Transistor
SX-1280,Receiver,"2SB706-R, S or Q","2SB706-R, S or Q",Transistor
SX-1280,Receiver,"2SB706-R, S or Q","2SB706-R, S or Q",Transistor
SX-1280,Receiver,"2SB706-R, S or Q","2SB706-R, S or Q",Transistor
SX-1280,Receiver,"2SD746-R, S or Q","2SD746-R, S or Q",Transistor
SX-1280,Receiver,"2SD746-R, S or Q","2SD746-R, S or Q",Transistor
SX-1280,Receiver,"2SD746-R, S or Q","2SD746-R, S or Q",Transistor
SX-1280,Receiver,"2SD746-R, S or Q","2SD746-R, S or Q",Transistor
SX-1280,Receiver,AAA-047,AAA-047,Knob (TUNING)
SX-1280,Receiver,AAB-174,AAB-174,Knob (VOLUME)
SX-1280,Receiver,AAB-175,AAB-175,Knob (BASS)
SX-1280,Receiver,AAB-175,AAB-175,Knob (TREBLE)
SX-1280,Receiver,AAB-176,AAB-176,"Knob (BALANCE, PHONO1,CARTRIDGE LOAD)"
SX-1280,Receiver,AAD-138,AAD-138,Knob (MUTING)
SX-1280,Receiver,AAD-138,AAD-138,"Knob (TAPE, ADAPTOR, MODE,LOUDNESS)"
SX-1280,Receiver,AAD-138,AAD-138,Knob (TONE)
SX-1280,Receiver,AAD-139,AAD-139,Lever knob assembly (POWER)
SX-1280,Receiver,AAD-140,AAD-140,Knob (FILTER)
SX-1280,Receiver,AAD-140,AAD-140,Knob (FM)
SX-1280,Receiver,AAD-140,AAD-140,"Knob (FM, AM, AUX, PHONO 2/MIC,PHONO 1)"
SX-1280,Receiver,AAD-140,AAD-140,Knob (SPEAKERS)
SX-1280,Receiver,AAF-065,AAF-065,Dial ponter assembly
SX-1280,Receiver,AAG-148,AAG-148,Dial panel
SX-1280,Receiver,AAW-075,AAW-075,Double meter
SX-1280,Receiver,AAW-080,AAW-080,Power meter
SX-1280,Receiver,ACG-003,ACG-003,Ceramic (For KU type)  0.01  125V
SX-1280,Receiver,ACG-014,ACG-014,Ceramic (For KC type)  0.01  125V
SX-1280,Receiver,ACH-089,ACH-089,Electrolytic  15000  100V
SX-1280,Receiver,ACH-089,ACH-089,Electrolytic  15000  100V
SX-1280,Receiver,ACH-089,ACH-089,Electrolytic  15000  100V
SX-1280,Receiver,ACH-089,ACH-089,Electrolytic  15000  100V
SX-1280,Receiver,ACK-022,ACK-022,Tuning Capacitor
SX-1280,Receiver,ACV-190,ACV-190,Variable resistor (BALANCE)
SX-1280,Receiver,ACW-101 (ACV-165),ACW-101 (ACV-165),Variable resistor (BASS 50Hz)
SX-1280,Receiver,ACW-102 (ACV-166),ACW-102 (ACV-166),Variable resistor (BASS 100Hz)
SX-1280,Receiver,ACW-103 (ACV-167),ACW-103 (ACV-167),Variable resistor (TREBLE 10kHz)
SX-1280,Receiver,ACW-104 (ACV-168),ACW-104 (ACV-168),Variable resistor (TREBLE 20kHz)
SX-1280,Receiver,ACW-116 (ACV-162),ACW-116 (ACV-162),Variable resistor (VOLUME)
SX-1280,Receiver,ADG-013,ADG-013,AC power cord (KU/S)
SX-1280,Receiver,ADG-015,ADG-015,AC power cord (SG)
SX-1280,Receiver,AEK-103,AEK-103,Fuse  2A
SX-1280,Receiver,AEK-106,AEK-106,Fuse  1A
SX-1280,Receiver,AEK-106,AEK-106,Fuse  1A
SX-1280,Receiver,AEK-301,AEK-301,Fuse 12A
SX-1280,Receiver,AEL-029,AEL-029,Lamp (wedge type)  0.3A
SX-1280,Receiver,AEL-029,AEL-029,Lamp (wedge type)  0.3A
SX-1280,Receiver,AEL-029,AEL-029,Lamp (wedge type)  0.3A
SX-1280,Receiver,AEL-029,AEL-029,Lamp (wedge type)  0.3A
SX-1280,Receiver,AEL-067,AEL-067,Lamp with wires  50mA
SX-1280,Receiver,AEL-067,AEL-067,Lamp with wires  50mA
SX-1280,Receiver,AEL-067,AEL-067,Lamp with wires  50mA
SX-1280,Receiver,AEL-069,AEL-069,Lamp with wires  50mA
SX-1280,Receiver,AEL-069,AEL-069,Lamp with wires  50mA
SX-1280,Receiver,AEL-072,AEL-072,Lamp with wires  50mA
SX-1280,Receiver,AKA-004,AKA-004,Terminal (ANTENNA)
SX-1280,Receiver,AKB-035,AKB-035,Terminal (ADAPTOR)
SX-1280,Receiver,AKB-035,AKB-035,Terminal (PREOUT/POWER IN)
SX-1280,Receiver,AKB-035,AKB-035,Terminal (TAPE 1)
SX-1280,Receiver,AKB-035,AKB-035,Terminal (TAPE 2)
SX-1280,Receiver,AKB-038,AKB-038,Terminal (INPUT)
SX-1280,Receiver,AKE-031,AKE-031,Terminal (GND)
SX-1280,Receiver,AKE-038,AKE-038,Terminal (SPEAKERS)
SX-1280,Receiver,AKK-005,AKK-005,Lamp socket
SX-1280,Receiver,AKN-010,AKN-010,Phone jack (PHONES)
SX-1280,Receiver,AKN-012,AKN-012,Phone jack (MIC)
SX-1280,Receiver,AKP-005,AKP-005,AC socket
SX-1280,Receiver,AKP-005,AKP-005,AC socket (KU)
SX-1280,Receiver,AKP-020,AKP-020,AC socket (S/SG)
SX-1280,Receiver,AKR-031,AKR-031,Plug in selector (line voltage selector-S/SG)
SX-1280,Receiver,AMM-067,AMM-067,Wooden Bonnet
SX-1280,Receiver,ANB-554,ANB-554,Front panel assembly
SX-1280,Receiver,ASE-001,ASE-001,Rotary switch (CARTRIDGE LOAD)
SX-1280,Receiver,ASG-126,ASG-126,Push switch (FUNCTION)
SX-1280,Receiver,ASG-127,ASG-127,"Push switch (LOW FlLTER,HIGH FILTER, MULTIPATH,DE-EMPHASIS, FM MUTING)"
SX-1280,Receiver,ASG-132,ASG-132,Push switch (SPEAKERS)
SX-1280,Receiver,ASH-016,ASH-016,Slide switch (DE-EMPHASIS S/SG)
SX-1280,Receiver,ASK-080,ASK-080,Power switch (POWER)
SX-1280,Receiver,ASK-144,ASK-144,"Lever switch (LOUDNESS, MODE)"
SX-1280,Receiver,ASK-144,ASK-144,Lever switch (TONE)
SX-1280,Receiver,ASK-145,ASK-145,"Lever switch (ADAPTOR, MONITOR)"
SX-1280,Receiver,ASK-146,ASK-146,Lever switch (DUPLICATE)
SX-1280,Receiver,ATB-505,ATB-505,Bar antenna assembly
SX-1280,Receiver,ATT-447,ATT-447,Power transformer (For KU type)
SX-1280,Receiver,ATT-460,ATT-460,Power transformer (For KC type)
SX-1280,Receiver,ATT-474,ATT-474,Power transformer (S)
SX-1280,Receiver,ATT-475,ATT-475,Power transformer (SG)
SX-1280,Receiver,AWE-092,AWE-092,Tuner assembly
SX-1280,Receiver,AWF-031,AWF-031,EQ amplifier assembly
SX-1280,Receiver,AWG-059,AWG-059,Tone amplifier assembly
SX-1280,Receiver,AWG-060,AWG-060,Flat amplifier assembly
SX-1280,Receiver,AWH-074,AWH-074,Power amplifier assembly
SX-1280,Receiver,AWM-119,AWM-119,Filter amplifier assembly
SX-1280,Receiver,AWM-121,AWM-121,Meter amplifier assembly
SX-1280,Receiver,AWM-123,AWM-123,Protection circuit assembly
SX-1280,Receiver,AWR-157,AWR-157,Power supply assembly
SX-1280,Receiver,AWX-062,AWX-062,5P connector assembly (S/SG)
SX-1280,Receiver,AWX-126,AWX-126,Fuse assembly (For KU type)
SX-1280,Receiver,AWX-127,AWX-127,Resistor assembly
SX-1280,Receiver,AWX-134,AWX-134,Fuse assembly (S/SG)
SX-1280,Receiver,AWX-139,AWX-139,Fuse assembly (For KC type)
SX-1280,Receiver,AXA-188,AXA-188,Tuning shaft assembly
SX-1280,Receiver,CKDYF 402Z 50,CKDYF 402Z 50,Ceramic  0.04  50V
SX-1280,Receiver,CKDYF 402Z 50,CKDYF 402Z 50,Ceramic  0.04  50V
SX-1280,Receiver,CKDYF 402Z 50,CKDYF 402Z 50,Ceramic  0.04  50V
SX-1280,Receiver,CKDYF 402Z 50,CKDYF 402Z 50,Ceramic  0.04  50V
SX-1280,Receiver,CKDYF 402Z 50,CKDYF 402Z 50,Ceramic  0.04  50V
SX-1280,Receiver,CKDYF 402Z 50,CKDYF 402Z 50,Ceramic  0.04  50V
SX-1280,Receiver,CKDYF 402Z 50,CKDYF 402Z 50,Ceramic  0.04  50V
SX-1280,Receiver,CKDYF 402Z 50,CKDYF 402Z 50,Ceramic  0.04  50V
SX-1280,Receiver,GWM-105,GWM-105,Microphone jack assembly
SX-1280,Receiver,GWS-133,GWS-133,Function switch assembly
SX-1280,Receiver,GWS-134,GWS-134,Cartridge load assembly
SX-1280,Receiver,RD½PS 225J,RD½PS 225J,Carbon film resistor 2.2M
SX-1280,Receiver,T22-025,T22-025,Balun
SX-1280,Receiver,T24-030,T24-030,Choke coil
SX-1500T,Receiver,A12-095-A,A12-095,"Knob, Tuning"
SX-1500T,Receiver,A12-098-A,A12-098,"Knob, Selector"
SX-1500T,Receiver,A12-100-A,A12-100,"Knob, Volume, Mode, Balance, Output Selector"
SX-1500T,Receiver,A12-103-B,A12-103,"Knob, Bass, Treble (L)"
SX-1500T,Receiver,A13-011-A,A13-011,"Knob, Bass, Treble (R)"
SX-1500T,Receiver,A31-080-A,A31-080,Diat Pointer
SX-1500T,Receiver,A33-050-A,A33-050,Dial Scale
SX-1500T,Receiver,A59-030-0,A59-030,Bracket
SX-1500T,Receiver,A91-007-0,A91-007,Tuning Meter
SX-1500T,Receiver,B11-021-A,B11-021,"Screw, to fix metal case"
SX-1500T,Receiver,C45-004-B,C45-004,Cylinder trimmer
SX-1500T,Receiver,C64-036-0,C64-036,4 gang air variable capacitor
SX-1500T,Receiver,C82-038-0,C82-038,250K dual Volume
SX-1500T,Receiver,C85-052-0,C85-052,50K dual Balance
SX-1500T,Receiver,C87-018-0,C87-018,100K dual Bass
SX-1500T,Receiver,C87-018-0,C87-018,100K dual Treble
SX-1500T,Receiver,C92-022-0,C92-022,1kΩ Left and Right Level Adjust
SX-1500T,Receiver,C92-026-0,C92-026,300Ω Auto Level Adjust
SX-1500T,Receiver,C92-028-0,C92-028,10K MPX Separation Control
SX-1500T,Receiver,C92-037-0,C92-037,300Ω Current Control
SX-1500T,Receiver,C92-037-0,C92-037,300Ω Current Control
SX-1500T,Receiver,E21-006-0,E21-006,3A Fuse
SX-1500T,Receiver,E21-012-0,E21-012,1.5A Fuse
SX-1500T,Receiver,E22-006-0,E22-006,Pilot Lamp 6.3V 150mA
SX-1500T,Receiver,E22-011-A,E22-011,Pilot lamp for FM stereo
SX-1500T,Receiver,E22-013-0,E22-013,Pilot Lamp 6.3V 250mA
SX-1500T,Receiver,E31-066-A,E31-066,Diat Spring
SX-1500T,Receiver,K31-018-0,K31-018,Power Transistor Socket
SX-1500T,Receiver,K42-003-0,K42-003,Pilot lamp socket
SX-1500T,Receiver,K72-006-A,K72-006,Head phone jack
SX-1500T,Receiver,K73-003-A,K73-003,Concent for Speaker
SX-1500T,Receiver,K82-007-B,K82-007,A. C. concent
SX-1500T,Receiver,K93-003-B,K93-003,Connector 5p for Tape Recorder
SX-1500T,Receiver,K96-006-C,K96-006,Fuse holder
SX-1500T,Receiver,M21-219-0,M21-219,Front panel
SX-1500T,Receiver,M21-228-A,M21-228,Front Panel (F)
SX-1500T,Receiver,M33-105-D,M33-105,Metal case
SX-1500T,Receiver,M42-009-A,M42-009,Dial Puily
SX-1500T,Receiver,M42-027-0,M42-027,Dial Pully (for tuning capacitor)
SX-1500T,Receiver,M61-003-0,M61-003,Foot
SX-1500T,Receiver,M64-076-D,M64-076,Side Board (Right)
SX-1500T,Receiver,M64-077-D,M64-077,Side Board (Left)
SX-1500T,Receiver,R12-006-D,R12-006,Service manual SX-1500T
SX-1500T,Receiver,S11-018-0,S11-018,LINE VOLTAGE SELECTOR (F)
SX-1500T,Receiver,S11-019-0,S11-019,Output Selector
SX-1500T,Receiver,S11-020-0,S11-020,Output Selector (F)
SX-1500T,Receiver,S16-037-C,S16-037,Input Selector
SX-1500T,Receiver,S16-038-B,S16-038,Mode Selector
SX-1500T,Receiver,S42-001-C,S42-001,"Toggle Switch (LOUDNESS, Low Filter, High Filter, Muting, AFC, PHONO)"
SX-1500T,Receiver,T24-030-0,T24-030,Choke coil (100uH)
SX-1500T,Receiver,T42-014-A,T42-014,AM Ferrite loopstick Antenna coil
SX-1500T,Receiver,T42-025-A,T42-025,Heater choke coil
SX-1500T,Receiver,T42-025-A,T42-025,Heater choke coil
SX-1500T,Receiver,T52-114-0,T52-114,Power transformer
SX-1500T,Receiver,T52-115-0,T52-115,Power transformer (F)
SX-1500T,Receiver,W11-028-0,W11-028,FM Front end
SX-1500T,Receiver,W12-020-0,W12-020,FM IF unit
SX-1500T,Receiver,W13-021-D,W13-021,MPX unit
SX-1500T,Receiver,W14-004-C,W14-004,AM Tuner unit
SX-1500T,Receiver,W15-089-0,W15-089,Pre amp unit
SX-1500T,Receiver,W15-090-0,W15-090,Control amp unit
SX-1500T,Receiver,W15-091-0,W15-091,Main amp unit
SX-1500T,Receiver,W16-010-0,W16-010,Power Supply unit
SX-1500T,Receiver,W52-004-0,W52-004,TAPE REC Terminal
SX-1500TD,Receiver,A12-163-0,A12-163,Knob. Selector
SX-1500TD,Receiver,A12-165-0,A12-165,Knob. Tuning
SX-1500TD,Receiver,A12-168-B,A12-168,"Knob. Bass(L), Treble(L), Volume"
SX-1500TD,Receiver,A13-016-C,A13-016,"Knob. Bass(R), Treble(R), Balance"
SX-1500TD,Receiver,A19-079-0,A19-079,Knob for Push Switch
SX-1500TD,Receiver,A31-090-A,A31-090,Dial Pointer
SX-1500TD,Receiver,A33-084-A,A33-084,Dial Glass
SX-1500TD,Receiver,A91-008-D,A91-008,Tuning Meter (Upper)
SX-1500TD,Receiver,A91-009-D,A91-009,Tuning Meter (Lower)
SX-1500TD,Receiver,AWB-001,AWB-001,FM FRONT END (FVZW)
SX-1500TD,Receiver,B11-012-A,B11-012,Screw for GND Terminal
SX-1500TD,Receiver,B11-015-0,B11-015,"Screw, to fix Wooden Case"
SX-1500TD,Receiver,C52-071-0,C52-071,Electrolytic 2200uf  80V
SX-1500TD,Receiver,C64-036-B,C64-036,Variable Capacitor for FM tuner unit 4-gang
SX-1500TD,Receiver,C81-013-0,C81-013,30kΩ MIC LEVEL
SX-1500TD,Receiver,C88-009-0,C88-009,500kΩ dual. VOLUME. BALANCE
SX-1500TD,Receiver,E21-006-0,E21-006,Fuse 3A
SX-1500TD,Receiver,E21-012-0,E21-012,Fuse 1.5A
SX-1500TD,Receiver,E22-002-0,E22-002,"Pilot Lamp 8V, 0.15A"
SX-1500TD,Receiver,E22-017-0,E22-017,Pilot Lamp 8V. 0.3A
SX-1500TD,Receiver,E22-021-0,E22-021,Pilot Lamp 8V. 0.25A
SX-1500TD,Receiver,K42-003-A,K42-003,Pilot Lamp Socket
SX-1500TD,Receiver,K71-028-0,K71-028,Short Pin Plug
SX-1500TD,Receiver,K72-007-8,K72-007,Plug for Speaker
SX-1500TD,Receiver,K72-015-0,K72-015,Pin Plug
SX-1500TD,Receiver,K72-020-0,K72-020,Jack for Headphone
SX-1500TD,Receiver,K72-021-B,K72-021,Jack for Microphone
SX-1500TD,Receiver,K73-003-B,K73-003,Jack tor Speaker
SX-1500TD,Receiver,K82-007-B,K82-007,Socket for AC OUTLET
SX-1500TD,Receiver,K91-005-A,K91-005,Fuse Holder
SX-1500TD,Receiver,K93-003-B,K93-003,Connector 5P
SX-1500TD,Receiver,M16-043-0,M16-043,Joint
SX-1500TD,Receiver,M21-334-J,M21-334,Front Panel Ass'y
SX-1500TD,Receiver,M21-335-F,M21-335,Front Panel
SX-1500TD,Receiver,M24-624-B,M24-624,Dial Pulley
SX-1500TD,Receiver,M42-009-A,M42-009,Dial Pulley
SX-1500TD,Receiver,M42-027-A,M42-027,"Dial Pulley, for Tuning Capacitor"
SX-1500TD,Receiver,M52-119-C,M52-119,Wooden case
SX-1500TD,Receiver,M61-017-0,M61-017,Foot
SX-1500TD,Receiver,R12-054-C,R12-054,Service manual  SX-1500TD
SX-1500TD,Receiver,S11-018-0,S11-018,LINE VOLTAGE Selector
SX-1500TD,Receiver,S11-029A,S11-029A,SPEAKERS Switch
SX-1500TD,Receiver,S13-029-0,S13-029,SELECTOR Switch
SX-1500TD,Receiver,S14-035-0,S14-035,MODE Switch
SX-1500TD,Receiver,S31-023-0,S31-023,FM MUTlNG Switch
SX-1500TD,Receiver,S31-023-0,S31-023,HIGH CUT RLTER Switch
SX-1500TD,Receiver,S31-023-0,S31-023,LOUDNESS Switch
SX-1500TD,Receiver,S31-023-0,S31-023,LOW CUT FlLTER Switch
SX-1500TD,Receiver,S31-023-0,S31-023,TAPE MONITOR Switch
SX-1500TD,Receiver,S41-022-A,S41-022,PRE & MAIN Switch
SX-1500TD,Receiver,T24-026-0,T24-026,Heater Choke Coil
SX-1500TD,Receiver,T24-030-0,T24-030,Choke Coil
SX-1500TD,Receiver,T42-024-A,T42-024,AM Ferrite Loopstick Antenna
SX-1500TD,Receiver,T52-176-0,T52-176,Power Transformer
SX-1500TD,Receiver,W11-028-C,W11-028,FM Front End
SX-1500TD,Receiver,W12-025-A,W12-025,FM lF Unit
SX-1500TD,Receiver,W12-032,W12-032,FM IF UNIT
SX-1500TD,Receiver,W13-024-A,W13-024,FM MPX Unit
SX-1500TD,Receiver,W13-026,W13-026,MPX UNIT
SX-1500TD,Receiver,W14-008-0,W14-008,AM Tuner Unit
SX-1500TD,Receiver,W15-079-0,W15-079,Control Amp Unit
SX-1500TD,Receiver,W15-080-0,W15-080,Control Unit
SX-1500TD,Receiver,W15-081-0,W15-081,Push Switch Unit
SX-1500TD,Receiver,W15-082-A,W15-082,Push Switch Unit
SX-1500TD,Receiver,W15-106-0,W15-106,MIC Amp Unit
SX-1500TD,Receiver,W16-026-A,W16-026,Power Supply Unit
SX-1500TD,Receiver,W18-012-0,W18-012,Indicator Unit
SX-1500TD,Receiver,W18-026-0,W18-026,Muting Unit
SX-1500TD,Receiver,W21-001-0,W21-001,Head Amp Unit
SX-1500TD,Receiver,W23-002-0,W23-002,Main Amp Unit
SX-1980,Receiver,"2SB706A-R,S or Q","2SB706A-R,S or Q",Transistor
SX-1980,Receiver,"2SB706A-R,S or Q","2SB706A-R,S or Q",Transistor
SX-1980,Receiver,"2SB706A-R,S or Q","2SB706A-R,S or Q",Transistor
SX-1980,Receiver,"2SB706A-R,S or Q","2SB706A-R,S or Q",Transistor
SX-1980,Receiver,"2SB706A-R,S or Q","2SB706A-R,S or Q",Transistor
SX-1980,Receiver,"2SB706A-R,S or Q","2SB706A-R,S or Q",Transistor
SX-1980,Receiver,"2SD746A-R,S or Q","2SD746A-R,S or Q",Transisior
SX-1980,Receiver,"2SD746A-R,S or Q","2SD746A-R,S or Q",Transistor
SX-1980,Receiver,"2SD746A-R,S or Q","2SD746A-R,S or Q",Transistor
SX-1980,Receiver,"2SD746A-R,S or Q","2SD746A-R,S or Q",Transistor
SX-1980,Receiver,"2SD746A-R,S or Q","2SD746A-R,S or Q",Transistor
SX-1980,Receiver,"2SD746A-R,S or Q","2SD746A-R,S or Q",Transistor
SX-1980,Receiver,AAA-046,AAA-046,Knob (TUNING)
SX-1980,Receiver,AAB-174,AAB-174,Knob (VOLUME)
SX-1980,Receiver,AAB-175,AAB-175,"Knob (BASS, TREBLE)"
SX-1980,Receiver,AAB-176,AAB-176,"Knob (BALANCE, CARTRIDGE - LOAD)"
SX-1980,Receiver,AAD-138,AAD-138,Knob for lever switch
SX-1980,Receiver,AAD-139,AAD-139,Knob (POWER)
SX-1980,Receiver,AAD-140,AAD-140,Knob for push button
SX-1980,Receiver,AAG-144,AAG-144,Dial panel
SX-1980,Receiver,AAW-076,AAW-076,Meter (SIGNAL)
SX-1980,Receiver,AAW-077,AAW-077,Meter (TUNING)
SX-1980,Receiver,AAW-078,AAW-078,Meter (WATTS 8Ω)
SX-1980,Receiver,ACG-003,ACG-003,Ceramic  0.01  125V
SX-1980,Receiver,ACG-003,ACG-003,Ceramic  0.01  125V
SX-1980,Receiver,ACG-003,ACG-003,Ceramic  0.01  125V
SX-1980,Receiver,ACG-009,ACG-009,Ceramic  0.047  150V
SX-1980,Receiver,ACG-009,ACG-009,Ceramic  0.047  150V
SX-1980,Receiver,ACG-009,ACG-009,Ceramic  0.047  150V
SX-1980,Receiver,ACG-009,ACG-009,Ceramic  0.047  150V
SX-1980,Receiver,ACG-009,ACG-009,Ceramic  0.047  150V
SX-1980,Receiver,ACH-084,ACH-084,Electrolytic  22000  100V
SX-1980,Receiver,ACH-084,ACH-084,Electrolytic  22000  100V
SX-1980,Receiver,ACH-084,ACH-084,Electrolytic  22000  100V
SX-1980,Receiver,ACH-084,ACH-084,Electrolytic  22000  100V
SX-1980,Receiver,ACN-026,ACN-026,Wire wound 360 10W
SX-1980,Receiver,ACN-027,ACN-027,Wire wound 470 10W
SX-1980,Receiver,ACV-190,ACV-190,Variable resistor (BALANCE)
SX-1980,Receiver,ACW-101 (ACV-165),ACW-101 (ACV-165),Variable resistor (BASS 50Hz)
SX-1980,Receiver,ACW-102 (ACV-166),ACW-102 (ACV-166),Variable resistor (BASS 100Hz)
SX-1980,Receiver,ACW-103 (ACV-167),ACW-103 (ACV-167),Variable resistor (TREBLE 10kHz)
SX-1980,Receiver,ACW-104 (ACV-168),ACW-104 (ACV-168),Variable resistor (TREBLE 20kHz)
SX-1980,Receiver,ACW-116 (ACV-162),ACW-116 (ACV-162),Variable resistor (VOLUME)
SX-1980,Receiver,ADG-013,ADG-013,AC power cord (KU)
SX-1980,Receiver,ADG-015,ADG-015,AC power cord (S/SG)
SX-1980,Receiver,AEC-099,AEC-099,Capacitor cover (HG)/S/SG
SX-1980,Receiver,AEC-279,AEC-279,Capacitor cover (KU)
SX-1980,Receiver,AEC-379,AEC-379,Terminal Guard (Spacer)
SX-1980,Receiver,AEK-103,AEK-103,Fuse  2A
SX-1980,Receiver,AEK-104,AEK-104,Fuse  1.5A
SX-1980,Receiver,AEK-104,AEK-104,Fuse  1.5A
SX-1980,Receiver,AEK-106,AEK-106,Fuse  1A
SX-1980,Receiver,AEK-106,AEK-106,Fuse  1A
SX-1980,Receiver,AEK-303,AEK-303,Fuse  15A
SX-1980,Receiver,AEL-029,AEL-029,Lamp (wedge type) 8V  0.3A
SX-1980,Receiver,AEL-029,AEL-029,Lamp (wedge type) 8V  0.3A
SX-1980,Receiver,AEL-029,AEL-029,Lamp (wedge type) 8V  0.3A
SX-1980,Receiver,AEL-029,AEL-029,Lamp (wedge type) 8V  0.3A
SX-1980,Receiver,AEL-067,AEL-067,Lamn with wires 8V  50mA
SX-1980,Receiver,AEL-067,AEL-067,Lamp (wedge type) 8V  50mA
SX-1980,Receiver,AEL-067,AEL-067,Lamp with wires 8V  50m A
SX-1980,Receiver,AEL-067,AEL-067,Lamp with wires 8V  50mA
SX-1980,Receiver,AEL-067,AEL-067,Lamp with wires 8V  50mA
SX-1980,Receiver,AEL-069,AEL-069,Lamp with wires 8V  50mA
SX-1980,Receiver,AEL-069,AEL-069,Lamp with wires 8V  50mA
SX-1980,Receiver,AEL-095,AEL-095,Lamp with wires 8V  50mA
SX-1980,Receiver,AEL-309,AEL-309,LED (FINE TUNE)
SX-1980,Receiver,AEL-309,AEL-309,LED (STEREO)
SX-1980,Receiver,AEL-310,AEL-310,LED (QUARTZ LOCKED)
SX-1980,Receiver,AKA-004,AKA-004,Terminal (ANTENNA)
SX-1980,Receiver,AKA-004,AKA-004,Terminal (ANTENNA-KU/S/SG)
SX-1980,Receiver,AKA-005,AKA-005,Terminal (ANTENNA-HG)
SX-1980,Receiver,AKB-035,AKB-035,Terminal (ADAPTOR)
SX-1980,Receiver,AKB-035,AKB-035,Terminal (PRE/POWER)
SX-1980,Receiver,AKB-035,AKB-035,Terminal (TAPE 1)
SX-1980,Receiver,AKB-035,AKB-035,Terminal (TAPE 2)
SX-1980,Receiver,AKB-038,AKB-038,Terminal (INPUT)
SX-1980,Receiver,AKC-030,AKC-030,Terminal strip 2P (HG)
SX-1980,Receiver,AKE-012,AKE-012,Terminal (GND)
SX-1980,Receiver,AKE-038,AKE-038,Terminal (SPEAKERS)
SX-1980,Receiver,AKK-005,AKK-005,Lamp socket
SX-1980,Receiver,AKN-010,AKN-010,Phone jack (PHONES)
SX-1980,Receiver,AKN-012,AKN-012,Phone jack (MIC)
SX-1980,Receiver,AKP-005,AKP-005,AC socket (AC OUTLET)
SX-1980,Receiver,AKP-005,AKP-005,AC socket (AC OUTLETS-KU)
SX-1980,Receiver,AKP-008,AKP-008,Recessed plug (AC INLET-HG)
SX-1980,Receiver,AKP-020,AKP-020,AC socket (AC OUTLETS-S/SG)
SX-1980,Receiver,AKR-031,AKR-031,Plug in selector (4-position with fuse holder-S/SG)
SX-1980,Receiver,AKR-032,AKR-032,Fuse holder 1P
SX-1980,Receiver,AKR-032,AKR-032,Fuse holder 1P (KU)
SX-1980,Receiver,AKX-037,AKX-037,Plug in selector (2-position-HG)
SX-1980,Receiver,AMM-065,AMM-065,Wooden cover
SX-1980,Receiver,ANB-525,ANB-525,Front panel assembly
SX-1980,Receiver,ANE-180,ANE-180,Top plate
SX-1980,Receiver,ANE-191,ANE-191,Heat sink cover (HG)
SX-1980,Receiver,ANH-365,ANH-365,Heatsink (KU/S/SG)
SX-1980,Receiver,ANH-424,ANH-424,Heatsink (HG)
SX-1980,Receiver,ASA-504,ASA-504,Lever switch (POWER-KU)
SX-1980,Receiver,ASA-505,ASA-505,Lever switch (POWER-HG)
SX-1980,Receiver,ASE-001,ASE-001,Slide rotary switch (kΩ)
SX-1980,Receiver,ASE-001,ASE-001,Slide rotary switch (pF)
SX-1980,Receiver,ASG-126,ASG-126,Push switch (FUNCTION)
SX-1980,Receiver,ASG-127,ASG-127,"Push switch (FILTER, FM)"
SX-1980,Receiver,ASG-130,ASG-130,Push switch (SPEAKERS)
SX-1980,Receiver,ASH-016,ASH-016,Slide switch (DE-EMPHASIS-S)
SX-1980,Receiver,ASH-016,ASH-016,Slide switch (DE-EMPHASIS-S/G)
SX-1980,Receiver,ASH-018,ASH-018,Slide switch
SX-1980,Receiver,ASK-133,ASK-133,Lever switch (POWER-S)
SX-1980,Receiver,ASK-133,ASK-133,Lever switch (POWER-S/G)
SX-1980,Receiver,ASK-144,ASK-144,Lever switch (LOUDNESS)
SX-1980,Receiver,ASK-144,ASK-144,Lever switch (MODE)
SX-1980,Receiver,ASK-144,ASK-144,Lever switch (MUTING)
SX-1980,Receiver,ASK-144,ASK-144,Lever switch (TONE)
SX-1980,Receiver,ASK-145,ASK-145,Lever switch (ADAPTOR)
SX-1980,Receiver,ASK-145,ASK-145,Switch (TAPE MONITOR)
SX-1980,Receiver,ASK-146,ASK-146,Lever switch (DUPLICATE)
SX-1980,Receiver,ASS-004,ASS-004,Crystal resonator
SX-1980,Receiver,ATB-507,ATB-507,Ferrite bar-antenna
SX-1980,Receiver,ATT-446,ATT-446,Power Transformer (KU)
SX-1980,Receiver,ATT-464,ATT-464,Power Transformer (HG)
SX-1980,Receiver,ATT-472,ATT-472,Power Transformer (S)
SX-1980,Receiver,ATT-473,ATT-473,Power Transformer (S/G)
SX-1980,Receiver,AWB-030,AWB-030,FM front end
SX-1980,Receiver,AWE-093,AWE-093,Tuner assembly
SX-1980,Receiver,AWF-030,AWF-030,EQ ampliﬁer assembly
SX-1980,Receiver,AWG-058,AWG-058,Flat amplifier assembly
SX-1980,Receiver,AWG-059,AWG-059,Tone control assembly
SX-1980,Receiver,AWM-119,AWM-119,Filter assembly
SX-1980,Receiver,AWM-122,AWM-122,Meter amplifier assembly
SX-1980,Receiver,AWM-122,AWM-122,Meter amplifier assembly (KU/S/SG)
SX-1980,Receiver,AWM-126,AWM-126,Meter amplifier assembly (HG)
SX-1980,Receiver,AWR-154,AWR-154,Power supply assembly (KU/S/SG)
SX-1980,Receiver,AWR-155,AWR-155,Power supply assembly (HG)
SX-1980,Receiver,AWS-125,AWS-125,Slide switch assembly
SX-1980,Receiver,AWX-062,AWX-062,5P connector assembly (HG/S/SG)
SX-1980,Receiver,AWX-124,AWX-124,AFC assembly
SX-1980,Receiver,AXA-113,AXA-113,Tuning drum assembly
SX-1980,Receiver,AXA-184,AXA-184,Tuning shaft assembly
SX-1980,Receiver,AXB-012,AXB-012,Antenna holder
SX-1980,Receiver,CKDYF 403Z 50,CKDYF 403Z 50,Ceramic  0.04  50V
SX-1980,Receiver,CKDYF 403Z 50,CKDYF 403Z 50,Ceramic  0.04  50V
SX-1980,Receiver,CKDYF 403Z 50,CKDYF 403Z 50,Ceramic  0.04  50V
SX-1980,Receiver,CKDYF 403Z 50,CKDYF 403Z 50,Ceramic  0.04  50V
SX-1980,Receiver,CKDYF 403Z 50,CKDYF 403Z 50,Ceramic  0.04  50V
SX-1980,Receiver,CKDYF 403Z 50,CKDYF 403Z 50,Ceramic  0.04  50V
SX-1980,Receiver,GWH-109,GWH-109,Power amplifier L assembly
SX-1980,Receiver,GWH-110,GWH-110,Power amplifier R assembly
SX-1980,Receiver,GWM-104,GWM-104,APC control/MIC assembly
SX-1980,Receiver,GWR-106,GWR-106,Rectifier L assembly
SX-1980,Receiver,GWR-107,GWR-107,Rectifier R assembly
SX-1980,Receiver,GWS-129,GWS-129,Function selector assembly
SX-1980,Receiver,GWS-130,GWS-130,Cartridge load assembly
SX-1980,Receiver,K91-008,K91-008,Fuse holder 1P (HG)
SX-1980,Receiver,RD½PS 225J,RD½PS 225J,Carbon film 22M ½W
SX-1980,Receiver,T22-025,T22-025,Balun
SX-1980,Receiver,T24-028,T24-028,RF choke coil
SX-202,Receiver,AAA-084,AAA-084,Tuning knob
SX-202,Receiver,AAB-316,AAB-316,Knob A (VOLUME)
SX-202,Receiver,AAB-317,AAB-317,"Knob B (BASS, TREBLE, BALANCE)"
SX-202,Receiver,AAD-605,AAD-605,Power knob
SX-202,Receiver,AAD-606,AAD-606,"Function knob A (TAPE, LOUDNESS)"
SX-202,Receiver,AAD-607,AAD-607,"Function knob B (PHONO, FM, AM)"
SX-202,Receiver,AAD-608,AAD-608,Speaker knob
SX-202,Receiver,AAF-118,AAF-118,Pointer
SX-202,Receiver,ACG-017,ACG-017,Ceramic (0.01/AC125V)
SX-202,Receiver,ACN-131,ACN-131,"Wire-wound (0.22x2,2W)"
SX-202,Receiver,ACN-140,ACN-140,"Carbon composition (2.2M, 1/2W)"
SX-202,Receiver,ACT-162,ACT-162,Volume (250k)
SX-202,Receiver,ACT-602,ACT-602,"Volume assembly (100kx2,1M)"
SX-202,Receiver,ADG-073,ADG-073,AC power card
SX-202,Receiver,ADH -005,ADH -005,T-type antenna
SX-202,Receiver,AEC-471,AEC-471,Nylon rivet
SX-202,Receiver,AEC-784,AEC-784,Cabinet bumper
SX-202,Receiver,AEK-121,AEK-121,Fuse (T1.6A)
SX-202,Receiver,AEL-405,AEL-405,(Red) Pointer
SX-202,Receiver,AEL-406,AEL-406,(Red STEREO)
SX-202,Receiver,AEL-407,AEL-407,(Green TUNING)
SX-202,Receiver,AHA-335,AHA-335,Side pad
SX-202,Receiver,AHE-102,AHE-102,Packing case
SX-202,Receiver,AKN-045,AKN-045,Phone Jack (PHONES)
SX-202,Receiver,AKP-039,AKP-039,AC socket
SX-202,Receiver,AKX-073,AKX-073,Complex terminal
SX-202,Receiver,ANE-410,ANE-410,Bonnet
SX-202,Receiver,ANM-292,ANM-292,Front panel assembly
SX-202,Receiver,ARB-525,ARB-525,Operating instructions (English)
SX-202,Receiver,ARP-230-0,ARP-230,Service manual  SX-202
SX-202,Receiver,ASG-412,ASG-412,"Push switch (FUNCTION, TAPE, LOUDNESS)"
SX-202,Receiver,ASG-541,ASG-541,Push switch (POWER)
SX-202,Receiver,ATB-076,ATB-076,Loop antenna assembly
SX-202,Receiver,ATT-942,ATT-942,Power transformer (120V)
SX-202,Receiver,AWB-044,AWB-044,FM Front-end
SX-202,Receiver,AXA-373,AXA-373,Tuning shaft
SX-202,Receiver,GWM-267,GWM-267,Complex assembly
SX-202,Receiver,SUJSLYXSF,SUJSLYXSF,Push switch (SPEAKERS)
SX-2500,Receiver,A12-146-0,A12-146,Knob lor TUNING
SX-2500,Receiver,A12-168-0,A12-168,Knob for VOLUME
SX-2500,Receiver,A12-204-A,A12-204,Knob for FM MUTING
SX-2500,Receiver,A12-217-0,A12-217,"Knob for SPEAKERS,MODE and SELECTOR"
SX-2500,Receiver,A12-244-0,A12-244,Knob for BASS and TREBLE
SX-2500,Receiver,A13-016-A,A13-016,Knob for BALANCE
SX-2500,Receiver,A18-003-A,A18-003,Button for AUTO TUNING swltch
SX-2500,Receiver,A19-085-0,A19-085,"Knob for LOW, HIGH FlLTER,TAPE MONITOR A, B, LOUDNESS.MPX NOISE FlLTER,PHDNO SELECTOR. FM STEREO STATION and LOCAL STATION switch"
SX-2500,Receiver,A31-095-0,A31-095,Dial Pointer
SX-2500,Receiver,A33-124-A,A33-124,Dial Glass
SX-2500,Receiver,A61-216-0,A61-216,Meter Frame
SX-2500,Receiver,A66-026-A,A66-026,Switch Frame
SX-2500,Receiver,A91-008-0,A91-008,FM Tuning Meter
SX-2500,Receiver,A91-009-0,A91-009,Signal Meter
SX-2500,Receiver,AWM-004,AWM-004,Protector Unit
SX-2500,Receiver,B11-012-A,B11-012,Screw for GND Termmal
SX-2500,Receiver,B11-017-A,B11-017,Screw to fix Wooden Case
SX-2500,Receiver,B21-008-0,B21-008,Boss for Printed Clrcuit Board
SX-2500,Receiver,C64-030-O,C64-030,AM Tuning Capacitor
SX-2500,Receiver,C81-013-0,C81-013,"30kΩ ,FM MUTlNG"
SX-2500,Receiver,C88-009-0,C88-009,"500kΩ 4-gang, VOLUME and BALANCE"
SX-2500,Receiver,D11-003-E,D11-003,A.C Power Cord
SX-2500,Receiver,D52-013-O,D52-013,FM Indoor Antenna
SX-2500,Receiver,D53-002-A,D53-002,AM Indoor Anlerlna
SX-2500,Receiver,E11-060-O,E11-060,Accessory Pans kit (A-5)
SX-2500,Receiver,E11-075-O,E11-075,Accessory Parts kit (B-9)
SX-2500,Receiver,E21-012-O,E21-012,Fuse 1.5A
SX-2500,Receiver,E22-002-0,E22-002,Pilot Lamp for Meter
SX-2500,Receiver,E22-015-A,E22-015,Pilot Lamp for STEREO STATION Indicator
SX-2500,Receiver,E22-021-0,E22-021,Pilot Lamp for Dual Glass
SX-2500,Receiver,E22-025-0,E22-025,Pilot Lamp for Program lndicator
SX-2500,Receiver,E22-029-0,E22-029,Pilot Limp for AUTO TUNING Button
SX-2500,Receiver,E31-064-B,E31-064,Dlal Sping
SX-2500,Receiver,E31-151-O,E31-151,Rubber Cushion
SX-2500,Receiver,E31-152-O,E31-152,Rubber Cushion
SX-2500,Receiver,E32-016-O,E32-016,Cord Band
SX-2500,Receiver,E32-022-B,E32-022,Smooth Nylon
SX-2500,Receiver,H11-065-O,H11-065,Pad (Upper)
SX-2500,Receiver,H11-066-O,H11-066,Pad (Under)
SX-2500,Receiver,H14-023-O,H14-023,Packing Cloth Bag
SX-2500,Receiver,H15-114-O,H15-114,Packing Case
SX-2500,Receiver,K11-018-0,K11-018,4P Antenna Terminal
SX-2500,Receiver,K21-005-C,K21-005,1P Input Terminal
SX-2500,Receiver,K21-010-0,K21-010,4P Input Terminal
SX-2500,Receiver,K22-013-C,K22-013,6P Input Terminal
SX-2500,Receiver,K23-007-O,K23-007,7P Socket for Cds.Unit
SX-2500,Receiver,K24-002-A,K24-002,8P Socket for PP-402
SX-2500,Receiver,K41-002-B,K41-002,Pilot Lamp (for Meter) Socket
SX-2500,Receiver,K71-02-O,K71-02,Short Pin Plug
SX-2500,Receiver,K71-030-O,K71-030,8P Plug
SX-2500,Receiver,K72-026-O,K72-026,Headphone Jack
SX-2500,Receiver,K73-003-B,K73-003,Speaker Socket
SX-2500,Receiver,K82-011-O,K82-011,Spare AC Outlet
SX-2500,Receiver,K85-020-O,K85-020,4P Connector for REMOTE CONTROL
SX-2500,Receiver,K91-005-A,K91-005,Pilot Lamp (for Dial Glass) Socket
SX-2500,Receiver,K93-003-B,K93-003,Connector 5P
SX-2500,Receiver,K96-007-O,K96-007,Fuse Holder
SX-2500,Receiver,M15-327-A,M15-327,Lamps Box
SX-2500,Receiver,M22-009-O,M22-009,Washer M11
SX-2500,Receiver,M42-027-C,M42-027,Dlal Pulley for Tuning Capacitor (large)
SX-2500,Receiver,M42-056-A,M42-056,Pulley (small)
SX-2500,Receiver,M42-056-C,M42-056,Dlal Pulley for Tuning Capacitor (small)
SX-2500,Receiver,M42-058-0,M42-058,AUTO TUNING Mechanism Ass‘y
SX-2500,Receiver,M45-086-O,M45-086,Washer M9
SX-2500,Receiver,M52-130-C,M52-130,Wooden Case
SX-2500,Receiver,M61-017-0,M61-017,Foot
SX-2500,Receiver,M71-004 O,M71-004 O,Nut M11
SX-2500,Receiver,M71-005 O,M71-005 O,Nut M9
SX-2500,Receiver,R12-068-0,R12-068,"Installation, Operation and Service Manual  (FVW)  SX-2500"
SX-2500,Receiver,S11-018-0,S11-018,LINE VOLTAGE SELECTOR
SX-2500,Receiver,S11-022-A,S11-022,OUTPUT SELECTOR & POWER Switch
SX-2500,Receiver,S13-039-A,S13-039,INPUT SELECTOR Switch
SX-2500,Receiver,S14-035-0,S14-035,MODE SELECTOR Switch
SX-2500,Receiver,S16-046-0,S16-046,BASS CONTROL Switch
SX-2500,Receiver,S16-047-0,S16-047,TREBLE CONTROL Swltch
SX-2500,Receiver,S41-025-0,S41-025,PRE & MAIN Switch
SX-2500,Receiver,S48-002-A,S48-002,Spring Switch
SX-2500,Receiver,S48-003-A,S48-003,AUTO TUNING REVERSE Switch
SX-2500,Receiver,T24-026-0,T24-026,Heater Choke Coil
SX-2500,Receiver,T24-030-0,T24-030,Choke Coil
SX-2500,Receiver,T42-024,T42-024,AM Ferrite Loopstick Antanna
SX-2500,Receiver,T52-186-B,T52-186,Power Transformer
SX-2500,Receiver,W11-041-0,W11-041,FM Front end
SX-2500,Receiver,W12-030-0,W12-030,FM IF Unit
SX-2500,Receiver,W13-026-0,W13-026,MPX Unit
SX-2500,Receiver,W14-016-0,W14-016,AM Unit
SX-2500,Receiver,W15-050-A,W15-050,CONTROL AMP Unit
SX-2500,Receiver,W15-101-0,W15-101,MUTING Unit
SX-2500,Receiver,W16-027-0,W16-027,POWER SUPPLY Unlt
SX-2500,Receiver,W18-015-0,W18-015,AUTO TUNING Unit
SX-2500,Receiver,W18-016-0,W18-016,INDICATOR Unit
SX-2500,Receiver,W18-029-0,W18-029,PROTECTOR Unit (FVW)
SX-2500,Receiver,W21-002-0,W21-002,HEAD AMP Unit
SX-2500,Receiver,W21-371-C,W21-371,Front Panel Ass'y
SX-2500,Receiver,W23-004-C,W23-004,MAIN AMP Unit
SX-2500,Receiver,W26-004-A,W26-004,SWITCH Unit
SX-2500,Receiver,W26-005-0,W26-005,SWITCH Unit
SX-2500,Receiver,W26-006-0,W26-006,SWITCH Unlt
SX-2500,Receiver,W26-007-0,W26-007,SWITCH Unit
SX-2500,Receiver,W42-009-B,W42-009,Dial Pulley
SX-2500,Receiver,W52-004-O,W52-004,Compound Part for REC Terminal
SX-2500,Receiver,W72-002-B,W72-002,AM Ferrite Loopstick Antenna Holder
SX-3400,Receiver,AAA-061,AAA-061,Tuning knob
SX-3400,Receiver,AAB-214,AAB-214,"Knob (BASS, TREBLE, BALANCE)"
SX-3400,Receiver,AAB-714,AAB-714,"Knob (VOLUME, FUNCTION)"
SX-3400,Receiver,AAD-297,AAD-297,"Push knob (MODE/FM MUTE, LOUDNESS)"
SX-3400,Receiver,AAD-297,AAD-297,Push knob (TAPE MONITOR)
SX-3400,Receiver,AAD-300,AAD-300,Push knob A (POWER)
SX-3400,Receiver,AAW-128,AAW-128,Signal meter
SX-3400,Receiver,ABA-204,ABA-204,Tapping screw
SX-3400,Receiver,ABN-024,ABN-024,Washer faced nut
SX-3400,Receiver,ABN-047,ABN-047,Boss
SX-3400,Receiver,ACG-001,ACG-001,Capacitor  0.01/250V (S)
SX-3400,Receiver,ACG-017,ACG-017,Capacitor  0.01/125V (KU)
SX-3400,Receiver,ACT-023,ACT-023,Variable resistor 1M (BALANCE)
SX-3400,Receiver,ACT-128,ACT-128,Variable resistor 250k (VOLUME)
SX-3400,Receiver,ACT-129,ACT-129,"Variable resistor 100k (BASS, TREBLE)"
SX-3400,Receiver,ADG-023,ADG-023,Power cord (KU)
SX-3400,Receiver,ADG-046,ADG-046,Power cord (S)
SX-3400,Receiver,ADH-004,ADH-004,FM antenna
SX-3400,Receiver,AEC-178,AEC-178,Foot assembly
SX-3400,Receiver,AEC-337,AEC-337,Strain relief (S)
SX-3400,Receiver,AEC-358,AEC-358,Strain relief (KU)
SX-3400,Receiver,AEC-441,AEC-441,Rivet
SX-3400,Receiver,AEC-441,AEC-441,Rivet
SX-3400,Receiver,AEC-579,AEC-579,Small pulley
SX-3400,Receiver,AEK-100,AEK-100,Fuse 4A
SX-3400,Receiver,AEK-103,AEK-103,Fuse 2A
SX-3400,Receiver,AEL-114,AEL-114,Pilot lamp with wire (S)
SX-3400,Receiver,AEL-119,AEL-119,Meter Lamp 8V 300mA (wedge type)
SX-3400,Receiver,AEL-140,AEL-140,Pilot Lamp with wires 8V 100mA (KU)
SX-3400,Receiver,AHA-253,AHA-253,Side pad
SX-3400,Receiver,AHD-777,AHD-777,Packing case
SX-3400,Receiver,AKA-016,AKA-016,Terminal (ANTENNA)
SX-3400,Receiver,AKB-063,AKB-063,"Terminal (INPUT, TAPE)"
SX-3400,Receiver,AKE-048,AKE-048,Terminal (SPEAKERS)
SX-3400,Receiver,AKP-039,AKP-039,AC socker
SX-3400,Receiver,AKX-063,AKX-063,Line voltage selector - switchable 4-positions (S)
SX-3400,Receiver,AMS-041,AMS-041,Side board L
SX-3400,Receiver,AMS-042,AMS-042,Side board R
SX-3400,Receiver,ANB-904,ANB-904,Front panel assembly
SX-3400,Receiver,ANE-308,ANE-308,Top plale
SX-3400,Receiver,ANG-296,ANG-296,Meter holder B
SX-3400,Receiver,ANG-297,ANG-297,Pulley holder
SX-3400,Receiver,ANG-298,ANG-298,Meter holder A
SX-3400,Receiver,ARB-368,ARB-368,Operating instructions  SX-3600 (KU)
SX-3400,Receiver,ARB-380,ARB-380,Operating instructions  SX-3600 (S)
SX-3400,Receiver,ASE-009,ASE-009,Slide rotary switch (FUNCTION)
SX-3400,Receiver,ASG-242,ASG-242,"Push switch (MODE/FM MUTE, LOUDNESS)"
SX-3400,Receiver,ASG-247,ASG-247,Push switch (TAPE MONITOR)
SX-3400,Receiver,ASG-510,ASG-510,Push switch (POWER - S)
SX-3400,Receiver,ASG-511,ASG-511,Push switch (POWER - KU)
SX-3400,Receiver,ATT-687,ATT-687,Power transformer (KU)
SX-3400,Receiver,ATT-689,ATT-689,Power transformer (S)
SX-3400,Receiver,AXA-113,AXA-113,Dial pulley assembly
SX-3400,Receiver,AXA-240,AXA-240,Dial shaft assembly
SX-3400,Receiver,GWM-163,GWM-163,Tuner/AF amplifier assembly (KU)
SX-3400,Receiver,GWM-171,GWM-171,Tuner/AF amplifier assembly (S)
SX-3400,Receiver,GWX-455,GWX-455,LED assembly
SX-3400,Receiver,GWX-495,GWX-495,"LED assembly (FM STEREO, TAPE MON - KU)"
SX-3400,Receiver,GWX-495,GWX-495,"LED assembly (FM STEREO, TAPE MON - S)"
SX-3400,Receiver,GWX-496,GWX-496,Headphones assembly (KU)
SX-3400,Receiver,GWX-496,GWX-496,Headphones assembly (S)
SX-3500,Receiver,2SB616A40 or 2SB616A-R,2SB616A40 or 2SB616A,Transistor
SX-3500,Receiver,2SD586A-Q or 2SD586A-R,2SD586A-Q or 2SD586A,Transistor
SX-3500,Receiver,AAA-068,AAA-068,Knob (TUNING)
SX-3500,Receiver,AAB-243,AAB-243,"Knob (POWER, VOLUME)"
SX-3500,Receiver,AAD-297,AAD-297,"Knob (SPEAKERS, TAPE MON, MODE, LOUDNESS)"
SX-3500,Receiver,AAV-010,AAV-010,Fluorescent indicator tube
SX-3500,Receiver,AAW-124,AAW-124,SIGNAL/TUNING meter
SX-3500,Receiver,ABN-024,ABN-024,Nut M9
SX-3500,Receiver,ACG-017,ACG-017,Ceramic capacitor 0.01/125V
SX-3500,Receiver,ACT-023,ACT-023,Variable resistor 1M (BALANCE)
SX-3500,Receiver,ACT-128,ACT-128,Variable resistor 250k (VOLUME)
SX-3500,Receiver,ACT-140,ACT-140,"Variable resistor 150k (BASS, TREBLE)"
SX-3500,Receiver,ADG-023,ADG-023,AC power cord
SX-3500,Receiver,AEC-702,AEC-702,Foot assembly
SX-3500,Receiver,AEK-101,AEK-101,Fuse (3A)
SX-3500,Receiver,AEK-108,AEK-108,Fuse (5A)
SX-3500,Receiver,AEL-029,AEL-029,Lamp (wedge type)
SX-3500,Receiver,AEL-075,AEL-075,Lamp with wires 8V 50mA (STEREO IND)
SX-3500,Receiver,AEL-119,AEL-119,Lamp assembly
SX-3500,Receiver,AKA-014,AKA-014,Terminal (ANTENNA)
SX-3500,Receiver,AKB-063,AKB-063,"Terminal (INPUT, TAPE)"
SX-3500,Receiver,AKB-076,AKB-076,Terminal (AM STEREO OUT)
SX-3500,Receiver,AKE-047,AKE-047,Terrninal (SPEAKERS)
SX-3500,Receiver,AKK-005,AKK-005,Lamp socket (wedge type)
SX-3500,Receiver,AKN-030,AKN-030,Phone jack (PHONES)
SX-3500,Receiver,AKP-039,AKP-039,AC socket (AC OUTLETS)
SX-3500,Receiver,AMS-039,AMS-039,Side panel L
SX-3500,Receiver,AMS-040,AMS-040,Side panel R
SX-3500,Receiver,ANB-891,ANB-891,Front panel assembly
SX-3500,Receiver,ANE-305,ANE-305,Top plate
SX-3500,Receiver,ASA-507,ASA-507,Rotary switch (POWER)
SX-3500,Receiver,ASE-007,ASE-007,Slide rotary switch (FUNCTION)
SX-3500,Receiver,ASG-244,ASG-244,"2-ganged push switch (MODE/FM MUTE, LOUDNESS)"
SX-3500,Receiver,ASG-245,ASG-245,2-ganged push switch (SPEAKERS)
SX-3500,Receiver,ASG-246,ASG-246,Push switch (TAPE MONITOR)
SX-3500,Receiver,ATT-690,ATT-690,Power transformer
SX-3500,Receiver,AWV-010,AWV-010,FL assembly
SX-3500,Receiver,AXA-290,AXA-290,Tuning shaft assembly
SX-3500,Receiver,GWM-161,GWM-161,Tuner/AF assembly
SX-3500,Receiver,GWX-482,GWX-482,SP terminal assembly
SX-3500,Receiver,GWX-483,GWX-483,LED assembly A (FUNCTION)
SX-3500,Receiver,GWX-484,GWX-484,LED assembly B (SPEAKERS)
SX-3600/720,Receiver,2SB773A-Q (2SB773A-R),2SB773A-Q (2SB773A-R),Transistor
SX-3600/720,Receiver,2SD883A-Q (2SD883A-R),2SD883A-Q (2SD883A-R),Transistor
SX-3600/720,Receiver,AAA-068,AAA-068,Tuning knob
SX-3600/720,Receiver,AAB-243,AAB-243,Rotary knob
SX-3600/720,Receiver,AAD-297,AAD-297,Push knob
SX-3600/720,Receiver,AAW-124,AAW-124,Signal/Tuning meter (SX-3600 KU)
SX-3600/720,Receiver,AAW-129,AAW-129,Signal /Tuning meter (SX-3600 KU)
SX-3600/720,Receiver,ABA-187,ABA-187,Screw
SX-3600/720,Receiver,ABA-204,ABA-204,Screw (3 X 6)
SX-3600/720,Receiver,ABN-024,ABN-024,Nut M9
SX-3600/720,Receiver,ABN-047,ABN-047,Union unit
SX-3600/720,Receiver,ACG-017,ACG-017,Ceramic capacitor (0.01 /1 25V)
SX-3600/720,Receiver,ACT-023,ACT-023,Variable resistor 1M (BALANCE)
SX-3600/720,Receiver,ACT-128,ACT-128,Variable resistor 250k (VOLUME)
SX-3600/720,Receiver,ACT-140,ACT-140,"Variable resistor 100k (BASS, TREBLE)"
SX-3600/720,Receiver,ADG-023,ADG-023,AC power cord
SX-3600/720,Receiver,ADH-004,ADH-004,T-type FM antenna
SX-3600/720,Receiver,AEC-288,AEC-288,Mica wafer
SX-3600/720,Receiver,AEC-327,AEC-327,Strain relief
SX-3600/720,Receiver,AEC-702,AEC-702,Foot assembly
SX-3600/720,Receiver,AEK-100,AEK-100,Fuse (4A)
SX-3600/720,Receiver,AEK-101,AEK-101,Fuse (3A)
SX-3600/720,Receiver,AEK-109,AEK-109,Fuse (6A)
SX-3600/720,Receiver,AEL-029,AEL-029,Lamp (wedge type)
SX-3600/720,Receiver,AEL-075,AEL-075,"Lamp with wire (8V, 50mA)"
SX-3600/720,Receiver,AEL-119,AEL-119,"Wedge lamp assembly (8V, 300mA)"
SX-3600/720,Receiver,AEL-119,AEL-119,"Wedge lamp assembly(8V, 300mA)"
SX-3600/720,Receiver,AEL-318,AEL-318,LED (FUNCTION)
SX-3600/720,Receiver,AEL-324,AEL-324,LED (SPEAKERS)
SX-3600/720,Receiver,AHA-197,AHA-197,Side pad L
SX-3600/720,Receiver,AHA-198,AHA-198,Side pad R
SX-3600/720,Receiver,AHD-768,AHD-768,Packing case  SX-3600  (KU)
SX-3600/720,Receiver,AKA-014,AKA-014,Terminal (ANTENNA)
SX-3600/720,Receiver,AKB-063,AKB-063,Terminal (INPUT)
SX-3600/720,Receiver,AKB-063,AKB-063,"Terminal (TAPE 1,2)"
SX-3600/720,Receiver,AKB-076,AKB-076,1P pin jack (AM STEREO OUT)
SX-3600/720,Receiver,AKE-047,AKE-047,Terminal (SPEAKER)
SX-3600/720,Receiver,AKH-008,AKH-008,Spacer
SX-3600/720,Receiver,AKK-005,AKK-005,Lamp socket
SX-3600/720,Receiver,AKN-030,AKN-030,Phone jack
SX-3600/720,Receiver,AKP-039,AKP-039,AC socket
SX-3600/720,Receiver,AMS-039,AMS-039,Side board L
SX-3600/720,Receiver,AMS-040,AMS-040,Side board R
SX-3600/720,Receiver,ANB-888,ANB-888,Front panel assembly (SX-3600 KU)
SX-3600/720,Receiver,ANB-912,ANB-912,From panel assembly (SX-3600 KU)
SX-3600/720,Receiver,ANE-305,ANE-305,Top plate
SX-3600/720,Receiver,ANE-305,ANE-305,Top plate
SX-3600/720,Receiver,ARB-361,ARB-361,Operating instructions  SX-3600 (KU)
SX-3600/720,Receiver,ARB-370,ARB-370,Operating instructions  SX-720 (KU)
SX-3600/720,Receiver,ART-538,ART-538,Service manual SX-3600 Additional (S)
SX-3600/720,Receiver,ASA-507,ASA-507,Rotary switch (POWER)
SX-3600/720,Receiver,ASE-007,ASE-007,Slide rotary switch (FUNCTION)
SX-3600/720,Receiver,ASG-242,ASG-242,"Push switch (FM MUTE/MODE,TAPE MONITOR)"
SX-3600/720,Receiver,ASG-243,ASG-243,Push switch (SPEAKER)
SX-3600/720,Receiver,ATT-693,ATT-693,Power transformer
SX-3600/720,Receiver,AWV-010,AWV-010,FL assembly (SX-3600 KU)
SX-3600/720,Receiver,AWV-014,AWV-014,FL assembly (SX-3600 KU)
SX-3600/720,Receiver,AXA-290 (AXA-270),AXA-290 (AXA-270),Dial shaft assembly
SX-3600/720,Receiver,GWM-158,GWM-158,Tuner/AF assembly
SX-3600/720,Receiver,GWX-482,GWX-482,Speaker terminal assembly
SX-3600/720,Receiver,GWX-483,GWX-483,LED assembly (A)
SX-3600/720,Receiver,GWX-484,GWX-484,LED assembly (B)
SX-3700,Receiver,2SA1075-G (2SA1075-B),2SA1075-G (2SA1075-B),Transistor
SX-3700,Receiver,2SC2525-G (2SC2525-B),2SC2525-G (2SC2525-B),Transistor
SX-3700,Receiver,AAA-065,AAA-065,Knob (TUNING)
SX-3700,Receiver,AAB-239,AAB-239,"Knob (POWER, BASS, TREBLE)"
SX-3700,Receiver,AAB-239,AAB-239,"Knob (VOLUME, BALANCE)"
SX-3700,Receiver,AAD-139,AAD-139,"Lever knob assembly (LOW FILTER, TAPE MONITOR, MODE/FM MUTING)"
SX-3700,Receiver,AAD-226,AAD-226,"Push knob (SPEAKERS FM, AM, AUX PHONO)"
SX-3700,Receiver,AAN-029,AAN-029,Resistor (2.2MΩ)
SX-3700,Receiver,AAV-009,AAV-009,Fluorescent indicator tube (POWER)
SX-3700,Receiver,ACN-116,ACN-116,"Resistor (200Ω, 10w)"
SX-3700,Receiver,ACN-117,ACN-117,"Resistor (82Ω, 5W)"
SX-3700,Receiver,ACT-021,ACT-021,Variable resistor 1M (BALANCE)
SX-3700,Receiver,ACT-126,ACT-126,Variable resistor 250k (VOLUME)
SX-3700,Receiver,ACT-127,ACT-127,Variable 100K (BASS)
SX-3700,Receiver,ACT-127,ACT-127,Variable 100K (TREBLE)
SX-3700,Receiver,ADG-023,ADG-023,AC power cord
SX-3700,Receiver,ADH-002,ADH-002,T-type FM antenna
SX-3700,Receiver,AEK-100,AEK-100,Fuse (4A)
SX-3700,Receiver,AEK-101,AEK-101,Fuse (3A)
SX-3700,Receiver,AEK-107,AEK-107,Fuse (0.5A)
SX-3700,Receiver,AEL-029,AEL-029,Lamp (wedge type)
SX-3700,Receiver,AEL-075,AEL-075,"Lamp with wire (8V,50mA)"
SX-3700,Receiver,AHA-252,AHA-252,Side pad
SX-3700,Receiver,AHD-765,AHD-765,Packing case
SX-3700,Receiver,AKA-014,AKA-014,Terminal (ANTENNA)
SX-3700,Receiver,AKB-063,AKB-063,Pin jack 4P
SX-3700,Receiver,AKB-076,AKB-076,Terminal (AM STEREO OUT)
SX-3700,Receiver,AKE-044,AKE-044,Terminal (SPEAKER)
SX-3700,Receiver,AKN-030,AKN-030,Phone jack (PHONES)
SX-3700,Receiver,AKP-039,AKP-039,AC socket (AC OUTLETS)
SX-3700,Receiver,AMM-089,AMM-089,Bonnet case
SX-3700,Receiver,ANB-883,ANB-883,Front panel assembly
SX-3700,Receiver,ARB-360,ARB-360,Operating instructions
SX-3700,Receiver,ART-535,ART-535,Service Manual SX-3700/SX-820
SX-3700,Receiver,ASA-507,ASA-507,Lever switch (POWER)
SX-3700,Receiver,ASG-240,ASG-240,Push switch (AM)
SX-3700,Receiver,ASG-240,ASG-240,Push switch (AUX)
SX-3700,Receiver,ASG-240,ASG-240,Push switch (FM)
SX-3700,Receiver,ASG-240,ASG-240,Push switch (PHONO)
SX-3700,Receiver,ASG-241,ASG-241,Push switch (SP A)
SX-3700,Receiver,ASG-241,ASG-241,Push switch (SP B)
SX-3700,Receiver,ASK-157,ASK-157,Lever switch (LOUDNESS)
SX-3700,Receiver,ASK-157,ASK-157,Lever switch (LOW FILTER)
SX-3700,Receiver,ASK-157,ASK-157,Lever switch (TAPE MONITOR 1)
SX-3700,Receiver,ASK-157,ASK-157,Lever switch (TAPE MONITOR 2)
SX-3700,Receiver,ASK-159,ASK-159,Lever switch (FM MUTING/MODE)
SX-3700,Receiver,ASR-033,ASR-033,Relay
SX-3700,Receiver,ATB-624,ATB-624,Bar-antenna Ass'y
SX-3700,Receiver,ATT-696,ATT-696,Power transformer
SX-3700,Receiver,AWS-149,AWS-149,Function switch assembly
SX-3700,Receiver,AWV-011,AWV-011,Lead out assembly
SX-3700,Receiver,AWV-012,AWV-012,FL assembly
SX-3700,Receiver,GWM-159,GWM-159,Power amp/protector assembly
SX-3700,Receiver,GWM-160,GWM-160,Tuner/AF assembly
SX-3700,Receiver,GWS-233,GWS-233,Switch assembly (SPEAKERS)
SX-3700,Receiver,GWX-463,GWX-463,Detector assembly
SX-3800,Receiver,AAA-066,AAA-066,Knob (TUNING)
SX-3800,Receiver,AAB-239,AAB-239,"Knob (BASS, TREBLE, BALANCE)"
SX-3800,Receiver,AAB-240,AAB-240,Knob (VOLUME)
SX-3800,Receiver,AAD-139,AAD-139,"Lever knob (POWER, MUTING, LOUDNESS)"
SX-3800,Receiver,AAD-226,AAD-226,"Push knob A (SPEAKERS, FUNCTION SELECTOR)"
SX-3800,Receiver,AAD-227,AAD-227,"Push knob B (BRIGHTNESS, FM MUTING)"
SX-3800,Receiver,AAV-007,AAV-007,Fluorescent indicator tube
SX-3800,Receiver,AAV-009,AAV-009,Fluorescent indicator tube
SX-3800,Receiver,ACN-029,ACN-029,Resistor 2.2M (KU)
SX-3800,Receiver,ACN-115,ACN-115,Resistor (4.7/10W)
SX-3800,Receiver,ACT-021,ACT-021,Variable resistor 1M (BALANCE)
SX-3800,Receiver,ACT-135,ACT-135,Variable 10k (BASS)
SX-3800,Receiver,ACT-136,ACT-136,Variable 10k (TREBLE)
SX-3800,Receiver,ACV-181,ACV-181,Variable resistor 100k (VOLUME)
SX-3800,Receiver,ADG-023,ADG-023,AC power cord (KU)
SX-3800,Receiver,ADG-046,ADG-046,"AC power cord (S,S/G)"
SX-3800,Receiver,ADH-002,ADH-002,Type FM antenna
SX-3800,Receiver,AEC-178,AEC-178,Foot assembly
SX-3800,Receiver,AEK-101,AEK-101,Fuse (S)
SX-3800,Receiver,AEK-101,AEK-101,Fuse (S/G)
SX-3800,Receiver,AEK-107,AEK-107,Fuse (S)
SX-3800,Receiver,AEK-109,AEK-109,Fuse (KU)
SX-3800,Receiver,AEK-109,AEK-109,Fuse (S/G)
SX-3800,Receiver,AEK-109,AEK-109,Fuse 6A
SX-3800,Receiver,AHA-246,AHA-246,Side pad
SX-3800,Receiver,AHB-104,AHB-104,Spacer (S/G)
SX-3800,Receiver,AHD-755,AHD-755,Packing case (KU)
SX-3800,Receiver,AHD-755,AHD-755,Packing case (S)
SX-3800,Receiver,AHD-758,AHD-758,Packing case (S/G)
SX-3800,Receiver,AKA-013,AKA-013,Terminal (ANTENNA)
SX-3800,Receiver,AKB-063,AKB-063,"Terminal (INPUT, PRE AMP OUT / POWER AMP IN)"
SX-3800,Receiver,AKB-063,AKB-063,"Terminal (TAPE1,2)"
SX-3800,Receiver,AKB-076,AKB-076,Terminal (AM STEREO OUT)
SX-3800,Receiver,AKE-054,AKE-054,Terminal (SPEAKERS)
SX-3800,Receiver,AKH-032,AKH-032,Fuse holder (KU)
SX-3800,Receiver,AKN-030,AKN-030,Phone lack (PHONES)
SX-3800,Receiver,AKP-042,AKP-042,AC socket (AC OUTLETS)
SX-3800,Receiver,AKR-031,AKR-031,"Line Voltage selector (S/G,S)"
SX-3800,Receiver,AMM-086,AMM-086,Bonnet case
SX-3800,Receiver,AMM-088,AMM-088,Wooden Bonnet
SX-3800,Receiver,ANB-851,ANB-851,Front panel assembly
SX-3800,Receiver,ARB-355,ARB-355,Operating instructions SX-3800 (KU)
SX-3800,Receiver,ARB-357,ARB-357,"Operating instructions SX-3800 (S,S/G)"
SX-3800,Receiver,ASG-230,ASG-230,Push switch (BRIGHTNESS)
SX-3800,Receiver,ASG-230,ASG-230,Push switch (FM MUTING)
SX-3800,Receiver,ASG-231,ASG-231,Push switch (FUNCTION - AM)
SX-3800,Receiver,ASG-231,ASG-231,Push switch (FUNCTION - AUX)
SX-3800,Receiver,ASG-231,ASG-231,Push switch (FUNCTION - FM)
SX-3800,Receiver,ASG-231,ASG-231,Push switch (FUNCTION - PHONO)
SX-3800,Receiver,ASH-015,ASH-015,Slide switch (DE-EMPHASIS)
SX-3800,Receiver,ASK-152,ASK-152,"Lever switch (MODE,LOW FILTER)"
SX-3800,Receiver,ASK-152,ASK-152,"Lever switch (MUTlNG,LOUDNESS)"
SX-3800,Receiver,ASK-507,ASK-507,Lever switch (POWER - KU)
SX-3800,Receiver,ASK-508,ASK-508,"Lever switch (POWER - S/G,S)"
SX-3800,Receiver,ASX-128,ASX-128,Remote lever switch (TAPE MONITOR)
SX-3800,Receiver,ASX-130,ASX-130,Remote lever switch (TAPE)
SX-3800,Receiver,ASX-135,ASX-135,Remote push switch (SPEAKER IND SP-A)
SX-3800,Receiver,ASX-135,ASX-135,Remote push switch (SPEAKER IND SP-B)
SX-3800,Receiver,ASX-137,ASX-137,Remote slide switch (SPEAKER SP-A)
SX-3800,Receiver,ASX-137,ASX-137,Remote slide switch (SPEAKER SP-B)
SX-3800,Receiver,ATB-624,ATB-624,Bar -antenna assembly
SX-3800,Receiver,ATT-677,ATT-677,Power transformer (KU)
SX-3800,Receiver,ATT-678,ATT-678,Heater transformer
SX-3800,Receiver,ATT-683,ATT-683,"Power transformer (S/G,S)"
SX-3800,Receiver,AWM-227,AWM-227,Equalizer assembly
SX-3800,Receiver,AWS-146,AWS-146,Switch assembly (DE-EMPHASIS KU)
SX-3800,Receiver,AWS-148,AWS-148,"Switch assembly (DE-EMPHASIS S/G,S)"
SX-3800,Receiver,AWV-009,AWV-009,FL Indicator assembly
SX-3800,Receiver,AXA-264,AXA-264,Dial shaft assembly
SX-3800,Receiver,GWE-133,GWE-133,Tuner assembly
SX-3800,Receiver,GWG-141,GWG-141,Tone control assembly
SX-3800,Receiver,GWH-139,GWH-139,Power amplifier assembly
SX-3800,Receiver,GWK-146,GWK-146,Headphones jack assembly
SX-3800,Receiver,GWR-122,GWR-122,Power supply assembly
SX-3800,Receiver,GWS-222,GWS-222,Speaker Terminal Assembly
SX-3800,Receiver,GWS-223,GWS-223,Switch assembly (Speakers)
SX-3800,Receiver,GWS-224,GWS-224,Switch assembly (Brightness)
SX-3800,Receiver,GWS-226,GWS-226,Switch assembly (Muting)
SX-3800,Receiver,GWX-463,GWX-463,Detector assembly
SX-3800,Receiver,N/A,N/A,Service Manual SX-3800
SX-3900,Receiver,2SA1076,2SA1076,Transistor
SX-3900,Receiver,2SC2526,2SC2526,Transistor
SX-3900,Receiver,AAA-065,AAA-065,Knob (TUNING)
SX-3900,Receiver,AAB-238,AAB-238,Knob (VOLUME)
SX-3900,Receiver,AAB-239,AAB-239,Knob (BALANCE)
SX-3900,Receiver,AAB-239,AAB-239,"Knob (BASS, TREBLE, TURN0VER)"
SX-3900,Receiver,AAD-139,AAD-139,"Knob (MODE, MUTING)"
SX-3900,Receiver,AAD-139,AAD-139,"Knob (POWER, TONE, ADAPTOR,DUPLICATE, TAPE MONITOR)"
SX-3900,Receiver,AAD-226,AAD-226,Knob (FUNCTION)
SX-3900,Receiver,AAD-226,AAD-226,Knob (SPEAKERS)
SX-3900,Receiver,AAD-227,AAD-227,"Knob (FILTER, FM,BRIGHT/DIM)"
SX-3900,Receiver,AAD-227,AAD-227,Knob (LOUDNESS)
SX-3900,Receiver,AAV-007,AAV-007,Fluorescent indicator tube
SX-3900,Receiver,AAV-008,AAV-008,Fluorescent indicator tube
SX-3900,Receiver,ACG-001,ACG-001,Ceramic capacitor 0.01/250V
SX-3900,Receiver,ACH-210,ACH-210,"Electrolytic capacitor 15,000uF, 71V"
SX-3900,Receiver,ACT-133,ACT-133,2-gang variable resistor (BALANCE)
SX-3900,Receiver,ACT-134,ACT-134,2-gang variable resistor (BASS)
SX-3900,Receiver,ACT-134,ACT-134,2-gang variable resistor (TREBLE)
SX-3900,Receiver,ACW-304,ACW-304,4-gang variable resistor (VOLUME)
SX-3900,Receiver,ADG-029,ADG-029,AC power cord (KU)
SX-3900,Receiver,ADG-049,ADG-049,AC power cord (S/G)
SX-3900,Receiver,ADH-002,ADH-002,T-type FM amenna
SX-3900,Receiver,AEK-102,AEK-102,Fuse 2.5A
SX-3900,Receiver,AEK-106,AEK-106,Fuse 1A
SX-3900,Receiver,AEK-106,AEK-106,Fuse 1A
SX-3900,Receiver,AEK-305,AEK-305,Fuse 10A
SX-3900,Receiver,AEL-029,AEL-029,Lamp (wedge type)
SX-3900,Receiver,AEL-047,AEL-047,Lamp with wires (SPEAKERS)
SX-3900,Receiver,AEL-065,AEL-065,Lamp wlth wires
SX-3900,Receiver,AEL-069,AEL-069,"Lamp with wires (FM, AM,PHONO 2, PHONO 1)"
SX-3900,Receiver,AEL-075,AEL-075,Lamp with wlres
SX-3900,Receiver,AEL-095,AEL-095,Lamp with wires (AUX)
SX-3900,Receiver,AEX-001,AEX-001,Temperature-sensitive fuse
SX-3900,Receiver,AHA-247,AHA-247,Side pad
SX-3900,Receiver,AHA-251,AHA-251,Rear pad
SX-3900,Receiver,AHC-042,AHC-042,Inside packlng
SX-3900,Receiver,AHD-756,AHD-756,Packing case (KU)
SX-3900,Receiver,AHD-757,AHD-757,Packing case (S/G)
SX-3900,Receiver,AKA-013,AKA-013,Terminal (ANTENNA)
SX-3900,Receiver,AKB-063,AKB-063,Terminal (PRE AMP OUT/POWER AMP IN)
SX-3900,Receiver,AKB-063,AKB-063,"Terminal (TAPE, ADAPTOR)"
SX-3900,Receiver,AKB-064,AKB-064,Terminal (INPUT)
SX-3900,Receiver,AKB-076,AKB-076,Terminal (AM STEREO OUT)
SX-3900,Receiver,AKE-054,AKE-054,Terminal (SPEAKERS)
SX-3900,Receiver,AKH-010,AKH-010,Transistor socket
SX-3900,Receiver,AKK-005,AKK-005,Lamp socket
SX-3900,Receiver,AKM-004,AKM-004,Jumper plug
SX-3900,Receiver,AKN-030,AKN-030,Phone jack (PHONES)
SX-3900,Receiver,AKP-041,AKP-041,AC socket (AC OUTLETS)
SX-3900,Receiver,AKX-063,AKX-063,Line voltage selector (S/G)
SX-3900,Receiver,AMM-087,AMM-087,Wooden cover
SX-3900,Receiver,ANB-861,ANB-861,Front panel assembly
SX-3900,Receiver,ARB-354,ARB-354,Operating instructions SX-3900 (KU)
SX-3900,Receiver,ARB-356,ARB-356,Operating instructions SX-3900 (S/G)
SX-3900,Receiver,ART-457-0,ART-457,Service Manual SX-3900
SX-3900,Receiver,ASE-125,ASE-125,Slide rotary switch (BASS TURNOVER)
SX-3900,Receiver,ASE-126,ASE-126,Slide rotary switch (TREBLE TURNOVER)
SX-3900,Receiver,ASG-228,ASG-228,"5-gang push switch (FM, AM, AUX, PHONO2, PHONO1)"
SX-3900,Receiver,ASG-229,ASG-229,Dual push switch
SX-3900,Receiver,ASG-230,ASG-230,Push switch (BRIGHT/DIM)
SX-3900,Receiver,ASG-230,ASG-230,Push switch (LOUDNESS)
SX-3900,Receiver,ASH-015,ASH-015,Slide switch (De-emphasis - S/G)
SX-3900,Receiver,ASK-152,ASK-152,"Lever (MODE,MUTlNG)"
SX-3900,Receiver,ASK-152,ASK-152,Lever switch (MODE)
SX-3900,Receiver,ASK-152,ASK-152,Lever switch (MUTING -20dB)
SX-3900,Receiver,ASK-152,ASK-152,Lever switch (TONE)
SX-3900,Receiver,ASK-507,ASK-507,Lever switch (POWER - KU)
SX-3900,Receiver,ASK-508,ASK-508,Lever (POWER - S/G)
SX-3900,Receiver,ASR-069,ASR-069,Relay
SX-3900,Receiver,ASX-128,ASX-128,"Remote lever (ADAPTOR, DUPLICATE)"
SX-3900,Receiver,ASX-128,ASX-128,"Remote lever switch (ADAPTOR, DUPLICATE)"
SX-3900,Receiver,ASX-130,ASX-130,Remote slide (ADAPTOR)
SX-3900,Receiver,ASX-131,ASX-131,Remote lever (TAPE MONITOR)
SX-3900,Receiver,ASX-131,ASX-131,Remote lever switch (TAPE MONITOR)
SX-3900,Receiver,ASX-133,ASX-133,Remote slide (TAPE MONITOR)
SX-3900,Receiver,ASX-134,ASX-134,Remote slide (DUPLICATE)
SX-3900,Receiver,ASX-135,ASX-135,"Remote push switch (SP-A, SP-B)"
SX-3900,Receiver,ASX-137,ASX-137,Remote slide switch
SX-3900,Receiver,ASX-137,ASX-137,Remote switch (SPEAKERS)
SX-3900,Receiver,ATB-624,ATB-624,Bar-antenna assembly
SX-3900,Receiver,ATT-675,ATT-675,Power transformer (KU)
SX-3900,Receiver,ATT-676,ATT-676,Power transformer (KU)
SX-3900,Receiver,ATT-678,ATT-678,Heater transformer
SX-3900,Receiver,ATT-681,ATT-681,Power transformer (S/G)
SX-3900,Receiver,ATT-682,ATT-682,Power transformer (S/G)
SX-3900,Receiver,AWH-097,AWH-097,Power ampifier assembly
SX-3900,Receiver,AWM-226,AWM-226,Equalizer assembly
SX-3900,Receiver,AWR-210,AWR-210,Power supply assembly
SX-3900,Receiver,AWR-211,AWR-211,Rectifier assembly (KU)
SX-3900,Receiver,AWR-214,AWR-214,Rectifier assembly (S/G)
SX-3900,Receiver,AWS-147,AWS-147,De-emphasis assembly (S/G)
SX-3900,Receiver,AWV-008,AWV-008,Indicator assembly
SX-3900,Receiver,AXA-260,AXA-260,Tuning shaft assembly
SX-3900,Receiver,GWE-132,GWE-132,Tuner assembly
SX-3900,Receiver,GWG-140,GWG-140,Tone amplifier assembly
SX-3900,Receiver,GWK-146,GWK-146,Headphones jack assembly
SX-3900,Receiver,GWS-220,GWS-220,Switch assembly (LOUDNESS)
SX-3900,Receiver,GWS-221,GWS-221,"Switch assembly (FILTER, FM MUTING,BRIGHT/DIM)"
SX-3900,Receiver,GWS-222,GWS-222,Speakers terminal assembly
SX-3900,Receiver,GWS-223,GWS-223,Switch assembly (SPEAKERS)
SX-3900,Receiver,GWX-463,GWX-463,Detector assembly
SX-4,Receiver,AAB-273,AAB-273,Knob (VOLUME)
SX-4,Receiver,AAB-274,AAB-274,"Knob (BASS,TREBLE,BALANCE)"
SX-4,Receiver,AAD-399,AAD-399,Knob (INPUT)
SX-4,Receiver,AAD-400,AAD-400,Knob (TUNING)
SX-4,Receiver,AAD-402,AAD-402,Knob (FM)
SX-4,Receiver,AAD-403,AAD-403,Knob (AM)
SX-4,Receiver,AAD-404,AAD-404,Knob (MEMORY/STOP)
SX-4,Receiver,AAD-405,AAD-405,"Knob  (TAPE/ADPT, MONO, LOUDNESS)"
SX-4,Receiver,AAD-406,AAD-406,Knob (POWER)
SX-4,Receiver,ABE-072,ABE-072,CS-type washer
SX-4,Receiver,ABH-088,ABH-088,Coiled spring
SX-4,Receiver,ABN-047,ABN-047,Union nut
SX-4,Receiver,ACG-017,ACG-017,Ceramic capacitor
SX-4,Receiver,ACG-017,ACG-017,Ceramic capacitor
SX-4,Receiver,ACT-023,ACT-023,Variable resistor 1M (BALANCE)
SX-4,Receiver,ACT-128,ACT-128,Variable 250k (VOLUME)
SX-4,Receiver,ACT-140,ACT-140,Variable resistor 100k (BASS)
SX-4,Receiver,ACT-140,ACT-140,Variable resistor 100k (TREBLE)
SX-4,Receiver,ADG-052,ADG-052,AC Power cord
SX-4,Receiver,ADH-004,ADH-004,T-type FM antenna
SX-4,Receiver,AEC-358,AEC-358,Strain relief
SX-4,Receiver,AEC-838,AEC-838,Foot assembly
SX-4,Receiver,AEK-101,AEK-101,Fuse (3A)
SX-4,Receiver,AEK-108,AEK-108,Fuse (5A)
SX-4,Receiver,AEL-379,AEL-379,LED array
SX-4,Receiver,AHA-294,AHA-294,Side pad
SX-4,Receiver,AHD-961,AHD-961,Packing case
SX-4,Receiver,AKA-017,AKA-017,Terminal (ANTENNA)
SX-4,Receiver,AKB-076,AKB-076,Terminal (AM STEREO OUT)
SX-4,Receiver,AKB-077,AKB-077,Terminal (PLAY)
SX-4,Receiver,AKB-079,AKB-079,"Terminal (PHONO,AUX/VIDEO,REC)"
SX-4,Receiver,AKE-101,AKE-101,Terminal (SPEAKERS)
SX-4,Receiver,AKN-029,AKN-029,Phones jack (PHONES)
SX-4,Receiver,AKP-039,AKP-039,AC socket (AC OUTPUTS)
SX-4,Receiver,ANE-362,ANE-362,Top cover
SX-4,Receiver,ANM-075,ANM-075,Front panel assemb)y
SX-4,Receiver,ANR-432,ANR-432,Case cover
SX-4,Receiver,ANR-454,ANR-454,Display cover
SX-4,Receiver,ARB-439,ARB-439,Operating instructions  SX-4
SX-4,Receiver,ARP-015-0,ARP-015,Service manual  SX-4
SX-4,Receiver,ASG-177,ASG-177,Tact switch (STATION)
SX-4,Receiver,ASG-301,ASG-301,"3-ganged push switch (TAPE/ADPT, MONO, LOUDNESS)"
SX-4,Receiver,ASG-521,ASG-521,Push switch (POWER)
SX-4,Receiver,ASH-015,ASH-015,Slide switch (AM CHANNEL STEP)
SX-4,Receiver,ASS-016,ASS-016,Crystal resonator
SX-4,Receiver,ATB-636,ATB-636,Bar-antenna assembly
SX-4,Receiver,ATF-125,ATF-125,Ceramic resonator
SX-4,Receiver,ATT-839,ATT-839,Power transformer
SX-4,Receiver,AWM-351,AWM-351,"Complex assembly (Nos.111,114,117 and 118)"
SX-4,Receiver,AXC-013,AXC-013,Battery case
SX-4,Receiver,GWX-717,GWX-717,Control assembly B
SX-4,Receiver,GWX-721,GWX-721,Control assembly
SX-424,Receiver,AAA-004-B,AAA-004,Knob for tuning
SX-424,Receiver,AAB-007-B,AAB-007,"Knob for selector, output selector, bass, and treble"
SX-424,Receiver,AAB-013-0,AAB-013,Knob for volume (L)
SX-424,Receiver,AAB-014-0,AAB-014,Knob for volume (R)
SX-424,Receiver,AAD-029-0,AAD-029,"Knob for mode, tape monitor and loudness"
SX-424,Receiver,AAF-007-B,AAF-007,Dial pointer
SX-424,Receiver,AAG-035-0,AAG-035,Dial scale
SX-424,Receiver,AAW-003-A,AAW-003,Signal meter
SX-424,Receiver,ACE-001-A,ACE-001,Oil paper  0.01  800V (KUW)
SX-424,Receiver,AEC-012-0,AEC-012,Foot
SX-424,Receiver,AEL-006-0,AEL-006,Pilot lamp for signal meter
SX-424,Receiver,AHA-019-0,AHA-019,Side pad
SX-424,Receiver,AHD-088-0,AHD-088,Packing case
SX-424,Receiver,AKB-005-0,AKB-005,4P input terminal board
SX-424,Receiver,AKP-002-0,AKP-002,Spare AC ouﬂet
SX-424,Receiver,AKR-001-0,AKR-001,Line Voltage Selector (FVZW)
SX-424,Receiver,AKR-005-0,AKR-005,Fuse holder (KUW)
SX-424,Receiver,AMM-014-A,AMM-014,Wooden case
SX-424,Receiver,ANB-127-A,ANB-127,Front panel ass'y
SX-424,Receiver,ARB-054-0,ARB-054,Operanng instructions
SX-424,Receiver,ASA-017-0,ASA-017,Output selector (KUW)
SX-424,Receiver,ASA-028-0,ASA-028,Output selector (FVZW)
SX-424,Receiver,ASC-021-0,ASC-021,Selector switch
SX-424,Receiver,ASG-017-0,ASG-017,Push switch (Loudness)
SX-424,Receiver,ASG-017-0,ASG-017,Push switch (Mode)
SX-424,Receiver,ASG-017-0,ASG-017,Push switch (Tape Mon)
SX-424,Receiver,ATB-010-0,ATB-010,AM ferrite loopstick antenna
SX-424,Receiver,ATT-063-0,ATT-063,Power transformer (KUW)
SX-424,Receiver,ATT-064-0,ATT-064,Power transformer (FVZW)
SX-424,Receiver,AWE-008-0,AWE-008,Tuner unit
SX-424,Receiver,AWK-014-A,AWK-014,AF unit
SX-424,Receiver,AXB-001-0,AXB-001,AM ferrite loopstick antenna holder ass'y
SX-424,Receiver,B11-012-A,B11-012,Screw for ground
SX-424,Receiver,B11-041-A,B11-041,Screw to fix wooden case
SX-424,Receiver,C43-003-0,C43-003,Ceramic  0.01  DC 1.4 kV
SX-424,Receiver,C43-003-0,C43-003,Ceramic  0.01  DC 1.4 kV (FVZW)
SX-424,Receiver,C43-003-0,C43-003,Ceramic  0.01  DC 1.4 kV (FVZW)
SX-424,Receiver,C52-074-B,C52-074,Electrolytic  2200  50V
SX-424,Receiver,C82-046-A,C82-046,100k dual Bass
SX-424,Receiver,C82-046-A,C82-046,100k dual Treble
SX-424,Receiver,C87-025-0,C87-025,250k dual Volume
SX-424,Receiver,CEA 101P 10,CEA 101P 10,Electrolytic  100  10V
SX-424,Receiver,CKDYF 103Z 50,CKDYF 103Z 50,Ceramic  0.01  50V
SX-424,Receiver,CQMA 152K 50,CQMA 152K 50,Mylar  0.0015  50V
SX-424,Receiver,CQMA 152K 50,CQMA 152K 50,Mylar  0.0015  50V
SX-424,Receiver,CQMA 182K 50,CQMA 182K 50,Mylar  0.0018  50V
SX-424,Receiver,CQMA 562K 50,CQMA 562K 50,Mylar  0.0056  50V (KUW)
SX-424,Receiver,CQMA 562K 50,CQMA 562K 50,Mylar  0.0056  50V (KUW)
SX-424,Receiver,D11-003-E,D11-003,AC power cord
SX-424,Receiver,D52-013-0,D52-013,FM T-type antenna
SX-424,Receiver,E21 -033-0,E21 -033,Fuse 1A (KUW)
SX-424,Receiver,E21-004-0,E21-004,Fuse 1A (FVZW)
SX-424,Receiver,E21-022-0,E21-022,Fuse 3A for protection
SX-424,Receiver,E22-017-0,E22-017,Pilot lamp for dial scale
SX-424,Receiver,K11-043-A,K11-043,Antenna Input terminal board
SX-424,Receiver,K13-047-0,K13-047,4P ground terminal
SX-424,Receiver,K72-007-B,K72-007,Speaker plug
SX-424,Receiver,K72-015-A,K72-015,Pin plug
SX-424,Receiver,K72-020-0,K72-020,Microphone jack
SX-424,Receiver,K72-026-0,K72-026,Headphones jack
SX-424,Receiver,K72-031-0,K72-031,Speaker socket
SX-424,Receiver,K91-005-A,K91-005,Pilot lamp (for dial scale) socket
SX-424,Receiver,K93-003-B,K93-003,5P connector (DIN)
SX-424,Receiver,M42-071-F,M42-071,Dial shaft ass'y
SX-424,Receiver,M42-080-A,M42-080,Dial pulley
SX-424,Receiver,RD¼PS 473J,RD¼PS 473J,Carbon film  47k
SX-424,Receiver,RD¼PS 474J,RD¼PS 474J,Carbon film  470k
SX-424,Receiver,RD½PS 220J,RD½PS 220J,Carbon film  22  ½W
SX-424,Receiver,RD½PS 225J,RD½PS 225J,Carbon film  2.2M  ½W
SX-424,Receiver,RD½PS 821J,RD½PS 821J,Carbon film  820  ½W
SX-424,Receiver,RD½PS 821J,RD½PS 821J,Carbon film  820  ½W
SX-424,Receiver,RM2P 151 K,RM2P 151 K,Wire wound  150  2W
SX-424,Receiver,RM2P 151K,RM2P 151K,Wire wound  150  2W
SX-424,Receiver,RM2P 151K,RM2P 151K,Wire wound  150  2W
SX-424,Receiver,RM2P 151K,RM2P 151K,Wire wound  150  2W
SX-424,Receiver,T24-030-0,T24-030,Choke coil
SX-424,Receiver,W52-004-0,W52-004,Compound part for REC jack
SX-434,Receiver,AAA-024-0,AAA-024,Knob (Tuning)
SX-434,Receiver,AAB-068-A,AAB-068,"Knob (Speaker, Bass, Treble, Balance,Volume, Function)"
SX-434,Receiver,AAD-050-B,AAD-050,"Knob (FM muting, Mono, Tape monitor,Loudness)"
SX-434,Receiver,AAF-028-0,AAF-028,Dial pointer
SX-434,Receiver,AAG-076-A,AAG-076,Dial scale
SX-434,Receiver,AAL-211-0,AAL-211,Model name plate (KCU)
SX-434,Receiver,AAL-212-0,AAL-212,Model name plate (GN)
SX-434,Receiver,AAL-213-0,AAL-213,Model name plate (FV)
SX-434,Receiver,AAW-026-A,AAW-026,Tuning meter
SX-434,Receiver,ABA-010-A,ABA-010,Screw M4x15
SX-434,Receiver,ACG-001-0,ACG-001,Ceramic  0.01  250V (FV)
SX-434,Receiver,ACG-001-0,ACG-001,Ceramic  0.01  250V (FV)
SX-434,Receiver,ACG-001-0,ACG-001,"Ceramic  0.01  250V (KCU,FV)"
SX-434,Receiver,ACG-003-0,ACG-003,Ceramic  0.01  250V (KCU)
SX-434,Receiver,ACH-040-0,ACH-040,"Electrolytic capacitor 3,300 uF, 25V"
SX-434,Receiver,ACV-111-B,ACV-111,Variable resistor 250k-HB (Balance)
SX-434,Receiver,ACV-124-0,ACV-124,Variable resistor 250k-B1 (Volume)
SX-434,Receiver,ACV-137-0,ACV-137,Variable resistor 100k-A2 (Bass)
SX-434,Receiver,ACV-137-0,ACV-137,Variable resistor 100k-A2 (Treble)
SX-434,Receiver,ADG-004-0,ADG-004,AC power cord (FV)
SX-434,Receiver,ADG-005-A,ADG-005,AC power cord (KCU)
SX-434,Receiver,ADH-002-0,ADH-002,FM T-type antenna
SX-434,Receiver,AEB-014-A,AEB-014,Rubber bracket
SX-434,Receiver,AEC-004-0,AEC-004,Wire clip
SX-434,Receiver,AEC-004-0,AEC-004,Wire clip
SX-434,Receiver,AEC-058-0,AEC-058,Plastic cover
SX-434,Receiver,AEC-061-A,AEC-061,Foot
SX-434,Receiver,AEC-079-0,AEC-079,"AC cord grommet (KCU,FV)"
SX-434,Receiver,AEC-090-0,AEC-090,Spacer
SX-434,Receiver,AEC-101-0,AEC-101,Pulley
SX-434,Receiver,AEF-002-C,AEF-002,Spring
SX-434,Receiver,AEK-009-0,AEK-009,Fuse  1.5A (AC power - FV)
SX-434,Receiver,AEK-031-0,AEK-031,Fuse  0.8A (protection - GN)
SX-434,Receiver,AEK-042-0,AEK-042,Fuse  3.15A (protection - GN)
SX-434,Receiver,AEK-042-0,AEK-042,Fuse  3.15A (protection - GN)
SX-434,Receiver,AEK-042-0,AEK-042,Fuse  3.15A (protection - GN)
SX-434,Receiver,AEK-042-0,AEK-042,Fuse  3.15A (protection - GN)
SX-434,Receiver,AEK-042-0,AEK-042,Fuse  3.15A (protection - GN)
SX-434,Receiver,AEK-042-0,AEK-042,Fuse 3.15A (protection - GN)
SX-434,Receiver,AEK-101 -0,AEK-101 ,Fuse  3A (protection - KCU)
SX-434,Receiver,AEK-101-0,AEK-101,Fuse  3A (protection - KCU)
SX-434,Receiver,AEK-101-0,AEK-101,Fuse  3A (protection - KCU)
SX-434,Receiver,AEK-106-0,AEK-106,Fuse  1A (protection - KCU)
SX-434,Receiver,AEK-200-0,AEK-200,Fuse  3A (AC power - KCU)
SX-434,Receiver,AEL-017-0,AEL-017,"Pilot lamp 6V, 30mA (stereo indicator)"
SX-434,Receiver,AHA-019-0,AHA-019,Side pad
SX-434,Receiver,AHB-102-0,AHB-102,Operating instructions SX-434 (English)
SX-434,Receiver,AHD-064-0,AHD-064,"Operating instructions SX-434 (French/German - FV,GN)"
SX-434,Receiver,AHD-215-0,AHD-215,Packing case
SX-434,Receiver,AKA-001 -0,AKA-001 ,Speaker output terminal
SX-434,Receiver,AKA-001-0,AKA-001,Speaker output terminal
SX-434,Receiver,AKB-014-0,AKB-014,Phono jack-A (4 jacks)
SX-434,Receiver,AKB-015-0,AKB-015,Phono jack-B (4jacks)
SX-434,Receiver,AKC-015-0,AKC-015,Terminal strip (2P)
SX-434,Receiver,AKC-016-0,AKC-016,Terminal strip (4P)
SX-434,Receiver,AKE-017-0,AKE-017,Binding post for ground
SX-434,Receiver,AKK-002-0,AKK-002,Pilot lamp socket
SX-434,Receiver,AKK-002-0,AKK-002,Pilot lamp socket
SX-434,Receiver,AKP-004-0,AKP-004,"AC socket (KCU,FV)"
SX-434,Receiver,AKP-008-0,AKP-008,Connector (AC power - GN)
SX-434,Receiver,AKR-001-0,AKR-001,Fuse holder (AC power - FV)
SX-434,Receiver,AKR-011-0,AKR-011,"Fuse holder (protection - KCU,FV)"
SX-434,Receiver,AKR-017-0,AKR-017,Fuse holder (protection - GN)
SX-434,Receiver,ALA-008-0,ALA-008,Special nut
SX-434,Receiver,AMM-031-A,AMM-031,Wooden cabinet
SX-434,Receiver,ANA-062-B,ANA-062,Chassis
SX-434,Receiver,ANB-265-0,ANB-265,Front panel assembly
SX-434,Receiver,ANC-108-A,ANC-108,Rear panel (KCU)
SX-434,Receiver,ANC-109-A,ANC-109,Rear panel (GN)
SX-434,Receiver,ANC-110-A,ANC-110,Rear panel (FV)
SX-434,Receiver,ANE-016-C,ANE-016,Bottom plate
SX-434,Receiver,ANF-202-0,ANF-202,P.C. board holder
SX-434,Receiver,ANF-204-0,ANF-204,Reinforced metal
SX-434,Receiver,ANG-043-0,ANG-043,Pulley-held metal
SX-434,Receiver,ANG-096-0,ANG-096,Dial scale-held metal
SX-434,Receiver,ANH-078-B,ANH-078,Lamp box
SX-434,Receiver,ANH-192-0,ANH-192,Heat sink
SX-434,Receiver,ANK-017-A,ANK-017,Meter-held metal
SX-434,Receiver,ASA-039-0,ASA-039,Rotary switch (Power - KCU)
SX-434,Receiver,ASA-039-0,ASA-039,Rotary switch (Power - KCU)
SX-434,Receiver,ASA-040-0,ASA-040,"Rotary switch (Power - FV,GN)"
SX-434,Receiver,ASC-059-0,ASC-059,Rotary switch (Function)
SX-434,Receiver,ASG-055-0,ASG-055,"Push switch (Loudness, Mono,Tape monitor, FM muting)"
SX-434,Receiver,ASH-008-0,ASH-008,Slide switch (De-emphasis - FV)
SX-434,Receiver,ATB-015-A,ATB-015,Ferrite loopstick antenna
SX-434,Receiver,ATB-015-A,ATB-015,Ferrite loopstick antenna
SX-434,Receiver,ATT-169-0,ATT-169,Power transformer (KCU)
SX-434,Receiver,ATT-170-A,ATT-170,Power transformer (GN)
SX-434,Receiver,ATT-171-0,ATT-171,Power transformer (FV)
SX-434,Receiver,AWE-037-0,AWE-037,Tuner assembly
SX-434,Receiver,AWK-034-0,AWK-034,AF amplifier assembly
SX-434,Receiver,AWR-049-0,AWR-049,Power supply circuit assembly (FV)
SX-434,Receiver,AWR-059-0,AWR-059,Power supply circuit assembly (GN)
SX-434,Receiver,AWR-062-0,AWR-062,"Power supply circuit assembly (KCU,FV)"
SX-434,Receiver,AXA-015-A,AXA-015,Tuning pulley assembly
SX-434,Receiver,AXA-021-0,AXA-021,Tuning shaft assembly
SX-434,Receiver,AXB-001-A,AXB-001,Ferrite antenna holder assembly
SX-434,Receiver,B21-011-A,B21-011,Washer
SX-434,Receiver,B71-004-0,B71-004,Nut 9Φ
SX-434,Receiver,B71-004-0,B71-004,Nut 9Φ
SX-434,Receiver,B71-004-0,B71-004,Nut 9Φ
SX-434,Receiver,B71-031-0,B71-031,Nut (insulator)
SX-434,Receiver,CKDYF 103Z 50,CKDYF 103Z 50,Ceramic  0.01  50V
SX-434,Receiver,CKDYF 103Z 50,CKDYF 103Z 50,Ceramic  0.01  50V
SX-434,Receiver,CKDYF 103Z 50,CKDYF 103Z 50,Ceramic  0.01  50V (GN)
SX-434,Receiver,CQMA 103K 50,CQMA 103K 50,"Mylar  0.01  50V (KCU,FV)"
SX-434,Receiver,CQMA 103K 50,CQMA 103K 50,"Mylar  0.01  50V (KCU,FV)"
SX-434,Receiver,CQMA 122K 50,CQMA 122K 50,Mylar  0.0012  50V
SX-434,Receiver,CQMA 822K 50,CQMA 822K 50,Mylar  0.0082  50V
SX-434,Receiver,E21 -036-A,E21 -036,"Fuse  3A (protection - KCU,FV)"
SX-434,Receiver,E21-034-A,E21-034,Fuse  1A (protection FV)
SX-434,Receiver,E21-036-A,E21-036,Fuse  3A (protection - FV)
SX-434,Receiver,E21-036-A,E21-036,Fuse  3A (protection - FV)
SX-434,Receiver,E21-036-A,E21-036,Fuse  3A (protection - FV)
SX-434,Receiver,E21-036-A,E21-036,"Fuse  3A (protection - KCU,FV)"
SX-434,Receiver,E21-036-A,E21-036,"Fuse 3A (protection - KCU,FV)"
SX-434,Receiver,E22-032-0,E22-032,"Pilot lamp 8V, 0.3A (dial scale)"
SX-434,Receiver,E22-032-0,E22-032,"Pilot lamp 8V, 0.3A (meter)"
SX-434,Receiver,K11-043-0,K11-043,Antenna terminal board
SX-434,Receiver,K13-047-0,K13-047,Ground terminal strip (4P)
SX-434,Receiver,K13-047-0,K13-047,Ground terminal strip (4P)
SX-434,Receiver,K72-020-0,K72-020,Phone jack (Microphone)
SX-434,Receiver,K72-026-0,K72-026,Phone jack (Headphone)
SX-434,Receiver,K93-003-B,K93-003,Connector (DIN type 5P)
SX-434,Receiver,M45-086-A,M45-086,Spacer 1t
SX-434,Receiver,M45-086-A,M45-086,Washer 1t
SX-434,Receiver,M45-086-A,M45-086,Washer 1t
SX-434,Receiver,M45-086-A,M45-086,Washer 1t
SX-434,Receiver,M45-105-C,M45-105,Wire supporter
SX-434,Receiver,M46-138-0,M46-138,Wire supporter
SX-434,Receiver,M49-025-E,M49-025,Pulley shaft
SX-434,Receiver,RD¼PS 823J,RD¼PS 823J,Carbon film  82k
SX-434,Receiver,RD½PS 151J,RD½PS 151J,Carbon film  150 ½W
SX-434,Receiver,RD½PS 151J,RD½PS 151J,Carbon film  150 ½W
SX-434,Receiver,RD½PW 225J,RD½PW 225J,Carbon film  2.2M ½W (KCU)
SX-434,Receiver,T22-025-A,T22-025,Balun
SX-434,Receiver,W52-004-A,W52-004,Compound part for REC terminal
SX-440,Receiver,2SD226 or 2SD130,2SD226 or 2SD130,Transistor
SX-440,Receiver,2SD226 or 2SD130,2SD226 or 2SD130,Transistor
SX-440,Receiver,2SD226 or 2SD130,2SD226 or 2SD130,Transistor
SX-440,Receiver,2SD226 or 2SD130,2SD226 or 2SD130,Transistor
SX-440,Receiver,A12-131-0,A12-131,"Knob Bass, Treble, Power"
SX-440,Receiver,A12-134-0,A12-134,Knob Volume (L)
SX-440,Receiver,A12-136-0,A12-136,Knob Selector
SX-440,Receiver,A12-139-0,A12-139,Knob Tuning
SX-440,Receiver,A13-013-0,A13-013,Knob Volume (R)
SX-440,Receiver,A31-087 0,A31-087 0,Dial Pointer
SX-440,Receiver,A33-074-0,A33-074,Dial Glass
SX-440,Receiver,A91-007-0,A91-007,Tuning Meter
SX-440,Receiver,AWE-004,AWE-004,Tuner Unit (FVZW)
SX-440,Receiver,B11-022-B,B11-022,Screw to fix Wooden Case
SX-440,Receiver,C51-021-0,C51-021,Electrolytic 1000 16V
SX-440,Receiver,C51-021-0,C51-021,Electrolytic 1000 16V
SX-440,Receiver,C52-046-A,C52-046,Electrolytic 1000 35V
SX-440,Receiver,C82-033-0,C82-033,"100K dual, Bass"
SX-440,Receiver,C82-033-0,C82-033,"100K dual, Treble"
SX-440,Receiver,C87-021-0,C87-021,"250k dual, Volume"
SX-440,Receiver,E21-004-0,E21-004,Fuse 1A
SX-440,Receiver,E21-005-0,E21-005,Fuse 2A
SX-440,Receiver,E21-007-0,E21-007,Fuse 0.5A
SX-440,Receiver,E22-012-0,E22-012,Pilot Lamp
SX-440,Receiver,E22-015-0,E22-015,Pilot Lamp
SX-440,Receiver,K41-002-B,K41-002,Pilot Lamp socket
SX-440,Receiver,K72-007-B,K72-007,Plug for Speaker
SX-440,Receiver,K72-021-B,K72-021,Head phone Jack
SX-440,Receiver,K92-006-0,K92-006,Fuse Holder 2p
SX-440,Receiver,K93-003-B,K93-003,Connector 5p
SX-440,Receiver,M21-267-0,M21-267,Front Panel
SX-440,Receiver,M21-271-0,M21-271,Plastic Panel
SX-440,Receiver,M33-086-0,M33-086,Wooden Case
SX-440,Receiver,M42-009-B,M42-009,Dial Pulley
SX-440,Receiver,M42-018-E,M42-018,"Dial Pulley,for Tuning Capacitor"
SX-440,Receiver,M61-017-0,M61-017,Foot
SX-440,Receiver,R12-024-B,R12-024,"Installation, Operation and Service Manual SX-440"
SX-440,Receiver,S11-016-A,S11-016,Power Switch
SX-440,Receiver,S11-018-0,S11-018,Line Voltage Selector
SX-440,Receiver,S13-021 B,S13-021 B,Input Selector
SX-440,Receiver,S42-002-A,S42-002,Toggle Switch (LOUDNESS)
SX-440,Receiver,S42-002-A,S42-002,Toggle Switch (MODE)
SX-440,Receiver,S42-002-A,S42-002,Toggle Switch (SPEAKER ON/OFF)
SX-440,Receiver,S42-002-A,S42-002,Toggle Switch (SPEAKER)
SX-440,Receiver,S42-002-A,S42-002,Toggle Switch (TAPE MONITOR)
SX-440,Receiver,T42-022-B,T42-022,AM Ferrite Loopstick Antenna
SX-440,Receiver,T52-157-0,T52-157,Power Transformer
SX-440,Receiver,T61-041-0,T61-041,Matching Transformer
SX-440,Receiver,T61-041-0,T61-041,Matching Transformer
SX-440,Receiver,W15-073-A,W15-073,"AF Unit (KCLW, FVW, FVZW)"
SX-440,Receiver,W16-021-0,W16-021,"Power Supply Unit (KCLW, FVW, FVZW)"
SX-440,Receiver,W16-063,W16-063,Power Supply Unit (NBW)
SX-440,Receiver,W35-007-0,W35-007,Tuner Unit (F-W)
SX-440,Receiver,W35-022,W35-022,Tuner Unit (NBW)
SX-440,Receiver,W35-027,W35-027,"Tuner unit (KCLW, FVW)"
SX-440,Receiver,W36-011,W36-011,AF Unit (NBW)
SX-450,Receiver,AAA-036,AAA-036,Knob (TUNlNG)
SX-450,Receiver,AAB-099,AAB-099,Knob (BALANCE)
SX-450,Receiver,AAB-099,AAB-099,Knob (BASS)
SX-450,Receiver,AAB-099,AAB-099,Knob (TREBLE)
SX-450,Receiver,AAB-100,AAB-100,Knob (FUNCTION)
SX-450,Receiver,AAB-100,AAB-100,Knob (SPEAKER)
SX-450,Receiver,AAB-100,AAB-100,Knob (VOLUME)
SX-450,Receiver,AAD-110,AAD-110,Knob (FM MUTING)
SX-450,Receiver,AAD-110,AAD-110,Knob (LOUDNESS)
SX-450,Receiver,AAD-110,AAD-110,Knob (MONO)
SX-450,Receiver,AAD-110,AAD-110,Knob (TAPE MONITOR)
SX-450,Receiver,AAF-046,AAF-046,Dial pointer assembly
SX-450,Receiver,AAG-113,AAG-113,Dial scale board
SX-450,Receiver,AAW-053,AAW-053,Meter (AM/FM)
SX-450,Receiver,ABN-025,ABN-025,Boss
SX-450,Receiver,ACG-001,ACG-001,Ceramic 0.01 125V (KC)
SX-450,Receiver,ACG-001,ACG-001,Ceramic 0.01 250V (KU)
SX-450,Receiver,ACG-001,ACG-001,Ceramic 0.01 250V (KU/HG/S)
SX-450,Receiver,ACG-001,ACG-001,Ceramic 0.01 250V (S)
SX-450,Receiver,ACG-003,ACG-003,Ceramic 0.01 125V
SX-450,Receiver,ACG-003,ACG-003,Ceramic 0.01 125V (KC)
SX-450,Receiver,ACG-003,ACG-003,Ceramic 0.01 125V (KC/KU)
SX-450,Receiver,ACH-043,ACH-043,Electrolytic capacitor 4700/uF 35V
SX-450,Receiver,ACK-012,ACK-012,Tuning Capacitor
SX-450,Receiver,ACV-020,ACV-020,Variable resistor (BALANCE)
SX-450,Receiver,ACV-161,ACV-161,Variable resistor (VOLUME)
SX-450,Receiver,ACV-180,ACV-180,Variable resistor (BASS)
SX-450,Receiver,ACV-180,ACV-180,Variable resistor (TREBLE)
SX-450,Receiver,ADG-002,ADG-002,AC powercord (S)
SX-450,Receiver,ADG-005,ADG-005,AC cord (KU)
SX-450,Receiver,ADG-011,ADG-011,AC cord (KC)
SX-450,Receiver,AEC-240,AEC-240,Acrylic board
SX-450,Receiver,AEC-249,AEC-249,Fuse cover
SX-450,Receiver,AEK-100,AEK-100,"FU4  Fuse  4A (KU,KC)"
SX-450,Receiver,AEK-100,AEK-100,"FU5  Fuse  4A (KU,KC)"
SX-450,Receiver,AEK-100,AEK-100,Fuse 4A (S)
SX-450,Receiver,AEK-100,AEK-100,Fuse 4A (S)
SX-450,Receiver,AEK-101,AEK-101,"FU6  Fuse  3A (KU,KC)"
SX-450,Receiver,AEK-104,AEK-104,"Fuse  1.5A (KU,KC)"
SX-450,Receiver,AEK-104,AEK-104,Fuse 1.5A (S)
SX-450,Receiver,AEK-104,AEK-104,Fuse 1.6A (S)
SX-450,Receiver,AEK-107,AEK-107,"FU1  Fuse  0.5A (KU,KC)"
SX-450,Receiver,AEK-107,AEK-107,"FU2  Fuse  0.5A (KU,KC)"
SX-450,Receiver,AEK-107,AEK-107,Fuse 0.5A (S)
SX-450,Receiver,AEK-107,AEK-107,Fuse 0.5A (S)
SX-450,Receiver,AEK-400,AEK-400,Fuse 4A (HG)
SX-450,Receiver,AEK-400,AEK-400,Fuse 4A (HG)
SX-450,Receiver,AEK-401,AEK-401,Fuse 0.5A (HG)
SX-450,Receiver,AEK-401,AEK-401,Fuse 0.5A (HG)
SX-450,Receiver,AEK-405,AEK-405,Fuse 1.6A (HG)
SX-450,Receiver,AEK-405,AEK-405,Fuse 1.6A (HG)
SX-450,Receiver,AEL-060,AEL-060,"Lamp assembly (KU,KC)"
SX-450,Receiver,AEL-060,AEL-060,"Lamp assembly (KU,KC)"
SX-450,Receiver,AEL-060,AEL-060,"Lamp assembly (KU,KC)"
SX-450,Receiver,AEL-061,AEL-061,"Lamp with leads (KU,KC)"
SX-450,Receiver,AEL-062,AEL-062,"Lamp with leads (KU,KC)"
SX-450,Receiver,AKB-027,AKB-027,Terminal (INPUT)
SX-450,Receiver,AKB-027,AKB-027,Terminal (TAPE)
SX-450,Receiver,AKE-028,AKE-028,Terminal (ANTENNA)
SX-450,Receiver,AKE-029,AKE-029,Terminal (SPEAKER)
SX-450,Receiver,AKE-031,AKE-031,Terminal (GROUND)
SX-450,Receiver,AKN-009,AKN-009,Phone jack
SX-450,Receiver,AKN-011,AKN-011,Phone jack (MIC)
SX-450,Receiver,AKP-004,AKP-004,AC socket (KU/KC/S)
SX-450,Receiver,AKP-006,AKP-006,AC Inlet (HG)
SX-450,Receiver,AKP-011,AKP-011,DIN socket
SX-450,Receiver,AKP-016,AKP-016,Socket (FM antenna)
SX-450,Receiver,AKR-013,AKR-013,Fuse clip (KC/S)
SX-450,Receiver,AKR-030,AKR-030,Fuse clip (KU)
SX-450,Receiver,AKR-031,AKR-031,LINE VOLTAGE SELECTOR (4 position wirh Fuse holder - S)
SX-450,Receiver,AKX-037,AKX-037,LINE VOLTAGE SELECTOR (2 position - HG)
SX-450,Receiver,AMS-012,AMS-012,Side panel (L)
SX-450,Receiver,AMS-013,AMS-013,Side Panel (R)
SX-450,Receiver,ANB-443,ANB-443,Front panel assembly
SX-450,Receiver,ANE-120,ANE-120,Top plate (KU/KC)
SX-450,Receiver,ANE-131,ANE-131,Top plate (HG/S)
SX-450,Receiver,ARB-185,ARB-185,Operating instructions SX-450 (English-KU/KC)
SX-450,Receiver,ARB-191,ARB-191,Operating instructions SX-450 (English-S)
SX-450,Receiver,ARB-193,ARB-193,Operating instructions SX-450 (English-HG)
SX-450,Receiver,ARD-096,ARD-096,Operating instructions SX-450 (German/French - HG)
SX-450,Receiver,ASA-042,ASA-042,Rotary switch (SPEAKER)
SX-450,Receiver,ASA-042,ASA-042,Rotary Switch (SPEAKER/Power - KC/KU)
SX-450,Receiver,ASA-044,ASA-044,Rotary Switch (SPEAKER/Power - S)
SX-450,Receiver,ASA-045,ASA-045,Rotary Switch (SPEAKER/Power - HG)
SX-450,Receiver,ASD-048,ASD-048,Rocary switch (FUNCTION)
SX-450,Receiver,ASG-115,ASG-115,Push switch assembly
SX-450,Receiver,ASH-015,ASH-015,Slide Switch (FM DE-EMPHASIS)
SX-450,Receiver,ASH-015,ASH-015,Slide Switch (KC/KU)
SX-450,Receiver,ASH-017,ASH-017,Slide Switch (S)
SX-450,Receiver,ATT-304,ATT-304,Power transformer (KU)
SX-450,Receiver,ATT-320,ATT-320,Power transformer (KC)
SX-450,Receiver,ATT-322,ATT-322,Power Transformer (S)
SX-450,Receiver,ATT-333,ATT-333,Power Transformer (HG)
SX-450,Receiver,AWE-074,AWE-074,RF assembly
SX-450,Receiver,AWK-060,AWK-060,AF assembly (KU)
SX-450,Receiver,AWK-064,AWK-064,AF assembly (KC)
SX-450,Receiver,AWK-067,AWK-067,AF assembly (S)
SX-450,Receiver,AWK-069,AWK-069,AF assembly (HG)
SX-450,Receiver,AXA-006,AXA-006,Tuning drum assembly
SX-450,Receiver,AXA-117,AXA-117,Tuning shaft assembly
SX-450,Receiver,AXB-006,AXB-006,"Ferrite bar antenna (KU,KC)"
SX-450,Receiver,AXB-010,AXB-010,Ferrite Bar antenna (HG)
SX-450,Receiver,CKDYA912J 50,CKDYA912J 50,Ceramic 9100pF 50V (HG)
SX-450,Receiver,N/A,N/A,Service Manual SX-450 (KC/KU/HG/S)
SX-450,Receiver,RD½PS 225J,RD½PS 225J,Carbon film 2.2M ½W (KC/KU)
SX-450,Receiver,T24-030,T24-030,Ferry inductor
SX-5,Receiver,AAB-273,AAB-273,Knob (VOLUME)
SX-5,Receiver,AAB-274,AAB-274,"Knob (BASS,TREBLE,BALANCE)"
SX-5,Receiver,AAD-399,AAD-399,Knob (INPUT)
SX-5,Receiver,AAD-400,AAD-400,Knob (TUNING)
SX-5,Receiver,AAD-402,AAD-402,Knob (FM)
SX-5,Receiver,AAD-403,AAD-403,Knob (AM)
SX-5,Receiver,AAD-404,AAD-404,Knob (MEMORY/STOP)
SX-5,Receiver,AAD-405,AAD-405,"Knob  (TAPE/ADPT,TUNlNG,MONO,LOUDNESS)"
SX-5,Receiver,AAD-406,AAD-406,Knob (POWER)
SX-5,Receiver,ABH-088,ABH-088,Coiled spring
SX-5,Receiver,ABN-047,ABN-047,Union nut
SX-5,Receiver,ACG-017,ACG-017,Ceramic capacitor
SX-5,Receiver,ACH-224,ACH-224,Electrolytic (8000/42V)
SX-5,Receiver,ACT-023,ACT-023,Variable resistor 1M (BALANCE)
SX-5,Receiver,ACT-128,ACT-128,Variable resistor 250k (VOLUME)
SX-5,Receiver,ACT-140,ACT-140,Variable resistor 100k (BASS)
SX-5,Receiver,ACT-140,ACT-140,Variable resistor 100k (TREBLE)
SX-5,Receiver,ADG-052,ADG-052,AC power cord
SX-5,Receiver,ADH-004,ADH-004,T-type FM antenna
SX-5,Receiver,AEC-358,AEC-358,Strain relief
SX-5,Receiver,AEC-838,AEC-838,Foot assembly
SX-5,Receiver,AEK-100,AEK-100,"Fuse (4A,FU101)"
SX-5,Receiver,AEK-109,AEK-109,"Fuse (6A,FU102,FU103l"
SX-5,Receiver,AEL-351,AEL-351,LED(Green)
SX-5,Receiver,AEL-365,AEL-365,LED(Red)
SX-5,Receiver,AEL-378,AEL-378,LED numeric display
SX-5,Receiver,AHA-294,AHA-294,Side pad
SX-5,Receiver,AHD-953,AHD-953,Packing case
SX-5,Receiver,AKA-017,AKA-017,Terminal (ANTENNA)
SX-5,Receiver,AKB-076,AKB-076,Terminal (AM STEREO OUT)
SX-5,Receiver,AKB-077,AKB-077,Terminal (PLAY)
SX-5,Receiver,AKB-079,AKB-079,"Terminal (PHON0,/AUX/VIDEO,REC)"
SX-5,Receiver,AKE-101,AKE-101,Terminal (SPEAKERS)
SX-5,Receiver,AKN-029,AKN-029,Phone jack (PHONES)
SX-5,Receiver,AKP-039,AKP-039,AC socket (AC OUTLETS)
SX-5,Receiver,ANE-369,ANE-369,Top cover
SX-5,Receiver,ANM-074,ANM-074,Front panel assembly
SX-5,Receiver,ANR-407,ANR-407,Display cover
SX-5,Receiver,ANR-432,ANR-432,Case cover
SX-5,Receiver,ANR-455,ANR-455,Slider assembly
SX-5,Receiver,ARB-438,ARB-438,Operating instructions  SX-5
SX-5,Receiver,ARP-009-0,ARP-009,Service manual  SX-5
SX-5,Receiver,ASG-177,ASG-177,Tact switch (STATION CALL SWITCHES)
SX-5,Receiver,ASG-300,ASG-300,"4-ganged push switch (TAPE/ADPT,TUNlNG,MONO,LOUDNESS)"
SX-5,Receiver,ASG-521,ASG-521,Push switch (POWER)
SX-5,Receiver,ASH-015,ASH-015,Slide switch (AM CHANNEL STEP)
SX-5,Receiver,ASS-016,ASS-016,Crystal resonator
SX-5,Receiver,ATB-636,ATB-636,Bar-antenna assembly
SX-5,Receiver,ATF-125,ATF-125,Ceramic resonator
SX-5,Receiver,ATT-840,ATT-840,Power transformer
SX-5,Receiver,AXC-013,AXC-013,Battery case
SX-5,Receiver,GWM-207,GWM-207,Complex assembly
SX-5,Receiver,GWX-706,GWX-706,Control assembly
SX-50,Receiver,AAB-342,AAB-342,Knob (VOLUME)
SX-50,Receiver,AAB-343,AAB-343,Knob (BALANCE)
SX-50,Receiver,AAD-691,AAD-691,Knob A (TREBLE)
SX-50,Receiver,AAD-692,AAD-692,Knob B (BASS)
SX-50,Receiver,AAD-711,AAD-711,Knob (POWER)
SX-50,Receiver,AAV-022,AAV-022,FL tube
SX-50,Receiver,ABA-176,ABA-176,Screw
SX-50,Receiver,ABN-080,ABN-080,Nut
SX-50,Receiver,ACG-502,ACG-502,Ceramic (0.01/AC 125V)
SX-50,Receiver,ACH-257,ACH-257,Electroiytic (8200/50)
SX-50,Receiver,ACN-147,ACN-147,Wire wound (75/10W)
SX-50,Receiver,ACT-210,ACT-210,"100k x 2,50k (VOLUME, BALANCE)"
SX-50,Receiver,ACX-122,ACX-122,"10k (BASS, TREBLE)"
SX-50,Receiver,ADG-073,ADG-073,AC power cord
SX-50,Receiver,ADH-005,ADH-005,FM antenna
SX-50,Receiver,AEC-352,AEC-352,Nylon rivet
SX-50,Receiver,AEK-125,AEK-125,Fuse (4A)
SX-50,Receiver,AEP-007,AEP-007,Bumper
SX-50,Receiver,AHA-348,AHA-348,Front pad
SX-50,Receiver,AHA-349,AHA-349,Rear pad
SX-50,Receiver,AHB-556,AHB-556,Operating instructions (English)  SX-50
SX-50,Receiver,AHE-204,AHE-204,Packing case
SX-50,Receiver,AKB-076,AKB-076,Terminal (AM STEREO)
SX-50,Receiver,AKB-093,AKB-093,Terminal (PHONO)
SX-50,Receiver,AKB-094,AKB-094,"Terminal (PRE AMP, POWER AMP)"
SX-50,Receiver,AKB-094,AKB-094,Terminal (TAPE2/ADAPTOR)
SX-50,Receiver,AKB-098,AKB-098,Terminal (VIDEO L/MONO)
SX-50,Receiver,AKB-102,AKB-102,Terminal (VIDEO R)
SX-50,Receiver,AKH-017,AKH-017,Transistor socket
SX-50,Receiver,AKM-041,AKM-041,Connection plug
SX-50,Receiver,AKN-045,AKN-045,Headphone jack (PHONES)
SX-50,Receiver,AKP-039,AKP-039,AC socket
SX-50,Receiver,AKX-078,AKX-078,"Complex terminal (SPEAKERS, ANTENNA, TAPE1, CD/AUX)"
SX-50,Receiver,ANE-443,ANE-443,Bonnet
SX-50,Receiver,ANM-380,ANM-380,Front panel assembly
SX-50,Receiver,ASG-541 (ASG-539),ASG-541 (ASG-539),Push switch (POWER)
SX-50,Receiver,ASG-704,ASG-704,"Tact switch (STATION CALL, FUNCTION, UP, DOWN)"
SX-50,Receiver,ASG-816,ASG-816,"Push switch (TUNING MODE, MEMORY)"
SX-50,Receiver,ASH-034,ASH-034,Slide switch (CHANNEL STEP)
SX-50,Receiver,ASR-107,ASR-107,Relay
SX-50,Receiver,ASS-018,ASS-018,Crystal resonator
SX-50,Receiver,ATB-086,ATB-086,Loop antenna
SX-50,Receiver,ATS-017,ATS-017,Power transformer (120V)
SX-50,Receiver,AXC-019,AXC-019,Battery case
SX-50,Receiver,GWM-303,GWM-303,Complex assembly
SX-50,Receiver,GWX-909,GWX-909,Control assembly
SX-50,Receiver,SEA5V2BB3S,SEA5V2BB3S,Push switch (LOUDNESS/MONO)
SX-50,Receiver,SEA6V441S,SEA6V441S,"Push switch (TAFE1, TAPE2/ADAPTOR, SIMULATED STEREO)"
SX-50,Receiver,SEAV3S,SEAV3S,Push switch (SUBSONIC)
SX-50,Receiver,SUL8LYZSF,SUL8LYZSF,Push switch (SPEAKERS)
SX-525,Receiver,AAA-004-B,AAA-004,Knob for tuning
SX-525,Receiver,AAB-007-B,AAB-007,"Knob for speakers, bass, treble, balance, volume and selector"
SX-525,Receiver,AAD-024-A,AAD-024,"Knob for loudness, FM muting, tape monitor, and mode"
SX-525,Receiver,AAF-007-C,AAF-007,Dial pointer ass'y
SX-525,Receiver,AAG-027-A,AAG-027,Dial scale
SX-525,Receiver,AAW-005-0,AAW-005,Signal meter
SX-525,Receiver,ACE -001-0,ACE -001,Oil paper 0.01  800V
SX-525,Receiver,ACH-011-A,ACH-011,Electrolytic 3300  63V
SX-525,Receiver,ACV-105-0,ACV-105,"Dual, volume"
SX-525,Receiver,ACV-106-0,ACV-106,"Dual, balance"
SX-525,Receiver,AEC-012-0,AEC-012,Foot
SX-525,Receiver,AEK-009-0,AEK-009,Fuse 1.5A for protection
SX-525,Receiver,AEL-006-0,AEL-006,Pilot lamp for FM stereo indicator
SX-525,Receiver,AEL-007-0,AEL-007,Pilot lamp for program indicator
SX-525,Receiver,AHA-007-0,AHA-007,Styrotector
SX-525,Receiver,AHD-064-0,AHD-064,Packing case
SX-525,Receiver,AKB-003-0,AKB-003,12P input terminal board
SX-525,Receiver,AKR -001,AKR -001,LINE VOLTAGE SELECTOR
SX-525,Receiver,AMM-006-A,AMM-006,Wooden case
SX-525,Receiver,ANB-103-C,ANB-103,Front panel ass'y
SX-525,Receiver,ARB-042-0,ARB-042,Operating instructions SX-525
SX-525,Receiver,ASA-017-0,ASA-017,Output selector (POWER/SPEAKERS - KUW/KCW)
SX-525,Receiver,ASA-018,ASA-018,Output selector (POWER/SPEAKERS - FVZW/NBW)
SX-525,Receiver,ASC-020-0,ASC-020,Selector switch (PROGRAM SOURCE)
SX-525,Receiver,ASG-016-0,ASG-016,Mini switch
SX-525,Receiver,ATB-006-0,ATB-006,Ferrite loopstick antenna (KUW)
SX-525,Receiver,ATT-043-C,ATT-043,"Power transformer (KUW,KCW)"
SX-525,Receiver,ATT-044-C,ATT-044,Power transformer (FVZW)
SX-525,Receiver,ATT-060-A,ATT-060,Power transformer (NBW)
SX-525,Receiver,AWE-003-0,AWE-003,Tuner unit
SX-525,Receiver,AWF-003-0,AWF-003,Head amp unit
SX-525,Receiver,AWG-011-0,AWG-011,Control amp unit
SX-525,Receiver,AWH-006-A,AWH-006,"Main amp unit (KUW,KCW,FVZW)"
SX-525,Receiver,AWH-012-0,AWH-012,Main amp unit (NBW)
SX-525,Receiver,AWR-007-0,AWR-007,"Power supply unit (KUW,KUC,FVZW)"
SX-525,Receiver,AWR-013-0,AWR-013,Power supply unit (NBW)
SX-525,Receiver,AWS-015-0,AWS-015,Switch unit
SX-525,Receiver,AWX-010-A,AWX-010,Lamp unit
SX-525,Receiver,AWX-012-0,AWX-012,CR unit
SX-525,Receiver,AXB-001-0,AXB-001,Ferrite loopstick antenna holder ass'y
SX-525,Receiver,B11-012-A,B11-012,Screw for grounding
SX-525,Receiver,B11-041-A,B11-041,Screw to fix wooden case
SX-525,Receiver,C43-003-0,C43-003,Ceramic 0.01  DC 1.4kV
SX-525,Receiver,C52-075-B,C52-075,Electrolytic 2200  35V
SX-525,Receiver,C52-075-B,C52-075,Electrolytic 2200  35V
SX-525,Receiver,C82-046-A,C82-046,"Dual, bass"
SX-525,Receiver,C82-046-A,C82-046,"Dual, treble"
SX-525,Receiver,CEA 101 P 6,CEA 101 P 6,Electrolytic 100  6V
SX-525,Receiver,CEA 101P 16,CEA 101P 16,Electrolytic 100  16V
SX-525,Receiver,CKDYF 103Z 50,CKDYF 103Z 50,Ceramic 0.01  50V
SX-525,Receiver,CQMA 182K 50,CQMA 182K 50,Mylar 0.0018  50V
SX-525,Receiver,CQMA 332K 50,CQMA 332K 50,Mylar 0.0033 50V (KCW)
SX-525,Receiver,CQMA 332K 50,CQMA 332K 50,Mylar 0.0033 50V (KCW)
SX-525,Receiver,CQMA 473K 50,CQMA 473K 50,Mylar 0.047  50V
SX-525,Receiver,D11-003-E,D11-003,AC power cord
SX-525,Receiver,D52-013-0,D52-013,FM T-type antenna
SX-525,Receiver,E21-022-0,E21-022,Fuse 3A for protection
SX-525,Receiver,E21-026-0,E21-026,Fuse 2A for protection
SX-525,Receiver,E21-027-0,E21-027,Fuse 2A
SX-525,Receiver,E22-017-A,E22-017,Pilot lamp for dial scale and signal meter
SX-525,Receiver,K11-043-C,K11-043,Antenna terminal board
SX-525,Receiver,K13-047-0,K13-047,4P ground terminal
SX-525,Receiver,K72-007-B,K72-007,Speaker plug
SX-525,Receiver,K72-020-0,K72-020,Microphone jack
SX-525,Receiver,K72-026-0,K72-026,Headphones jack
SX-525,Receiver,K72-031-0,K72-031,Speaker socket
SX-525,Receiver,K82-011-0,K82-011,Spare AC outlet
SX-525,Receiver,K91-005-A,K91-005,Pilot lamp (for signal meter) socket
SX-525,Receiver,K93-003-B,K93-003,5P connector (DIN)
SX-525,Receiver,K96-007-C,K96-007,Fuse (for protection) holder
SX-525,Receiver,K96-007-C,K96-007,LINE VOLTAGE SELECTOR
SX-525,Receiver,M42-071-F,M42-071,Dial shaft ass'y
SX-525,Receiver,M42-080A,M42-080A,Dial pulley
SX-525,Receiver,RD¼PS 474J,RD¼PS 474J,Carbon film 470k
SX-525,Receiver,RD½PS 122J,RD½PS 122J,Carbon film 1.2k  ½W
SX-525,Receiver,RD½PS 220J,RD½PS 220J,Carbon film 22  ½W
SX-525,Receiver,RD½PS 225J,RD½PS 225J,Carbon film 2.2M ½W (KCW)
SX-525,Receiver,RM2P 151K,RM2P 151K,Wire wound 150  2W
SX-525,Receiver,RM2P 151K,RM2P 151K,Wire wound 150  2W
SX-525,Receiver,RT5B 100K,RT5B 100K,Wire wound 10  5W
SX-525,Receiver,T24-030-0,T24-030,Choke coil
SX-525,Receiver,T42-022-C,T42-022,"Ferrite loopstick antenna (KCW,FVZW,NBW)"
SX-525,Receiver,W52-004-0,W52-004,Compound part for REC Jack
SX-535,Receiver,1S2473,1S2473,Diode
SX-535,Receiver,AAA-024-0,AAA-024,Knob (TUNING)
SX-535,Receiver,AAB-068-A,AAB-068,"Knob (BASS, TREBLE, BALANCE,VOLUME, FUNCTION)"
SX-535,Receiver,AAD-054-B,AAD-054,"Knob (SPEAKERS, MONO, TAPE, MONITOR, LOUDNESS)"
SX-535,Receiver,AAD-082-B,AAD-082,Knob (FM MUTlNG)
SX-535,Receiver,AAD-084-A,AAD-084,Knob (POWER)
SX-535,Receiver,AAE-007-0,AAE-007,Sub-knob
SX-535,Receiver,AAE-008-0,AAE-008,Sub-knob
SX-535,Receiver,AAF-020-0,AAF-020,Dial pointer assembly
SX-535,Receiver,AAG-083-A,AAG-083,Dial scale
SX-535,Receiver,AAL-218-0,AAL-218,Model name plate (KCU)
SX-535,Receiver,AAL-219-0,AAL-219,Model name plate (FV)
SX-535,Receiver,AAL-220-0,AAL-220,Model name plate (GN)
SX-535,Receiver,AAW-033-0,AAW-033,Meter (Signal & Tuning)
SX-535,Receiver,ABA-010-A,ABA-010,Screw M4 x 15
SX-535,Receiver,ABE-001-0,ABE-001,Claw washer
SX-535,Receiver,ABE-005-0,ABE-005,Washer
SX-535,Receiver,ACG-001-0,ACG-001,Ceramic  0.01  250 (FV)
SX-535,Receiver,ACG-001-0,ACG-001,Ceramic  0.01  250V (FV)
SX-535,Receiver,ACG-001-0,ACG-001,"Ceramic  0.01  250V (KCU,FV)"
SX-535,Receiver,ACG-003-0,ACG-003,Ceramic  0.01  250V (KCU)
SX-535,Receiver,ACH-042-0,ACH-042,"Electrolytic capacitor 4,700uF 35V"
SX-535,Receiver,ACV-135-0,ACV-135,Variable resistor  250k-HB (BALANCE)
SX-535,Receiver,ACV-138-0,ACV-138,Variable resistor  100k-A2 (BASS)
SX-535,Receiver,ACV-138-0,ACV-138,Variable resistor  100k-A2 (TREBLE)
SX-535,Receiver,ACV-139-0,ACV-139,Variable resistor  250k-B1 (VOLUME)
SX-535,Receiver,ADG-004-0,ADG-004,AC power cord (FV)
SX-535,Receiver,ADG-005-A,ADG-005,AC power cord (KCU)
SX-535,Receiver,ADH-002-0,ADH-002,FM T-type antenna
SX-535,Receiver,AEB-019-0,AEB-019,P.C. board holder
SX-535,Receiver,AEB-062-0,AEB-062,Rubber bracket
SX-535,Receiver,AEC-004-0,AEC-004,Wire clip
SX-535,Receiver,AEC-005-0,AEC-005,Wire clip
SX-535,Receiver,AEC-007-0,AEC-007,Wire clip
SX-535,Receiver,AEC-031-0,AEC-031,Nylon sheet
SX-535,Receiver,AEC-058-0,AEC-058,Plastic cover
SX-535,Receiver,AEC-061-A,AEC-061,Foot assembly
SX-535,Receiver,AEC-079-0,AEC-079,"Cord grommet (KCU,FV)"
SX-535,Receiver,AEC-085-0,AEC-085,Insulator nut
SX-535,Receiver,AEC-101-0,AEC-101,Pulley
SX-535,Receiver,AEC-116-0,AEC-116,Spacer
SX-535,Receiver,AEC-119-0,AEC-119,Sponge gum
SX-535,Receiver,AEC-152-A,AEC-152,Spacer
SX-535,Receiver,AEC-153-0,AEC-153,Pulley
SX-535,Receiver,AEC-154-A,AEC-154,Antenna clamper
SX-535,Receiver,AEC-160-0,AEC-160,Bush
SX-535,Receiver,AEC-164-0,AEC-164,Spacer
SX-535,Receiver,AED-036-A,AED-036,Mask
SX-535,Receiver,AEF-004-0,AEF-004,Spacer
SX-535,Receiver,AEK-014-0,AEK-014,Fuse (protection)  500mA (GN)
SX-535,Receiver,AEK-042-0,AEK-042,Fuse (protection)  3.15A (GN)
SX-535,Receiver,AEK-100-0,AEK-100,"Fuse (protection)  4A (KCU,FV)"
SX-535,Receiver,AEK-101-0,AEK-101,"Fuse (protection)  3A (KCU,FV)"
SX-535,Receiver,AEK-104-0,AEK-104,Fuse (primary)  l.5A (FV)
SX-535,Receiver,AEK-107-0,AEK-107,"Fuse (protection)  0.5A (KCU,FV)"
SX-535,Receiver,AEK-200-0,AEK-200,Fuse (primary)  3A (KCU)
SX-535,Receiver,AEK-400-0,AEK-400,Fuse (protection)  4A (GN)
SX-535,Receiver,AEL-025-0,AEL-025,Lamp - dial pointer 8V 50mA
SX-535,Receiver,AEL-025-0,AEL-025,"Pilot lamp 8V, 50mA (Stereo indicator)"
SX-535,Receiver,AKA-001-0,AKA-001,Speaker output terminal
SX-535,Receiver,AKA-002-0,AKA-002,Antenna terminal board
SX-535,Receiver,AKB-014-0,AKB-014,Phono jack A (4-jacks)
SX-535,Receiver,AKB-015-0,AKB-015,Phono jack B (4-jacks)
SX-535,Receiver,AKC-024-A,AKC-024,"Terminal strip (4P - KCU,FV)"
SX-535,Receiver,AKE-017-0,AKE-017,Binding post for ground
SX-535,Receiver,AKK-002-0,AKK-002,Pilot lamp socket
SX-535,Receiver,AKP-004-0,AKP-004,"AC socket (KCU,FV)"
SX-535,Receiver,AKP-008-0,AKP-008,Connector socket (AC power inlet - GN)
SX-535,Receiver,AKR-001-0,AKR-001,Line voltage selector (fuse holder - FV)
SX-535,Receiver,AKR-011-0,AKR-011,"Fuse holder (F2, F3 - protection -KCU,FV)"
SX-535,Receiver,AKR-017-0,AKR-017,"Fuse holder (F2, F3 - protection - GN)"
SX-535,Receiver,ALA-008-0,ALA-008,Stud nut
SX-535,Receiver,AMM-041-A,AMM-041,Wooden cabinet
SX-535,Receiver,ANA-070-C,ANA-070,Chassis
SX-535,Receiver,ANB-283-A,ANB-283,Front panel assembly (Includes 69 & 70)
SX-535,Receiver,ANC-124-A,ANC-124,Rear panel (GN)
SX-535,Receiver,ANC-126-A,ANC-126,Rear panel (KCU)
SX-535,Receiver,ANC-127-A,ANC-127,Rear panel (FV)
SX-535,Receiver,AND-076-B,AND-076,Sub-panel
SX-535,Receiver,ANE-059-B,ANE-059,Bottom plate
SX-535,Receiver,ANF-262-B,ANF-262,Lamp holder
SX-535,Receiver,ANF-264-A,ANF-264,Switch mount plate
SX-535,Receiver,ANF-266-A,ANF-266,Sub-chassis
SX-535,Receiver,ANF-267-A,ANF-267,Reinforcement plate
SX-535,Receiver,ANG-105-0,ANG-105,Dial scale-held metal
SX-535,Receiver,ANG-106-A,ANG-106,Pulley-held metal
SX-535,Receiver,ANG-107-A,ANG-107,Pulley-held metal
SX-535,Receiver,ANH-219-B,ANH-219,Lamp box
SX-535,Receiver,ANH-221-0,ANH-221,Lamp box
SX-535,Receiver,ANK-072-0,ANK-072,P.C. board cover
SX-535,Receiver,ASC-061-0,ASC-061,Rotary switch (FUNCTION)
SX-535,Receiver,ASG-040-0,ASG-040,Push switch (FM muting)
SX-535,Receiver,ASG-043-0,ASG-043,Push switch (power - KSC)
SX-535,Receiver,ASG-070-0,ASG-070,"Push switch (power - FV,GN)"
SX-535,Receiver,ASG-073-A,ASG-073,"Push switch (SPEAKER A, B)"
SX-535,Receiver,ASG-075-A,ASG-075,"Push switch (TAPE MONITOR 1,2,MODE ,LOUDNESS)"
SX-535,Receiver,ASH-008-0,ASH-008,Slide switch (de-emphasis - FV)
SX-535,Receiver,ATB-026-0,ATB-026,Ferrite loopstick antenna
SX-535,Receiver,ATT-188-0,ATT-188,Power transformer (KCU)
SX-535,Receiver,ATT-189-A,ATT-189,Power transformer (GN)
SX-535,Receiver,ATT-190-0,ATT-190,Power transformer (FV)
SX-535,Receiver,AWE-046-0,AWE-046,Tuner assembly
SX-535,Receiver,AWF-014-0,AWF-014,Equalizer amplifier assembly
SX-535,Receiver,AWH-035-0,AWH-035,Power amplifier assembly
SX-535,Receiver,AWM-068-0,AWM-068,SW & control assembly
SX-535,Receiver,AWR-065-0,AWR-065,"Power supply circuit assembly (KCU,FV)"
SX-535,Receiver,AWR-065-0,AWR-065,"Power supply circuit assembly (KCU,FV)"
SX-535,Receiver,AWR-067-0,AWR-067,Power supply circuit assembly (GN)
SX-535,Receiver,AWX-062-0,AWX-062,5P connector assembly
SX-535,Receiver,AWX-072-0,AWX-072,Lamp board assembly
SX-535,Receiver,AXA-015-A,AXA-015,Tuning pulley assembly
SX-535,Receiver,AXA-025-0,AXA-025,Tuning shaft assembly
SX-535,Receiver,AXB-001-0,AXB-001,Antenna holder assembly
SX-535,Receiver,B21-011-0,B21-011,Claw washer
SX-535,Receiver,B22-016-0,B22-016,Washer (0.5t)
SX-535,Receiver,B71-004-0,B71-004,Nut (9Φ)
SX-535,Receiver,CEA 331P 35,CEA 331P 35,Electrolytic  330  35V
SX-535,Receiver,CKDYF 103Z 50,CKDYF 103Z 50,Ceramic  0.01  50V
SX-535,Receiver,CQMA 222K 50,CQMA 222K 50,Mylar  0.0022  50V
SX-535,Receiver,CQMA 562K 50,CQMA 562K 50,Mylar  0.0056  50V
SX-535,Receiver,CQMA 822K 50,CQMA 822K 50,"Mylar  0.0082  50V (KCU,FV)"
SX-535,Receiver,CQMA 822K 50,CQMA 822K 50,"Mylar  0.0082  50V (KCU,FV)"
SX-535,Receiver,E22-032-0,E22-032,Lamp - dial scale 8V 300mA
SX-535,Receiver,E22-032-0,E22-032,Lamp - signal & tuning meter 8V 300mA
SX-535,Receiver,E22-032-0,E22-032,"Pilot lamp 8V, 0.3A (dial scale)"
SX-535,Receiver,E22-032-0,E22-032,"Pilot lamp 8V, 0.3A (meter)"
SX-535,Receiver,E32-045-A,E32-045,Insulator bush
SX-535,Receiver,E34-004-0,E34-004,Insulator washer
SX-535,Receiver,K13-047-0,K13-047,Ground terminal Strip (4P)
SX-535,Receiver,K13-048-0,K13-048,Ground terminal strip (2P)
SX-535,Receiver,K72-020-0,K72-020,Phone jack (MIC)
SX-535,Receiver,K72-026-0,K72-026,Phone jack (Headphone)
SX-535,Receiver,M45-086-0,M45-086,Washer
SX-535,Receiver,M45-105-C,M45-105,Wire supporter
SX-535,Receiver,M49-025-E,M49-025,Pulley shaft
SX-535,Receiver,RD¼PS 225J,RD¼PS 225J,Carbon film  2.2M (KCU)
SX-535,Receiver,RD¼PS 393J,RD¼PS 393J,Carbon film  39k
SX-535,Receiver,RS2P 561K,RS2P 561K,Metal oxide  560  2W
SX-535,Receiver,RS2P 561K,RS2P 561K,Metal oxide  560  2W
SX-535,Receiver,T22-025-A,T22-025,Balun
SX-550,Receiver,AAA-036,AAA-036,Knob (TUNING)
SX-550,Receiver,AAB-099,AAB-099,Knob (BALANCE)
SX-550,Receiver,AAB-099,AAB-099,"Knob (BASS, TREBLE)"
SX-550,Receiver,AAB-100,AAB-100,Knob (FUNCTION)
SX-550,Receiver,AAB-100,AAB-100,Knob (SPEAKER)
SX-550,Receiver,AAB-110,AAB-110,Knob (VOLUME)
SX-550,Receiver,AAD-100,AAD-100,"Knob (LOUDNESS, TAPE MONITOR 1,2)"
SX-550,Receiver,AAD-110,AAD-110,"Knob (FM MUTING, MONO)"
SX-550,Receiver,AAW-053,AAW-053,Meter
SX-550,Receiver,ABN-025,ABN-025,Union Nut
SX-550,Receiver,ACG-001,ACG-001,Ceramic 0.01 150V (DC1 .4kV) (KU)
SX-550,Receiver,ACG-003,ACG-003,Ceramic 0.01 150V (DC1 .4kV)
SX-550,Receiver,ACH-055,ACH-055,"Electrolytic 6,800 35V"
SX-550,Receiver,ACH-055,ACH-055,"Electrolytic 6,800 35V"
SX-550,Receiver,ACK-012,ACK-012,Tuning Capacitor
SX-550,Receiver,ACV-126,ACV-126,Variable resistor (BALANCE)
SX-550,Receiver,ACV-138,ACV-138,"Variable resistor (BASS, TREBLE)"
SX-550,Receiver,ACV-161,ACV-161,Variabie resistor (VOLUME)
SX-550,Receiver,ADG-002,ADG-002,AC power cord (S)
SX-550,Receiver,ADG-005,ADG-005,AC power cord (KC)
SX-550,Receiver,AEC-099,AEC-099,Capacitor cover (HG)
SX-550,Receiver,AEC-099,AEC-099,Capacitor cover (S)
SX-550,Receiver,AEC-240,AEC-240,Acrylic board
SX-550,Receiver,AEC-249,AEC-249,Fuse cover
SX-550,Receiver,AEK-017,AEK-017,Fuse 2A (HG)
SX-550,Receiver,AEK-100,AEK-100,Fuse 4A
SX-550,Receiver,AEK-100,AEK-100,Fuse 4A
SX-550,Receiver,AEK-100,AEK-100,Fuse 4A
SX-550,Receiver,AEK-100,AEK-100,"Fuse 4A (110V, 120V - S)"
SX-550,Receiver,AEK-103,AEK-103,"2A (220V, 240V - S)"
SX-550,Receiver,AEK-103,AEK-103,Fuse 2A (S)
SX-550,Receiver,AEK-104,AEK-104,Fuse 1.5A
SX-550,Receiver,AEK-111,AEK-111,Fuse 0.8A
SX-550,Receiver,AEK-111,AEK-111,Fuse 0.8A
SX-550,Receiver,AEK-400,AEK-400,Fuse 4A (HG)
SX-550,Receiver,AEK-400,AEK-400,Fuse 4A (HG)
SX-550,Receiver,AEK-402,AEK-402,Fuse 1A (HG)
SX-550,Receiver,AEK-402,AEK-402,Fuse 1A (HG)
SX-550,Receiver,AEK-405,AEK-405,Fuse 1.6A (HG)
SX-550,Receiver,AEL-060,AEL-060,Lamp assembly 8V 300mA
SX-550,Receiver,AEL-060,AEL-060,Lamp assembly 8V 300mA
SX-550,Receiver,AEL-060,AEL-060,Lamp assembly 8V 300mA
SX-550,Receiver,AEL-061,AEL-061,Lamp with leads 6V 50mA
SX-550,Receiver,AEL-062,AEL-062,Lamp with leads 6V 50mA
SX-550,Receiver,AHD-348,AHD-348,Packing case
SX-550,Receiver,AHD-350,AHD-350,Packing case (S)
SX-550,Receiver,AKB-027,AKB-027,Terminal 4P
SX-550,Receiver,AKC-030,AKC-030,Terminal 2P (HG)
SX-550,Receiver,AKE-028,AKE-028,Terminal (ANTENNA)
SX-550,Receiver,AKE-029,AKE-029,Terminal (SPEAKERS)
SX-550,Receiver,AKN-009,AKN-009,Phone jack (PHONES)
SX-550,Receiver,AKN-011,AKN-011,Phone jack (MIC)
SX-550,Receiver,AKP-004,AKP-004,AC socket (AC OUTLETS)
SX-550,Receiver,AKP-008,AKP-008,AC socket (INLET - HG)
SX-550,Receiver,AKP-011,AKP-011,DIN connector socket (REC/PLAY)
SX-550,Receiver,AKP-016,AKP-016,Socket (FM Antenna - HG)
SX-550,Receiver,AKR-030,AKR-030,Fuse clip (KU)
SX-550,Receiver,AKR-031,AKR-031,Line voltage selector (S)
SX-550,Receiver,AKX-037,AKX-037,Line voltage selector (HG)
SX-550,Receiver,ANB-417,ANB-417,Front panel assembly
SX-550,Receiver,ANE-131,ANE-131,Top plate (HG)
SX-550,Receiver,ANE-131,ANE-131,Top plate (S)
SX-550,Receiver,ARB-182,ARB-182,Operating instructions SX-550
SX-550,Receiver,ARB-183,ARB-183,Operating instructions SX-550 (Engish - S)
SX-550,Receiver,ARD-093,ARD-093,Operating instructions SX-550 (German/Frénch - S)
SX-550,Receiver,ART-179,ART-179,Service Manual SX-550 (KC)
SX-550,Receiver,ASA-042,ASA-042,Selector switch (SPEAKER/POWER)
SX-550,Receiver,ASD-048,ASD-048,Selector switch (FUNCTION)
SX-550,Receiver,ASG-092,ASG-092,"Push switch (FM MUTING, MODE)"
SX-550,Receiver,ASG-093,ASG-093,"Push switch (LOUDNESS, TAPE MONITOR 1, 2)"
SX-550,Receiver,ASH-017,ASH-017,De-emphasis switch (S)
SX-550,Receiver,ATT-263,ATT-263,Power transformer (KU)
SX-550,Receiver,ATT-305,ATT-305,Power transformer (KC)
SX-550,Receiver,ATT-323,ATT-323,Power transformer (S)
SX-550,Receiver,ATT-327,ATT-327,Power transformer (HG)
SX-550,Receiver,ATT-463,ATT-463,Power transformer (???)
SX-550,Receiver,AWE-072,AWE-072,RF assembly
SX-550,Receiver,AWK-054,AWK-054,AF Amplifier Assembly (KU)
SX-550,Receiver,AWK-056,AWK-056,AF assembly (KC)
SX-550,Receiver,AWK-059,AWK-059,AF Amplifier Assembly (S)
SX-550,Receiver,AWK-061,AWK-061,AF Amplifier Assembly (HG)
SX-550,Receiver,AWM-101,AWM-101,AF MUTING assembly
SX-550,Receiver,AXA-066,AXA-066,Dial pulley assembly
SX-550,Receiver,AXA-117,AXA-117,Tuning shaft assembly
SX-550,Receiver,AXB-006,AXB-006,Bar-antenna assembly (KC)
SX-550,Receiver,AXB-006,AXB-006,Ferrite bar-antenna
SX-550,Receiver,AXB-010,AXB-010,Bar-antenna Assembly (HG)
SX-550,Receiver,CKDYF 103Z 50,CKDYF 103Z 50,Ceramic 0.01 50V
SX-550,Receiver,CKDYF 103Z 50,CKDYF 103Z 50,Ceramic 0.01 50V
SX-550,Receiver,CKDYF 103Z 50,CKDYF 103Z 50,Ceramic 0.01 50V
SX-550,Receiver,CKDYF 103Z 50,CKDYF 103Z 50,Ceramic 0.01 50V
SX-550,Receiver,Ell-033,Ell-033,Vinyl bag (S)
SX-550,Receiver,RD ½PS 225J,RD ½PS 225J,Carbon film 2.2M ½W
SX-550,Receiver,RD¼PS 102J,RD¼PS 102J,Carbon film 1k  (KU)
SX-550,Receiver,RD¼PS 511J,RD¼PS 511J,Carbon film 510  (KU)
SX-550,Receiver,RD½P5 5R6J,RD½P5 5R6J,Carbon film 5.6 ½W (KU)
SX-550,Receiver,RD½PS 100J,RD½PS 100J,Carbon film 10 ½W (KU)
SX-550,Receiver,RD½PS 100J,RD½PS 100J,Carbon film 10 ½W (KU)
SX-550,Receiver,RD½PS 5R6J,RD½PS 5R6J,Carbon film 5.6 ½W (KU)
SX-550,Receiver,RD½PS 5R6J,RD½PS 5R6J,Carbon film 5.6 ½W (KU)
SX-550,Receiver,RD½PS 5R6J,RD½PS 5R6J,Carbon film 5.6 ½W (KU)
SX-550,Receiver,T24-030,T24-030,RF chokecoil 101k (HG)
SX-580/590,Receiver,AAA-050,AAA-050,Knob (TUNING)
SX-580/590,Receiver,AAB-175,AAB-175,Knob (BASS)
SX-580/590,Receiver,AAB-175,AAB-175,Knob (FUNCTION)
SX-580/590,Receiver,AAB-175,AAB-175,Knob (TREBLE)
SX-580/590,Receiver,AAB-175,AAB-175,Knob (VOLUME)
SX-580/590,Receiver,AAB-176,AAB-176,Knob (BALANCE)
SX-580/590,Receiver,AAD-154,AAD-154,Knob (LOUDNESS)
SX-580/590,Receiver,AAD-154,AAD-154,Knob (MODE/FM MUTE)
SX-580/590,Receiver,AAD-154,AAD-154,Knob (SPEAKERS)
SX-580/590,Receiver,AAD-154,AAD-154,Knob (TAPE MONITOR)
SX-580/590,Receiver,AAD-155,AAD-155,Knob (POWER)
SX-580/590,Receiver,AAF-074,AAF-074,Dial pointer assembly
SX-580/590,Receiver,AAG-158,AAG-158,Dial panel (SX-580/KU)
SX-580/590,Receiver,AAG-160,AAG-160,Dial panel (SX-590/HG)
SX-580/590,Receiver,AAG-160,AAG-160,Dial panel (SX-590/HGW4)
SX-580/590,Receiver,AAW-089,AAW-089,AM-FM meter
SX-580/590,Receiver,AAW-090,AAW-090,Power meter
SX-580/590,Receiver,ACG-001,ACG-001,Ceramic 0.01/250V (SX-580/KU)
SX-580/590,Receiver,ACG-001,ACG-001,Ceramic 0.01/250V (SX-590/HG)
SX-580/590,Receiver,ACG-001,ACG-001,Ceramic 0.01/250V (SX-590/HGW4)
SX-580/590,Receiver,ACG-003,ACG-003,Ceramic 0.01/125V (SX-580/KU)
SX-580/590,Receiver,ACK-012,ACK-012,Tuning Capacitor
SX-580/590,Receiver,ACT-019,ACT-019,Variable resistor (BALANCE)
SX-580/590,Receiver,ACV-161,ACV-161,Variable resistor (VOLUME)
SX-580/590,Receiver,ACV-186,ACV-186,Variable resistor (BASS)
SX-580/590,Receiver,ACV-186,ACV-186,Variable resistor (TREBLE)
SX-580/590,Receiver,ADG-023,ADG-023,AC power cord (SX-580/KU)
SX-580/590,Receiver,AEC-099,AEC-099,Cover (for C1) (SX-590/HG)
SX-580/590,Receiver,AEC-099,AEC-099,Cover (for C1) (SX-590/HGW4)
SX-580/590,Receiver,AEC-279,AEC-279,Cover (for C2) (SX-580/KU)
SX-580/590,Receiver,AEC-294,AEC-294,Cover (for C1) (SX-580/KU)
SX-580/590,Receiver,AEK-100,AEK-100,Fuse 4A
SX-580/590,Receiver,AEK-101,AEK-101,Fuse 3A
SX-580/590,Receiver,AEK-104,AEK-104,Fuse 1.5A
SX-580/590,Receiver,AEL-029,AEL-029,"Lamp (wedge type, 8V 0.3A)"
SX-580/590,Receiver,AEL-307,AEL-307,"LED (STEREO, red)"
SX-580/590,Receiver,AEL-307,AEL-307,"LED (TAPE MONITOR, red)"
SX-580/590,Receiver,AEL-308,AEL-308,"LED (SOURCE, green)"
SX-580/590,Receiver,AHD-549,AHD-549,Packing case (SX-580/KU)
SX-580/590,Receiver,AHD-555,AHD-555,Packing case (SX-590/HG)
SX-580/590,Receiver,AHD-555,AHD-555,Packing case (SX-590/HGW4)
SX-580/590,Receiver,AHG-023,AHG-023,Vinyl pouch for AC power cord (SX-580/KU)
SX-580/590,Receiver,AKA-003,AKA-003,Terminal (ANTENNA)
SX-580/590,Receiver,AKB-035,AKB-035,Terminal (INPUT)
SX-580/590,Receiver,AKB-045,AKB-045,Terminal (TAPE)
SX-580/590,Receiver,AKE-026,AKE-026,Terminal (SPEAKERS)
SX-580/590,Receiver,AKE-031,AKE-031,Terminal (GND)
SX-580/590,Receiver,AKK-005,AKK-005,Lamp socket
SX-580/590,Receiver,AKN-009,AKN-009,Phone jack (PHONES)
SX-580/590,Receiver,AKP-004,AKP-004,AC socket - AC OUTLET (SX-580/KU)
SX-580/590,Receiver,AKP-008,AKP-008,Recessed plug (SX-590/HG)
SX-580/590,Receiver,AKP-008,AKP-008,Recessed plug (SX-590/HGW4)
SX-580/590,Receiver,AKP-016,AKP-016,Coaxial connector (SX-590/HG)
SX-580/590,Receiver,AKP-016,AKP-016,Coaxial connector (SX-590/HGW4)
SX-580/590,Receiver,AKX-057,AKX-057,Plug in selector (SX-590/HG)
SX-580/590,Receiver,AKX-057,AKX-057,Plug in selector (SX-590/HGW4)
SX-580/590,Receiver,AMM-071,AMM-071,Wooden cover assembly (SX-580/KU)
SX-580/590,Receiver,AMS-029,AMS-029,Side board (L) (SX-590/HGW4)
SX-580/590,Receiver,AMS-030,AMS-030,Side board (R) (SX-590/HGW4)
SX-580/590,Receiver,AMS-031,AMS-031,Side board (L) (SX-590/HG)
SX-580/590,Receiver,AMS-032,AMS-032,Side board (R) (SX-590/HG)
SX-580/590,Receiver,ANB-595,ANB-595,Front panel assembly (SX-580/KU)
SX-580/590,Receiver,ANB-599,ANB-599,Front panel assembly (SX-590/HG)
SX-580/590,Receiver,ANB-599,ANB-599,Front panel assembly (SX-590/HGW4)
SX-580/590,Receiver,ANE-202,ANE-202,Top plate (SX-590/HG)
SX-580/590,Receiver,ANE-202,ANE-202,Top plate (SX-590/HGW4)
SX-580/590,Receiver,ANR-026,ANR-026,Acrylic board
SX-580/590,Receiver,ARB-267,ARB-267,Operating instructions (ENGLISH) (SX-580/KU)
SX-580/590,Receiver,ARB-275,ARB-275,Operating instructions (ENGLISH) (SX-590/HG)
SX-580/590,Receiver,ARB-275,ARB-275,Operating instructions (ENGLISH) (SX-590/HGW4)
SX-580/590,Receiver,ARD-121,ARD-121,Operating instructions (GERMAN/FRENCH) (SX-590/HGW4)
SX-580/590,Receiver,ASE-107,ASE-107,Slide rotary switch (FUNCTION)
SX-580/590,Receiver,ASG-137,ASG-137,"Dual push switch (MODE/FM MUTE, TAPE MONITOR)"
SX-580/590,Receiver,ASG-138,ASG-138,Push switch (LOUDNESS)
SX-580/590,Receiver,ASG-139,ASG-139,Dual push switch (SPEAKERS)
SX-580/590,Receiver,ASG-503,ASG-503,Push switch - POWER (SX-580/KU)
SX-580/590,Receiver,ASG-504,ASG-504,Push switch - POWER (SX-590/HG)
SX-580/590,Receiver,ASG-504,ASG-504,Push switch - POWER (SX-590/HGW4)
SX-580/590,Receiver,ASH-015,ASH-015,Slide switch (DE-EMPHASIS)
SX-580/590,Receiver,ATB-505,ATB-505,Bar antenna
SX-580/590,Receiver,ATT-510,ATT-510,Power transformer (SX-580/KU)
SX-580/590,Receiver,ATT-523,ATT-523,Power transformer (SX-590/HG)
SX-580/590,Receiver,ATT-523,ATT-523,Power transformer (SX-590/HGW4)
SX-580/590,Receiver,AXA-113,AXA-113,Tuning drum assembly
SX-580/590,Receiver,AXA-208,AXA-208,Dial shaft assembly
SX-580/590,Receiver,GWB-101,GWB-101,Front end (SX-580/KU)
SX-580/590,Receiver,GWB-102,GWB-102,Front end (SX-590/HG)
SX-580/590,Receiver,GWB-102,GWB-102,Front end (SX-590/HGW4)
SX-580/590,Receiver,GWM-113,GWM-113,Tuner and AF assembly (SX-580/KU)
SX-580/590,Receiver,GWM-116,GWM-116,Tuner and AF assembly (SX-590/HG)
SX-580/590,Receiver,GWM-116,GWM-116,Tuner and AF assembly (SX-590/HGW4)
SX-580/590,Receiver,GWX -184,GWX -184,Fuse assembly (SX-590/HG)
SX-580/590,Receiver,GWX -184,GWX -184,Terminal assembly (SX-590/HG)
SX-580/590,Receiver,GWX-117,GWX-117,LED assembly (SX-590/HG)
SX-580/590,Receiver,GWX-177,GWX-177,LED assembly (SX-580/KU)
SX-580/590,Receiver,GWX-177,GWX-177,LED assembly (SX-590/HGW4)
SX-580/590,Receiver,GWX-178,GWX-178,Fuse assembly (SX-580/KU)
SX-580/590,Receiver,GWX-179,GWX-179,Headphone assembly (SX-580/KU)
SX-580/590,Receiver,GWX-179,GWX-179,Headphone assembly (SX-590/HG)
SX-580/590,Receiver,GWX-179,GWX-179,Headphone assembly (SX-590/HGW4)
SX-580/590,Receiver,GWX-180,GWX-180,De- emphasis assembly (SX-580/KU)
SX-580/590,Receiver,GWX-181,GWX-181,Terminal assembly (SX-580/KU)
SX-580/590,Receiver,GWX-184,GWX-184,Terminal assembly (SX-590/HGW4)
SX-580/590,Receiver,GWX-185,GWX-185,Fuse assembly (SX-590/HGW4)
SX-580/590,Receiver,K91-008,K91-008,Fuse holder 1P (SX-590/HG)
SX-580/590,Receiver,K91-008,K91-008,Fuse holder 1P (SX-590/HGW4)
SX-580/590,Receiver,STK-0029,STK-0029,Hybrid IC
SX-580/590,Receiver,STK-0029,STK-0029,IC
SX-580/590,Receiver,STK-0029,STK-0029,IC
SX-6,Receiver,2SA1104/A/-Y (2SA1104/A/-O) (2SA1104/A/-P),2SA1104/A/-Y (2SA1104/A/-O) (2SA1104/A/-P),Power transistor  (hfe of 2SA1104/A/ and 2SC2579/A/ should have the same value.)
SX-6,Receiver,2SC2579/A/-Y (2SC2579/A/-O) (2SC2579/A/-P),2SC2579/A/-Y (2SC2579/A/-O) (2SC2579/A/-P),Power transistor  (hfe of 2SA1104/A/ and 2SC2579/A/ should have the same value.)
SX-6,Receiver,AAB-274,AAB-274,"Knob (BASS, TREBLE, BALANCE)"
SX-6,Receiver,AAD-401,AAD-401,Knob (TUNING)
SX-6,Receiver,AAD-402,AAD-402,Knob (FM)
SX-6,Receiver,AAD-403,AAD-403,Knob (AM)
SX-6,Receiver,AAD-404,AAD-404,Knob (MEMORY/STOP)
SX-6,Receiver,AAD-405,AAD-405,"Knob (SPEAKERS, AUTO/MANUAL, SCAN/SEARCH, TAPE, MUTING, SUBSONIC, LOUDNESS)"
SX-6,Receiver,AAD-406,AAD-406,Knob (POWER)
SX-6,Receiver,AAD-407,AAD-407,"Knob array (VOLUME, PRESET, MUTING, INPUT)"
SX-6,Receiver,AAN-028,AAN-028,Station card
SX-6,Receiver,AAV-305,AAV-305,Level meter assembly
SX-6,Receiver,ABA-176,ABA-176,Screw
SX-6,Receiver,ABA-193,ABA-193,Screw
SX-6,Receiver,ABA-234,ABA-234,Screw (3X12)
SX-6,Receiver,ABA-258,ABA-258,Screw (for heat sink of D25)
SX-6,Receiver,ABH-088,ABH-088,Coiled spring
SX-6,Receiver,ABN-028,ABN-028,Nut
SX-6,Receiver,ABN-048,ABN-048,Nut (M9)
SX-6,Receiver,ACG-001,ACG-001,Ceramic capacitor
SX-6,Receiver,ACG-017,ACG-017,Ceramic capacitor
SX-6,Receiver,ACN-029,ACN-029,Carbon composition resistor
SX-6,Receiver,ACT-028,ACT-028,Variable (BALANCE)
SX-6,Receiver,ACT-138,ACT-138,Variable (BASS)
SX-6,Receiver,ACT-139,ACT-139,Variable (TREBLE)
SX-6,Receiver,ADG-052,ADG-052,AC power cord
SX-6,Receiver,ADH-004,ADH-004,FM T-type antenna
SX-6,Receiver,AEC-178,AEC-178,Foot assembly
SX-6,Receiver,AEC-327,AEC-327,Strain relief
SX-6,Receiver,AEC-818,AEC-818,Insulator
SX-6,Receiver,AEK-103,AEK-103,Fuse (2A)
SX-6,Receiver,AEK-108,AEK-108,Fuse (5A)
SX-6,Receiver,AHA-300,AHA-300,Side pad L
SX-6,Receiver,AHA-301,AHA-301,Side pad R
SX-6,Receiver,AHD-952,AHD-952,Packing case
SX-6,Receiver,AKA-017,AKA-017,Terminal (ANTENNA)
SX-6,Receiver,AKB-076,AKB-076,Terminal (AM STEREO OUT)
SX-6,Receiver,AKB-078,AKB-078,"Terminal (INPUT, TAPE1, TAPE2/ADAPTOR)"
SX-6,Receiver,AKE-103,AKE-103,"Terminal (SPEAKERS A,B)"
SX-6,Receiver,AKN-030,AKN-030,Phones jack (PHONES)
SX-6,Receiver,AKP-039,AKP-039,AC socket (AC OUTLETS)
SX-6,Receiver,ANE-360,ANE-360,Top cover
SX-6,Receiver,ANM-064,ANM-064,Front panel assembly
SX-6,Receiver,ANR-408,ANR-408,Display cover
SX-6,Receiver,ANR-432,ANR-432,Case cover
SX-6,Receiver,ANR-450,ANR-450,Slider assembly
SX-6,Receiver,ARB-437,ARB-437,Operating instructions(English)
SX-6,Receiver,ASG-177,ASG-177,"Tact switch (VOLUME, MUTING, PRESET, TUNING, MEMORY/STOP, STATION CALL 1 - 8, FUNCTION)"
SX-6,Receiver,ASG-297,ASG-297,"Push switch (TAPE, MONO/MUTE OFF, SUBSONIC, LOUDNESS)"
SX-6,Receiver,ASG-298,ASG-298,Push switch (TUNING)
SX-6,Receiver,ASG-299,ASG-299,Push switch (SPEAKERS)
SX-6,Receiver,ASG-521,ASG-521,Push switch (POWER)
SX-6,Receiver,ASH-015,ASH-015,Slide switch (AM CHANNEL STEP)
SX-6,Receiver,ASR-033,ASR-033,Relay
SX-6,Receiver,ASS-016,ASS-016,Crystal resonator (4.5MHz)
SX-6,Receiver,ATB-631,ATB-631,Bar antenna assembly
SX-6,Receiver,ATT-841,ATT-841,Power transformer
SX-6,Receiver,AWX-220,AWX-220,Control assembly
SX-6,Receiver,AXC-013,AXC-013,Battery case assembly
SX-6,Receiver,BBT30P080FZK,BBT30P080FZK,Screw (3X8)
SX-6,Receiver,BBZ30P060FZK,BBZ30P060FZK,Screw (3X6)
SX-6,Receiver,BMZ40P080FZB,BMZ40P080FZB,Screw (4X8)
SX-6,Receiver,GWE-168,GWE-168,Tuner assembly
SX-6,Receiver,GWG-160,GWG-160,Tone control assembly
SX-6,Receiver,GWK-185,GWK-185,AF assembly
SX-6,Receiver,MTZ30P100FZK,MTZ30P100FZK,Screw (3X 10)
SX-6,Receiver,PMZ30P060FZB,PMZ30P060FZB,Screw (3X6)
SX-6,Receiver,R42-085-0,R42-085,Service manual  PL-A25
SX-6,Receiver,VBZ30P060FMC,VBZ30P060FMC,Screw (3X6)
SX-6,Receiver,VBZ30P060FMC,VBZ30P060FMC,Screw (3X6)
SX-6,Receiver,VMZ30P060FMC,VMZ30P060FMC,Screw (3X6)
SX-6,Receiver,VTZ40P100FMC,VTZ40P100FMC,Screw (4X 10)
SX-6,Receiver,WA35F100N080,WA35F100N080,Washer
SX-6,Receiver,YE40FUC,YE40FUC,E type washer ø4
SX-60,Receiver,AAB-340,AAB-340,Knob (VOLUME)
SX-60,Receiver,AAB-341,AAB-341,Knob (BALANCE)
SX-60,Receiver,AAD-679,AAD-679,"Knob A (SPEAKERS A/B,SIM STEREO,SUBSONIC,MM/MC,MONO,LOUDNESS)"
SX-60,Receiver,AAD-680,AAD-680,"Knob A (TUNING MODE,MEMORY)"
SX-60,Receiver,AAD-681,AAD-681,Knob (STATION CALL)
SX-60,Receiver,AAD-682,AAD-682,Knob (UP)
SX-60,Receiver,AAD-683,AAD-683,Knob (DOWN)
SX-60,Receiver,AAD-684,AAD-684,Knob (POWER)
SX-60,Receiver,AAD-685,AAD-685,Knob A (TREBLE)
SX-60,Receiver,AAD-686,AAD-686,Knob B (BASS)
SX-60,Receiver,AAD-704,AAD-704,Knob C (TAPE 1)
SX-60,Receiver,AAD-705,AAD-705,Knob D (TAPE 2/ADPT)
SX-60,Receiver,AAV-021,AAV-021,FL Tube
SX-60,Receiver,ACT-209,ACT-209,"Variable 250k, 50k X 2 (VOLUME, BALANCE)"
SX-60,Receiver,ACX-122,ACX-122,"Slide variable 10k X 2 (BASS, TREBLE)"
SX-60,Receiver,ADG-073,ADG-073,AC power cord
SX-60,Receiver,ADH-005,ADH-005,FM antenna
SX-60,Receiver,AEK-309,AEK-309,Fuse (6.3A)
SX-60,Receiver,AEL-169,AEL-169,Lamp (8V-100mA)
SX-60,Receiver,AEL-171,AEL-171,Lamp (8V-100mA)
SX-60,Receiver,AHA-346,AHA-346,Front pad
SX-60,Receiver,AHA-347,AHA-347,Rear pad
SX-60,Receiver,AHE-191,AHE-191,Packing case
SX-60,Receiver,AKA-017,AKA-017,Terminal (ANTENNA)
SX-60,Receiver,AKB-076,AKB-076,Terminal (AM STEREO)
SX-60,Receiver,AKB-094,AKB-094,"Terminal (INPUT, TAPE 1, TAPE 2/ADAPTOR)"
SX-60,Receiver,AKB-094,AKB-094,"Terminal (PRE AMP, POWER AMP)"
SX-60,Receiver,AKB-098,AKB-098,Terminal (VIDEO L/MONO)
SX-60,Receiver,AKB-102,AKB-102,Terminal (VIDEO R)
SX-60,Receiver,AKE-103,AKE-103,Terminal (SPEAKERS)
SX-60,Receiver,AKN-045,AKN-045,Phone jack (PHONES)
SX-60,Receiver,AKP-039,AKP-039,AC socket
SX-60,Receiver,ANE-438,ANE-438,Bonnet
SX-60,Receiver,ANM-377,ANM-377,Front panel assembly
SX-60,Receiver,ANM-385,ANM-385,Function plate
SX-60,Receiver,ARB-569,ARB-569,Operating instructions  SX-60 (English)
SX-60,Receiver,ARP-293-0,ARP-293,Service manual  SX-60
SX-60,Receiver,ASG-541,ASG-541,Push switch (POWER)
SX-60,Receiver,ASG-704,ASG-704,"Tact switch (STATION CALL,TAPE1,TAPE2/ADAPTOR,VIDEO, CD/AUX, AM, FM, PHONO,UP,DOWN)"
SX-60,Receiver,ASG-816,ASG-816,"Push switch (TUNING MODE, MEMORY)"
SX-60,Receiver,ASH-015,ASH-015,Slide switch (CHANNEL STEP)
SX-60,Receiver,ASR-107,ASR-107,Relay
SX-60,Receiver,ASX-143,ASX-143,Push switch (MC/MM)
SX-60,Receiver,ATB-086,ATB-086,Loop antenna
SX-60,Receiver,ATS-016,ATS-016,Power transformer (120V)
SX-60,Receiver,AXC-019,AXC-019,Battery case
SX-60,Receiver,GWE-212,GWE-212,Tuner assembly ?
SX-60,Receiver,GWK-235,GWK-235,Power amp assembly
SX-60,Receiver,GWR-212,GWR-212,Tuner assembly ?
SX-60,Receiver,GWX-905,GWX-905,Control assembly
SX-60,Receiver,SEA6V4B4S,SEA6V4B4S,"Push switch (MONO, LOUDNESS)"
SX-60,Receiver,SEAV1S,SEAV1S,Push switch (SIMULATED STEREO)
SX-60,Receiver,SEAV3S,SEAV3S,Push switch (SUBSONIC)
SX-60,Receiver,SUL8LZYSF,SUL8LZYSF,"Push switch (SPEAKERS A, B)"
SX-600,Receiver,AAA-069,AAA-069,Knob (TUNING)
SX-600,Receiver,AAA-069,AAA-069,Knob (VOLUME)
SX-600,Receiver,AAB-244,AAB-244,"Knob (BASS,TREBLE,BALANCE,VOLUME,FUNCTION)"
SX-600,Receiver,AAD-179,AAD-179,"Push knob (FM MUTING,LOUDNESS,TAPE MON)"
SX-600,Receiver,AAD-200,AAD-200,Lever knob (POWER)
SX-600,Receiver,AAD-298,AAD-298,Push knob (PRESET)
SX-600,Receiver,AAD-299,AAD-299,"Push knob (MEMORY,MANUAL)"
SX-600,Receiver,AAW-127,AAW-127,Signal meter
SX-600,Receiver,ACT-022,ACT-022,"Variable resistor (1M, BALANCE)"
SX-600,Receiver,ACT-128,ACT-128,"Variable resistor (250k, VOLUME)"
SX-600,Receiver,ACT-129,ACT-129,"Variable resistor (100k, BASS, TREBLE)"
SX-600,Receiver,ACX-201,ACX-201,Tuning resistor
SX-600,Receiver,ADG-023,ADG-023,AC power cord - KU
SX-600,Receiver,ADG-043,ADG-043,AC power cord - YP
SX-600,Receiver,ADH-004,ADH-004,FM antenna
SX-600,Receiver,AEC-672,AEC-672,Foot assembly
SX-600,Receiver,AEK-103,AEK-103,Fuse (2A) - KU
SX-600,Receiver,AEK-106,AEK-106,Fuse (1 A) - YP
SX-600,Receiver,AEK-107,AEK-107,Fuse (0.5A)
SX-600,Receiver,AEK-108,AEK-108,Fuse (5A)
SX-600,Receiver,AEL-140,AEL-140,"Lamp with wire (8V, 100mA)"
SX-600,Receiver,AHA-254,AHA-254,Side panel
SX-600,Receiver,AHD-810,AHD-810,Packing case
SX-600,Receiver,AKA-002,AKA-002,Terminal (ANTENNA)
SX-600,Receiver,AKB-062,AKB-062,Terminal (PHONO)
SX-600,Receiver,AKB-064,AKB-064,"Terminal (AUX, TAPE)"
SX-600,Receiver,AKB-076,AKB-076,Terminal (AM STEREO OUT) - KU
SX-600,Receiver,AKE-048,AKE-048,Terminal (SPEAKERS)
SX-600,Receiver,AKN-029,AKN-029,Phone jack (PHONES)
SX-600,Receiver,AKP-040,AKP-040,AC socket (AC OUTLETS) - KU
SX-600,Receiver,ANB-918,ANB-918,Front panel assembly
SX-600,Receiver,ANE-269,ANE-269,Bonnet case
SX-600,Receiver,ARB-378,ARB-378,Operating instructions  SX-600 - YP
SX-600,Receiver,ARB-389,ARB-389,Operating instructions  SX-600 - KU
SX-600,Receiver,ART-546-0,ART-546,Service manual  SX-600  - YP
SX-600,Receiver,ART-584-0,ART-584,Service manual addnl - KU
SX-600,Receiver,ASE-010,ASE-010,Slide rotary switch (FUNCTION)
SX-600,Receiver,ASG-161,ASG-161,"Tact switch (MANUAL,MEMORY)"
SX-600,Receiver,ASG-161,ASG-161,Tact switch (PRESET)
SX-600,Receiver,ASG-221 (ASG-246),ASG-221 (ASG-246),Push switch (TAPE MONITOR)
SX-600,Receiver,ASG-242 (ASG-244),ASG-242 (ASG-244),"Push switch (FM MUTING, LOUDNESS)"
SX-600,Receiver,ASK-522,ASK-522,Lever switch (POWER) - YP
SX-600,Receiver,ASK-523,ASK-523,Lever switch (POWER) - KU
SX-600,Receiver,ATB-626,ATB-626,Bar antenna
SX-600,Receiver,ATT-714,ATT-714,Power transformer - YP
SX-600,Receiver,ATT-730,ATT-730,Power transformer - KU
SX-600,Receiver,AWX-200,AWX-200,AM IF assembly - KU
SX-600,Receiver,AXA-274,AXA-274,Tuning shaft assembly
SX-600,Receiver,GWF-134,GWF-134,EQ amp assembly
SX-600,Receiver,GWM-166,GWM-166,Tuner/AF amp assembly - YP
SX-600,Receiver,GWM-178,GWM-178,Tuner/AF AMP assembly - KU
SX-600,Receiver,GWX-507,GWX-507,Switch assembly
SX-600,Receiver,GWX-508,GWX-508,Indicator assembly
SX-600,Receiver,GWX-509,GWX-509,Fuse assembly
SX-6000,Receiver,A19-077-0,A19-077,Knob for Push button switch
SX-6000,Receiver,AAA-001-B,AAA-001,Knob for Tuning
SX-6000,Receiver,AAB-001-0,AAB-001,"Knob for Power, Speakers, Bass,Treble, Mode and Balance"
SX-6000,Receiver,AAB-003-A,AAB-003,Knob for Selector and Volume
SX-6000,Receiver,AAF-002-B,AAF-002,Dial Pointer
SX-6000,Receiver,AAG-005-0,AAG-005,Dial Glass
SX-6000,Receiver,AAW-001-A,AAW-001,Signal Meter
SX-6000,Receiver,AAW-002-A,AAW-002,Tuning Meter
SX-6000,Receiver,ACH-005-0,ACH-005,Electrolytic 3300 80V
SX-6000,Receiver,AEB-002-0,AEB-002,Rubber Cushion
SX-6000,Receiver,AHA-004-A,AHA-004,Protector styrene
SX-6000,Receiver,AHD-021-0,AHD-021,Packing Case
SX-6000,Receiver,AKB-002-0,AKB-002,16P Input Terminal Board
SX-6000,Receiver,AKR-001-0,AKR-001,Line Voltage Selector
SX-6000,Receiver,AMM-003-E,AMM-003,Wooden Case
SX-6000,Receiver,ANB-054-B,ANB-054,Front Panel Ass'y
SX-6000,Receiver,ARB-007-0,ARB-007,Operating Instructions SX-6000
SX-6000,Receiver,ASB-004- B,ASB-004- B,Selector Switch
SX-6000,Receiver,ASC-010-A,ASC-010,Speakers Switch
SX-6000,Receiver,ASG-006-0,ASG-006,Mini switch (AF MUTING)
SX-6000,Receiver,ASG-006-0,ASG-006,Mini switch (FM MUTING)
SX-6000,Receiver,ASG-006-0,ASG-006,Mini switch (HIGH CUT)
SX-6000,Receiver,ASG-006-0,ASG-006,Mini switch (LOUDNESS)
SX-6000,Receiver,ASG-006-0,ASG-006,Mini switch (LOW CUT)
SX-6000,Receiver,ASG-006-0,ASG-006,Mini switch (TAPE MONITOR 1)
SX-6000,Receiver,ASG-006-0,ASG-006,Mini switch (TAPE MONITOR 2)
SX-6000,Receiver,AWG-006-0,AWG-006,Control Unit
SX-6000,Receiver,AWS-007-A,AWS-007,Switch Unit
SX-6000,Receiver,AXA-007-A,AXA-007,Dial Shaft Ass'y
SX-6000,Receiver,AXB-001-0,AXB-001,AM Antenna Holder Ass'y
SX-6000,Receiver,B11-012-A,B11-012,Screw for Grounding
SX-6000,Receiver,C43-003-0,C43-003,Ceramic 0.01 DC 1.4kV
SX-6000,Receiver,C43-003-0,C43-003,Ceramic 0.01 DC 1.4kV
SX-6000,Receiver,C43-003-0,C43-003,Ceramic 0.01 DC 1.4kV
SX-6000,Receiver,C52-084-B,C52-084,Electrolytic 1000 50V
SX-6000,Receiver,C52-084-B,C52-084,Electrolytic 1000 50V
SX-6000,Receiver,C64-030-0,C64-030,AM Tuning Capacitor
SX-6000,Receiver,C82-040-A,C82-040,"100k dual, Bass Control"
SX-6000,Receiver,C82-040-A,C82-040,"100k dual, Treble Control"
SX-6000,Receiver,C85-048-B,C85-048,"500k HB, dual, BALANCE"
SX-6000,Receiver,C85-054-0,C85-054,"500k B, dual, VOLUME"
SX-6000,Receiver,CCDSL 030D 50,CCDSL 030D 50,Ceramic 3P 50V
SX-6000,Receiver,CCDSL 150K 50,CCDSL 150K 50,Ceramic 15p 50V
SX-6000,Receiver,CEB 4R7P 16,CEB 4R7P 16,Electrolytic 4.7 16V
SX-6000,Receiver,CKDYF 1032 50,CKDYF 1032 50,Ceramic 0.01 50V
SX-6000,Receiver,CKDYF 1032 50,CKDYF 1032 50,Ceramic 0.01 50V
SX-6000,Receiver,CKDYF 1032 50,CKDYF 1032 50,Ceramic 0.01 50V
SX-6000,Receiver,CKDYF 1032 50,CKDYF 1032 50,Ceramic 0.01 50V
SX-6000,Receiver,CQMA 102K 50,CQMA 102K 50,Mylar 0.001 50V
SX-6000,Receiver,CQMA 102K 50,CQMA 102K 50,Mylar 0.001 50V
SX-6000,Receiver,CQMA 473K 400,CQMA 473K 400,Mylar 0.047 400V
SX-6000,Receiver,D11 -002 B,D11 -002 B,AC Power Cord
SX-6000,Receiver,D52-013-0,D52-013,FM Indoor Antenna
SX-6000,Receiver,E21 -022-0,E21 -022,Fuse 3A
SX-6000,Receiver,E21-006-0,E21-006,Fuse 3A
SX-6000,Receiver,E21-012-0,E21-012,Fuse 1.5A
SX-6000,Receiver,E22-002-0,E22-002,Pilot Lamp for Tuning and Signal Meters
SX-6000,Receiver,E22-015-C,E22-015,Pilot Lamp for FM Stereo Indicator
SX-6000,Receiver,E22-017-0,E22-017,Pilot Lamp for Dial Glass
SX-6000,Receiver,E22-025-0,E22-025,Pilot Lamp for Program Indicator
SX-6000,Receiver,K11-043-A,K11-043,Antenna Input Terminal Board
SX-6000,Receiver,K13-047-0,K13-047,4P Ground Terminal
SX-6000,Receiver,K21 -005-C,K21 -005,1P Input Terminal Board
SX-6000,Receiver,K22-010-E,K22-010,4P Input Terminal Board
SX-6000,Receiver,K41-002-B,K41-002,Pilot Lamp (for meters) Socket
SX-6000,Receiver,K71-028-0,K71-028,Short Pin Plug
SX-6000,Receiver,K72-007-B,K72-007,Speaker Plug
SX-6000,Receiver,K72-015-A,K72-015,Pin plug
SX-6000,Receiver,K72-024-0,K72-024,Microphone Jack
SX-6000,Receiver,K72-026-0,K72-026,Headphones Jack
SX-6000,Receiver,K72-028-0,K72-028,Speaker Socket
SX-6000,Receiver,K82-014-0,K82-014,Spare AC Outlet
SX-6000,Receiver,K91-005-A,K91-005,Pilot Lamp (for dial glass) Socket
SX-6000,Receiver,K93-003-B,K93-003,Tape Rec/P.B. Connector (DIN)
SX-6000,Receiver,M52-010-0,M52-010,Washer (Square)
SX-6000,Receiver,R42-185-0,R42-185,Service Manual SX-6000
SX-6000,Receiver,S11 -016-A,S11 -016,Power Switch
SX-6000,Receiver,S14-035-0,S14-035,Mode Switch
SX-6000,Receiver,S41-022-A,S41-022,Pre & Main Switch
SX-6000,Receiver,T24-026-0,T24-026,Choke Coil
SX-6000,Receiver,T24-030-0,T24-030,Choke Coil 100uH
SX-6000,Receiver,T42-024-A,T42-024,AM Ferrite Loopstick Antenna
SX-6000,Receiver,T52-176-A,T52-176,Power Transformer
SX-6000,Receiver,W11-028-E,W11-028,FM Front end
SX-6000,Receiver,W12-032-A,W12-032,FM IF Unit
SX-6000,Receiver,W13-026-C,W13-026,MPX Unit
SX-6000,Receiver,W14-015-A,W14-015,AM Tuner Unit
SX-6000,Receiver,W15-079-0,W15-079,Control Amp Unit
SX-6000,Receiver,W16-026-C,W16-026,Power Supply Unit
SX-6000,Receiver,W18-026-B,W18-026,Muting Unit
SX-6000,Receiver,W21-004-0,W21-004,Head Amp Unit
SX-6000,Receiver,W23-002-0,W23-002,Main Amp Unit
SX-6000,Receiver,W52-004-0,W52-004,Conpound Part for REC Terminal
SX-600L,Receiver,AAA-069,AAA-069,Knob (TUNING)
SX-600L,Receiver,AAB-244,AAB-244,"Knob (BASS,TREBLE,BALANCE,VOLUME,FUNCTION)"
SX-600L,Receiver,AAD-179,AAD-179,"Push knob (FM MUTING,LOUDNESS,TAPE MON)"
SX-600L,Receiver,AAD-200,AAD-200,Lever knob (POWER)
SX-600L,Receiver,AAD-298,AAD-298,Push knob (PRESET)
SX-600L,Receiver,AAD-299,AAD-299,"Push knob (MEMORY,MANUAL)"
SX-600L,Receiver,AAW-126,AAW-126,Signal meter
SX-600L,Receiver,ACH-218,ACH-218,Electrolytic (3300/35V)
SX-600L,Receiver,ACT-022,ACT-022,"Variable resistor (1M, BALANCE)"
SX-600L,Receiver,ACT-128,ACT-128,"Variable resistor (250k, VOLUME)"
SX-600L,Receiver,ACT-129,ACT-129,"Variable resistor (100k, BASS, TREBLE)"
SX-600L,Receiver,ACX-201,ACX-201,Tuning resistor
SX-600L,Receiver,ADG-041,ADG-041,AC power cord - HE
SX-600L,Receiver,ADG-051,ADG-051,AC power cord - HB
SX-600L,Receiver,ADH-004,ADH-004,T-type FM antenna
SX-600L,Receiver,AEC-672,AEC-672,Foot assembly
SX-600L,Receiver,AEK-017,AEK-017,Fuse (2A)
SX-600L,Receiver,AEK-037,AEK-037,Fuse (250mA)
SX-600L,Receiver,AEK-403,AEK-403,Fuse (2.5A) - HE
SX-600L,Receiver,AEK-406,AEK-406,Fuse (630mA)
SX-600L,Receiver,AEL-140,AEL-140,"Lamp with wire (8V, 100mA)"
SX-600L,Receiver,AHA-254,AHA-254,Side pad
SX-600L,Receiver,AHB-367,AHB-367,Operating instructions (English)
SX-600L,Receiver,AHD-778,AHD-778,Packing case
SX-600L,Receiver,AKA-007,AKA-007,Terminal (ANTENNA)
SX-600L,Receiver,AKB-062,AKB-062,Terminal (PHONO)
SX-600L,Receiver,AKB-064,AKB-064,"Terminal (AUX, TAPE)"
SX-600L,Receiver,AKE-048,AKE-048,Terminal (SPEAKERS)
SX-600L,Receiver,AKN-029,AKN-029,Phone jack (PHONES)
SX-600L,Receiver,AKP-026,AKP-026,AC socket (AC OUTLETS) - HE
SX-600L,Receiver,ANB-897,ANB-897,Front panel assembly
SX-600L,Receiver,ANE-269,ANE-269,Bonnet case
SX-600L,Receiver,ARD-149,ARD-149,Operating instructions (German/French) - HE
SX-600L,Receiver,ASE-008,ASE-008,Slide rotary switch (FUNCTION)
SX-600L,Receiver,ASG-161,ASG-161,"Tact switch (MANUAL,MEMORY)"
SX-600L,Receiver,ASG-161,ASG-161,Tact switch (PRESET)
SX-600L,Receiver,ASG-221,ASG-221,Push switch (TAPE MONITOR)
SX-600L,Receiver,ASG-242,ASG-242,"Push switch (FM MUTING, LOUDNESS)"
SX-600L,Receiver,ASK-522,ASK-522,Lever switch (POWER)
SX-600L,Receiver,ASX-103,ASX-103,Remote slide switch (FUNCTION-AM BAND)
SX-600L,Receiver,ATT-707,ATT-707,Power transformer
SX-600L,Receiver,ATX-019,ATX-019,Bar antenna
SX-600L,Receiver,AXA-274,AXA-274,Tuning shaft assembly
SX-600L,Receiver,GWF-133,GWF-133,EQ amp assembly
SX-600L,Receiver,GWM-164,GWM-164,Tuner/AF amp assembly
SX-600L,Receiver,GWX-497,GWX-497,Switch assembly
SX-600L,Receiver,GWX-498,GWX-498,Indicator assembly
SX-600L,Receiver,GWX-499,GWX-499,Fuse assembly
SX-626 (1971),Receiver,A91-017-B,A91-017,Signal meter
SX-626 (1971),Receiver,AAA-004-B,AAA-004,Knob for tuning
SX-626 (1971),Receiver,AAB-007-B,AAB-007,"Knob for speakers, bass, treble, balance, volume and selector"
SX-626 (1971),Receiver,AAD-023-0,AAD-023,"Knob for filter, FM muting, loudness, tape monitor and mode switch"
SX-626 (1971),Receiver,AAF-007-C,AAF-007,Dial pointer ass'y
SX-626 (1971),Receiver,AAG-023-B,AAG-023,Dial scale
SX-626 (1971),Receiver,ACE-001-A,ACE-001,Oil paper 0.01 800V
SX-626 (1971),Receiver,ACH-011-A,ACH-011,Electrolytic 3300 63V
SX-626 (1971),Receiver,ACV-103-0,ACV-103,500k-B1 dual (Volume)
SX-626 (1971),Receiver,ACV-104-0,ACV-104,500k-HB dual (Balance)
SX-626 (1971),Receiver,AEC-012-0,AEC-012,Foot
SX-626 (1971),Receiver,AEK-008-0,AEK-008,Fuse 3A for protection
SX-626 (1971),Receiver,AEL-007-0,AEL-007,Pilot lamp for program indicator
SX-626 (1971),Receiver,AHA-007-0,AHA-007,Styrotector
SX-626 (1971),Receiver,AHD-057-0,AHD-057,Packing case
SX-626 (1971),Receiver,AKB-001-0,AKB-001,18P input terminal board
SX-626 (1971),Receiver,AMM-006-A,AMM-006,Wooden case
SX-626 (1971),Receiver,ANB-108-D,ANB-108,Front panel ass‘y
SX-626 (1971),Receiver,ARB-044-0,ARB-044,Operating instructions SX-626 (1971)
SX-626 (1971),Receiver,ASA-026-0,ASA-026,Output selector
SX-626 (1971),Receiver,ASB-007-A,ASB-007,Selector switch
SX-626 (1971),Receiver,ATT-040-A,ATT-040,"Power transformer (KUW,KCW)"
SX-626 (1971),Receiver,ATT-041-B,ATT-041,"Power transformer (FVZW,FW)"
SX-626 (1971),Receiver,ATT-061-0,ATT-061,Power transformer (NBW)
SX-626 (1971),Receiver,AWB-008-0,AWB-008,"FM front end (KUW,FVZW,NBW,FW)"
SX-626 (1971),Receiver,AWB-009-0,AWB-009,FM front end (KUC)
SX-626 (1971),Receiver,AWE-011-A,AWE-011,FM /AM Unit
SX-626 (1971),Receiver,AWG-008-0,AWG-008,Control amp unit
SX-626 (1971),Receiver,AWH -013-0,AWH -013,Main amp unit (NBW)
SX-626 (1971),Receiver,AWH-002-C,AWH-002,"Main amp unit (KUW,KCW,FVZW,FW)"
SX-626 (1971),Receiver,AWR-006-A,AWR-006,"Power supply unit (KUW,KCW,FVZW,FW)"
SX-626 (1971),Receiver,AWR-012-A,AWR-012,Power supply unit (NBW)
SX-626 (1971),Receiver,AWS-013-0,AWS-013,Switch unit
SX-626 (1971),Receiver,AWS-014-0,AWS-014,Switch unit
SX-626 (1971),Receiver,AWX-007-0,AWX-007,R unit - resistor network
SX-626 (1971),Receiver,AWX-010-A,AWX-010,Lamp unit
SX-626 (1971),Receiver,AXB-001-0,AXB-001,Ferrite loopstick antenna holder ass'y
SX-626 (1971),Receiver,B11-012-A,B11-012,Screw for grounding
SX-626 (1971),Receiver,B11-016-B,B11-016,Screw to fix wooden case
SX-626 (1971),Receiver,C43-003-0,C43-003,Ceramic 0.01 DC 1.4kV
SX-626 (1971),Receiver,C43-003-0,C43-003,Ceramic 0.01 DC 1.4kV
SX-626 (1971),Receiver,C43-003-0,C43-003,Ceramic 0.01 DC 1.4kV
SX-626 (1971),Receiver,C82-050-0,C82-050,100k-B dual (Bass)
SX-626 (1971),Receiver,C82-050-0,C82-050,100k-B dual (Treble)
SX-626 (1971),Receiver,CEB 221P 10,CEB 221P 10,Electrolytic 220 10V
SX-626 (1971),Receiver,CKDYF 103Z 50,CKDYF 103Z 50,Ceramic 0.01 50V
SX-626 (1971),Receiver,CKDYF 103Z 50,CKDYF 103Z 50,Ceramic 0.01 50V
SX-626 (1971),Receiver,CKDYF 103Z 50,CKDYF 103Z 50,Ceramic 0.01 50V
SX-626 (1971),Receiver,CQMA 822K 50,CQMA 822K 50,Mylar 0.0082 50V
SX-626 (1971),Receiver,CQMA 822K 50,CQMA 822K 50,Mylar 0.0082 50V
SX-626 (1971),Receiver,D11-003-E,D11-003,AC power cord
SX-626 (1971),Receiver,D52-013-0,D52-013,FM T-type antenna
SX-626 (1971),Receiver,E21-027-0,E21-027,Fuse 2A
SX-626 (1971),Receiver,E21-035-A,E21-035,Fuse 2A for protection
SX-626 (1971),Receiver,E22-017-0,E22-017,Pilot lamp for dial scale and signal meter
SX-626 (1971),Receiver,K11-043-C,K11-043,Antenna terminal board
SX-626 (1971),Receiver,K13-047-0,K13-047,4P ground terminal
SX-626 (1971),Receiver,K72-007-B,K72-007,Speaker plug
SX-626 (1971),Receiver,K72-024-0,K72-024,Microphone jack
SX-626 (1971),Receiver,K72-026-0,K72-026,Headphones jack
SX-626 (1971),Receiver,K72-028-0,K72-028,Speaker socket
SX-626 (1971),Receiver,K82-012-A,K82-012,Spare AC outlet
SX-626 (1971),Receiver,K91-005-A,K91-005,Pilot lamp (for signal meter) socket
SX-626 (1971),Receiver,K93-003-B,K93-003,5P connector (DlN)
SX-626 (1971),Receiver,K96-007-C,K96-007,Fuse holder
SX-626 (1971),Receiver,M42-071-F,M42-071,Dial shaft ass'v
SX-626 (1971),Receiver,M42-080-A,M42-080,Dial pulley
SX-626 (1971),Receiver,R42-219-0,R42-219,Service Manual SX-626 (1971)
SX-626 (1971),Receiver,RD¼PS  154J,RD¼PS  154J,Carbon film  150k
SX-626 (1971),Receiver,RD¼PS  154J,RD¼PS  154J,Carbon film  150k
SX-626 (1971),Receiver,RD¼PS  154J,RD¼PS  154J,Carbon film  150k
SX-626 (1971),Receiver,RD¼PS  154J,RD¼PS  154J,Carbon film  150k
SX-626 (1971),Receiver,RD½PS  220J,RD½PS  220J,Carbon film  22  ½W
SX-626 (1971),Receiver,RD½PW  225J,RD½PW  225J,Carbon film  2.2M  ½W
SX-626 (1971),Receiver,RT3B  151K,RT3B  151K,Wire wound  150  3W
SX-626 (1971),Receiver,RT3B  151K,RT3B  151K,Wire wound  150  3W
SX-626 (1971),Receiver,RT5B  100K,RT5B  100K,Wire wound  10  5W
SX-626 (1971),Receiver,RTSB  100K,RTSB  100K,Wire wound  10  5W
SX-626 (1971),Receiver,T22-025-A,T22-025,Balun transformer
SX-626 (1971),Receiver,T24-0300,T24-0300,Choke coil
SX-626 (1971),Receiver,T42-025-0,T42-025,Ferrite loopstick antenna
SX-626 (1971),Receiver,W21-004-B,W21-004,Head amp unit
SX-626 (1971),Receiver,W52-004-0,W52-004,Compound part for REC jack
SX-626 (1973),Receiver,AAA-004-B,AAA-004,Knob (Tuning)
SX-626 (1973),Receiver,AAB-007-C,AAB-007,Knob (Balance. Volume)
SX-626 (1973),Receiver,AAB-007-C,AAB-007,Knob (Selector)
SX-626 (1973),Receiver,AAB-007-C,AAB-007,"Knob (Speakers, Bass, Treble)"
SX-626 (1973),Receiver,AAD-023-0,AAD-023,Knob (push switch)
SX-626 (1973),Receiver,AAD-023-0,AAD-023,Knob (push switch)
SX-626 (1973),Receiver,AAF-007-C,AAF-007,Dial pointer assembly
SX-626 (1973),Receiver,AAG-057-0,AAG-057,Dial scale
SX-626 (1973),Receiver,AAL-047-A,AAL-047,"Model name plate    KUW, KCW"
SX-626 (1973),Receiver,AAL-048-A,AAL-048,"Model name plate    FW, FVZW"
SX-626 (1973),Receiver,AAW-005-0,AAW-005,Signal meter
SX-626 (1973),Receiver,ABA-010-A,ABA-010,Screw M4x15
SX-626 (1973),Receiver,ABL-069-0,ABL-069,Model name plate    NBW
SX-626 (1973),Receiver,ACH-011-A,ACH-011,"Electrolytic capacitor 3,300uF, 63V"
SX-626 (1973),Receiver,ACV-103-0,ACV-103,Variable resistor 500k-B1 (Volume)
SX-626 (1973),Receiver,ACV-104-0,ACV-104,Variable resistor 500k-H B (Balance)
SX-626 (1973),Receiver,ADG-004-0,ADG-004,AC power cord    FVZW
SX-626 (1973),Receiver,AEB-019-0,AEB-019,P.C. board holder    KUW
SX-626 (1973),Receiver,AEB-019-0,AEB-019,P.C. board holder    KUW
SX-626 (1973),Receiver,AEB-019-0,AEB-019,P.C. board holder    KUW
SX-626 (1973),Receiver,AEB-019-0,AEB-019,P.C. board holder    KUW
SX-626 (1973),Receiver,AEB-019-0,AEB-019,P.C. board holder    KUW
SX-626 (1973),Receiver,AEB-019-0,AEB-019,P.C. board holder    KUW
SX-626 (1973),Receiver,AEC-004-0,AEC-004,Wire clip
SX-626 (1973),Receiver,AEC-004-0,AEC-004,Wire clip
SX-626 (1973),Receiver,AEC-005-0,AEC-005,Wire clip (B)
SX-626 (1973),Receiver,AEC-005-0,AEC-005,Wire clip (B)
SX-626 (1973),Receiver,AEC-006-0,AEC-006,Pulley
SX-626 (1973),Receiver,AEC-006-0,AEC-006,Pulley
SX-626 (1973),Receiver,AEC-006-0,AEC-006,Pulley
SX-626 (1973),Receiver,AEC-014-A,AEC-014,Lamp box
SX-626 (1973),Receiver,AEC-079-0,AEC-079,AC cord grommet
SX-626 (1973),Receiver,AEL-006-0,AEL-006,"Pilot lamp 6V, 30mA (stereo indicator)"
SX-626 (1973),Receiver,AHD-057-B,AHD-057,Packing case (KUW)
SX-626 (1973),Receiver,AHD-058-A,AHD-058,Packing case (FVZW)
SX-626 (1973),Receiver,AHD-081-A,AHD-081,Packing case (FW)
SX-626 (1973),Receiver,AHD-082-A,AHD-082,Packing case (KCW)
SX-626 (1973),Receiver,AHD-086-A,AHD-086,Packing case (NBW)
SX-626 (1973),Receiver,AKB-007-0,AKB-007,Phone jack-A (S jacks)
SX-626 (1973),Receiver,AKC-015-0,AKC-015,Terminal strip (2P)    KUW
SX-626 (1973),Receiver,AKC-018-0,AKC-018,Terminal strip (1L2P)
SX-626 (1973),Receiver,AKP-002-0,AKP-002,"AC socket    KUW, KCW, FW"
SX-626 (1973),Receiver,AKR-001-0,AKR-001,"Fuse holder (AC power)    FVZW, FW"
SX-626 (1973),Receiver,AKR-006-0,AKR-006,Fuse holder (AC power)    KCW
SX-626 (1973),Receiver,AMM-006-C,AMM-006,Wooden case
SX-626 (1973),Receiver,ANA-012-J,ANA-012,Chassis
SX-626 (1973),Receiver,ANA-053-0,ANA-053,Sub-chassis-A
SX-626 (1973),Receiver,ANA-054-0,ANA-054,Sub-chassis-B
SX-626 (1973),Receiver,ANB-108-E,ANB-108,Front panel assembly
SX-626 (1973),Receiver,ANC-027-H,ANC-027,"Rear panel    FVZW, FW"
SX-626 (1973),Receiver,ANC-032-E,ANC-032,"Rear panel    KUW, KCW"
SX-626 (1973),Receiver,ANC-042-0,ANC-042,Rear panel    NBW
SX-626 (1973),Receiver,AND-016-H,AND-016,Sub-panel assembly
SX-626 (1973),Receiver,ANE-008-D,ANE-008,Bottom plate
SX-626 (1973),Receiver,ANF-017-0,ANF-017,Power amplifier-held metal
SX-626 (1973),Receiver,ANF-018-0,ANF-018,Control amplifier-held metal
SX-626 (1973),Receiver,ANF-019-A,ANF-019,Switch-held metal
SX-626 (1973),Receiver,ANF-020-B,ANF-020,Dial scale-held metal
SX-626 (1973),Receiver,ANG-091-0,ANG-091,Pulley-held metal
SX-626 (1973),Receiver,ANG-091-0,ANG-091,Pulley-held metal
SX-626 (1973),Receiver,ANG-091-0,ANG-091,Pulley-held metal
SX-626 (1973),Receiver,ANH-044-A,ANH-044,Shield plate (1)
SX-626 (1973),Receiver,ANH-045-A,ANH-045,Shield plate (2)
SX-626 (1973),Receiver,ANH-131-0,ANH-131,Cover (power ampliﬁer)
SX-626 (1973),Receiver,ANH-139-A,ANH-139,Shield plate
SX-626 (1973),Receiver,ANH-140-0,ANH-140,Lamp cover
SX-626 (1973),Receiver,ART-027-0,ART-027,Service Manual SX-626 (1973)
SX-626 (1973),Receiver,ASA-015-A,ASA-015,"Rotary switch (Speakers)    FW, FVZW, NBW"
SX-626 (1973),Receiver,ASA-026-A,ASA-026,"Rotary switch (Speakers)    KUW, KCW"
SX-626 (1973),Receiver,ASB-036-0,ASB-036,Rotary switch (FUNCTION SELECTOR)
SX-626 (1973),Receiver,ATB-015-A,ATB-015,Ferrite loopstick antenna
SX-626 (1973),Receiver,ATT-040-B,ATT-040,Power transformer    KUW
SX-626 (1973),Receiver,ATT-041-E,ATT-041,"Power transformer    FVZW, FW"
SX-626 (1973),Receiver,ATT-061-A,ATT-061,Power transformer    NBW
SX-626 (1973),Receiver,ATT-072-B,ATT-072,Power transformer    KCW
SX-626 (1973),Receiver,AWE-031-0,AWE-031,Tuner assembly
SX-626 (1973),Receiver,AWG-008-A,AWG-008,Control amplifier assembly
SX-626 (1973),Receiver,AWH-002-E,AWH-002,"Power amplifier assembly    KUW, KCW, FVZW, FW"
SX-626 (1973),Receiver,AWH-013-B,AWH-013,Power amplifier assembly    NBW
SX-626 (1973),Receiver,AWM-050-0,AWM-050,CR & meter drive assembly
SX-626 (1973),Receiver,AWR-029-A,AWR-029,Power supply circuit assembly
SX-626 (1973),Receiver,AWS-013-A,AWS-013,Switch circuit assembly
SX-626 (1973),Receiver,AWS-014-0,AWS-014,Switch circuit assembly
SX-626 (1973),Receiver,AWX-010-A,AWX-010,Lamp board assembly
SX-626 (1973),Receiver,AXA-015-A,AXA-015,Tuning pulley assembly
SX-626 (1973),Receiver,AXA-032-0,AXA-032,Tuning shaft assembly
SX-626 (1973),Receiver,AXB-001-0,AXB-001,Ferrite loopstick antenna holder assembly
SX-626 (1973),Receiver,B21-008-A,B21-008,"P.C. board holder    KCW, FW, FVZW, NBW"
SX-626 (1973),Receiver,B21-008-A,B21-008,"P.C. board holder    KCW, FW, FVZW, NBW"
SX-626 (1973),Receiver,B21-008-A,B21-008,"P.C. board holder    KCW, FW, FVZW, NBW"
SX-626 (1973),Receiver,B21-008-A,B21-008,"P.C. board holder    KCW, FW, FVZW, NBW"
SX-626 (1973),Receiver,B21-008-A,B21-008,"P.C. board holder    KCW, FW, FVZW, NNW"
SX-626 (1973),Receiver,B21-008-A,B21-008,"P.C. board holder    KCW, FW, FVZW. NBW"
SX-626 (1973),Receiver,B21-011-0,B21-011,Washer
SX-626 (1973),Receiver,C82-050-0,C82-050,Variable resistor 100k-B (Bass)
SX-626 (1973),Receiver,C82-050-0,C82-050,Variable resistor 100k-B (Treble)
SX-626 (1973),Receiver,D11-002-B,D11-002,AC power cord    FW
SX-626 (1973),Receiver,D11-003-E,D11-003,"AC power cord    KUW, KCW"
SX-626 (1973),Receiver,D54-019-0,D54-019,AC power cord    NBW
SX-626 (1973),Receiver,E22-017-0,E22-017,"Pilot lamp 8V, 0.3A (dial scale)"
SX-626 (1973),Receiver,E22-017-0,E22-017,"Pilot lamp 8V, 0.3A (meter)"
SX-626 (1973),Receiver,K11-043-0,K11-043,Antenna terminal board
SX-626 (1973),Receiver,K13-026-A,K13-026,"Terminal strip (1L4P)    KUW, KCW, FVZW"
SX-626 (1973),Receiver,K13-043-A,K13-043,"Terminal strip (2P)    KCW. FVZW, FW, NBW"
SX-626 (1973),Receiver,K13-048-0,K13-048,Ground terminal strip (2P)
SX-626 (1973),Receiver,K13-048-0,K13-048,Ground terminal strip (2P)
SX-626 (1973),Receiver,K13-048-0,K13-048,Ground terminal strip (2P)
SX-626 (1973),Receiver,K13-048-0,K13-048,Ground terminal strip (2P)
SX-626 (1973),Receiver,K72-024-0,K72-024,Phone jack (Microphone)
SX-626 (1973),Receiver,K72-026-0,K72-026,Phone jack (Headphones)
SX-626 (1973),Receiver,K72-028-0,K72-028,Speaker output terminal
SX-626 (1973),Receiver,K82-012-A,K82-012,AC socket    FVZW
SX-626 (1973),Receiver,K91-005-A,K91-005,Pilot lamp socket
SX-626 (1973),Receiver,K93-003-B,K93-003,Connector (DIN type 5p)
SX-626 (1973),Receiver,K96-007-C,K96-007,Fuse holder (AC power)    KUW
SX-626 (1973),Receiver,K96-007-C,K96-007,"Fuse holder (Protection)    KUW, KCW, FVZW, FW"
SX-626 (1973),Receiver,M45-105-C,M45-105,Wire holder
SX-626 (1973),Receiver,M49-025-E,M49-025,Pulley shaft
SX-626 (1973),Receiver,M49-025-E,M49-025,Pulley shaft
SX-626 (1973),Receiver,M49-025-E,M49-025,Pully shaft
SX-626 (1973),Receiver,M49-127-A,M49-127,"AC socket-held metal    KUW, KCW, FVZW, FW"
SX-626 (1973),Receiver,W21-004-B,W21-004,Equalizer amplifier assembly
SX-636,Receiver,AAA-024-0,AAA-024,Knob (tuning)
SX-636,Receiver,AAB-068-A,AAB-068,"Knob (bass. treble, balance, volume, function)"
SX-636,Receiver,AAD-054-B,AAD-054,"Knob (speakers, ﬁlter, mode, loudness, tape monitor)"
SX-636,Receiver,AAD-082-B,AAD-082,Knob (FM muting)
SX-636,Receiver,AAD-084-A,AAD-084,Knob (power)
SX-636,Receiver,AAE-007-0,AAE-007,Coupler (knob-to-switch)
SX-636,Receiver,AAE-008-0,AAE-008,Coupler (knob-to-switch)
SX-636,Receiver,AAF-020-0,AAF-020,Dial pointer
SX-636,Receiver,AAG-081-B,AAG-081,Dial scale
SX-636,Receiver,AAL-208-0,AAL-208,Model name plate (KCU)
SX-636,Receiver,AAL-209-A,AAL-209,Model name plate (GN)
SX-636,Receiver,AAL-210-0,AAL-210,Model name plate (FV)
SX-636,Receiver,AAW-033-0,AAW-033,Meter (signal & tuning)
SX-636,Receiver,ABA-010-A,ABA-010,Screw M4x15
SX-636,Receiver,ACG-001-0,ACG-001,Ceramic  0.01  250V (FV)
SX-636,Receiver,ACG-001-0,ACG-001,"Ceramic  0.01  250V (KCU,FV)"
SX-636,Receiver,ACG-003-0,ACG-003,Ceramic  0.01  250V (KCU)
SX-636,Receiver,ACH-041-0,ACH-041,Electrolytic  6800  35V
SX-636,Receiver,ACH-041-0,ACH-041,Electrolytic  6800  35V
SX-636,Receiver,ACH-041-0,ACH-041,"Electrolytic capacitor 6,800pF, 35V"
SX-636,Receiver,ACV-135-0,ACV-135,Variable resistor 250k-HB (BALANCE)
SX-636,Receiver,ACV-136-0,ACV-136,Variable resistor 100k-B (BASS)
SX-636,Receiver,ACV-136-0,ACV-136,Variable resistor 100k-B (TREBLE)
SX-636,Receiver,ACV-139-0,ACV-139,Variable resistor 250k-B1 (VOLUME)
SX-636,Receiver,ADG-004-0,ADG-004,AC power cord (FV)
SX-636,Receiver,ADG-005-A,ADG-005,AC power cord (KCU)
SX-636,Receiver,ADH-002-0,ADH-002,FM T-type antenna
SX-636,Receiver,AEB-019-0,AEB-019,P. C. board holder
SX-636,Receiver,AEB-060-0,AEB-060,Rubber bracket
SX-636,Receiver,AEC-004-0,AEC-004,Wire clip
SX-636,Receiver,AEC-005-0,AEC-005,Wire clip
SX-636,Receiver,AEC-007-0,AEC-007,Wire clip
SX-636,Receiver,AEC-058-0,AEC-058,Plastic cover
SX-636,Receiver,AEC-061-A,AEC-061,Foot assembly
SX-636,Receiver,AEC-079-0,AEC-079,AC cord grommet
SX-636,Receiver,AEC-079-0,AEC-079,"AC cord grommet (KCU,FV)"
SX-636,Receiver,AEC-085-0,AEC-085,Nut (insulator)
SX-636,Receiver,AEC-101-0,AEC-101,Pulley (small)
SX-636,Receiver,AEC-116-0,AEC-116,Spacer
SX-636,Receiver,AEC-152-0,AEC-152,Knob spacer
SX-636,Receiver,AEC-153-0,AEC-153,Pulley
SX-636,Receiver,AEC-154-A,AEC-154,Antenna clamper
SX-636,Receiver,AEC-160-0,AEC-160,Bush
SX-636,Receiver,AEC-164-0,AEC-164,Spacer
SX-636,Receiver,AEK-014-0,AEK-014,Fuse 500mA (protection - GN)
SX-636,Receiver,AEK-042-0,AEK-042,Fuse 3.15A (protection - GN)
SX-636,Receiver,AEK-042-0,AEK-042,Fuse 3.15A (protection - GN))
SX-636,Receiver,AEK-100-0,AEK-100,"Fuse 4A (protection - KCU,FV)"
SX-636,Receiver,AEK-101-0,AEK-101,"Fuse 3A (protection - KCU,FV)"
SX-636,Receiver,AEK-107-0,AEK-107,"Fuse 0.5A (protection - KCU,FV)"
SX-636,Receiver,AEK-108-0,AEK-108,Fuse 1.5A (AC power -FV)
SX-636,Receiver,AEK-108-0,AEK-108,"Fuse 5A (protection - KCU,FV)"
SX-636,Receiver,AEK-202-0,AEK-202,Fuse 4A (protection - KCU)
SX-636,Receiver,AEK-400-0,AEK-400,Fuse 4A (protection - GN)
SX-636,Receiver,AEL-022-0,AEL-022,"Pilot lamp 8V, 50mA (Program indicator)"
SX-636,Receiver,AEL-022-0,AEL-022,"Pilot lamp 8V, 50mA (program indicator)"
SX-636,Receiver,AEL-025-0,AEL-025,"Pilot lamp 6V, 30mA (stereo indicator)"
SX-636,Receiver,AHA-069-0,AHA-069,Side pad
SX-636,Receiver,AHD-225-0,AHD-225,Packing case
SX-636,Receiver,AKA-001-0,AKA-001,Speaker output terminal
SX-636,Receiver,AKA-002-0,AKA-002,Antenna terminal board
SX-636,Receiver,AKB-014-0,AKB-014,Phono jack-A (4 jacks)
SX-636,Receiver,AKB-015-0,AKB-015,Phono jack-B (4 jacks)
SX-636,Receiver,AKC-023-A,AKC-023,"Terminal strip (2P - KCU,GN)"
SX-636,Receiver,AKE-017-0,AKE-017,Binding post for ground
SX-636,Receiver,AKK-002-0,AKK-002,Pilot lamp socket
SX-636,Receiver,AKP-004-0,AKP-004,"AC socket (KCU,FV)"
SX-636,Receiver,AKP-008-0,AKP-008,Connector (AC power - GN)
SX-636,Receiver,AKR-001-0,AKR-001,Fuse holder (AC power -FV)
SX-636,Receiver,AKR-011-0,AKR-011,"Fuse holder (protection - KCU,FV)"
SX-636,Receiver,AKR-017-0,AKR-017,Fuse holder (protection - GN)
SX-636,Receiver,ALA-008-0,ALA-008,Special nut
SX-636,Receiver,AMM-041-A,AMM-041,Wooden cabinet
SX-636,Receiver,ANA-070-C,ANA-070,Chassis
SX-636,Receiver,ANB-277-B,ANB-277,Front panel assembly
SX-636,Receiver,ANC-122-A,ANC-122,Rear panel (KCU)
SX-636,Receiver,ANC-123-A,ANC-123,Rear panel (FV)
SX-636,Receiver,ANC-124-A,ANC-124,Rear panel (GN)
SX-636,Receiver,AND-076-B,AND-076,Sub-panel
SX-636,Receiver,ANE-059-A,ANE-059,Bottom plate
SX-636,Receiver,ANF-262-A,ANF-262,Lamp-held metal
SX-636,Receiver,ANF-263-0,ANF-263,Power transformer-held metal
SX-636,Receiver,ANF-267-A,ANF-267,Reinforced metal
SX-636,Receiver,ANG-105-0,ANG-105,Dial scale-head metal
SX-636,Receiver,ANG-106-A,ANG-106,Pulley-held metal
SX-636,Receiver,ANG-107-A,ANG-107,Pulley-held metal
SX-636,Receiver,ANH-217-0,ANH-217,Lamp box
SX-636,Receiver,ANH-219-B,ANH-219,Meter lamp box
SX-636,Receiver,ANK-072-0,ANK-072,P.C. board cover
SX-636,Receiver,ARB-107-0,ARB-107,Operating instructions SX-636 (English)
SX-636,Receiver,ARD-071-0,ARD-071,Operating instructions SX-636 (French/German - FV)
SX-636,Receiver,ASC-060-0,ASC-060,Rotary switch (function)
SX-636,Receiver,ASG-040-0,ASG-040,Push switch (FM muting)
SX-636,Receiver,ASG-043-0,ASG-043,Push switch (power - KCU)
SX-636,Receiver,ASG-070-0,ASG-070,"Push switch (power - FV,GN)"
SX-636,Receiver,ASG-070-0,ASG-070,"Push switch (power - GN,FV)"
SX-636,Receiver,ASG-073-0,ASG-073,"Push switch (filter, mode)"
SX-636,Receiver,ASG-073-0,ASG-073,Push switch (speaker)
SX-636,Receiver,ASG-074-0,ASG-074,"Push switch (tape monitor, loudness)"
SX-636,Receiver,ASH-008-0,ASH-008,Slide switch (de-emphasis - FV)
SX-636,Receiver,ATB-026-0,ATB-026,Ferrite loopstick antenna
SX-636,Receiver,ATT-176-0,ATT-176,Power transformer (KCU)
SX-636,Receiver,ATT-184-0,ATT-184,Power transformer (FV)
SX-636,Receiver,ATT-185-0,ATT-185,Power transformer (GN)
SX-636,Receiver,AWE-046-0,AWE-046,Tuner assembly
SX-636,Receiver,AWF-014-0,AWF-014,Equalizer amplifier assembly
SX-636,Receiver,AWH-034-0,AWH-034,Power amplifier assembly
SX-636,Receiver,AWK-035-0,AWK-035,AF amplifier assembly
SX-636,Receiver,AWR-060-0,AWR-060,"Power supply circuit assembly (KCU,FV)"
SX-636,Receiver,AWR-061-0,AWR-061,Power supply circuit assembly (GN)
SX-636,Receiver,AWX-062-0,AWX-062,5P connector assembly
SX-636,Receiver,AWX-072-0,AWX-072,Lamp board assembly
SX-636,Receiver,AXA-015-A,AXA-015,Tuning pulley
SX-636,Receiver,AXA-025-0,AXA-025,Tuning shaft assembly
SX-636,Receiver,AXB-001-A,AXB-001,Ferrite antenna holder assembly
SX-636,Receiver,B21-011-0,B21-011,Washer
SX-636,Receiver,B71-004-0,B71-004,Nut 9ϕ
SX-636,Receiver,CEA 101P 6,CEA 101P 6,Electrolytic  100  6V
SX-636,Receiver,CKDYF 103Z 50,CKDYF 103Z 50,Ceramic  0.01  50V
SX-636,Receiver,CKDYF 103Z 50,CKDYF 103Z 50,"Ceramic  0.01  50V (GN,FV)"
SX-636,Receiver,COMA 822J 50,COMA 822J 50,"Mylar  0.0082  50V (KCU,FV)"
SX-636,Receiver,CQMA 222K 50,CQMA 222K 50,Mylar  0.0022  50V
SX-636,Receiver,CQMA 562K 50,CQMA 562K 50,Mylar  0.0056  50V
SX-636,Receiver,CQMA 822 J 50,CQMA 822 J 50,"Mylar  0.0082  50V (KCU,FV)"
SX-636,Receiver,E22-032-0,E22-032,"Pilot lamp 8V, 0.3A (dial scale)"
SX-636,Receiver,E22-032-0,E22-032,"Pilot lamp 8V, 0.3A (meter)"
SX-636,Receiver,E32-045-A,E32-045,Special washer (insulator)
SX-636,Receiver,E34-004-0,E34-004,Washer (insulator)
SX-636,Receiver,K13-047-0,K13-047,Ground terminal strip (4P)
SX-636,Receiver,K13-048-0,K13-048,Ground terminal strip (2P)
SX-636,Receiver,K72-020-0,K72-020,Phone jack (microphone)
SX-636,Receiver,K72-026-0,K72-026,Phone jack (headphone)
SX-636,Receiver,M45-086-A,M45-086,Washer 1t
SX-636,Receiver,M49-025-E,M49-025,Pulley shalt
SX-636,Receiver,RD½PS 225J,RD½PS 225J,Carbon film  2.2M  ½W
SX-636,Receiver,RD½PS 393J,RD½PS 393J,Carbon film  39k
SX-636,Receiver,T22-025-A,T22-025,Balun
SX-650,Receiver,AAA-036,AAA-036,Knob (TUNING)
SX-650,Receiver,AAB-099,AAB-099,Knob (BALANCE)
SX-650,Receiver,AAB-099,AAB-099,Knob (BASS)
SX-650,Receiver,AAB-099,AAB-099,Knob (TREBLE)
SX-650,Receiver,AAB-100,AAB-100,Knob (FUNCTION)
SX-650,Receiver,AAB-100,AAB-100,Knob (SPEAKERS)
SX-650,Receiver,AAB-100,AAB-100,Knob (VOLUME)
SX-650,Receiver,AAD-113,AAD-113,"Knob (HIGH FILTER,FM MUTING,LOUDNESS,MODE,TAPE 1,TAPE 2)"
SX-650,Receiver,AAF-048,AAF-048,Dial pointer assembly
SX-650,Receiver,AAG-117,AAG-117,Dial scale assembly
SX-650,Receiver,AAW-040,AAW-040,Meter
SX-650,Receiver,ABN-018,ABN-018,Boss
SX-650,Receiver,ACG-001,ACG-001,Ceramic 0.01 150V (DC1 .4kV) (KU)
SX-650,Receiver,ACG-001,ACG-001,Ceramic 0.01 150V (DC1.4kV) (KU/S)
SX-650,Receiver,ACG-001,ACG-001,Ceramic 0.01 250V (HG/S)
SX-650,Receiver,ACG-003,ACG-003,Ceramic 0.01 150V (DC1.4kV - KCU)
SX-650,Receiver,ACG-003,ACG-003,Ceramic 0.01 150V (DC1.4kV) (KC)
SX-650,Receiver,ACH-071,ACH-071,"Electrolytic 8,000 50V"
SX-650,Receiver,ACH-071,ACH-071,"Electrolytic 8,000 50V"
SX-650,Receiver,ACK-012,ACK-012,Tuning Capacitor
SX-650,Receiver,ACV-135,ACV-135,Variable resistor (BALANCE)
SX-650,Receiver,ACV-159,ACV-159,Variable resistor (BASS)
SX-650,Receiver,ACV-160,ACV-160,Variable resistor (TREBLE)
SX-650,Receiver,ACV-179,ACV-179,Variable resistor 100k (VOLUME)
SX-650,Receiver,ADG-002,ADG-002,AC power cord - S
SX-650,Receiver,ADG-005,ADG-005,AC power cord - KCU
SX-650,Receiver,AEB-075,AEB-075,Rubber mat - KCU
SX-650,Receiver,AEB-077,AEB-077,Rubber mat - HG
SX-650,Receiver,AEB-077,AEB-077,Rubber mat - S
SX-650,Receiver,AEC-099,AEC-099,Capacitor cover - HG
SX-650,Receiver,AEC-099,AEC-099,Capacitor cover - S
SX-650,Receiver,AEC-251,AEC-251,Dial scale plate
SX-650,Receiver,AEC-279,AEC-279,Capacitor cover - KCU
SX-650,Receiver,AEC-294,AEC-294,Capacitor cover - KU
SX-650,Receiver,AEK-031,AEK-031,Fuse 0.8A (HG)
SX-650,Receiver,AEK-031,AEK-031,Fuse 0.8A (HG)
SX-650,Receiver,AEK-101,AEK-101,Fuse 3A (KCU)
SX-650,Receiver,AEK-104,AEK-104,Fuse 1.5A (KCU/S)
SX-650,Receiver,AEK-104,AEK-104,Fuse 1.5A (S)
SX-650,Receiver,AEK-111,AEK-111,Fuse 0.8A (KCU/S)
SX-650,Receiver,AEK-111,AEK-111,Fuse 0.8A (KCU/S)
SX-650,Receiver,AEK-405,AEK-405,Fuse 1.6A (HG)
SX-650,Receiver,AEK-405,AEK-405,Fuse 1.6A (HG)
SX-650,Receiver,AEL-060,AEL-060,Lamp assembly 8V 300mA
SX-650,Receiver,AEL-060,AEL-060,Lamp assembly 8V 300mA
SX-650,Receiver,AEL-060,AEL-060,Lamp assembly 8V 300mA
SX-650,Receiver,AEL-061,AEL-061,Lamp with leads 8V 50mA
SX-650,Receiver,AEL-069,AEL-069,Lamp with leads 8V 50mA
SX-650,Receiver,AHD-382,AHD-382,Packing case (KU)
SX-650,Receiver,AHD-382,AHD-382,Packing case (S)
SX-650,Receiver,AHD-383,AHD-383,Packing case (KC)
SX-650,Receiver,AHD-384,AHD-384,Packing case (HG)
SX-650,Receiver,AHG-023,AHG-023,Vinyl bag (power cord cover)
SX-650,Receiver,AHG-040,AHG-040,Vinyl cover (ferrite bar-antenna cover)
SX-650,Receiver,AKA-002,AKA-002,Terminal (ANTENNA)
SX-650,Receiver,AKB-027,AKB-027,Terminal (INPUT)
SX-650,Receiver,AKB-027,AKB-027,Terminal (TAPE 1)
SX-650,Receiver,AKB-027,AKB-027,Terminal (TAPE 2)
SX-650,Receiver,AKC-030,AKC-030,Terminal board (2P) - HG
SX-650,Receiver,AKC-038,AKC-038,Terminal board (2P) - KCU
SX-650,Receiver,AKE-017,AKE-017,Terminal (GND)
SX-650,Receiver,AKE-029,AKE-029,Terminal (SPEAKER)
SX-650,Receiver,AKN-009,AKN-009,Phone jack (PHONES)
SX-650,Receiver,AKN-011,AKN-011,Phone jack (MIC)
SX-650,Receiver,AKP-004,AKP-004,AC - Socket (OUTLET) - KCU
SX-650,Receiver,AKP-004,AKP-004,AC - Socket (OUTLET) - S
SX-650,Receiver,AKP-004,AKP-004,AC socket (OUTLET - KCU/S)
SX-650,Receiver,AKP-008,AKP-008,AC - Socket (INLET) - HG
SX-650,Receiver,AKP-011,AKP-011,DIN connector socket
SX-650,Receiver,AKR-033,AKR-033,Plug in Selector (S)
SX-650,Receiver,AKX-037,AKX-037,Plug in Selector (HG)
SX-650,Receiver,AMM-053,AMM-053,Wooden cabinet - HG
SX-650,Receiver,AMM-053,AMM-053,Wooden cabinet - KCU
SX-650,Receiver,AMM-054,AMM-054,Wooden cabinet - S
SX-650,Receiver,ANB-444,ANB-444,Front panel assembly
SX-650,Receiver,ANF-379,ANF-379,Cover
SX-650,Receiver,ANH-298,ANH-298,Slide cover
SX-650,Receiver,ARB-186,ARB-186,Operating instructions English  SX-650 - KCU
SX-650,Receiver,ARB-187,ARB-187,Operating instructions English  SX-650 - HG
SX-650,Receiver,ARB-195,ARB-195,Operating instructions English  SX-650 - S
SX-650,Receiver,ARD-095,ARD-095,Operating instructions German/French  SX-650 - HG
SX-650,Receiver,ART-193-0,ART-193,"Service manual additional (HG,S)  SX-650"
SX-650,Receiver,ASA-038,ASA-038,Rotary switch (SPEAKER/POWER - S)
SX-650,Receiver,ASA-039,ASA-039,Rotary switch (SPEAKER/POWER - KCU)
SX-650,Receiver,ASA-040,ASA-040,Rotary switch (SPEAKER/POWER - HG)
SX-650,Receiver,ASD-049,ASD-049,Rotary switch (FUNCTION)
SX-650,Receiver,ASK-090,ASK-090,"Lever switch (HIGH FILTER, FM MUTING)"
SX-650,Receiver,ASK-090,ASK-090,"Lever switch (LOUDNESS, MODE, TAPE MONITOR 1, 2)"
SX-650,Receiver,ATT-303,ATT-303,Power transformer (MODEL KU)
SX-650,Receiver,ATT-315,ATT-315,Power transformer (MODEL KC)
SX-650,Receiver,ATT-339,ATT-339,Power transformer (MODEL S)
SX-650,Receiver,ATT-340,ATT-340,Power transformer (MODEL HG)
SX-650,Receiver,AWE-075,AWE-075,Tuner and AF assembly e/w TA7136P IC in the phono EQ
SX-650,Receiver,AWE-075-A,AWE-075,Tuner and AF assembly e/w AWK-165 EQ amplifier
SX-650,Receiver,AWG-049,AWG-049,Tone control assembly
SX-650,Receiver,AWK-065,AWK-065,Equalizer Amplifier Assembly (used only with AWE-075-A)
SX-650,Receiver,AWR-117,AWR-117,Power supply assembly (KCU/S)
SX-650,Receiver,AWR-118,AWR-118,Power supply assembly (HG)
SX-650,Receiver,AWX-095,AWX-095,De-emphasis switch assembly (KCU)
SX-650,Receiver,AWX-100,AWX-100,De-emphasis switch assembly (S)
SX-650,Receiver,AWX-106,AWX-106,Phone jack assembly
SX-650,Receiver,AXA-070,AXA-070,Tuning drum assembly
SX-650,Receiver,AXA-124,AXA-124,Tuning shaft assembly
SX-650,Receiver,AXB-004,AXB-004,Ferrite bar-antenna
SX-650,Receiver,CQSA 561J 50,CQSA 561J 50,Polystyrene 560p 50V
SX-650,Receiver,CQSA 561J 50,CQSA 561J 50,Polystyrene 560p 50V (HG)
SX-650,Receiver,GWH-101,GWH-101,Power amplifier assembly 1
SX-650,Receiver,GWR-101,GWR-101,Power amplifier assembly 2
SX-650,Receiver,RD ½PS 225J,RD ½PS 225J,Carbon film 2.2M  ½W (KCU)
SX-650,Receiver,SP-40W,SP-40W,Transistor
SX-650,Receiver,SP-40W,SP-40W,Transistor
SX-650,Receiver,T22-022,T22-022,Ferrite Balun
SX-650,Receiver,T24-030,T24-030,RF choke coil
SX-680/690,Receiver,AAA-050,AAA-050,Knob (TUNING)
SX-680/690,Receiver,AAB-175,AAB-175,"Knob (BASS, TREBLE)"
SX-680/690,Receiver,AAB-175,AAB-175,Knob (FUNCTION)
SX-680/690,Receiver,AAB-175,AAB-175,Knob (VOLUME)
SX-680/690,Receiver,AAB-176,AAB-176,Knob (BALANCE)
SX-680/690,Receiver,AAD-154,AAD-154,Knob (LOUDNESS)
SX-680/690,Receiver,AAD-154,AAD-154,Knob (MODE/FM MUTE)
SX-680/690,Receiver,AAD-154,AAD-154,Knob (SPEAKERS)
SX-680/690,Receiver,AAD-154,AAD-154,Knob (TAPE MONITOR)
SX-680/690,Receiver,AAD-155,AAD-155,Knob (POWER)
SX-680/690,Receiver,AAF-074,AAF-074,Dial pointer assembly
SX-680/690,Receiver,AAG-158,AAG-158,Dial scale board (SX -680/KU)
SX-680/690,Receiver,AAG-160,AAG-160,Dial scale board (SX -680/HG)
SX-680/690,Receiver,AAG-160,AAG-160,Dial scale board (SX -680/HGW4)
SX-680/690,Receiver,AAG-172,AAG-172,Dial panel (SX-690/KU)
SX-680/690,Receiver,AAW-089,AAW-089,AM/FM meter
SX-680/690,Receiver,AAW-091,AAW-091,POWER meter
SX-680/690,Receiver,ACG-001,ACG-001,Ceramic 0.01/250V
SX-680/690,Receiver,ACG-003,ACG-003,Ceramic 0.01/125V
SX-680/690,Receiver,ACK-012,ACK-012,Tuning Capacitor
SX-680/690,Receiver,ACT-019,ACT-019,Variable resistor (BALANCE)
SX-680/690,Receiver,ACV-161,ACV-161,Variable resistor (VOLUME)
SX-680/690,Receiver,ACV-186,ACV-186,"Variable resistor (BASS, TREBLE)"
SX-680/690,Receiver,ADG-005,ADG-005,AC power cord (KC type)
SX-680/690,Receiver,ADG-016,ADG-016,AC power cord (S/SG type)
SX-680/690,Receiver,ADG-023,ADG-023,AC power cord (SX -680/KU)
SX-680/690,Receiver,ADH-002,ADH-002,T-type FM antenna
SX-680/690,Receiver,AEC-099,AEC-099,Capacitor cover (for C1 S/SG)
SX-680/690,Receiver,AEC-099,AEC-099,Capacitor cover (for C1) (SX -680/HG)
SX-680/690,Receiver,AEC-099,AEC-099,Capacitor cover (for C1) (SX -680/HGW4)
SX-680/690,Receiver,AEC-099,AEC-099,Capacitor cover (for C2 S/SG)
SX-680/690,Receiver,AEC-279,AEC-279,Capacitor cover (for C2) (SX -680/KU)
SX-680/690,Receiver,AEC-294,AEC-294,Capacitor cover (for C1) (SX -680/KU)
SX-680/690,Receiver,AEC-365,AEC-365,Capacitor cover (for C1 KC)
SX-680/690,Receiver,AEC-365,AEC-365,Capacitor cover (for C2 KC)
SX-680/690,Receiver,AEK-100,AEK-100,Fuse 4A
SX-680/690,Receiver,AEK-104,AEK-104,Fuse 1.5A
SX-680/690,Receiver,AEK-108,AEK-108,Fuse 5A
SX-680/690,Receiver,AEL-029,AEL-029,"Lamp (wedge type, 8v 0.3A)"
SX-680/690,Receiver,AEL-307,AEL-307,"LED (STEREO, red)"
SX-680/690,Receiver,AEL-307,AEL-307,LED (TAPE MONITOR; red)
SX-680/690,Receiver,AEL-308,AEL-308,"LED (SOURCE, green)"
SX-680/690,Receiver,AHA-197,AHA-197,Side pad L
SX-680/690,Receiver,AHA-198,AHA-198,Side pad R
SX-680/690,Receiver,AHD-551,AHD-551,Packing case (S type)
SX-680/690,Receiver,AHD-551,AHD-551,Packing case (SX-680/KU)
SX-680/690,Receiver,AHD-557,AHD-557,Packing case (KC type)
SX-680/690,Receiver,AHD-558,AHD-558,Packing case (SG type)
SX-680/690,Receiver,AHD-559,AHD-559,Packing case (SX-680/HG)
SX-680/690,Receiver,AHD-559,AHD-559,Packing case (SX-680/HGW4)
SX-680/690,Receiver,AHD-578,AHD-578,Packing case (SX-690KU)
SX-680/690,Receiver,AHG-023,AHG-023,Vinyl bag (for AC cord) (SX-680/KU)
SX-680/690,Receiver,AHG-090,AHG-090,Sheet cover
SX-680/690,Receiver,AHG-095,AHG-095,Cardboard spacer (SG type)
SX-680/690,Receiver,AKA-003,AKA-003,Terminal (ANTENNA)
SX-680/690,Receiver,AKB-035,AKB-035,Terminal (INPUT)
SX-680/690,Receiver,AKB-035,AKB-035,Terminal (TAPE 1)
SX-680/690,Receiver,AKB-045,AKB-045,Terminal (TAPE 2)
SX-680/690,Receiver,AKE-026,AKE-026,Terminal (SPEAKERS)
SX-680/690,Receiver,AKE-031,AKE-031,Terminal (GND)
SX-680/690,Receiver,AKK-005,AKK-005,Lamp socket
SX-680/690,Receiver,AKN-009,AKN-009,Phone jack (PHONES)
SX-680/690,Receiver,AKP-004,AKP-004,AC socket (AC OUTLETS - KU/KC)
SX-680/690,Receiver,AKP-008,AKP-008,AC socket (INLET) (SX -680/HG)
SX-680/690,Receiver,AKP-008,AKP-008,AC socket (INLET) (SX -680/HGW4)
SX-680/690,Receiver,AKP-016,AKP-016,Panel mount coaxial connector (SX -680/HG)
SX-680/690,Receiver,AKP-016,AKP-016,Panel mount coaxial connector (SX -680/HGW4)
SX-680/690,Receiver,AKP-019,AKP-019,AC socket (AC OUTLETS - S/SG)
SX-680/690,Receiver,AKR-031,AKR-031,Plug in selector (S/SG type)
SX-680/690,Receiver,AKX-057,AKX-057,Plug in selector (Line voltage selector) SX-680/HG
SX-680/690,Receiver,AKX-057,AKX-057,Plug in selector (Line voltage selector) SX-680/HGW4
SX-680/690,Receiver,AMM-071,AMM-071,Bonnet (SX -680/KU)
SX-680/690,Receiver,AMS-029,AMS-029,Side panel (L) (SX -680/HGW4)
SX-680/690,Receiver,AMS-030,AMS-030,Side panel (R) (SX -680/HGW4)
SX-680/690,Receiver,AMS-031,AMS-031,Side panel (L) (SX -680/HG)
SX-680/690,Receiver,AMS-032,AMS-032,Side panel (R) (SX -680/HG)
SX-680/690,Receiver,ANB-596,ANB-596,Front panel assembly (SX-680/KU)
SX-680/690,Receiver,ANB-600,ANB-600,Front panel (SX -680/HG)
SX-680/690,Receiver,ANB-600,ANB-600,Front panel (SX -680/HGW4)
SX-680/690,Receiver,ANB-625,ANB-625,Front panel assembly (SX-690/KU)
SX-680/690,Receiver,ANE-202,ANE-202,Top plate (SX -680/HG)
SX-680/690,Receiver,ANE-202,ANE-202,Top plate (SX -680/HGW4)
SX-680/690,Receiver,ARB-268,ARB-268,Operating instructions (English) (SX-680/KU)
SX-680/690,Receiver,ARB-268,ARB-268,Operating instructions (KC type)
SX-680/690,Receiver,ARB-276,ARB-276,Operating instructions (English) (SX-680/HG)
SX-680/690,Receiver,ARB-276,ARB-276,Operating instructions (English) (SX-680/HGW4)
SX-680/690,Receiver,ARB-280,ARB-280,Operating instructions (S/SG type)
SX-680/690,Receiver,ARB-286,ARB-286,Operating instructions (SX-680/KU)
SX-680/690,Receiver,ARB-291,ARB-291,Operating instructions (SX-690/KU)
SX-680/690,Receiver,ARD-122,ARD-122,Operating instructions (German/French) (SX-680/HGW4)
SX-680/690,Receiver,ART-303-0,ART-303,Service manual additional  SX-690 (HG/HGW4)
SX-680/690,Receiver,ART-307-0,ART-307,Service manual additional  SX-680 (KC/S/SG) SX-690 (KU)
SX-680/690,Receiver,ASE-107,ASE-107,Slide rotary switch (FUNCTION)
SX-680/690,Receiver,ASG-138,ASG-138,Push switch (LOUDNESS)
SX-680/690,Receiver,ASG-138,ASG-138,Push switch (MODE/FM MUTE)
SX-680/690,Receiver,ASG-139,ASG-139,Dual push switch (SPEAKERS)
SX-680/690,Receiver,ASG-140,ASG-140,Dual push switch (TAPE MONITOR)
SX-680/690,Receiver,ASG-503,ASG-503,Push switch (POWER - KC type)
SX-680/690,Receiver,ASG-503,ASG-503,Push switch (POWER) SX-680/KU
SX-680/690,Receiver,ASG-504,ASG-504,Push switch (POWER) SX-680/HGW4
SX-680/690,Receiver,ASG-504,ASG-504,Push switch (POWER) SX-680/KU
SX-680/690,Receiver,ASG-507/ASG-501,ASG-507/ASG-501,Push switch (POWER - S/SG type)
SX-680/690,Receiver,ASG-508/ASG-503,ASG-508/ASG-503,Push switch (POWER - KU type)
SX-680/690,Receiver,ASH-015,ASH-015,Slide switch (DE-EMPHASIS)
SX-680/690,Receiver,ATB-505,ATB-505,Ferrite bar-antenna
SX-680/690,Receiver,ATT-511,ATT-511,Power transformer (SX-680/KU)
SX-680/690,Receiver,ATT-516,ATT-516,Power transformer (KC type)
SX-680/690,Receiver,ATT-520,ATT-520,Power transformer (S/SG type)
SX-680/690,Receiver,ATT-524,ATT-524,Power transformer (SX-680/HG)
SX-680/690,Receiver,ATT-524,ATT-524,Power transformer (SX-680/HGW4)
SX-680/690,Receiver,AXA-113,AXA-113,Tuning drum assembly
SX-680/690,Receiver,AXA-208,AXA-208,Tuning shaft assembly
SX-680/690,Receiver,AXB-012,AXB-012,Antenna holder
SX-680/690,Receiver,E11-024,E11-024,Vinyl pouch
SX-680/690,Receiver,GWB-101,GWB-101,FM Front end (SX-680/KU)
SX-680/690,Receiver,GWB-102,GWB-102,FM Front end (SX-680/HG)
SX-680/690,Receiver,GWB-102,GWB-102,FM Front end (SX-680/HGW4)
SX-680/690,Receiver,GWB-103,GWB-103,FM front-end (KC/S/SG type)
SX-680/690,Receiver,GWM-117,GWM-117,Main Board Assembly (SX-680/KU)
SX-680/690,Receiver,GWM-118,GWM-118,Main board assembly (KC type)
SX-680/690,Receiver,GWM-119,GWM-119,Main board assembly (S/SG type)
SX-680/690,Receiver,GWM-120,GWM-120,Main Board Assembly (SX-680/HG)
SX-680/690,Receiver,GWM-120,GWM-120,Main Board Assembly (SX-680/HGW4)
SX-680/690,Receiver,GWX-177,GWX-177,Indicator assembly
SX-680/690,Receiver,GWX-178,GWX-178,Fuse Holder Assembly (SX-680/KU)
SX-680/690,Receiver,GWX-179,GWX-179,Phone jack assembky
SX-680/690,Receiver,GWX-180,GWX-180,Deemphasis switch assembly (KU/KC type)
SX-680/690,Receiver,GWX-180,GWX-180,Deemphasis Switch Assembly (SX-680/KU)
SX-680/690,Receiver,GWX-183,GWX-183,Deemphasis switch assembly (S/SG type)
SX-680/690,Receiver,GWX-186,GWX-186,Tape assembly (KU/KC type)
SX-680/690,Receiver,GWX-186,GWX-186,Tape Assembly (SX-680/KU)
SX-680/690,Receiver,GWX-187,GWX-187,Fuse holder assembly (KC type)
SX-680/690,Receiver,GWX-188,GWX-188,Tape assembly (S/SG type)
SX-680/690,Receiver,GWX-188,GWX-188,Tape Assembly (SX-680/HG)
SX-680/690,Receiver,GWX-188,GWX-188,Tape Assembly (SX-680/HGW4)
SX-680/690,Receiver,GWX-190,GWX-190,Fuse Holder Assembly (SX-680/HG)
SX-680/690,Receiver,GWX-190,GWX-190,Fuse Holder Assembly (SX-680/HGW4)
SX-680/690,Receiver,GWX-201,GWX-201,Terminal assembly (S/SG type)
SX-680/690,Receiver,K91-008,K91-008,Fuse holder 1P (SX -680/HG)
SX-680/690,Receiver,K91-008,K91-008,Fuse holder 1P (SX -680/HGW4)
SX-680/690,Receiver,N/A,N/A,Service manual  SX-680/690
SX-680/690,Receiver,STK-0039,STK-0039,IC
SX-680/690,Receiver,STK-0039,STK-0039,IC
SX-7,Receiver,AAB-274,AAB-274,"Knob (BASS,TREBLE,BALANCE)"
SX-7,Receiver,AAD-401,AAD-401,Knob (TUNING)
SX-7,Receiver,AAD-402,AAD-402,Knob (FM)
SX-7,Receiver,AAD-403,AAD-403,Knob (AM)
SX-7,Receiver,AAD-404,AAD-404,Knob (MEMORY/STOP)
SX-7,Receiver,AAD-405,AAD-405,"Knob (CLOCK,SPEAKERS,TUNING,TAPE,MUTE,MONO,SUBSONIC,LOUDNESS,PHONO MM/MC)"
SX-7,Receiver,AAD-406,AAD-406,Knob (POWER)
SX-7,Receiver,AAD-407,AAD-407,"Knob array (INPUT SELECTOR,PRESET VOLUME,MUTING,VOLUME UP/DOWN)"
SX-7,Receiver,AAN-028,AAN-028,Station card set
SX-7,Receiver,AAV-305,AAV-305,LED level meter module
SX-7,Receiver,ABA-176,ABA-176,Terminal screw
SX-7,Receiver,ABH-088,ABH-088,Coiled spring
SX-7,Receiver,ABN-028,ABN-028,Union nut
SX-7,Receiver,ABN-048,ABN-048,Washerfaced nut
SX-7,Receiver,ACG-001,ACG-001,Ceramic capacitor
SX-7,Receiver,ACT-028,ACT-028,Variable resistor 100k (BALANCE)
SX-7,Receiver,ACT-138,ACT-138,Variable resistor 100k (BASS)
SX-7,Receiver,ACT-139,ACT-139,Variable resistor 100k (TREBLE)
SX-7,Receiver,ADG-052,ADG-052,AC power cord
SX-7,Receiver,ADH-004,ADH-004,T-type FM antenna
SX-7,Receiver,AEC-083,AEC-083,Foot assembly
SX-7,Receiver,AEC-327,AEC-327,Strain relief
SX-7,Receiver,AEC-488,AEC-488,Mica wafer
SX-7,Receiver,AEK-103,AEK-103,Fuse (2A. FU2)
SX-7,Receiver,AEK-108,AEK-108,"Fuse (5A, FU1)"
SX-7,Receiver,AEL-351,AEL-351,"LED (PHONO,AUX/VIDEO)"
SX-7,Receiver,AEL-365,AEL-365,LED (STATlON)
SX-7,Receiver,AEL-365,AEL-365,LED (TAPE MONITOR)
SX-7,Receiver,AEL-376,AEL-376,"LED (FM,AM,VOLUME)"
SX-7,Receiver,AEL-376,AEL-376,LED (SIGNAL)
SX-7,Receiver,AEL-377,AEL-377,"LED (PRESET STEP,MUTING)"
SX-7,Receiver,AEL-377,AEL-377,LED (STEREO)
SX-7,Receiver,AEL-378,AEL-378,LED numeric display
SX-7,Receiver,AHA-300,AHA-300,Side pad L
SX-7,Receiver,AHA-301,AHA-301,Side pad R
SX-7,Receiver,AHD-960,AHD-960,Packing case
SX-7,Receiver,AKA-017,AKA-017,Terminal (ANTENNA)
SX-7,Receiver,AKB-076,AKB-076,Terminal (AM STEREO OUT)
SX-7,Receiver,AKB-078,AKB-078,"Terminal (lNPUT,TAPE1 , TAPE 2/ADAPTOR)"
SX-7,Receiver,AKE-103,AKE-103,Terminal (SPEAKERS)
SX-7,Receiver,AKN-030,AKN-030,Phone jack (PHONES)
SX-7,Receiver,AKP-039,AKP-039,AC socket (AC OUTLETS)
SX-7,Receiver,ANE-360,ANE-360,Top cover
SX-7,Receiver,ANM-065,ANM-065,From panel assembly
SX-7,Receiver,ANR-450,ANR-450,Slider assembly
SX-7,Receiver,ANR-459,ANR-459,Display cover
SX-7,Receiver,ARB-442,ARB-442,Operating instructions  SX-7
SX-7,Receiver,ARP-012-0,ARP-012,Service manual  SX-6
SX-7,Receiver,ARP-018-0,ARP-018,Service manual  SX-7
SX-7,Receiver,ASG-177,ASG-177,Tact switch (STATION PRESETS)
SX-7,Receiver,ASG-298,ASG-298,2-ganged push switch (TUNING)
SX-7,Receiver,ASG-302,ASG-302,"3-ganged push switch (CLOCK,SPEAKERS)"
SX-7,Receiver,ASG-521,ASG-521,Push switch (POWER)
SX-7,Receiver,ASH-015,ASH-015,Slide switch (AM CHANNEL STEP)
SX-7,Receiver,ASR-033,ASR-033,Relay
SX-7,Receiver,ASS-016,ASS-016,Crystal resonator
SX-7,Receiver,ASS-017,ASS-017,Crystal resonator
SX-7,Receiver,ASX-173,ASX-173,"6-ganged push switch (TAPE,MONO,SUBSONlC,LOUDNESS,PHONO)"
SX-7,Receiver,ASX-175,ASX-175,Remote slide switch (MM/MC)
SX-7,Receiver,ATB-631,ATB-631,Bar-antenna assembly
SX-7,Receiver,ATT-842,ATT-842,Power transformer (T2)
SX-7,Receiver,ATT-847,ATT-847,Power transformer (T2)
SX-7,Receiver,AWE-114,AWE-114,Tuner assembly
SX-7,Receiver,AWX-223,AWX-223,Control assembly
SX-7,Receiver,GWG-160,GWG-160,Tone control assembly
SX-7,Receiver,GWK-188,GWK-188,AF assembly
SX-700,Receiver,AAA-069,AAA-069,Knob (TUNING)
SX-700,Receiver,AAB-244,AAB-244,"Knob (BASS,TREBLE,BALANCE,VOLUME,FUNCTION)"
SX-700,Receiver,AAD-179,AAD-179,"Knob B (FM MUTING,LOUDNESS)"
SX-700,Receiver,AAD-200,AAD-200,Lever knob (POWER)
SX-700,Receiver,AAD-298,AAD-298,Push knob (PRESETS)
SX-700,Receiver,AAD-299,AAD-299,"Push knob (MEMORY,MANUAL)"
SX-700,Receiver,AAW-127,AAW-127,Signal meter
SX-700,Receiver,ACH-215,ACH-215,Electrolytic (8200/50V)
SX-700,Receiver,ACT-022,ACT-022,"Variable resistor (1M, BALANCE)"
SX-700,Receiver,ACT-128,ACT-128,"Variable resistor (250k, VOLUME)"
SX-700,Receiver,ACT-129,ACT-129,"Variable resistor (100k, BASS, TREBLE)"
SX-700,Receiver,ACX-201,ACX-201,Tuning resistor
SX-700,Receiver,ADG-023,ADG-023,AC power cord
SX-700,Receiver,ADH-004,ADH-004,FM antenna
SX-700,Receiver,AEC-327,AEC-327,Strain relief
SX-700,Receiver,AEC-672,AEC-672,Foot assembly
SX-700,Receiver,AEK-100,AEK-100,Fuse (4A)
SX-700,Receiver,AEK-107,AEK-107,Fuse (0.5A)
SX-700,Receiver,AEK-109,AEK-109,Fuse (6A)
SX-700,Receiver,AEL-140,AEL-140,"Lamp with wire (8V, 100mA)"
SX-700,Receiver,AHA-254,AHA-254,Side pad
SX-700,Receiver,AHD-830,AHD-830,Packing case
SX-700,Receiver,AKA-002,AKA-002,Terminal (ANTENNA)
SX-700,Receiver,AKB-062,AKB-062,Terminal (PHONO)
SX-700,Receiver,AKB-064,AKB-064,"Terminal (AUX, TAPE)"
SX-700,Receiver,AKB-076,AKB-076,Terminal (AM STEREO OUT)
SX-700,Receiver,AKE-048,AKE-048,Terminal (SPEAKERS)
SX-700,Receiver,AKN-029,AKN-029,Phone jack (PHONES)
SX-700,Receiver,AKP-040,AKP-040,AC socket (AC OUTLETS)
SX-700,Receiver,ANB-902,ANB-902,Front panel assembly
SX-700,Receiver,ANE-269,ANE-269,Bonnet case
SX-700,Receiver,ARB-379,ARB-379,Operating instructions  SX-700
SX-700,Receiver,ART-554-0,ART-554,Service manual  SX-700
SX-700,Receiver,ASE-010,ASE-010,Slide rotary switch (FUNCTION)
SX-700,Receiver,ASG-161,ASG-161,"Tact switch (MANUAL,MEMORY,PRESETS)"
SX-700,Receiver,ASG-221,ASG-221,Push switch (TAPE MONITOR)
SX-700,Receiver,ASG-242,ASG-242,"2-ganged push switch  (FM MUTING, LOUDNESS)"
SX-700,Receiver,ASK-523,ASK-523,Lever switch (POWER)
SX-700,Receiver,ATB-626,ATB-626,Bar-antenna assembly
SX-700,Receiver,ATT-731,ATT-731,Power transformer
SX-700,Receiver,AWX-200,AWX-200,AM IF assembly
SX-700,Receiver,AXA-274,AXA-274,Tuning shaft assembly
SX-700,Receiver,GWF-134,GWF-134,EQ AMP assembly
SX-700,Receiver,GWM-167,GWM-167,Tuner/AF assembly
SX-700,Receiver,GWX-510,GWX-510,Switch assembly
SX-700,Receiver,GWX-511,GWX-511,Indicator assembly
SX-700,Receiver,GWX-512,GWX-512,Fuse assembly
SX-700L,Receiver,AAA-069,AAA-069,Knob (TUNING)
SX-700L,Receiver,AAB-244,AAB-244,"Knob (BASS,TREBLE,BALANCE,VOLUME,FUNCTION)"
SX-700L,Receiver,AAD-179,AAD-179,"Knob B (FM MUTING,LOUDNESS)"
SX-700L,Receiver,AAD-200,AAD-200,Lever knob (POWER)
SX-700L,Receiver,AAD-298,AAD-298,Push knob (PRESETS 1-7)
SX-700L,Receiver,AAD-299,AAD-299,"Push knob (MEMORY,MANUAL)"
SX-700L,Receiver,AAW-126,AAW-126,Signal meter
SX-700L,Receiver,ACH-215,ACH-215,Electrolytic (8200/50V)
SX-700L,Receiver,ACT-022,ACT-022,"Variable resistor (1M, BALANCE)"
SX-700L,Receiver,ACT-128,ACT-128,"Variable resistor (250k, VOLUME)"
SX-700L,Receiver,ACT-129,ACT-129,"Variable resistor (100k, BASS, TREBLE)"
SX-700L,Receiver,ACX-201,ACX-201,Tuning resistor
SX-700L,Receiver,ADG-041,ADG-041,AC power cord - HE
SX-700L,Receiver,ADG-051,ADG-051,AC power cord - HB
SX-700L,Receiver,ADH-004,ADH-004,T-type FM antenna
SX-700L,Receiver,AEC-327,AEC-327,Strain relief
SX-700L,Receiver,AEC-672,AEC-672,Foot assembly
SX-700L,Receiver,AEK-037,AEK-037,Fuse T250mA 250V
SX-700L,Receiver,AEK-042,AEK-042,Fuse T3.15A 250V
SX-700L,Receiver,AEK-403,AEK-403,Fuse T2.5A 250V - HE
SX-700L,Receiver,AEK-404,AEK-404,Fuse T2.5A 250V
SX-700L,Receiver,AEK-405,AEK-405,Fuse T1.6A 250V
SX-700L,Receiver,AEL-140,AEL-140,Lamp with wire
SX-700L,Receiver,AHA-254,AHA-254,Side pad
SX-700L,Receiver,AHD-780,AHD-780,Packing case
SX-700L,Receiver,AKA-007,AKA-007,Terminal (ANTENNA)
SX-700L,Receiver,AKB-062,AKB-062,Terminal (PHONO)
SX-700L,Receiver,AKB-064,AKB-064,"Terminal (AUX, TAPE)"
SX-700L,Receiver,AKE-048,AKE-048,Terminal (SPEAKERS)
SX-700L,Receiver,AKN-029,AKN-029,Phone jack (PHONES)
SX-700L,Receiver,AKP-026,AKP-026,AC socket (AC OUTLETS)
SX-700L,Receiver,AKP-026,AKP-026,AC socket - HE
SX-700L,Receiver,ANB-900,ANB-900,Front panel assembly
SX-700L,Receiver,ANE-269,ANE-269,Bonnet case
SX-700L,Receiver,ARB-369,ARB-369,Operating instructions (English)  SX-700L
SX-700L,Receiver,ARD-149,ARD-149,Operating instructions (German/French)  SX-700L - HE
SX-700L,Receiver,ASE-008,ASE-008,Slide rotary switch (FUNCTION)
SX-700L,Receiver,ASG-161,ASG-161,"Tact switch (MANUAL,MEMORY,PRESETS)"
SX-700L,Receiver,ASG-221,ASG-221,Push switch (TAPE MONITOR)
SX-700L,Receiver,ASG-242,ASG-242,"2-ganged push switch  (FM MUTING, LOUDNESS)"
SX-700L,Receiver,ASK-522,ASK-522,Lever switch (POWER)
SX-700L,Receiver,ASX-103,ASX-103,Remote slide (FUNCTION-AM BAND)
SX-700L,Receiver,ATT-706,ATT-706,Power transformer
SX-700L,Receiver,ATX-019,ATX-019,Bar-antenna assembly
SX-700L,Receiver,AXA-274,AXA-274,Tuning shaft assembly
SX-700L,Receiver,GWF-133,GWF-133,EQ AMP assembly
SX-700L,Receiver,GWM-165,GWM-165,Tuner/AF assembly
SX-700L,Receiver,GWX-500,GWX-500,Switch assembly
SX-700L,Receiver,GWX-501,GWX-501,Indicator assembly
SX-700L,Receiver,GWX-502,GWX-502,Fuse assembly
SX-700T,Receiver,A11-109-0,A11-109,Knob Selector
SX-700T,Receiver,A11-112-A,A11-112,"Knob, Volume, Balance, Power"
SX-700T,Receiver,A11-115-A,A11-115,Knob Mode Output Selector
SX-700T,Receiver,A11-119-0,A11-119,Knob Tuning
SX-700T,Receiver,A11-135-0,A11-135,Knob Bass Treble (L)
SX-700T,Receiver,A11-138-0,A11-138,Knob Bass Treble (R)
SX-700T,Receiver,A31-080-A,A31-080,Dlal Pointer
SX-700T,Receiver,A33-036-C,A33-036,Dial Scale
SX-700T,Receiver,A59-030-0,A59-030,Bracket (Orange)
SX-700T,Receiver,A91-005-D,A91-005,Tuning Meter
SX-700T,Receiver,B11-021-B,B11-021,Screw to Fix Metal Cover
SX-700T,Receiver,C85-052-0,C85-052,50K dual Balance
SX-700T,Receiver,C85-054-0,C85-054,500K dual Volume
SX-700T,Receiver,C87-018-0,C87-018,100K dual Bass
SX-700T,Receiver,C87-018-0,C87-018,100K dual Treble
SX-700T,Receiver,C92-028-0,C92-028,10K MPX Separation Control
SX-700T,Receiver,C92-032-0,C92-032,100 ohm Current Control
SX-700T,Receiver,C92-032-0,C92-032,100 ohm Current Control
SX-700T,Receiver,E21-004-0,E21-004,Fuse 1A
SX-700T,Receiver,E22-002-0,E22-002,Pilot Lamp
SX-700T,Receiver,E22-011-0,E22-011,Pilot Lamp for FM Stereo
SX-700T,Receiver,E31-065-0,E31-065,Dial Spring
SX-700T,Receiver,K11-018-0,K11-018,Terminal 4P
SX-700T,Receiver,K22-013-0,K22-013,Termmal 6P
SX-700T,Receiver,K41-002-0,K41-002,Pilot Lamp Socket
SX-700T,Receiver,K72-006-C,K72-006,Headphone Jack
SX-700T,Receiver,K73-003-0,K73-003,Concent for Speaker
SX-700T,Receiver,K82-007-B,K82-007,AC Concent
SX-700T,Receiver,K93-003-0,K93-003,Connector 5P for Tape Recorder
SX-700T,Receiver,K96-006-0,K96-006,Fuse Holder
SX-700T,Receiver,M10-014-0,M10-014,Dial Pulley
SX-700T,Receiver,M21-069-B,M21-069,Front Panel
SX-700T,Receiver,M33-086-C,M33-086,Metal Case
SX-700T,Receiver,M41-085-0,M41-085,Dial Pulley (for tuning Capacitor)
SX-700T,Receiver,M61-003-0,M61-003,Foot
SX-700T,Receiver,R12-001-A,R12-001,Service manual  SX-700T
SX-700T,Receiver,S11-014-A,S11-014,Power Switch
SX-700T,Receiver,S16-037-C,S16-037,Input Selector
SX-700T,Receiver,S16-038-B,S16-038,Mode Selector Switch
SX-700T,Receiver,S16-041-0,S16-041,Output Selector
SX-700T,Receiver,S42-001-C,S42-001,Toggle Switch (AFC)
SX-700T,Receiver,S42-001-C,S42-001,Toggle Switch (HIGH RLTER)
SX-700T,Receiver,S42-001-C,S42-001,Toggle Switch (LOUDNESS)
SX-700T,Receiver,S42-001-C,S42-001,Toggle Switch (PHONO)
SX-700T,Receiver,T24-025-0,T24-025,Choke Coil
SX-700T,Receiver,T24-025-0,T24-025,Choke Coil
SX-700T,Receiver,T42-014-0,T42-014,AM Ferite Loopstick Antenna Coil
SX-700T,Receiver,T52-109-C,T52-109,Power Transformer
SX-700T,Receiver,W11-021-A,W11-021,FM Front end
SX-700T,Receiver,W12-009-C,W12-009,FM IF Unit
SX-700T,Receiver,W13-021-D,W13-021,MPX Unit
SX-700T,Receiver,W14-004-C,W14-004,AM Unit
SX-700T,Receiver,W15-005-D,W15-005,Pre Amp Unit
SX-700T,Receiver,W15-009-E,W15-009,Main Amp Unit
SX-700T,Receiver,W15-047-B,W15-047,Control Amp Unit
SX-700T,Receiver,W16-008-A,W16-008,Power Supply Unlt
SX-727,Receiver,AAA-006-0,AAA-006,Knob for tuning
SX-727,Receiver,AAB-007-B,AAB-007,"Knob for volume, balance, selector speakers and mode"
SX-727,Receiver,AAB-013-0,AAB-013,Knob for bass and treble (L)
SX-727,Receiver,AAB-014-0,AAB-014,Knob for bass and treble (R)
SX-727,Receiver,AAD-026-0,AAD-026,Knob for push switch
SX-727,Receiver,AAF-011-A,AAF-011,Dial pointer ass'y
SX-727,Receiver,AAG-029-0,AAG-029,Dial scale
SX-727,Receiver,AAW-006-0,AAW-006,Signal meter
SX-727,Receiver,AAW-007-0,AAW-007,Tuning meter
SX-727,Receiver,ACE-001-A,ACE-001,Oil paper  0.01  800V (KUW)
SX-727,Receiver,ACH-001-C,ACH-001,Electrolytic  1000  63V
SX-727,Receiver,ACH-014-0,ACH-014,Electrolytic  6800  50V
SX-727,Receiver,ACH-014-0,ACH-014,Electrolytic  6800  50V
SX-727,Receiver,ACV-105-0,ACV-105,Dual  500k-B (Volume)
SX-727,Receiver,ACV-202 A,ACV-202 A,Dual  100k-B (Treble)
SX-727,Receiver,ACV-202-A,ACV-202,Dual  100k-B (Bass)
SX-727,Receiver,AEC-027-B,AEC-027,Foot
SX-727,Receiver,AEL-007-0,AEL-007,Pilot lamp for program indicator
SX-727,Receiver,AHA-012-A,AHA-012,Side pad lLl
SX-727,Receiver,AHA-013-A,AHA-013,Side pad (R)
SX-727,Receiver,AHB-006-0,AHB-006,Cardboard protector
SX-727,Receiver,AHB-007-0,AHB-007,Top pad
SX-727,Receiver,AHC-001-0,AHC-001,Accessory box
SX-727,Receiver,AHD-070-A,AHD-070,Packing case
SX-727,Receiver,AKB-006-0,AKB-006,6P input terminal board (TAPE terminal)
SX-727,Receiver,AKB-007-0,AKB-007,6P input terminal board (PHONO terminal)
SX-727,Receiver,AKP-002-0,AKP-002,Spare AC outlet
SX-727,Receiver,AKR-007-0,AKR-007,Fuse Holder
SX-727,Receiver,AMM-012-0,AMM-012,Wooden case
SX-727,Receiver,ANB-121-0,ANB-121,Front panel ass'y
SX-727,Receiver,ARB-045-0,ARB-045,Operating instructions SX-727
SX-727,Receiver,ASA-027,ASA-027,Output Selector (KUW)
SX-727,Receiver,ASB-011-A,ASB-011,Selector switch
SX-727,Receiver,ASG-017-0,ASG-017,Push switch (FM Muting)
SX-727,Receiver,ASG-017-0,ASG-017,Push switch (High Filter)
SX-727,Receiver,ASG-017-0,ASG-017,Push switch (Loudness)
SX-727,Receiver,ASG-017-0,ASG-017,Push switch (Mode)
SX-727,Receiver,ASG-017-0,ASG-017,Push switch (Muting)
SX-727,Receiver,ASG-018-0,ASG-018,Push switch (Low Filter)
SX-727,Receiver,ASG-019-0,ASG-019,Push switch (Monitor-1)
SX-727,Receiver,ASG-019-0,ASG-019,Push switch (Monitor-2)
SX-727,Receiver,ASM-002-0,ASM-002,Slide switch
SX-727,Receiver,ASR-001-0,ASR-001,Relay
SX-727,Receiver,ATB-005-0,ATB-005,Ferrite loopstick antenna (KUW)
SX-727,Receiver,ATT-050-0,ATT-050,Power transformer (KUW)
SX-727,Receiver,ATT-051-0,ATT-051,"Power transformer (FVZW,FW)"
SX-727,Receiver,AWB-006-0,AWB-006,FM front end (FVZW)
SX-727,Receiver,AWE-015-A,AWE-015,FM/AM unit
SX-727,Receiver,AWH-011-0,AWH-011,Power amp unit
SX-727,Receiver,AWK-010-A,AWK-010,AF unit
SX-727,Receiver,AWM-011-0,AWM-011,Protector unit
SX-727,Receiver,AWM-027,AWM-027,Protector Unit (Later)
SX-727,Receiver,AWR-011-0,AWR-011,Power supply unit
SX-727,Receiver,AWX-014-A,AWX-014,"CR unit (KUW,FVZW)"
SX-727,Receiver,AWX-016-0,AWX-016,Lamp box unit
SX-727,Receiver,AWX-017-0,AWX-017,CR unit (FW)
SX-727,Receiver,AXA-013-0,AXA-013,Dial shaft ass'y
SX-727,Receiver,AXB-001-0,AXB-001,Ferrite loopstick antenna holder ass'y
SX-727,Receiver,B11-012-A,B11-012,Screw for grounding
SX-727,Receiver,B11-016-B,B11-016,Screw to ﬁx wooden case
SX-727,Receiver,C43-003-0,C43-003,Ceramic  0.01  DC .4kV
SX-727,Receiver,C43-003-0,C43-003,"Ceramic 0.01 DC 1 4kV (FVZW,FW)"
SX-727,Receiver,C43-003-0,C43-003,"Ceramic 0.01 DC l.4kV (FVZW,FW)"
SX-727,Receiver,C82-049-0,C82-049,Dual  100k-B (Balance)
SX-727,Receiver,CEA 221M 10,CEA 221M 10,Electrolytic  220  10V
SX-727,Receiver,CEA 331M 16,CEA 331M 16,Electrolytic  330  16V
SX-727,Receiver,CKDYF 103Z 50,CKDYF 103Z 50,Ceramic  0.01  50V
SX-727,Receiver,CKDYF 103Z 50,CKDYF 103Z 50,Ceramic  0.01  50V
SX-727,Receiver,D11-003-E,D11-003,AC power cord
SX-727,Receiver,D52-013-0,D52-013,FM T-type antenna
SX-727,Receiver,E21-006-0,E21-006,Fuse 3A
SX-727,Receiver,E21-012-0,E21-012,"Fuse 1.5A (FVZW, FW)"
SX-727,Receiver,E21-019-A,E21-019,Fuse 0.5A for protection
SX-727,Receiver,E21-021-0,E21-021,Fuse 3A
SX-727,Receiver,E21-022-0,E21-022,Fuse 3A for protection
SX-727,Receiver,E22-017-0,E22-017,Pilot lamp for dial scale
SX-727,Receiver,E22-032-0,E22-032,Pilot lamp for meter
SX-727,Receiver,K11-043-C,K11-043,Antenna terminal board
SX-727,Receiver,K13-047-D,K13-047,4p ground terminal
SX-727,Receiver,K71-026-0,K71-026,Jumper plug
SX-727,Receiver,K72-007-B,K72-007,Speaker plug
SX-727,Receiver,K72-015-A,K72-015,Pin plug
SX-727,Receiver,K72-024-0,K72-024,Microphone jack
SX-727,Receiver,K72-026-0,K72-026,Headphones jack
SX-727,Receiver,K72-028-0,K72-028,Speaker socket
SX-727,Receiver,K91-005-A,K91-005,Pilot lamp (for dial scale) socket
SX-727,Receiver,K93-003-B,K93-003,5P connector (DIN)
SX-727,Receiver,M42-080-A,M42-080,Dial pulley ass'y
SX-727,Receiver,RD¼PS 183J,RD¼PS 183J,Carbon film  18k
SX-727,Receiver,RD¼PS 183J,RD¼PS 183J,Carbon film  18k
SX-727,Receiver,RD¼PS 220J,RD¼PS 220J,Carbon film  22  ½W
SX-727,Receiver,RD¼PS 330J,RD¼PS 330J,Carbon film  33
SX-727,Receiver,RD½PW 225J,RD½PW 225J,Carbon film  2.2M
SX-727,Receiver,RT5B 151K,RT5B 151K,Wire wound  150  5W
SX-727,Receiver,RTSB 151K,RTSB 151K,Wire wound  150  5W
SX-727,Receiver,S11-029-0,S11-029,"Output selector (FVZW,FW)"
SX-727,Receiver,SIB01-01,SIB01-01,Diode
SX-727,Receiver,T22-025-A,T22-025,Balun transformer
SX-727,Receiver,T24-030-0,T24-030,Choke coil
SX-727,Receiver,T42-025-0,T42-025,"Ferrite loopstick antenna (FVZW,FW)"
SX-727,Receiver,W11-045-0,W11-045,"FM front end (KUW, FW)"
SX-727,Receiver,W21-002-A,W21-002,Head amp unit
SX-727,Receiver,W52-004-0,W52-004,Compound part for REC terminal
SX-737,Receiver,AAA-024-0,AAA-024,Knob (tuning)
SX-737,Receiver,AAB-068-0,AAB-068,"Knob (volume, balance, bass, treble, function, rec selector)"
SX-737,Receiver,AAD-040-B,AAD-040,"Knob (power, filter, tape monitor,loudness)"
SX-737,Receiver,AAD-054-0,AAD-054,"Knob (mode, FM muting)"
SX-737,Receiver,AAD-082-B,AAD-082,Knob (speakers)
SX-737,Receiver,AAE-007-0,AAE-007,Coupler (knob-to-switch)
SX-737,Receiver,AAF-020-0,AAF-020,Dial pointer
SX-737,Receiver,AAG-079-A,AAG-079,Dial scale
SX-737,Receiver,AAL-183-0,AAL-183,Model name plate (KCU)
SX-737,Receiver,AAL-185-0,AAL-185,Model name plate (GN)
SX-737,Receiver,AAL-203-0,AAL-203,Model name plate (F)
SX-737,Receiver,AAW-032-0,AAW-032,Meter (signal & tuning)
SX-737,Receiver,ABA-010-A,ABA-010,Screw M4X15
SX-737,Receiver,ABA-012-0,ABA-012,Screw
SX-737,Receiver,ACG-001-0,ACG-001,"Ceramic  0.01  250V (F,GN)"
SX-737,Receiver,ACG-001-0,ACG-001,"Ceramic  0.01  250V (KCU,F)"
SX-737,Receiver,ACG-003-0,ACG-003,Ceramic  0.01  250V (KCU)
SX-737,Receiver,ACH-014-0,ACH-014,Electrolytic  6800  50V
SX-737,Receiver,ACH-014-0,ACH-014,Electrolytic  6800  50V
SX-737,Receiver,ACH-014-0,ACH-014,"Electrolytic capacitor 6,800uF 50V"
SX-737,Receiver,ACV-134-0,ACV-134,Variable resistor 250k-B1 (volume)
SX-737,Receiver,ACV-135-0,ACV-135,Variable resistor 250k-HB (balance)
SX-737,Receiver,ACV-136-0,ACV-136,Variable resistor 100k-B(bass)
SX-737,Receiver,ACV-136-0,ACV-136,Variable resistor 100k-B(treble]
SX-737,Receiver,ADD-040-B,ADD-040,"Knob (power, tape monitor,filter,loudness)"
SX-737,Receiver,ADD-082-B,ADD-082,Knob (Speakers)
SX-737,Receiver,ADG-004-0,ADG-004,AC power cord (F)
SX-737,Receiver,ADG-005-A,ADG-005,AC power cord (KCU)
SX-737,Receiver,ADH-002-0,ADH-002,FM T-type antenna
SX-737,Receiver,AEB-019-0,AEB-019,P.C. board holder
SX-737,Receiver,AEB-060-0,AEB-060,Rubber bracket
SX-737,Receiver,AEC-004-0,AEC-004,Wire clip-A
SX-737,Receiver,AEC-005-0,AEC-005,Wire clip-B
SX-737,Receiver,AEC-007-0,AEC-007,Wire clip-C
SX-737,Receiver,AEC-017-0,AEC-017,Small pulley
SX-737,Receiver,AEC-061-A,AEC-061,Foot assembly
SX-737,Receiver,AEC-064-0,AEC-064,Wire clip
SX-737,Receiver,AEC-079-0,AEC-079,AC cord grommet
SX-737,Receiver,AEC-079-0,AEC-079,"AC cord grommet (KCU,F)"
SX-737,Receiver,AEC-085-0,AEC-085,Nut (insulator)
SX-737,Receiver,AEC-101-0,AEC-101,Pulley (large)
SX-737,Receiver,AEC-116-0,AEC-116,Spacer
SX-737,Receiver,AEC-119-0,AEC-119,Sponge rubber
SX-737,Receiver,AEC-152-B,AEC-152,Spacer
SX-737,Receiver,AEC-153-0,AEC-153,Pulley (small)
SX-737,Receiver,AEC-154-0,AEC-154,Antenna clamper
SX-737,Receiver,AEC-160-0,AEC-160,Bush
SX-737,Receiver,AED-025-A,AED-025,Shading plate
SX-737,Receiver,AEK-003-0,AEK-003,Fuse 3A (protection -KCU)
SX-737,Receiver,AEK-013-0,AEK-013,Fuse 1.6A (protection- GN)
SX-737,Receiver,AEK-042-0,AEK-042,Fuse 3.15A (protection - GN)
SX-737,Receiver,AEK-101-0,AEK-101,Fuse 3A (AC power - KCU)
SX-737,Receiver,AEK-101-0,AEK-101,"Fuse 3A (protection - KCU,F)"
SX-737,Receiver,AEK-104-0,AEK-104,Fuse 1.5A (AC power -F)
SX-737,Receiver,AEK-106-0,AEK-106,"Fuse 1A (protection - KCU,F)"
SX-737,Receiver,AEK-106-0,AEK-106,"Fuse 1A (protection - KCU,F)"
SX-737,Receiver,AEK-106-0,AEK-106,"Fuse 1A (protection - KCU,F)"
SX-737,Receiver,AEL-022-0,AEL-022,"Pilot lamp 8V, 50mA (program indicator)"
SX-737,Receiver,AEL-022-0,AEL-022,"Pilot lamp 8V, 50mA (program indicator)"
SX-737,Receiver,AEL-023-0,AEL-023,"Pilot lamp BV,50mA(program indicator)"
SX-737,Receiver,AHA-068-0,AHA-068,Side pad
SX-737,Receiver,AHC-015-0,AHC-015,Inside packing
SX-737,Receiver,AHD-223-0,AHD-223,Packing case
SX-737,Receiver,AKA-001-0,AKA-001,Speaker output terminal
SX-737,Receiver,AKA-002-0,AKA-002,Antenna terminal board
SX-737,Receiver,AKB-014-0,AKB-014,Phono jack-A (4 jacks)
SX-737,Receiver,AKB-015-0,AKB-015,Phono jack-B (4 jacks)
SX-737,Receiver,AKC-023-0,AKC-023,Terminal strip (2P) (GN)
SX-737,Receiver,AKE-017-0,AKE-017,Binding post for ground
SX-737,Receiver,AKK-002-0,AKK-002,Pilot lamp socket
SX-737,Receiver,AKP-004-0,AKP-004,"AC socket (KCU,F)"
SX-737,Receiver,AKP-008-0,AKP-008,Connector (AC power - GN)
SX-737,Receiver,AKR-001-0,AKR-001,Fuse holder (AC power - F)
SX-737,Receiver,AKR-007-0,AKR-007,Fuse holder (AC power - KCU)
SX-737,Receiver,AMM-040-0,AMM-040,Wooden cabinet
SX-737,Receiver,ANA-069-A,ANA-069,Chassis
SX-737,Receiver,ANB-273-0,ANB-273,Front panel assembly
SX-737,Receiver,ANC-118-0,ANC-118,Rear panel (KCU)
SX-737,Receiver,ANC-119-0,ANC-119,Rear panel (F)
SX-737,Receiver,ANC-120-0,ANC-120,Rear panel (GN)
SX-737,Receiver,AND-075-A,AND-075,Sub-panel
SX-737,Receiver,ANE-058-0,ANE-058,Bottom plate
SX-737,Receiver,ANF-237-C,ANF-237,P.C. board-held metal-A
SX-737,Receiver,ANF-238-C,ANF-238,P.C. board-held metal-B
SX-737,Receiver,ANF-259-0,ANF-259,Sub-chassis
SX-737,Receiver,ANF-260-0,ANF-260,Lamp-held metal
SX-737,Receiver,ANG-105-0,ANG-105,Dial scale-held metal
SX-737,Receiver,ANH-217-A,ANH-217,Lamp box
SX-737,Receiver,ANH-218-0,ANH-218,Meter lamp box
SX-737,Receiver,ANK-072-0,ANK-072,P.C. board cover
SX-737,Receiver,ARB-105-0,ARB-105,Operating instructions SX-737 (English)
SX-737,Receiver,ARD-069-0,ARD-069,Operating instructions SX-737 (French/German)
SX-737,Receiver,ASD-017-0,ASD-017,Rotary switch (rec selector)
SX-737,Receiver,ASD-018-0,ASD-018,Rotary switch (function)
SX-737,Receiver,ASG-071-0,ASG-071,"Push switch (mode, FM muting)"
SX-737,Receiver,ASG-072-0,ASG-072,Push switch (speakers)
SX-737,Receiver,ASH-008-0,ASH-008,Slide switch (de-emphasis - F)
SX-737,Receiver,ASH-008-0,ASH-008,Slide switch (de-emphasis - GN)
SX-737,Receiver,ASK-028-A,ASK-028,Lever switch (tape monitor-1)
SX-737,Receiver,ASK-028-A,ASK-028,Lever switch (tape monitor-2)
SX-737,Receiver,ASK-062-0,ASK-062,Lever switch (loudness)
SX-737,Receiver,ASK-062-0,ASK-062,Lever switch (turn over)
SX-737,Receiver,ASK-062-0,ASK-062,Lever switch (turn over)
SX-737,Receiver,ASK-066-0,ASK-066,Lever switch (power - KCU)
SX-737,Receiver,ASK-067-0,ASK-067,Lever switch (Power - F)
SX-737,Receiver,ASK-068-0,ASK-068,Lever switch (power - GN)
SX-737,Receiver,ASR-007-0,ASR-007,Relay
SX-737,Receiver,ATB-026-0,ATB-026,Ferrite loopstick antenna
SX-737,Receiver,ATT-186-0,ATT-186,Power transformer (KCU)
SX-737,Receiver,ATT-191-0,ATT-191,Power transformer (GN)
SX-737,Receiver,ATT-192-0,ATT-192,Power transformer (F)
SX-737,Receiver,AWE-043-0,AWE-043,Tuner assembly
SX-737,Receiver,AWF-011-0,AWF-011,Equalizer amplifier assembly
SX-737,Receiver,AWG-030-0,AWG-030,Control amplifier assembly
SX-737,Receiver,AWH-033-0,AWH-033,Power amplifier assembly
SX-737,Receiver,AWM-025-C,AWM-025,Protection circuit assembly
SX-737,Receiver,AWM-066-0,AWM-066,Microphone amplifier assembly
SX-737,Receiver,AWR-057-0,AWR-057,"Power supply circuit assembly (KCU,F)"
SX-737,Receiver,AWR-058-0,AWR-058,Power supply circuit assembly (GN)
SX-737,Receiver,AWS-076-0,AWS-076,Speaker switch circuit assembly
SX-737,Receiver,AWS-077-0,AWS-077,Push switch circuit assembly
SX-737,Receiver,AWX-062-0,AWX-062,5P connector assembly
SX-737,Receiver,AWX-071-0,AWX-071,Switch & volume circuit assembly
SX-737,Receiver,AWX-072-0,AWX-072,Lamp board assembly
SX-737,Receiver,AXA-057-0,AXA-057,Tuning shaft assembly
SX-737,Receiver,AXA-058-A,AXA-058,Tuning pulley assembly
SX-737,Receiver,AXB-001-A,AXB-001,Ferrite antenna holder assembly
SX-737,Receiver,B21-011-0,B21-011,Washer
SX-737,Receiver,CKDYF 103Z 50,CKDYF 103Z 50,Ceramic  0.01  50V
SX-737,Receiver,CQMA 822J 50,CQMA 822J 50,"Mylar  0.0082  50V (KCU,F)"
SX-737,Receiver,CQMA 822J 50,CQMA 822J 50,"Mylar  0.0082  50V (KCU,F)"
SX-737,Receiver,E21-031-0,E21-031,Fuse 1A (protection - GN)
SX-737,Receiver,E22-032-0,E22-032,"Pilot lamp 8V, 0.3A (dial scale)"
SX-737,Receiver,E22-032-0,E22-032,"Pilot lamp 8V, 0.3A (meter & dial scale]"
SX-737,Receiver,E32-045-0,E32-045,Spacer (insulator)
SX-737,Receiver,K13-047-0,K13-047,Ground terminal strip (4P)
SX-737,Receiver,K13-048-0,K13-048,Ground terminal strip (2P)
SX-737,Receiver,K72-026-0,K72-026,Phone jack (headphone)
SX-737,Receiver,K91-008-0,K91-008,Fuse holder (protection GN)
SX-737,Receiver,M45-005-C,M45-005,Wire supporter
SX-737,Receiver,M45-105-C,M45-105,Wire supporter
SX-737,Receiver,M49-025-E,M49-025,Pulley shaft
SX-737,Receiver,RD½PS 225J,RD½PS 225J,Carbon film 2.2M ½W (KCU)
SX-737,Receiver,T22-025-A,T22-025,Balun
SX-750,Receiver,2SB 541-R,2SB 541,Transistor
SX-750,Receiver,2SB 541-R,2SB 541,Transistor
SX-750,Receiver,2SD 338-H,2SD 338,Transistor
SX-750,Receiver,2SD 338-H,2SD 338,Transistor
SX-750,Receiver,AAA-036,AAA-036,Knob (TUNING)
SX-750,Receiver,AAB-099,AAB-099,Knob (BALANCE)
SX-750,Receiver,AAB-099,AAB-099,Knob (BASS)
SX-750,Receiver,AAB-099,AAB-099,Knob (TREBLE)
SX-750,Receiver,AAB-100,AAB-100,Knob (FUNCTION)
SX-750,Receiver,AAB-100,AAB-100,Knob (SPEAKERS)
SX-750,Receiver,AAB-100,AAB-100,Knob (VOLUME)
SX-750,Receiver,AAD-112,AAD-112,Knob (FM MUTING)
SX-750,Receiver,AAD-113,AAD-113,Knob (DUPLICATE)
SX-750,Receiver,AAD-113,AAD-113,Knob (HIGH FILTER)
SX-750,Receiver,AAD-113,AAD-113,Knob (LOUDNESS)
SX-750,Receiver,AAD-113,AAD-113,Knob (MODE)
SX-750,Receiver,AAD-113,AAD-113,Knob (TAPE MONITOR)
SX-750,Receiver,AAD-113,AAD-113,Knob (TONE)
SX-750,Receiver,AAF-048,AAF-048,Dial pointer assembly
SX-750,Receiver,AAG-114,AAG-114,Dial panel
SX-750,Receiver,AAW-040,AAW-040,Double meter
SX-750,Receiver,ABN-018,ABN-018,Special Nut
SX-750,Receiver,ACG-001,ACG-001,Ceramic 0.01 150V (DC1 .4kV)
SX-750,Receiver,ACG-003,ACG-003,Ceramic 0.01 150V (DC1 .4kV)
SX-750,Receiver,ACH-057,ACH-057,"Electrolytic 15,000 50V"
SX-750,Receiver,ACH-057,ACH-057,"Electrolytic 15,000 50V"
SX-750,Receiver,ACK-015,ACK-015,Tuning Capacitor
SX-750,Receiver,ACV-135,ACV-135,Variable resistor (BALANCE)
SX-750,Receiver,ACV-138,ACV-138,Variable resistor (BASS)
SX-750,Receiver,ACV-138,ACV-138,Variable resistor (TREBLE)
SX-750,Receiver,ACV-179,ACV-179,Variable resistor 100k (VOLUME)
SX-750,Receiver,ADG-005,ADG-005,AC power cord
SX-750,Receiver,AEC-153,AEC-153,Pully
SX-750,Receiver,AEC-241,AEC-241,"INDICATOR (POWER, STEREO)"
SX-750,Receiver,AEC-251,AEC-251,Acrylic board
SX-750,Receiver,AEC-254,AEC-254,Shaft cover
SX-750,Receiver,AEC-255,AEC-255,"INDICATOR (AM, FM, PHONO, AUX)"
SX-750,Receiver,AEK-100,AEK-100,Fuse 4A
SX-750,Receiver,AEK-104,AEK-104,Fuse 1.5A
SX-750,Receiver,AEK-107,AEK-107,Fuse 0.5A
SX-750,Receiver,AEK-111,AEK-111,Fuse 0.8A
SX-750,Receiver,AEK-111,AEK-111,Fuse 0.8A
SX-750,Receiver,AEL-060,AEL-060,Lamp assembly
SX-750,Receiver,AEL-060,AEL-060,"Lamp assembly (8V, 0.3A)"
SX-750,Receiver,AEL-060,AEL-060,"Lamp assembly (8V, 0.3A)"
SX-750,Receiver,AEL-060,AEL-060,"Lamp assembly (8V, 0.3A)"
SX-750,Receiver,AEL-064,AEL-064,"Lamp with leads (8V, 50mA)"
SX-750,Receiver,AEL-066,AEL-066,"Lamp with leads (8V, 50mA)"
SX-750,Receiver,AEL-067,AEL-067,"Lamp with leads (8V, 50mA)"
SX-750,Receiver,AEL-068,AEL-068,"Lamp with leads (8V, 50mA)"
SX-750,Receiver,AEL-069,AEL-069,"Lamp with leads (8V, 50mA)"
SX-750,Receiver,AEL-069,AEL-069,"Lamp with leads (8V, 50mA)"
SX-750,Receiver,AKA-002,AKA-002,Terminal (ANTENNA)
SX-750,Receiver,AKB-027,AKB-027,Terminal (INPUT)
SX-750,Receiver,AKB-027,AKB-027,Terminal (TAPE 1)
SX-750,Receiver,AKB-027,AKB-027,Terminal (TAPE 2)
SX-750,Receiver,AKE-029,AKE-029,Terminal (SPEAKER)
SX-750,Receiver,AKN-010,AKN-010,Phone jack (Head phone)
SX-750,Receiver,AKN-010,AKN-010,Phone jack (Headphones)
SX-750,Receiver,AKN-013,AKN-013,Phone jack (MIC)
SX-750,Receiver,AKP-007,AKP-007,REC-PB connector socket (5P)
SX-750,Receiver,AMM-053,AMM-053,Wooden cabinet
SX-750,Receiver,ANB-421,ANB-421,Front panel assembly
SX-750,Receiver,ART-081-0,ART-081,Service Manual SX-750
SX-750,Receiver,ASA-038,ASA-038,Rotary switch (SPEAKERS/POWER)
SX-750,Receiver,ASD-049,ASD-049,Rotary switch (FUNCTION)
SX-750,Receiver,ASG-097,ASG-097,Push switch (FM MUTING)
SX-750,Receiver,ASH-015,ASH-015,Slide switch (DE-EMPHASIS)
SX-750,Receiver,ASK-090,ASK-090,Lever switch (HIGH FILTER)
SX-750,Receiver,ASK-090,ASK-090,Lever switch (LOUDNESS)
SX-750,Receiver,ASK-090,ASK-090,Lever switch (MODE)
SX-750,Receiver,ASK-090,ASK-090,Lever switch (TONE)
SX-750,Receiver,ASK-092,ASK-092,Lever switch (DUPLICATE)
SX-750,Receiver,ASK-102,ASK-102,Lever switch (TAPE MONITOR)
SX-750,Receiver,ATT-264,ATT-264,Power transformer (KU model)
SX-750,Receiver,ATT-301,ATT-301,Power transformer (KC model)
SX-750,Receiver,AWE-073,AWE-073,"Tuner, AF & control assembly"
SX-750,Receiver,AWG-046,AWG-046,Tone control assembly
SX-750,Receiver,AWH-046,AWH-046,Power amplifier assembly
SX-750,Receiver,AWK-065,AWK-065,Amplifier Assembly
SX-750,Receiver,AWM-094,AWM-094,Filter & muting assembly
SX-750,Receiver,AWR-099,AWR-099,Power supply & Protection assembly
SX-750,Receiver,AWR-100,AWR-100,Power supply assembly
SX-750,Receiver,AXA-070,AXA-070,Tuning drum assembly
SX-750,Receiver,AXA-124,AXA-124,Tuning shaft assembly
SX-750,Receiver,AXB-004,AXB-004,Ferrite bar antenna
SX-750,Receiver,N/A,N/A,Operating Instructions SX-750
SX-750,Receiver,RD ½PS 225J,RD ½PS 225J,Carbon film 2.2M ½W
SX-750,Receiver,T22-025,T22-025,Ferrite balun
SX-750,Receiver,T24-030,T24-030,Choke coil
SX-770,Receiver,A12-131-A,A12-131,"Knob, Volume, Balance, Bass Treble,Output Selector"
SX-770,Receiver,A12-136-A,A12-136,"Knob, Selector"
SX-770,Receiver,A12-139-A,A12-139,"Knob, Tuning"
SX-770,Receiver,A31-087-A,A31-087,Dial Pointer
SX-770,Receiver,A33-088-B,A33-088,Dial Glass
SX-770,Receiver,A62-045-0,A62-045,Bracket for FM Stereo
SX-770,Receiver,A91-009-A,A91-009,Tuning Meter
SX-770,Receiver,C82-038-0,C82-038,"250kΩ dual,Volume"
SX-770,Receiver,C82-040-0,C82-040,"100kΩ dual, BASS Control"
SX-770,Receiver,C82-040-0,C82-040,"100kΩ dual, TREBLE Control"
SX-770,Receiver,C85-052-0,C85-052,"50kΩ dual, Balance"
SX-770,Receiver,E21-027-0,E21-027,Fuse 2A
SX-770,Receiver,E22-015-A,E22-015,Pilot Lamp (for FM Stereo)
SX-770,Receiver,E22-017-0,E22-017,Pilot Lamp (for Dial Glass)
SX-770,Receiver,E22-020-0,E22-020,Pilot Lamp (for Tuning Meter)
SX-770,Receiver,K21-005-C,K21-005,Terminal 1P
SX-770,Receiver,K21-009-C,K21-009,Terminal 2P
SX-770,Receiver,K22-010-A,K22-010,Terminal 4P
SX-770,Receiver,K22-013-C,K22-013,Terminal 6P
SX-770,Receiver,K42-003-0,K42-003,Pilot Lamp Socket
SX-770,Receiver,K72-020-0,K72-020,Microphone Jack
SX-770,Receiver,K72-021-B,K72-021,Headphone Jack
SX-770,Receiver,K73-003-A,K73-003,Jack for Speaker
SX-770,Receiver,K82-011-0,K82-011,Spare AC Outlet
SX-770,Receiver,K93-003-B,K93-003,Connector 5P
SX-770,Receiver,K96-007-0,K96-007,Fuse Holder
SX-770,Receiver,M21-303-0,M21-303,Front Panel
SX-770,Receiver,M21-309-A,M21-309,Plastic Panel
SX-770,Receiver,M42-041-C,M42-041,Dial Pulley (for Tuning Capacitor)
SX-770,Receiver,M49-009-B,M49-009,Dial Pulley
SX-770,Receiver,M52-112-0,M52-112,Wooden Base
SX-770,Receiver,R12-061-0,R12-061,"Installation, Operating and Service Manual (KCW) SX-770"
SX-770,Receiver,S11-022-A,S11-022,Output Selector
SX-770,Receiver,S13-030-0,S13-030,Input Selector
SX-770,Receiver,S31-022-0,S31-022,AFC Switch (Push type)
SX-770,Receiver,S31-022-0,S31-022,High Cut Filter Switch (Push type)
SX-770,Receiver,S31-022-0,S31-022,Loudness Swnch (Push type)
SX-770,Receiver,S31-022-0,S31-022,Mode Switch (Push type)
SX-770,Receiver,S31-022-0,S31-022,Muting Switch (Push type)
SX-770,Receiver,S31-022-0,S31-022,TAPE Montor Switch (Push type)
SX-770,Receiver,T24-030-0,T24-030,Choke Coil
SX-770,Receiver,T42-025-0,T42-025,AM Ferrite Loopstick Antenna
SX-770,Receiver,T52-160-C,T52-160,POWER Transformer
SX-770,Receiver,W11-035-0,W11-035,FM FRONT END
SX-770,Receiver,W13-024-D,W13-024,MPX Unit
SX-770,Receiver,W13-026-B,W13-026,MPX Unit (Later)
SX-770,Receiver,W15-032-B,W15-032,HEAD AMP Unit
SX-770,Receiver,W15-033-0,W15-033,CONTROL AMP Unit
SX-770,Receiver,W15-085-0,W15-085,MAIN AMP Unit
SX-770,Receiver,W15-086-0,W15-086,PUSH SWITCH Unit (A)
SX-770,Receiver,W15-087-0,W15-087,PUSH SWITCH Unit (B)
SX-770,Receiver,W16-024-0,W16-024,POWER SUPPLY Unit
SX-770,Receiver,W18-026-0,W18-026,MUTING Unit
SX-770,Receiver,W35-012-B,W35-012,TUNER Unit
SX-780,Receiver,AAA-050,AAA-050,Knob (TUNING)
SX-780,Receiver,AAB-175,AAB-175,Knob (BASS)
SX-780,Receiver,AAB-175,AAB-175,Knob (FUNCTION)
SX-780,Receiver,AAB-175,AAB-175,Knob (TREBLE)
SX-780,Receiver,AAB-176,AAB-176,Knob (BALANCE)
SX-780,Receiver,AAB-185,AAB-185,Knob (VOLUME)
SX-780,Receiver,AAD-110,AAD-110,Knob (SPEAKERS)
SX-780,Receiver,AAD-138,AAD-138,Knob (FM MUTING)
SX-780,Receiver,AAD-138,AAD-138,Knob (LOUDNESS)
SX-780,Receiver,AAD-138,AAD-138,Knob (LOW FILTER)
SX-780,Receiver,AAD-138,AAD-138,Knob (MODE)
SX-780,Receiver,AAD-138,AAD-138,Knob (TAPE MONITOR)
SX-780,Receiver,AAD-139,AAD-139,Knob (POWER)
SX-780,Receiver,AAF-074,AAF-074,Dial pointer assembly
SX-780,Receiver,AAG-161,AAG-161,Dial panel
SX-780,Receiver,AAW-092,AAW-092,Power meter
SX-780,Receiver,AAW-093,AAW-093,AM-FM meter
SX-780,Receiver,ACG-001,ACG-001,Ceramic 0.01 /250V
SX-780,Receiver,ACK-012,ACK-012,Tuning Capacitor
SX-780,Receiver,ACN-029,ACN-029,Carbon composition resistor 2.2MΩ
SX-780,Receiver,ACN-031,ACN-031,Wire wound resistor 220Ω
SX-780,Receiver,ACT-019,ACT-019,Variable 1M (BALANCE)
SX-780,Receiver,ACV-161,ACV-161,Variable 100k-B (VOLUME)
SX-780,Receiver,ACV-193,ACV-193,Variable 100k (BASS)
SX-780,Receiver,ACV-194,ACV-194,Variable 100k (TREBLE)
SX-780,Receiver,ADG-023,ADG-023,AC power cord
SX-780,Receiver,AEK-100,AEK-100,Fuse 4A
SX-780,Receiver,AEK-103,AEK-103,Fuse 2A
SX-780,Receiver,AEK-106,AEK-106,Fuse 1A
SX-780,Receiver,AEL-029,AEL-029,Lamp (wedge type) 8V/0.3A
SX-780,Receiver,AEL-307,AEL-307,LED (SOURCE-green)
SX-780,Receiver,AEL-307,AEL-307,LED (STEREO-red)
SX-780,Receiver,AEL-307,AEL-307,LED (TAPE MONITOR-red)
SX-780,Receiver,AKA-002,AKA-002,Terminal (ANTENNA)
SX-780,Receiver,AKB-038,AKB-038,Terminal 6P
SX-780,Receiver,AKB-039,AKB-039,Terminal 6P
SX-780,Receiver,AKE-026,AKE-026,Terminal (SPEAKERS)
SX-780,Receiver,AKE-031,AKE-031,Terminal (GND)
SX-780,Receiver,AKK-005,AKK-005,Lamp socket
SX-780,Receiver,AKN-009,AKN-009,Phone jack (PHONES)
SX-780,Receiver,AKP-004,AKP-004,AC socket (AC OUTLETS)
SX-780,Receiver,AMM-072,AMM-072,Wooden cover assembly
SX-780,Receiver,ANB-601,ANB-601,Front panel assembly
SX-780,Receiver,ANR-036,ANR-036,Acrylic board
SX-780,Receiver,ASE-107,ASE-107,Slide rotary (FUNCTION)
SX-780,Receiver,ASG-139,ASG-139,Dual push (SPEAKERS)
SX-780,Receiver,ASH-016,ASH-016,Slide switch (DE-EMPHASIS)
SX-780,Receiver,ASK-144,ASK-144,Lever (FM MUTING)
SX-780,Receiver,ASK-144,ASK-144,Lever (LOUDNESS)
SX-780,Receiver,ASK-144,ASK-144,Lever (LOW FILTER)
SX-780,Receiver,ASK-144,ASK-144,Lever (MODE)
SX-780,Receiver,ASK-144,ASK-144,Lever switch (FM MUTING)
SX-780,Receiver,ASK-144,ASK-144,Lever switch (LOW FILTER)
SX-780,Receiver,ASK-145,ASK-145,Lever (TAPE MON 1)
SX-780,Receiver,ASK-145,ASK-145,Lever (TAPE MON 2)
SX-780,Receiver,ASK-507,ASK-507,Lever switch (POWER)
SX-780,Receiver,ASR-020,ASR-020,Relay
SX-780,Receiver,ASR-032,ASR-032,Relay
SX-780,Receiver,ATB-505,ATB-505,Bar antenna
SX-780,Receiver,ATT-512,ATT-512,Power transformer
SX-780,Receiver,AWE-099,AWE-099,Tuner assembly
SX-780,Receiver,AWR-169,AWR-169,Fuse assembly
SX-780,Receiver,AWR-175,AWR-175,Fuse assembly (S/G)
SX-780,Receiver,AXA-113,AXA-113,Tuning drum assembly
SX-780,Receiver,AXA-211,AXA-211,Tuning shaft assembly
SX-780,Receiver,AXB-012,AXB-012,Bar antenna holder
SX-780,Receiver,GWK-118,GWK-118,AF assembly
SX-780,Receiver,GWR-110,GWR-110,Capacitor assembly
SX-780,Receiver,GWX-191,GWX-191,LED assembly
SX-780,Receiver,GWX-192,GWX-192,Headphones assembly
SX-780,Receiver,STK-0050/A,STK-0050/A,Hybrid lC
SX-780,Receiver,T24-030,T24-030,Choke coil
SX-8,Receiver,AAD-457,AAD-457,Knob (FM)
SX-8,Receiver,AAD-458,AAD-458,Knob (AM)
SX-8,Receiver,AAD-459,AAD-459,Knob (PHONO)
SX-8,Receiver,AAD-460,AAD-460,Knob (AUX/VIDEO)
SX-8,Receiver,AAD-461,AAD-461,Knob (TAPE 1)
SX-8,Receiver,AAD-462,AAD-462,Knob (TAPE 2)
SX-8,Receiver,AAD-463,AAD-463,Knob (PRESET A)
SX-8,Receiver,AAD-464,AAD-464,Knob (PRESET B)
SX-8,Receiver,AAD-466,AAD-466,Knob (LOUDNESS)
SX-8,Receiver,AAD-467,AAD-467,Knob (POWER)
SX-8,Receiver,AAD-469,AAD-469,Knob (MUTlNG)
SX-8,Receiver,AAD-470,AAD-470,Knob (MEMORY)
SX-8,Receiver,AAD-471,AAD-471,"Knob (TONE, TUNING)"
SX-8,Receiver,AAD-472,AAD-472,Knob (FLAT)
SX-8,Receiver,AAD-473,AAD-473,Knob (STOP)
SX-8,Receiver,AAD-474,AAD-474,Knob (BALANCE L)
SX-8,Receiver,AAD-475,AAD-475,Knob (BALANCE R)
SX-8,Receiver,AAD-476,AAD-476,Knob (VOLUME)
SX-8,Receiver,AAD-484,AAD-484,"Knob (MONO, TUNlNG)"
SX-8,Receiver,AAD-484,AAD-484,"Knob (SPEAKERS, CLOCK)"
SX-8,Receiver,AAD-484,AAD-484,"Knob (SUBSONIC, PHONO)"
SX-8,Receiver,AAN-028,AAN-028,Station card set KU-type
SX-8,Receiver,AAN-029,AAN-029,Station card set S-type
SX-8,Receiver,AAN-029,AAN-029,Station card set S/G-type
SX-8,Receiver,AAV-306,AAV-306,LED level meter module
SX-8,Receiver,AAV-307,AAV-307,LED array
SX-8,Receiver,ABH-091,ABH-091,Coiled spring
SX-8,Receiver,ABH-092,ABH-092,Coiled spring
SX-8,Receiver,ABH-093,ABH-093,Coiled spring
SX-8,Receiver,ACG-001,ACG-001,Ceramic capacitor S/SG-type
SX-8,Receiver,ACG-017,ACG-017,Ceramic capacitor  KU-type
SX-8,Receiver,ACH-209,ACH-209,Electrolytic capacitor (1200V/63V)
SX-8,Receiver,ACN-029,ACN-029,"Carbon composition resistor (2.2M,1/2W) KU-type"
SX-8,Receiver,ADG-049,ADG-049,AC power cord S/SG-type
SX-8,Receiver,ADG-052,ADG-052,AC power cord  KU-type
SX-8,Receiver,ADH-004,ADH-004,T-type FM antenna
SX-8,Receiver,AEC-083,AEC-083,Foot assembly
SX-8,Receiver,AEC-327,AEC-327,Strain relief
SX-8,Receiver,AEC-875,AEC-875,Stopper
SX-8,Receiver,AEK-100,AEK-100,Fuse (4A) 220/240V S/SG-type
SX-8,Receiver,AEK-119,AEK-119,Fuse (1A)
SX-8,Receiver,AEK-122,AEK-122,Fuse (2A)
SX-8,Receiver,AEK-304,AEK-304,Fuse (8A) 110/120V KU-type
SX-8,Receiver,AEK-304,AEK-304,Fuse (8A) 110/120V S/SG-type
SX-8,Receiver,AEL-365,AEL-365,LED (Station indicator)
SX-8,Receiver,AEL-378,AEL-378,LED numeric display (Frequency/Time)
SX-8,Receiver,AEL-391,AEL-391,LED numeric display (VOLUME)
SX-8,Receiver,AEL-392,AEL-392,LED indicator (TONE)
SX-8,Receiver,AHA-313,AHA-313,Side Pad L
SX-8,Receiver,AHA-314,AHA-314,Side pad R
SX-8,Receiver,AHB-111,AHB-111,Cardboard spacer S/G-type
SX-8,Receiver,AHC-063,AHC-063,Inside parking KU-type
SX-8,Receiver,AHC-063,AHC-063,Inside parking S-type
SX-8,Receiver,AHC-064,AHC-064,Inside parking S/G-type
SX-8,Receiver,AHE-019,AHE-019,Packing case KU-type
SX-8,Receiver,AHE-019,AHE-019,Packing case S-type
SX-8,Receiver,AHE-021,AHE-021,Packing case S/G-type
SX-8,Receiver,AKA-017,AKA-017,Terminal (ANTENNA)
SX-8,Receiver,AKB-025,AKB-025,Terminal (To FM frontend)
SX-8,Receiver,AKB-076,AKB-076,Terminal (AM STEREO OUT)
SX-8,Receiver,AKB-078,AKB-078,"Terminal (PHONO, AUX)"
SX-8,Receiver,AKB-078,AKB-078,Terminal (PRE OUT/POWER AMP IN)
SX-8,Receiver,AKB-078,AKB-078,Terminal (TAPE)
SX-8,Receiver,AKE-105,AKE-105,Terminal (SPEAKERS)
SX-8,Receiver,AKM-041,AKM-041,Jumper plug
SX-8,Receiver,AKN-030,AKN-030,Phone jack (PHONES)
SX-8,Receiver,AKP-041,AKP-041,AC socket (AC OUTLETS)
SX-8,Receiver,AKR-031,AKR-031,Line voltage selector (w/ fuse holder) S/SG-type
SX-8,Receiver,AKX-063,AKX-063,Line voltage selector S/SG-type
SX-8,Receiver,ANE-380,ANE-380,Top cover
SX-8,Receiver,ANM-117,ANM-117,From panel assembly
SX-8,Receiver,ANR-450,ANR-450,Slider assembly
SX-8,Receiver,ANR-491,ANR-491,Display cover
SX-8,Receiver,ARB-467,ARB-467,Operating instructions  SX-8 KU-type
SX-8,Receiver,ARB-468,ARB-468,Operating instructions  SX-8 S-type
SX-8,Receiver,ARB-468,ARB-468,Operating instructions  SX-8 S/G-type
SX-8,Receiver,ARP-043-0,ARP-043,Service manual  SX-8 (KU)
SX-8,Receiver,ASG-310,ASG-310,"3-ganged Push switch (MONO/MUTE OFF, TUNING)"
SX-8,Receiver,ASG-311,ASG-311,"3-ganged push switch (SPEAKERS, CLOCK)"
SX-8,Receiver,ASG-533,ASG-533,Push switch (POWER) S/SG-type
SX-8,Receiver,ASG-534,ASG-534,Push switch (POWER)
SX-8,Receiver,ASG-534,ASG-534,Push switch (POWER)  KU-type
SX-8,Receiver,ASG-703,ASG-703,Tact switch
SX-8,Receiver,ASH-015,ASH-015,Slide switch (AM CHANNEL STEP)
SX-8,Receiver,ASH-016,ASH-016,Slide switch(DE-EMPHASIS) S/SG-type
SX-8,Receiver,ASR-068,ASR-068,Relay
SX-8,Receiver,ASX-175,ASX-175,Remote slide switch (MM/MC)
SX-8,Receiver,ASX-184,ASX-184,"3-ganged Push switch (MEMORY, SUBSONIC, PHONO)"
SX-8,Receiver,ATB-638,ATB-638,Bar-antenna assembly
SX-8,Receiver,ATT-882,ATT-882,Power transformer (120V) KU-type
SX-8,Receiver,ATT-883,ATT-883,Power transformer (120V) KU-type
SX-8,Receiver,ATT-887,ATT-887,Power transformer (116/120/220/240V) S/SG-type
SX-8,Receiver,ATT-888,ATT-888,Power transformer (110/120/220/240V) S/SG-type
SX-8,Receiver,ATX-013,ATX-013,Balun
SX-8,Receiver,AWH-113,AWH-113,Power amplifier assembly
SX-8,Receiver,AWR-236,AWR-236,Rectifier assembly
SX-8,Receiver,GWE-178,GWE-178,Tuner assembly
SX-8,Receiver,GWF-148,GWF-148,EQ/Function assembly
SX-8,Receiver,GWK-196,GWK-196,Control assembly
SX-8,Receiver,GWM-229,GWM-229,TC/Power supply assembly
SX-8,Receiver,GWS-392,GWS-392,Tape terminal assembly
SX-820,Receiver,2SA1075-G (2SA1075-B),2SA1075-G (2SA1075-B),Transistor
SX-820,Receiver,2SC2525-G (2SC2525-B),2SC2525-G (2SC2525-B),Transistor
SX-820,Receiver,AAA-065,AAA-065,Knob (TUNING)
SX-820,Receiver,AAB-239,AAB-239,"Knob (BASS, TREBLE)"
SX-820,Receiver,AAB-239,AAB-239,"Knob (VOLUME, BALANCE)"
SX-820,Receiver,AAD-139,AAD-139,"Lever knob assembly (LOW FILTER, TAPE MONITOR, MODE/FM MUTING)"
SX-820,Receiver,AAD-226,AAD-226,"Push knob (SPEAKERS FM, AM, AUX PHONO)"
SX-820,Receiver,AAN-029,AAN-029,Resistor (2.2MΩ)
SX-820,Receiver,ACN-116,ACN-116,"Resistor (200Ω, 10w)"
SX-820,Receiver,ACN-117,ACN-117,"Resistor (82Ω, 5W)"
SX-820,Receiver,ACT-021,ACT-021,Variable resistor 1M (BALANCE)
SX-820,Receiver,ACT-126,ACT-126,Variable resistor 250k (VOLUME)
SX-820,Receiver,ACT-127,ACT-127,Variable 100K (BASS)
SX-820,Receiver,ACT-127,ACT-127,Variable 100K (TREBLE)
SX-820,Receiver,ADG-023,ADG-023,AC power cord
SX-820,Receiver,ADH-002,ADH-002,T-type FM antenna
SX-820,Receiver,AEK-100,AEK-100,Fuse (4A)
SX-820,Receiver,AEK-101,AEK-101,Fuse (3A)
SX-820,Receiver,AEK-107,AEK-107,Fuse (0.5A)
SX-820,Receiver,AEL-029,AEL-029,Lamp (wedge type)
SX-820,Receiver,AEL-075,AEL-075,"Lamp with wire (8V,50mA)"
SX-820,Receiver,AHA-252,AHA-252,Side pad
SX-820,Receiver,AHD-782,AHD-782,Packing case
SX-820,Receiver,AKA-014,AKA-014,Terminal (ANTENNA)
SX-820,Receiver,AKB-063,AKB-063,Pin jack 4P
SX-820,Receiver,AKB-076,AKB-076,Terminal (AM STEREO OUT)
SX-820,Receiver,AKE-044,AKE-044,Terminal (SPEAKER)
SX-820,Receiver,AKN-030,AKN-030,Phone jack (PHONES)
SX-820,Receiver,AKP-039,AKP-039,AC socket (AC OUTLETS)
SX-820,Receiver,AMM-089,AMM-089,Bonnet case
SX-820,Receiver,ANB-916,ANB-916,Front panel assembly
SX-820,Receiver,ARB-375,ARB-375,Operating instructions SX-820
SX-820,Receiver,ART-535,ART-535,Service Manual SX-3700/SX-820
SX-820,Receiver,ASA-507,ASA-507,Lever switch (POWER)
SX-820,Receiver,ASG-240,ASG-240,Push switch (AM)
SX-820,Receiver,ASG-240,ASG-240,Push switch (AUX)
SX-820,Receiver,ASG-240,ASG-240,Push switch (FM)
SX-820,Receiver,ASG-240,ASG-240,Push switch (PHONO)
SX-820,Receiver,ASG-241,ASG-241,Push switch (SP A)
SX-820,Receiver,ASG-241,ASG-241,Push switch (SP B)
SX-820,Receiver,ASK-157,ASK-157,Lever switch (LOUDNESS)
SX-820,Receiver,ASK-157,ASK-157,Lever switch (LOW FILTER)
SX-820,Receiver,ASK-157,ASK-157,Lever switch (TAPE MONITOR 1)
SX-820,Receiver,ASK-157,ASK-157,Lever switch (TAPE MONITOR 2)
SX-820,Receiver,ASK-159,ASK-159,Lever switch (FM MUTING/MODE)
SX-820,Receiver,ASR-033,ASR-033,Relay
SX-820,Receiver,ATB-624,ATB-624,Bar-antenna Ass'y
SX-820,Receiver,ATT-696,ATT-696,Power transformer
SX-820,Receiver,AWS-149,AWS-149,Function switch assembly
SX-820,Receiver,AWV-011,AWV-011,Lead out assembly
SX-820,Receiver,AWV-013,AWV-013,FL asssmbly
SX-820,Receiver,GWM-159,GWM-159,Power amp/protector assembly
SX-820,Receiver,GWM-160,GWM-160,Tuner/AF assembly
SX-820,Receiver,GWS-233,GWS-233,Switch assembly
SX-820,Receiver,GWX-463,GWX-463,Detector assembly
SX-828,Receiver,AAA-006-0,AAA-006,Knob for tuning
SX-828,Receiver,AAB-007-B,AAB-007,"Knob for power, selector, mode, volume and balance"
SX-828,Receiver,AAB-013-0,AAB-013,Knob for bass and treble (L)
SX-828,Receiver,AAB-014-0,AAB-014,Knob for bass and treble (R)
SX-828,Receiver,AAD-026-0,AAD-026,Knob for push switch
SX-828,Receiver,AAD-028-0,AAD-028,Knob for lever switch
SX-828,Receiver,AAF-011-A,AAF-011,Dial pointer ass’y
SX-828,Receiver,AAG-031-A,AAG-031,Dial scale
SX-828,Receiver,AAW-006-0,AAW-006,Signal meter
SX-828,Receiver,AAW-007-0,AAW-007,Tuning meter
SX-828,Receiver,ACE-001-A,ACE-001,Oil paper  0.01  800V (KUW)
SX-828,Receiver,ACH 001-C,ACH 001,Electrolytic  1000  63V
SX-828,Receiver,ACH-015-0,ACH-015,Electrolytic  8000  50V
SX-828,Receiver,ACH-015-0,ACH-015,Electrolytic  8000  50V
SX-828,Receiver,ACV-105-0,ACV-105,"500k, dual, Volume"
SX-828,Receiver,ACV-202-A,ACV-202,"100k, dual, Treble"
SX-828,Receiver,ACV-202-A,ACV-202,"100k,dual, Bass"
SX-828,Receiver,AEC-027-B,AEC-027,Foot
SX-828,Receiver,AEL-007-0,AEL-007,Pilot lamp for program indicator and speaker indicator
SX-828,Receiver,AHA-012-A,AHA-012,Side pad (L)
SX-828,Receiver,AHA-013-A,AHA-013,Side pad (R)
SX-828,Receiver,AHB-006-0,AHB-006,Cardboard protector
SX-828,Receiver,AHB-007-0,AHB-007,Top pad
SX-828,Receiver,AHC-001-0,AHC-001,Accessory box
SX-828,Receiver,AHD-078-0,AHD-078,Packing case (KUW)
SX-828,Receiver,AHD-080-0,AHD-080,Packing case (FVZW)
SX-828,Receiver,AHD-080-0,AHD-080,Packing case (FW)
SX-828,Receiver,AKB-007-0,AKB-007,6P input terminal board (A)
SX-828,Receiver,AKB-008-0,AKB-008,6P input terminal board (B)
SX-828,Receiver,AKM-002-0,AKM-002,Jumper plug
SX-828,Receiver,AKP-002-0,AKP-002,Spare AC outlet
SX-828,Receiver,AKR 001-0,AKR 001,Fuse holder (FW)
SX-828,Receiver,AKR-001-0,AKR-001,Fuse holder (FVZW)
SX-828,Receiver,AKR-007-0,AKR-007,Fuse holder (KUW)
SX-828,Receiver,AMM-013-B,AMM-013,Wooden case
SX-828,Receiver,ANB-123-C,ANB-123,Front panel ass'y
SX-828,Receiver,ANK018-0,ANK018,Hexagonal wrench
SX-828,Receiver,ARB-049-0,ARB-049,Operating instructions SX-828
SX-828,Receiver,ASA-020-0,ASA-020,Speakers switch
SX-828,Receiver,ASB-011-A,ASB-011,Selector switch
SX-828,Receiver,ASK-014-0,ASK-014,Lever switch (AUDIO MUTING)
SX-828,Receiver,ASK-014-0,ASK-014,Lever switch (LOUDNESS)
SX-828,Receiver,ASK-014-0,ASK-014,Lever switch (LOW FILTER)
SX-828,Receiver,ASK-015-0,ASK-015,Lever switch (TAPE MON 1)
SX-828,Receiver,ASK-015-0,ASK-015,Lever switch (TAPE MON 2)
SX-828,Receiver,ASK-016-0,ASK-016,Lever switch (HIGH FILTER)
SX-828,Receiver,ASR-001-0,ASR-001,Relay
SX-828,Receiver,ATB-002-0,ATB-002,AM ferrite loopstick antenna (KUW)
SX-828,Receiver,ATT-058-0,ATT-058,Power transformer (KUW)
SX-828,Receiver,ATT-059,ATT-059,"Power transformer (FVZW,FW)"
SX-828,Receiver,AWB-005-0,AWB-005,FM front end (FVZW)
SX-828,Receiver,AWE-016-A,AWE-016,Tuner unit
SX-828,Receiver,AWH-010-0,AWH-010,Main amp unit
SX-828,Receiver,AWK-012-0,AWK-012,AF unit
SX-828,Receiver,AWM-025,AWM-025,Protector unit (later)
SX-828,Receiver,AWR-010-0,AWR-010,Power supply unit
SX-828,Receiver,AWS-017-0,AWS-017,Switch unit
SX-828,Receiver,AWX-009-0,AWX-009,MPX filter unit
SX-828,Receiver,AWX-016-0,AWX-016,Lamp box unit
SX-828,Receiver,AXA-013-0,AXA-013,Dial shaft ass'y
SX-828,Receiver,B11-012-A,B11-012,Screw for grounding
SX-828,Receiver,B11-016-B,B11-016,Screw to fix wooden case
SX-828,Receiver,BT5B 151 K,BT5B 151 K,Wire wound  150 5W
SX-828,Receiver,C43-003-0,C43-003,Ceramic  0.01  DC 1.4kV
SX-828,Receiver,C43-003-0,C43-003,Ceramic  0.01  DC 1.4kV
SX-828,Receiver,C43-003-0,C43-003,Ceramic  0.01  DC 1.4kV
SX-828,Receiver,C64-045-0,C64-045,AM tuning capacitor
SX-828,Receiver,C82-049-0,C82-049,"500k,dual, Balance"
SX-828,Receiver,CEA 221P 6,CEA 221P 6,Electrolytic  220  6V
SX-828,Receiver,CEB 471P 16,CEB 471P 16,Electrolytic  470  16V
SX-828,Receiver,CKDYF 103Z 50,CKDYF 103Z 50,Ceramic  0.01  50V
SX-828,Receiver,CKDYF 103Z 50,CKDYF 103Z 50,Ceramic  0.01  50V
SX-828,Receiver,COMA 472K 50,COMA 472K 50,Mylar  0.0047  50V
SX-828,Receiver,CQMA 223K 50,CQMA 223K 50,Mylar  0.022  50V (FVZW)
SX-828,Receiver,CQMA 223K 50,CQMA 223K 50,Mylar  0.022  50V (FW)
SX-828,Receiver,CQMA 223K 50,CQMA 223K 50,Mylar  0.022  50V (KUW)
SX-828,Receiver,CQMA 472K 50,CQMA 472K 50,Mylar  0.0047  50V
SX-828,Receiver,D11-002-B,D11-002,AC power cord (FVZW)
SX-828,Receiver,D11-002-B,D11-002,AC power cord (FW)
SX-828,Receiver,D11-003-E,D11-003,AC power cord (KUW)
SX-828,Receiver,D52-013-0,D52-013,FM T-type antenna
SX-828,Receiver,E21-006-0,E21-006,Fuse 3A (FVZW)
SX-828,Receiver,E21-006-0,E21-006,Fuse 3A (FW)
SX-828,Receiver,E21-012-0,E21-012,Fuse 3A (FVZW)
SX-828,Receiver,E21-012-0,E21-012,Fuse 3A (FW)
SX-828,Receiver,E21-019-A,E21-019,Fuse 0.5A for protection
SX-828,Receiver,E21-021-0,E21-021,Fuse 3A (KUW)
SX-828,Receiver,E21-022-A,E21-022,Fuse 3A for protection
SX-828,Receiver,E22-017-0,E22-017,Pilot lamp for dial scale
SX-828,Receiver,E22-032-0,E22-032,Pilot lamp for meter
SX-828,Receiver,K11-043,K11-043,Antenna input terminal board
SX-828,Receiver,K13-047-0,K13-047,4P ground terminal
SX-828,Receiver,K24-002-A,K24-002,8P socket (for MC transformer)
SX-828,Receiver,K71-030-0,K71-030,8P plug
SX-828,Receiver,K72-007-B,K72-007,Speaker plug
SX-828,Receiver,K72-015-A,K72-015,Pin plug
SX-828,Receiver,K72-024-0,K72-024,Microphone jack
SX-828,Receiver,K72-026-0,K72-026,Headphones jack
SX-828,Receiver,K72-028-0,K72-028,Speaker socket
SX-828,Receiver,K91-005-A,K91-005,Pilot lamp (for meter) socket
SX-828,Receiver,K93-003-B,K93-003,5P connector (DIN)
SX-828,Receiver,M42-080-A,M42-080,Dial pulley ass’y
SX-828,Receiver,PP-402,PP-402,MC phono input transformer
SX-828,Receiver,RD¼PS 104JNL,RD¼PS 104JNL,Carbon film  100k
SX-828,Receiver,RD¼PS 183JNL,RD¼PS 183JNL,Carbon film  18k
SX-828,Receiver,RD¼PS 183JNL,RD¼PS 183JNL,Carbon film  18k
SX-828,Receiver,RD¼PS 472JNL,RD¼PS 472JNL,Carbon film  4.7k
SX-828,Receiver,RD¼PS 473J,RD¼PS 473J,Carbon film  47k
SX-828,Receiver,RD¼PS 823J,RD¼PS 823J,Carbon film  82k
SX-828,Receiver,RD½PS 220J,RD½PS 220J,Carbon film  22 ½W
SX-828,Receiver,RD½PW 225J,RD½PW 225J,Carbon film  2.2M   (KUW)
SX-828,Receiver,RT5B 151 K,RT5B 151 K,Wire wound  150 5W
SX-828,Receiver,RT5B 151 K,RT5B 151 K,Wire wound  150 5W
SX-828,Receiver,RT5B 151K,RT5B 151K,Wire wound  150 5W
SX-828,Receiver,S14-035-0,S14-035,Mode switch
SX-828,Receiver,S41-022-A,S41-022,De-emphasis switch
SX-828,Receiver,SIB01-01,SIB01-01,Diode
SX-828,Receiver,T22-025-A,T22-025,Balun transformer
SX-828,Receiver,T24-025-B,T24-025,Heater choke coil
SX-828,Receiver,T24-030-0,T24-030,Choke coil
SX-828,Receiver,T42-024-A,T42-024,AM ferrite loopstick antenna (FVZW)
SX-828,Receiver,T42-024-A,T42-024,AM ferrite loopstick antenna (FW)
SX-828,Receiver,W11-043-A,W11-043,FM front end (FW)
SX-828,Receiver,W11-043-A,W11-043,FM front end (KUW)
SX-828,Receiver,W21-002-A,W21-002,Head amp unit
SX-828,Receiver,W28-008-A,W28-008,Protection unit
SX-828,Receiver,W52-004-0,W52-004,Compound part for REC jack
SX-828,Receiver,W72-092-B,W72-092,AM ferrite loopstick antenna holder
SX-838,Receiver,AAA-026-0,AAA-026,Knob (Tuning)
SX-838,Receiver,AAB-068-A,AAB-068,Knob (Bass)
SX-838,Receiver,AAB-068-A,AAB-068,"Knob (Treble, Volume, Balance, Rec selector)"
SX-838,Receiver,AAC-034-0,AAC-034,Ornamental ring
SX-838,Receiver,AAD-040-0,AAD-040,"Knob (Power. Turn over, Tape monitor, NR adaptor)"
SX-838,Receiver,AAD-064-A,AAD-064,"Knob (SPKR A, B, C)"
SX-838,Receiver,AAD-065-A,AAD-065,"Knob (Low cut, High cut, -20dB)"
SX-838,Receiver,AAD-066-A,AAD-066,Knob (Function)
SX-838,Receiver,AAD-067-A,AAD-067,"Knob (Mode, Loudness)"
SX-838,Receiver,AAD-082-A,AAD-082,Knob (FM muting)
SX-838,Receiver,AAE-007-0,AAE-007,Coupler (Knob-to-switch)
SX-838,Receiver,AAF-031-A,AAF-031,Dial pointer assembly
SX-838,Receiver,AAG-075-A,AAG-075,Dial scale
SX-838,Receiver,AAL-186-0,AAL-186,Model name plate (KCU)
SX-838,Receiver,AAL-188-0,AAL-188,Model name plate (GN)
SX-838,Receiver,AAL-202-0,AAL-202,Model name plate (F)
SX-838,Receiver,AAW-029-0,AAW-029,Meter (Signal & Tuning)
SX-838,Receiver,ABA-011-A,ABA-011,Screw M4X26
SX-838,Receiver,ACG-001-0,ACG-001,Ceramic  0.01  250V
SX-838,Receiver,ACG-001-0,ACG-001,Ceramic  0.01  250V (F)
SX-838,Receiver,ACG-003-0,ACG-003,Ceramic  0.01  250V (KCU)
SX-838,Receiver,ACH-001-C,ACH-001,Electrolytic  1000  63V
SX-838,Receiver,ACH-001-C,ACH-001,"Electrolytic capacitor 1,000uF 63V"
SX-838,Receiver,ACH-015-0,ACH-015,Electrolytic  8000  50V
SX-838,Receiver,ACH-015-0,ACH-015,Electrolytic  8000  50V
SX-838,Receiver,ACH-015-0,ACH-015,"Electrolytic capacitor 8,000uF 50V"
SX-838,Receiver,ACV-134-0,ACV-134,Variable resistor 250k-B1 (Volume)
SX-838,Receiver,ACV-135-0,ACV-135,Variable resistor 250k-HB (Balance)
SX-838,Receiver,ACV-136-0,ACV-136,Variable resistor (100k-B) Bass
SX-838,Receiver,ACV-136-0,ACV-136,Variable resistor (100k-B) Treble
SX-838,Receiver,ADG-004-0,ADG-004,AC power cord (F)
SX-838,Receiver,ADG-005-0,ADG-005,AC power cord (KCU)
SX-838,Receiver,AEB-019-0,AEB-019,P.C. board holder
SX-838,Receiver,AEB-031-A,AEB-031,Rubber bracket
SX-838,Receiver,AEB-057-A,AEB-057,Rubber bracket
SX-838,Receiver,AEB-057-A,AEB-057,Rubber bracket
SX-838,Receiver,AEC-004-0,AEC-004,Wire clip A
SX-838,Receiver,AEC-005-0,AEC-005,Wire clip B
SX-838,Receiver,AEC-007-0,AEC-007,Wire clip C
SX-838,Receiver,AEC-027-0,AEC-027,Foot
SX-838,Receiver,AEC-064-0,AEC-064,Wire clip
SX-838,Receiver,AEC-079-0,AEC-079,AC cord grommet
SX-838,Receiver,AEC-079-0,AEC-079,"AC cord grommet (KCU,F)"
SX-838,Receiver,AEC-084-C,AEC-084,Wire supporter
SX-838,Receiver,AEC-101-0,AEC-101,Pulley
SX-838,Receiver,AEC-101-0,AEC-101,Pulley
SX-838,Receiver,AEC-152-A,AEC-152,Spacer
SX-838,Receiver,AEC-153-0,AEC-153,Pulley
SX-838,Receiver,AEC-154-0,AEC-154,Antenna clamper
SX-838,Receiver,AED-018-0,AED-018,Shading plate
SX-838,Receiver,AEL-014-0,AEL-014,"Pilot lamp 6V, 30mA (Stereo indicator)"
SX-838,Receiver,AEL-015-0,AEL-015,"Pilot lamp 8V, 0.3A (meter)"
SX-838,Receiver,AEL-022-0,AEL-022,"Pilot lamp 8V,50mA(program indicator)"
SX-838,Receiver,AEL-023-0,AEL-023,"Pilot lamp 8V,50mA (program indicator)"
SX-838,Receiver,AKA-002-0,AKA-002,Antenna terminal board
SX-838,Receiver,AKB-014-0,AKB-014,Phono jack-A (4 jacks)
SX-838,Receiver,AKB-016-0,AKB-016,Phono jack-C (6 jacks)
SX-838,Receiver,AKB-019-0,AKB-019,Phono jack (1 jack)
SX-838,Receiver,AKE-012-A,AKE-012,Binding post for ground
SX-838,Receiver,AKE-014-0,AKE-014,Speaker output terminal
SX-838,Receiver,AKK-002-0,AKK-002,Pilot lamp socket
SX-838,Receiver,AKP-005-0,AKP-005,"AC socket (KCU,F)"
SX-838,Receiver,AKP-008-0,AKP-008,Connector (AC Power - GN)
SX-838,Receiver,AKR-001-0,AKR-001,Fuse holder (F)
SX-838,Receiver,AKR-008-0,AKR-008,Fuse holder (KCU)
SX-838,Receiver,AKR-008-0,AKR-008,Fuse holder (KCU)
SX-838,Receiver,AMM-035-B,AMM-035,Wooden cabinet
SX-838,Receiver,ANA-066-E,ANA-066,Chassis
SX-838,Receiver,ANB-262-B,ANB-262,From panel assembly
SX-838,Receiver,ANC-107-0,ANC-107,Rear panel (KCU)
SX-838,Receiver,ANC-112-B,ANC-112,Rear panel (F)
SX-838,Receiver,ANC-114-0,ANC-114,Rear Panel (GN)
SX-838,Receiver,AND-073-B,AND-073,Sub-panel
SX-838,Receiver,AND-074-B,AND-074,Sub-chassis
SX-838,Receiver,ANE-057-B,ANE-057,Bottom plate
SX-838,Receiver,ANF-233-0,ANF-233,Shield cover
SX-838,Receiver,ANF-234-0,ANF-234,Shield cover
SX-838,Receiver,ANF-235-A,ANF-235,Sub-chassis
SX-838,Receiver,ANF-237-A,ANF-237,"P.C, board-held metal (A)"
SX-838,Receiver,ANF-238-A,ANF-238,"P.C, board-held metal (B)"
SX-838,Receiver,ANF-240-A,ANF-240,Shield cover
SX-838,Receiver,ANF-243-A,ANF-243,Dial scale-held metal
SX-838,Receiver,ANF-249-0,ANF-249,Shading metal
SX-838,Receiver,ANF-249-0,ANF-249,Shading metal
SX-838,Receiver,ANF-250-0,ANF-250,Shield plate
SX-838,Receiver,ANG-097-0,ANG-097,Lamp holder
SX-838,Receiver,ANG-100-0,ANG-100,P.C. board cover
SX-838,Receiver,ANG-102-A,ANG-102,Pulley-held metal
SX-838,Receiver,ANG-103-0,ANG-103,Lamp holder
SX-838,Receiver,ANG-104-0,ANG-104,Lamp holder
SX-838,Receiver,ANH-210-A,ANH-210,Lamp box
SX-838,Receiver,ANH-211-B,ANH-211,Lamp box
SX-838,Receiver,ASD-017-0,ASD-017,Rotary switch(Rec selector)
SX-838,Receiver,ASG-058,ASG-058,Push switch (FM muting)
SX-838,Receiver,ASG-062-0,ASG-062,"Push switch (Filter, AF muting)"
SX-838,Receiver,ASG-063-0,ASG-063,"Push switch (mode, loudness)"
SX-838,Receiver,ASG-068-0,ASG-068,Push switch (speakers)
SX-838,Receiver,ASG-069-A,ASG-069,Push switch (Function)
SX-838,Receiver,ASH-008-0,ASH-008,Slide switch (F)
SX-838,Receiver,ASK-066-0,ASK-066,Lever switch (Power - KCU)
SX-838,Receiver,ASK-067-0,ASK-067,Lever switch (Power - F)
SX-838,Receiver,ASK-068-0,ASK-068,Lever switch (Power - GN)
SX-838,Receiver,ASK-069-0,ASK-069,Lever switch (Turn over high)
SX-838,Receiver,ASK-071-0,ASK-071,Lever switch (Turn over low)
SX-838,Receiver,ASK-072-0,ASK-072,Lever switch(Monitor 1)
SX-838,Receiver,ASK-072-0,ASK-072,Lever switch(Monitor 2)
SX-838,Receiver,ASK-072-0,ASK-072,Lever switch(NR adaptor)
SX-838,Receiver,ASR-007-0,ASR-007,Relay
SX-838,Receiver,ASR-007-0,ASR-007,Relay (KCU)
SX-838,Receiver,ATB-026-0,ATB-026,Ferrite loopstick antenna
SX-838,Receiver,ATT-168-A,ATT-168,Power transformer (KCU)
SX-838,Receiver,ATT-172-0,ATT-172,Power transformer (F)
SX-838,Receiver,ATT-181-0,ATT-181,Power transformer (GN)
SX-838,Receiver,AWE-041-A,AWE-041,Tuner assembly
SX-838,Receiver,AWF-011-0,AWF-011,Equalizer amplifier assembly
SX-838,Receiver,AWG-029-0,AWG-029,Control amplifier assembly
SX-838,Receiver,AWH-031-A,AWH-031,Power ampliﬁer assembly
SX-838,Receiver,AWM-025-C,AWM-025,Protection circuit assembly
SX-838,Receiver,AWM-064-0,AWM-064,Microphone amplifier assembly
SX-838,Receiver,AWR-055-A,AWR-055,"Power supply circuit assembly (KCU,F)"
SX-838,Receiver,AWR-064-0,AWR-064,Power supply circuit assembly (GN)
SX-838,Receiver,AWS-065-0,AWS-065,"Switch circuit assembly (mode, loudness)"
SX-838,Receiver,AWS-066-0,AWS-066,"Switch circuit assembly (filter,AF muting)"
SX-838,Receiver,AWS-073-0,AWS-073,Switch circuit assembly (function)
SX-838,Receiver,AWS-074-0,AWS-074,Switch circuit assembly (speakers)
SX-838,Receiver,AWS-075-0,AWS-075,Switch circuit assembly (FM muting]
SX-838,Receiver,AWX-062-0,AWX-062,5P connector assembly
SX-838,Receiver,AWX-069-0,AWX-069,Lamp board assembly
SX-838,Receiver,AWX-070-0,AWX-070,Switch & volume circuit assembly
SX-838,Receiver,AXA-015-A,AXA-015,Tuning pulley assembly
SX-838,Receiver,AXA-056-0,AXA-056,Tuning shaft assembly
SX-838,Receiver,AXB-001-A,AXB-001,Ferrite antenna holder assembly
SX-838,Receiver,B21-011-0,B21-011,Washer
SX-838,Receiver,B71-031-0,B71-031,Nut (insulator)
SX-838,Receiver,CKDYF 103Z 50,CKDYF 103Z 50,Ceramic  0.01  50V
SX-838,Receiver,CQMA 472J 50,CQMA 472J 50,Mylar  0.0007  50V
SX-838,Receiver,CQMA 472J 50,CQMA 472J 50,Mylar  0.0047  50V
SX-838,Receiver,K13-047-0,K13-047,Ground terminal strip
SX-838,Receiver,K13-048-0,K13-048,Ground terminal strip (2P)
SX-838,Receiver,K72-026-0,K72-026,Phone lack (Headphone)
SX-838,Receiver,M49-025-E,M49-025,Pulley shaft
SX-838,Receiver,M49-025-E,M49-025,Pulley shaft
SX-838,Receiver,M49-025-E,M49-025,Pulley shaft
SX-838,Receiver,RD½PS 225J,RD½PS 225J,Carbon film 2.2M ½W (KCU)
SX-850,Receiver,288531A-R,288531A,Transistor
SX-850,Receiver,288531A-R,288531A,Transistor
SX-850,Receiver,2SB531A-R,2SB531A,Transistor
SX-850,Receiver,2SB531A-R,2SB531A,Transistor
SX-850,Receiver,2SD371A-R,2SD371A,Transistor
SX-850,Receiver,2SD371A-R,2SD371A,Transistor
SX-850,Receiver,2SD371A-R,2SD371A,Transistor
SX-850,Receiver,2SD371A-R,2SD371A,Transistor
SX-850,Receiver,AAA-034,AAA-034,Knob (TUNlNG)
SX-850,Receiver,AAB-100,AAB-100,Knob (BALANCE)
SX-850,Receiver,AAB-100,AAB-100,Knob (BASS)
SX-850,Receiver,AAB-100,AAB-100,Knob (TREBLE)
SX-850,Receiver,AAB-103,AAB-103,Knob (VOLUME)
SX-850,Receiver,AAD-113,AAD-113,Knob (ADAPTOR)
SX-850,Receiver,AAD-113,AAD-113,Knob (BASS TURNOVER)
SX-850,Receiver,AAD-113,AAD-113,Knob (HIGH FILTER)
SX-850,Receiver,AAD-113,AAD-113,Knob (LOUDNESS)
SX-850,Receiver,AAD-113,AAD-113,Knob (LOW FILTER)
SX-850,Receiver,AAD-113,AAD-113,Knob (MODE)
SX-850,Receiver,AAD-113,AAD-113,Knob (MUTING)
SX-850,Receiver,AAD-113,AAD-113,Knob (POWER)
SX-850,Receiver,AAD-113,AAD-113,Knob (TAPE DUPLICATE)
SX-850,Receiver,AAD-113,AAD-113,Knob (TAPE MONITOR 1)
SX-850,Receiver,AAD-113,AAD-113,Knob (TAPE MONITOR 2)
SX-850,Receiver,AAD-113,AAD-113,Knob (TONE)
SX-850,Receiver,AAD-113,AAD-113,Knob (TREBLE TURNOVER)
SX-850,Receiver,AAD-114,AAD-114,Knob (AM)
SX-850,Receiver,AAD-114,AAD-114,Knob (AUX)
SX-850,Receiver,AAD-114,AAD-114,Knob (FM MPX NOISE FILTER)
SX-850,Receiver,AAD-114,AAD-114,Knob (FM MUTING)
SX-850,Receiver,AAD-114,AAD-114,Knob (FM)
SX-850,Receiver,AAD-114,AAD-114,Knob (PHONO 1)
SX-850,Receiver,AAD-114,AAD-114,Knob (PHONO 2/MIC)
SX-850,Receiver,AAD-114,AAD-114,Knob (SPEAKERS A)
SX-850,Receiver,AAD-114,AAD-114,Knob (SPEAKERS B)
SX-850,Receiver,AAG-116,AAG-116,Dial scale board
SX-850,Receiver,AAT-027,AAT-027,"Indicator (AM, FM, PHONO 1, PHONO 2/MIC, AUX)"
SX-850,Receiver,AAT-028,AAT-028,Indicator (STEREO)
SX-850,Receiver,AAT-037,AAT-037,"Indicator (SP A, B)"
SX-850,Receiver,AAW-040,AAW-040,Double meter (SIGNAL/TUNING)
SX-850,Receiver,ABN-024,ABN-024,Flange nut 9ɸ
SX-850,Receiver,ACG-003,ACG-003,Ceramic 0.01 150V (DC1.4kV)
SX-850,Receiver,ACG-003,ACG-003,Ceramic 0.01 150V (DC1.4kV)
SX-850,Receiver,ACH-068,ACH-068,"Electrolytic 15,000 50V"
SX-850,Receiver,ACH-068,ACH-068,"Electrolytic 15,000 50V"
SX-850,Receiver,ACH-068,ACH-068,"Electrolytic capacitor (15,000uF, 50V)"
SX-850,Receiver,ACV-136,ACV-136,Variable resistor 100k-B (BASS)
SX-850,Receiver,ACV-136,ACV-136,Variable resistor 100k-B (TREBLE)
SX-850,Receiver,ACV-163,ACV-163,Variable resistor 100k-HB (BALANCE)
SX-850,Receiver,ACV-164,ACV-164,Variable resistor 50k-B2 (VOLUME)
SX-850,Receiver,AEC-256,AEC-256,Pulley (small)
SX-850,Receiver,AEK-104,AEK-104,Fuse 1.5A (FU6)
SX-850,Receiver,AEK-104,AEK-104,Fuse 1.5A (lamp circuit)
SX-850,Receiver,AEK-106,AEK-106,Fuse 1A (FU2)
SX-850,Receiver,AEK-106,AEK-106,Fuse 1A (FU4)
SX-850,Receiver,AEK-106,AEK-106,Fuse 1A (FU5)
SX-850,Receiver,AEK-106,AEK-106,Fuse 1A (secondary)
SX-850,Receiver,AEK-106,AEK-106,Fuse 1A (secondary)
SX-850,Receiver,AEK-106,AEK-106,Fuse 1A (secondary)
SX-850,Receiver,AEK-106,AEK-106,Fuse 1A (secondary)
SX-850,Receiver,AEK-106,AEK-106,Fuse IA (FU3)
SX-850,Receiver,AEK-108,AEK-108,Fuse SA (primary)
SX-850,Receiver,AEL-029,AEL-029,"Lamp (8V, 0.3A, wedge-type)"
SX-850,Receiver,AEL-056,AEL-056,"Lamp assembly - Lamp(8V, 0.3A,wedge-type AEL-029) / Lamp socket (wedge-type AKK-004)"
SX-850,Receiver,AEL-056,AEL-056,"Lamp assembly - Lamp(8V, 0.3A,wedge-type AEL-029) / Lamp socket (wedge-type AKK-004)"
SX-850,Receiver,AEL-056,AEL-056,"Lamp assembly - Lamp(8V, 0.3A,wedge-type AEL-029) / Lamp socket (wedge-type AKK-004)"
SX-850,Receiver,AEL-056,AEL-056,"Lamp assembly - Lamp(8V, 0.3A,wedge-type AEL-029) / Lamp socket (wedge-type AKK-004)"
SX-850,Receiver,AEL-069,AEL-069,"Lamp with leads (8V, 50mA)"
SX-850,Receiver,AEL-072,AEL-072,"Lamp with leads (8V, 50mA)"
SX-850,Receiver,AEL-072,AEL-072,"Lamp with leads (8V, 50mA)"
SX-850,Receiver,AEL-073,AEL-073,"Lamp with leads (8V, 50mA)"
SX-850,Receiver,AEL-073,AEL-073,"Lamp with leads (8V, 50mA)"
SX-850,Receiver,AEL-075,AEL-075,"Lamp with leads (8V, 50mA)"
SX-850,Receiver,AEL-076,AEL-076,"Lamp with leads (8V, 50mA)"
SX-850,Receiver,AEL-082,AEL-082,"Lamp with leads (8V, 50mA)"
SX-850,Receiver,AKA-004,AKA-004,Terminal (ANTENNA)
SX-850,Receiver,AKB-035,AKB-035,Terminal (ADAPTOR)
SX-850,Receiver,AKB-035,AKB-035,Terminal (PRE/POWER) Jumper plug
SX-850,Receiver,AKB-035,AKB-035,Terminal (TAPE 1)
SX-850,Receiver,AKB-035,AKB-035,Terminal (TAPE 2)
SX-850,Receiver,AKB-038,AKB-038,Terminal (PHONO 1/ PHONO2/ AUX)
SX-850,Receiver,AKB-040,AKB-040,Terminal (FM DET. OUT)
SX-850,Receiver,AKE-012,AKE-012,Terminal (GND)
SX-850,Receiver,AKE-029,AKE-029,Terminal (SPEAKER)
SX-850,Receiver,AKK-004,AKK-004,Socket (wedge-type)
SX-850,Receiver,AKM-004,AKM-004,Jumper plug
SX-850,Receiver,AKN-010,AKN-010,Phone jack (PHONES)
SX-850,Receiver,AKP-005,AKP-005,AC socket (AC OUTLETS)
SX-850,Receiver,AKP-007,AKP-007,5P connector socket (REC/PLAY)
SX-850,Receiver,AMM-048,AMM-048,Cabinet
SX-850,Receiver,ANB-438,ANB-438,Front panel assembly
SX-850,Receiver,ANK-012,ANK-012,Phone jack (MIC)
SX-850,Receiver,ARB-175,ARB-175,Operating Instructions SX-850
SX-850,Receiver,ARB-175,ARB-175,Service Manual SX-850
SX-850,Receiver,ASG-095,ASG-095,"Push switch (AM, FM, PHONO 1, PHONO 2/MIC, AUX)"
SX-850,Receiver,ASG-096,ASG-096,"Push switch (FM MUTING, FM MPX NOISE FILTER)"
SX-850,Receiver,ASG-113,ASG-113,"Push switch (SPEAKERS A, B)"
SX-850,Receiver,ASH-015,ASH-015,Slide switch (DE-EMPHASIS)
SX-850,Receiver,ASK-066,ASK-066,Lever switch (POWER)
SX-850,Receiver,ASK-089,ASK-089,Lever switch (HIGH FILTER)
SX-850,Receiver,ASK-089,ASK-089,Lever switch (LOUDNESS)
SX-850,Receiver,ASK-089,ASK-089,Lever switch (LOW FILTER)
SX-850,Receiver,ASK-089,ASK-089,Lever switch (MUTING)
SX-850,Receiver,ASK-089,ASK-089,Lever switch (TREBLE TURNOVER)
SX-850,Receiver,ASK-090,ASK-090,Lever switch (MODE)
SX-850,Receiver,ASK-090,ASK-090,Lever switch (TONE)
SX-850,Receiver,ASK-091,ASK-091,Lever switch (BASS TURNOVER)
SX-850,Receiver,ASK-092,ASK-092,Lever switch (ADAPTOR)
SX-850,Receiver,ASK-092,ASK-092,Lever switch (DUPLICATE)
SX-850,Receiver,ASK-092,ASK-092,Lever switch (TAPE MONITOR 1)
SX-850,Receiver,ASK-092,ASK-092,Lever switch (TAPE MONITOR 2)
SX-850,Receiver,ASR-019,ASR-019,Relay (S2)
SX-850,Receiver,ATT-302,ATT-302,Power transformer
SX-850,Receiver,AWE-071,AWE-071,Tuner assembly
SX-850,Receiver,AWF-011,AWF-011,Equalizer amplifier assembly
SX-850,Receiver,AWG-038,AWG-038,Flat amplifier assembly
SX-850,Receiver,AWG-039,AWG-039,Tone amplifier assembly
SX-850,Receiver,AWH-059,AWH-059,Power amplifier assembly
SX-850,Receiver,AWM-062,AWM-062,Protection circuit assembly
SX-850,Receiver,AWR-101,AWR-101,Power supply assembly (KC/KU/S)
SX-850,Receiver,AWR-102,AWR-102,Power supply assembly (HG)
SX-850,Receiver,AWS-093,AWS-093,FM Muting Switch assembly
SX-850,Receiver,AWS-094,AWS-094,Function Switch assembly
SX-850,Receiver,AWS-099,AWS-099,Speaker Switch assembly
SX-850,Receiver,AWX-062,AWX-062,5P Connector Assembly
SX-850,Receiver,AWX-095,AWX-095,De-Emphasis Switch Assembly (KC/KU)
SX-850,Receiver,AWX-096,AWX-096,Lamp board assembly
SX-850,Receiver,AWX-101,AWX-101,De-Emphasis Assembly (S)
SX-850,Receiver,AXA-111,AXA-111,Tuning shaft assembly
SX-850,Receiver,AXA-113,AXA-113,Tuning drum assembly
SX-850,Receiver,AXB-009,AXB-009,Bar-antenna assembly
SX-850,Receiver,CKDYF 103Z 50,CKDYF 103Z 50,Ceramic 0.01 50V
SX-850,Receiver,CKDYF 103Z 50,CKDYF 103Z 50,Ceramic 0.01 50V
SX-850,Receiver,CKDYF 103Z 50,CKDYF 103Z 50,Ceramic 0.01 50V
SX-850,Receiver,CKDYF 103Z 50,CKDYF 103Z 50,Ceramic 0.01 50V
SX-850,Receiver,CKDYF 103Z 50,CKDYF 103Z 50,Ceramic 0.01 50V
SX-850,Receiver,CKDYF 103Z 50,CKDYF 103Z 50,Ceramic 0.01 50V
SX-850,Receiver,CKDYF 103Z 50,CKDYF 103Z 50,Ceramic 0.01 50V
SX-850,Receiver,CKDYF 103Z 50,CKDYF 103Z 50,Ceramic 0.01 50V
SX-850,Receiver,RD½PS 225J,RD½PS 225J,Carbon film 2.2M ½W
SX-850,Receiver,RS2P 472J,RS2P 472J,Metal oxide 4.7k 2W
SX-850,Receiver,RS2P 472J,RS2P 472J,Metal oxide 4.7k 2W
SX-850,Receiver,T22-025,T22-025,Ferrite balun
SX-880/890,Receiver,2SB705A/A-R or S,2SB705A/A-R or S,Transistor
SX-880/890,Receiver,2SD745A/A-R or S,2SD745A/A-R or S,Transistor
SX-880/890,Receiver,AAA-050,AAA-050,Knob (TUNING)
SX-880/890,Receiver,AAB-175,AAB-175,"Knob (BASS, TREBLE)"
SX-880/890,Receiver,AAB-175,AAB-175,Knob (FUNCTION)
SX-880/890,Receiver,AAB-176,AAB-176,Knob (BALANCE)
SX-880/890,Receiver,AAB-185,AAB-185,Knob (VOLUME)
SX-880/890,Receiver,AAD-110,AAD-110,"Knob (SPEAKERS A, B)"
SX-880/890,Receiver,AAD-138,AAD-138,"Knob (FM MUTING, LOW FILTER)"
SX-880/890,Receiver,AAD-138,AAD-138,Knob (LOUDNESS)
SX-880/890,Receiver,AAD-138,AAD-138,"Knob (MODE, DUPLICATE)"
SX-880/890,Receiver,AAD-139,AAD-139,Knob (POWER)
SX-880/890,Receiver,AAD-139,AAD-139,Knob (TAPE MONITOR)
SX-880/890,Receiver,AAF-074,AAF-074,Dial pointer
SX-880/890,Receiver,AAG-162,AAG-162,Dial panel (SX-880/KU)
SX-880/890,Receiver,AAG-167,AAG-167,Dial panel (SX-890/KU)
SX-880/890,Receiver,AAW-075,AAW-075,Twin meter (SIGNAL/TUNING)
SX-880/890,Receiver,AAW-094,AAW-094,Twin meter (POWER)
SX-880/890,Receiver,ACG-001,ACG-001,Ceramic 0.01/250v
SX-880/890,Receiver,ACH-094,ACH-094,"Electrolytic 15,000/50v"
SX-880/890,Receiver,ACK-012,ACK-012,Tuning Capacitor
SX-880/890,Receiver,ACN-029,ACN-029,Carbon composition 2.2M/½W
SX-880/890,Receiver,ACN-031,ACN-031,Wire wound 220/5w
SX-880/890,Receiver,ACT-019,ACT-019,Variable resistor (BALANCE)
SX-880/890,Receiver,ACV-161,ACV-161,Variable resistor (VOLUME)
SX-880/890,Receiver,ACV-195 (ACV-193),ACV-195 (ACV-193),Variable resistor (BASS)
SX-880/890,Receiver,ACV-196 (ACV-194),ACV-196 (ACV-194),Variable resistor (TREBLE)
SX-880/890,Receiver,ADG-011,ADG-011,AC Power cord (SX-880/KC)
SX-880/890,Receiver,ADG-017,ADG-017,AC Power cord (SX-880/S)
SX-880/890,Receiver,ADG-017,ADG-017,AC Power cord (SX-880/SG)
SX-880/890,Receiver,ADG-023,ADG-023,AC Power cord (SX-880/KU)
SX-880/890,Receiver,AEC-294,AEC-294,Capacitor cover (for C1) SX-880/KU
SX-880/890,Receiver,AEC-294,AEC-294,Capacitor cover (for C1) SX-880/S
SX-880/890,Receiver,AEC-294,AEC-294,Capacitor cover (for C1) SX-880/SG
SX-880/890,Receiver,AEC-294,AEC-294,Capacitor cover (for C4) SX-880/S
SX-880/890,Receiver,AEC-294,AEC-294,Capacitor cover (for C4) SX-880/SG
SX-880/890,Receiver,AEC-385,AEC-385,Capacitor cover (for C1) SX-880/KC
SX-880/890,Receiver,AEK-102,AEK-102,Fuse 2.5A (SX-880/S)
SX-880/890,Receiver,AEK-102,AEK-102,Fuse 2.5A (SX-880/SG)
SX-880/890,Receiver,AEK-103,AEK-103,Fuse 2A
SX-880/890,Receiver,AEK-106,AEK-106,Fuse 1A
SX-880/890,Receiver,AEK-108,AEK-108,Fuse 5A
SX-880/890,Receiver,AEK-108,AEK-108,Fuse 5A (SX-880/S)
SX-880/890,Receiver,AEK-108,AEK-108,Fuse 5A (SX-880/SG)
SX-880/890,Receiver,AEL-029,AEL-029,"Lamp (wedge type 8V,0.3A)"
SX-880/890,Receiver,AHB-096,AHB-096,Cardboard spacer (SX-880/SG)
SX-880/890,Receiver,AHD-565,AHD-565,Packing case (SX-880/KU)
SX-880/890,Receiver,AHD-565,AHD-565,Packing case (SX-880/S)
SX-880/890,Receiver,AHD-566,AHD-566,Packing case (SX-880/KC)
SX-880/890,Receiver,AHD-567,AHD-567,Packing case (SX-880/SG)
SX-880/890,Receiver,AHD-574,AHD-574,Packing case (SX-890/KU)
SX-880/890,Receiver,AKA-002,AKA-002,Terminal (ANTENNA)
SX-880/890,Receiver,AKB-038,AKB-038,"Terminal (INPUT, TAPE 1 REC)"
SX-880/890,Receiver,AKB-039,AKB-039,"Terminal (TAPE 1 PLAY,TAPE 2)"
SX-880/890,Receiver,AKE-026,AKE-026,"Terminal (SPEAKERS A, B)"
SX-880/890,Receiver,AKE-031,AKE-031,Terminal (GND)
SX-880/890,Receiver,AKK-005,AKK-005,Lamp socket
SX-880/890,Receiver,AKN-009,AKN-009,Phone jack (PHONES)
SX-880/890,Receiver,AKP-004,AKP-004,AC socket (AC OUTLETS)SX-880/KC
SX-880/890,Receiver,AKP-004,AKP-004,AC socket (AC OUTLETS)SX-880/KU
SX-880/890,Receiver,AKP-019,AKP-019,AC socket (AC OUTLETS)SX-880/S
SX-880/890,Receiver,AKP-019,AKP-019,AC socket (AC OUTLETS)SX-880/SG
SX-880/890,Receiver,AKR-031,AKR-031,Plug in selector (with fuse holder) SX-880/S
SX-880/890,Receiver,AKR-031,AKR-031,Plug in selector (with fuse holder) SX-880/SG
SX-880/890,Receiver,AMM-072,AMM-072,Wooden cover (SX-880/KU)
SX-880/890,Receiver,AMM-072,AMM-072,Wooden cover (SX-880/S)
SX-880/890,Receiver,AMM-072,AMM-072,Wooden cover (SX-880/SG)
SX-880/890,Receiver,AMM-075,AMM-075,Wooden cover (SX-880/KC)
SX-880/890,Receiver,ANB-611,ANB-611,Front panel assembly (SX-880/KU)
SX-880/890,Receiver,ANB-617,ANB-617,Front panel assembly (SX-890/KU)
SX-880/890,Receiver,ARB-272,ARB-272,Operating instructions (SX-880/KC)
SX-880/890,Receiver,ARB-272,ARB-272,Operating instructions (SX-880/KU)
SX-880/890,Receiver,ARB-273,ARB-273,Operating instructions (SX-880/S)
SX-880/890,Receiver,ARB-273,ARB-273,Operating instructions (SX-880/SG)
SX-880/890,Receiver,ARB-293,ARB-293,Operating instructions (SX-890/KU)
SX-880/890,Receiver,ART-296-0,ART-296,Service manual SX-880
SX-880/890,Receiver,ART-309-0,ART-309,Service manual additional SX-880/SX-890
SX-880/890,Receiver,ASE-107,ASE-107,Rotary slide (FUNCTION)
SX-880/890,Receiver,ASG-139,ASG-139,"Dual push switch (SPEAKERS A, B)"
SX-880/890,Receiver,ASH-016,ASH-016,Slide (DE-EMPHASIS) SX-880/KC
SX-880/890,Receiver,ASH-016,ASH-016,Slide (DE-EMPHASIS) SX-880/KU
SX-880/890,Receiver,ASH-019,ASH-019,Slide (DE-EMPHASIS) SX-880/S
SX-880/890,Receiver,ASH-019,ASH-019,Slide (DE-EMPHASIS) SX-880/SG
SX-880/890,Receiver,ASK-066,ASK-066,Lever (POWER) SX-880/KC
SX-880/890,Receiver,ASK-144,ASK-144,Lever switch (FM MUTING)
SX-880/890,Receiver,ASK-144,ASK-144,Lever switch (LOUDNESS)
SX-880/890,Receiver,ASK-144,ASK-144,Lever switch (Low FILTER)
SX-880/890,Receiver,ASK-144,ASK-144,Lever Switch (MODE)
SX-880/890,Receiver,ASK-145,ASK-145,Lever switch (DUPLICATE)
SX-880/890,Receiver,ASK-150,ASK-150,Lever switch (TAPE MONITOR)
SX-880/890,Receiver,ASK-506 (ASK-097),ASK-506 (ASK-097),Lever (POWER) SX-880/SG
SX-880/890,Receiver,ASK-507 (ASK-066),ASK-507 (ASK-066),Lever (POWER) SX-880/KU
SX-880/890,Receiver,ASK-508 (ASK-097),ASK-508 (ASK-097),Lever (POWER) SX-880/S
SX-880/890,Receiver,ATB-505,ATB-505,Ferrite bar antenna
SX-880/890,Receiver,ATT-513,ATT-513,Power transformer (KU)
SX-880/890,Receiver,ATT-518,ATT-518,Power transformer (KC)
SX-880/890,Receiver,ATT-522,ATT-522,Power transformer (S)
SX-880/890,Receiver,ATT-522,ATT-522,Power transformer (SG)
SX-880/890,Receiver,AWE-099,AWE-099,Tuner assembly
SX-880/890,Receiver,AWR-171,AWR-171,Fuse assembly (SX-880/KU)
SX-880/890,Receiver,AWR-174,AWR-174,Fuse assembly (SX-880/KC)
SX-880/890,Receiver,AWR-175,AWR-175,Fuse assembly (SX-880/SG)
SX-880/890,Receiver,AWX-062,AWX-062,SP connector assembly (SX-880/S)
SX-880/890,Receiver,AWX-062,AWX-062,SP connector assembly (SX-880/SG)
SX-880/890,Receiver,AXA-113,AXA-113,Tuning drum assembly
SX-880/890,Receiver,AXA-211,AXA-211,Tuning Shaft
SX-880/890,Receiver,AXB-012,AXB-012,Antenna holder
SX-880/890,Receiver,E11-033,E11-033,Vinyl pouch (for fuses)  SX-880/S
SX-880/890,Receiver,E11-033,E11-033,Vinyl pouch (for fuses)  SX-880/SG
SX-880/890,Receiver,GWK-119,GWK-119,AF assembly
SX-880/890,Receiver,GWX-193,GWX-193,Meter assembly
SX-880/890,Receiver,GWX-194,GWX-194,LED assembly
SX-880/890,Receiver,GWX-195,GWX-195,Headphone jack assembly
SX-880/890,Receiver,T24-030,T24-030,Choke coil 100uH
SX-9000,Receiver,A12-195-B,A12-195,"Knob for BASS, TREBLE, REVERB, BALANCE,MIC A, and MIC B"
SX-9000,Receiver,A12-196-A,A12-196,Knob for TUNING
SX-9000,Receiver,A12-197-B,A12-197,"Knob for SELECTOR, TONE COLOR"
SX-9000,Receiver,A12-203-B,A12-203,Knob for MODE
SX-9000,Receiver,A13-020-B,A13-020,Knob for MASTER VOLUME
SX-9000,Receiver,A13-021-A,A13-021,Knob for SOURCE VOLUME
SX-9000,Receiver,A19-038-0,A19-038,Knob for POWER SWITCH
SX-9000,Receiver,A19-077-0,A19-077,"Knob for LOW FILTEFLHIGH FlLTER,FM MUTING,LOUDNESS"
SX-9000,Receiver,A19-078-0,A19-078,"Knob ior TAPE MONITOR A,TAPE MONITOR B (DEMI SWITCH)"
SX-9000,Receiver,A33-110-A,A33-110,Dial Board for Tuning
SX-9000,Receiver,A55-008-A,A55-008,Paper for Dial Pulley In Reverberation
SX-9000,Receiver,A59-051-0,A59-051,Pulley for Reverberation
SX-9000,Receiver,A61-216-0,A61-216,Meter Escutcheon
SX-9000,Receiver,A61-217-A,A61-217,Escutcheon
SX-9000,Receiver,A62-039-B,A62-039,Lens for Program Indicator Lamp (RED)
SX-9000,Receiver,A62-040-B,A62-040,Lens for Program Indicator Lemo (BLUE)
SX-9000,Receiver,A62-041-B,A62-041,Lens for Program indicator Lamp (GREEN)
SX-9000,Receiver,A62-042-B,A62-042,Lens for Program indicator Lamp (WHITE)
SX-9000,Receiver,A62-043-B,A62-043,Lens for Program Indicator Lamp (PINK)
SX-9000,Receiver,A62-054-0,A62-054,Lens for Pilot Lamp
SX-9000,Receiver,A62-055-B,A62-055,Dial Board
SX-9000,Receiver,A91-008-0,A91-008,Meter for FM Tuning
SX-9000,Receiver,A91-009-0,A91-009,Meter for Signal
SX-9000,Receiver,B28-002-0,B28-002,Shaft
SX-9000,Receiver,B31-0160,B31-0160,Spring for Front Cover
SX-9000,Receiver,C35-055-0,C35-055,Volume Control with switch (50k-HB)
SX-9000,Receiver,C52-045-A,C52-045,Electrolytic 2200 50V
SX-9000,Receiver,C52-045-A,C52-045,Electrolytic 2200 50V
SX-9000,Receiver,C52-075-0,C52-075,Electrolytic 2200 35V
SX-9000,Receiver,C52-076-A,C52-076,Electrolytic 2200 100V
SX-9000,Receiver,C64-030-0,C64-030,AM Variable Capacitor
SX-9000,Receiver,C82-045,C82-045,BASS CONTROL (I00K-A)
SX-9000,Receiver,C82-045,C82-045,TREBLE CONTROL (100K-A)
SX-9000,Receiver,C85-010-0,C85-010,Volume Control (250k-A2)
SX-9000,Receiver,C85-056-0,C85-056,Volume Control with switch (50k-A2)
SX-9000,Receiver,C85-056-0,C85-056,Volume Control with switch (50k-A2)
SX-9000,Receiver,C88-010-0,C88-010,Volume Control (250k-A2)
SX-9000,Receiver,CETG 100MF 100V,CETG 100MF 100V,Electrolytic 100 100V
SX-9000,Receiver,E21-006-0,E21-006,Fuse 3A
SX-9000,Receiver,E21-012-0,E21-012,Fuse l.5A
SX-9000,Receiver,E22-002-0,E22-002,Pilot Lamp for Signal Meter (8V l50mA)
SX-9000,Receiver,E22-017-0,E22-017,Pilot Lamp for Dial Board
SX-9000,Receiver,E22-018-A,E22-018,Pilot lamp for Program Indicator
SX-9000,Receiver,E22-026-0,E22-026,Pilot Lamp for Reverb (8V 250mA)
SX-9000,Receiver,E22-029-Q,E22-029,Pilot Lamp for Stereo Indicator
SX-9000,Receiver,E22-030-B,E22-030,Pilot Lamp Ass'y for Tone Color
SX-9000,Receiver,E22-031-0,E22-031,Plilot Lamp Ass'y for Dial Pointer
SX-9000,Receiver,E31-145-A,E31-145,Packing
SX-9000,Receiver,K11-018-0,K11-018,4P Antenna Terminal
SX-9000,Receiver,K21-005-C,K21-005,1P lnput Terminal
SX-9000,Receiver,K21-010-0,K21-010,4P Input Terminal
SX-9000,Receiver,K22-013-C,K22-013,6p Input Terminal
SX-9000,Receiver,K41-002-B,K41-002,Socket for Pilot Lemp
SX-9000,Receiver,K71-028-0,K71-028,Short Pin Plug
SX-9000,Receiver,K72-024-0,K72-024,Jack lor Microphone
SX-9000,Receiver,K72-026-0,K72-026,Jack for Headphone
SX-9000,Receiver,K73-028-0,K73-028,Socket for Speaker
SX-9000,Receiver,K82-012-0,K82-012,Spare AC Outlet
SX-9000,Receiver,K91-005-0,K91-005,Fuse holder (1p)
SX-9000,Receiver,K93-003-B,K93-003,5P Connector (DIN type)
SX-9000,Receiver,K96-006-C,K96-006,Fuse holder for Protection Circuit
SX-9000,Receiver,M21-354-A,M21-354,Front Panel Ass'y
SX-9000,Receiver,M21-355-A,M21-355,Front Panel
SX-9000,Receiver,M21-356-0,M21-356,Side Panel(R)
SX-9000,Receiver,M21-357-0,M21-357,Side Panel(L)
SX-9000,Receiver,M21-358-0,M21-358,Front Cover
SX-9000,Receiver,M42-009-B,M42-009,Dial Pulley
SX-9000,Receiver,M42-021-C,M42-021,Dial Pully for AM and FM Tuning Capacitor
SX-9000,Receiver,M42-027-C,M42-027,Dial Pulley for FM Tuning Capacitor
SX-9000,Receiver,M42-053-A,M42-053,Dial Pully for Reverberakion Control
SX-9000,Receiver,M42-054-0,M42-054,Dial Pulley (Small)
SX-9000,Receiver,M61-017-0,M61-017,Foot
SX-9000,Receiver,R12-066-A,R12-066,"Installation, Operation and Service Manual (FW) SX9000"
SX-9000,Receiver,S11-018-0,S11-018,Line Voltage Selector
SX-9000,Receiver,S11-022-A,S11-022,Slide Switch
SX-9000,Receiver,S11-030-A,S11-030,Power Switch
SX-9000,Receiver,S13-038-A,S13-038,Input Selector
SX-9000,Receiver,S14-035-0,S14-035,Mode Selector
SX-9000,Receiver,S15-035-A,S15-035,Selector Switch
SX-9000,Receiver,S31-016-A,S31-016,Demi Switch (W26-002)
SX-9000,Receiver,S31-029,S31-029,Demi Switch (W26-001)
SX-9000,Receiver,S31-030,S31-030,Demi swltch (W26-003)
SX-9000,Receiver,T24-025-B,T24-025,Choke Coil
SX-9000,Receiver,T24-030-0,T24-030,Choke Coil
SX-9000,Receiver,T42-024-A,T42-024,AM-Ferrile Loopstick Antenna
SX-9000,Receiver,T52-182-0,T52-182,Power Transformer
SX-9000,Receiver,W11-028-0,W11-028,FM Front-end Unit
SX-9000,Receiver,W12-028-0,W12-028,FM IF Unit
SX-9000,Receiver,W13-026-0,W13-026,FM MPX Unit
SX-9000,Receiver,W14-015-0,W14-015,AM Tuner Unit
SX-9000,Receiver,W16-028-0,W16-028,Power Supply Unit
SX-9000,Receiver,W16-029-0,W16-029,Power Supply Unit
SX-9000,Receiver,W18-028-B,W18-028,Muting Unit
SX-9000,Receiver,W21-002-0,W21-002,Head Amp Unit
SX-9000,Receiver,W21-003-A,W21-003,MIC Amp Unit
SX-9000,Receiver,W22-002-0,W22-002,Control Amp Unit
SX-9000,Receiver,W23-010-0,W23-010,Main Amp Unit
SX-9000,Receiver,W26-001-A,W26-001,Demi Switch Unit
SX-9000,Receiver,W26-002-A,W26-002,Derni Switch Unit
SX-9000,Receiver,W26-003-0,W26-003,Push Switch Unit
SX-9000,Receiver,W28-001-0,W28-001,Tone Color Unit
SX-9000,Receiver,W28-002-0,W28-002,Reverb Amp Unit
SX-9000,Receiver,W38-004-0,W38-004,Reverberation Unit
SX-9000,Receiver,W52-004-0,W52-004,TAPE REC Terminal
SX-9000,Receiver,W72-002-B,W72-002,AM Ferrite Lopstick Antenna Ass'y
SX-939,Receiver,"2SB541P-L or M (2SA745A-R, O or Y) (2SB530S-R, O or Y)","2SB541P-L or M (2SA745A-R, O or Y) (2SB530S-R, O or Y)",Transistor
SX-939,Receiver,"2SB541P-L or M (2SA745A-R, O or Y) (2SB530S-R, O or Y)","2SB541P-L or M (2SA745A-R, O or Y) (2SB530S-R, O or Y)",Transistor
SX-939,Receiver,"2SB541P-L or M (2SA745A-R, O or Y) (2SB530S-R, O or Y)","2SB541P-L or M (2SA745A-R, O or Y) (2SB530S-R, O or Y)",Transistor
SX-939,Receiver,"2SB541P-L or M (2SA745A-R, O or Y) (2SB530S-R, O or Y)","2SB541P-L or M (2SA745A-R, O or Y) (2SB530S-R, O or Y)",Transistor
SX-939,Receiver,"2SD388P-L or M (2SC1403A-R, O or Y) (2SD370S-R, O or Y)","2SD388P-L or M (2SC1403A-R, O or Y) (2SD370S-R, O or Y)",Transistor
SX-939,Receiver,"2SD388P-L or M (2SC1403A-R, O or Y) (2SD370S-R, O or Y)","2SD388P-L or M (2SC1403A-R, O or Y) (2SD370S-R, O or Y)",Transistor
SX-939,Receiver,"2SD388P-L or M (2SC1403A-R, O or Y) (2SD370S-R, O or Y)","2SD388P-L or M (2SC1403A-R, O or Y) (2SD370S-R, O or Y)",Transistor
SX-939,Receiver,"2SD388P-L or M (2SC1403A-R, O or Y) (2SD370S-R, O or Y)","2SD388P-L or M (2SC1403A-R, O or Y) (2SD370S-R, O or Y)",Transistor
SX-939,Receiver,AAA-026-A,AAA-026,Knob (Tuning)
SX-939,Receiver,AAB-068-A,AAB-068,"Knob (Bass-main, Volume, Balance)"
SX-939,Receiver,AAB-068-A,AAB-068,Knob (Treble-main)
SX-939,Receiver,AAB-069-B,AAB-069,Knob (Bass-sub)
SX-939,Receiver,AAB-069-B,AAB-069,Knob (Treble-sub)
SX-939,Receiver,AAC-034-A,AAC-034,Ornamental ring
SX-939,Receiver,AAD-040-0,AAD-040,"Knob (Power, Tone, Duplicate,Monitor, 4-CH adaptor)"
SX-939,Receiver,AAD-064-A,AAD-064,"Knob (SPKR A, B, C)"
SX-939,Receiver,AAD-065-A,AAD-065,"Knob (Low cut, High cut, -20dB)"
SX-939,Receiver,AAD-066-A,AAD-066,Knob (Function)
SX-939,Receiver,AAD-067-A,AAD-067,"Knob (Mode, Loudness)"
SX-939,Receiver,AAD-082-A,AAD-082,"Knob (Dimmer, FM muting)"
SX-939,Receiver,AAE-007-0,AAE-007,Coupler (knob-to-switch)
SX-939,Receiver,AAF-031-A,AAF-031,Dial pointer assembly
SX-939,Receiver,AAG-074-A,AAG-074,Dial scale
SX-939,Receiver,AAL-180-A,AAL-180,Model name plate (KCU)
SX-939,Receiver,AAL-201-0,AAL-201,Model name plate (F)
SX-939,Receiver,AAW-029-0,AAW-029,Meter (Tuning & Signal)
SX-939,Receiver,ABA-004-0,ABA-004,Pulley shaft
SX-939,Receiver,ABA-010-A,ABA-010,Screw M4 x 15
SX-939,Receiver,ACG-001-0,ACG-001,Ceramic  0.01  250V
SX-939,Receiver,ACG-001-0,ACG-001,Ceramic  0.01  250V (F)
SX-939,Receiver,ACG-003-0,ACG-003,Ceramic  0.01  250V (KCU)
SX-939,Receiver,ACG-004-0,ACG-004,Ceramic  0.01  150V
SX-939,Receiver,ACH-019-0,ACH-019,"Electrolytic  10,000  50V"
SX-939,Receiver,ACH-019-0,ACH-019,"Electrolytic  10,000  50V"
SX-939,Receiver,ACH-019-0,ACH-019,"Electrolytic capacitor l0,000uF 50V"
SX-939,Receiver,ACV-130-0,ACV-130,Variable resistor (Bass-main)
SX-939,Receiver,ACV-131-0,ACV-131,Variable resistor (Treble-main)
SX-939,Receiver,ACV-132-0,ACV-132,Variable resistor (Bass-sub]
SX-939,Receiver,ACV-133-0,ACV-133,Variable resistor (Treble-sub]
SX-939,Receiver,ACV-134-0,ACV-134,Variable resistor 250k-B1 (Volume)
SX-939,Receiver,ACV-135-0,ACV-135,Variable resistor 250k-HB (Balance)
SX-939,Receiver,ADG-002-A,ADG-002,AC power cord (F)
SX-939,Receiver,ADG-005-A,ADG-005,AC power cord (KCU)
SX-939,Receiver,ADH-002-0,ADH-002,FM T-type antenna
SX-939,Receiver,AEB-019-0,AEB-019,P.C. board holder
SX-939,Receiver,AEB-031-0,AEB-031,Rubber bracket
SX-939,Receiver,AEB-057-A,AEB-057,Rubber bracket
SX-939,Receiver,AEB-057-A,AEB-057,Rubber bracket
SX-939,Receiver,AEC-004-0,AEC-004,Wire clip (A)
SX-939,Receiver,AEC-007-0,AEC-007,Wire clip (C)
SX-939,Receiver,AEC-027-B,AEC-027,Foot
SX-939,Receiver,AEC-064-0,AEC-064,Wire clip
SX-939,Receiver,AEC-076-0,AEC-076,Spacer (insulator)
SX-939,Receiver,AEC-079-0,AEC-079,AC cord grommet
SX-939,Receiver,AEC-079-0,AEC-079,"AC cord grommet (KCU,F)"
SX-939,Receiver,AEC-085-0,AEC-085,Nut (insulator)
SX-939,Receiver,AEC-101-0,AEC-101,Pulley (small)
SX-939,Receiver,AEC-101-0,AEC-101,Pulley (srnall)
SX-939,Receiver,AEC-152-A,AEC-152,Spacer (push knob)
SX-939,Receiver,AEC-153-0,AEC-153,Pulley
SX-939,Receiver,AEC-154-0,AEC-154,Antenna clamper
SX-939,Receiver,AED-01B-0,AED-01B,Shading plate
SX-939,Receiver,AEK-021-0,AEK-021,Fuse 5A (AC power - KCU)
SX-939,Receiver,AEK-039-0,AEK-039,Fuse 5A (protection - KCU)
SX-939,Receiver,AEK-101-0,AEK-101,Fuse 3A (AC power - F)
SX-939,Receiver,AEK-101-0,AEK-101,Fuse 3A (protection)
SX-939,Receiver,AEK-106-0,AEK-106,Fuse 1A (protection)
SX-939,Receiver,AEL-014-0,AEL-014,"Pilot lamp 8V, 50mA"
SX-939,Receiver,AEL-014-0,AEL-014,"Pilot lamp BV, 50mA (stereo indicator)"
SX-939,Receiver,AEL-015-0,AEL-015,"Pilot lamp 8V, 0.3A (meter)"
SX-939,Receiver,AEL-022-0,AEL-022,"Pilot lamp 8V, 50mA"
SX-939,Receiver,AEL-022-0,AEL-022,"Pilot lamp 8V, 50mA (program indicator)"
SX-939,Receiver,AEL-023-0,AEL-023,"Pilot lamp 8V, 50mA"
SX-939,Receiver,AEL-023-0,AEL-023,"Pilot lamp 8V, 50mA (program indicator)"
SX-939,Receiver,AHA-066-A,AHA-066,Side pad (L)
SX-939,Receiver,AHA-167-A,AHA-167,Side pad (R)
SX-939,Receiver,AHC-014-A,AHC-014,inside packing
SX-939,Receiver,AHD-212-A,AHD-212,Packing case
SX-939,Receiver,AKA-002-0,AKA-002,Antenna terminal board
SX-939,Receiver,AKB-014-0,AKB-014,Phono jack-A (4 jacks)
SX-939,Receiver,AKB-014-0,AKB-014,Phono jack-A (4 jacks)
SX-939,Receiver,AKB-014-0,AKB-014,Phono jack-A (4 jacks)
SX-939,Receiver,AKB-014-0,AKB-014,Phono jack-A (4 jacks)
SX-939,Receiver,AKB-017-0,AKB-017,Phono jack-B (6 lacks)
SX-939,Receiver,AKB-019-0,AKB-019,Phono jack (1 jack)
SX-939,Receiver,AKC-015-0,AKC-015,Terminal strip (2P)
SX-939,Receiver,AKE-012-A,AKE-012,Binding post lor ground
SX-939,Receiver,AKE-014-0,AKE-014,Speaker output terminal
SX-939,Receiver,AKH-001-0,AKH-001,Socket (power transistor)
SX-939,Receiver,AKK-002-0,AKK-002,Pilot lamp socket
SX-939,Receiver,AKM-004-A,AKM-004,Jumper plug
SX-939,Receiver,AKP-005-0,AKP-005,"AC socket (KCU,F)"
SX-939,Receiver,AKP-008-0,AKP-008,Connector (AC power - GN)
SX-939,Receiver,AKR-001-0,AKR-001,Fuse holder (F)
SX-939,Receiver,AKR-012-0,AKR-012,Fuse holder (KCU)
SX-939,Receiver,AMM-035-A,AMM-035,Wooden cabinet
SX-939,Receiver,ANA-068-B,ANA-068,Chassis
SX-939,Receiver,ANB-260-B,ANB-260,Front panel assembly
SX-939,Receiver,ANC-107-B,ANC-107,Rear panel (KCU)
SX-939,Receiver,ANC-112-A,ANC-112,Rear panel (F)
SX-939,Receiver,ANC-114-0,ANC-114,Rear panel (GN)
SX-939,Receiver,AND-072-A,AND-072,Dial frame
SX-939,Receiver,AND-073-B,AND-073,Sub panel
SX-939,Receiver,ANE-055-B,ANE-055,Bottom plate
SX-939,Receiver,ANF-231-0,ANF-231,Heat sink-held rnetal
SX-939,Receiver,ANF-232-0,ANF-232,Heat sink-held metal
SX-939,Receiver,ANF-240-A,ANF-240,Shield cover
SX-939,Receiver,ANF-243-A,ANF-243,Dial scale-held metal
SX-939,Receiver,ANF-246-A,ANF-246,P.C. board-held metal (A)
SX-939,Receiver,ANF-247-A,ANF-247,P.C. board-held metal (B)
SX-939,Receiver,ANF-248-0,ANF-248,Power transformer-held metal
SX-939,Receiver,ANF-249-0,ANF-249,Shading metal
SX-939,Receiver,ANF-249-0,ANF-249,Shading metal
SX-939,Receiver,ANG-097-0,ANG-097,Lamp holder
SX-939,Receiver,ANG-100-0,ANG-100,P.C. board cover
SX-939,Receiver,ANG-102-A,ANG-102,Pulley-held metal
SX-939,Receiver,ANG-103-0,ANG-103,Pilot lamp holder (A)
SX-939,Receiver,ANG-104-0,ANG-104,Pilot lamp holder (B)
SX-939,Receiver,ANH -211-B,ANH -211,Lamp box (B)
SX-939,Receiver,ANH-206-0,ANH-206,Shield cover
SX-939,Receiver,ANH-208-A,ANH-208,Shield cover (rear)
SX-939,Receiver,ANH-210-A,ANH-210,Lamp box (A)
SX-939,Receiver,ANH-215-A,ANH-215,Heal sink
SX-939,Receiver,ARB-099-0,ARB-099,Operating instructions SX-939
SX-939,Receiver,ASG-061-0,ASG-061,Push switch (speakers)
SX-939,Receiver,ASG-062-0,ASG-062,"Mini switch (filters, AF muting)"
SX-939,Receiver,ASG-064-0,ASG-064,"Push switch (dimmer, FM muting)"
SX-939,Receiver,ASG-065-0,ASG-065,Push switch (function)
SX-939,Receiver,ASH-008-0,ASH-008,Slide switch (de-emphasis - F)
SX-939,Receiver,ASK-067-0,ASK-067,Lever switch (Power - F)
SX-939,Receiver,ASK-068-0,ASK-068,Lever Switch (Power - GN)
SX-939,Receiver,ASK-070-0,ASK-070,Lever switch (Tone)
SX-939,Receiver,ASK-072-0,ASK-072,Lever switch (duplicate)
SX-939,Receiver,ASK-072-0,ASK-072,Lever switch (monitor-1)
SX-939,Receiver,ASK-072-0,ASK-072,Lever switch (NR adaptor)
SX-939,Receiver,ASK-072-0,ASK-072,Lever switch [monitor-2)
SX-939,Receiver,ASK-080-0,ASK-080,Lever switch (Power - KCU)
SX-939,Receiver,ASR-007-0,ASR-007,Relay
SX-939,Receiver,ATB-026-0,ATB-026,Ferrite locpstick antenna
SX-939,Receiver,ATT-167-A,ATT-167,Power transformer (KCU)
SX-939,Receiver,ATT-173-0,ATT-173,Power transformer (F)
SX-939,Receiver,ATT-180-A,ATT-180,Power transformer (GN)
SX-939,Receiver,AWE-041-0,AWE-041,Tuner assembly
SX-939,Receiver,AWF-013-0,AWF-013,Equalizer amplifier assembly
SX-939,Receiver,AWG-027-0,AWG-027,Control amplifier assembly
SX-939,Receiver,AWH-030-0,AWH-030,Power amplifier assembly
SX-939,Receiver,AWM-062-0,AWM-062,Protection circuit assembly
SX-939,Receiver,AWM-063-0,AWM-063,Muting circuit assembly
SX-939,Receiver,AWR-052-0,AWR-052,"Power supply circuit assembly (KSC,F)"
SX-939,Receiver,AWR-056-0,AWR-056,Power supply circuit assembly (GN)
SX-939,Receiver,AWS-064-0,AWS-064,Switch circuit assembly (speakers)
SX-939,Receiver,AWS-065-0,AWS-065,"Switch circuit assembly (mode, loudness)"
SX-939,Receiver,AWS-066-0,AWS-066,"Switch circuit assembly (filters,AF muting)"
SX-939,Receiver,AWS-067-0,AWS-067,Switch circuit assembly (tape monitor)
SX-939,Receiver,AWS-068-0,AWS-068,Switch circuit assembly (dimmer)
SX-939,Receiver,AWS-069-0,AWS-069,Switch circuit assembly (function)
SX-939,Receiver,AWX-062-0,AWX-062,5P connector assembly
SX-939,Receiver,AWX-069-0,AWX-069,Lamp board assembly
SX-939,Receiver,AXA-015-A,AXA-015,Tuning pulley assembly
SX-939,Receiver,AXA-056-0,AXA-056,Tuning shaft assembly
SX-939,Receiver,AXB-001-A,AXB-001,Ferrite antenna holder assembly
SX-939,Receiver,B21-011-0,B21-011,Washer
SX-939,Receiver,CKDVF 103Z 50,CKDVF 103Z 50,Ceramic  0.01  50V
SX-939,Receiver,CKDYF 103Z 50,CKDYF 103Z 50,Ceramic  0.01  50V
SX-939,Receiver,CKDYF 103Z 50,CKDYF 103Z 50,Ceramic  0.01  50V
SX-939,Receiver,CQMA 472J 50,CQMA 472J 50,Mylar  0.0047  50V
SX-939,Receiver,CQMA 472J 50,CQMA 472J 50,Mylar  0.0047  50V
SX-939,Receiver,E22-032-0,E22-032,"Pilot lamp 8V, 0.3A (dial scale]"
SX-939,Receiver,K13-047-0,K13-047,Ground terminal strip (4P)
SX-939,Receiver,K13-048-0,K13-048,Ground terminal strip (2P)
SX-939,Receiver,K72-024-0,K72-024,Phone jack (Microphone)
SX-939,Receiver,K72-026-0,K72-026,Phone jack (Headphone)
SX-939,Receiver,M49-025-E,M49-025,Pulley shaft
SX-939,Receiver,M49-025-E,M49-025,Pulley shaft
SX-939,Receiver,PR½PS 225J,PR½PS 225J,Carbon film  2.2M  ½W
SX-939,Receiver,RS2P 272J,RS2P 272J,Metal oxide  2.7k  2W
SX-939,Receiver,RS2P 272J,RS2P 272J,Metal oxide  2.7k  2W
SX-939,Receiver,STV4H,STV4H,Varistor
SX-939,Receiver,T22-025-A,T22-025,Balun
SX-950,Receiver,2SB557- R,2SB557- R,Transistor
SX-950,Receiver,2SB557-R,2SB557,Transistor
SX-950,Receiver,2SB557-R,2SB557,Transistor
SX-950,Receiver,2SB557-R,2SB557,Transistor
SX-950,Receiver,2SD427-R,2SD427,Transistor
SX-950,Receiver,2SD427-R,2SD427,Transistor
SX-950,Receiver,2SD427-R,2SD427,Transistor
SX-950,Receiver,2SD427-R,2SD427,Transistor
SX-950,Receiver,AAA-034,AAA-034,Knob (TUNING)
SX-950,Receiver,AAB-100,AAB-100,Knob (BALANCE)
SX-950,Receiver,AAB-100,AAB-100,Knob (BASS)
SX-950,Receiver,AAB-100,AAB-100,Knob (TREBLE)
SX-950,Receiver,AAB-103,AAB-103,Knob (VOLUME)
SX-950,Receiver,AAD-113,AAD-113,Knob (ADAPTOR)
SX-950,Receiver,AAD-113,AAD-113,Knob (BASS TURNOVER)
SX-950,Receiver,AAD-113,AAD-113,Knob (DUPLICATE)
SX-950,Receiver,AAD-113,AAD-113,Knob (HIGH FILTER)
SX-950,Receiver,AAD-113,AAD-113,Knob (LOUDNESS)
SX-950,Receiver,AAD-113,AAD-113,Knob (LOW FILTER)
SX-950,Receiver,AAD-113,AAD-113,Knob (MODE)
SX-950,Receiver,AAD-113,AAD-113,Knob (MUTING)
SX-950,Receiver,AAD-113,AAD-113,Knob (POWER)
SX-950,Receiver,AAD-113,AAD-113,Knob (TAPE MONITOR 1)
SX-950,Receiver,AAD-113,AAD-113,Knob (TAPE MONITOR 2)
SX-950,Receiver,AAD-113,AAD-113,Knob (TONE)
SX-950,Receiver,AAD-113,AAD-113,Knob (TREBLE TURNOVER)
SX-950,Receiver,AAD-114,AAD-114,Knob (AM)
SX-950,Receiver,AAD-114,AAD-114,Knob (AUX)
SX-950,Receiver,AAD-114,AAD-114,Knob (FM MPX NOISE FIL)
SX-950,Receiver,AAD-114,AAD-114,Knob (FM MUTING)
SX-950,Receiver,AAD-114,AAD-114,Knob (FM)
SX-950,Receiver,AAD-114,AAD-114,Knob (PHONO 1)
SX-950,Receiver,AAD-114,AAD-114,Knob (PHONO 2/MIC)
SX-950,Receiver,AAD-114,AAD-114,Knob (SPEAKERS A)
SX-950,Receiver,AAD-114,AAD-114,Knob (SPEAKERS B)
SX-950,Receiver,AAD-114,AAD-114,Knob (SPEAKERS C)
SX-950,Receiver,AAG-105,AAG-105,Dial scale board
SX-950,Receiver,AAT-026,AAT-026,"Indicator (SP-A, SP-B, SP-C)"
SX-950,Receiver,AAT-027,AAT-027,"Indicator (AM, FM, PH-1, PH-2, AUX)"
SX-950,Receiver,AAT-028,AAT-028,Indicator (STEREO)
SX-950,Receiver,AAW-040,AAW-040,Double meter (SIGNAL/TUNING)
SX-950,Receiver,ABN-024,ABN-024,Washer faced nut
SX-950,Receiver,ACG-003,ACG-003,Ceramic 0.01 150V (DC1.4kV)
SX-950,Receiver,ACG-003,ACG-003,Ceramic 0.01 150V (DC1.4kV)
SX-950,Receiver,ACG-003,ACG-003,"Ceramic capacitor (0.01pF 150V,DC1.4kV)"
SX-950,Receiver,ACG-003,ACG-003,"Ceramic capacitor(0.01uF 150V, DC1.4kV)"
SX-950,Receiver,ACH-059,ACH-059,Electrolytic 22000 63V
SX-950,Receiver,ACH-059,ACH-059,Electrolytic 22000 63V
SX-950,Receiver,ACK-016,ACK-016,Tuning Capacitor
SX-950,Receiver,ACV-136,ACV-136,"Variable resistor (100k-B, TREBLE)"
SX-950,Receiver,ACV-136,ACV-136,"Variable resistor(100k-B, BASS)"
SX-950,Receiver,ACV-163,ACV-163,Variable resistor (100k-HB/ BALANCE)
SX-950,Receiver,ACV-164,ACV-164,Variabie resistor (50k-B2/VOLUME)
SX-950,Receiver,ADG-005,ADG-005,AC power cord
SX-950,Receiver,AEC-101,AEC-101,Pulley
SX-950,Receiver,AEC-256,AEC-256,Pully (small)
SX-950,Receiver,AEC-260,AEC-260,Acrylic board
SX-950,Receiver,AEK-104,AEK-104,Fuse 1.5A (lamp circuit)
SX-950,Receiver,AEK-106,AEK-106,Fuse 1A
SX-950,Receiver,AEK-106,AEK-106,Fuse 1A
SX-950,Receiver,AEK-106,AEK-106,Fuse 1A
SX-950,Receiver,AEK-106,AEK-106,Fuse 1A
SX-950,Receiver,AEK-109,AEK-109,Fuse 6A (primary)
SX-950,Receiver,AEL-029,AEL-029,"Lamp (8V, 0.3A, wedge-type)"
SX-950,Receiver,AEL-056,AEL-056,Lamp assembly (PL1—PL4)
SX-950,Receiver,AEL-056,AEL-056,"Lamp assembly - Lamp(8V, 0.3A,wedge-type AEL-029) / Lamp socket (wedge-type AKK-004)"
SX-950,Receiver,AEL-056,AEL-056,"Lamp assembly - Lamp(8V, 0.3A,wedge-type AEL-029) / Lamp socket (wedge-type AKK-004)"
SX-950,Receiver,AEL-056,AEL-056,"Lamp assembly - Lamp(8V, 0.3A,wedge-type AEL-029) / Lamp socket (wedge-type AKK-004)"
SX-950,Receiver,AEL-056,AEL-056,"Lamp assembly - Lamp(8V, 0.3A,wedge-type AEL-029) / Lamp socket (wedge-type AKK-004)"
SX-950,Receiver,AEL-069,AEL-069,"Lamp with leads (8V, 50mA)"
SX-950,Receiver,AEL-072,AEL-072,"Lamp with leads (8V, 50mA)"
SX-950,Receiver,AEL-072,AEL-072,"Lamp with leads (8V, 50mA)"
SX-950,Receiver,AEL-073,AEL-073,"Lamp with leads (8V, 50mA)"
SX-950,Receiver,AEL-073,AEL-073,"Lamp with leads (8V, 50mA)"
SX-950,Receiver,AEL-074,AEL-074,"Lamp with leads (8V, 50mA)"
SX-950,Receiver,AEL-074,AEL-074,"Lamp with leads (8V, 50mA)"
SX-950,Receiver,AEL-075,AEL-075,"Lamp with leads (8V, 50mA)"
SX-950,Receiver,AEL-076,AEL-076,"Lamp with leads (8V, 50mA)"
SX-950,Receiver,AKA-004,AKA-004,Terminal (ANTENNA)
SX-950,Receiver,AKB-030,AKB-030,Terminal (ADAPTOR)
SX-950,Receiver,AKB-030,AKB-030,Terminal (FM DET. OUT)
SX-950,Receiver,AKB-030,AKB-030,Terminal (PRE/POWER AMP)
SX-950,Receiver,AKB-030,AKB-030,Terminal (TAPE 1)
SX-950,Receiver,AKB-030,AKB-030,Terminal (TAPE 2)
SX-950,Receiver,AKB-033,AKB-033,Terminal (INPUT)
SX-950,Receiver,AKE-012,AKE-012,Terminal (GND)
SX-950,Receiver,AKE-014,AKE-014,Terminal (SPEAKERS)
SX-950,Receiver,AKK-004,AKK-004,Socket (wedge-type)
SX-950,Receiver,AKM-004,AKM-004,Jumper plug
SX-950,Receiver,AKN-010,AKN-010,Phone jack (PHONES)
SX-950,Receiver,AKN-012,AKN-012,Phone jack (MIC)
SX-950,Receiver,AKP-005,AKP-005,AC socket (AC OUTLETS)
SX-950,Receiver,AKP-007,AKP-007,Connector socket 5P (REC/PLAY)
SX-950,Receiver,AMM-048,AMM-048,Cabinet
SX-950,Receiver,ANB-374,ANB-374,Front panel assembly
SX-950,Receiver,ASG-094,ASG-094,Push switch (SPEAKERS)
SX-950,Receiver,ASG-095,ASG-095,"Push switch (AM, FM, PHONO 1, PHONO 2/MIC, AUX)"
SX-950,Receiver,ASG-096,ASG-096,"Push switch (FM MUTING, MPX NOISE FIL"
SX-950,Receiver,ASH-015,ASH-015,Slide switch (DE-EMPHASIS)
SX-950,Receiver,ASK-080,ASK-080,Lever switch (POWER)
SX-950,Receiver,ASK-089,ASK-089,Lever switch (HIGH FILTER)
SX-950,Receiver,ASK-089,ASK-089,Lever switch (LOUDNESS)
SX-950,Receiver,ASK-089,ASK-089,Lever switch (LOW FILTER)
SX-950,Receiver,ASK-089,ASK-089,Lever switch (MUTING)
SX-950,Receiver,ASK-089,ASK-089,Lever switch (TREBLE TURNOVER)
SX-950,Receiver,ASK-090,ASK-090,Lever switch (MODE)
SX-950,Receiver,ASK-090,ASK-090,Lever switch (TONE)
SX-950,Receiver,ASK-091,ASK-091,Lever switch (BASS TURNOVER)
SX-950,Receiver,ASK-092,ASK-092,Lever switch (ADAPTOR)
SX-950,Receiver,ASK-092,ASK-092,Lever switch (DUPLICATE)
SX-950,Receiver,ASK-092,ASK-092,Lever switch (TAPE MONITOR 1)
SX-950,Receiver,ASK-092,ASK-092,Lever switch (TAPE MONITOR 2)
SX-950,Receiver,ASR-019,ASR-019,Relay
SX-950,Receiver,ATB-046,ATB-046,Ferrite bar-antenna
SX-950,Receiver,ATT-265,ATT-265,Power transformer
SX-950,Receiver,AWE-066,AWE-066,Tuner assembly
SX-950,Receiver,AWF-011,AWF-011,Equalizer amplifier assembly
SX-950,Receiver,AWG-038,AWG-038,Flat amplifier assembly
SX-950,Receiver,AWG-039,AWG-039,Tone amplifier assembly
SX-950,Receiver,AWH-050,AWH-050,Power amplifier assembly
SX-950,Receiver,AWM-062,AWM-062,Protection circuit assembly
SX-950,Receiver,AWR-101,AWR-101,Power supply assembly
SX-950,Receiver,AWS-093,AWS-093,Switch assembly
SX-950,Receiver,AWS-094,AWS-094,Switch assembly
SX-950,Receiver,AWS-095,AWS-095,Switch assembly
SX-950,Receiver,AWX-096,AWX-096,Lamp board assembly
SX-950,Receiver,AXA-111,AXA-111,Tuning shaft assembly
SX-950,Receiver,AXA-113,AXA-113,Tuning drum assembly
SX-950,Receiver,CKDYF 103Z 50,CKDYF 103Z 50,Ceramic 0.01 50V
SX-950,Receiver,CKDYF 103Z 50,CKDYF 103Z 50,Ceramic 0.01 50V
SX-950,Receiver,CKDYF 103Z 50,CKDYF 103Z 50,Ceramic 0.01 50V
SX-950,Receiver,CKDYF 103Z 50,CKDYF 103Z 50,Ceramic 0.01 50V
SX-950,Receiver,CKDYF 103Z 50,CKDYF 103Z 50,Ceramic 0.01 50V
SX-950,Receiver,CKDYF 103Z 50,CKDYF 103Z 50,Ceramic 0.01 50V
SX-950,Receiver,CKDYF 103Z 50,CKDYF 103Z 50,Ceramic 0.01 50V
SX-950,Receiver,CKDYF 103Z 50,CKDYF 103Z 50,Ceramic 0.01 50V
SX-950,Receiver,RD½PS 225J,RD½PS 225J,Carbon film 2.2M ½W
SX-950,Receiver,RS2P 272J,RS2P 272J,Metal oxide 2.7k 2W
SX-950,Receiver,RS2P 272J,RS2P 272J,Metal oxide 2.7k 2W
SX-950,Receiver,T22-025,T22-025,Ferrite balun
SX-950,Receiver,T22-025,T22-025,Ferrite balun
SX-950,Receiver,W72-092,W72-092,Bar-antenna holder
SX-980,Receiver,"2SB706-Q or R, S","2SB706-Q or R, S",Transistor
SX-980,Receiver,"2SB706-Q or R, S","2SB706-Q or R, S",Transistor
SX-980,Receiver,"2SD746-Q or R, S","2SD746-Q or R, S",Transistor
SX-980,Receiver,"2SD746-Q or R, S","2SD746-Q or R, S",Transistor
SX-980,Receiver,AAA-047,AAA-047,Knob (TUNING)
SX-980,Receiver,AAB-174,AAB-174,Knob (VOLUME)
SX-980,Receiver,AAB-175,AAB-175,"Knob (TONE, TURNOVER)"
SX-980,Receiver,AAB-176,AAB-176,Knob (BALANCE)
SX-980,Receiver,AAD-138,AAD-138,Lever knob (DUPLICATE)
SX-980,Receiver,AAD-138,AAD-138,Lever knob (MUTING)
SX-980,Receiver,AAD-139,AAD-139,Lever knob assembly (POWER)
SX-980,Receiver,AAD-140,AAD-140,Push knob
SX-980,Receiver,AAF-065,AAF-065,Dial pointer assembly
SX-980,Receiver,AAW-075,AAW-075,Double meter
SX-980,Receiver,AAW-079,AAW-079,Power meter
SX-980,Receiver,ACG-001,ACG-001,Ceramic 0.01  250V
SX-980,Receiver,ACG-003,ACG-003,Ceramic 0.01  125V
SX-980,Receiver,ACH-047,ACH-047,Capacitor
SX-980,Receiver,ACH-047,ACH-047,"Electrolytic 18,000  63V"
SX-980,Receiver,ACH-047,ACH-047,"Electrolytic 18,000  63V"
SX-980,Receiver,ACK-022,ACK-022,Tuning Capacitor
SX-980,Receiver,ACV-136,ACV-136,Variable resistor (BASS)
SX-980,Receiver,ACV-136,ACV-136,Variable resistor (TREBLE)
SX-980,Receiver,ACV-162,ACV-162,Variable resistor (VOLUME)
SX-980,Receiver,ACV-190,ACV-190,Variable resistor (BALANCE)
SX-980,Receiver,ADG-005,ADG-005,Power cord
SX-980,Receiver,AEC-327,AEC-327,AC cord stopper
SX-980,Receiver,AEK-104,AEK-104,Fuse  1.5A
SX-980,Receiver,AEK-106,AEK-106,Fuse  1A
SX-980,Receiver,AEK-106,AEK-106,Fuse  1A
SX-980,Receiver,AEK-106,AEK-106,Fuse  1A
SX-980,Receiver,AEK-106,AEK-106,Fuse  1A
SX-980,Receiver,AEK-109,AEK-109,Fuse  6A
SX-980,Receiver,AEL-029,AEL-029,Wedge type pilot lamp
SX-980,Receiver,AEL-067,AEL-067,Pilot lamp with wire
SX-980,Receiver,AEL-069,AEL-069,Pilot lamp with wire
SX-980,Receiver,AKA-002,AKA-002,Antenna terminal
SX-980,Receiver,AKB-035,AKB-035,4-P pin jack
SX-980,Receiver,AKE-031,AKE-031,Terminal (GND)
SX-980,Receiver,AKM-004,AKM-004,Plug
SX-980,Receiver,AKN-010,AKN-010,Phone jack (PHONES)
SX-980,Receiver,AKN-012,AKN-012,Phonejack (MIC)
SX-980,Receiver,AKP-005,AKP-005,AC socket
SX-980,Receiver,AMM-066,AMM-066,Bonnet
SX-980,Receiver,ANB-550,ANB-550,From panel assembly
SX-980,Receiver,ANR-020,ANR-020,Acrylic board
SX-980,Receiver,ASE-105,ASE-105,"Rotary switch (BASS, TURNOVER)"
SX-980,Receiver,ASE-106,ASE-106,"Rotary switch (TREBLE, TURNOVER)"
SX-980,Receiver,ASG-126,ASG-126,Push switch (FUNCTION)
SX-980,Receiver,ASG-129,ASG-129,Push switch
SX-980,Receiver,ASG-133,ASG-133,Push switch assembly (SPEAKERS)
SX-980,Receiver,ASK 144,ASK 144,Lever switch (LOUDNESS)
SX-980,Receiver,ASK 144,ASK 144,Lever switch (MODE)
SX-980,Receiver,ASK-080,ASK-080,Lever switch (POWER)
SX-980,Receiver,ASK-144,ASK-144,Lever switch (MUTING)
SX-980,Receiver,ASK-144,ASK-144,"Lever switch (TAPE, MONITOR 1, 2)"
SX-980,Receiver,ASK-144,ASK-144,Lever switch (TONE)
SX-980,Receiver,ASK-145,ASK-145,Lever switch (DUPLICATE)
SX-980,Receiver,ATB-505,ATB-505,Bar antenna
SX-980,Receiver,ATT-449,ATT-449,Power transformer
SX-980,Receiver,AWE-094,AWE-094,Tuner assembly
SX-980,Receiver,AWG-056,AWG-056,Tone control assembly
SX-980,Receiver,AWH-073,AWH-073,Power amplifier assembly
SX-980,Receiver,AWM-124,AWM-124,Protection assembly
SX-980,Receiver,AWR-156,AWR-156,Power supply assembly
SX-980,Receiver,AWT-002,AWT-002,Filter assembly
SX-980,Receiver,AXB-012,AXB-012,Bar antenna holder
SX-980,Receiver,CKDBC 104Z 25,CKDBC 104Z 25,Ceramic 0.1  25V
SX-980,Receiver,CKDBC 104Z 25,CKDBC 104Z 25,Ceramic 0.1  25V
SX-980,Receiver,CKDBC 104Z 25,CKDBC 104Z 25,Ceramic 0.1  25V
SX-980,Receiver,CKDBC 104Z 25,CKDBC 104Z 25,Ceramic 0.1  25V
SX-980,Receiver,GWG-112,GWG-112,Flat amplifier assembly
SX-980,Receiver,GWS-125,GWS-125,Function and equalizer assembly
SX-980,Receiver,GWS-126,GWS-126,Terminal assembly
SX-980,Receiver,GWS-127,GWS-127,Input terminal assembly
SX-980,Receiver,GWS-131,GWS-131,Speaker switch assembly
SX-980,Receiver,GWS-132,GWS-132,Speaker terminal assembly
SX-980,Receiver,RD½PS225J,RD½PS225J,Carbon film 2.2M ½W
SX-980,Receiver,RS2P 911J,RS2P 911J,Metal oxide 910 2W
SX-980,Receiver,RS2P 911J,RS2P 911J,Metal oxide 910 2W
SX-980,Receiver,T22-025,T22-025,Balun
SX-980,Receiver,T24-030,T24-030,Ferry inductor
SX-990,Receiver,A12-016-0,A12-016,"Knob, Bass, Treble (R)"
SX-990,Receiver,A12-120-B,A12-120,"Knob, Speakers, Volume, Balance, Mode"
SX-990,Receiver,A12-163-0,A12-163,Knob Selector
SX-990,Receiver,A12-165-0,A12-165,Knob Tuning
SX-990,Receiver,A12-168-0,A12-168,"Knob, Bass, Treble (L)"
SX-990,Receiver,A31-090-A,A31-090,Dial Pointer
SX-990,Receiver,A33-084-A,A33-084,Dial Glass
SX-990,Receiver,A91-008-B,A91-008,Tunlng Meter (Upper)
SX-990,Receiver,A91-009-B,A91-009,Tuning Meter (Lower)
SX-990,Receiver,C52-071-0,C52-071,Electrolytic  2200 80V
SX-990,Receiver,C85-048-O,C85-048,500KΩ dual BALANCE
SX-990,Receiver,C85-054-0,C85-054,500KΩ dual VOLUME
SX-990,Receiver,C87-024-0,C87-024,"100KΩ, dual (Bass Control)"
SX-990,Receiver,C87-024-0,C87-024,"100KΩ, dual (Treble Control)"
SX-990,Receiver,E21-004-0,E21-004,Fuse 1A
SX-990,Receiver,E22-002-0,E22-002,Pilot Lamp (for Tuning Meter)
SX-990,Receiver,E22-017-0,E22-017,Pilot Lamp (for Dial Glass)
SX-990,Receiver,E22-021-0,E22-021,Pilot Lama (for Selector Position FM Stereo indicator)
SX-990,Receiver,K11-018-0,K11-018,4P Antenna Terminal
SX-990,Receiver,K21-005-C,K21-005,1P Input Ternminal
SX-990,Receiver,K22-010-A,K22-010,4P Input Terminal
SX-990,Receiver,K22-013-C,K22-013,6P Input Terminal
SX-990,Receiver,K42-003-0,K42-003,Pilot Lamp Socket
SX-990,Receiver,K72-020-0,K72-020,Jack for Microphone
SX-990,Receiver,K72-021-B,K72-021,Jack for Headphone
SX-990,Receiver,K73-003-A,K73-003,Jack for Speaker
SX-990,Receiver,K82-007-B,K82-007,Socket for AC OUTLET
SX-990,Receiver,K91-005-0,K91-005,Fuse Holder 1P
SX-990,Receiver,K93-003-B,K93-003,Connector 5P
SX-990,Receiver,M21-323-0,M21-323,Front Panel
SX-990,Receiver,M42-027-A,M42-027,Dial Pulley
SX-990,Receiver,M52-119-0,M52-119,Wooden Case
SX-990,Receiver,M61-017-0,M61-017,Foot
SX-990,Receiver,R12-048-C,R12-048,"Installation, Operation and Service Manual SX-990 (FVW)"
SX-990,Receiver,S11-018-O,S11-018,LINE VOLTAGE Selector
SX-990,Receiver,S11-022-A,S11-022,SPEAKERS Switch
SX-990,Receiver,S13-029-O,S13-029,SELECTOR Switch
SX-990,Receiver,S14-035-O,S14-035,MODE Switch
SX-990,Receiver,T24-026-O,T24-026,Heater Choke Coil
SX-990,Receiver,T24-030-O,T24-030,Choke Coil
SX-990,Receiver,T42-024-A,T42-024,AM Fernte Loopstick Antenna
SX-990,Receiver,T52-158-O,T52-158,Power Transformer
SX-990,Receiver,T61-041-B,T61-041,Matching Transformer
SX-990,Receiver,W11-028-C,W11-028,FM FRONT END
SX-990,Receiver,W12-025-A,W12-025,FM IF Unit
SX-990,Receiver,W13-024-0,W13-024,MPX Unit
SX-990,Receiver,W14-008-0,W14-008,AM TUNER Unit
SX-990,Receiver,W15-049-A,W15-049,HEAD Amp um
SX-990,Receiver,W15-060-A,W15-060,MAIN Amp Unit
SX-990,Receiver,W15-079-0,W15-079,CONTROL Amp Umt
SX-990,Receiver,W15-080-0,W15-080,CONTROL Unit
SX-990,Receiver,W15-081-A,W15-081,PUSH Switch Unit (A)
SX-990,Receiver,W15-082-0,W15-082,PUSH Switch Unit (B)
SX-990,Receiver,W16-022-0,W16-022,POWER SUPPLY Unit
SX-990,Receiver,W18-012-0,W18-012,INDICATOR Unit
SX-990,Receiver,W18-026-C,W18-026,MUTING Unit
SX-D5000,Receiver,AAB-245,AAB-245,Knob (VOLUME)
SX-D5000,Receiver,AAB-246,AAB-246,Knob (BALANCE)
SX-D5000,Receiver,AAB-246,AAB-246,Knob (BALANCE)
SX-D5000,Receiver,AAD-243,AAD-243,"Knob A (LOUDNESS, MUTING, TUNING MODE, FM 25us, AM/FM MUTE, MEMORY)"
SX-D5000,Receiver,AAD-243,AAD-243,STATION CALL
SX-D5000,Receiver,AAD-246,AAD-246,"Knob (BASS, TREBLE)"
SX-D5000,Receiver,AAD-248,AAD-248,Push knob assembly
SX-D5000,Receiver,AAD-253,AAD-253,Knob B (TUNING UP/DOWN)
SX-D5000,Receiver,AAV-007,AAV-007,FL indicator tube (Frequency)
SX-D5000,Receiver,AAV-009,AAV-009,FL indicator tube (Power)
SX-D5000,Receiver,ABH-043,ABH-043,Coiled spring
SX-D5000,Receiver,ABH-058,ABH-058,Coiled spring
SX-D5000,Receiver,ACG-001,ACG-001,Ceramic capacitor (0.01/250V) - HG
SX-D5000,Receiver,ACG-001,ACG-001,Ceramic capacitor (0.01/250V) - KU
SX-D5000,Receiver,ACG-017,ACG-017,Ceramic capacitor (0.01/125V) - KU
SX-D5000,Receiver,ACN-029,ACN-029,Carbon composition resistor
SX-D5000,Receiver,ACN-029,ACN-029,Resistor (2.2M/½W) - KU
SX-D5000,Receiver,ACW-502,ACW-502,"2-ganged variable resistor  100k, 1M (VOLUME, BALANCE)"
SX-D5000,Receiver,ACX-107,ACX-107,"Variable resistor (slide type) 10k (BASS, TREBLE)"
SX-D5000,Receiver,ADG-023,ADG-023,AC power cord - KU
SX-D5000,Receiver,ADH-004,ADH-004,T-type FM antenna
SX-D5000,Receiver,AEC-327,AEC-327,Strain relief - KU
SX-D5000,Receiver,AEC-485,AEC-485,Foot assembly
SX-D5000,Receiver,AEC-564,AEC-564,Stopper A
SX-D5000,Receiver,AEC-565,AEC-565,Stopper B
SX-D5000,Receiver,AEK-304,AEK-304,Fuse (8A)
SX-D5000,Receiver,AEL-075,AEL-075,Memory lamp  8V  50mA
SX-D5000,Receiver,AEL-126,AEL-126,Lamp with wires
SX-D5000,Receiver,AEL-141,AEL-141,Lamp with wires
SX-D5000,Receiver,AEL-145,AEL-145,Lamp with wires
SX-D5000,Receiver,AHA-255,AHA-255,Corner pad
SX-D5000,Receiver,AHC-056,AHC-056,Inside packing
SX-D5000,Receiver,AHD-817,AHD-817,Packing case - KU
SX-D5000,Receiver,AHD-826,AHD-826,Packing case - HG
SX-D5000,Receiver,AKA-013,AKA-013,Terminal (ANTENNA)
SX-D5000,Receiver,AKB-057,AKB-057,Terminal (INPUT)
SX-D5000,Receiver,AKB-061,AKB-061,"Terminal (PRE AMP OUT, POWER AMP IN)"
SX-D5000,Receiver,AKB-063,AKB-063,"Terminal (TAPE, ADAPTOR)"
SX-D5000,Receiver,AKB-076,AKB-076,Terminal 1-P (AM STEREO) - KU
SX-D5000,Receiver,AKE-038,AKE-038,Terminal (SPEAKERS)
SX-D5000,Receiver,AKM-004,AKM-004,Jumper plug
SX-D5000,Receiver,AKN-028,AKN-028,Phones jack (PHONES)
SX-D5000,Receiver,AKP-008,AKP-008,Recessed AC plug (AC INLET) - HG
SX-D5000,Receiver,AKP-016,AKP-016,Connector socket - HG
SX-D5000,Receiver,AKP-042,AKP-042,AC socket (AC OUTLETS) - KU
SX-D5000,Receiver,AKX-057,AKX-057,Line voltage selector - HG
SX-D5000,Receiver,ANB-920,ANB-920,Front panel assembly
SX-D5000,Receiver,ANB-924,ANB-924,Sub panel assembly B
SX-D5000,Receiver,ANB-925,ANB-925,Sub panel assembly C
SX-D5000,Receiver,ANB-950,ANB-950,Front panel assembly
SX-D5000,Receiver,ANE-311,ANE-311,Bonnet case
SX-D5000,Receiver,ANR-224,ANR-224,Acrylic cover
SX-D5000,Receiver,ANR-246,ANR-246,Side panel
SX-D5000,Receiver,ARB-382,ARB-382,Operating instructions (ENGLISH) SX-D5000 - KU
SX-D5000,Receiver,ARB-388,ARB-388,Operating instructions (ENGLISH) - HG
SX-D5000,Receiver,ARD-153,ARD-153,Operating instructions (GERMAN/FRENCH) - HG
SX-D5000,Receiver,ASG-151,ASG-151,Memory switch
SX-D5000,Receiver,ASG-151,ASG-151,Station call switches
SX-D5000,Receiver,ASG-151,ASG-151,Tuning switch
SX-D5000,Receiver,ASG-249,ASG-249,"3-ganged push switch (MONITOR, ADAPTOR)"
SX-D5000,Receiver,ASG-250,ASG-250,3-ganged push switch (DUPLICATE)
SX-D5000,Receiver,ASG-251,ASG-251,Push switch (LOUDNESS)
SX-D5000,Receiver,ASG-251,ASG-251,Push switch (MUTING -20dB)
SX-D5000,Receiver,ASG-252,ASG-252,"Push switch (AUTO/MANUAL, 75/25us, FM/AM MUTE)"
SX-D5000,Receiver,ASG-256,ASG-256,Function switch (AM/FM)
SX-D5000,Receiver,ASG-257,ASG-257,"Push switch (SPEAKERS, LOW, FILTER, MODE)"
SX-D5000,Receiver,ASG-257,ASG-257,Speaker switch
SX-D5000,Receiver,ASG-518,ASG-518,Push switch (POWER) - KU
SX-D5000,Receiver,ASG-519,ASG-519,Push switch (POWER) - HG
SX-D5000,Receiver,ASH-015,ASH-015,Slide switch (AM CHANNEL STEP)
SX-D5000,Receiver,ASR-067,ASR-067,Relay
SX-D5000,Receiver,ATB-619,ATB-619,Bar-antenna
SX-D5000,Receiver,ATT-678,ATT-678,Heater transformer
SX-D5000,Receiver,ATT-717,ATT-717,Power transformer (120V - KU)
SX-D5000,Receiver,ATT-719,ATT-719,Transformer
SX-D5000,Receiver,ATT-721,ATT-721,Power transformer (220/240V - HG)
SX-D5000,Receiver,ATT-727,ATT-727,Transformer (HG)
SX-D5000,Receiver,AWF-047,AWF-047,Equalizer assembly
SX-D5000,Receiver,AWV-015,AWV-015,Counter FL assembly
SX-D5000,Receiver,AWV-017,AWV-017,Power FL assembly
SX-D5000,Receiver,CKDYX104M 25,CKDYX104M 25,Ceramic capacitor (0.01 /25V)
SX-D5000,Receiver,GWE-138,GWE-138,Tuner asembly
SX-D5000,Receiver,GWG-151,GWG-151,Tone assembly
SX-D5000,Receiver,GWH-141,GWH-141,Power amplifier assembly (KU)
SX-D5000,Receiver,GWH-142,GWH-142,Power amplifier assembly (HG)
SX-D5000,Receiver,GWR-124,GWR-124,Power supply assembly (KU)
SX-D5000,Receiver,GWR-125,GWR-125,Power supply assembly (HG)
SX-D5000,Receiver,GWS-258,GWS-258,"Switch assembly D (ADP IN, ADP OUT, PLAY, REC, PLAY, REC)"
SX-D5000,Receiver,GWS-259,GWS-259,"Switch assembly A (MEMORY, TUNING UP, TUNING DOWN)"
SX-D5000,Receiver,GWS-260,GWS-260,"Switch assembly B (TUNING MAN/AUTO, FM 25us, FM/AM MUTE)"
SX-D5000,Receiver,GWS-261,GWS-261,Switch assembly C
SX-D5000,Receiver,GWS-265,GWS-265,SP switch assembly
SX-D5000,Receiver,GWX-528,GWX-528,Tone VR assembly
SX-D5000,Receiver,GWX-529,GWX-529,Headphones assembly
SX-D5000,Receiver,GWX-531,GWX-531,LED assembly
SX-D7000,Receiver,ACG-001,ACG-001,Ceramic capacitor (KU)
SX-D7000,Receiver,ACG-017,ACG-017,Ceramic capacitor (KC)
SX-D7000,Receiver,ACW-501,ACW-501,Volume/Balance 100k
SX-D7000,Receiver,ACX-107,ACX-107,"Variable 10k (BASS, TREBLE)"
SX-D7000,Receiver,ADG-029,ADG-029,AC power cord
SX-D7000,Receiver,AEL-075,AEL-075,Stereo  8V 50mA
SX-D7000,Receiver,AEL-142,AEL-142,Lamp with wires (KU)
SX-D7000,Receiver,AEL-150,AEL-150,Lamp with wires (KC)
SX-D7000,Receiver,AHD-816,AHD-816,Packing case (KU)
SX-D7000,Receiver,AHD-863,AHD-863,Packing case (KC)
SX-D7000,Receiver,ARB-381,ARB-381,Operating instructions (KU)
SX-D7000,Receiver,ARB-390,ARB-390,Operating instructions (KC)
SX-D7000,Receiver,ASG-248,ASG-248,"Function switch (PHONO1, PHONO2, AUX, AM, FM)"
SX-D7000,Receiver,ASG-249,ASG-249,Switch (TAPE MON/ADAPTOR)
SX-D7000,Receiver,ASG-250,ASG-250,Switch (TAPE DUPLICATE)
SX-D7000,Receiver,ASG-251,ASG-251,Switch (LOUDNESS)
SX-D7000,Receiver,ASG-251,ASG-251,Switch (MUTING)
SX-D7000,Receiver,ASG-252,ASG-252,FM 25us switch
SX-D7000,Receiver,ASG-252,ASG-252,FM/AM mute switch
SX-D7000,Receiver,ASG-252,ASG-252,Tuning (AUTO/MAN)
SX-D7000,Receiver,ASG-253,ASG-253,Turnover switch (BASS)
SX-D7000,Receiver,ASG-253,ASG-253,Turnover switch (TREBLE)
SX-D7000,Receiver,ASG-254,ASG-254,Switch (MODE)
SX-D7000,Receiver,ASG-254,ASG-254,Switch (SPEAKERS/TONE)
SX-D7000,Receiver,ASG-255,ASG-255,Dimmer switch
SX-D7000,Receiver,ASG-518,ASG-518,Power switch
SX-D7000,Receiver,ASH-015,ASH-015,AM channel step switch
SX-D7000,Receiver,ASR-069,ASR-069,SS Relay
SX-D7000,Receiver,ASX-145,ASX-145,Phono switch
SX-D7000,Receiver,ATT-676,ATT-676,Power transformer (KU)
SX-D7000,Receiver,ATT-678,ATT-678,Heater transformer
SX-D7000,Receiver,ATT-718,ATT-718,Power transformer (KU)
SX-D7000,Receiver,ATT-719,ATT-719,Transformer
SX-D7000,Receiver,ATT-737,ATT-737,Power transformer (KC)
SX-D7000,Receiver,ATT-738,ATT-738,Power transformer (KC)
SX-D7000,Receiver,AWF-046,AWF-046,EQUALIZER Ass'y
SX-D7000,Receiver,AWH-097,AWH-097,Power amplifier assembly (KU)
SX-D7000,Receiver,AWH-099,AWH-099,Power amplifier assembly (KC)
SX-D7000,Receiver,AWR-211,AWR-211,RECTIFIER Ass'y
SX-D7000,Receiver,AWR-216,AWR-216,POWER SUPPLY Ass'y
SX-D7000,Receiver,AWR-217,AWR-217,FUSE Ass’y
SX-D7000,Receiver,AWV-015,AWV-015,COUNTER FL Ass‘y
SX-D7000,Receiver,GWE-138,GWE-138,TUNER Ass‘y
SX-D7000,Receiver,GWG-150,GWG-150,TONE Ass'y
SX-D7000,Receiver,GWS-258,GWS-258,SWITCH Ass'y(D)
SX-D7000,Receiver,GWS-259,GWS-259,SWITCH Ass'y (A)
SX-D7000,Receiver,GWS-260,GWS-260,SWITCH Ass'y (B)
SX-D7000,Receiver,GWS-261,GWS-261,SWITCH Ass'y (C)
SX-D7000,Receiver,GWS-262,GWS-262,SWITCH Ass’y (E)
SX-D7000,Receiver,GWS-263,GWS-263,SWITCH Ass'y (F)
SX-D7000,Receiver,GWS-264,GWS-264,SP SWITCH Ass'y
SX-D7000,Receiver,GWV-102,GWV-102,POWER FL Ass'y
SX-D7000,Receiver,GWX-528,GWX-528,TONE VR Ass'y
SX-D7000,Receiver,GWX-529,GWX-529,HEADPHONES Ass'y
SX-D7000,Receiver,GWX-530,GWX-530,LED Ass'y
T-3300,Cassette Tape,A91-014,A91-014,LEVEL METER
T-3300,Cassette Tape,C81-435,C81-435,CONTROL(REC/PLAYBACK LEVEL)
T-3300,Cassette Tape,E17-434,E17-434,CASSETTE COVER ASSY
T-3300,Cassette Tape,E17-435,E17-435,REEL BASE (A) AS
T-3300,Cassette Tape,E17-436,E17-436,REEL BASE (B) ASSY
T-3300,Cassette Tape,E17-440,E17-440,BUTTON(POWER)
T-3300,Cassette Tape,E22-854,E22-854,PILOT LAMP
T-3300,Cassette Tape,N11-411,N11-411,MOTOR
T-3300,Cassette Tape,N28-419,N28-419,BELT FOR CAPSTAN
T-3300,Cassette Tape,N28-420,N28-420,IDLER BELT
T-3300,Cassette Tape,P53-001,P53-001,REC/P.B. HEAD
T-3300,Cassette Tape,P54-404,P54-404,HEAD (REC/PB)
T-3300,Cassette Tape,R12-409,R12-409,O/M T-3300
T-3300,Cassette Tape,RAA-161,RAA-161,SLIDE KNOB
T-3300,Cassette Tape,REB-093,REB-093,COUNTER BELT B
T-3300,Cassette Tape,RNK-013,RNK-013,BUTTON(EJECT/FF/REW/PAUSE)
T-3300,Cassette Tape,RNK-014,RNK-014,BUTTON(RECORD)
T-3300,Cassette Tape,RNK-015,RNK-015,BUTTON(STOP)
T-3300,Cassette Tape,RNK-018,RNK-018,BUTTON(PLAY)T3300
T-3300,Cassette Tape,RPB-023,RPB-023,HEAD (REC/P.B.)
T-3300,Cassette Tape,S21-416,S21-416,SWITCH(PAUSE)
T-3300,Cassette Tape,S31-406,S31-406,SWITCH(POWER)
T-3300,Cassette Tape,S61-417,S61-417,RELAY
T-3300,Cassette Tape,W71-436,W71-436,FLYWHEEL ASSY
T-3300,Cassette Tape,W73-414,W73-414,SWITCH(SENSING)
T-3500,Cassette Tape,C81-435,C81-435,CONTROL(REC/PLAYBACK LEVEL)
T-3500,Cassette Tape,N11-411,N11-411,MOTOR
T-3500,Cassette Tape,N28-419,N28-419,BELT FOR CAPSTAN
T-3500,Cassette Tape,N28-420,N28-420,IDLER BELT
T-3500,Cassette Tape,R42-245,R42-245,S/M T-3500
T-3500,Cassette Tape,RAA-001,RAA-001,KNOB(POWER)
T-3500,Cassette Tape,RAA-013,RAA-013,KNOB(LEVEL)
T-3500,Cassette Tape,RAW-005,RAW-005,METER
T-3500,Cassette Tape,RCW-001,RCW-001,CONTROL(REC/PLAYBACK LEVEL)
T-3500,Cassette Tape,REB-093,REB-093,COUNTER BELT B
T-3500,Cassette Tape,REL-004,REL-004,PILOT LAMP
T-3500,Cassette Tape,RPB-007,RPB-007,HEAD
T-3500,Cassette Tape,RPB-008,RPB-008,HEAD (ERASE)
T-3500,Cassette Tape,RRB-010,RRB-010,O/M T-3500
T-3500,Cassette Tape,RSF-002,RSF-002,SWITCH(SENSING/MOTOR)
T-3500,Cassette Tape,RSK-007,RSK-007,SWITCH(MUTING)
T-3500,Cassette Tape,RSX-002,RSX-002,SWITCH(REED)
T-3500,Cassette Tape,RXA-075,RXA-075,REEL BASE ASSY
T-3500,Cassette Tape,RXA-095,RXA-095,IDLE PULLEY
T-3500,Cassette Tape,RXA-151,RXA-151,SUPPLY REEL ASSY
T-3500,Cassette Tape,RXA-154,RXA-154,PINCH ROLLER ASSY
T-3500,Cassette Tape,RXA-174,RXA-174,MOTOR FAN
T-3500,Cassette Tape,RXX-020,RXX-020,BUTTON(PAUSE ASSY)
T-3500,Cassette Tape,RXX-021,RXX-021,BUTTON(STOP ASSY)
T-3500,Cassette Tape,RXX-022,RXX-022,BUTTON(FAST FORWARD ASSY)
T-3500,Cassette Tape,RXX-023,RXX-023,BUTTON(PLAY ASSY)
T-3500,Cassette Tape,RXX-024,RXX-024,BUTTON(REW ASSY)
T-3500,Cassette Tape,RXX-025,RXX-025,BUTTON(RECORD ASSY)
T-3500,Cassette Tape,RXX-026,RXX-026,BUTTON(EJECT ASSY)
T-3500,Cassette Tape,RXX-028,RXX-028,CASSETTE COVER ASSY
T-3500,Cassette Tape,S21-416,S21-416,SWITCH(PAUSE)
T-3500,Cassette Tape,S31-406,S31-406,SWITCH(POWER)
T-3500,Cassette Tape,S41-410,S41-410,SWITCH(REC/PLAY)
T-3500,Cassette Tape,S61-417,S61-417,RELAY
T-6100,Reel To Reel Tape,A12-403,A12-403,KNOB(REC LEVEL/MODE)
T-6100,Reel To Reel Tape,A12-406,A12-406,KNOB(TAPE SPEED SELECTOR)
T-6100,Reel To Reel Tape,A17-402,A17-402,KNOB(POWER)
T-6100,Reel To Reel Tape,A17-854,A17-854,KNOB(FUNCTION LEVER)
T-6100,Reel To Reel Tape,A18-606,A18-606,KNOB(PAUSE)
T-6100,Reel To Reel Tape,A66-852,A66-852,BUTTON(RESET)
T-6100,Reel To Reel Tape,A91-014,A91-014,LEVEL METER
T-6100,Reel To Reel Tape,A92-401,A92-401,COUNTER
T-6100,Reel To Reel Tape,C81-433,C81-433,CONTROL(REC LEVEL)
T-6100,Reel To Reel Tape,E17-511,E17-511,PINCH ROLLER ASSY
T-6100,Reel To Reel Tape,E22-851,E22-851,PILOT LAMP
T-6100,Reel To Reel Tape,E22-854,E22-854,PILOT LAMP
T-6100,Reel To Reel Tape,N28-853,N28-853,COUNTER BELT
T-6100,Reel To Reel Tape,P53-402,P53-402,ERASE HEAD
T-6100,Reel To Reel Tape,P54-851,P54-851,HEAD
T-6100,Reel To Reel Tape,R12-406,R12-406,O/M T-6100
T-6100,Reel To Reel Tape,R42-105,R42-105,S/M T-6600
T-6100,Reel To Reel Tape,RSB-001,RSB-001,SWITCH(SPEED SELECTOR)
T-6100,Reel To Reel Tape,S14-401,S14-401,SWITCH(SPEED SELECTOR)
T-6100,Reel To Reel Tape,S14-402,S14-402,SWITCH(MODE/REC)
T-6100,Reel To Reel Tape,S21-851,S21-851,SWITCH(SHUT-OFF/MOTOR)
T-6100,Reel To Reel Tape,S31-851,S31-851,SWITCH(POWER/SHUT-OFF)
T-6100,Reel To Reel Tape,S42-403,S42-403,SWITCH(CONTACT PT-OFF/REV CANCE
T-6100,Reel To Reel Tape,S48-856,S48-856,SWITCH(MUTING)
T-6600,Reel To Reel Tape,A12-232,A12-232,KNOB(FUNCTION-PWR/TONE...ETC.)
T-6600,Reel To Reel Tape,A12-403,A12-403,KNOB(REC LEVEL/MODE)
T-6600,Reel To Reel Tape,A12-406,A12-406,KNOB(TAPE SPEED SELECTOR)
T-6600,Reel To Reel Tape,A12-412,A12-412,KNOB(PLAYBACK LEVEL)
T-6600,Reel To Reel Tape,A17-854,A17-854,KNOB(FUNCTION LEVER)
T-6600,Reel To Reel Tape,A18-401,A18-401,KNOB(REC LEVER)
T-6600,Reel To Reel Tape,A18-606,A18-606,KNOB(PAUSE)
T-6600,Reel To Reel Tape,A66-404,A66-404,DUST COVER
T-6600,Reel To Reel Tape,A91-402,A91-402,METER
T-6600,Reel To Reel Tape,A92-401,A92-401,COUNTER
T-6600,Reel To Reel Tape,E17-511,E17-511,PINCH ROLLER ASSY
T-6600,Reel To Reel Tape,E22-851,E22-851,PILOT LAMP
T-6600,Reel To Reel Tape,E22-854,E22-854,PILOT LAMP
T-6600,Reel To Reel Tape,N11-852,N11-852,MOTOR
T-6600,Reel To Reel Tape,N28-853,N28-853,COUNTER BELT
T-6600,Reel To Reel Tape,P53-402,P53-402,ERASE HEAD
T-6600,Reel To Reel Tape,R12-407,R12-407,O/M T-6600
T-6600,Reel To Reel Tape,R42-105,R42-105,S/M T-6600
T-6600,Reel To Reel Tape,RAA-003,RAA-003,KNOB(POWER)
T-6600,Reel To Reel Tape,S15-402,S15-402,SWITCH(REC MODE)
T-6600,Reel To Reel Tape,S31-851,S31-851,SWITCH(POWER/SHUT-OFF)
T-6600,Reel To Reel Tape,S32-401,S32-401,SWITCH(PRESET)
T-6600,Reel To Reel Tape,S41-856,S41-856,SWITCH(FF/REW)
T-6600,Reel To Reel Tape,S42-403,S42-403,SWITCH(CONTACT PT-OFF/REV CANCE
T-6600,Reel To Reel Tape,S48-856,S48-856,SWITCH(MUTING)
T-8800,Reel To Reel Tape,A12-412,A12-412,KNOB(PLAYBACK LEVEL)
T-8800,Reel To Reel Tape,A12-416,A12-416,KNOB(MODE/CYCLE)
T-8800,Reel To Reel Tape,A12-417,A12-417,KNOB(MIC/LINE)
T-8800,Reel To Reel Tape,A12-418,A12-418,KNOB(BIAS SELECTOR)
T-8800,Reel To Reel Tape,A17-401,A17-401,KNOB(POWER)
T-8800,Reel To Reel Tape,A66-409,A66-409,BUTTON(RECORD)
T-8800,Reel To Reel Tape,A91-403,A91-403,METER
T-8800,Reel To Reel Tape,C81-436,C81-436,CONTROL(RECORD LEVEL)
T-8800,Reel To Reel Tape,C87-401,C87-401,CONTROL(PLAYBACK LEVEL)
T-8800,Reel To Reel Tape,E17-421,E17-421,REEL BASE ASSY (A)
T-8800,Reel To Reel Tape,E17-428,E17-428,BUTTON(STOP ASSY)
T-8800,Reel To Reel Tape,E17-430,E17-430,BUTTON(REVERSE PLAY ASSY)
T-8800,Reel To Reel Tape,E17-431,E17-431,BUTTON(FORWARD PLAY ASSY)
T-8800,Reel To Reel Tape,E17-432,E17-432,BUTTON(FAST FORWARD)
T-8800,Reel To Reel Tape,E17-449,E17-449,SWITCH(PAUSE ASSY)
T-8800,Reel To Reel Tape,E22-851,E22-851,PILOT LAMP
T-8800,Reel To Reel Tape,N11-409,N11-409,TAKE UP MOTOR
T-8800,Reel To Reel Tape,N11-410,N11-410,DRIVE MOTOR
T-8800,Reel To Reel Tape,N27-409,N27-409,PINCH ROLLER
T-8800,Reel To Reel Tape,N28-416,N28-416,TAKE UP BELT
T-8800,Reel To Reel Tape,N28-417,N28-417,BELT
T-8800,Reel To Reel Tape,N28-418,N28-418,COUNTER BELT
T-8800,Reel To Reel Tape,P52-404,P52-404,P.B.HEAD
T-8800,Reel To Reel Tape,P54-403,P54-403,COMB HEAD
T-8800,Reel To Reel Tape,R12-408,R12-408,O/M T-8800
T-8800,Reel To Reel Tape,R42-147,R42-147,S/M T-8800/F
T-8800,Reel To Reel Tape,S14-403,S14-403,SWITCH(CYCLE)
T-8800,Reel To Reel Tape,S14-404,S14-404,SWITCH(SENSING/BIAS SELECTOR)
T-8800,Reel To Reel Tape,S16-401,S16-401,SWITCH(MODE)
T-8800,Reel To Reel Tape,S21-411,S21-411,SWITCH(MOTOR/TENSION)
T-8800,Reel To Reel Tape,S41-407,S41-407,SWITCH(LINE OUT)
T-8800,Reel To Reel Tape,S41-409,S41-409,SWITCH(RECORD/PLAY)
T-8800,Reel To Reel Tape,S42-405,S42-405,SWITCH(MONITOR)
T-8800,Reel To Reel Tape,S42-406,S42-406,SWITCH(INPUT SELECTOR)
T-8800,Reel To Reel Tape,S42-407,S42-407,SWITCH(POWER)
T-8800,Reel To Reel Tape,S43-401,S43-401,SWITCH(FREQ SELECTOR)
T-8800,Reel To Reel Tape,S48-401,S48-401,SWITCH(MUTING)
T-8800,Reel To Reel Tape,S61-414,S61-414,RELAY SWITCH
T-8800,Reel To Reel Tape,S61-416,S61-416,RELAY SWITCH
TX-05,Tuner,AEL-383,AEL-383,LED(POWER)SAV1200BK
TX-05,Tuner,AEL-388,AEL-388,LED(STEREO/POWER)
TX-05,Tuner,ASG-538,ASG-538,SWITCH(POWER/FM MUTING)
TX-05,Tuner,ASG-703,ASG-703,SW(FUNCT/POWER/MUTE)
TX-05,Tuner,ASG-711,ASG-711,SW(FUNCT)POWER
TX-05,Tuner,BG5724S,BG5724S,LED CT730
TX-05,Tuner,PA4006-A,PA4006,IC
TX-05,Tuner,PR5724S,PR5724S,LED CT730
TX-1000,Tuner,A12-235,A12-235,KNOB(TUNING/AM/FM AUTO)
TX-1000,Tuner,A12-237,A12-237,KNOB(AM/FM/OUTPUT LEVEL)
TX-1000,Tuner,A12-238,A12-238,KNOB(POWER/SELECTOR)
TX-1000,Tuner,A91-016,A91-016,METER
TX-1000,Tuner,A91-017,A91-017,METER
TX-1000,Tuner,AAF-004,AAF-004,DIAL POINTER
TX-1000,Tuner,AEC-012,AEC-012,FOOT
TX-1000,Tuner,AEL-002,AEL-002,PILOT LAMP AEL-019
TX-1000,Tuner,AEL-015,AEL-015,LAMP(DIAL/POWER)
TX-1000,Tuner,ANB-058,ANB-058,FRONT PANEL
TX-1000,Tuner,ARB-009,ARB-009,O/M TX-1000
TX-1000,Tuner,ASA-008,ASA-008,SWITCH(POWER)
TX-1000,Tuner,ATB-002,ATB-002,COIL FOR MW
TX-1000,Tuner,C81-017,C81-017,CONTROL(AM OUTPUT LEVEL)
TX-1000,Tuner,C82-051,C82-051,CONTROL(FM OUTPUT LEVEL)
TX-1000,Tuner,C85-058,C85-058,CONTROL(MUTING LEVEL)
TX-1000,Tuner,M52-139,M52-139,BONNET
TX-1000,Tuner,R42-191,R42-191,S/M TX-1000
TX-1000,Tuner,S13-044,S13-044,SWITCH(FUNCTION-FM/AM/MONO/AUTO
TX-1000,Tuner,T52-209,T52-209,PWR XFMR TX-1000/K
TX-101Z,Tuner,AEL-434,AEL-434,LED TX101ZZUC
TX-101Z,Tuner,AEL-435,AEL-435,LED TX101ZZUC
TX-101Z,Tuner,ARP-476,ARP-476,S/M TX-100ZL/ZE
TX-1060/BK,Tuner,ASG-413,ASG-413,SWITCH(POWER/ON/STANDBY/SPKR)
TX-1060/BK,Tuner,ASG-711,ASG-711,SW(FUNCT)POWER
TX-1070R,Tuner,ASG-413,ASG-413,SWITCH(POWER/ON/STANDBY/SPKR)
TX-1070R,Tuner,ASG-703,ASG-703,SW(FUNCT/POWER/MUTE)
TX-1070R,Tuner,ASG-711,ASG-711,SW(FUNCT)POWER
TX-1090Z,Tuner,AEL1009,AEL1009,"LED(BAND,TUNING)TX1090Z"
TX-1090Z,Tuner,AEL1015,AEL1015,LED (MEMORY)TX1090Z
TX-1090Z,Tuner,ASG-711,ASG-711,SW(FUNCT)POWER
TX-1090Z,Tuner,ASG-712,ASG-712,SWITCH(STATION CALL/UP/DOWN)
TX-111Z,Tuner,SUJ8L2BBB4LF,SUJ8L2BBB4LF,SWITCH(FUNCTION-MW/LW/FM)
TX-130,Tuner,ASG-312,ASG-312,SWITCH(FUNCTION-AM/FM)
TX-130L,Tuner,AAA-079,AAA-079,Knob (TUNING)
TX-130L,Tuner,AAD-417,AAD-417,Knob A (POWER)
TX-130L,Tuner,AAD-480,AAD-480,Knob B (FM MUTING)
TX-130L,Tuner,AAF-117,AAF-117,Dial pointer assembly
TX-130L,Tuner,AAG-237,AAG-237,Dial scale
TX-130L,Tuner,ABA-252,ABA-252,Screw
TX-130L,Tuner,ADE-015,ADE-015,Cord
TX-130L,Tuner,ADG-062,ADG-062,AC power cord (HE type)
TX-130L,Tuner,ADG-063,ADG-063,AC power cord (HB type)
TX-130L,Tuner,ADH-004,ADH-004,T-type FM antenna
TX-130L,Tuner,AEC-784,AEC-784,Foot assembly
TX-130L,Tuner,AEK-406,AEK-406,Fuse (T630mA)
TX-130L,Tuner,AEL-165,AEL-165,Lamp assembly
TX-130L,Tuner,AHA-296,AHA-296,Front pad
TX-130L,Tuner,AHA-297,AHA-297,Rear pad
TX-130L,Tuner,AHE-042,AHE-042,Packing case
TX-130L,Tuner,AKA-018,AKA-018,Terminal 4P (ANTENNA)
TX-130L,Tuner,AKB-077,AKB-077,Terminal 2P (OUTPUT)
TX-130L,Tuner,ANE-357,ANE-357,Top cover
TX-130L,Tuner,ANM-208,ANM-208,Front panel
TX-130L,Tuner,ANR-522,ANR-522,Panel stay assembIy
TX-130L,Tuner,ARB-486,ARB-486,Operating instructions (HB - English)
TX-130L,Tuner,ARE-033,ARE-033,Operating instructions (HE - English/German/French/Italian)
TX-130L,Tuner,ARP-099-0,ARP-099,Service manual  TX-130L
TX-130L,Tuner,ASG-313,ASG-313,Push switch (FM MUTING)
TX-130L,Tuner,ASG-516,ASG-516,Push switch (POWER)
TX-130L,Tuner,ASX-153,ASX-153,Remote slide switch
TX-130L,Tuner,ASX-190,ASX-190,Remote push switch (FUNCTION)
TX-130L,Tuner,ATB-076,ATB-076,Antenna assembly
TX-130L,Tuner,ATT-881,ATT-881,Power transformer
TX-130L,Tuner,AXA-350,AXA-350,Tuning shaft assembly
TX-130L,Tuner,GWE-186,GWE-186,Tuner assembly
TX-201Z,Tuner,ASG-413,ASG-413,SWITCH(POWER/ON/STANDBY/SPKR)
TX-201Z,Tuner,ASG-711,ASG-711,SW(FUNCT)POWER
TX-201Z,Tuner,ATS-095,ATS-095,PWR XFMR TX950
TX-220Z,Tuner,ASG-711,ASG-711,SW(FUNCT)POWER
TX-221Z,Tuner,ASG-711,ASG-711,SW(FUNCT)POWER
TX-3000,Tuner,AAD-146,AAD-146,BUTTON(AM/FM/MUTING/MONO)
TX-3000,Tuner,AAD-147,AAD-147,BUTTON(POWER)
TX-3000,Tuner,ASG-206,ASG-206,SWITCH(AM/FM/MUTING/MONO)
TX-3000,Tuner,ASG-504,ASG-504,SWITCH(POWER)
TX-408,Tuner,ASG-160,ASG-160,SWITCH(FUNCTION-AM/FM/MUTING)
TX-408,Tuner,ASG-513,ASG-513,SWITCH(POWER)
TX-410,Tuner,AAW-122,AAW-122,TUNING METER
TX-410,Tuner,AEC-609,AEC-609,FOOT ASSY
TX-410,Tuner,ANB-843,ANB-843,SUB PANEL
TX-410,Tuner,ANE-291,ANE-291,BONNET CASE
TX-410,Tuner,ARB-349,ARB-349,O/M TX-410
TX-410,Tuner,ART-482,ART-482,S/M(TX410)
TX-410,Tuner,ASG-160,ASG-160,SWITCH(FUNCTION-AM/FM/MUTING)
TX-410,Tuner,ASG-513,ASG-513,SWITCH(POWER)
TX-500,Tuner,A12-144,A12-144,KNOB(PWR/FUNCT/BAL/SELECT/SPKR)
TX-500,Tuner,A12-146,A12-146,KNOB(TUNING)
TX-500,Tuner,AEL-015,AEL-015,LAMP(DIAL/POWER)
TX-500,Tuner,M42-018,M42-018,DIAL DRUM
TX-500,Tuner,R12-026,R12-026,O/M(TA500)
TX-500,Tuner,S11-014,S11-014,SWITCH(MPX FILTER/NOISE SLO)
TX-500,Tuner,S11-016,S11-016,SWITCH(POWER)
TX-500,Tuner,S13-027,S13-027,SWITCH(FUNCTION/SELECTOR)
TX-500,Tuner,T42-022,T42-022,BAR ANTENNA
TX-500,Tuner,T52-152,T52-152,PWR XFMR TX-500/F
TX-500A,Tuner,A12-229,A12-229,KNOB(PWR/SEL/VOL/MODE)
TX-500A,Tuner,A19-095,A19-095,BUTTON(FUNCTION-MODE/TAPE...ETC
TX-500A,Tuner,AAA-003,AAA-003,KNOB(TUNING)
TX-500A,Tuner,ANE-004,ANE-004,BONNET
TX-500A,Tuner,ARB-036,ARB-036,O/M TX-500A
TX-500A,Tuner,ASA-008,ASA-008,SWITCH(POWER)
TX-500A,Tuner,ASK-009,ASK-009,SWITCH(MUTING/TAPE 1-2)
TX-500A,Tuner,ATB-009,ATB-009,BAR ANTENNA
TX-500A,Tuner,ATT-034,ATT-034,PWR XFMR
TX-500A,Tuner,R42-222,R42-222,S/M(TX500A)
TX-500A,Tuner,S13-027,S13-027,SWITCH(FUNCTION/SELECTOR)
TX-500A,Tuner,W72-002,W72-002,ANTENNA ASSY
TX-520,Tuner,AEL-334,AEL-334,LED(STEREO INDICATOR)
TX-520,Tuner,ANE-291,ANE-291,BONNET CASE
TX-520,Tuner,ART-653,ART-653,S/M(TX520)
TX-520,Tuner,ASG-261,ASG-261,SWITCH(FUNCTION-FM/MUTING)
TX-520,Tuner,ASG-516,ASG-516,SWITCH(POWER)
TX-520,Tuner,ATB-623,ATB-623,BAR ANTENNA
TX-530,Tuner,ACK-027,ACK-027,VARIABLE CAPACITOR
TX-530,Tuner,ANM-207,ANM-207,FRONT PANEL TX530
TX-530,Tuner,ASG-178,ASG-178,SWITCH(FUNCT-FM/MW/LW/AM/FM/AUT
TX-530,Tuner,ASG-313,ASG-313,SWITCH(FM MUTING/MODE)
TX-5300,Tuner,AAA-027-A,AAA-027,Knob (TUNING)
TX-5300,Tuner,AAD-085-0,AAD-085,"Knob (FUNCTION, POWER)"
TX-5300,Tuner,AAF-032-0,AAF-032,Dial pointer
TX-5300,Tuner,AAG-090-0,AAG-090,Dial scale
TX-5300,Tuner,AAW-035-A,AAW-035,AM/FM mater
TX-5300,Tuner,ABA-021-A,ABA-021,"Screw, front panel"
TX-5300,Tuner,ABA-079-A,ABA-079,"Screw, bonnet, M4x8"
TX-5300,Tuner,ADG-004-0,ADG-004,AC power cord
TX-5300,Tuner,AEB-065-0,AEB-065,Rubber tube
TX-5300,Tuner,AEB-066-A,AEB-066,Dial scale plate holder
TX-5300,Tuner,AEC-005-0,AEC-005,Wire clip (Bl
TX-5300,Tuner,AEC-017-0,AEC-017,Pulley (small)
TX-5300,Tuner,AEC-079-0,AEC-079,Cord grommet
TX-5300,Tuner,AEC-083-A,AEC-083,Foot
TX-5300,Tuner,AEC-101-0,AEC-101,Pulley (large)
TX-5300,Tuner,AEC-154-B,AEC-154,Amena clamper
TX-5300,Tuner,AEC-163-B,AEC-163,Panel stay
TX-5300,Tuner,AEC-166-0,AEC-166,Spacer attached 9
TX-5300,Tuner,AEC-168-0,AEC-168,Spacer attached 9
TX-5300,Tuner,AEC-170-B,AEC-170,Insulator (L)
TX-5300,Tuner,AEC-173-B,AEC-173,Insulator (R)
TX-5300,Tuner,AEC-199-0,AEC-199,Lock plate
TX-5300,Tuner,AEK-016-0,AEK-016,Fuse 0.5A
TX-5300,Tuner,AEK-016-0,AEK-016,Fuse 0.5A (primary)
TX-5300,Tuner,AEK-016-0,AEK-016,Fuse 0.5A (secondary)
TX-5300,Tuner,AEK-106-0,AEK-106,Fuse 1A (lamps)
TX-5300,Tuner,AEL-015,AEL-015,LAMP(DIAL/POWER)
TX-5300,Tuner,AEL-017-A,AEL-017,"Lamp 6V, 30mA (PL1, stereo ind.)"
TX-5300,Tuner,AEL-026-0,AEL-026,Lamp 8V 50mA (AM/FM meter) with leads
TX-5300,Tuner,AEL-026-0,AEL-026,"Lamp 8V, 50mA (PL2, meter) with leads"
TX-5300,Tuner,AHD-246-0,AHD-246,Packing case
TX-5300,Tuner,AKB-013-0,AKB-013,Phone jack (2-jacks)
TX-5300,Tuner,AKC-030-0,AKC-030,Terminal strip 2P
TX-5300,Tuner,AKK-002-0,AKK-002,Lamp holder
TX-5300,Tuner,AKR-027-0,AKR-027,Fuse holder (line voltage selector)
TX-5300,Tuner,ALA-017-0,ALA-017,Pulley shaft
TX-5300,Tuner,ANB-317-0,ANB-317,"Front panel Including 35, 36"
TX-5300,Tuner,ANC-156-0,ANC-156,Rear panel
TX-5300,Tuner,AND-078-0,AND-078,Dial pointer guide plate
TX-5300,Tuner,ANE-061-0,ANE-061,Bottom plate
TX-5300,Tuner,ANE-082-0,ANE-082,Bonnet
TX-5300,Tuner,ANF-270-C,ANF-270,Side frame
TX-5300,Tuner,ANF-271-A,ANF-271,From frame
TX-5300,Tuner,ANF-272-A,ANF-272,Center frame
TX-5300,Tuner,ANF-273-0,ANF-273,Rubber clamper
TX-5300,Tuner,ANG-109-0,ANG-109,Pulley-held metal
TX-5300,Tuner,ANG-110-0,ANG-110,Pulley-held metal
TX-5300,Tuner,ARB-130,ARB-130,O/M TX-5300
TX-5300,Tuner,ARD-073-A,ARD-073,Operating instructions TX-5300 (German/French)
TX-5300,Tuner,ARE-130-0,ARE-130,Operating instructions TX-5300 (English)
TX-5300,Tuner,ART-105,ART-105,Service manual TX-5300
TX-5300,Tuner,ASH-013-0,ASH-013,Slide switch (DE-EMPHASI5)
TX-5300,Tuner,ASK-024-0,ASK-024,"Lever switch (S1, POWER)"
TX-5300,Tuner,ASK-082,ASK-082,Lever switch (FUNCTION)
TX-5300,Tuner,ATB-038-0,ATB-038,Ferrite bar antenna (T2)
TX-5300,Tuner,ATB-038-0,ATB-038,"T2, Ferrite bar antenna"
TX-5300,Tuner,ATT-218-0,ATT-218,Power transformer (T1)
TX-5300,Tuner,AWE-048-0,AWE-048,Tuner assembly
TX-5300,Tuner,AWR-079-0,AWR-079,Power supply circuit assembly
TX-5300,Tuner,AXA-061-C,AXA-061,Tuning drum assembly
TX-5300,Tuner,AXA-066-0,AXA-066,Tuning shaft assembly
TX-5300,Tuner,AXB-001-0,AXB-001,Antenna holder assembly
TX-5300,Tuner,B21-011-0,B21-011,Claw washer
TX-5300,Tuner,B22-012 -0,B22-012 ,Flat washer
TX-5300,Tuner,B71-004-0,B71-004,Nut (9ɸ)
TX-5300,Tuner,E22-032-0,E22-032,"Lamp 8V, 300mA, dial scale (PL3-4) bar type"
TX-5300,Tuner,K13-048-0,K13-048,Ground terminal srrip (2?)
TX-5300,Tuner,K31-013-F,K31-013,Antenna terminal board
TX-5300,Tuner,M45-086-0,M45-086,Washer (t=1 mm)
TX-5300,Tuner,M49-025-E,M49-025,Pulley shaft
TX-530L,Tuner,AAA-079,AAA-079,Knob (TUNING)
TX-530L,Tuner,AAD-417,AAD-417,Push knob A (POWER)
TX-530L,Tuner,AAD-480,AAD-480,Push knob B (FM MUTING)
TX-530L,Tuner,ADE-015,ADE-015,Cord
TX-530L,Tuner,ADG-062,ADG-062,AC power cord
TX-530L,Tuner,ADH-004,ADH-004,T-type FM antenna
TX-530L,Tuner,AEK-402,AEK-402,Fuse
TX-530L,Tuner,AEL-075,AEL-075,Lamp with wires
TX-530L,Tuner,AEL-165,AEL-165,Lamp assembly
TX-530L,Tuner,AHA-296,AHA-296,Front pad
TX-530L,Tuner,AHA-297,AHA-297,Rear pad
TX-530L,Tuner,AHE-013,AHE-013,Packing case
TX-530L,Tuner,AKA-018,AKA-018,Terminal 4-P (ANTENNA)
TX-530L,Tuner,AKB-077,AKB-077,Pin jack
TX-530L,Tuner,ANE-357,ANE-357,Top cover
TX-530L,Tuner,ANM-128,ANM-128,Front panel
TX-530L,Tuner,ARB-485,ARB-485,Operating instructions (HB)(English)
TX-530L,Tuner,ARE-023,ARE-023,Operating instructions (HE)(English/German/French/Italian)
TX-530L,Tuner,ARP-086-0,ARP-086,Service manual  TX-530L
TX-530L,Tuner,ASG-251,ASG-251,Push switch (FM MUTING)
TX-530L,Tuner,ASG-251,ASG-251,Push switch (FM MUTING)
TX-530L,Tuner,ASG-516,ASG-516,Push switch (POWER)
TX-530L,Tuner,ASX-153,ASX-153,Switch
TX-530L,Tuner,ASX-182,ASX-182,Switch (FUNCTlON)
TX-530L,Tuner,ATB-076,ATB-076,ANT assembly
TX-530L,Tuner,ATT-881,ATT-881,Power transformer
TX-530L,Tuner,AXA-350,AXA-350,Tuning shaft assembly
TX-530L,Tuner,GWE-181,GWE-181,Tuner assembly
TX-540,Tuner,AEL-382,AEL-382,"LED MEMO/AUTO TUNE/STEREO/PWR """
TX-540,Tuner,AEL-383,AEL-383,LED(POWER)SAV1200BK
TX-540,Tuner,ARP-353,ARP-353,"S/M TX-940,540"
TX-540,Tuner,ASG-413,ASG-413,SWITCH(POWER/ON/STANDBY/SPKR)
TX-540,Tuner,ASG-415,ASG-415,SWITCH(FUNCTION-AM/FM/MUTING)
TX-550,Tuner,AEL-382,AEL-382,"LED MEMO/AUTO TUNE/STEREO/PWR """
TX-550,Tuner,AEL-383,AEL-383,LED(POWER)SAV1200BK
TX-550,Tuner,ASG-413,ASG-413,SWITCH(POWER/ON/STANDBY/SPKR)
TX-550,Tuner,ASG-415,ASG-415,SWITCH(FUNCTION-AM/FM/MUTING)
TX-5500II,Tuner,ADE-005,ADE-005,CORD
TX-5500II,Tuner,ANB-482,ANB-482,FRONT PANEL
TX-5500II,Tuner,ANE-132,ANE-132,BONNET
TX-5500II,Tuner,ARB-209,ARB-209,O/M TX-5500/2
TX-5500II,Tuner,ART-211,ART-211,S/M(TX5500-11)
TX-5500II,Tuner,ASK-082,ASK-082,SWITCH
TX-5500II,Tuner,ASK-108,ASK-108,SWITCH(POWER)
TX-5500II,Tuner,ATB-602,ATB-602,BAR ANTENNA
TX-5500II,Tuner,ATT-350,ATT-350,PWR XFMR TX-5500/2
TX-555Z,Tuner,ACH-389,ACH-389,CAPACITOR(3300/10V)TX555Z
TX-555Z,Tuner,AEL-382,AEL-382,"LED MEMO/AUTO TUNE/STEREO/PWR """
TX-555Z,Tuner,AEL-424,AEL-424,LED SX40
TX-555Z,Tuner,ASG-711,ASG-711,SW(FUNCT)POWER
TX-560/BK,Tuner,AEL-382,AEL-382,"LED MEMO/AUTO TUNE/STEREO/PWR """
TX-560/BK,Tuner,AEL-424,AEL-424,LED SX40
TX-560/BK,Tuner,ARP-822,ARP-822,S/M TX-560L(BK)
TX-560/BK,Tuner,ASG-413,ASG-413,SWITCH(POWER/ON/STANDBY/SPKR)
TX-600,Tuner,A12-232,A12-232,KNOB(FUNCTION-PWR/TONE...ETC.)
TX-600,Tuner,A12-235,A12-235,KNOB(TUNING/AM/FM AUTO)
TX-600,Tuner,A19-095,A19-095,BUTTON(FUNCTION-MODE/TAPE...ETC
TX-600,Tuner,ANB-068,ANB-068,FRONT PANEL
TX-600,Tuner,ARB-021,ARB-021,O/M TX-600
TX-600,Tuner,ASA-008,ASA-008,SWITCH(POWER)
TX-600,Tuner,ASK-006,ASK-006,SWITCH(FM MUTING)
TX-600,Tuner,ATT-021,ATT-021,PWR XFMR TX-600/K
TX-600,Tuner,M52-139,M52-139,BONNET
TX-600,Tuner,R42-158,R42-158,S/M(TX600)
TX-600,Tuner,S13-026,S13-026,SWITCH(FUNCTION-AM/FM/AUTO)
TX-600,Tuner,T42-022,T42-022,BAR ANTENNA
TX-606,Tuner,ADG-005,ADG-005,CORD
TX-606,Tuner,AEL-099,AEL-099,PILOT LAMP(DIAL POINTER)
TX-606,Tuner,AKA-003,AKA-003,TERMINAL
TX-606,Tuner,ANB-577,ANB-577,FRONT PANEL
TX-606,Tuner,ARB-254,ARB-254,O/M TX-6700
TX-606,Tuner,ART-281,ART-281,S/M(TX6700)
TX-606,Tuner,ASK-108,ASK-108,SWITCH(POWER)
TX-606,Tuner,ASK-129,ASK-129,SWITCH
TX-606,Tuner,ATT-480,ATT-480,PWR XFMR TX-6700
TX-610,Tuner,AEC-609,AEC-609,FOOT ASSY
TX-610,Tuner,ANE-291,ANE-291,BONNET CASE
TX-610,Tuner,ART-481,ART-481,S/M(TX610)
TX-610,Tuner,ASK-172,ASK-172,SWITCH(FUNCTION-TAPE 2....ETC.)
TX-610,Tuner,ASK-173,ASK-173,SWITCH(RECORD LEVEL)
TX-610,Tuner,ASK-178,ASK-178,SWITCH(AM/FM)
TX-610,Tuner,ASK-179,ASK-179,SWITCH(POWER)
TX-610,Tuner,ATB-623,ATB-623,BAR ANTENNA
TX-610,Tuner,GWX-456,GWX-456,LED ASSY
TX-6200,Tuner,AAA-018-A,AAA-018,Knob (TUNING)
TX-6200,Tuner,AAB-051,AAB-051,KNOB(FUNCTION-AM/FM/BASS/TREBLE
TX-6200,Tuner,AAD-045-0,AAD-045,Knob (POWER)
TX-6200,Tuner,AAD-046,AAD-046,BUTTON(FUNCTION-SPKR/MODE...ETC)
TX-6200,Tuner,AAF-028-0,AAF-028,Dial pointer
TX-6200,Tuner,AAG-047-0,AAG-047,Dial scale
TX-6200,Tuner,AAL-141-0,AAL-141,Model name plate KU model
TX-6200,Tuner,AAL-142-0,AAL-142,Model name plate F and FVZ model
TX-6200,Tuner,AAW-018-0,AAW-018,AM/FM meter
TX-6200,Tuner,ACV-011-0,ACV-011,AM LEVEL 10k-A2
TX-6200,Tuner,ACV-119-0,ACV-119,FM LEVEL 10k-A2
TX-6200,Tuner,ADE-005,ADE-005,CORD
TX-6200,Tuner,ADE-005-0,ADE-005,Connection cord
TX-6200,Tuner,ADG-003-0,ADG-003,AC power cord KU model
TX-6200,Tuner,ADG-004-0,ADG-004,AC power cord F and FVZ model
TX-6200,Tuner,AEB-031-0,AEB-031,Cushion
TX-6200,Tuner,AEC-006-0,AEC-006,Pulley
TX-6200,Tuner,AEC-006-0,AEC-006,Pulley
TX-6200,Tuner,AEC-017-0,AEC-017,Pulley
TX-6200,Tuner,AEC-017-0,AEC-017,Pulley
TX-6200,Tuner,AEC-037-0,AEC-037,Wire clip S
TX-6200,Tuner,AEC-037-0,AEC-037,Wire clip S
TX-6200,Tuner,AEC-037-0,AEC-037,Wire clip S
TX-6200,Tuner,AEC-037-0,AEC-037,Wire clip S
TX-6200,Tuner,AEC-037-0,AEC-037,Wire clip S
TX-6200,Tuner,AEC-037-0,AEC-037,Wire clip S
TX-6200,Tuner,AEC-061-A,AEC-061,Foot
TX-6200,Tuner,AEC-061-A,AEC-061,Foot
TX-6200,Tuner,AEC-061-A,AEC-061,Foot
TX-6200,Tuner,AEC-079-0,AEC-079,AC cord stopper
TX-6200,Tuner,AEC-084-0,AEC-084,Wire support arm
TX-6200,Tuner,AEC-095-A,AEC-095,Spacer (A)
TX-6200,Tuner,AEC-096-0,AEC-096,Spacer (B)
TX-6200,Tuner,AEE-007-A,AEE-007,Shading plate
TX-6200,Tuner,AEK-016-0,AEK-016,Fuse (Primary) F and FVZ model 0.5A
TX-6200,Tuner,AEL-004-0,AEL-004,Pilot lamp (for dial scale)
TX-6200,Tuner,AEL-006-0,AEL-006,Pilot lamp
TX-6200,Tuner,AHD-154-0,AHD-154,Packing case (KU)
TX-6200,Tuner,AHD-165-0,AHD-165,Packing case (F)
TX-6200,Tuner,AKB-014-0,AKB-014,Four-fold phono jack A (RCA type)
TX-6200,Tuner,AKB-014-0,AKB-014,Four-fold phono jack A (RCA type)
TX-6200,Tuner,AKD-166-0,AKD-166,Packing case (FVZ)
TX-6200,Tuner,AKP-002-0,AKP-002,Spare AC outlet
TX-6200,Tuner,AKP-002-0,AKP-002,Spare AC outlet
TX-6200,Tuner,AKR-001-0,AKR-001,"Fuse holder (F,FVZ)"
TX-6200,Tuner,AKR-001-0,AKR-001,Line voltage selector (Fuse holder) F and FVZ model
TX-6200,Tuner,AKR-005-0,AKR-005,Fuse holder KU model
TX-6200,Tuner,AMS-003-A,AMS-003,Side board (L)
TX-6200,Tuner,AMS-004-A,AMS-004,Side board (R)
TX-6200,Tuner,ANB-192-0,ANB-192,Front panel assembly
TX-6200,Tuner,ANE-023-0,ANE-023,Top cover
TX-6200,Tuner,ANG-019-0,ANG-019,Wire supporter
TX-6200,Tuner,ANG-081-0,ANG-081,Dial scale holder (Bottom)
TX-6200,Tuner,ANG-082-0,ANG-082,Dial scale holder (L)
TX-6200,Tuner,ANG-082-0,ANG-082,Dial scale holder (R)
TX-6200,Tuner,ANG-083-0,ANG-083,Pulley supporter
TX-6200,Tuner,ANH-144-A,ANH-144,Lamp box
TX-6200,Tuner,ARB-077,ARB-077,Operation instruction TX-6200
TX-6200,Tuner,ASC-047-A,ASC-047,Rotary switch (FUNCTION-AM/FM)
TX-6200,Tuner,ASG-023-0,ASG-023,Push switch (POWER) KU model
TX-6200,Tuner,ASG-040-0,ASG-040,Push switch (FM MUTING)
TX-6200,Tuner,ASG-042-A,ASG-042,Push switch (POWER) F and FVZ model
TX-6200,Tuner,ASG-047,ASG-047,SWITCH(MONO/AUTO/NOISE FILTER)
TX-6200,Tuner,ASG-536,ASG-536,SWITCH(POWER)
TX-6200,Tuner,ATB-015-A,ATB-015,AM ferrite loopstick antenna
TX-6200,Tuner,ATT-120-0,ATT-120,Power transformer KU model
TX-6200,Tuner,ATT-121-0,ATT-121,Power transformer F and FVZ model
TX-6200,Tuner,AWE-025-0,AWE-025,Tuner assembly
TX-6200,Tuner,AWK-023-C,AWK-023,AF amplifier assembly
TX-6200,Tuner,AWX-046-A,AWX-046,Lamp board assembly
TX-6200,Tuner,AXA-015-A,AXA-015,Dial pulley assembly
TX-6200,Tuner,AXA-025-0,AXA-025,Dial shaft assembly
TX-6200,Tuner,AXA-025-0,AXA-025,Tuning shaft assembly
TX-6200,Tuner,AXB-001-0,AXB-001,AM antenna holder assembly
TX-6200,Tuner,D52-013-0,D52-013,FM T-type antenna
TX-6200,Tuner,E21-033-A,E21-033,Fuse (Primary) KU model 1A (UL)
TX-6200,Tuner,E32-079-0,E32-079,AC cord stopper
TX-6200,Tuner,K11-043-0,K11-043,Antenna input terminal board
TX-6200,Tuner,K11-043-D,K11-043,Antenna input terminal board
TX-6200,Tuner,K13-047-0,K13-047,4P ground terminal
TX-6200,Tuner,K13-047-0,K13-047,4P ground terminal
TX-6200,Tuner,M49-025-E,M49-025,Pulley shaft
TX-6200,Tuner,M49-127-A,M49-127,Setting plate
TX-6200,Tuner,R42-335-0,R42-335,"Service manual TX-6200 (F,KU,FVZ)"
TX-6200,Tuner,S41-022-A,S41-022,Slide switch (De-emphasis) F model only
TX-6200,Tuner,T22-025-A,T22-025,Balun
TX-6200,Tuner,T24-028-A,T24-028,RF choke coil
TX-6500,Tuner,AAD-115,AAD-115,BUTTON
TX-6500,Tuner,AAF-046,AAF-046,DIAL POINTER ASSY
TX-6500,Tuner,AEL-070,AEL-070,PILOT LAMP
TX-6500,Tuner,ANB-387,ANB-387,FRONT PANEL
TX-6500,Tuner,ANE-108,ANE-108,BONNET
TX-6500,Tuner,ARB-160,ARB-160,O/M TX-6500/2
TX-6500,Tuner,ART-152,ART-152,S/M(TX6500)
TX-6500,Tuner,ASK-065,ASK-065,SWITCH(POWER)
TX-6500,Tuner,ASK-104,ASK-104,SWITCH(FUNCT-AM/FM/MONO/MUTE/AU
TX-6500,Tuner,ATT-286,ATT-286,PWR XFMR TX-6500
TX-6500II,Tuner,AAA-035,AAA-035,Knob (TUNING)
TX-6500II,Tuner,AAD-115,AAD-115,BUTTON
TX-6500II,Tuner,AAD-115,AAD-115,Knob (FUNCTION)
TX-6500II,Tuner,AAD-115,AAD-115,Knob (POWER)
TX-6500II,Tuner,AAF-046,AAF-046,Dial pointer
TX-6500II,Tuner,AAG-107,AAG-107,Dial panel assembly
TX-6500II,Tuner,AAW-053,AAW-053,AM-FM meter
TX-6500II,Tuner,ACG-001,ACG-001,Ceramic 0.01 250V (S)
TX-6500II,Tuner,ACG-001,ACG-001,Ceramic 0.01 250V (S)
TX-6500II,Tuner,ADE-005,ADE-005,Connection cord
TX-6500II,Tuner,ADG-005,ADG-005,"AC power cord (KU,KC)"
TX-6500II,Tuner,ADG-016,ADG-016,AC power cord (S)
TX-6500II,Tuner,ADH-002,ADH-002,FM T-type antenna
TX-6500II,Tuner,AEC-262,AEC-262,Antenna clamper
TX-6500II,Tuner,AEK-104,AEK-104,"Fuse 1.5A (Secondary - KC,KU)"
TX-6500II,Tuner,AEK-107,AEK-107,Accessory fuse 500mA (S)
TX-6500II,Tuner,AEK-107,AEK-107,"Fuse 500mA (Primary - KC,KU)"
TX-6500II,Tuner,AEK-107,AEK-107,Fuse 500mA (Primary - S)
TX-6500II,Tuner,AEK-107,AEK-107,"Fuse 500mA (Secondary - KC,KU)"
TX-6500II,Tuner,AEK-107,AEK-107,"Fuse 500mA (Secondary - KC,KU)"
TX-6500II,Tuner,AEK-401,AEK-401,Fuse 500mA (Primary - HG)
TX-6500II,Tuner,AEK-401,AEK-401,Fuse 500mA (Secondary - HG)
TX-6500II,Tuner,AEK-401,AEK-401,Fuse 500mA (Secondary - HG)
TX-6500II,Tuner,AEK-405,AEK-405,Fuse 1.6A (Secondary - HG)
TX-6500II,Tuner,AEL-059,AEL-059,"Lamp with wire 6V, 30mA"
TX-6500II,Tuner,AEL-059,AEL-059,"Lamp with wire 8V, 30mA"
TX-6500II,Tuner,AEL-060,AEL-060,"Lamp assembly 8V, 300mA - KU"
TX-6500II,Tuner,AEL-060,AEL-060,"Lamp assembly 8V, 300mA - KU"
TX-6500II,Tuner,AEL-060,AEL-060,"Lamp assembly 8V, 300mA - KU"
TX-6500II,Tuner,AEL-085,AEL-085,"Lamp assembly 8V, 300mA - KC"
TX-6500II,Tuner,AEL-085,AEL-085,"Lamp assembly 8V, 300mA - KC"
TX-6500II,Tuner,AEL-085,AEL-085,"Lamp assembly 8V, 300mA - KC"
TX-6500II,Tuner,AHA-104,AHA-104,Side pad
TX-6500II,Tuner,AHD-442,AHD-442,Packing case (English - KU)
TX-6500II,Tuner,AHD-442,AHD-442,Packing case (English - S)
TX-6500II,Tuner,AHD-443,AHD-443,Packing case (English/French - KC)
TX-6500II,Tuner,AHD-444,AHD-444,Packing case (HG)
TX-6500II,Tuner,AHG-023,AHG-023,"Vinyl pouch (KU,KC)"
TX-6500II,Tuner,AHG-023,AHG-023,Vinyl pouch (S)
TX-6500II,Tuner,AHG-054,AHG-054,Sheet cover
TX-6500II,Tuner,AKA-003,AKA-003,"Antenna terminal (KU,KC)"
TX-6500II,Tuner,AKA-003,AKA-003,Antenna terminal (S)
TX-6500II,Tuner,AKA-007,AKA-007,Antenna terminal (HG)
TX-6500II,Tuner,AKB-034,AKB-034,Terminal (OUTPUT)
TX-6500II,Tuner,AKP-008,AKP-008,AC inlet (HG)
TX-6500II,Tuner,AKR-031,AKR-031,Plug in selector 4-position (Line voltage selector - S)
TX-6500II,Tuner,AKX-037,AKX-037,Plug in selector 2-position (Line voltage selector - HG)
TX-6500II,Tuner,ANB-486,ANB-486,Front panel assembly
TX-6500II,Tuner,ANE-108,ANE-108,BONNET
TX-6500II,Tuner,ANK-018,ANK-018,Hexagonal wrench
TX-6500II,Tuner,ARB-206,ARB-206,"Operating instructions (English -  KU,KC)  TX-6500II"
TX-6500II,Tuner,ARB-214,ARB-214,Operating instructions (English -  HG)  TX-6500II
TX-6500II,Tuner,ARB-225,ARB-225,Operating instructions (English -  S)  TX-6500II
TX-6500II,Tuner,ARD-105,ARD-105,Operating instructions (Germany/French -  HG)  TX-6500II
TX-6500II,Tuner,ART-201-0,ART-201,Service manual  TX-6500II
TX-6500II,Tuner,ASH-016,ASH-016,"Slide switch (DE-EM. - KU,KC)"
TX-6500II,Tuner,ASH-016,ASH-016,Slide switch (DE-EMPHASIS)
TX-6500II,Tuner,ASH-017,ASH-017,Slide switch (DE-EM. - S)
TX-6500II,Tuner,ASK-065,ASK-065,"Lever switch (POWER - KU,KC)"
TX-6500II,Tuner,ASK-095,ASK-095,Lever switch (POWER - S)
TX-6500II,Tuner,ASK-096,ASK-096,Lever switch (POWER - HG)
TX-6500II,Tuner,ASK-104,ASK-104,Lever switch (FUNCTION)
TX-6500II,Tuner,ATB-505,ATB-505,Bar antenna
TX-6500II,Tuner,ATT-286,ATT-286,Power transformer (KC)
TX-6500II,Tuner,ATT-298,ATT-298,Power transformer (KU)
TX-6500II,Tuner,ATT-353,ATT-353,Power transformer (HG)
TX-6500II,Tuner,ATT-354,ATT-354,Power transformer (S)
TX-6500II,Tuner,AWE-062,AWE-062,"Tuner assembly (KU,KC)"
TX-6500II,Tuner,AWE-087,AWE-087,Tuner assembly (HG)
TX-6500II,Tuner,AWE-088,AWE-088,Tuner assembly (S)
TX-6500II,Tuner,AWR-097,AWR-097,Power supply assembly (KU)
TX-6500II,Tuner,AWR-124,AWR-124,Power supply assembly (HG)
TX-6500II,Tuner,AWR-134,AWR-134,Power supply assembly (S)
TX-6500II,Tuner,AWR-137,AWR-137,Power supply assembly (KC)
TX-6500II,Tuner,AWX-114,AWX-114,Switch assembly (S)
TX-6500II,Tuner,AXA-105,AXA-105,Dial shaft assembly
TX-6500II,Tuner,AXA-106,AXA-106,Tuning drum assembly
TX-6500II,Tuner,AXB-011,AXB-011,Antenna hoIder
TX-6500II,Tuner,CKDYF 403Z 50,CKDYF 403Z 50,Ceramic 0.04 50V (HG)
TX-6500II,Tuner,CKDYF 403Z 50,CKDYF 403Z 50,"Ceramic 0.04 50V (KU,KC)"
TX-6500II,Tuner,CKDYF 403Z 50,CKDYF 403Z 50,Ceramic 0.04 50V (S)
TX-6500II,Tuner,E11-024,E11-024,Vinyl bag
TX-6500II,Tuner,E11-033,E11-033,Vinyl pouch (S)
TX-6700,Tuner,AEL-099,AEL-099,PILOT LAMP(DIAL POINTER)
TX-6700,Tuner,AEL-307,AEL-307,"LED(FUNCTIONS,POWER)"
TX-6700,Tuner,AEL-308,AEL-308,"LED(SOURCE/AUX/STEREO ""GREEN"")"
TX-6700,Tuner,AMS-020,AMS-020,SIDE BOARD (L)
TX-6700,Tuner,AMS-021,AMS-021,SIDE BOARD (R)
TX-6700,Tuner,AMS-022,AMS-022,TOP BOARD
TX-6700,Tuner,ANB-577,ANB-577,FRONT PANEL
TX-6700,Tuner,ARB-254,ARB-254,O/M TX-6700
TX-6700,Tuner,ART-281,ART-281,S/M(TX6700)
TX-6700,Tuner,ASK-108,ASK-108,SWITCH(POWER)
TX-6700,Tuner,ASK-129,ASK-129,SWITCH
TX-6700,Tuner,ATT-480,ATT-480,PWR XFMR TX-6700
TX-6700,Tuner,AXB-012,AXB-012,BRACKET F/ANTENNA SX750
TX-6800/608,Tuner,AAA-058,AAA-058,Knob (TUNING)
TX-6800/608,Tuner,AAD-183,AAD-183,"Knob (POWER, FUNCTION, MUTING)"
TX-6800/608,Tuner,AAW-102,AAW-102,Twin meter (SIGNAL/TUNING)
TX-6800/608,Tuner,ABA-025,ABA-025,Fan head screw 3x4
TX-6800/608,Tuner,ABA-034,ABA-034,Pan head screw 3x4
TX-6800/608,Tuner,ABA-048,ABA-048,Screw 3x6
TX-6800/608,Tuner,ABA-048,ABA-048,Screw 3x6
TX-6800/608,Tuner,ABA-049,ABA-049,Screw 3x8
TX-6800/608,Tuner,ABA-082,ABA-082,Screw 3x10
TX-6800/608,Tuner,ABA-115,ABA-115,Special screw
TX-6800/608,Tuner,ABA-180,ABA-180,Screw 4 x 6 (for bonnet case - TX-608/KU)
TX-6800/608,Tuner,ABA-206,ABA-206,Screw 4 x 25 (for side panels - TX-6800/KU)
TX-6800/608,Tuner,ABA-206,ABA-206,Washerfaced screw 4x25
TX-6800/608,Tuner,ABA-228,ABA-228,Screw 3x6
TX-6800/608,Tuner,ABE-035,ABE-035,Washer
TX-6800/608,Tuner,ADE-005,ADE-005,Connection cord
TX-6800/608,Tuner,ADG-023,ADG-023,AC power curd
TX-6800/608,Tuner,ADH-002,ADH-002,T-type FM antenna
TX-6800/608,Tuner,AEC-327,AEC-327,Strain relief
TX-6800/608,Tuner,AEC-352,AEC-352,Nylon rivet
TX-6800/608,Tuner,AEC-546,AEC-546,Foot assembly
TX-6800/608,Tuner,AEC-554,AEC-554,P.C. board holder
TX-6800/608,Tuner,AEK-106,AEK-106,Fuse (1 A)
TX-6800/608,Tuner,AEL-029,AEL-029,Lamp (wedge type)
TX-6800/608,Tuner,AEL-315,AEL-315,LED (STEREO)
TX-6800/608,Tuner,AEL-319,AEL-319,"LED (AM, FM)"
TX-6800/608,Tuner,AHA-188,AHA-188,Side pad (TX-6800/KU)
TX-6800/608,Tuner,AHA-189,AHA-189,Side pad (TX-608/KU)
TX-6800/608,Tuner,AHD-694,AHD-694,Packing case (TX-6800/KU)
TX-6800/608,Tuner,AHD-705,AHD-705,Packing case (TX-608/KU)
TX-6800/608,Tuner,AKA-014,AKA-014,Terminal (ANTENNA)
TX-6800/608,Tuner,AKB-062,AKB-062,Terminal (OUTPUT)
TX-6800/608,Tuner,AKK-005,AKK-005,Lamp socket (wedge type)
TX-6800/608,Tuner,AMS-033,AMS-033,Side panel L (TX-6800/KU)
TX-6800/608,Tuner,AMS-034,AMS-034,Side panel R (TX-6800/KU)
TX-6800/608,Tuner,AMS-035,AMS-035,Top panel (TX-6800/KU)
TX-6800/608,Tuner,ANB-721,ANB-721,Front panel (TX-6800/KU)
TX-6800/608,Tuner,ANB-737,ANB-737,Front panel (TX-608/KU)
TX-6800/608,Tuner,ANE-249,ANE-249,Bonnet case (TX-608/KU)
TX-6800/608,Tuner,ARB-319,ARB-319,Operating instructions (TX-6800/KU)
TX-6800/608,Tuner,ARB-327-A,ARB-327,"Operating instructions  (TX-608  S,S/G,HE,HB)"
TX-6800/608,Tuner,ARB-335,ARB-335,Operating instructions (TX-608/KU)
TX-6800/608,Tuner,ART-375-0,ART-375,Service manual  TX-6800/608
TX-6800/608,Tuner,ASH-015,ASH-015,Slide switch (DE-EMPHASIS)
TX-6800/608,Tuner,ASK-155,ASK-155,Lever switch (FUNCTION - AM/FM)
TX-6800/608,Tuner,ASK-157,ASK-157,Lever switch (FM MUTING)
TX-6800/608,Tuner,ASK-514,ASK-514,Lever switch (POWER)
TX-6800/608,Tuner,ATB-505,ATB-505,Bar antenna
TX-6800/608,Tuner,ATT-612,ATT-612,Power transformer
TX-6800/608,Tuner,AWR-200,AWR-200,Fuse assembly
TX-6800/608,Tuner,AXA-228,AXA-228,Tuning shaft assembly
TX-6800/608,Tuner,AXB-012,AXB-012,Antenna holder
TX-6800/608,Tuner,B22-013,B22-013,Flat washer
TX-6800/608,Tuner,B71-010,B71-010,Nut 7 ɸ
TX-6800/608,Tuner,GWM-135,GWM-135,Tuner assembly
TX-6800/608,Tuner,GWS-187,GWS-187,Switch assembly
TX-6800/608,Tuner,GWS-188,GWS-188,De-emphasis assembly
TX-6800/608,Tuner,GWX-308,GWX-308,LED assembly
TX-700,Tuner,A12-144,A12-144,KNOB(PWR/FUNCT/BAL/SELECT/SPKR)
TX-700,Tuner,A12-169,A12-169,KNOB(TUNING)
TX-700,Tuner,A31-092,A31-092,DIAL POINTER
TX-700,Tuner,A91-009,A91-009,METER(SIGNAL)
TX-700,Tuner,AEL-015,AEL-015,LAMP(DIAL/POWER)
TX-700,Tuner,E22-018,E22-018,PILOT LAMP
TX-700,Tuner,M21-328,M21-328,FRONT PANEL
TX-700,Tuner,M33-122,M33-122,BONNET
TX-700,Tuner,M61-017,M61-017,FOOT
TX-700,Tuner,R12-067,R12-067,O/M TX700
TX-700,Tuner,S11-016,S11-016,SWITCH(POWER)
TX-700,Tuner,S13-036,S13-036,SWITCH(FUNCT-FM AUTO/MONO/AM)
TX-700,Tuner,S21-004,S21-004,SWITCH(ILLUMINATION)
TX-700,Tuner,S31-022,S31-022,SWITCH(MUTING/NOISE FILTER)
TX-700,Tuner,T52-174,T52-174,PWR XFMR TX-700/F
TX-710,Tuner,AAF-025,AAF-025,DIAL POINTER
TX-710,Tuner,AAV-012,AAV-012,FLUORESCENT TUBE
TX-710,Tuner,AAW-015,AAW-015,METER
TX-710,Tuner,AAW-016,AAW-016,METER
TX-710,Tuner,ACV-113,ACV-113,CONTROL(FM OUTPUT/HEADPHONE LEV
TX-710,Tuner,AEC-609,AEC-609,FOOT ASSY
TX-710,Tuner,AEK-106,AEK-106,FUSE(1 AMP)
TX-710,Tuner,AEL-019,AEL-019,PILOT LAMP(FUNCTIONS INDICATOR)
TX-710,Tuner,AEL-320,AEL-320,LED
TX-710,Tuner,AEL-334,AEL-334,LED(STEREO INDICATOR)
TX-710,Tuner,AEL-343,AEL-343,LED(TUNED)
TX-710,Tuner,ANB-909,ANB-909,FRONT PANEL ASSY TX-710
TX-710,Tuner,ANE-291,ANE-291,BONNET CASE
TX-710,Tuner,ARB-377,ARB-377,O/M TX-710
TX-710,Tuner,ART-547,ART-547,S/M TX-710S ADD
TX-710,Tuner,ART-548,ART-548,S/M TX710
TX-710,Tuner,ASC-037,ASC-037,SWITCH(FUNCTION-AM/FM/AUTO/MONO
TX-710,Tuner,ASG-163,ASG-163,SWITCH(STATION CALL)
TX-710,Tuner,ASK-027,ASK-027,SWITCH
TX-710,Tuner,ASK-095,ASK-095,SWITCH(FUNCTION)
TX-710,Tuner,ASK-172,ASK-172,SWITCH(FUNCTION-TAPE 2....ETC.)
TX-710,Tuner,ASK-174,ASK-174,SWITCH(FUNCTION-AM/FM)
TX-710,Tuner,ASK-179,ASK-179,SWITCH(POWER)
TX-710,Tuner,HA1142,HA1142,IC
TX-710,Tuner,K11-043,K11-043,ANTENNA TERMINAL
TX-7100,Tuner,AAA-015-0,AAA-015,Knob (TUNING)
TX-7100,Tuner,AAB-041-0,AAB-041,Knob (FUNCTION)
TX-7100,Tuner,AAB-043-0,AAB-043,Knob (OUTPUT LEVEL)
TX-7100,Tuner,AAD-040-B,AAD-040,"Knob (MPX NOISE FILTER,MUTING, POWER)"
TX-7100,Tuner,AAF-025-0,AAF-025,Dial pointer
TX-7100,Tuner,AAG-045-0,AAG-045,Dial scale
TX-7100,Tuner,AAW-015-0,AAW-015,Signal meter
TX-7100,Tuner,AAW-016-A,AAW-016,Tuning rneter
TX-7100,Tuner,ABA-010-A,ABA-010,Screw to fix wooden cabinet
TX-7100,Tuner,ACV-009-0,ACV-009,Potentiometer 100k-B2 (AM)
TX-7100,Tuner,ACV-113-0,ACV-113,Potentiometer (dual - FM LEVEL) 100k-B2
TX-7100,Tuner,ADE-005-0,ADE-005,Connection cord
TX-7100,Tuner,ADG-003-0,ADG-003,"AC power cord (KUW, KCW model)"
TX-7100,Tuner,ADG-004-0,ADG-004,"AC power cord (FVZW, FW model)"
TX-7100,Tuner,AEB-019-0,AEB-019,P.C. board holder
TX-7100,Tuner,AEC-004-0,AEC-004,Wire clip (A)
TX-7100,Tuner,AEC-004-0,AEC-004,Wire clip (A)
TX-7100,Tuner,AEC-004-0,AEC-004,Wire clip (A)
TX-7100,Tuner,AEC-005-0,AEC-005,Wire clip (B)
TX-7100,Tuner,AEC-005-0,AEC-005,Wire clip (B)
TX-7100,Tuner,AEC-005-0,AEC-005,Wire clip (B)
TX-7100,Tuner,AEC-005-0,AEC-005,Wire clip (B)
TX-7100,Tuner,AEC-005-0,AEC-005,Wire clip (B)
TX-7100,Tuner,AEC-005-0,AEC-005,Wire clip (B)
TX-7100,Tuner,AEC-006-0,AEC-006,Pulley
TX-7100,Tuner,AEC-006-0,AEC-006,Pulley
TX-7100,Tuner,AEC-006-0,AEC-006,Pulley
TX-7100,Tuner,AEC-006-0,AEC-006,Pulley
TX-7100,Tuner,AEC-006-0,AEC-006,Pulley
TX-7100,Tuner,AEC-031-0,AEC-031,Smoothing nylon
TX-7100,Tuner,AEC-037-0,AEC-037,Wire clip S
TX-7100,Tuner,AEC-079-0,AEC-079,AC cord stopper
TX-7100,Tuner,AEC-079-0,AEC-079,AC cord stopper
TX-7100,Tuner,AEC-083-A,AEC-083,Foot assembly
TX-7100,Tuner,AEC-084-C,AEC-084,Wire supporter
TX-7100,Tuner,AEK-008-0,AEK-008,Fuse 3A (protection - KCW model)
TX-7100,Tuner,AEK-016-0,AEK-016,"Fuse 0.5A (AC power - FVZW, FW model)"
TX-7100,Tuner,AEK-019-0,AEK-019,Fuse 1.2A (protection - KCW model)
TX-7100,Tuner,AEK-022-0,AEK-022,Fuse 1A (protection - KCW model)
TX-7100,Tuner,AEK-022-0,AEK-022,Fuse 1A (protection - KCW model)
TX-7100,Tuner,AEL-007-0,AEL-007,Pilot lamp (program indicator)
TX-7100,Tuner,AEL-015-0,AEL-015,Pilot lamp (tuning and signal meters)
TX-7100,Tuner,AHA-029-0,AHA-029,STYROTECTOR (UPPER)
TX-7100,Tuner,AHD-149-0,AHD-149,PACKING CASE (KUW model)
TX-7100,Tuner,AHD-150-0,AHD-150,PACKING CASE (KCW model)
TX-7100,Tuner,AHD-151-0,AHD-151,PACKING CASE (FW model)
TX-7100,Tuner,AHD-152-0,AHD-152,PACKING CASE (FVZW model)
TX-7100,Tuner,AKB-013-0,AKB-013,Two-fold pin jack board
TX-7100,Tuner,AKB-014-0,AKB-014,Four-fold pin jack board A
TX-7100,Tuner,AKK-002-0,AKK-002,Pilot lamp socket
TX-7100,Tuner,AKP-002-0,AKP-002,Spare AC outlet
TX-7100,Tuner,AKR-001-0,AKR-001,"Fuse holder (with line voltage switch - FVZW, FW model)"
TX-7100,Tuner,AKR-005-0,AKR-005,"Fuse holder (KUW, KCW model)"
TX-7100,Tuner,AMM-022-A,AMM-022,Wooden cabinet
TX-7100,Tuner,ANA-034-C,ANA-034,Chassis
TX-7100,Tuner,ANB-187-A,ANB-187,Front panel assembly
TX-7100,Tuner,ANC-067-A,ANC-067,Rear panel
TX-7100,Tuner,AND-051-C,AND-051,Sub panel
TX-7100,Tuner,ANF-106-C,ANF-106,Meter-held metal
TX-7100,Tuner,ANF-107-0,ANF-107,Pilot lamp socket holder
TX-7100,Tuner,ANG-075-0,ANG-075,Dial scale holder
TX-7100,Tuner,ANG-076-A,ANG-076,Pulley-held metal
TX-7100,Tuner,ANH-126-0,ANH-126,Lamp box-A
TX-7100,Tuner,ANH-127-C,ANH-127,Lamp box-B
TX-7100,Tuner,ANK-034-0,ANK-034,P.C. board cover
TX-7100,Tuner,ANK-035-0,ANK-035,Wire holder
TX-7100,Tuner,ARB-071-0,ARB-071,OPERATING INSTRUCTIONS  TX-7100
TX-7100,Tuner,ASC-037-B,ASC-037,Function switch (rotary type-AM/FM/AUTO/MONO)
TX-7100,Tuner,ASK-024-0,ASK-024,"Power switch (lever type - FVZW, FW model)"
TX-7100,Tuner,ASK-025-0,ASK-025,"Power switch (lever type - KUW, KCW model)"
TX-7100,Tuner,ASK-027-0,ASK-027,"Lever switch (NOISE FILTER,MUTING)"
TX-7100,Tuner,ATB-015-A,ATB-015,Ferrite loopstick antenna
TX-7100,Tuner,ATT-110-0,ATT-110,Power transformer (KUW model)
TX-7100,Tuner,ATT-111-0,ATT-111,"Power transformer (FVZW, FW model)"
TX-7100,Tuner,ATT-132-0,ATT-132,Power transformer (KCW model)
TX-7100,Tuner,AWE-024-0,AWE-024,Tuner assembly
TX-7100,Tuner,AWK-019-A,AWK-019,AF amplifier assembly
TX-7100,Tuner,AWR-027-0,AWR-027,Power supply circuit assembly
TX-7100,Tuner,AWS-031-0,AWS-031,Switch circuit assembly
TX-7100,Tuner,AWX-042-0,AWX-042,Lamp board assembly
TX-7100,Tuner,AXA-015-A,AXA-015,Tuning pulley assembly
TX-7100,Tuner,AXA-021-0,AXA-021,Tuning shaft assembly
TX-7100,Tuner,AXB-001-0,AXB-001,Bar antenna holder assembly
TX-7100,Tuner,D52-013-0,D52-013,FM T-type antenna
TX-7100,Tuner,E21-021-0,E21-021,Fuse 3A (protection - KUW model)
TX-7100,Tuner,E21-033-0,E21-033,Fuse 1A (AC power - KUW model)
TX-7100,Tuner,E21-033-0,E21-033,Fuse 1A (protection - KUW model)
TX-7100,Tuner,E21-033-0,E21-033,Fuse 1A (protection - KUW model)
TX-7100,Tuner,E21-034-A,E21-034,Fuse 1A (AC power - KCW model)
TX-7100,Tuner,E21-034-A,E21-034,"Fuse 1A (protection - FVZW, FW model)"
TX-7100,Tuner,E21-034-A,E21-034,"Fuse 1A (protection - FVZW, FW model)"
TX-7100,Tuner,E21-036-0,E21-036,"Fuse 3A (protection - FVZW, FW model)"
TX-7100,Tuner,E22-032-0,E22-032,Pilot lamp (dial scale)
TX-7100,Tuner,E32-034-0,E32-034,Vinyl bag
TX-7100,Tuner,E33-009-B,E33-009,Polishing cloth
TX-7100,Tuner,HII-070-0,HII-070,STYROTECTOR (LOWER)
TX-7100,Tuner,K11-043-D,K11-043,Antenna terminal board
TX-7100,Tuner,K13-047-0,K13-047,4P terminal strip
TX-7100,Tuner,K13-048-0,K13-048,2P terminal strip
TX-7100,Tuner,K13-048-0,K13-048,2P terminal strip
TX-7100,Tuner,M46-139-0,M46-139,Wire supporter
TX-7100,Tuner,M49-025-E,M49-025,Pulley's shaft
TX-7100,Tuner,M49-025-E,M49-025,Pulley's shaft
TX-7100,Tuner,M49-025-E,M49-025,Pulley's shaft
TX-7100,Tuner,M49-025-E,M49-025,Pulley's shaft
TX-7100,Tuner,M49-025-E,M49-025,Pulley‘s shaft
TX-7100,Tuner,M49-127-A,M49-127,AC outlet-held metal
TX-7100,Tuner,R42-334-0,R42-334,Service manual  TX-7100
TX-7100,Tuner,S41-022-A,S41-022,De-emphasis (slide type - FW model)
TX-7100,Tuner,T22-025-A,T22-025,Balun
TX-7100,Tuner,T24-028-A,T24-028,RF choke Coil
TX-720,Tuner,ANE-291,ANE-291,BONNET CASE
TX-720,Tuner,ART-649,ART-649,S/M(TX720)
TX-720,Tuner,ASG-177,ASG-177,SWITCH(FUNCTION-MEMO/LOCAL...ETC
TX-720,Tuner,ASG-246,ASG-246,SWITCH(TAPE MONITOR)
TX-720,Tuner,ASG-402,ASG-402,SWITCH(FUNCTION-AM/FM)
TX-720,Tuner,ASG-526,ASG-526,SWITCH(POWER)
TX-7500,Tuner,AAA-028,AAA-028,KNOB(TUNING)
TX-7500,Tuner,AAB-091,AAB-091,KNOB(BASS/TREBLE/SPKR) AAB-086
TX-7500,Tuner,AAD-040,AAD-040,BUTTON(ON/FF/TAPE-MON)
TX-7500,Tuner,AEL-025,AEL-025,PILOT LAMP(STEREO INDICATOR)
TX-7500,Tuner,AEL-026,AEL-026,PILOT LAMP
TX-7500,Tuner,ANE-079,ANE-079,BONNET
TX-7500,Tuner,ARB-135,ARB-135,O/M TX-7500 * (NLA)
TX-7500,Tuner,ART-115,ART-115,S/M(TX7500)
TX-7500,Tuner,ASD-031,ASD-031,SWITCH(FUNCTION-AM/FM/AUTO)
TX-7500,Tuner,ASK-060,ASK-060,SWITCH(POWER)
TX-7500,Tuner,ASK-089,ASK-089,SWITCH
TX-7500,Tuner,ATB-037,ATB-037,BAR ANTENNA
TX-7500,Tuner,AXB-001,AXB-001,ANTENNA HOLDER
TX-7800,Tuner,AAA-057,AAA-057,KNOB(TUNING)
TX-7800,Tuner,AAB-196,AAB-196,KNOB(SPKR/BASS/TREBLE/BAL
TX-7800,Tuner,AAW-102,AAW-102,Signal/Tuning meter
TX-7800,Tuner,ACP-025,ACP-025,Gain adj 33k
TX-7800,Tuner,ACP-025,ACP-025,Muting Level Adjust 33k
TX-7800,Tuner,ACP-056,ACP-056,Pilot auto canceller adjust 22k
TX-7800,Tuner,ACP-057,ACP-057,Separation adjust 150
TX-7800,Tuner,ACT-121,ACT-121,Output level 10k dual
TX-7800,Tuner,AEL-025,AEL-025,Lamp 8V 300mA
TX-7800,Tuner,AEL-072,AEL-072,Lamp 8V 50mA
TX-7800,Tuner,AEL-075,AEL-075,"SPKR, FUNCTION LAMP"
TX-7800,Tuner,AEL-316,AEL-316,LED
TX-7800,Tuner,AKX-057,AKX-057,Line voltage selector
TX-7800,Tuner,ARB-306,ARB-306,O/M TX-7800
TX-7800,Tuner,ASH-016,ASH-016,Touch sensor
TX-7800,Tuner,ASH-017,ASH-017,De-emphasis switch (S/SG)
TX-7800,Tuner,ASK-109,ASK-109,FM Muting/Mode switch
TX-7800,Tuner,ASK-109,ASK-109,MPX filter switch
TX-7800,Tuner,ASK-109,ASK-109,SWITCH(TONE)
TX-7800,Tuner,ASK-109,ASK-109,Wide/Narrow switch
TX-7800,Tuner,ASK-112,ASK-112,Function switch
TX-7800,Tuner,ASK-124,ASK-124,POWER SWITCH
TX-7800,Tuner,ASK-127,ASK-127,Power switch
TX-7800,Tuner,ASK-128,ASK-128,Power switch (S/SG)
TX-7800,Tuner,ATT-574,ATT-574,PWR XFMR TX-7800
TX-7800,Tuner,ATT-575,ATT-575,Power transformer (S/SG)
TX-7800,Tuner,ATT-576,ATT-576,Power transformer (HG)
TX-7800,Tuner,AWR-185,AWR-185,Power supply assembly (HG)
TX-7800,Tuner,AWR-186,AWR-186,Power supply assembly (S/SG)
TX-7800,Tuner,AWX-113,AWX-113,Switch assembly (De-emphasis) S/SG
TX-7800,Tuner,AWX-159,AWX-159,VR assembly
TX-7800,Tuner,AXB-012,AXB-012,BRACKET F/ANTENNA SX750
TX-7800,Tuner,C92-051,C92-051,VCO adjust 4.7k
TX-7800,Tuner,GWE-112,GWE-112,Tuner assembly (HG)
TX-7800,Tuner,GWE-113,GWE-113,Tuner assembly (S/SG)
TX-7800,Tuner,GWS-165,GWS-165,Switch assembly
TX-7800,Tuner,GWS-166,GWS-166,Switch assembly (HG)
TX-7800,Tuner,GWS-167,GWS-167,Switch assembly (S/SG)
TX-7800,Tuner,GWX-246,GWX-246,LED assembly
TX-800,Tuner,A12-232,A12-232,KNOB(FUNCTION-PWR/TONE...ETC.)
TX-800,Tuner,A12-235,A12-235,KNOB(TUNING/AM/FM AUTO)
TX-800,Tuner,A12-237,A12-237,KNOB(AM/FM/OUTPUT LEVEL)
TX-800,Tuner,A19-095,A19-095,BUTTON(FUNCTION-MODE/TAPE...ETC
TX-800,Tuner,A91-016,A91-016,METER
TX-800,Tuner,A91-017,A91-017,METER
TX-800,Tuner,AEL-015,AEL-015,LAMP(DIAL/POWER)
TX-800,Tuner,ANB-072,ANB-072,FRONT PANEL
TX-800,Tuner,ASA-008,ASA-008,SWITCH(POWER)
TX-800,Tuner,ATB-005,ATB-005,BAR ANTENNA SX-616
TX-800,Tuner,ATT-023,ATT-023,PWR XFMR TX-800/K
TX-800,Tuner,D51-003,D51-003,CORD
TX-800,Tuner,D51-004,D51-004,CORD
TX-800,Tuner,E22-025,E22-025,PILOT LAMP
TX-800,Tuner,M52-139,M52-139,BONNET
TX-800,Tuner,R42-190,R42-190,S/M(TX800)
TX-800,Tuner,S13-044,S13-044,SWITCH(FUNCTION-FM/AM/MONO/AUTO
TX-800,Tuner,S42-012,S42-012,SWITCH(HIGH/LOW FILTER)
TX-800,Tuner,T42-025,T42-025,BAR ANTENNA COIL
TX-8100,Tuner,AAA-015-0,AAA-015,Knob (TUNING)
TX-8100,Tuner,AAB-041-0,AAB-041,Knob (FUNCTION)
TX-8100,Tuner,AAB-043-0,AAB-043,Knob (OUTPUT and HEADPHONE LEVEL)
TX-8100,Tuner,AAD-040-B,AAD-040,"Knob (MPX NOISE FILTER,MUTING, POWER)"
TX-8100,Tuner,AAF-025-0,AAF-025,Dial pointer
TX-8100,Tuner,AAG-045-0,AAG-045,Dial scale
TX-8100,Tuner,AAL-138-0,AAL-138,"Model name plate (KUW, KCW model)"
TX-8100,Tuner,AAL-139-0,AAL-139,"Model name plate (FVZW, FW model)"
TX-8100,Tuner,AAW-015-0,AAW-015,Signal meter
TX-8100,Tuner,AAW-016-A,AAW-016,Tuning meter
TX-8100,Tuner,ABA-010-A,ABA-010,Screw to fix wooden cabinet
TX-8100,Tuner,ACV-009-0,ACV-009,Potentiometer (AM LEVEL) 100k-B2
TX-8100,Tuner,ACV-113-0,ACV-113,Potentiometer (dual - FM LEVEL) 100k-B2
TX-8100,Tuner,ACV-113-0,ACV-113,Potentiometer (dual - HEADPHONE) 100k-B2
TX-8100,Tuner,ADE-005-0,ADE-005,Connection cord
TX-8100,Tuner,ADG-003-0,ADG-003,"AC power cord (KUW, KCW model)"
TX-8100,Tuner,ADG-004-0,ADG-004,"AC power cord (FVZW, FW model)"
TX-8100,Tuner,AEB-019-0,AEB-019,P.C. board holder
TX-8100,Tuner,AEC-004-0,AEC-004,Wire clip (A)
TX-8100,Tuner,AEC-004-0,AEC-004,Wire clip (A)
TX-8100,Tuner,AEC-004-0,AEC-004,Wire clip (A)
TX-8100,Tuner,AEC-004-0,AEC-004,Wire clip (A)
TX-8100,Tuner,AEC-005-0,AEC-005,Wire clip (B)
TX-8100,Tuner,AEC-005-0,AEC-005,Wire clip (B)
TX-8100,Tuner,AEC-005-0,AEC-005,Wire clip (B)
TX-8100,Tuner,AEC-005-0,AEC-005,Wire clip (B)
TX-8100,Tuner,AEC-005-0,AEC-005,Wire clip (B)
TX-8100,Tuner,AEC-006-0,AEC-006,Pulley
TX-8100,Tuner,AEC-006-0,AEC-006,Pulley
TX-8100,Tuner,AEC-006-0,AEC-006,Pulley
TX-8100,Tuner,AEC-006-0,AEC-006,Pulley
TX-8100,Tuner,AEC-079-0,AEC-079,AC cord stopper
TX-8100,Tuner,AEC-079-0,AEC-079,AC cord stopper
TX-8100,Tuner,AEC-083-A,AEC-083,Foot ass'y
TX-8100,Tuner,AEC-089-0,AEC-089,Wire holder
TX-8100,Tuner,AED-018-0,AED-018,Shading plate
TX-8100,Tuner,AED-018-0,AED-018,Shading plate
TX-8100,Tuner,AEK-008-0,AEK-008,Fuse 3A (protection - KCW model)
TX-8100,Tuner,AEK-016-0,AEK-016,"Fuse 0.5A (AC power - FVZW, FW model)"
TX-8100,Tuner,AEK-019-0,AEK-019,Fuse 1.2A (protection - KCW model)
TX-8100,Tuner,AEK-022-0,AEK-022,Fuse 1A (protection - KCW model)
TX-8100,Tuner,AEK-022-0,AEK-022,Fuse 1A (protection - KCW model)
TX-8100,Tuner,AEL-004-0,AEL-004,Wire clip (A)
TX-8100,Tuner,AEL-007-0,AEL-007,Pilot lamp (program indicator)
TX-8100,Tuner,AEL-015-0,AEL-015,Pilot lamp (tuning and signal meter)
TX-8100,Tuner,AHD-153-0,AHD-153,PACKING CASE (KUW model)
TX-8100,Tuner,AHD-154-0,AHD-154,PACKING CASE (KCW model)
TX-8100,Tuner,AHD-155-0,AHD-155,PACKING CASE (FW model)
TX-8100,Tuner,AHD-156-0,AHD-156,PACKING CASE (FVZW model)
TX-8100,Tuner,AKB-013-0,AKB-013,Two-fold pin jack (RCA type)
TX-8100,Tuner,AKB-014-0,AKB-014,Four-fold pin jack-A (RCA type)
TX-8100,Tuner,AKK-002-0,AKK-002,Pilot lamp socket
TX-8100,Tuner,AKP-002-0,AKP-002,Spare AC outlet
TX-8100,Tuner,AKR-001-0,AKR-001,"Fuse holder (with line voltage switch - FVZW, FW model)"
TX-8100,Tuner,AKR-005-0,AKR-005,"Fuse holder (KUW, KCW model)"
TX-8100,Tuner,AMM-022-A,AMM-022,Wooden cabinet
TX-8100,Tuner,ANA-037-C,ANA-037,Chassis
TX-8100,Tuner,ANB-188-A,ANB-188,Front panel ass'y
TX-8100,Tuner,ANC-078-0,ANC-078,Rear panel
TX-8100,Tuner,AND-051-C,AND-051,Sub panel
TX-8100,Tuner,ANF-106-C,ANF-106,Meter-held metal
TX-8100,Tuner,ANF-107-0,ANF-107,Pilot lamp socket holder
TX-8100,Tuner,ANG-075-0,ANG-075,Dial scale holder
TX-8100,Tuner,ANG-076-A,ANG-076,Pulley held metal
TX-8100,Tuner,ANH-126-0,ANH-126,Lamp box-A
TX-8100,Tuner,ANH-127-C,ANH-127,Lamp box-B
TX-8100,Tuner,ANH-137-B,ANH-137,Shield cover
TX-8100,Tuner,ANK-034-0,ANK-034,P.C. board cover
TX-8100,Tuner,ANK-035-0,ANK-035,Wire holder
TX-8100,Tuner,ARB-072-0,ARB-072,Operating instructions TX-8100
TX-8100,Tuner,ASC-037-B,ASC-037,Function switch (AM/FM/AUTO/MONO)
TX-8100,Tuner,ASK-041-0,ASK-041,MPX Noise filter (lever type)
TX-8100,Tuner,ASK-041-0,ASK-041,Muting (lever type)
TX-8100,Tuner,ASK-051-0,ASK-051,"Power switch (KUW, KCW model)"
TX-8100,Tuner,ASK-052-0,ASK-052,"Power switch (FVZW, FW model)"
TX-8100,Tuner,ASR-004,ASR-004,RELAY SWITCH
TX-8100,Tuner,ATB-015-A,ATB-015,Ferrite loopstick antenna
TX-8100,Tuner,ATT-110-0,ATT-110,Power transformer (KUW model)
TX-8100,Tuner,ATT-111-0,ATT-111,"Power transformer (FVZW, FW model)"
TX-8100,Tuner,ATT-132-0,ATT-132,Power transformer (KCW model)
TX-8100,Tuner,AWE-023-0,AWE-023,Tuner assembly
TX-8100,Tuner,AWK-019-A,AWK-019,AF amplifier assembly
TX-8100,Tuner,AWM-039-0,AWM-039,Muting circuit assembly
TX-8100,Tuner,AWM-041-B,AWM-041,Headphone amplifier assembly
TX-8100,Tuner,AWR-033-0,AWR-033,Power supply circuit assembly
TX-8100,Tuner,AWX-042-0,AWX-042,Lamp board assembly
TX-8100,Tuner,AXA-015-A,AXA-015,Tuning pulley assembly
TX-8100,Tuner,AXA-021-0,AXA-021,Tuning shaft assembly
TX-8100,Tuner,D52-013-0,D52-013,FM T-type antenna
TX-8100,Tuner,E21-021-0,E21-021,Fuse 3A (Protection - KUW model)
TX-8100,Tuner,E21-033-0,E21-033,Fuse 1A (AC power - KUW model)
TX-8100,Tuner,E21-033-0,E21-033,Fuse 1A (protection - KUW model)
TX-8100,Tuner,E21-033-0,E21-033,Fuse 1A (protection - KUW model)
TX-8100,Tuner,E21-034-A,E21-034,"Fuse 1A (AC power - FVZW, FW model)"
TX-8100,Tuner,E21-034-A,E21-034,Fuse 1A (AC power - KCW model)
TX-8100,Tuner,E21-034-A,E21-034,"Fuse 1A (protection - FVZW, FW model)"
TX-8100,Tuner,E21-034-A,E21-034,"Fuse 1A (protection - FVZW, FW model)"
TX-8100,Tuner,E21-036-A,E21-036,"Fuse 3A (protection - FVZW, FW model)"
TX-8100,Tuner,E22-032-0,E22-032,Pilot lamp (dial scale)
TX-8100,Tuner,E32-034-0,E32-034,Vinyl bag
TX-8100,Tuner,E33-009-8,E33-009,Polishing cloth
TX-8100,Tuner,K11-043-0,K11-043,Antenna terminal board
TX-8100,Tuner,K13-047-0,K13-047,4P ground terminal
TX-8100,Tuner,K13-048-0,K13-048,2P lug terminal strip
TX-8100,Tuner,K72-026-0,K72-026,Headphone jack
TX-8100,Tuner,M46-139-0,M46-139,Wire holder
TX-8100,Tuner,M49-025-E,M49-025,Pulley's shaft
TX-8100,Tuner,M49-025-E,M49-025,Pulley's shaft
TX-8100,Tuner,M49-025-E,M49-025,Pulley's shaft
TX-8100,Tuner,M49-025-E,M49-025,Pulley's shaft
TX-8100,Tuner,M49-025-E,M49-025,Pulley's shalt
TX-8100,Tuner,M49-127-A,M49-127,AC outlet-held metal
TX-8100,Tuner,R42-333-0,R42-333,Service manual  TX-8100
TX-8100,Tuner,S41-022-A,S41-022,De-emphasis (slide type - FW model)
TX-8100,Tuner,T22-025-A,T22-025,Balun
TX-8100,Tuner,T24-028-A,T24-028,RF choke coil
TX-8100,Tuner,W72-092-C,W72-092,Ferrite antenna holder assembly
TX-8500II,Tuner,AAA-038,AAA-038,Knob (TUNING)
TX-8500II,Tuner,AAB-116,AAB-116,Knob (FUNCTION)
TX-8500II,Tuner,AAB-116,AAB-116,Knob (OUTPUT LEVEL)
TX-8500II,Tuner,AAD-117,AAD-117,Knob (IF BAND)
TX-8500II,Tuner,AAD-117,AAD-117,Knob (MUTING)
TX-8500II,Tuner,AAD-117,AAD-117,Knob (POWER)
TX-8500II,Tuner,AAD-117,AAD-117,Knob (REC LEVEL CHECK)
TX-8500II,Tuner,AAF-054,AAF-054,Dial pointer
TX-8500II,Tuner,AAG-130,AAG-130,Dial panel assembly
TX-8500II,Tuner,AAT-043,AAT-043,Indicator lens
TX-8500II,Tuner,AAW-054,AAW-054,Signal meter
TX-8500II,Tuner,AAW-055,AAW-055,Tuning meter
TX-8500II,Tuner,ACV-178,ACV-178,Variable resistor 10k (OUTPUT LEVEL)
TX-8500II,Tuner,ADF-125,ADF-125,Connection cord
TX-8500II,Tuner,ADG-005,ADG-005,"AC power cord - KU,KC"
TX-8500II,Tuner,ADG-016,ADG-016,AC power cord - S
TX-8500II,Tuner,ADH-002,ADH-002,FM T-type antenna
TX-8500II,Tuner,AEB-091,AEB-091,Lamp holder
TX-8500II,Tuner,AEC-262,AEC-262,Antenna clamper
TX-8500II,Tuner,AEC-296,AEC-296,Acrylic board
TX-8500II,Tuner,AEK-103,AEK-103,Fuse 2A (FU3)
TX-8500II,Tuner,AEK-106,AEK-106,Accessory fuse 1A - S
TX-8500II,Tuner,AEK-107,AEK-107,Accessory fuse 500mA - S
TX-8500II,Tuner,AEL-029,AEL-029,"Lamp (Wedge type) 8V, 300mA"
TX-8500II,Tuner,AEL-072,AEL-072,Lamp with wire 8V 50mA (STEREO)
TX-8500II,Tuner,AEL-079,AEL-079,Lamp with wire 30mA
TX-8500II,Tuner,AEL-080,AEL-080,"Lamp with wire 6V, 30mA (PILOT LAMP)"
TX-8500II,Tuner,AHA-131,AHA-131,Side pad
TX-8500II,Tuner,AHD-436,AHD-436,Packing case - KU
TX-8500II,Tuner,AHD-436,AHD-436,Packing case - S
TX-8500II,Tuner,AHD-437,AHD-437,Packing case - KC
TX-8500II,Tuner,AHD-438,AHD-438,Packing case - HG
TX-8500II,Tuner,AHG-023,AHG-023,"Vinyl pouch - KU,KC"
TX-8500II,Tuner,AHG-023,AHG-023,Vinyl pouch - S
TX-8500II,Tuner,AHG-057,AHG-057,Sheet cover
TX-8500II,Tuner,AKA-002,AKA-002,"Terminal (ANTENNA) - KU,KC"
TX-8500II,Tuner,AKA-002,AKA-002,Terminal (ANTENNA) - S
TX-8500II,Tuner,AKA-007,AKA-007,Terminal (ANTENNA) - HG
TX-8500II,Tuner,AKB-034,AKB-034,Terminal (FM MULTIPATH)
TX-8500II,Tuner,AKB-035,AKB-035,Terminal (OUTPUT)
TX-8500II,Tuner,AKK-004,AKK-004,Lamp socket (Wedge type)
TX-8500II,Tuner,AKP-002,AKP-002,"AC socket (OUTLET) - KU,KC"
TX-8500II,Tuner,AKP-002,AKP-002,AC socket (OUTLET) - S
TX-8500II,Tuner,AKP-008,AKP-008,AC socket (INLET) - HG
TX-8500II,Tuner,AKR-031,AKR-031,Plug in selector (Line voltage selector 4-positions) - S
TX-8500II,Tuner,AKX-037,AKX-037,Plug in selector (Line voltage selector 2-positions) - HG
TX-8500II,Tuner,ANB-484,ANB-484,Front panel assembly
TX-8500II,Tuner,ANE-115,ANE-115,Bonnet case
TX-8500II,Tuner,ANK-018,ANK-018,Hexagonal wrench
TX-8500II,Tuner,ARB-204,ARB-204,"Operating instructions  TX-8500II (English) - KU,KC"
TX-8500II,Tuner,ARB-212,ARB-212,Operating instructions  TX-8500II (English) - HG
TX-8500II,Tuner,ARB-213,ARB-213,Operating instructions  TX-8500II (English) - S
TX-8500II,Tuner,ARD-104,ARD-104,Operating instructions  TX-8500II (Germany/French) - HG
TX-8500II,Tuner,ART-202,ART-202,Service manual  TX-8500II
TX-8500II,Tuner,ASH-016,ASH-016,"Slide switch (DE-EMPHASIS) - KU,KC"
TX-8500II,Tuner,ASH-017,ASH-017,Slide switch (DE-EMPHASIS) - S
TX-8500II,Tuner,ASK-109,ASK-109,Lever switch (MUTING)
TX-8500II,Tuner,ASK-112,ASK-112,Lever switch (IF BAND)
TX-8500II,Tuner,ASK-112,ASK-112,Lever switch (REC LEVEL CHECK)
TX-8500II,Tuner,ASK-124,ASK-124,"Lever switch (POWER) - KU,KC"
TX-8500II,Tuner,ASK-127,ASK-127,Lever switch (POWER) - HG
TX-8500II,Tuner,ASK-128,ASK-128,Lever switch (POWER) - S
TX-8500II,Tuner,ATB-506,ATB-506,Bar antenna
TX-8500II,Tuner,ATT-342,ATT-342,Power transformer (KU)
TX-8500II,Tuner,ATT-343,ATT-343,Power transformer (KC)
TX-8500II,Tuner,ATT-344,ATT-344,Power transformer (HG)
TX-8500II,Tuner,ATT-345,ATT-345,Power transformer (S)
TX-8500II,Tuner,AWB-028,AWB-028,FM front end
TX-8500II,Tuner,AWE-069,AWE-069,Tuner assembly (HG)
TX-8500II,Tuner,AWE-084,AWE-084,"Tuner assembly (KU,KC)"
TX-8500II,Tuner,AWE-085,AWE-085,Tuner assembly (S)
TX-8500II,Tuner,AWR-119,AWR-119,Power supply assembly (KU)
TX-8500II,Tuner,AWR-132,AWR-132,Power supply assembly (S)
TX-8500II,Tuner,AWR-133,AWR-133,Power supply assembly (HG)
TX-8500II,Tuner,AWR-135,AWR-135,Power supply assembly (KC)
TX-8500II,Tuner,AWX-104,AWX-104,Lamp board assembly
TX-8500II,Tuner,AWX-113,AWX-113,Switch assembly (S)
TX-8500II,Tuner,AXA-070,AXA-070,Dial drum assembly
TX-8500II,Tuner,AXA-114,AXA-114,Dial shaft assembly
TX-8500II,Tuner,AXB-011,AXB-011,Antenna holder
TX-8500II,Tuner,E11-024,E11-024,Vinyl bag
TX-8500II,Tuner,E11-033,E11-033,Vinyl pouch - S
TX-8500II,Tuner,T22-025,T22-025,Ferrite balun (T3)
TX-8500II,Tuner,T24-030,T24-030,RF choke coil (L1)
TX-900,Tuner,A12-144,A12-144,KNOB(PWR/FUNCT/BAL/SELECT/SPKR)
TX-900,Tuner,A12-146,A12-146,KNOB(TUNING)
TX-900,Tuner,A19-077,A19-077,KNOB(FUNCTION-LOUD/FILT...ETC.)
TX-900,Tuner,A91-008,A91-008,METER(TUNING/FM)
TX-900,Tuner,A91-009,A91-009,METER(SIGNAL)
TX-900,Tuner,AEL-015,AEL-015,LAMP(DIAL/POWER)
TX-900,Tuner,AXB-001,AXB-001,ANTENNA HOLDER
TX-900,Tuner,C92-022,C92-022,"CONTROL(LEVEL ADJUSTMENT ""L""/""R"
TX-900,Tuner,E22-031,E22-031,PILOT LAMP(DIAL POINTER)
TX-900,Tuner,M21-283,M21-283,FRONT PANEL ASSY
TX-900,Tuner,M33-113,M33-113,METAL CASE
TX-900,Tuner,R12-044,R12-044,O/M TX900
TX-900,Tuner,S13-026,S13-026,SWITCH(FUNCTION-AM/FM/AUTO)
TX-900,Tuner,T42-024,T42-024,COIL
TX-900,Tuner,T52-149,T52-149,PWR XFMR TX-900/K
TX-905,Tuner,AEK-118,AEK-118,FUSE (800MA/125V)
TX-905,Tuner,ASG-413,ASG-413,SWITCH(POWER/ON/STANDBY/SPKR)
TX-905,Tuner,ASG-711,ASG-711,SW(FUNCT)POWER
TX-905,Tuner,ATS-095,ATS-095,PWR XFMR TX950
TX-9100,Tuner,AAA-017-A,AAA-017,Knob (TUNING)
TX-9100,Tuner,AAB-041-0,AAB-041,Knob (FUNCTION)
TX-9100,Tuner,AAB-043-0,AAB-043,Knob (OUTPUT LEVELS - AM/FM/PHONES)
TX-9100,Tuner,AAD-040-B,AAD-040,"Knob (POWER,MUTING,NOISE FILTER,PULSE NOISE)"
TX-9100,Tuner,AAF-025-0,AAF-025,Dial pointer assembly
TX-9100,Tuner,AAG-046-0,AAG-046,Dial scale (Used with AWB-013-0)
TX-9100,Tuner,AAG-050-0,AAG-050,Dial scale (Used with AWB-015-0)
TX-9100,Tuner,AAL-118-0,AAL-118,"Model name plate (KUW, KCW model)"
TX-9100,Tuner,AAL-119-0,AAL-119,"Model name plate (FVZW, FW model)"
TX-9100,Tuner,AAW-015-0,AAW-015,Signal meter
TX-9100,Tuner,AAW-016-A,AAW-016,Tuning meter
TX-9100,Tuner,ABA-010-A,ABA-010,Screw to fix wooden case
TX-9100,Tuner,ABA-012-0,ABA-012,Screw to fix bottom plate
TX-9100,Tuner,ACV-115-0,ACV-115,"Potentiometer (dual) 100k-B2. (OUTPUT LEVEL - AM,FM,PHONES)"
TX-9100,Tuner,ADE-005-0,ADE-005,Connection cord with pin plugs
TX-9100,Tuner,ADG-003-0,ADG-003,"AC power cord (KUW, KCW model)"
TX-9100,Tuner,ADG-004-0,ADG-004,"AC power cord (FVZW, FW model)"
TX-9100,Tuner,AEB-019-0,AEB-019,P.C. board holder
TX-9100,Tuner,AEC-004-0,AEC-004,Wire clip (A)
TX-9100,Tuner,AEC-006-0,AEC-006,Pulley
TX-9100,Tuner,AEC-037-0,AEC-037,Wire clip (S)
TX-9100,Tuner,AEC-079-0,AEC-079,Cord grommet
TX-9100,Tuner,AEC-079-0,AEC-079,Cord grommet
TX-9100,Tuner,AEC-083-A,AEC-083,Foot assembly
TX-9100,Tuner,AEC-089-0,AEC-089,Wire holder
TX-9100,Tuner,AED-018-0,AED-018,Shading plate
TX-9100,Tuner,AEK-008-0,AEK-008,Fuse 3A (protection) (KCW model)
TX-9100,Tuner,AEK-016-0,AEK-016,"Fuse 0.5A (AC power) (FVZW, FW model)"
TX-9100,Tuner,AEK-016-0,AEK-016,"Fuse 0.5A (protection) (FVZW, FW model)"
TX-9100,Tuner,AEK-016-0,AEK-016,"Fuse 0.5A (protection) (FVZW, FW model)"
TX-9100,Tuner,AEK-016-0,AEK-016,"Fuse 0.5A (protection) (FVZW, FW model)"
TX-9100,Tuner,AEK-016-0,AEK-016,"Fuse 0.5A (protection) (FVZW, FW model)"
TX-9100,Tuner,AEK-019-0,AEK-019,Fuse 1.2A (protection) (KCW model)
TX-9100,Tuner,AEK-024-0,AEK-024,Fuse 0.5A (protection) (KCW model)
TX-9100,Tuner,AEK-024-0,AEK-024,Fuse 0.5A (protection) (KCW model)
TX-9100,Tuner,AEK-024-0,AEK-024,Fuse 0.5A (protection) (KCW model)
TX-9100,Tuner,AEK-024-0,AEK-024,Fuse 0.5A (protection) (KCW model)
TX-9100,Tuner,AEL-007-0,AEL-007,Pilot lamp (for program indicator)
TX-9100,Tuner,AEL-007-0,AEL-007,Pilot lamp (for program indicator)
TX-9100,Tuner,AEL-015-0,AEL-015,Pilot lamp (for meter)
TX-9100,Tuner,AHA-029-0,AHA-029,Styrotector (upper)
TX-9100,Tuner,AHD-157-0,AHD-157,Packing case (KUW model)
TX-9100,Tuner,AHD-158-0,AHD-158,Packing case (KCW model)
TX-9100,Tuner,AHD-159-0,AHD-159,Packing case (FW model)
TX-9100,Tuner,AHD-160-0,AHD-160,Packing case (FVZW model)
TX-9100,Tuner,AKB-013-0,AKB-013,Phono jack (2 jacks)
TX-9100,Tuner,AKB-014-0,AKB-014,Phono jack (4 jacks)-A
TX-9100,Tuner,AKP-002-0,AKP-002,Chassis mounting AC socket
TX-9100,Tuner,AKR-001-0,AKR-001,"Fuse holder (FVZW, FW model)"
TX-9100,Tuner,AKR-005-0,AKR-005,"Fuse holder (KUW, KCW model)"
TX-9100,Tuner,AMM-022-A,AMM-022,Wooden case
TX-9100,Tuner,ANA-038-D,ANA-038,Chassis
TX-9100,Tuner,ANB-189,ANB-189,Front panel assembly
TX-9100,Tuner,ANC-066-0,ANC-066,"Rear panel (FVZW, FW model)"
TX-9100,Tuner,ANC-078-0,ANC-078,"Rear panel (KUW, KCW model)"
TX-9100,Tuner,AND-051-C,AND-051,Sub panel
TX-9100,Tuner,ANE-021-A,ANE-021,Bottom plate
TX-9100,Tuner,ANF-106-C,ANF-106,Meter-held metal
TX-9100,Tuner,ANF-107-0,ANF-107,Lamp board
TX-9100,Tuner,ANF-132-0,ANF-132,P.C. board held metal
TX-9100,Tuner,ANG-075-0,ANG-075,Dial scale-held metal
TX-9100,Tuner,ANG-076-A,ANG-076,Pulley-held metal
TX-9100,Tuner,ANH-127-C,ANH-127,Lamp box (A)
TX-9100,Tuner,ANH-127-C,ANH-127,Lamp box (B)
TX-9100,Tuner,ANH-141-0,ANH-141,Shield case (A)
TX-9100,Tuner,ANH-142-A,ANH-142,Shield case (B)
TX-9100,Tuner,ANK-034-0,ANK-034,P.C board cover
TX-9100,Tuner,ANK-036-B,ANK-036,Dial cover
TX-9100,Tuner,ARB-073-0,ARB-073,Operating instructions  TX-9100
TX-9100,Tuner,ART-001-0,ART-001,Service manual  TX-9100
TX-9100,Tuner,ASC-046-B,ASC-046,Rotary switch (Function)
TX-9100,Tuner,ASK-042-0,ASK-042,Switch (MUTING/MPX FILTER)
TX-9100,Tuner,ASK-043-0,ASK-043,Switch (PULSE NOISE)
TX-9100,Tuner,ASK-054-0,ASK-054,"Lever switch (Power) (KUW, KCW model)"
TX-9100,Tuner,ASK-055-0,ASK-055,"Lever switch (Power) (FVZW, FW model)"
TX-9100,Tuner,ATB-021-0,ATB-021,AM ferrite loopstick antenna
TX-9100,Tuner,ATT-113-0,ATT-113,Power transformer (KUW model)
TX-9100,Tuner,ATT-114-0,ATT-114,"Power transformer (FVZW, FW model)"
TX-9100,Tuner,ATT-133-0,ATT-133,Power transformer (KCW model)
TX-9100,Tuner,AWB-013-0,AWB-013,FM front end (Used with AAG-046-0)
TX-9100,Tuner,AWB-015-0,AWB-015,FM front end (Used with AAG-050-0)
TX-9100,Tuner,AWD-002-0,AWD-002,"MPX, AF amplifier assembly"
TX-9100,Tuner,AWD-002-0,AWD-002,"MPX, AF amplifier assembly"
TX-9100,Tuner,AWE-026-0,AWE-026,AM/FM IF amplifier assembly
TX-9100,Tuner,AWE-026-0,AWE-026,AM/FM IF amplifier assembly
TX-9100,Tuner,AWM-038-0,AWM-038,"Volume, headphone amplifier assembly"
TX-9100,Tuner,AWM-044-0,AWM-044,Muting circuit assembly
TX-9100,Tuner,AWR-028-0,AWR-028,Power supply circuit assembly
TX-9100,Tuner,AWS-032-0,AWS-032,Lever switch circuit assembly
TX-9100,Tuner,AWX-042-0,AWX-042,Lamp board assembly (A)
TX-9100,Tuner,AXA-015-A,AXA-015,Tuning pulley assembly
TX-9100,Tuner,AXA-027-A,AXA-027,Tuning shaft assembly
TX-9100,Tuner,D52-013-0,D52-013,FM T-type antenna
TX-9100,Tuner,E21-021-0,E21-021,Fuse 3A (protection) (KUW model)
TX-9100,Tuner,E21-028-0,E21-028,Fuse 0.5A (protection) (KUW model)
TX-9100,Tuner,E21-028-0,E21-028,Fuse 0.5A (protection) (KUW model)
TX-9100,Tuner,E21-028-0,E21-028,Fuse 0.5A (protectlon) (KUW model)
TX-9100,Tuner,E21-0280,E21-0280,Fuse 0.5A (protection) (KUW model)
TX-9100,Tuner,E21-033-0,E21-033,Fuse 1A (AC power) (KUW model)
TX-9100,Tuner,E21-034-A,E21-034,"Fuse 1A (AC power) (FVZW, FW model)"
TX-9100,Tuner,E21-034-A,E21-034,Fuse 1A (AC power) (KCW model)
TX-9100,Tuner,E21-036-A,E21-036,"Fuse 3A (protection) (FVZW, FW model)"
TX-9100,Tuner,E22-032-0,E22-032,Pilot lamp (for dial scale)
TX-9100,Tuner,H11-070-C,H11-070,Styrotector (lower)
TX-9100,Tuner,K11-043-0,K11-043,Antenna terminal board
TX-9100,Tuner,K13-047-0,K13-047,Ground terminal strip (4P)
TX-9100,Tuner,K13-047-0,K13-047,Ground terminal strip (4Pl
TX-9100,Tuner,K72-026-0,K72-026,Headphone jack
TX-9100,Tuner,M46-139-0,M46-139,Wire holder
TX-9100,Tuner,M49-127-A,M49-127,AC socket-held metal
TX-9100,Tuner,T22-025-B,T22-025,Balun
TX-9100,Tuner,W72-092-C,W72-092,Ferrite antenna holder assembly
TX-930,Tuner,AAD-417,AAD-417,Knob (POWER)
TX-930,Tuner,AAD-481,AAD-481,"Knob (FM, AM)"
TX-930,Tuner,AAD-482,AAD-482,Knob (FM MUTING)
TX-930,Tuner,AAN-047,AAN-047,Station card set
TX-930,Tuner,ABA-115,ABA-115,Screw with bar
TX-930,Tuner,ADE-051,ADE-051,Connection cord
TX-930,Tuner,ADG-052,ADG-052,AC power cord
TX-930,Tuner,ADH-005,ADH-005,T-type FM antenna
TX-930,Tuner,AEA-054,AEA-054,Loop annenna holder
TX-930,Tuner,AEC-327,AEC-327,Strain relief
TX-930,Tuner,AEC-384,AEC-384,Nylon rivet
TX-930,Tuner,AEC-784,AEC-784,Foot assembly
TX-930,Tuner,AEL-371,AEL-371,"LED (Green, SIGNAL)"
TX-930,Tuner,AEL-372,AEL-372,"LED (Red, STATION)"
TX-930,Tuner,AEL-372,AEL-372,"LED (Red, STEREO)"
TX-930,Tuner,AEL-383,AEL-383,"LED (Green, FM, AM, AUTO SCAN)"
TX-930,Tuner,AEL-395,AEL-395,LED numeric display
TX-930,Tuner,AEX-008,AEX-008,Lithium battery
TX-930,Tuner,AEX-011,AEX-011,Ni-Cd battery
TX-930,Tuner,AHA-296,AHA-296,Front pad
TX-930,Tuner,AHA-297,AHA-297,Rear pad
TX-930,Tuner,AHE-052,AHE-052,Packing case
TX-930,Tuner,AKA-017,AKA-017,Terminal (ANTENNA)
TX-930,Tuner,AKB-077,AKB-077,Terminal (OUTPUT)
TX-930,Tuner,AKN-034,AKN-034,Terminal (AUTO FUNCTION)
TX-930,Tuner,ANE-393,ANE-393,Top cover
TX-930,Tuner,ANM-209,ANM-209,Front cover
TX-930,Tuner,ANR-514,ANR-514,Card holder
TX-930,Tuner,ANR-515,ANR-515,Front base assembly
TX-930,Tuner,ARB-493,ARB-493,Operating instructions
TX-930,Tuner,ARP-119-0,ARP-119,Service manual  TX-930
TX-930,Tuner,ASG-540,ASG-540,"Push switch (POWER, FM MUTING)"
TX-930,Tuner,ASG-703,ASG-703,SW(FUNCT/POWER/MUTE)
TX-930,Tuner,ASH-015,ASH-015,Slide switch (AM CHANNEL STEP)
TX-930,Tuner,ASH-015,ASH-015,Slide switch (DE-EMPHASIS)
TX-930,Tuner,ASS-018,ASS-018,Crystal resonator
TX-930,Tuner,ATB-076,ATB-076,AM loop antenna
TX-930,Tuner,ATT-916,ATT-916,Power transformer
TX-930,Tuner,AWM-433,AWM-433,"Complex assembly (composed of Control assembly, Switch assembly, Battery assembly, De-emphasis switch assembly and AM CH. step switch assembly)"
TX-930,Tuner,AWM-439,AWM-439,Tuner assembly
TX-940,Tuner,ANE-310,ANE-310,BONNET
TX-940,Tuner,ARP-307,ARP-307,S/M(TX940)
TX-940,Tuner,ASG-413,ASG-413,SWITCH(POWER/ON/STANDBY/SPKR)
TX-940,Tuner,ASG-414,ASG-414,SWITCH(AUTO SCAN/MEMO/FM MUTING
TX-940,Tuner,ASG-703,ASG-703,SW(FUNCT/POWER/MUTE)
TX-950,Tuner,AAC-059,AAC-059,Knob (POWER)
TX-950,Tuner,AAD-778,AAD-778,Knob cap
TX-950,Tuner,AAV-017,AAV-017,Flourescent display tube
TX-950,Tuner,ABH-134,ABH-134,Coiled spring
TX-950,Tuner,ADE-074,ADE-074,Connection cord
TX-950,Tuner,ADG-064,ADG-064,AC power cord - YP
TX-950,Tuner,ADG-071,ADG-071,AC power cord - HEZ
TX-950,Tuner,ADG-072,ADG-072,AC power cord - S
TX-950,Tuner,ADG-072,ADG-072,AC power cord - S/G
TX-950,Tuner,ADG-072,ADG-072,AC power cord - SS
TX-950,Tuner,ADG-073,ADG-073,AC power cord - KU
TX-950,Tuner,ADH-005,ADH-005,FM antenna
TX-950,Tuner,AEC-903,AEC-903,Leg assembly
TX-950,Tuner,AEK-118,AEK-118,Fuse (0.8A/125V) - KU
TX-950,Tuner,AEK-407,AEK-407,Fuse (T400mA/250V) - HEZ
TX-950,Tuner,AEK-407,AEK-407,Fuse (T400mA/250V) - YP
TX-950,Tuner,AHA-376,AHA-376,Side pad
TX-950,Tuner,AHE-332,AHE-332,Packing case - KU
TX-950,Tuner,AHE-354,AHE-354,Packing case - HEZ
TX-950,Tuner,AHE-354,AHE-354,Packing case - S
TX-950,Tuner,AHE-354,AHE-354,Packing case - S/G
TX-950,Tuner,AHE-354,AHE-354,Packing case - SS
TX-950,Tuner,AHE-354,AHE-354,Packing case - YP
TX-950,Tuner,AKA-017,AKA-017,Terminal (ANTENNA) - KU
TX-950,Tuner,AKA-018,AKA-018,Terminal (ANTENNA) - HEZ/YP
TX-950,Tuner,AKB-093,AKB-093,Terminal (OUTPUT)
TX-950,Tuner,AKX-505,AKX-505,"Line voltage selector - S, S/G"
TX-950,Tuner,AKX-505,AKX-505,Line voltage selector - SS
TX-950,Tuner,ANE-475,ANE-475,Bonnet case
TX-950,Tuner,ANM-602,ANM-602,Front panel assembly
TX-950,Tuner,ARB-602,ARB-602,Operating Instructions  TX-950 (English) - KU
TX-950,Tuner,ARB-602,ARB-602,Operating Instructions  TX-950 (English) - YP
TX-950,Tuner,ARC-068,ARC-068,Operating Instructions  TX-950 (Spanish) - S
TX-950,Tuner,ARE-101,ARE-101,"Operating Instructions  TX-950 (English, French, German, Italian) - HEZ"
TX-950,Tuner,ARP-472-0,ARP-472,Service manual  TX-950 - KU
TX-950,Tuner,ARP-481-0,ARP-481,"Service manual  TX-950 - HEZ,YP,S,S/G,SS"
TX-950,Tuner,ASG-413,ASG-413,Switch (POWER)
TX-950,Tuner,ASG-711 (ASG-703),ASG-711 (ASG-703),Tact switch (AM/FM)
TX-950,Tuner,ASG-711 (ASG-703),ASG-711 (ASG-703),Tact switch (MEMORY)
TX-950,Tuner,ASG-711 (ASG-703),ASG-711 (ASG-703),Tact switch (STAION CALL)
TX-950,Tuner,ASG-711 (ASG-703),ASG-711 (ASG-703),Tact switch (TUNING DOWN/UP)
TX-950,Tuner,ASH-034,ASH-034,"Slide switch (DE-EMPHASIS,AM STEP FREQ) - KU"
TX-950,Tuner,ATB-086,ATB-086,Loop antenna assembly
TX-950,Tuner,ATS-095,ATS-095,Power transformer - KU
TX-950,Tuner,ATS-096,ATS-096,Power transformer - HEZ/YP
TX-950,Tuner,ATS-097,ATS-097,"Power transformer - S,S/G"
TX-950,Tuner,ATS-097,ATS-097,Power transformer - SS
TX-950,Tuner,AWS-163,AWS-163,Switch assembly
TX-950,Tuner,GWM-346,GWM-346,Complex assembly - KU
TX-950,Tuner,GWM-357,GWM-357,Complex assembly - S
TX-950,Tuner,GWM-357,GWM-357,Complex assembly - S/G
TX-950,Tuner,GWM-358,GWM-358,Complex assembly - HEZ
TX-950,Tuner,GWM-358,GWM-358,Complex assembly - YP
TX-950,Tuner,GWM-364,GWM-364,Complex assembly - SS
TX-9500,Tuner,AAA-028-0,AAA-028,Knob (TUNING)
TX-9500,Tuner,AAB-091-0,AAB-091,"Knob (OUTPUT LEVEL, FUNCTION)"
TX-9500,Tuner,AAD-040-B,AAD-040,"Knob (POWER, MPX NOISE FILTER,FM MUTING)"
TX-9500,Tuner,AAF-040-0,AAF-040,Dial pointer
TX-9500,Tuner,AAG-089-A,AAG-089,Dial panel assembly
TX-9500,Tuner,AAH-020-0,AAH-020,Side screen (L)
TX-9500,Tuner,AAH-021-0,AAH-021,Side screen (R)
TX-9500,Tuner,AAW-040-0,AAW-040,Double meter (SIGNAL/TUNING)
TX-9500,Tuner,ABA-002-0,ABA-002,Tapping screw MSXB
TX-9500,Tuner,ABA-003-0,ABA-003,Round head screw M3x10
TX-9500,Tuner,ABA-012-0,ABA-012,Tapping screw 4x8
TX-9500,Tuner,ABA-078-A,ABA-078,Collar head tapping screw M3x8
TX-9500,Tuner,ABA-079-A,ABA-079,Collar head tapping screw 4x8
TX-9500,Tuner,ABK-003-0,ABK-003,Hold plate
TX-9500,Tuner,ACG-001-0,ACG-001,Ceramic capacitor 0.01 250V
TX-9500,Tuner,ACG-001-0,ACG-001,Ceramic capacitor 0.01 250V
TX-9500,Tuner,ACV-113-0,ACV-113,Dual control 100kΩ-B2 (OUTPUT)
TX-9500,Tuner,ADE-005-0,ADE-005,Connection cord with pin plugs
TX-9500,Tuner,ADG-004-0,ADG-004,Line cord
TX-9500,Tuner,ADH-002-0,ADH-002,FM T-type antenna
TX-9500,Tuner,AEB-019-0,AEB-019,PC board spacer
TX-9500,Tuner,AEB-068-0,AEB-068,Rubber bracket
TX-9500,Tuner,AEC-005-0,AEC-005,Wire clip (B)
TX-9500,Tuner,AEC-036-A,AEC-036,Acrylic board clip
TX-9500,Tuner,AEC-037-0,AEC-037,Wire clip IS)
TX-9500,Tuner,AEC-079-0,AEC-079,Strain relief
TX-9500,Tuner,AEC-101-0,AEC-101,Pulley
TX-9500,Tuner,AEC-151-B,AEC-151,Wire supporter
TX-9500,Tuner,AEC-178-0,AEC-178,Foot
TX-9500,Tuner,AEC-191-0,AEC-191,Nylon sheet
TX-9500,Tuner,AEC-192-B,AEC-192,Acrylic board
TX-9500,Tuner,AEC-199-0,AEC-199,Lock plate
TX-9500,Tuner,AEK-103-0,AEK-103,"Fuse 2A (F3, lamps)"
TX-9500,Tuner,AEK-103-0,AEK-103,Fuse 2A (lamps)
TX-9500,Tuner,AEK-106-0,AEK-106,Fuse 1A
TX-9500,Tuner,AEK-106-0,AEK-106,Fuse 1A(primary) 220 or 240V
TX-9500,Tuner,AEK-107-0,AEK-107,"Fuse 0.5A (F4, primary)"
TX-9500,Tuner,AEK-107-0,AEK-107,"Fuse 0.5A (primary) 110,120 or130V"
TX-9500,Tuner,AEK-111-0,AEK-111,"Fuse 0.8A (F1, F2 secondary)"
TX-9500,Tuner,AEK-111-0,AEK-111,"Fuse 0.8A (F2, secondary)"
TX-9500,Tuner,AEK-111-0,AEK-111,Fuse 0.8A (secondary)
TX-9500,Tuner,AEK-111-0,AEK-111,Fuse 0.8A (secondary)
TX-9500,Tuner,AEL-025-0,AEL-025,"Lamp 6V (STEREO INDICATOR), 30mA (with leads)"
TX-9500,Tuner,AEL-029-0,AEL-029,"Lamp 8V, 300mA (wedge type)"
TX-9500,Tuner,AHA-081-0,AHA-081,Side pad
TX-9500,Tuner,AHD-249-0,AHD-249,Packing case
TX-9500,Tuner,AHG-026-B,AHG-026,Sheet
TX-9500,Tuner,AKA-002-A,AKA-002,Antenna terminal board
TX-9500,Tuner,AKB-013-0,AKB-013,Phono jack (2 jacks)
TX-9500,Tuner,AKB-014-0,AKB-014,Phone jack A (4 jacks)
TX-9500,Tuner,AKK-004-0,AKK-004,Lamp socket (wedge type)
TX-9500,Tuner,AKP-002-0,AKP-002,AC socket
TX-9500,Tuner,AKR-027-0,AKR-027,Fuse holder (line voltage selector)
TX-9500,Tuner,ANA-082-0,ANA-082,Front frame
TX-9500,Tuner,ANA-083-C,ANA-083,Center frame
TX-9500,Tuner,ANB-313-A,ANB-313,Front panel assembly
TX-9500,Tuner,ANC-188-0,ANC-188,Rear panel
TX-9500,Tuner,AND-084-A,AND-084,Dial stay
TX-9500,Tuner,ANE-078-C,ANE-078,Bottom plate
TX-9500,Tuner,ANE-079-0,ANE-079,Bonnet
TX-9500,Tuner,ANF-303-0,ANF-303,Side frame
TX-9500,Tuner,ANG-014-A,ANG-014,Pulley held metal
TX-9500,Tuner,ANG-115-0,ANG-115,Pulley-held metal
TX-9500,Tuner,ANH-250-A,ANH-250,Lamp board mount plate
TX-9500,Tuner,ANK-018-0,ANK-018,Hexagonal wrench
TX-9500,Tuner,ANK-077-0,ANK-077,Dial pointer guide plate
TX-9500,Tuner,ARB-132,ARB-132,Operating instructions TX-9500
TX-9500,Tuner,ARB-148-0,ARB-148,Operating instructions (English)
TX-9500,Tuner,ARD-082-0,ARD-082,Operating instructions (German/French)
TX-9500,Tuner,ART-106,ART-106,Service Manual TX-9500
TX-9500,Tuner,ART-113-0,ART-113,Service Manual (FV) TX-9500
TX-9500,Tuner,ASD-037-A,ASD-037,Rotary switch (FUNCTION)
TX-9500,Tuner,ASH-013-0,ASH-013,Slide switch (DE-EMPHASIS)
TX-9500,Tuner,ASH-013-A,ASH-013,Slide switch (DE-EMPHASIS)
TX-9500,Tuner,ASK-068-0,ASK-068,Lever switch (POWER)
TX-9500,Tuner,ASK-068-0,ASK-068,"Lever switch (S4, POWER)"
TX-9500,Tuner,ASK-087-B,ASK-087,Lever switch (MPX NOISE FILTER)
TX-9500,Tuner,ASK-090-A,ASK-090,Lever switch (FM MUTING)
TX-9500,Tuner,ATB-040-0,ATB-040,Bar-antenna
TX-9500,Tuner,ATT-235-A,ATT-235,Power transformer
TX-9500,Tuner,AWB-023-0,AWB-023,Front end
TX-9500,Tuner,AWD-007-0,AWD-007,MPX assembly
TX-9500,Tuner,AWE-055-A,AWE-055,AM-FM IF assembly
TX-9500,Tuner,AWK-040-0,AWK-040,AF oscillator assembly
TX-9500,Tuner,AWR-076-0,AWR-076,Power supply circuit assembly
TX-9500,Tuner,AWX-081-0,AWX-081,Lamp board assembly
TX-9500,Tuner,AXA-070-C,AXA-070,Dial drum assembly
TX-9500,Tuner,AXA-071-A,AXA-071,Tuning shaft assembly
TX-9500,Tuner,B11-037-0,B11-037,Pan head screw M3x6 (pit-shaped)
TX-9500,Tuner,B22-016-0,B22-016,Flat washer 9ɸ
TX-9500,Tuner,B22-017-0,B22-017,Flat washer 11ɸ
TX-9500,Tuner,B71-004-0,B71-004,Hex. nut 9:1:
TX-9500,Tuner,B71-005-0,B71-005,Hex. nut 11ɸ
TX-9500,Tuner,CQMA 103J 50,CQMA 103J 50,Mylar capacitor 0.01 50V
TX-9500,Tuner,CQMA 103J 50,CQMA 103J 50,Mylar capacitor 0.01 50V
TX-9500,Tuner,CQMA 512J 50,CQMA 512J 50,Mylar capacitor 0.0051 50V
TX-9500,Tuner,CQMA 512J 50,CQMA 512J 50,Mylar capacitor 0.0051 50V
TX-9500,Tuner,K13-047-0,K13-047,Ground terminal 4P
TX-9500,Tuner,K13-048-0,K13-048,Ground terminal 2P
TX-9500,Tuner,M49-025-E,M49-025,Pulley shaft
TX-9500,Tuner,M49-127-0,M49-127,Socket mount plate
TX-9500,Tuner,T22-025-A,T22-025,Ferrite balun
TX-9500,Tuner,W72-092-0,W72-092,Antenna holder assembly
TX-9500II,Tuner,AAA-038,AAA-038,Knob (TUNING)
TX-9500II,Tuner,AAB-116,AAB-116,Knob (FUNCTION)
TX-9500II,Tuner,AAB-116,AAB-116,Knob (OUTPUT LEVEL)
TX-9500II,Tuner,AAD-117,AAD-117,Knob (IF BAND)
TX-9500II,Tuner,AAD-117,AAD-117,Knob (MODE)
TX-9500II,Tuner,AAD-117,AAD-117,Knob (MUTING)
TX-9500II,Tuner,AAD-117,AAD-117,Knob (POWER)
TX-9500II,Tuner,AAF-054,AAF-054,Dial pointer
TX-9500II,Tuner,AAG-131,AAG-131,Dial panel assembly
TX-9500II,Tuner,AAW-054,AAW-054,Signal meter
TX-9500II,Tuner,AAW-055,AAW-055,Tuning meter
TX-9500II,Tuner,ACG-001,ACG-001,Ceramic 0.01 250V
TX-9500II,Tuner,ACV-178,ACV-178,Variable resistor 10k (OUTPUT LEVEL)
TX-9500II,Tuner,ADF-125,ADF-125,CORD SET
TX-9500II,Tuner,ADG-005,ADG-005,AC power cord (KU/KC)
TX-9500II,Tuner,ADG-016,ADG-016,AC power cord (S)
TX-9500II,Tuner,AEC-262,AEC-262,Antenna clamper
TX-9500II,Tuner,AEK-017,AEK-017,Fuse 2A (Secondary - HG)
TX-9500II,Tuner,AEK-031,AEK-031,Fuse 800mA (Secondary - HG)
TX-9500II,Tuner,AEK-031,AEK-031,Fuse 800mA (Secondary - HG)
TX-9500II,Tuner,AEK-103,AEK-103,Fuse 2A (Secondary - KU/KC)
TX-9500II,Tuner,AEK-106,AEK-106,Fuse 1A (Primary - KU/KC)
TX-9500II,Tuner,AEK-107,AEK-107,Fuse 500mA (Primary - S)
TX-9500II,Tuner,AEK-111,AEK-111,Fuse 800mA (Secondary - KC/KU)
TX-9500II,Tuner,AEK-111,AEK-111,Fuse 800mA (Secondary - KU/KC)
TX-9500II,Tuner,AEK-401,AEK-401,Fuse 500mA (Primary - HG)
TX-9500II,Tuner,AEL-029,AEL-029,"Lamp (Wedge type 8V, 300mA"
TX-9500II,Tuner,AEL-029,AEL-029,"Lamp (Wedge type) 8V, 300mA"
TX-9500II,Tuner,AEL-029,AEL-029,"Lamp (Wedge type) 8V, 300mA"
TX-9500II,Tuner,AEL-029,AEL-029,"Lamp (Wedge type) 8V, 300mA"
TX-9500II,Tuner,AEL-072,AEL-072,"Lamp with wire 8V, 50mA"
TX-9500II,Tuner,AEL-072,AEL-072,"Lamp with wire 8V, 50mA"
TX-9500II,Tuner,AEL-072,AEL-072,"PILOT LAMP(SPEAKER ""B""/STEREO)"
TX-9500II,Tuner,AEL-079,AEL-079,"Lamp with wire 6V, 30mA"
TX-9500II,Tuner,AEL-079,AEL-079,"Lamp with wire GV, 30mA"
TX-9500II,Tuner,AEL-080,AEL-080,"Lamp with wire 6V, 30mA"
TX-9500II,Tuner,AEL-080,AEL-080,PILOT LAMP
TX-9500II,Tuner,AKA-002,AKA-002,Terminal (ANTENNA - KU/KC/S)
TX-9500II,Tuner,AKA-007,AKA-007,Terminal (ANTENNA - HG)
TX-9500II,Tuner,AKB-034,AKB-034,Terminal (FM MULTIPATH)
TX-9500II,Tuner,AKB-035,AKB-035,Terminal (OUTPUT)
TX-9500II,Tuner,AKP-002,AKP-002,AC socket (AC OUTLET)
TX-9500II,Tuner,AKP-002,AKP-002,AC socket (OUTLET - KU/KC/S)
TX-9500II,Tuner,AKP-008,AKP-008,AC socket (INLET - HG)
TX-9500II,Tuner,AKR-031,AKR-031,Plug in selector (Line voltage selector 4 position - S)
TX-9500II,Tuner,AKX-037,AKX-037,Plug in selector (Line voltage selector 2 position - HG)
TX-9500II,Tuner,ANB-485,ANB-485,Front panel assembly
TX-9500II,Tuner,ANE-115,ANE-115,BONNET
TX-9500II,Tuner,ARB-207,ARB-207,Operating instructions (English - KU/KC)
TX-9500II,Tuner,ARB-218,ARB-218,Operating instructions (English - HG)
TX-9500II,Tuner,ARB-219,ARB-219,Operating instructions (English - S)
TX-9500II,Tuner,ARD-107,ARD-107,Operating instructions (German / French - HG)
TX-9500II,Tuner,ART-203-0,ART-203,Service Manual TX-9500II
TX-9500II,Tuner,ASD-063,ASD-063,Rotary switch (FUNCTION)
TX-9500II,Tuner,ASH-016,ASH-016,Slide switch(DE-EMPHASIS - KU/KC)
TX-9500II,Tuner,ASH-017,ASH-017,Slide switch(DE-EMPHASIS - S)
TX-9500II,Tuner,ASK-109,ASK-109,Lever switch (IF BAND)
TX-9500II,Tuner,ASK-111,ASK-111,Lever switch (MUTING)
TX-9500II,Tuner,ASK-113,ASK-113,Lever switch (MODE)
TX-9500II,Tuner,ASK-124,ASK-124,Lever switch(POWER - KU/KC)
TX-9500II,Tuner,ASK-127,ASK-127,Lever switch(POWER - HG)
TX-9500II,Tuner,ASK-128,ASK-128,Lever switch(POWER - S)
TX-9500II,Tuner,ATB-507,ATB-507,Bar antenna
TX-9500II,Tuner,ATT-347,ATT-347,Power transformer(KU/KC)
TX-9500II,Tuner,ATT-348,ATT-348,Power transformer(HG)
TX-9500II,Tuner,ATT-349,ATT-349,Power transformer(S)
TX-9500II,Tuner,AWB-023,AWB-023,FM front end
TX-9500II,Tuner,AWD-008,AWD-008,MPX AF assembly (HG)
TX-9500II,Tuner,AWD-009,AWD-009,MPX AF assembly
TX-9500II,Tuner,AWD-009,AWD-009,MPX AF assembly (KU/KC)
TX-9500II,Tuner,AWD-010,AWD-010,MPX AF assembly (S)
TX-9500II,Tuner,AWE-070,AWE-070,AM FM IF assembly
TX-9500II,Tuner,AWR-128,AWR-128,Power supply assembly (KU)
TX-9500II,Tuner,AWR-129,AWR-129,Power supply assembly (KC)
TX-9500II,Tuner,AWR-130,AWR-130,Power supply assembly (HG)
TX-9500II,Tuner,AWR-131,AWR-131,Power supply assembly (S)
TX-9500II,Tuner,AWX-104,AWX-104,Lamp board assembly
TX-9500II,Tuner,AXA-070,AXA-070,Dial drum assembly
TX-9500II,Tuner,AXA-114,AXA-114,Dial shaft assembly
TX-9500II,Tuner,AXB-011,AXB-011,Antenna holder
TX-9500II,Tuner,CKDYF 403Z 50,CKDYF 403Z 50,Ceramic 0.04 50V
TX-9500II,Tuner,RD½PS 225J,RD½PS 225J,Carbon film 2.2M
TX-9500II,Tuner,T22-025,T22-025,Ferrite balun
TX-9500II,Tuner,T24-030,T24-030,RF choke coil
TX-960,Tuner,ARP-820,ARP-820,S/M TX-960L(BK)
TX-960,Tuner,ASG-413,ASG-413,SWITCH(POWER/ON/STANDBY/SPKR)
TX-960,Tuner,ASG-711,ASG-711,SW(FUNCT)POWER
TX-970,Tuner,ARP-820,ARP-820,S/M TX-960L(BK)
TX-970,Tuner,ASG-413,ASG-413,SWITCH(POWER/ON/STANDBY/SPKR)
TX-9800,Tuner,AAA-057,AAA-057,KNOB(TUNING)
TX-9800,Tuner,AAB-196,AAB-196,KNOB(SPKR/BASS/TREBLE/BAL
TX-9800,Tuner,AAW-002,AAW-002,METER(TUNING)
TX-9800,Tuner,ARB-308,ARB-308,O/M TX-9800
TX-9800,Tuner,ART-346,ART-346,S/M(TX9800)
TX-9800,Tuner,ASK-109,ASK-109,SWITCH(TONE)
TX-9800,Tuner,ASK-112,ASK-112,SWITCH
TX-9800,Tuner,ASK-124,ASK-124,POWER SWITCH
TX-9800,Tuner,AXB-012,AXB-012,BRACKET F/ANTENNA SX750
TX-D1000,Tuner,AEL-315,AEL-315,LED
TX-D1000,Tuner,AEL-319,AEL-319,LED
TX-D1000,Tuner,ART-431,ART-431,S/M(TXD1000)
TX-D1000,Tuner,ASG-151,ASG-151,SWITCH(MEMORY/DOWN/UP/STATION C
TX-D1000,Tuner,ASG-217,ASG-217,SWITCH(POWER)
