model,category,part_number,normalized_part_number,description
A-27,Integrated Amplifier,AAB-165,AAB-165,Knob (VOLUME)
A-27,Integrated Amplifier,AAB-167,AAB-167,Knob (FUNCTION)
A-27,Integrated Amplifier,AAB-171,AAB-171,"Knob (SPEAKERS, BASS, TREBLE, BALANCE, MODE, DUPLICATE, CARTRIDGE LOAD)"
A-27,Integrated Amplifier,AAD-136,AAD-136,"Knob (POWER, TONE, SUBSONIC, MUTING)"
A-27,Integrated Amplifier,AAD-136,AAD-136,"Knob (TAPE MONITOR, PHONO)"
A-27,Integrated Amplifier,ACH-095,ACH-095,Electrolytic capacitor (18000uF 71V)
A-27,Integrated Amplifier,ACH-202,ACH-202,CAPACITOR
A-27,Integrated Amplifier,ACN-020,ACN-020,RESISTOR
A-27,Integrated Amplifier,ACN-022,ACN-022,Wire wound resistor 10Ω 10W - S
A-27,Integrated Amplifier,ACN-022,ACN-022,Wire wound resistor 10Ω 10W - S/G
A-27,Integrated Amplifier,ACV-191,ACV-191,Variable dual 10k (BALANCE)
A-27,Integrated Amplifier,ACW-109,ACW-109,Variable 100k (SUB BASS - 50Hz)
A-27,Integrated Amplifier,ACW-110,ACW-110,Variable 100k (MAlN BASS - 100Hz)
A-27,Integrated Amplifier,ACW-111,ACW-111,Variable 10k (MAlN TREBLE - 10kHz)
A-27,Integrated Amplifier,ACW-112,ACW-112,Variable 10k (SUB TREBLE - 20kHz)
A-27,Integrated Amplifier,ACW-117,ACW-117,Variable dual 50k (VOLUME)
A-27,Integrated Amplifier,ADG-015,ADG-015,AC power cord - S
A-27,Integrated Amplifier,ADG-015,ADG-015,AC power cord - S/G
A-27,Integrated Amplifier,ADG-029,ADG-029,AC power cord - KU
A-27,Integrated Amplifier,AEB-106,AEB-106,Rubber bracket
A-27,Integrated Amplifier,AEC-099,AEC-099,Capacitor cover (for C2) - S
A-27,Integrated Amplifier,AEC-099,AEC-099,Capacitor cover (for C2) - S/G
A-27,Integrated Amplifier,AEC-279,AEC-279,Capacitor cover (for C2) - KU
A-27,Integrated Amplifier,AEC-294,AEC-294,Capacitor cover (for C1) - KU
A-27,Integrated Amplifier,AEC-327,AEC-327,Strain reIief
A-27,Integrated Amplifier,AEC-410,AEC-410,Transistor cover
A-27,Integrated Amplifier,AEC-485,AEC-485,Foot assembly
A-27,Integrated Amplifier,AEK-108,AEK-108,Fuse 5A - KU
A-27,Integrated Amplifier,AEK-108,AEK-108,Fuse 5A - KU
A-27,Integrated Amplifier,AEK-109,AEK-109,"Fuse 6A (for 220, 240V) - S"
A-27,Integrated Amplifier,AEK-109,AEK-109,"Fuse 6A (for 220, 240V) - S/G"
A-27,Integrated Amplifier,AEK-113,AEK-113,"Fuse 12A (for 110, 120V) - S"
A-27,Integrated Amplifier,AEK-113,AEK-113,"Fuse 12A (for 110, 120V) - S/G"
A-27,Integrated Amplifier,AEL-047,AEL-047,Lamp with wires (8V 50mA)
A-27,Integrated Amplifier,AEX-001,AEX-001,Micro temp
A-27,Integrated Amplifier,AHA-172,AHA-172,Top pad L
A-27,Integrated Amplifier,AHA-173,AHA-173,Top pad R
A-27,Integrated Amplifier,AHA-174,AHA-174,Bottom pad L
A-27,Integrated Amplifier,AHA-175,AHA-175,Bottom pad R
A-27,Integrated Amplifier,AHA-196,AHA-196,Top pad
A-27,Integrated Amplifier,AHB-087,AHB-087,Spacer L
A-27,Integrated Amplifier,AHB-088,AHB-088,Spacer R
A-27,Integrated Amplifier,AHB-098,AHB-098,Cardboard Spacer - S/G
A-27,Integrated Amplifier,AHC-041,AHC-041,Inside packing
A-27,Integrated Amplifier,AHD-575,AHD-575,Packing case - KU
A-27,Integrated Amplifier,AHD-575,AHD-575,Packing case - S
A-27,Integrated Amplifier,AHD-585,AHD-585,Packing case - S/G
A-27,Integrated Amplifier,AHG-027,AHG-027,Vinyl pouch
A-27,Integrated Amplifier,AKB-051,AKB-051,"Terminal (TUNER, AUX, TAPE, PRE OUT, POWER AMP IN)"
A-27,Integrated Amplifier,AKB-052,AKB-052,Terminal (PHONO)
A-27,Integrated Amplifier,AKC-030,AKC-030,Terminal strip 2P - S
A-27,Integrated Amplifier,AKC-030,AKC-030,Terminal Strip 2P - S/G
A-27,Integrated Amplifier,AKE-037,AKE-037,"Terminal (SPEAKERS) - S,S/G"
A-27,Integrated Amplifier,AKE-039,AKE-039,Terminal (GND)
A-27,Integrated Amplifier,AKE-040,AKE-040,Terminal (SPEAKERS) - KU
A-27,Integrated Amplifier,AKF-028,AKF-028,Contact (for connector)
A-27,Integrated Amplifier,AKH-012,AKH-012,Transistor socket
A-27,Integrated Amplifier,AKM-050,AKM-050,Short plug
A-27,Integrated Amplifier,AKN-023,AKN-023,Phone jack (PHONES)
A-27,Integrated Amplifier,AKP-004,AKP-004,AC socket (AC OUTLETS) - KU
A-27,Integrated Amplifier,AKP-021,AKP-021,AC socket (AC OUTLETS) - S
A-27,Integrated Amplifier,AKP-021,AKP-021,AC Socket (AC OUTLETS) - S/G
A-27,Integrated Amplifier,AKR-031,AKR-031,Plug in selector (with fuse holder) - S
A-27,Integrated Amplifier,AKR-031,AKR-031,Plug in selector (with fuse holder) - S/G
A-27,Integrated Amplifier,AKR-032,AKR-032,Fuse holder 1P - KU
A-27,Integrated Amplifier,AKX-015,AKX-015,Connector housing 3P
A-27,Integrated Amplifier,AKX-016,AKX-016,Connector housing 4P
A-27,Integrated Amplifier,AKX-017,AKX-017,Connector housing 5P
A-27,Integrated Amplifier,AKX-018,AKX-018,Connector housing 6P
A-27,Integrated Amplifier,ANB-632,ANB-632,Front panel assembly
A-27,Integrated Amplifier,ANE-185,ANE-185,Top cover - S
A-27,Integrated Amplifier,ANE-185,ANE-185,Top cover - S/G
A-27,Integrated Amplifier,ANE-210,ANE-210,Top cover - KU
A-27,Integrated Amplifier,ANH-340,ANH-340,Heat sink
A-27,Integrated Amplifier,ANH-400,ANH-400,Heat sink
A-27,Integrated Amplifier,ANK-018,ANK-018,Hexagonal wrench
A-27,Integrated Amplifier,ARB-284,ARB-284,Operating instructions  A-27 - KU
A-27,Integrated Amplifier,ARB-288,ARB-288,Operating instructions  A-27 - S
A-27,Integrated Amplifier,ARB-288,ARB-288,Operating instructions  A-27 - S/G
A-27,Integrated Amplifier,ART-321-0,ART-321,Service manual addnl  A-27
A-27,Integrated Amplifier,ASD-102,ASD-102,Rotary (DUPLICATE)
A-27,Integrated Amplifier,ASD-110,ASD-110,Rotary (FUNCTION)
A-27,Integrated Amplifier,ASE-102,ASE-102,Rotary slide (CARTRIDGE LOAD)
A-27,Integrated Amplifier,ASE-102,ASE-102,Rotary slide (MODE)
A-27,Integrated Amplifier,ASE-104,ASE-104,Rotary slide (SPEAKERS)
A-27,Integrated Amplifier,ASH-002,ASH-002,"Slide switch (PRE/POWER AMP) - S, S/G"
A-27,Integrated Amplifier,ASH-002,ASH-002,Slide switch(PRE/POWER AMP)
A-27,Integrated Amplifier,ASK-139,ASK-139,Lever (PHONO)
A-27,Integrated Amplifier,ASK-139,ASK-139,Lever (TONE)
A-27,Integrated Amplifier,ASK-139,ASK-139,Lever switch (PHONO)
A-27,Integrated Amplifier,ASK-139,ASK-139,Lever switch (TONE)
A-27,Integrated Amplifier,ASK-142,ASK-142,"Lever (SUBSONIC, MUTING)"
A-27,Integrated Amplifier,ASK-143,ASK-143,Lever (TAPE MONITOR)
A-27,Integrated Amplifier,ASK-502,ASK-502,Lever switch (POWER) - S
A-27,Integrated Amplifier,ASK-502,ASK-502,Lever switch (POWER) - S/G
A-27,Integrated Amplifier,ASK-509,ASK-509,Lever switch (POWER) - KU
A-27,Integrated Amplifier,ASR-042,ASR-042,Relay (PHONES)
A-27,Integrated Amplifier,ASR-042,ASR-042,"Relay - S, S/G"
A-27,Integrated Amplifier,ASR-047,ASR-047,Relay (SPEAKER PROTECTION)
A-27,Integrated Amplifier,ASR-049,ASR-049,Relay
A-27,Integrated Amplifier,ASR-049,ASR-049,Relay - S
A-27,Integrated Amplifier,ASR-049,ASR-049,Relay - S/G
A-27,Integrated Amplifier,ATT-528,ATT-528,Power transformer (L)
A-27,Integrated Amplifier,ATT-528,ATT-528,Power transformer (L) - KU
A-27,Integrated Amplifier,ATT-529,ATT-529,Power transformer (R)
A-27,Integrated Amplifier,ATT-529,ATT-529,Power transformer (R) - KU
A-27,Integrated Amplifier,ATT-538,ATT-538,Power transformer (L) - S
A-27,Integrated Amplifier,ATT-538,ATT-538,Power transformer (L) - S/G
A-27,Integrated Amplifier,ATT-539,ATT-539,Power transformer (R) - S
A-27,Integrated Amplifier,ATT-539,ATT-539,Power transformer (R) - S/G
A-27,Integrated Amplifier,AWF-034,AWF-034,Head amplifier assembly
A-27,Integrated Amplifier,AWH-079,AWH-079,Power amplifier assembly
A-27,Integrated Amplifier,AWR-176,AWR-176,Power supply assemby
A-27,Integrated Amplifier,AWX-145,AWX-145,Surge killer assembly - KU
A-27,Integrated Amplifier,E11-024,E11-024,Vinyl bag
A-27,Integrated Amplifier,E11-033,E11-033,Vinyl pouch (for fuses) - S
A-27,Integrated Amplifier,E11-033,E11-033,Vinyl pouch (for fuses) - S/G
A-27,Integrated Amplifier,GWG-118,GWG-118,Volume assembly
A-27,Integrated Amplifier,GWG-119,GWG-119,Tone assembly
A-27,Integrated Amplifier,GWS-150,GWS-150,Function assembly
A-27,Integrated Amplifier,GWS-151,GWS-151,Duplicate assembly
A-27,Integrated Amplifier,GWX-137,GWX-137,Output terminal assembly - S
A-27,Integrated Amplifier,GWX-137,GWX-137,Output terminal assembly - S/G
A-27,Integrated Amplifier,GWX-138,GWX-138,Pin jack assembly - S
A-27,Integrated Amplifier,GWX-138,GWX-138,Pin jack assembly - S/G
A-27,Integrated Amplifier,GWX-139,GWX-139,Fuse holder assembly
A-27,Integrated Amplifier,GWX-140,GWX-140,Tr socket assembly A
A-27,Integrated Amplifier,GWX-141,GWX-141,Tr socket assembly B
A-27,Integrated Amplifier,GWX-142,GWX-142,Tr socket assembly C
A-27,Integrated Amplifier,GWX-143,GWX-143,Tr socket assembly D
A-27,Integrated Amplifier,GWX-210,GWX-210,Headphones assembly
A-27,Integrated Amplifier,GWX-211,GWX-211,Output terminal assembly - KU
A-27,Integrated Amplifier,GWX-212,GWX-212,Pin jack assembly - KU
A-40,Integrated Amplifier,ACH-238,ACH-238,CAPA(8200/56V)SA1060
A-40,Integrated Amplifier,ACN-131,ACN-131,RESISTOR(.22 OHMS/2 WATT X 2)
A-40,Integrated Amplifier,AEL-369,AEL-369,"LED(VCR#1/VCR#2 ""ORANGE"")"
A-40,Integrated Amplifier,AEL-370,AEL-370,LED SA930
A-40,Integrated Amplifier,AKH-017,AKH-017,TRANSISTOR SOCKET
A-40,Integrated Amplifier,ANB-632,ANB-632,FRONT PANEL
A-40,Integrated Amplifier,ARB-284,ARB-284,Operating instructions A-27
A-40,Integrated Amplifier,ASG-541,ASG-541,SWITCH(POWER/FUNCTION)
A-40,Integrated Amplifier,ASG-812,ASG-812,SWITCH(FUNCT-TUNER/PHONO/TAPE)
A-40,Integrated Amplifier,SEA8V2BBB4S,SEA8V2BBB4S,SWITCH(LOUDNESS/ADAPTOR/TAPE 2)
A-40,Integrated Amplifier,SEAV4S,SEAV4S,SWITCH(FUNCTION-AUX#1/#2...ETC.
A-40,Integrated Amplifier,SUL6MYBXSFC,SUL6MYBXSFC,"SWITCH(SPEAKER ""A""/""B"")"
A-5,Integrated Amplifier,ACH-211,ACH-211,CAPACITOR(5600 MFD/50 VOLTS)
A-5,Integrated Amplifier,ACT-140,ACT-140,CONTROL(BASS/TREBLE)
A-5,Integrated Amplifier,ADG-052,ADG-052,POWER CORD
A-5,Integrated Amplifier,AEK-101,AEK-101,FUSE(3 AMPS/125 VOLTS)
A-5,Integrated Amplifier,AKB-078,AKB-078,PIN JACK
A-5,Integrated Amplifier,AKB-079,AKB-079,PIN JACK
A-5,Integrated Amplifier,AKN-030,AKN-030,JACK(HEADPHONE)
A-5,Integrated Amplifier,ASG-278,ASG-278,SWITCH(LOUDNESS/MUTING)
A-5,Integrated Amplifier,ASG-288,ASG-288,SWITCH(SPEAKERS/TONE/MUTING)
A-5,Integrated Amplifier,ASG-408,ASG-408,SWITCH(FUNCTION)
A-5,Integrated Amplifier,ASG-521,ASG-521,SWITCH(POWER)
A-5,Integrated Amplifier,ASX-203,ASX-203,SWITCH(REC OUT SELECTOR)
A-51,Integrated Amplifier,AEK-125,AEK-125,FUSE 4A * REK1066
A-51,Integrated Amplifier,ASD1003,ASD1003,SWITCH(SPKR)
A-51,Integrated Amplifier,ASG-553,ASG-553,SWITCH(POWER)A91D
A-51,Integrated Amplifier,ASG1019,ASG1019,SWITCH(LOUDNESS/TAPE-3)
A-51,Integrated Amplifier,ASG1021,ASG1021,SWITCH(LOUDNESS)A71
A-51,Integrated Amplifier,ASG1032,ASG1032,SWITCH(DIRECT)
A-51,Integrated Amplifier,ASU1016,ASU1016,SWITCH(REC SELECTOR/INPUT SEL)
A-51,Integrated Amplifier,ASU1026,ASU1026,SWITCH(PHONO SELECTOR CONT)
A-51,Integrated Amplifier,ASU1038,ASU1038,SWITCH(REC SELECT)
A-51,Integrated Amplifier,ASU1039,ASU1039,SWITCH(INPUT SELECT)
A-6,Integrated Amplifier,AAB-270,AAB-270,Knob (VOLUME)
A-6,Integrated Amplifier,AAB-271,AAB-271,"Knob (BASS, TREBLE, REC-OUT SELECTOR)"
A-6,Integrated Amplifier,AAB-272,AAB-272,Knob (BALANCE)
A-6,Integrated Amplifier,AAD-338,AAD-338,Knob (POWER)
A-6,Integrated Amplifier,ACG-019,ACG-019,Ceramic capacitor (0.01/AC150V) - KU
A-6,Integrated Amplifier,ACH-212,ACH-212,Electrolytic (12000/56V)
A-6,Integrated Amplifier,ACT-140,ACT-140,Variable resistor 100K (BASS)
A-6,Integrated Amplifier,ACT-140,ACT-140,Variable resistor 100K (TREBLE)
A-6,Integrated Amplifier,ACV-410,ACV-410,"Variable resistor (VOLUME 100K, BALANCE 500K)"
A-6,Integrated Amplifier,ADG-041,ADG-041,AC power cord - HE
A-6,Integrated Amplifier,ADG-051,ADG-051,AC power cord - HB
A-6,Integrated Amplifier,ADG-052,ADG-052,AC power cord - KU
A-6,Integrated Amplifier,AEC-327,AEC-327,Strain relief
A-6,Integrated Amplifier,AEC-383,AEC-383,Foot assembly
A-6,Integrated Amplifier,AEK-017,AEK-017,Fuse (T2A/AC250V) - HB
A-6,Integrated Amplifier,AEK-017,AEK-017,Fuse (T2A/AC250V) - HE
A-6,Integrated Amplifier,AEK-108,AEK-108,Fuse (5A) - KU
A-6,Integrated Amplifier,AEK-108,AEK-108,Fuse (5A/125V)
A-6,Integrated Amplifier,AEK-403,AEK-403,Fuse (T2.5A/AC250V) - HE
A-6,Integrated Amplifier,AHD-921,AHD-921,Packing case
A-6,Integrated Amplifier,AKB-078,AKB-078,Terminal (TAPE 2)
A-6,Integrated Amplifier,AKB-078,AKB-078,Terminal (TAPE1)
A-6,Integrated Amplifier,AKB-079,AKB-079,Terminal (INPUT)
A-6,Integrated Amplifier,AKE-051,AKE-051,Terminal (SPEAKERS)
A-6,Integrated Amplifier,AKN-030,AKN-030,Headphone jack
A-6,Integrated Amplifier,AKP-026,AKP-026,AC socket (AC OUTLETS) - HE
A-6,Integrated Amplifier,AKP-041,AKP-041,AC socket (AC OUTLETS) - KU
A-6,Integrated Amplifier,AKP-044,AKP-044,AC socket (AC OUTLETS) - HB
A-6,Integrated Amplifier,ANE-345,ANE-345,Top cover
A-6,Integrated Amplifier,ANM-025,ANM-025,Front panel assembly
A-6,Integrated Amplifier,ARB-415,ARB-415,Operating instructions (English - KU)  A-6
A-6,Integrated Amplifier,ARB-422,ARB-422,Operating instructions (English - HB)  A-6
A-6,Integrated Amplifier,ARD-168,ARD-168,"Operating instructions (English, French, German, Italian - HE)  A-6"
A-6,Integrated Amplifier,ART-617-0,ART-617,Service manual Repair & adjustments  A-6
A-6,Integrated Amplifier,ART-618-0,ART-618,"Service manual Additional HE,HB  A-6"
A-6,Integrated Amplifier,ART-672-0,ART-672,Service manual  Circuit descriptions  A-6
A-6,Integrated Amplifier,ASG-278,ASG-278,Push switch (LOUDNESS)
A-6,Integrated Amplifier,ASG-287,ASG-287,Push switch
A-6,Integrated Amplifier,ASG-287,ASG-287,"Push switch (SPEAKERS, TONE, SUBSONIC,MUTING, PHONO)"
A-6,Integrated Amplifier,ASG-408,ASG-408,"Push switch (FUNCTlON - PHONO,TUNER,AUX,TAPE1,TAPE2)"
A-6,Integrated Amplifier,ASG-521,ASG-521,Push switch (POWER) - KU
A-6,Integrated Amplifier,ASG-522,ASG-522,Push switch (POWER) - HB
A-6,Integrated Amplifier,ASG-522,ASG-522,Push switch (POWER) - HE
A-6,Integrated Amplifier,ASR-033,ASR-033,Relay
A-6,Integrated Amplifier,ASX-169,ASX-169,Remote slide switch (REC OUT SELECTOR)
A-6,Integrated Amplifier,ASX-203,ASX-203,Remote slide switch (REC OUT SELECTOR)
A-6,Integrated Amplifier,ATT-796,ATT-796,Power transformer (120V) - KU
A-6,Integrated Amplifier,ATT-798,ATT-798,"Power transformer (220V, 240V) - HB"
A-6,Integrated Amplifier,ATT-798,ATT-798,"Power transformer (220V, 240V) - HE"
A-6,Integrated Amplifier,AWX-212,AWX-212,Composition assembly (Function switch ass’y + Tone control assembly)
A-6,Integrated Amplifier,GWK-179,GWK-179,AF assembly (KU)
A-6,Integrated Amplifier,GWK-181,GWK-181,AF assembly (HB)
A-6,Integrated Amplifier,GWK-181,GWK-181,AF assembly (HE)
A-6,Integrated Amplifier,GWX-659,GWX-659,Indicator assembly
A-60,Integrated Amplifier,AAB-308,AAB-308,Rotary knob A (VOLUME)
A-60,Integrated Amplifier,AAB-331,AAB-331,"Rotary knob S (BASS, TREBLE, BALANCE)"
A-60,Integrated Amplifier,AAD-544,AAD-544,Push knob A (POWER)
A-60,Integrated Amplifier,AAD-555,AAD-555,"Push knob B ass'y (LOUDNESS, SUBSONIC, TAPE1, TAPE2, MON OFF)"
A-60,Integrated Amplifier,AAD-559,AAD-559,"Function knob ass'y (MC/MM, PHONO, TUNER, CD/AUX)"
A-60,Integrated Amplifier,AAD-658,AAD-658,Push knob LS ass'y(LINE/STRAIGHT)
A-60,Integrated Amplifier,AAD-659,AAD-659,Push knob SP ass'y(SPEAKER)
A-60,Integrated Amplifier,ACE-214,ACE-214,Capacitor (0.22/AC125V) - KU
A-60,Integrated Amplifier,ACE-215,ACE-215,Capacitor (0.22/AC250V) - HB
A-60,Integrated Amplifier,ACE-215,ACE-215,Capacitor (0.22/AC250V) - HE
A-60,Integrated Amplifier,ACE-215,ACE-215,Capacitor (0.22/AC250V) - S
A-60,Integrated Amplifier,ACE-215,ACE-215,Capacitor (0.22/AC250V) - YP
A-60,Integrated Amplifier,ACG-001,ACG-001,Capacitor (0.01/AC250V) - KU
A-60,Integrated Amplifier,ACG-502,ACG-502,Capacitor (0.01/AC125V) - HB
A-60,Integrated Amplifier,ACG-502,ACG-502,Capacitor (0.01/AC125V) - HE
A-60,Integrated Amplifier,ACG-502,ACG-502,Capacitor (0.01/AC125V) - YP
A-60,Integrated Amplifier,ACH-263,ACH-263,CAPACITOR A60 (8200UF/56V)
A-60,Integrated Amplifier,ACH-264,ACH-264,CAPACITOR A60 (10000UF/80V)
A-60,Integrated Amplifier,ACN-139,ACN-139,RESISTOR(.33X2/5W)
A-60,Integrated Amplifier,ACT-177,ACT-177,Variable resistor dual 100k (BASS)
A-60,Integrated Amplifier,ACT-177,ACT-177,Variable resistor dual 100k (TREBLE)
A-60,Integrated Amplifier,ACT-184,ACT-184,Variable resistor dual 250k (BALANCE)
A-60,Integrated Amplifier,ACW-132,ACW-132,Variable resistor 68k (VOLUME)
A-60,Integrated Amplifier,ADG-060,ADG-060,AC power cord - S
A-60,Integrated Amplifier,ADG-063,ADG-063,AC power cord - HB
A-60,Integrated Amplifier,ADG-064,ADG-064,AC power cord - YP
A-60,Integrated Amplifier,ADG-068,ADG-068,AC power cord - HE
A-60,Integrated Amplifier,ADG-073,ADG-073,AC power cord - KU
A-60,Integrated Amplifier,AEC-383,AEC-383,Foot ass’y
A-60,Integrated Amplifier,AEC-525,AEC-525,Nylon rivet
A-60,Integrated Amplifier,AEC-800,AEC-800,Flexible ring
A-60,Integrated Amplifier,AEK-042,AEK-042,Fuse (T3.15A) - HB
A-60,Integrated Amplifier,AEK-042,AEK-042,Fuse (T3.15A) - HE
A-60,Integrated Amplifier,AEK-042,AEK-042,Fuse (T3.15A) - YP
A-60,Integrated Amplifier,AEK-124,AEK-124,Fuse (3.15A) - S
A-60,Integrated Amplifier,AEK-124,AEK-124,Fuse (3.15A) - S
A-60,Integrated Amplifier,AEK-309,AEK-309,Fuse (6.3A) - KU
A-60,Integrated Amplifier,AEK-401,AEK-401,Fuse (T500mA) - HB
A-60,Integrated Amplifier,AEK-401,AEK-401,Fuse (T500mA) - HB
A-60,Integrated Amplifier,AEK-401,AEK-401,Fuse (T500mA) - HE
A-60,Integrated Amplifier,AEK-401,AEK-401,Fuse (T500mA) - HE
A-60,Integrated Amplifier,AEL-404,AEL-404,LED
A-60,Integrated Amplifier,AHA-344,AHA-344,Side pad
A-60,Integrated Amplifier,AHE-221,AHE-221,Packing case - HB
A-60,Integrated Amplifier,AHE-221,AHE-221,Packing case - KU
A-60,Integrated Amplifier,AHE-221,AHE-221,Packing case - YP
A-60,Integrated Amplifier,AHE-252,AHE-252,Packing case - HE
A-60,Integrated Amplifier,AKB-094,AKB-094,Terminal (INPUT)
A-60,Integrated Amplifier,AKB-094,AKB-094,"Terminal (TAPE 1, TAPE 2)"
A-60,Integrated Amplifier,AKB-098,AKB-098,Terminal (PHONO L)
A-60,Integrated Amplifier,AKB-099,AKB-099,Terrnmal (PHONO R)
A-60,Integrated Amplifier,AKE-055,AKE-055,Terminal (SPEAKERS)
A-60,Integrated Amplifier,AKE-055,AKE-055,Terminal (SPEAKERS)
A-60,Integrated Amplifier,AKN-045,AKN-045,Phone jack (PHONES)
A-60,Integrated Amplifier,AKP-501,AKP-501,AC socket (AC OUTLETS) - KU
A-60,Integrated Amplifier,AKP-502,AKP-502,AC socket - HE
A-60,Integrated Amplifier,AKP-505,AKP-505,AC socket - HB
A-60,Integrated Amplifier,AKX-503,AKX-503,Line voltage selector - S
A-60,Integrated Amplifier,ANE-452,ANE-452,Bonnet case
A-60,Integrated Amplifier,ANM-432,ANM-432,Front Panel ass'y
A-60,Integrated Amplifier,ARB-555,ARB-555,Operating instructions  A-60 (English) - KU
A-60,Integrated Amplifier,ARB-555,ARB-555,Operating instructions  A-60 (English) - S
A-60,Integrated Amplifier,ARB-555,ARB-555,Operating instructions (English) - HB
A-60,Integrated Amplifier,ARB-555,ARB-555,Operating instructions (English) - KU
A-60,Integrated Amplifier,ARB-555,ARB-555,Operating instructions (English) - YP
A-60,Integrated Amplifier,ARC-058,ARC-058,Operating instructions  A-60 (Spanish) - S
A-60,Integrated Amplifier,ARE-073,ARE-073,"Operating instructions (English French, German, Italian) - HE"
A-60,Integrated Amplifier,ARP-318-0,ARP-318,Service manual  A-60 - KU
A-60,Integrated Amplifier,ASG-545,ASG-545,Push switch (POWER)
A-60,Integrated Amplifier,ASG-814,ASG-814,Push switch (FUNCTlON)
A-60,Integrated Amplifier,ASG-815,ASG-815,Push switch (SUBSONIC/TAPE 1 & 2/OFF)
A-60,Integrated Amplifier,ASH-028,ASH-028,Slide switch (SPEAKER IMPEDANCE)
A-60,Integrated Amplifier,ATS-014,ATS-014,Power transformer (120V) - KU
A-60,Integrated Amplifier,ATS-027,ATS-027,Power transformer (220V/240V) - HB
A-60,Integrated Amplifier,ATS-027,ATS-027,Power transformer (220V/240V) - HE
A-60,Integrated Amplifier,ATS-027,ATS-027,Power transformer (220V/240V) - YP
A-60,Integrated Amplifier,ATS-049,ATS-049,"Power transformer (110V, 120V, 220V, 240V) - S"
A-60,Integrated Amplifier,AWF-060,AWF-060,Equalizer amp. ass’y
A-60,Integrated Amplifier,GWG-179,GWG-179,Control ass'y
A-60,Integrated Amplifier,GWK-223,GWK-223,AF ass'y - KU
A-60,Integrated Amplifier,GWK-231,GWK-231,AF ass'y - HB
A-60,Integrated Amplifier,GWK-231,GWK-231,AF ass'y - HE
A-60,Integrated Amplifier,GWK-231,GWK-231,AF ass'y - YP
A-60,Integrated Amplifier,SEAV3S,SEAV3S,Push switch (LINE STRAIGHT)
A-60,Integrated Amplifier,SEAV3S,SEAV3S,Push switch (LOUDNESS)
A-60,Integrated Amplifier,SUN6MXBXSFC,SUN6MXBXSFC,Push switch (SPEAKERS)
A-66X,Integrated Amplifier,AAB-421,AAB-421,Rotary knob (VOLUME)(Black)
A-66X,Integrated Amplifier,AAB-422,AAB-422,Rotary knob (SPEAKERS) (Black)
A-66X,Integrated Amplifier,AAB-423,AAB-423,Rotary knob (BALANCE)(Black)
A-66X,Integrated Amplifier,AAB-424,AAB-424,Rotary knob (VOLUME)(Silver)
A-66X,Integrated Amplifier,AAB-425,AAB-425,Rotary knob (SPEAKERS)(Silver)
A-66X,Integrated Amplifier,AAB-426,AAB-426,Rotary knob (BALANCE)(Silver)
A-66X,Integrated Amplifier,AAY-232,AAY-232,Push knob (PHONO)(Silver)
A-66X,Integrated Amplifier,AAY-233,AAY-233,Push knob (TUNER)(Silver)
A-66X,Integrated Amplifier,AAY-234,AAY-234,Push knob (CD)(Silver)
A-66X,Integrated Amplifier,AAY-235,AAY-235,Push knob (AUX11)(Silver)
A-66X,Integrated Amplifier,AAY-236,AAY-236,Push knob (AUX2)(Silver)
A-66X,Integrated Amplifier,AAY-237,AAY-237,Push knob (AUX3)(Silver)
A-66X,Integrated Amplifier,AAY-238,AAY-238,Power knob (Silver)
A-66X,Integrated Amplifier,AAY-239,AAY-239,Push knob (A)(Silver)
A-66X,Integrated Amplifier,AAY-240,AAY-240,Push knob (B)(Silver)
A-66X,Integrated Amplifier,AAY-244,AAY-244,Push knob (PHONO)(Black)
A-66X,Integrated Amplifier,AAY-245,AAY-245,Push knob (TUNER)(Black)
A-66X,Integrated Amplifier,AAY-246,AAY-246,Push knob (CD)(Black)
A-66X,Integrated Amplifier,AAY-247,AAY-247,Push knob (AUX11)(Black)
A-66X,Integrated Amplifier,AAY-248,AAY-248,Push knob (AUX2)(Black)
A-66X,Integrated Amplifier,AAY-249,AAY-249,Push knob (AUX3)(Black)
A-66X,Integrated Amplifier,AAY-250,AAY-250,Power knob (Black)
A-66X,Integrated Amplifier,AAY-251,AAY-251,Push knob (A) (Black)
A-66X,Integrated Amplifier,AAY-252,AAY-252,Push knob (B) (Black)
A-66X,Integrated Amplifier,ABA-176,ABA-176,Screw
A-66X,Integrated Amplifier,ABA-258,ABA-258,Screw
A-66X,Integrated Amplifier,ABA-283,ABA-283,PWB Screw
A-66X,Integrated Amplifier,ABH-099,ABH-099,Coil spring
A-66X,Integrated Amplifier,ABH-159,ABH-159,Coil spring
A-66X,Integrated Amplifier,ABH-169,ABH-169,Coil spring
A-66X,Integrated Amplifier,ABN-028,ABN-028,Nut
A-66X,Integrated Amplifier,ACE-506,ACE-506,Ceramic capacitor 0.01/AC250V
A-66X,Integrated Amplifier,ACG-001,ACG-001,Ceramic capacitor 0.01/250V
A-66X,Integrated Amplifier,ACG-502,ACG-502,Ceramic capacitor 0.01/AC250V
A-66X,Integrated Amplifier,ACT-190,ACT-190,"(TONE BASS,TREBLE)"
A-66X,Integrated Amplifier,ACT-200,ACT-200,(MAIN VOLUME)
A-66X,Integrated Amplifier,ACW-136,ACW-136,(BALANCE)
A-66X,Integrated Amplifier,ADG-041,ADG-041,AC power cord (HE)
A-66X,Integrated Amplifier,ADG-051,ADG-051,AC power cord (HB)
A-66X,Integrated Amplifier,ADG-097,ADG-097,AC power cord (HEZ)
A-66X,Integrated Amplifier,AEC-327,AEC-327,Strain relief (HEZ)
A-66X,Integrated Amplifier,AEC-882,AEC-882,Strain relief (HB)
A-66X,Integrated Amplifier,AEC-882,AEC-882,Strain relief (HE)
A-66X,Integrated Amplifier,AEK-401,AEK-401,Fuse (0.5A)
A-66X,Integrated Amplifier,AEK-403,AEK-403,Fuse (2.5A)
A-66X,Integrated Amplifier,AEP-251,AEP-251,Leg
A-66X,Integrated Amplifier,AEP-313,AEP-313,Mica sheet
A-66X,Integrated Amplifier,AKB-117,AKB-117,"Terminal (CD, TUNER, TAPE1, TAPE2)"
A-66X,Integrated Amplifier,AKB-117,AKB-117,"Terminal (VIDEO1, VIDEO2, AUX3)"
A-66X,Integrated Amplifier,AKB-131,AKB-131,Terminal (PHONO L)
A-66X,Integrated Amplifier,AKB-132,AKB-132,Terminal (PHONO R)
A-66X,Integrated Amplifier,AKE-052,AKE-052,Terminal (SPEAKERS)
A-66X,Integrated Amplifier,AKE-055,AKE-055,8P speaker terminal (HB)
A-66X,Integrated Amplifier,AKE-055,AKE-055,8P speaker terminal (HE)
A-66X,Integrated Amplifier,AKN-045,AKN-045,Jack (PHONES)
A-66X,Integrated Amplifier,AKP-502,AKP-502,AC outlets (HE)
A-66X,Integrated Amplifier,AKP-502,AKP-502,AC outlets (HEZ)
A-66X,Integrated Amplifier,AKP-505,AKP-505,AC outlets (HB)
A-66X,Integrated Amplifier,ANE-586,ANE-586,Bonnet case (Black)
A-66X,Integrated Amplifier,ANE-589,ANE-589,Bonnet case (Silver)
A-66X,Integrated Amplifier,ANY-091,ANY-091,Front panel assembly (Silver)
A-66X,Integrated Amplifier,ANY-092,ANY-092,Front panel assembly (Black)
A-66X,Integrated Amplifier,ARB-713,ARB-713,Operating instructions (English) (HB)
A-66X,Integrated Amplifier,ARC-116,ARC-116,Operating instructions (German) (HEZ)
A-66X,Integrated Amplifier,ARE-159,ARE-159,Operating instructions (English/French/German/Italian) (HE)
A-66X,Integrated Amplifier,ASE-033,ASE-033,(SPEAKERS)
A-66X,Integrated Amplifier,ASG-553,ASG-553,Push (POWER)
A-66X,Integrated Amplifier,ASG-829,ASG-829,S501 (FUNCTION)
A-66X,Integrated Amplifier,ASR-072,ASR-072,RY501
A-66X,Integrated Amplifier,ASR-107,ASR-107,RY101
A-66X,Integrated Amplifier,ATS-252,ATS-252,"Power transformer (T1) (AC220, 240V)"
A-66X,Integrated Amplifier,ATS-253,ATS-253,Power transformer (T2) (AC220V)
A-66X,Integrated Amplifier,AWF-073,AWF-073,Equalizer assembly (HEZ)
A-66X,Integrated Amplifier,AWF-076,AWF-076,Equalizer assembly (HB)
A-66X,Integrated Amplifier,AWF-076,AWF-076,Equalizer assembly (HE)
A-66X,Integrated Amplifier,BBZ30P060FMC,BBZ30P060FMC,Screw
A-66X,Integrated Amplifier,BBZ30P060FZK,BBZ30P060FZK,Screw (3 x 6)
A-66X,Integrated Amplifier,BBZ30P080FZK,BBZ30P080FZK,Screw (3 x 8)
A-66X,Integrated Amplifier,FBT40P080FZK,FBT40P080FZK,Screw (4 x 8)
A-66X,Integrated Amplifier,GWK-265,GWK-265,AF assembly (HEZ)
A-66X,Integrated Amplifier,GWK-269,GWK-269,AF assembly (HB)
A-66X,Integrated Amplifier,GWK-269,GWK-269,AF assembly (HE)
A-66X,Integrated Amplifier,GWS-576,GWS-576,Control assembly
A-66X,Integrated Amplifier,NK70FUC,NK70FUC,Nut
A-66X,Integrated Amplifier,NK90FUC,NK90FUC,Nut
A-66X,Integrated Amplifier,SEA8V440L,SEA8V440L,(TAPE)
A-66X,Integrated Amplifier,SEAV2S,SEAV2S,"(LOUDNESS, MM-MC)"
A-66X,Integrated Amplifier,SEAV2S,SEAV2S,(SUBSONIC)
A-66X,Integrated Amplifier,SEAV3S,SEAV3S,(LINE STRAIGHT)
A-66X,Integrated Amplifier,VMZ30P060FMC,VMZ30P060FMC,Screw (3 x 6)
A-66X,Integrated Amplifier,VTZ40P080FMC,VTZ40P080FMC,Screw (4 x 8)
A-66X,Integrated Amplifier,WA35F100N080,WA35F100N080,Washer
A-7,Integrated Amplifier,AAB-258,AAB-258,Knob (A - VOLUME)
A-7,Integrated Amplifier,AAB-259,AAB-259,"Knob (B - TREBLE, BASS)"
A-7,Integrated Amplifier,AAB-260,AAB-260,"Knob (C - REC OUT, BALANCE)"
A-7,Integrated Amplifier,AAD-338,AAD-338,Push knob (A - MUTING)
A-7,Integrated Amplifier,AAD-339,AAD-339,Push knob (B)
A-7,Integrated Amplifier,AAD-340,AAD-340,"Push knob (C - MODE, LINE STRAIGHT, PHONO MM/MC)"
A-7,Integrated Amplifier,AAD-340,AAD-340,"Push knob (C - SPEAKERS, SUBSONIC FILTER, LOUDNESS)"
A-7,Integrated Amplifier,AAD-341,AAD-341,Function knob (A - PHONO)
A-7,Integrated Amplifier,AAD-342,AAD-342,Function knob (B - TUNER)
A-7,Integrated Amplifier,AAD-343,AAD-343,Function knob (C - AUX)
A-7,Integrated Amplifier,AAD-344,AAD-344,Function knob (D - TAPE1)
A-7,Integrated Amplifier,AAD-345,AAD-345,Function knob (E - TAPE2)
A-7,Integrated Amplifier,AAV-301,AAV-301,Power indicator
A-7,Integrated Amplifier,ABA-176,ABA-176,Screw
A-7,Integrated Amplifier,ABA-193,ABA-193,Screw
A-7,Integrated Amplifier,ABA-214,ABA-214,Screw
A-7,Integrated Amplifier,ABA-258,ABA-258,Screw
A-7,Integrated Amplifier,ABA-261,ABA-261,Screw
A-7,Integrated Amplifier,ABH-045,ABH-045,Spring
A-7,Integrated Amplifier,ABH-069,ABH-069,Spring
A-7,Integrated Amplifier,ABH-230,ABH-230,Capacitor
A-7,Integrated Amplifier,ABN-046,ABN-046,Boss
A-7,Integrated Amplifier,ABN-048,ABN-048,Washerfaced nut
A-7,Integrated Amplifier,ACH-230,ACH-230,CAPACITOR
A-7,Integrated Amplifier,ACP-078,ACP-078,Variable-resistor (LEVEL ADJ)
A-7,Integrated Amplifier,ACT-143,ACT-143,Variable 10k (BALANCE)
A-7,Integrated Amplifier,ACT-144,ACT-144,Variable 100k (BASS)
A-7,Integrated Amplifier,ACT-144,ACT-144,Variable 100k (TREBLE)
A-7,Integrated Amplifier,ACT-706,ACT-706,Variable (VOLUME)
A-7,Integrated Amplifier,ACV-143,ACV-143,Variable (BALANCE)
A-7,Integrated Amplifier,ACV-706,ACV-706,Volume dual 68k
A-7,Integrated Amplifier,ADG-041,ADG-041,AC power cord (HE)
A-7,Integrated Amplifier,ADG-051,ADG-051,AC power cord (HB)
A-7,Integrated Amplifier,AEC-083,AEC-083,Foot assembly
A-7,Integrated Amplifier,AEC-327,AEC-327,Strain relief
A-7,Integrated Amplifier,AEC-352,AEC-352,Nylon revet
A-7,Integrated Amplifier,AEC-564,AEC-564,Knob holder (A)
A-7,Integrated Amplifier,AEC-782,AEC-782,Spacer
A-7,Integrated Amplifier,AEK- 405,AEK- 405,Fuse T1 .6A FU2
A-7,Integrated Amplifier,AEK-400,AEK-400,Fuse T4A FU1
A-7,Integrated Amplifier,AEL-152,AEL-152,Lamp assembly
A-7,Integrated Amplifier,AEL-325,AEL-325,LED(POWER)
A-7,Integrated Amplifier,AEL-346,AEL-346,GREEN LED
A-7,Integrated Amplifier,AHA-277,AHA-277,Side pad (L)
A-7,Integrated Amplifier,AHA-278,AHA-278,Side pad (R)
A-7,Integrated Amplifier,AHD-871,AHD-871,Packing case
A-7,Integrated Amplifier,AKB-078,AKB-078,Pin jack 4P
A-7,Integrated Amplifier,AKB-079,AKB-079,Pin jack 6P
A-7,Integrated Amplifier,AKE-055,AKE-055,Terminal (SPEAKER)
A-7,Integrated Amplifier,AKN-029,AKN-029,Phones jack
A-7,Integrated Amplifier,AKX-057,AKX-057,Line voltage selector
A-7,Integrated Amplifier,ANB-975,ANB-975,Door assembly
A-7,Integrated Amplifier,ANB-980,ANB-980,Front panel assembly
A-7,Integrated Amplifier,ANE-330,ANE-330,Bonnet case
A-7,Integrated Amplifier,ANR-331,ANR-331,Center plate
A-7,Integrated Amplifier,ANR-333,ANR-333,Cover
A-7,Integrated Amplifier,ANR-340,ANR-340,Hinge (L)
A-7,Integrated Amplifier,ANR-341,ANR-341,Hinge (R)
A-7,Integrated Amplifier,ARB-394,ARB-394,Operation instructions  A-7 (KU)
A-7,Integrated Amplifier,ARB-400,ARB-400,Operation instructions  A-7 (E)
A-7,Integrated Amplifier,ARD-157,ARD-157,Operation instructions  A-7 (G/F)
A-7,Integrated Amplifier,ARP-082-0,ARP-082,Service manual additional  A-7 (HEZ)
A-7,Integrated Amplifier,ART-597-0,ART-597,Service manual  A-7 (HE/HB)
A-7,Integrated Amplifier,ASG-278,ASG-278,Push switch (MUTING)
A-7,Integrated Amplifier,ASG-279,ASG-279,"Push switch (PHONO MC, PHONO MM, LOUDNESS, SUBSONIC)"
A-7,Integrated Amplifier,ASG-280,ASG-280,"Push switch (LINE STRAIGHT, MODE, SPEAKERS)"
A-7,Integrated Amplifier,ASG-403,ASG-403,Push switch (FUNCTION)
A-7,Integrated Amplifier,ASG-535,ASG-535,Push switch (POWER - HE/HB)
A-7,Integrated Amplifier,ASH-068,ASH-068,Relay
A-7,Integrated Amplifier,ASK-154,ASK-154,Rotary switch (REC OUT SEL)
A-7,Integrated Amplifier,ASR-071,ASR-071,Relay
A-7,Integrated Amplifier,ASR-071,ASR-071,Relay
A-7,Integrated Amplifier,ASX-156,ASX-156,Rotary switch (REC OUT SELECT)
A-7,Integrated Amplifier,ATT-770,ATT-770,Power transformer  220V/240V (HE)
A-7,Integrated Amplifier,ATT-770-A,ATT-770,Power transformer  220V/240V (HEZ)
A-7,Integrated Amplifier,AWF-048,AWF-048,EQ assembly (HE)
A-7,Integrated Amplifier,AWF-054,AWF-054,EQ assembly (HEZ)
A-7,Integrated Amplifier,AWH-104,AWH-104,Power amplifier assembly (HE)
A-7,Integrated Amplifier,AWH-117,AWH-117,Power amplifier assembly (HEZ)
A-7,Integrated Amplifier,AWS-154,AWS-154,Switch assembly
A-7,Integrated Amplifier,AWS-154,AWS-154,Switch assembly
A-7,Integrated Amplifier,AWS-154,AWS-154,Switch assembly (HE)
A-7,Integrated Amplifier,AWS-159,AWS-159,Switch assembly (HEZ)
A-7,Integrated Amplifier,AXC-001,AXC-001,Door mechanical assembly
A-7,Integrated Amplifier,GWG-152,GWG-152,Tone control assembly
A-7,Integrated Amplifier,GWM-181,GWM-181,Protection assembly (HE)
A-7,Integrated Amplifier,GWM-182,GWM-182,Volume assembly
A-7,Integrated Amplifier,GWM-185,GWM-185,Function switch assembly
A-7,Integrated Amplifier,GWM-236,GWM-236,Protection assembly (HEZ)
A-7,Integrated Amplifier,GWR-131,GWR-131,Capacitor assembly
A-7,Integrated Amplifier,GWR-139,GWR-139,Power supply assembly
A-7,Integrated Amplifier,GWS-285,GWS-285,Muting switch assembly
A-7,Integrated Amplifier,GWX-571,GWX-571,Indicator assembly
A-7,Integrated Amplifier,STV2H-0,STV2H,Varistor
A-70,Integrated Amplifier,AAB-308,AAB-308,Knob A (VOLUME)
A-70,Integrated Amplifier,AAB-309,AAB-309,Knob B (BALANCE)
A-70,Integrated Amplifier,AAD-544,AAD-544,Knob A (POWER)
A-70,Integrated Amplifier,AAD-545,AAD-545,"Knob B (LINE STRAIGHT, SUBSONIC, TAPE COPY, TAPE MON, LOUDNESS)"
A-70,Integrated Amplifier,AAD-546,AAD-546,Knob C (MUTING)
A-70,Integrated Amplifier,AAD-547,AAD-547,Knob D (RANGE)
A-70,Integrated Amplifier,AAD-548,AAD-548,Knob SP A
A-70,Integrated Amplifier,AAD-549,AAD-549,Knob SP B
A-70,Integrated Amplifier,AAD-550,AAD-550,Knob (M/C)
A-70,Integrated Amplifier,AAD-551,AAD-551,Knob (PHONO)
A-70,Integrated Amplifier,AAD-552,AAD-552,Knob (TUNER)
A-70,Integrated Amplifier,AAD-553,AAD-553,Knob (AUX)
A-70,Integrated Amplifier,ACH-247,ACH-247,"Electrolytic (10,000/80V)"
A-70,Integrated Amplifier,ACH-254,ACH-254,Electrolytic (1000/63V)
A-70,Integrated Amplifier,ACN-039,ACN-039,RESISTOR(.22 OHMS/2 WATTS)
A-70,Integrated Amplifier,ACN-064,ACN-064,RESISTOR A70
A-70,Integrated Amplifier,ACT-145,ACT-145,Variable dual 250k (BALANCE)
A-70,Integrated Amplifier,ACW-129,ACW-129,Variable dual 68k (VOLUME)
A-70,Integrated Amplifier,ACX-117,ACX-117,"Slide variable dual 100K (BASS, TREBLE)"
A-70,Integrated Amplifier,ADG-052,ADG-052,AC power cord
A-70,Integrated Amplifier,AEC-327,AEC-327,Strain relief
A-70,Integrated Amplifier,AEL-388,AEL-388,"LED (BASS, TREBLE)"
A-70,Integrated Amplifier,AEL-388,AEL-388,LED(STEREO/POWER)
A-70,Integrated Amplifier,AEL-398,AEL-398,LED (PEAK POWER)
A-70,Integrated Amplifier,AEL-404,AEL-404,"LED (FUNCTION, MUTING)"
A-70,Integrated Amplifier,AEL-404,AEL-404,"LED (LINE STRAIGHT, SUBSONlC)"
A-70,Integrated Amplifier,AEL-404,AEL-404,"LED (POWER, SPEAKERS)"
A-70,Integrated Amplifier,AEL-404,AEL-404,"LED (TAPE, LOUDNESS)"
A-70,Integrated Amplifier,AKB-094,AKB-094,Terminal (TAPE 1)
A-70,Integrated Amplifier,AKB-094,AKB-094,Terminal (TAPE 2)
A-70,Integrated Amplifier,AKB-095,AKB-095,Terminal (INPUT)
A-70,Integrated Amplifier,AKE-055,AKE-055,Terminal (SPEAKERS)
A-70,Integrated Amplifier,AKN-042,AKN-042,Phone jack (PHONES)
A-70,Integrated Amplifier,AKP-501,AKP-501,AC socket
A-70,Integrated Amplifier,ANE-446,ANE-446,Bonnet
A-70,Integrated Amplifier,ANM-412,ANM-412,Front panel assembly
A-70,Integrated Amplifier,ARP-345-0,ARP-345,Service manual  A-70 (KU)
A-70,Integrated Amplifier,ASG-545,ASG-545,Push switch (POWER)
A-70,Integrated Amplifier,ASG-810,ASG-810,"Push switch (TAPE MONITOR, LOUDNESS)"
A-70,Integrated Amplifier,ASH-023,ASH-023,Slide switch (SPEAKER IMPEDANCE)
A-70,Integrated Amplifier,ASR-072,ASR-072,Relay
A-70,Integrated Amplifier,ASX-191,ASX-191,Remote push switch (MC/MM)
A-70,Integrated Amplifier,ATS-025,ATS-025,Power transformer
A-70,Integrated Amplifier,GWF-154,GWF-154,Equalizer assembly
A-70,Integrated Amplifier,GWK-225,GWK-225,AF assembly
A-70,Integrated Amplifier,GWS-438,GWS-438,Function switch assembly
A-70,Integrated Amplifier,GWX-827,GWX-827,LED assembly
A-70,Integrated Amplifier,SEA5V044L,SEA5V044L,Push switch (TAPE COPY)
A-70,Integrated Amplifier,SEA5V4B3B2S,SEA5V4B3B2S,"Push switch (SUBSONIC, LINE STRAIGHT, RANGE)"
A-70,Integrated Amplifier,SEAV4S,SEAV4S,Push switch (MUTlNG)
A-70,Integrated Amplifier,SUL5L4B4B4LFC,SUL5L4B4B4LFC,"Push switch (PHONO, TUNER, AUX)"
A-70,Integrated Amplifier,SUL5LYBYSFC,SUL5LYBYSFC,Push switch (SPEAKERS)
A-71,Integrated Amplifier,ACN-130,ACN-130,RESISTOR(.47 OHMS/5 WATT X 2)
A-71,Integrated Amplifier,AEK-309,AEK-309,FUSE 6.3A
A-71,Integrated Amplifier,ASD1003,ASD1003,SWITCH(SPKR)
A-71,Integrated Amplifier,ASG-553,ASG-553,SWITCH(POWER)A91D
A-71,Integrated Amplifier,ASG1021,ASG1021,SWITCH(LOUDNESS)A71
A-71,Integrated Amplifier,ASG1032,ASG1032,SWITCH(DIRECT)
A-71,Integrated Amplifier,ASU1008,ASU1008,SW(PHONO SELECTOR)A717
A-71,Integrated Amplifier,ASU1016,ASU1016,SWITCH(REC SELECTOR/INPUT SEL)
A-717,Integrated Amplifier,ACH-268,ACH-268,CAP(12000/71V)A-80
A-717,Integrated Amplifier,ACH-269,ACH-269,CAP(1000/100V)A-80
A-717,Integrated Amplifier,ACH1045,ACH1045,CAPACITOR A717(22000/63V)
A-717,Integrated Amplifier,ACN-139,ACN-139,RESISTOR(.33X2/5W)
A-717,Integrated Amplifier,ACN-144,ACN-144,RESISTOR(150 OHMS/10 WATTS)
A-717,Integrated Amplifier,ACN-146,ACN-146,RESISTOR A-80 .22/5WX2
A-717,Integrated Amplifier,AEC-613,AEC-613,FOOT ASSY
A-717,Integrated Amplifier,AEK1002,AEK1002,FUSE 8A
A-717,Integrated Amplifier,AEL-075,AEL-075,"SPKR, FUNCTION LAMP"
A-717,Integrated Amplifier,AEL-093,AEL-093,PILOT LAMP A-80
A-717,Integrated Amplifier,AEL-404,AEL-404,LED AX3
A-717,Integrated Amplifier,ASD1002,ASD1002,SW(SPKR)A7171
A-717,Integrated Amplifier,ASE-023,ASE-023,SWITCH(MODE)
A-717,Integrated Amplifier,ASG-545,ASG-545,SWITCH(POWER)
A-717,Integrated Amplifier,ASG-553,ASG-553,SWITCH(POWER)A91D
A-717,Integrated Amplifier,ASG1018,ASG1018,SW(DIRECT)A717
A-717,Integrated Amplifier,ASU1002,ASU1002,SW(REC SELECTOR)
A-717,Integrated Amplifier,ASU1006,ASU1006,SW(INPUT SELECTOR)A717
A-717,Integrated Amplifier,ASU1008,ASU1008,SW(PHONO SELECTOR)A717
A-717,Integrated Amplifier,SEAV2S,SEAV2S,SWITCH(RANGE/SUBSONIC/SIMULATED
A-717,Integrated Amplifier,SEAV4S,SEAV4S,SWITCH(FUNCTION-AUX#1/#2...ETC.
A-757,Integrated Amplifier,ACH1045,ACH1045,CAPACITOR A717(22000/63V)
A-757,Integrated Amplifier,ASD1003,ASD1003,SWITCH(SPKR)
A-757,Integrated Amplifier,ASG-553,ASG-553,SWITCH(POWER)A91D
A-757,Integrated Amplifier,ASG1019,ASG1019,SWITCH(LOUDNESS/TAPE-3)
A-757,Integrated Amplifier,ASG1032,ASG1032,SWITCH(DIRECT)
A-757,Integrated Amplifier,ASU1024,ASU1024,SWITCH (RECORD SELECTOR)
A-757,Integrated Amplifier,ASU1025,ASU1025,SWITCH(INPUT SELECTOR CONT
A-757,Integrated Amplifier,ASU1026,ASU1026,SWITCH(PHONO SELECTOR CONT)
A-77X,Integrated Amplifier,AAB-377,AAB-377,Knob (VOLUME)
A-77X,Integrated Amplifier,AAB-378,AAB-378,Rotary knob (PHONO-SELECTOR)
A-77X,Integrated Amplifier,AAB-380,AAB-380,Rotary knob (BALANCE)
A-77X,Integrated Amplifier,AAB-381,AAB-381,"Rotary knob (BASS, TREBLE)"
A-77X,Integrated Amplifier,AAB-427,AAB-427,Rotary knob (PHONO-SELECTOR) (Silver) - HE
A-77X,Integrated Amplifier,AAB-429,AAB-429,Rotary knob (BALANCE) (Silver) - HE
A-77X,Integrated Amplifier,AAB-430,AAB-430,"Rotary knob (BASS, TREBLE) (Silver) - HE"
A-77X,Integrated Amplifier,AAB-432,AAB-432,Knob (VOLUME) (Silver) - HE
A-77X,Integrated Amplifier,AAD-851,AAD-851,Push knob (CD)
A-77X,Integrated Amplifier,AAD-852,AAD-852,Push knob (PHONO)
A-77X,Integrated Amplifier,AAD-853,AAD-853,Push knob (TUNER)
A-77X,Integrated Amplifier,AAD-855,AAD-855,Push knob (VIDEO/AUX1)
A-77X,Integrated Amplifier,AAD-856,AAD-856,Push knob (AUX2)
A-77X,Integrated Amplifier,AAD-859,AAD-859,Push knob (MU)
A-77X,Integrated Amplifier,AAD-860,AAD-860,Push knob (SUB)
A-77X,Integrated Amplifier,AAD-862,AAD-862,Push knob (TAPE)
A-77X,Integrated Amplifier,AAD-864,AAD-864,Push knob (LINE STRAIGHT)
A-77X,Integrated Amplifier,AAD-866,AAD-866,Push knob (SP-A)
A-77X,Integrated Amplifier,AAD-867,AAD-867,Push knob (SP-B)
A-77X,Integrated Amplifier,AAD-868,AAD-868,Push knob (POWER)
A-77X,Integrated Amplifier,AAY-277,AAY-277,Push knob (POWER) (Silver) - HE
A-77X,Integrated Amplifier,ABH-135,ABH-135,Spring
A-77X,Integrated Amplifier,ACG-502,ACG-502,Capacitor (0.01/AC250V)
A-77X,Integrated Amplifier,ACH-107,ACH-107,Electrolytic capacitor (8200/63V)
A-77X,Integrated Amplifier,ACT-179,ACT-179,Varable resistor 250k (BALANCE)
A-77X,Integrated Amplifier,ACT-190,ACT-190,"Variable resistor (TREBLE, BASS)"
A-77X,Integrated Amplifier,ACW-132,ACW-132,Variable resistor 68k (VOLUME)
A-77X,Integrated Amplifier,ADG-041,ADG-041,AC power cord - HE
A-77X,Integrated Amplifier,ADG-051,ADG-051,AC power cord - HB
A-77X,Integrated Amplifier,ADG-087,ADG-087,AC power cord - S
A-77X,Integrated Amplifier,ADG-087,ADG-087,AC power cord - S/G
A-77X,Integrated Amplifier,ADG-089,ADG-089,AC power cord - KU
A-77X,Integrated Amplifier,AEB-257,AEB-257,Lamp holder
A-77X,Integrated Amplifier,AEC-716,AEC-716,Lamp cap
A-77X,Integrated Amplifier,AEC-800,AEC-800,Flexible ring
A-77X,Integrated Amplifier,AEC-882,AEC-882,Strain relief - HB
A-77X,Integrated Amplifier,AEC-882,AEC-882,Strain relief - HE
A-77X,Integrated Amplifier,AEK-017,AEK-017,Fuse (T2A) - HE
A-77X,Integrated Amplifier,AEK-124,AEK-124,Fuse (3.15A) - S
A-77X,Integrated Amplifier,AEK-124,AEK-124,Fuse (3.15A) - S/G
A-77X,Integrated Amplifier,AEK-309,AEK-309,Fuse (6.3A)
A-77X,Integrated Amplifier,AEK-309,AEK-309,Fuse (6.3A) - KU
A-77X,Integrated Amplifier,AEK-401,AEK-401,Fuse (T500mA) - HE
A-77X,Integrated Amplifier,AEK-505,AEK-505,Fuse (T500mA) - HB
A-77X,Integrated Amplifier,AEK-511,AEK-511,Fuse (T2A) - HB
A-77X,Integrated Amplifier,AEL-161,AEL-161,Pilot lamp
A-77X,Integrated Amplifier,AEL-175,AEL-175,Pilot lamp (LINE STRAIGHT)
A-77X,Integrated Amplifier,AEL-383,AEL-383,LED (MUTING)
A-77X,Integrated Amplifier,AEL-383,AEL-383,"LED (SPA, SPB)"
A-77X,Integrated Amplifier,AEL-383,AEL-383,LED (SUBSONIC)
A-77X,Integrated Amplifier,AEL-383,AEL-383,LED (TAPE COPY)
A-77X,Integrated Amplifier,AEL-383,AEL-383,LED(POWER)SAV1200BK
A-77X,Integrated Amplifier,AEL-388,AEL-388,"LED (TAPE1/2, FUNCTIONS)"
A-77X,Integrated Amplifier,AEL-388,AEL-388,LED(STEREO/POWER)
A-77X,Integrated Amplifier,AEP-194,AEP-194,Nylon rivet (Black) - HB
A-77X,Integrated Amplifier,AEP-194,AEP-194,Nylon rivet (Black) - HE
A-77X,Integrated Amplifier,AEP-194,AEP-194,Nylon rivet (Black) - KU
A-77X,Integrated Amplifier,AEP-194,AEP-194,Nylon rivet (Black) - S
A-77X,Integrated Amplifier,AEP-194,AEP-194,Nylon rivet (Black) - S/G
A-77X,Integrated Amplifier,AEP-210,AEP-210,Nylon rivet (Silver) - HE
A-77X,Integrated Amplifier,AEP-211,AEP-211,Nylon rivet
A-77X,Integrated Amplifier,AEP-251,AEP-251,Leg assembly
A-77X,Integrated Amplifier,AHA-328,AHA-328,Side pad (L)
A-77X,Integrated Amplifier,AHA-329,AHA-329,Side pad (R)
A-77X,Integrated Amplifier,AHB-149,AHB-149,Protector A
A-77X,Integrated Amplifier,AHB-150,AHB-150,Protector B
A-77X,Integrated Amplifier,AHB-152,AHB-152,Carton spacer - S/G
A-77X,Integrated Amplifier,AHE-517,AHE-517,Packing case
A-77X,Integrated Amplifier,AHE-517,AHE-517,Packing case (Black) - KU
A-77X,Integrated Amplifier,AHE-517,AHE-517,Packing case (Black) - S
A-77X,Integrated Amplifier,AHE-602,AHE-602,Packing case (Black) - S/G
A-77X,Integrated Amplifier,AHE-629,AHE-629,Packing case (Black) - HB
A-77X,Integrated Amplifier,AHE-629,AHE-629,Packing case (Black) - HE
A-77X,Integrated Amplifier,AHE-630,AHE-630,Packing case (Silver) - HE
A-77X,Integrated Amplifier,AKB-115,AKB-115,"Terminal 4P (VIDEO, SOUND/AUX1, AUX2)"
A-77X,Integrated Amplifier,AKB-116,AKB-116,"Terminal 4P (TAPE1, TAPE2)"
A-77X,Integrated Amplifier,AKB-117,AKB-117,"Terminal 6P (PHONO, CD, TU)"
A-77X,Integrated Amplifier,AKE-110,AKE-110,Terminal 4P (SPEAKER)
A-77X,Integrated Amplifier,AKN-945,AKN-945,Jack (PHONES)
A-77X,Integrated Amplifier,AKP-502,AKP-502,AC socket 3P - HE
A-77X,Integrated Amplifier,AKP-504,AKP-504,AC socket 3P - KU
A-77X,Integrated Amplifier,AKP-504,AKP-504,AC socket 3P - S
A-77X,Integrated Amplifier,AKP-504,AKP-504,AC socket 3P - S/G
A-77X,Integrated Amplifier,AKP-505,AKP-505,AC socket 3P - HB
A-77X,Integrated Amplifier,AKX-507,AKX-507,Line voltage selector - S
A-77X,Integrated Amplifier,AKX-507,AKX-507,Line voltage selector - S/G
A-77X,Integrated Amplifier,AMS-057,AMS-057,Side board - KU
A-77X,Integrated Amplifier,AMS-057,AMS-057,Side board - S
A-77X,Integrated Amplifier,AMS-057,AMS-057,Side board - S/G
A-77X,Integrated Amplifier,ANE-547,ANE-547,Bonnet case
A-77X,Integrated Amplifier,ANE-573,ANE-573,Bonnet case (Silver) - HE
A-77X,Integrated Amplifier,ANM-943,ANM-943,Front panel assembly
A-77X,Integrated Amplifier,ANY-048,ANY-048,Front panel assembly (black) - HB
A-77X,Integrated Amplifier,ANY-048,ANY-048,Front panel assembly (black) - HE
A-77X,Integrated Amplifier,ANY-048,ANY-048,Front panel assembly (black) - KU
A-77X,Integrated Amplifier,ANY-048,ANY-048,Front panel assembly (black) - S
A-77X,Integrated Amplifier,ANY-048,ANY-048,Front panel assembly (black) - S/G
A-77X,Integrated Amplifier,ANY-052,ANY-052,Front panel assembly (silver) - HE
A-77X,Integrated Amplifier,ARB-660,ARB-660,Operating instructions  A-77X  (English) - HB
A-77X,Integrated Amplifier,ARB-660,ARB-660,Operating instructions  A-77X  (English) - S
A-77X,Integrated Amplifier,ARB-660,ARB-660,Operating instructions  A-77X  (English) - S/G
A-77X,Integrated Amplifier,ARB-660,ARB-660,Operating instructions  A-77X (English) - KU
A-77X,Integrated Amplifier,ARE-140,ARE-140,Operating instructions  A-77X (English/German/French/Italian) - HE
A-77X,Integrated Amplifier,ARP-691-0,ARP-691,Service manual  A-77X (KU)
A-77X,Integrated Amplifier,ARP-692-0,ARP-692,"Service manual  A-77X (HE, HB, S, S/G)"
A-77X,Integrated Amplifier,ASG-545,ASG-545,Push switch (POWER)
A-77X,Integrated Amplifier,ASG-821,ASG-821,Push switch (FUNCTIONS)
A-77X,Integrated Amplifier,ASG-822,ASG-822,"Push switch (TAPE COPY, TAPE MON)"
A-77X,Integrated Amplifier,ASR-108,ASR-108,Relay
A-77X,Integrated Amplifier,ASX-199,ASX-199,Remote slide switch (MC-MM) Eq Assembly
A-77X,Integrated Amplifier,ASX-207,ASX-207,Remote slide rotary switch (PHONO)
A-77X,Integrated Amplifier,ATS-203,ATS-203,Power transformer (AC120V) - KU
A-77X,Integrated Amplifier,ATS-203,ATS-203,Power transformer (AC120V) - KU
A-77X,Integrated Amplifier,ATS-204,ATS-204,Power transformer (AC120V) - KU
A-77X,Integrated Amplifier,ATS-204,ATS-204,Power transformer (Power supply assembly GWR-217)
A-77X,Integrated Amplifier,ATS-216,ATS-216,"Power transformer (AC220V, 240V) - HB"
A-77X,Integrated Amplifier,ATS-216,ATS-216,"Power transformer (AC220V, 240V) - HB"
A-77X,Integrated Amplifier,ATS-216,ATS-216,"Power transformer (AC220V, 240V) - HE"
A-77X,Integrated Amplifier,ATS-216,ATS-216,"Power transformer (AC220V, 240V) - HE"
A-77X,Integrated Amplifier,ATS-217,ATS-217,Power transformer (AC220V) - HB
A-77X,Integrated Amplifier,ATS-217,ATS-217,Power transformer (AC220V) - HE
A-77X,Integrated Amplifier,ATS-224,ATS-224,"Power transformer (AC110,120, 220, 240V) - S"
A-77X,Integrated Amplifier,ATS-224,ATS-224,"Power transformer (AC110,120, 220, 240V) - S/G"
A-77X,Integrated Amplifier,ATS-224,ATS-224,"Power translormer (AC110, 120, 220, 240V) - S"
A-77X,Integrated Amplifier,ATS-224,ATS-224,"Power translormer (AC110, 120, 220, 240V) - S/G"
A-77X,Integrated Amplifier,ATS-226,ATS-226,Power transformer (AC120V only) - S
A-77X,Integrated Amplifier,ATS-226,ATS-226,Power transformer (AC120V only) - S/G
A-77X,Integrated Amplifier,GWF-161,GWF-161,Equalizer assembly
A-77X,Integrated Amplifier,GWH-171,GWH-171,Voltage amp. assembly
A-77X,Integrated Amplifier,GWH-172,GWH-172,Output (L) assembly
A-77X,Integrated Amplifier,GWH-173,GWH-173,Output (R) assembly
A-77X,Integrated Amplifier,GWR-217,GWR-217,Power supply assembly - KU
A-77X,Integrated Amplifier,GWR-222,GWR-222,Power supply assembly - HB
A-77X,Integrated Amplifier,GWR-222,GWR-222,Power supply assembly - HE
A-77X,Integrated Amplifier,GWR-225,GWR-225,Power supply assembly - S
A-77X,Integrated Amplifier,GWR-225,GWR-225,Power supply assembly - S/G
A-77X,Integrated Amplifier,GWS-523,GWS-523,Function switch assembly
A-77X,Integrated Amplifier,GWS-524,GWS-524,Muting switch assembly
A-77X,Integrated Amplifier,GWY-107,GWY-107,Pin jack assembly
A-77X,Integrated Amplifier,GWY-111,GWY-111,Volume assembly
A-77X,Integrated Amplifier,SEA5V2B2S,SEA5V2B2S,"Push switch (SP-A,SP-B)"
A-77X,Integrated Amplifier,SEAV3S,SEAV3S,Push switch (LINE STRAIGHT)
A-77X,Integrated Amplifier,SEAV4S,SEAV4S,Push switch (MUTING)
A-77X,Integrated Amplifier,SEAV4S,SEAV4S,Push switch (SUBSONIC)
A-77X,Integrated Amplifier,SEAV4S,SEAV4S,SWITCH(FUNCTION-AUX#1/#2...ETC.
A-8,Integrated Amplifier,AAB-259,AAB-259,KNOB(BASS/TREBLE)
A-8,Integrated Amplifier,AAV-301,AAV-301,"LED meter module (KU, KC)"
A-8,Integrated Amplifier,ACH-209,ACH-209,CAPA(12000/63V)
A-8,Integrated Amplifier,ACT-143,ACT-143,Variable 10k (BALANCE)
A-8,Integrated Amplifier,ADG-041,ADG-041,"AC power cord (HE, HB)"
A-8,Integrated Amplifier,ADG-046,ADG-046,"AC power cord (S, S/G)"
A-8,Integrated Amplifier,ADG-052,ADG-052,"AC power cord (KU, KC)"
A-8,Integrated Amplifier,AEL-325,AEL-325,LED(POWER)
A-8,Integrated Amplifier,AEL-346,AEL-346,GREEN LED
A-8,Integrated Amplifier,AKX-057,AKX-057,"Line voltage selector (HE, HB)"
A-8,Integrated Amplifier,AKX-063,AKX-063,"Line voltage selector (S, S/G)"
A-8,Integrated Amplifier,ANB-976,ANB-976,DOOR
A-8,Integrated Amplifier,ARB-395,ARB-395,Operating instructions  A-8
A-8,Integrated Amplifier,ARP-052-0,ARP-052,Service manual  A-8
A-8,Integrated Amplifier,ASG-278,ASG-278,Muting switch
A-8,Integrated Amplifier,ASG-280,ASG-280,SWITCH(FUNCTION)
A-8,Integrated Amplifier,ASG-281,ASG-281,PUSH SWITCH
A-8,Integrated Amplifier,ASG-403,ASG-403,Function switch
A-8,Integrated Amplifier,ASG-533,ASG-533,"Power switch (S, S/G)"
A-8,Integrated Amplifier,ASG-534,ASG-534,"Power switch (KU, KC)"
A-8,Integrated Amplifier,ASG-535,ASG-535,"Power switch (HE, HB)"
A-8,Integrated Amplifier,ASR-071,ASR-071,Relay
A-8,Integrated Amplifier,ASX-156,ASX-156,REC OUT selector switch
A-8,Integrated Amplifier,ATT-763,ATT-763,Power transformer (KU)
A-8,Integrated Amplifier,ATT-764,ATT-764,Power transformer (KC)
A-8,Integrated Amplifier,ATT-765-A,ATT-765,"Power transformer (S, S/G)"
A-8,Integrated Amplifier,ATT-766-A,ATT-766,"Power transformer (HE, HB)"
A-8,Integrated Amplifier,AWF-049,AWF-049,Equalizer assembly
A-8,Integrated Amplifier,AWH-108,AWH-108,Power amp assembly (KU)
A-8,Integrated Amplifier,AWH-108,AWH-108,"Power amp assembly (S, S/G)"
A-8,Integrated Amplifier,AWH-110,AWH-110,Power amp assembly (KC)
A-8,Integrated Amplifier,AWH-112,AWH-112,"Power amp assembly (HE, HB)"
A-8,Integrated Amplifier,AWS-154,AWS-154,Switch assembly A
A-8,Integrated Amplifier,AXC-008,AXC-008,DOOR
A-8,Integrated Amplifier,GWG-152,GWG-152,Tone control assembly
A-8,Integrated Amplifier,GWM-181,GWM-181,Protection assembly
A-8,Integrated Amplifier,GWM-182,GWM-182,Volume assembly A
A-8,Integrated Amplifier,GWM-185,GWM-185,Function switch assembly
A-8,Integrated Amplifier,GWR-135,GWR-135,"Power supply assembly (KU, KC)"
A-8,Integrated Amplifier,GWR-138,GWR-138,"Power supply assembly (S, S/G)"
A-8,Integrated Amplifier,GWR-139,GWR-139,"Power supply assembly (HE, HB)"
A-8,Integrated Amplifier,GWS-285,GWS-285,Muting switch assembly
A-8,Integrated Amplifier,GWX-571,GWX-571,"Indicator assembly (HE, HB)"
A-80,Integrated Amplifier,AAB-311,AAB-311,Rotary knob B (BALANCE)
A-80,Integrated Amplifier,AAB-313,AAB-313,Rotary knob D (PHONO SEL)
A-80,Integrated Amplifier,AAB-337,AAB-337,Rotary knob A (VOLUME)
A-80,Integrated Amplifier,AAB-338,AAB-338,"Rotary knob E (BASS, TREBLE)"
A-80,Integrated Amplifier,AAB-346,AAB-346,"Rotary knob C (SPEAKERS, MODE, TAPE COPY, TAPE MON)"
A-80,Integrated Amplifier,AAD-556,AAD-556,Push knob C assembly (MUTING)
A-80,Integrated Amplifier,AAD-585,AAD-585,Push knob E (POWER)
A-80,Integrated Amplifier,AAD-589,AAD-589,Push knob D assembly (RANGE)
A-80,Integrated Amplifier,AAD-674,AAD-674,"Push knob A assembly (PHONO, TUNER)"
A-80,Integrated Amplifier,AAD-675,AAD-675,"Push knob B assembly (CD/AUX1, AUX2)"
A-80,Integrated Amplifier,AAD-676,AAD-676,"Push knob E assembly (LINE STRAIGHT, SUBSONIC)"
A-80,Integrated Amplifier,AAX-192,AAX-192,label (240V)
A-80,Integrated Amplifier,AAX-193,AAX-193,label (220V)
A-80,Integrated Amplifier,ACH-268,ACH-268,"Electrolytic (12,000/71V)"
A-80,Integrated Amplifier,ACH-269,ACH-269,"Electrolytic (10,000/100V)"
A-80,Integrated Amplifier,ACN-144,ACN-144,RESISTOR(150 OHMS/10 WATTS)
A-80,Integrated Amplifier,ACN-146,ACN-146,RESISTOR A-80 .22/5WX2
A-80,Integrated Amplifier,ACT-179,ACT-179,Volume resistor 250k (BALANCE)
A-80,Integrated Amplifier,ACT-180,ACT-180,"Variable resistor 100k (TREBLE, BASS)"
A-80,Integrated Amplifier,ACW-132,ACW-132,Variable resistor 68k (VOLUME)
A-80,Integrated Amplifier,ADG-041,ADG-041,AC power cord - HE
A-80,Integrated Amplifier,ADG-049,ADG-049,AC power cord - S
A-80,Integrated Amplifier,ADG-049,ADG-049,AC power cord - S/G
A-80,Integrated Amplifier,ADG-051,ADG-051,AC power cord - HB
A-80,Integrated Amplifier,AEC-327,AEC-327,Strain relief
A-80,Integrated Amplifier,AEC-613,AEC-613,FOOT ASSY
A-80,Integrated Amplifier,AEK-036,AEK-036,Fuse (T0.2A) - HE
A-80,Integrated Amplifier,AEK-110,AEK-110,Fuse (8A/125V) - S
A-80,Integrated Amplifier,AEK-110,AEK-110,Fuse (8A/125V) - S/G
A-80,Integrated Amplifier,AEK-119,AEK-119,Fuse (8A/125V) - S
A-80,Integrated Amplifier,AEK-119,AEK-119,Fuse (8A/125V) - S/G
A-80,Integrated Amplifier,AEK-402,AEK-402,Fuse (T1A) - HE
A-80,Integrated Amplifier,AEK-404,AEK-404,Fuse (T6.3A) - HE
A-80,Integrated Amplifier,AEK-407,AEK-407,Fuse (T0.4A) - HE
A-80,Integrated Amplifier,AEL-075,AEL-075,"Lamp 8V, 50mA (SPKR, FUNCTION LAMP)"
A-80,Integrated Amplifier,AEL-093,AEL-093,"Lamp 8V, 50mA (PILOT)"
A-80,Integrated Amplifier,AEL-404,AEL-404,"LED (PEAK POWER, LINE STRAIGHT, SUBSONIC)"
A-80,Integrated Amplifier,AEL-404,AEL-404,"LED (TAPE COPY, TAPE MONITOR, FUNCTION, MUTING)"
A-80,Integrated Amplifier,AHA-323,AHA-323,Side pad L
A-80,Integrated Amplifier,AHA-329,AHA-329,Side pad H
A-80,Integrated Amplifier,AHE-251,AHE-251,Packing case - HE
A-80,Integrated Amplifier,AHE-251,AHE-251,Packing case - S
A-80,Integrated Amplifier,AHE-260,AHE-260,Packing case - S/G
A-80,Integrated Amplifier,AKB-094,AKB-094,Terminal (TAPE 1 )
A-80,Integrated Amplifier,AKB-094,AKB-094,Terminal (TAPE 2)
A-80,Integrated Amplifier,AKB-100,AKB-100,Terminal (PHONO)
A-80,Integrated Amplifier,AKB-101,AKB-101,"Terminal (TUNER, CD/AUX1, AUX2)"
A-80,Integrated Amplifier,AKE-052,AKE-052,Terminal (SPEAKERS)
A-80,Integrated Amplifier,AKN-050,AKN-050,Headphone jack
A-80,Integrated Amplifier,AKP-501,AKP-501,AC socket - S
A-80,Integrated Amplifier,AKP-501,AKP-501,AC socket - S/G
A-80,Integrated Amplifier,AKP-502,AKP-502,AC socket - HE
A-80,Integrated Amplifier,AKP-505,AKP-505,AC socket - HB
A-80,Integrated Amplifier,AKX-504,AKX-504,Line voltage selector - S
A-80,Integrated Amplifier,AKX-504,AKX-504,Line voltage selector - S/G
A-80,Integrated Amplifier,ANE-459,ANE-459,Bonnet
A-80,Integrated Amplifier,ANM-453,ANM-453,Front panel assembly
A-80,Integrated Amplifier,ARB-575,ARB-575,Operating instructions  A-80 (English) - S
A-80,Integrated Amplifier,ARB-575,ARB-575,Operating instructions  A-80 (English) - S/G
A-80,Integrated Amplifier,ARB-575,ARB-575,Operating instructions A-80 (English) - HB
A-80,Integrated Amplifier,ARE-087,ARE-087,"Operating instructions  A-80 (English, French, German, Italian) - HE"
A-80,Integrated Amplifier,ARE-087,ARE-087,"Operating instructions A-80 (EngIish, German, French, Italian) - HE"
A-80,Integrated Amplifier,ARP-349-0,ARP-349,Service manual  A-80
A-80,Integrated Amplifier,ASE-023,ASE-023,"Slide rotary swltch (TAPE MONITOR, MODE)"
A-80,Integrated Amplifier,ASE-025,ASE-025,Slide rotary switch (TAPE COPY)
A-80,Integrated Amplifier,ASG-545,ASG-545,Push switch (POWER)
A-80,Integrated Amplifier,ASH-028,ASH-028,Slide switch (SPEAKER IMPEDANCE)
A-80,Integrated Amplifier,ASR-067,ASR-067,Relay (PROT)
A-80,Integrated Amplifier,ASR-072,ASR-072,Relay
A-80,Integrated Amplifier,ASX-116,ASX-116,Remote slide rotary switch (SPEAKERS)
A-80,Integrated Amplifier,ASX-118,ASX-118,Side switch (SPEAKERS)
A-80,Integrated Amplifier,ASX-196,ASX-196,Slide switch (PHONO SELECTOR)
A-80,Integrated Amplifier,ASX-205,ASX-205,Remote slide rotary switch (PHONO SELECTOR)
A-80,Integrated Amplifier,ATS-041,ATS-041,Power transformer (220/240V) - HE
A-80,Integrated Amplifier,ATS-053,ATS-053,Power transformer (110/120/220/240V) - S
A-80,Integrated Amplifier,ATS-053,ATS-053,Power transformer (110/120/220/240V) - S/G
A-80,Integrated Amplifier,ATT-987,ATT-987,MC transformer
A-80,Integrated Amplifier,AWH-124,AWH-124,Power amp. assembly
A-80,Integrated Amplifier,AWP-014,AWP-014,Output assembly
A-80,Integrated Amplifier,GWF-155,GWF-155,Equalizer assembly
A-80,Integrated Amplifier,GWG-183,GWG-183,Tone control assembly
A-80,Integrated Amplifier,GWR-188,GWR-188,Regulator assembly
A-80,Integrated Amplifier,SEAV2S,SEAV2S,Push switch (RANGE)
A-80,Integrated Amplifier,SEAV4S,SEAV4S,"Push switch (LINE STRAIGHT, SUBSONIC)"
A-80,Integrated Amplifier,SEAV4S,SEAV4S,Push switch (MUTING)
A-80,Integrated Amplifier,SUL6L4B4B4B4LFC,SUL6L4B4B4B4LFC,Push switch (FUNCTION)
A-858,Integrated Amplifier,ACN-130,ACN-130,RESISTOR(.47 OHMS/5 WATT X 2)
A-858,Integrated Amplifier,ACT1053,ACT1053,Variable resistor (BALANCE) (250k×2)
A-858,Integrated Amplifier,ACT1054,ACT1054,"Variable resistor (BASS, TREBLE) (100k-20A×2)"
A-858,Integrated Amplifier,ACW1007,ACW1007,Variable resistor (VOLUME) (60kx2)
A-858,Integrated Amplifier,ADG1036,ADG1036,AC power cord
A-858,Integrated Amplifier,AKB1007,AKB1007,"Pin jack 4P (TAPE2, DAT/TAPE1)"
A-858,Integrated Amplifier,AKB1027,AKB1027,Pin jack 1P (PHONO L)
A-858,Integrated Amplifier,AKB1028,AKB1028,Pin jack 1P (PHONO R)
A-858,Integrated Amplifier,AKB1029,AKB1029,"Pin jack 6P (CD, TUNER, LINE)"
A-858,Integrated Amplifier,AKE1015,AKE1015,Speaker terminal 4P (SPEAKERS A/B)
A-858,Integrated Amplifier,AKN1002,AKN1002,Headphone jack (PHONES)
A-858,Integrated Amplifier,ARP1815,ARP1815,Service manual  A-858 (HEZ)
A-858,Integrated Amplifier,ASD1003,ASD1003,Rotary switch (SPEAKERS)
A-858,Integrated Amplifier,ASG-553,ASG-553,Push switch (POWER)
A-858,Integrated Amplifier,ASG-711,ASG-711,Tact switch (MUTING)
A-858,Integrated Amplifier,ASG1019,ASG1019,Push switch (ADPT1/TAPE3)
A-858,Integrated Amplifier,ASG1021,ASG1021,Push switch (LOUDNESS)
A-858,Integrated Amplifier,ASG1032,ASG1032,Push switch (DIRECT)
A-858,Integrated Amplifier,ASR1014,ASR1014,Relay
A-858,Integrated Amplifier,ASR1026,ASR1026,Relay
A-858,Integrated Amplifier,ASU1008,ASU1008,Remote slide switch (PHONO SELECTOR)
A-858,Integrated Amplifier,ASU1016,ASU1016,"Remote slide switch (INPUT SELECTOR, REC SELECTOR)"
A-858,Integrated Amplifier,ASU1027,ASU1027,Switch (REC SELECTOR)
A-858,Integrated Amplifier,ASU1028,ASU1028,Switch (INPUT)
A-858,Integrated Amplifier,ASU1029,ASU1029,Switch (PHONO)
A-858,Integrated Amplifier,ATS1198,ATS1198,Power transformer (HEZ)
A-858,Integrated Amplifier,ATS1199,ATS1199,Power transformer (HEZ)
A-858,Integrated Amplifier,AWZ2324,AWZ2324,Power amp assembly
A-858,Integrated Amplifier,AWZ2325,AWZ2325,Power supply assembly
A-858,Integrated Amplifier,AWZ2326,AWZ2326,Speaker term. assembly
A-858,Integrated Amplifier,AWZ2327,AWZ2327,Phono amp assembly
A-858,Integrated Amplifier,AWZ2328,AWZ2328,Headphone assembly
A-858,Integrated Amplifier,AWZ2340,AWZ2340,Speaker switch assembly
A-858,Integrated Amplifier,AWZ2341,AWZ2341,Tone amp assembly
A-858,Integrated Amplifier,AWZ2342,AWZ2342,Rec out assembly
A-858,Integrated Amplifier,AWZ2343,AWZ2343,Input selector assembly
A-88X,Integrated Amplifier,AAB-378,AAB-378,Rotary knob PHONO-SELECTOR)
A-88X,Integrated Amplifier,AAB-379,AAB-379,Rotary knob
A-88X,Integrated Amplifier,AAB-380,AAB-380,Rotary knob (BALANCE)
A-88X,Integrated Amplifier,AAB-381,AAB-381,"Rotary knob (BASS, TREBLE)"
A-88X,Integrated Amplifier,AAB-400,AAB-400,Knob (VOLUME)
A-88X,Integrated Amplifier,AAD-851,AAD-851,Push knob (CD)
A-88X,Integrated Amplifier,AAD-852,AAD-852,Push knob (PHONO)
A-88X,Integrated Amplifier,AAD-853,AAD-853,Push knob (TUNER)
A-88X,Integrated Amplifier,AAD-855,AAD-855,Push knob (VIDEO/AUX1)
A-88X,Integrated Amplifier,AAD-856,AAD-856,Push knob (AUX2)
A-88X,Integrated Amplifier,AAD-858,AAD-858,Push knob (LINE STRAIGHT)
A-88X,Integrated Amplifier,AAD-859,AAD-859,Push knob (MUTlNG)
A-88X,Integrated Amplifier,AAD-860,AAD-860,Push knob (SUBSONlC)
A-88X,Integrated Amplifier,AAD-861,AAD-861,Push knob (POWER)
A-88X,Integrated Amplifier,ABA-283,ABA-283,Screw
A-88X,Integrated Amplifier,ABH-135,ABH-135,Spring
A-88X,Integrated Amplifier,ABN-028,ABN-028,Special nut
A-88X,Integrated Amplifier,ACE-216,ACE-216,Capacitor (0.1/AC125V)
A-88X,Integrated Amplifier,ACH-106,ACH-106,Electrolytic capacitor (10000/71Vl
A-88X,Integrated Amplifier,ACN-190,ACN-190,Cement resistor
A-88X,Integrated Amplifier,ACT-132,ACT-132,Variable resistor 68k (VOLUME)
A-88X,Integrated Amplifier,ACT-179,ACT-179,Variable resistor 250k (BALANCE)
A-88X,Integrated Amplifier,ACT-189,ACT-189,"Variable 50k-X2 (TREBLE, BASS)"
A-88X,Integrated Amplifier,ADG-089,ADG-089,AC Power cord
A-88X,Integrated Amplifier,AEC-716,AEC-716,Lamp cap (Green)
A-88X,Integrated Amplifier,AEC-783,AEC-783,Lamp cap (Red)
A-88X,Integrated Amplifier,AEC-800,AEC-800,Flexible ring
A-88X,Integrated Amplifier,AEK-304,AEK-304,"Fuse (FU1, FU2)"
A-88X,Integrated Amplifier,AEL-065,AEL-065,Pilot lamp (Blue lead)
A-88X,Integrated Amplifier,AEL-067,AEL-067,Pilot lamp (Black lead)
A-88X,Integrated Amplifier,AEL-172,AEL-172,Pilot lamp
A-88X,Integrated Amplifier,AEL-383,AEL-383,LED(POWER)SAV1200BK
A-88X,Integrated Amplifier,AEL-388,AEL-388,LED(STEREO/POWER)
A-88X,Integrated Amplifier,AEP-211,AEP-211,Nylon rivet
A-88X,Integrated Amplifier,AEP-251,AEP-251,Leg assembly
A-88X,Integrated Amplifier,AHA-328,AHA-328,Side pad L
A-88X,Integrated Amplifier,AHA-329,AHA-329,Side pad R
A-88X,Integrated Amplifier,AHB-149,AHB-149,Protector A
A-88X,Integrated Amplifier,AHB-150,AHB-150,Protector B
A-88X,Integrated Amplifier,AHE-516,AHE-516,Packing case
A-88X,Integrated Amplifier,AKB-114,AKB-114,Terminal 2P (PHONO)
A-88X,Integrated Amplifier,AKB-115,AKB-115,"Terminal 4P (CD,TU, VIDEO SOUND AUX1, AUX2)"
A-88X,Integrated Amplifier,AKB-116,AKB-116,"Terminal 4P (TAPE1, TAPE2)"
A-88X,Integrated Amplifier,AKE-110,AKE-110,Terminal (SPEAKER)
A-88X,Integrated Amplifier,AKN-045,AKN-045,Jack (PHONES)
A-88X,Integrated Amplifier,AKP-504,AKP-504,AC socket 3P
A-88X,Integrated Amplifier,AMS-057,AMS-057,Side board assembly
A-88X,Integrated Amplifier,ANE-547,ANE-547,Bonnet case
A-88X,Integrated Amplifier,ANM-941,ANM-941,Front panel
A-88X,Integrated Amplifier,ARB-659,ARB-659,Operating instructions A-88A
A-88X,Integrated Amplifier,ARP-688-0,ARP-688,Service manual  A-88X (KU)
A-88X,Integrated Amplifier,ASD-128,ASD-128,Rotary switch (TAPE COPY)
A-88X,Integrated Amplifier,ASE-023,ASE-023,Slide rotary switch (MODE)
A-88X,Integrated Amplifier,ASE-031,ASE-031,Slide rotary switch (TAPE MONITOR)
A-88X,Integrated Amplifier,ASE-032,ASE-032,Slide rotary switch (SPEAKER)
A-88X,Integrated Amplifier,ASG-545,ASG-545,Push switch (POWER)
A-88X,Integrated Amplifier,ASG-821,ASG-821,Push switch (FUNCTION)
A-88X,Integrated Amplifier,ASR-073,ASR-073,Relay
A-88X,Integrated Amplifier,ASR-077,ASR-077,Relay
A-88X,Integrated Amplifier,ASR-108,ASR-108,Relay
A-88X,Integrated Amplifier,ASX-199,ASX-199,Remote slide switch (MC-MM)
A-88X,Integrated Amplifier,ASX-206,ASX-206,Remote slide rotary switch (MC-MM)
A-88X,Integrated Amplifier,ATS-201,ATS-201,Power transformer
A-88X,Integrated Amplifier,ATS-202,ATS-202,Power transformer
A-88X,Integrated Amplifier,ATT-987,ATT-987,MC Transformer
A-88X,Integrated Amplifier,GWF-160,GWF-160,Equalizer assembly
A-88X,Integrated Amplifier,GWG-186,GWG-186,Tone assembly
A-88X,Integrated Amplifier,GWH-168,GWH-168,Voltage amplification assembly
A-88X,Integrated Amplifier,GWH-169,GWH-169,Output L assembly
A-88X,Integrated Amplifier,GWH-170,GWH-170,Output R assembly
A-88X,Integrated Amplifier,GWR-203,GWR-203,Power supply assembly
A-88X,Integrated Amplifier,GWS-519,GWS-519,Function assembly
A-88X,Integrated Amplifier,GWS-520,GWS-520,Tape mode assembly
A-88X,Integrated Amplifier,GWS-521,GWS-521,Tape display assembly
A-88X,Integrated Amplifier,GWS-522,GWS-522,Muting assembly
A-88X,Integrated Amplifier,GWY-106,GWY-106,Pin jack assembly
A-88X,Integrated Amplifier,GWY-110,GWY-110,Volume assembly
A-88X,Integrated Amplifier,SEAV2S,SEAV2S,Push switch (SUBSONIC)
A-88X,Integrated Amplifier,SEAV4S,SEAV4S,Push switch (LINE STRAIGHT)
A-88X,Integrated Amplifier,SEAV4S,SEAV4S,Push switch (MUTING)
A-9,Integrated Amplifier,2SA1076/A/-B (2SA1076/A/-G),2SA1076/A/-B (2SA1076/A/-G),Transistor
A-9,Integrated Amplifier,2SC2526/A/-B (2SC2526/A/-G),2SC2526/A/-B (2SC2526/A/-G),Transistor
A-9,Integrated Amplifier,AAB-258,AAB-258,Knob (VOLUME)
A-9,Integrated Amplifier,AAB-260,AAB-260,"Knob (BALANCE, REC CUT SELECTOR)"
A-9,Integrated Amplifier,AAB-261,AAB-261,"Knob (BASS, TREBLE)"
A-9,Integrated Amplifier,AAB-262,AAB-262,Knob (5k/2.5k)
A-9,Integrated Amplifier,AAB-263,AAB-263,Knob (200/400)
A-9,Integrated Amplifier,AAB-662,AAB-662,Knob (5k/2.5k)
A-9,Integrated Amplifier,AAD-338,AAD-338,Knob (POWER)
A-9,Integrated Amplifier,AAD-339,AAD-339,Knob (MUTING)
A-9,Integrated Amplifier,AAD-340,AAD-340,Push knob C
A-9,Integrated Amplifier,AAD-346,AAD-346,Knob (PHONO)
A-9,Integrated Amplifier,AAD-347,AAD-347,knob (TUNER)
A-9,Integrated Amplifier,AAD-348,AAD-348,Knob (AUX)
A-9,Integrated Amplifier,AAD-349,AAD-349,knob (TAPE 1)
A-9,Integrated Amplifier,AAD-350,AAD-350,Knob (TAPE 2)
A-9,Integrated Amplifier,AAV-302,AAV-302,LED level meter module
A-9,Integrated Amplifier,ABA-100,ABA-100,Screw 5X12
A-9,Integrated Amplifier,ABA-193,ABA-193,Screw
A-9,Integrated Amplifier,ABA-214,ABA-214,Screw
A-9,Integrated Amplifier,ABA-258,ABA-258,Screw
A-9,Integrated Amplifier,ABA-261,ABA-261,Brazier head screw
A-9,Integrated Amplifier,ABH-045,ABH-045,Coiled spring
A-9,Integrated Amplifier,ABH-069,ABH-069,Coiled spring
A-9,Integrated Amplifier,ABN-046,ABN-046,Union nut
A-9,Integrated Amplifier,ABN-048,ABN-048,Washerlacrzd nut
A-9,Integrated Amplifier,ABN-066,ABN-066,Union nut
A-9,Integrated Amplifier,ACH-210,ACH-210,Electrolytic capacitor (15000/71V)
A-9,Integrated Amplifier,ACT-507,ACT-507,Variable resistor with switch (BALANCE)
A-9,Integrated Amplifier,ACW-128,ACW-128,Variable resistor (VOLUME)
A-9,Integrated Amplifier,ADG-041,ADG-041,AC power cord (for HE type)
A-9,Integrated Amplifier,ADG-051,ADG-051,AC power cord (for HB type)
A-9,Integrated Amplifier,ADG-052,ADG-052,"AC power cord - S,S/G"
A-9,Integrated Amplifier,AEC-083,AEC-083,Cabinet bumper
A-9,Integrated Amplifier,AEC-327,AEC-327,Strain relief
A-9,Integrated Amplifier,AEC-352,AEC-352,Nylon rivet
A-9,Integrated Amplifier,AEC-488,AEC-488,Insulator wafer
A-9,Integrated Amplifier,AEC-564,AEC-564,Knob holder
A-9,Integrated Amplifier,AEK-015,AEK-015,Fuse (5A) 220/240V - HE
A-9,Integrated Amplifier,AEK-104,AEK-104,Fuse (1.5A) - S
A-9,Integrated Amplifier,AEK-104,AEK-104,Fuse (1.5A) - S/G
A-9,Integrated Amplifier,AEK-106,AEK-106,Fuse (1A) - S
A-9,Integrated Amplifier,AEK-106,AEK-106,Fuse (1A) - S/G
A-9,Integrated Amplifier,AEK-108,AEK-108,Fuse (5A) 220/240V - S
A-9,Integrated Amplifier,AEK-108,AEK-108,Fuse (5A) 220/240V - S/G
A-9,Integrated Amplifier,AEK-114,AEK-114,Fuse (10A) 110/120V - S
A-9,Integrated Amplifier,AEK-114,AEK-114,Fuse (10A) 110/120V - S/G
A-9,Integrated Amplifier,AEK-402,AEK-402,Fuse (1A) - HE
A-9,Integrated Amplifier,AEK-405,AEK-405,Fuse(T1.6A 250V)
A-9,Integrated Amplifier,AEL-153,AEL-153,Lamp assumbly (4 lamps)
A-9,Integrated Amplifier,AEL-325,AEL-325,LED (Orange)
A-9,Integrated Amplifier,AEL-346,AEL-346,LED (Green)
A-9,Integrated Amplifier,AEL-357,AEL-357,LED (Red/Green)
A-9,Integrated Amplifier,AHA-279,AHA-279,Side pad L
A-9,Integrated Amplifier,AHA-280,AHA-280,Side pad R
A-9,Integrated Amplifier,AHC-063,AHC-063,lnside packing
A-9,Integrated Amplifier,AHD-874,AHD-874,Packing case
A-9,Integrated Amplifier,AKB-078,AKB-078,"Terminal (TUNER, AUX)"
A-9,Integrated Amplifier,AKB-078,AKB-078,"Terminal(TAPE 1, 2)"
A-9,Integrated Amplifier,AKB-080,AKB-080,Termmal (PHONO)
A-9,Integrated Amplifier,AKE-052,AKE-052,Terminal(SPEAKERS)
A-9,Integrated Amplifier,AKN-028,AKN-028,Phono jack (PHONES)
A-9,Integrated Amplifier,AKR-031,AKR-031,"Line voltage selector - S,S/G"
A-9,Integrated Amplifier,AKX-057,AKX-057,"Line voltage selector (HE,HB)"
A-9,Integrated Amplifier,ANB-977,ANB-977,Door assembly
A-9,Integrated Amplifier,ANB-984,ANB-984,Front panel assembly
A-9,Integrated Amplifier,ANE-333,ANE-333,Top cover
A-9,Integrated Amplifier,ANR-332,ANR-332,Center pillar
A-9,Integrated Amplifier,ANR-334,ANR-334,Display cover
A-9,Integrated Amplifier,ANR-340,ANR-340,Hinge L
A-9,Integrated Amplifier,ANR-341,ANR-341,Hinge R
A-9,Integrated Amplifier,ARB-396,ARB-396,Operating instructions A-9
A-9,Integrated Amplifier,ARB-399,ARB-399,Operating instructions (English)  A-9
A-9,Integrated Amplifier,ARD-156,ARD-156,"Operating instructions (German/French/ltalian, HE type only)  A-9"
A-9,Integrated Amplifier,ART-588-0,ART-588,"Service manual addn'l  S, S/G"
A-9,Integrated Amplifier,ART-590,ART-590,"Service manual  A-9 (HE,HB)"
A-9,Integrated Amplifier,ASD-082,ASD-082,"Variable (BASS,TREBLE) with switch (TURN0VER)"
A-9,Integrated Amplifier,ASG-278,ASG-278,Push switch (MUTlNG)
A-9,Integrated Amplifier,ASG-282,ASG-282,"Push switch (LOUDNESS,SUBSONIC, LINE STRAIGHT MODE, SPEAKERS)"
A-9,Integrated Amplifier,ASG-533,ASG-533,"Push switch (POWER - S,S/G)"
A-9,Integrated Amplifier,ASG-534,ASG-534,SWITCH(POWER - Pioneer Electronics database) - KU?
A-9,Integrated Amplifier,ASG-535,ASG-535,"Push switch (POWER - HE,HB)"
A-9,Integrated Amplifier,ASR-027,ASR-027,Relay
A-9,Integrated Amplifier,ASR-068,ASR-068,Relay
A-9,Integrated Amplifier,ASR-071,ASR-071,Relay
A-9,Integrated Amplifier,ASR-071,ASR-071,Relay
A-9,Integrated Amplifier,ASX-151,ASX-151,"Remote push switch (MM/MC, CARTRIDGE LOAD)"
A-9,Integrated Amplifier,ASX-153,ASX-153,Remote slide switch (MM/MC)
A-9,Integrated Amplifier,ASX-154,ASX-154,Remote rotary switch (REC OUT SELECTOR)
A-9,Integrated Amplifier,ASX-156,ASX-156,Remote Slide switch (REC SELECTOR)
A-9,Integrated Amplifier,ATT-759,ATT-759,Power transformer - KU
A-9,Integrated Amplifier,ATT-760,ATT-760,Power transformer - KC
A-9,Integrated Amplifier,ATT-761,ATT-761,Power transformer - S
A-9,Integrated Amplifier,ATT-761,ATT-761,Power transformer - S/G
A-9,Integrated Amplifier,ATT-762,ATT-762,Power transformer (220V/240V) - HE
A-9,Integrated Amplifier,AWF-052,AWF-052,EQ ampliﬁer assembly
A-9,Integrated Amplifier,AWR-226,AWR-226,Regulator assembly
A-9,Integrated Amplifier,AWX-205,AWX-205,Capacitors assembly
A-9,Integrated Amplifier,AXC-003,AXC-003,Door mechanism assembly
A-9,Integrated Amplifier,B71-010,B71-010,Nut M7
A-9,Integrated Amplifier,BBT3OPU80FZK,BBT3OPU80FZK,Screw 3X8
A-9,Integrated Amplifier,GWG-154,GWG-154,Tone control assembly
A-9,Integrated Amplifier,GWH-146,GWH-146,"Power amplifier assembly - S,S/G"
A-9,Integrated Amplifier,GWH-148,GWH-148,"Power amplifier assembly - HE,HB"
A-9,Integrated Amplifier,GWM-188,GWM-188,Function switch assembly
A-9,Integrated Amplifier,GWR-140,GWR-140,"Power supply assembly - S,S/G"
A-9,Integrated Amplifier,GWR-143,GWR-143,"Power supply assembly - HE,HB"
A-9,Integrated Amplifier,GWS-303,GWS-303,REC selector assembly
A-9,Integrated Amplifier,GWX-585,GWX-585,Indicator assembly
A-9,Integrated Amplifier,GWX-593,GWX-593,Driver L assembly
A-9,Integrated Amplifier,GWX-594,GWX-594,Driver R assembly
A-90,Integrated Amplifier,2SA1186/A/,2SA1186/A/,Power transistor (Q11)
A-90,Integrated Amplifier,2SA1186/A/,2SA1186/A/,Power transistor (Q12)
A-90,Integrated Amplifier,2SA1294/A/-0 (2SA1294/A/-Y),2SA1294/A/-0 (2SA1294/A/-Y),"Power transistor (Q8, Q10)"
A-90,Integrated Amplifier,2SA1294/A/-0 (2SA1294/A/-Y),2SA1294/A/-0 (2SA1294/A/-Y),"Power transistor (Q9, Q7)"
A-90,Integrated Amplifier,2SC2837/A/,2SC2837/A/,Power transistor (Q1)
A-90,Integrated Amplifier,2SC2837/A/,2SC2837/A/,Power transistor (Q2)
A-90,Integrated Amplifier,2SC3263/A/-0 (2SC3263/A/-Y),2SC3263/A/-0 (2SC3263/A/-Y),"Power transistor (Q3, Q5)"
A-90,Integrated Amplifier,2SC3263/A/O (2SC3263/A/-Y),2SC3263/A/O (2SC3263/A/-Y),"Power transistor (Q4, Q6)"
A-90,Integrated Amplifier,AAB-310,AAB-310,Knob A (VOLUME)
A-90,Integrated Amplifier,AAB-311,AAB-311,Knob B (BALANCE)
A-90,Integrated Amplifier,AAB-311,AAB-311,"Knob B (BASS, TREBLE, TURN0VER)"
A-90,Integrated Amplifier,AAB-312,AAB-312,"Knob C (MODE, SPEAKERS)"
A-90,Integrated Amplifier,AAB-313,AAB-313,Knob D (PHONO SELECTOR)
A-90,Integrated Amplifier,AAD-546,AAD-546,Knob C (MUTING)
A-90,Integrated Amplifier,AAD-578,AAD-578,Knob (PHONO)
A-90,Integrated Amplifier,AAD-579,AAD-579,Knob (TUNER)
A-90,Integrated Amplifier,AAD-580,AAD-580,Knob (CD/AUX 1)
A-90,Integrated Amplifier,AAD-581,AAD-581,Knob (AUX 2)
A-90,Integrated Amplifier,AAD-582,AAD-582,Knob A (TAPE MONlTOR)
A-90,Integrated Amplifier,AAD-583,AAD-583,"Knob B (LINE STRAIGHT, SUBSONIC, TAPE COPY)"
A-90,Integrated Amplifier,AAD-584,AAD-584,Knob D (RANGE)
A-90,Integrated Amplifier,AAD-585,AAD-585,Knob E (POWER)
A-90,Integrated Amplifier,ABA-140,ABA-140,Screw
A-90,Integrated Amplifier,ABA-176,ABA-176,Screw
A-90,Integrated Amplifier,ABH-091,ABH-091,Spring
A-90,Integrated Amplifier,ABH-099,ABH-099,Spring
A-90,Integrated Amplifier,ABH-100,ABH-100,Spring
A-90,Integrated Amplifier,ABH-102,ABH-102,Spring
A-90,Integrated Amplifier,ABN-028,ABN-028,Nut
A-90,Integrated Amplifier,ABN-048,ABN-048,Nut
A-90,Integrated Amplifier,ACG-017,ACG-017,Ceramic (0.01/630V)
A-90,Integrated Amplifier,ACH-255,ACH-255,Electrolytic (22000/71V)
A-90,Integrated Amplifier,ACH-256,ACH-256,Electrolytic (22000/71V)
A-90,Integrated Amplifier,ACT-163,ACT-163,"Volume (100k, BASS)"
A-90,Integrated Amplifier,ACT-163,ACT-163,"Volume (10k,TREBLE)"
A-90,Integrated Amplifier,ACT-166,ACT-166,"Volume (10k, BALANCE)"
A-90,Integrated Amplifier,ACW-131,ACW-131,"Volume (68K, VOLUME)"
A-90,Integrated Amplifier,ADD-584,ADD-584,Knob D
A-90,Integrated Amplifier,ADG-054,ADG-054,AC power card
A-90,Integrated Amplifier,AEC-327,AEC-327,Strain ralief
A-90,Integrated Amplifier,AEC-384,AEC-384,Rivet
A-90,Integrated Amplifier,AEC-471,AEC-471,Rivet
A-90,Integrated Amplifier,AEC-613,AEC-613,Bumper
A-90,Integrated Amplifier,AEC-936,AEC-936,Stopper A
A-90,Integrated Amplifier,AEK-306,AEK-306,Fuse (15A)
A-90,Integrated Amplifier,AEL-075,AEL-075,"Lamp (8V, 50mA)"
A-90,Integrated Amplifier,AEL-075,AEL-075,"Lamp (8V, 50mA)"
A-90,Integrated Amplifier,AEL-075,AEL-075,Lamp (white lead)
A-90,Integrated Amplifier,AEL-093,AEL-093,"Lamp (8V, 50mA)"
A-90,Integrated Amplifier,AEL-093,AEL-093,"Lamp (8V, 50mA)"
A-90,Integrated Amplifier,AEL-093,AEL-093,Lamp (black lead)
A-90,Integrated Amplifier,AEL-404,AEL-404,"LED (POWER, FUNCTION, LINE STRAIGHT, SUBSONIC, TAPE COPY)"
A-90,Integrated Amplifier,AHA-328,AHA-328,Side pad L
A-90,Integrated Amplifier,AHA-329,AHA-329,Side pad R
A-90,Integrated Amplifier,AHB-561,AHB-561,Operating instructions  A-90 (Enghsh)
A-90,Integrated Amplifier,AHC-067,AHC-067,Wrapping case
A-90,Integrated Amplifier,AHE-205,AHE-205,Packing case
A-90,Integrated Amplifier,AKB-094,AKB-094,Terminal (TAPE 1)
A-90,Integrated Amplifier,AKB-094,AKB-094,Terminal (TAPE 2)
A-90,Integrated Amplifier,AKB-094,AKB-094,Terminal (TAPE)
A-90,Integrated Amplifier,AKB-095,AKB-095,"Terminal (TUNER, AUX)"
A-90,Integrated Amplifier,AKB-095,AKB-095,"Terminal (TUNER, CD/AUX1, AUX 2)"
A-90,Integrated Amplifier,AKB-096,AKB-096,Terminal (PHONO)
A-90,Integrated Amplifier,AKE-052,AKE-052,Terminal (SPEAKERS)
A-90,Integrated Amplifier,AKN-044,AKN-044,Phone jack (PHONES)
A-90,Integrated Amplifier,AKP-041,AKP-041,AC Socket
A-90,Integrated Amplifier,ANE-447,ANE-447,Bonnet
A-90,Integrated Amplifier,ANM-414,ANM-414,Front panal Asembly
A-90,Integrated Amplifier,ARP-344-0,ARP-344,Service manual  A-90
A-90,Integrated Amplifier,ASE-015,ASE-015,Rotary slide switch (BASS TURNOVER)
A-90,Integrated Amplifier,ASE-015,ASE-015,Rotary slide switch (TREBLE TURN0VER)
A-90,Integrated Amplifier,ASE-015,ASE-015,Rotary slide switch (TURN0VER)
A-90,Integrated Amplifier,ASE-023,ASE-023,Rotary slide switch (MODE)
A-90,Integrated Amplifier,ASE-024,ASE-024,Rotary slide switch (SPEAKERS)
A-90,Integrated Amplifier,ASG-545,ASG-545,Push switch (POWER)
A-90,Integrated Amplifier,ASH-016,ASH-016,Slide switch (SPEAKER IMPEDANCE)
A-90,Integrated Amplifier,ASR-067,ASR-067,Relay
A-90,Integrated Amplifier,ASR-072,ASR-072,Relay
A-90,Integrated Amplifier,ASR-074,ASR-074,Relay
A-90,Integrated Amplifier,ASR-074,ASR-074,Relay
A-90,Integrated Amplifier,ASX-193,ASX-193,Remote slide switch (PHONO SELECTOR)
A-90,Integrated Amplifier,ASX-204,ASX-204,Remote rotary slide switch (PHONO SELECTOR)
A-90,Integrated Amplifier,ATS-010,ATS-010,Power transformer (120V)
A-90,Integrated Amplifier,AWF-058,AWF-058,MC arm. assembly
A-90,Integrated Amplifier,AWG-088,AWG-088,Tone control ssernbly
A-90,Integrated Amplifier,AWH-121,AWH-121,Power amp. assembly
A-90,Integrated Amplifier,AWR-243,AWR-243,Output msembly
A-90,Integrated Amplifier,AWR-244,AWR-244,Power supply assembly
A-90,Integrated Amplifier,AWS-160,AWS-160,Switch assembly
A-90,Integrated Amplifier,B71-010,B71-010,Nul
A-90,Integrated Amplifier,GWK-216,GWK-216,AF assembly
A-90,Integrated Amplifier,GWP-121,GWP-121,Protection assembly
A-90,Integrated Amplifier,SEA5V4B4S,SEA5V4B4S,"Push switch (LINE, STRAIGHT, SUBSONIC)"
A-90,Integrated Amplifier,SEA5V4B4S,SEA5V4B4S,SWITCH A90
A-90,Integrated Amplifier,SEA6V4B4B4L,SEA6V4B4B4L,Push switch (TAPE MONITOR)
A-90,Integrated Amplifier,SEA8V222L,SEA8V222L,Push switch (TAPE COPY)
A-90,Integrated Amplifier,SEAV2S,SEAV2S,Push swltch (RANGE)
A-90,Integrated Amplifier,SEAV4S,SEAV4S,Push switch (MUTING)
A-90,Integrated Amplifier,SUL5L4B4B4B4LFC,SUL5L4B4B4B4LFC,Push switch (FUNCTION)
A-90,Integrated Amplifier,SUL5L4B4B4B4LFC,SUL5L4B4B4B4LFC,"Push switch (PHONO, TUNER, CD/AUX 1, AUX 2)"
A-91D,Integrated Amplifier,ACH1046,ACH1046,CAPACITOR A91(27000/80V)
A-91D,Integrated Amplifier,ASD1002,ASD1002,SW(SPKR)A7171
A-91D,Integrated Amplifier,ASG-553,ASG-553,SWITCH(POWER)A91D
A-91D,Integrated Amplifier,ASG-711,ASG-711,SW(FUNCT)POWER
C-21,Pre-Amplifier,AAB-122,AAB-122,Knob (VOLUME)
C-21,Pre-Amplifier,AAB-123,AAB-123,Knob (FUNCTION)
C-21,Pre-Amplifier,AAB-124,AAB-124,Knob (GAIN)
C-21,Pre-Amplifier,AAB-125,AAB-125,Knob (CARTRIDGE LOAD)
C-21,Pre-Amplifier,AAD-120,AAD-120,Knob (POWER)
C-21,Pre-Amplifier,AAD-120,AAD-120,Knob (TAPE)
C-21,Pre-Amplifier,ACV-019,ACV-019,"Variable resistor 1kΩ, 22-step (GAIN)"
C-21,Pre-Amplifier,ACV-177,ACV-177,"Variable resistor 100kΩZ, 32-step (VOLUME)"
C-21,Pre-Amplifier,ADF-124,ADF-124,Connection cord
C-21,Pre-Amplifier,ADG-013,ADG-013,AC power cord (KL)
C-21,Pre-Amplifier,ADG-015,ADG-015,AC power cord (S)
C-21,Pre-Amplifier,AEC-083,AEC-083,Foot
C-21,Pre-Amplifier,AEK-106,AEK-106,Fuse 1A (for KL-type)
C-21,Pre-Amplifier,AEL-047,AEL-047,PILOT LAMP(SPEAKER)
C-21,Pre-Amplifier,AEL-062,AEL-062,Lamp with wires (POWER)
C-21,Pre-Amplifier,AHA-113,AHA-113,Side pad
C-21,Pre-Amplifier,AHB-068,AHB-068,Cardboard spacer
C-21,Pre-Amplifier,AHG-023,AHG-023,Vinyl pouch
C-21,Pre-Amplifier,AHG-058,AHG-058,Sheet cover
C-21,Pre-Amplifier,AKB-036,AKB-036,RP TERMINAL
C-21,Pre-Amplifier,AKP-004,AKP-004,AC socket (double)
C-21,Pre-Amplifier,AKP-005,AKP-005,AC socket (triple - KL)
C-21,Pre-Amplifier,AKR-031,AKR-031,Plug in selector with fuse holder (S)
C-21,Pre-Amplifier,AKR-032,AKR-032,Fuse holder 1P (for KL-type)
C-21,Pre-Amplifier,ANB-432,ANB-432,Front panel
C-21,Pre-Amplifier,ANE-123,ANE-123,Top cover
C-21,Pre-Amplifier,ANK-018,ANK-018,Hexagonal wrench
C-21,Pre-Amplifier,ARB-230,ARB-230,O/M C-21
C-21,Pre-Amplifier,ARB-230,ARB-230,Operating instructions  C-21
C-21,Pre-Amplifier,ART-227,ART-227,"Service manual  C-21/S,KL"
C-21,Pre-Amplifier,ASD-061,ASD-061,Rotary switch (FUNCTION)
C-21,Pre-Amplifier,ASD-062,ASD-062,Rotary switch (CARTRIDGE LOAD)
C-21,Pre-Amplifier,ASK-115,ASK-115,Lever switch (TAPE MONITOR)
C-21,Pre-Amplifier,ASK-130,ASK-130,Lever switch (POWER - for KL-type)
C-21,Pre-Amplifier,ASK-131,ASK-131,Lever switch (POWER - for S-type)
C-21,Pre-Amplifier,ATT-395,ATT-395,Power transformer (for KL-type)
C-21,Pre-Amplifier,ATT-410,ATT-410,Power transformer (for S-type)
C-21,Pre-Amplifier,AWF-025,AWF-025,Input Assembly
C-21,Pre-Amplifier,AWK-055,AWK-055,Flat amplifier assembly
C-21,Pre-Amplifier,E11-024,E11-024,Vinyl bag
C-72,Pre-Amplifier,ACS1061,ACS1061,"Variable resistor 250k X 2 (TREBLE, BASS)"
C-72,Pre-Amplifier,ACS1062,ACS1062,Variable resistor (BALANCE)
C-72,Pre-Amplifier,ACW1008,ACW1008,Variable resistor (VOLUME)
C-72,Pre-Amplifier,ACX1045,ACX1045,Volume control (MOTOR)
C-72,Pre-Amplifier,ADG1051,ADG1051,AC POWER CORD - SD
C-72,Pre-Amplifier,ADG1076,ADG1076,AC POWER CORD - KU/CA
C-72,Pre-Amplifier,ADG1077,ADG1077,AC POWER CORD - SD
C-72,Pre-Amplifier,AEC-882,AEC-882,STRAIN RELIEF - SD
C-72,Pre-Amplifier,AEK-037,AEK-037,FUSE (T250mA) - SD
C-72,Pre-Amplifier,AEK-037,AEK-037,FUSE (T250mA) - SD
C-72,Pre-Amplifier,AEK-037,AEK-037,FUSE (T250mA) - SD
C-72,Pre-Amplifier,AEK-037,AEK-037,FUSE (T250mA) - SD
C-72,Pre-Amplifier,AHD1926,AHD1926,PACKING CASE - SD
C-72,Pre-Amplifier,AHD1927,AHD1927,PACKING CASE - KU/CA
C-72,Pre-Amplifier,AKB1082,AKB1082,PIN JACK(1P)(AUDlO)
C-72,Pre-Amplifier,AKB1083,AKB1083,PIN JACK(1P)(VlDEO)
C-72,Pre-Amplifier,AKB1129,AKB1129,"PIN JACK(6P)(VCR1,VCR2)"
C-72,Pre-Amplifier,AKB1143,AKB1143,"PIN JACK(3P)(VCR1 lN,VCR2 IN,VCR2 OUT)"
C-72,Pre-Amplifier,AKB1147,AKB1147,PIN JACK(4P)(PRE OUT)
C-72,Pre-Amplifier,AKB1148,AKB1148,"PIN JACK(6P)(TAPE1/DAT,TAPE2/MONITOR, LD,TV/AUX-VCR1)"
C-72,Pre-Amplifier,AKB1149,AKB1149,"PIN JACK(6P)(CD-TUNER,TAPE1/DAT)"
C-72,Pre-Amplifier,AKB1150,AKB1150,"PIN JACK(3P)(LD IN,TV/AUX IN-VCR1 OUT)"
C-72,Pre-Amplifier,AKB1151,AKB1151,PIN JACK(2P)(PHONO)
C-72,Pre-Amplifier,AKB1152,AKB1152,PIN JACK(1P) (MONITOR OUT)
C-72,Pre-Amplifier,AKN1006,AKN1006,JACK(CONTROL)
C-72,Pre-Amplifier,AKP1053,AKP1053,AC OUTLET(3P)
C-72,Pre-Amplifier,AKP1064,AKP1064,"SOCKET(4Px2, DIN) (MONITOR OUT,LD IN)"
C-72,Pre-Amplifier,AKP1065,AKP1065,"SOCKET(4Px3, DIN) (TV/AUX-VCR1 IN, VCR1 OUT)"
C-72,Pre-Amplifier,AKP1067,AKP1067,SOCKET(S-VIDEO)
C-72,Pre-Amplifier,AKX-507,AKX-507,Voltage selector (SD)
C-72,Pre-Amplifier,ANB1412,ANB1412,FRONT PANEL - SD
C-72,Pre-Amplifier,ANB1414,ANB1414,FRONT PANEL - KU/CA
C-72,Pre-Amplifier,ANG1153,ANG1153,AC CORD SPACER - KU/CA
C-72,Pre-Amplifier,ARB1268,ARB1268,OPERATING INSTRUCTIONS (ENGLISH) - KU/CA
C-72,Pre-Amplifier,ARB1269,ARB1269,OPERATING INSTRUCTIONS (ENGLISH) - SD
C-72,Pre-Amplifier,ARP2106,ARP2106,Service manual C-72/C-73
C-72,Pre-Amplifier,ASG1029,ASG1029,"Switch (POWER,LD,TV/AUX,VCR1,VCR2,VIDEO,PHONO,TAPE2/MONITOR,CD,TUNER,TAPE1/DAT,MUTING,SUBSONIC,PHONO-SEL,DIRECT,V-SEL,REC-SEL)"
C-72,Pre-Amplifier,ASR-512,ASR-512,Relay (POWER)
C-72,Pre-Amplifier,ATT1122,ATT1122,Power transformer (KU/CA)
C-72,Pre-Amplifier,ATT1123,ATT1123,Power transformer (SD)
C-72,Pre-Amplifier,ATT1126,ATT1126,Power transformer (KU/CA)
C-72,Pre-Amplifier,ATT1127,ATT1127,Power transformer (SD)
C-72,Pre-Amplifier,AWK1301,AWK1301,AF assembly
C-72,Pre-Amplifier,AWZ2898,AWZ2898,Control assembly
C-72,Pre-Amplifier,AWZ2900,AWZ2900,Video assembly
C-72,Pre-Amplifier,AXD1171,AXD1171,Remote control unit
C-72,Pre-Amplifier,KPC5,KPC5,CONNECTOR(5P)
C-72,Pre-Amplifier,KPC9,KPC9,CONNECTOR(9P)
C-72,Pre-Amplifier,KPC9,KPC9,CONNECTOR(9P)
C-72,Pre-Amplifier,KPE15,KPE15,CONNECTOR(15P)
C-90,Pre-Amplifier,ASG-553,ASG-553,SWITCH(POWER)A91D
C-90,Pre-Amplifier,ASG-711,ASG-711,SW(FUNCT)POWER
C-90,Pre-Amplifier,AXX1003,AXX1003,REMOTE SENSOR SDP40
C-91,Pre-Amplifier,ASG-553,ASG-553,SWITCH(POWER)A91D
CT-F1000,Cassette Tape,ART-251,ART-251,Service Manual CT-F1000
CT-F1000,Cassette Tape,CKDYF 473Z 50,CKDYF 473Z 50,Ceramic 0.047 50V
CT-F1000,Cassette Tape,CKDYF 473Z 50,CKDYF 473Z 50,Ceramic 0.047 50V
CT-F1000,Cassette Tape,CKDYF 473Z 50,CKDYF 473Z 50,Ceramic 0.047 50V
CT-F1000,Cassette Tape,CKDYF 473Z 50,CKDYF 473Z 50,Ceramic 0.047 50V
CT-F1000,Cassette Tape,HWX-176,HWX-176,Indicator assembly
CT-F1000,Cassette Tape,HWX-181,HWX-181,Volume assembly
CT-F1000,Cassette Tape,RAA-180,RAA-180,Lever knob A assembly
CT-F1000,Cassette Tape,RAA-184,RAA-184,Knob B assembly (MONITOR)
CT-F1000,Cassette Tape,RAA-184,RAA-184,Knob B assembly (PAUSE)
CT-F1000,Cassette Tape,RAA-184,RAA-184,Knob B assembly (POWER)
CT-F1000,Cassette Tape,RAA-187,RAA-187,Knob (PITCH CONTROL)
CT-F1000,Cassette Tape,RAA-188,RAA-188,"Knob (DOLBY REC CAL L, R)"
CT-F1000,Cassette Tape,RAA-189,RAA-189,"Knob A assembly (MIC/DIN, LINE, OUTPUT)"
CT-F1000,Cassette Tape,RAA-191,RAA-191,"Knob B (MIC/DIN, LINE, OUTPUT)"
CT-F1000,Cassette Tape,RAH-187,RAH-187,Function button A (PLAY)
CT-F1000,Cassette Tape,RAH-188,RAH-188,Function button B (REC)
CT-F1000,Cassette Tape,RAH-190,RAH-190,Function button C (REW)
CT-F1000,Cassette Tape,RAH-191,RAH-191,Function button D (F.F)
CT-F1000,Cassette Tape,RAH-192,RAH-192,Function button E (STOP)
CT-F1000,Cassette Tape,RAW-064,RAW-064,Tape counter
CT-F1000,Cassette Tape,RAW-067,RAW-067,Level meter assembly
CT-F1000,Cassette Tape,RCS-015,RCS-015,"VariabIe resistor (DOLBY REC CAL L, R)"
CT-F1000,Cassette Tape,RCV-041,RCV-041,Variable resistor (MIC/DIN)
CT-F1000,Cassette Tape,RCV-042,RCV-042,Variable resistor (LINE)
CT-F1000,Cassette Tape,RCV-043,RCV-043,Variable resistor (OUTPUT)
CT-F1000,Cassette Tape,RDG-013,RDG-013,AC power cord (KU)
CT-F1000,Cassette Tape,RD¼PS 222J,RD¼PS 222J,Carbon film 2.2k
CT-F1000,Cassette Tape,RD¼PS 222J,RD¼PS 222J,Carbon film 2.2k
CT-F1000,Cassette Tape,REC-257,REC-257,Strain relief
CT-F1000,Cassette Tape,RKB-013,RKB-013,Pin jack assembly
CT-F1000,Cassette Tape,RKB-014,RKB-014,4P mount pin jack
CT-F1000,Cassette Tape,RKN-032,RKN-032,Headphone jack
CT-F1000,Cassette Tape,RKN-032,RKN-032,Headphones jack
CT-F1000,Cassette Tape,RKN-037,RKN-037,MIC jack
CT-F1000,Cassette Tape,RKP-017,RKP-017,AC socket
CT-F1000,Cassette Tape,RNA-310,RNA-310,Bonnet
CT-F1000,Cassette Tape,RRB-083-0,RRB-083,"Operating Instructions CT-F1000 (D, D/G, HG)"
CT-F1000,Cassette Tape,RSA-016,RSA-016,Power switch
CT-F1000,Cassette Tape,RSG-053,RSG-053,Push switch
CT-F1000,Cassette Tape,RSK-038,RSK-038,"Lever switch A (REC-LIMITER, BlAS)"
CT-F1000,Cassette Tape,RSK-039,RSK-039,Lever switch B (EQ)
CT-F1000,Cassette Tape,RSK-040,RSK-040,Lever switch C (DOLBY REC CAL TEST)
CT-F1000,Cassette Tape,RSK-041,RSK-041,"Lever switch D (DOLBY, MPX FIL)"
CT-F1000,Cassette Tape,RSK-042,RSK-042,Lever switch E (PAUSE)
CT-F1000,Cassette Tape,RSK-043,RSK-043,Lever switch F (MONITOR)
CT-F1000,Cassette Tape,RTT-117,RTT-117,Power transformer
CT-F1000,Cassette Tape,RWA-028,RWA-028,Test tone assembly
CT-F1000,Cassette Tape,RWF-079,RWF-079,Playback equalizer assembly
CT-F1000,Cassette Tape,RWG-080,RWG-080,Control assembly
CT-F1000,Cassette Tape,RWR-055,RWR-055,Power supply assembly
CT-F1000,Cassette Tape,RWS-064,RWS-064,Pause switch assembly
CT-F1000,Cassette Tape,RWX -176,RWX -176,lndicator assembly
CT-F1000,Cassette Tape,RWX-109,RWX-109,Spark killer (KU)
CT-F1000,Cassette Tape,RWX-139,RWX-139,Fuse assembly
CT-F1000,Cassette Tape,RWX-150,RWX-150,Spark killer (KC)
CT-F1000,Cassette Tape,RWX-175,RWX-175,IC amplifier assembly
CT-F1000,Cassette Tape,RWX-177,RWX-177,Flat amplifier assembly
CT-F1000,Cassette Tape,RWX-178,RWX-178,Main board assembly
CT-F1000,Cassette Tape,RWX-179,RWX-179,Peak amplifier assembIy
CT-F1000,Cassette Tape,RWX-180,RWX-180,Meter amplifier assembly
CT-F1000,Cassette Tape,RWX-181,RWX-181,Volume assembly
CT-F1000,Cassette Tape,RWX-182,RWX-182,Recording equalizer assembly
CT-F1000,Cassette Tape,RWX-183,RWX-183,Dolby assembly
CT-F1000,Cassette Tape,RXM-019,RXM-019,Motor
CT-F1000,Cassette Tape,RXM-036,RXM-036,Capstan motor
CT-F1000,Cassette Tape,RXX-212,RXX-212,Front panel assembly
CT-F1050,Cassette Tape,C43-003,C43-003,Capacitor
CT-F1050,Cassette Tape,C43-003,C43-003,Capacitor (0.01 /1.4k)
CT-F1050,Cassette Tape,GP-411B,GP-411B,Photointerruptor
CT-F1050,Cassette Tape,H46-854,H46-854,Vinyl bag C (for fuse)
CT-F1050,Cassette Tape,JT-216,JT-216,Wired remote-contro!
CT-F1050,Cassette Tape,KNL-139,KNL-139,Half pocket
CT-F1050,Cassette Tape,RAA-351,RAA-351,Volume knob L assembly
CT-F1050,Cassette Tape,RAA-351,RAA-351,VR knob L assembly (INPUT)
CT-F1050,Cassette Tape,RAA-352,RAA-352,Volume knob R assembly
CT-F1050,Cassette Tape,RAA-352,RAA-352,VR knob R assembly (INPUT)
CT-F1050,Cassette Tape,RAA-353,RAA-353,Volume knob assembly
CT-F1050,Cassette Tape,RAA-353,RAA-353,Volume knob assembly (OUTPUT)
CT-F1050,Cassette Tape,RAW-156,RAW-156,LED array
CT-F1050,Cassette Tape,RBA-039,RBA-039,Tapping screw
CT-F1050,Cassette Tape,RBA-046,RBA-046,Screw
CT-F1050,Cassette Tape,RBA-064,RBA-064,Step screw
CT-F1050,Cassette Tape,RBF-030,RBF-030,Oil stopper
CT-F1050,Cassette Tape,RBH-763,RBH-763,ldler spring
CT-F1050,Cassette Tape,RBH-764,RBH-764,Spring
CT-F1050,Cassette Tape,RBH-765,RBH-765,Pinch arm spring
CT-F1050,Cassette Tape,RBH-766,RBH-766,Pinch pressure spring
CT-F1050,Cassette Tape,RBH-768,RBH-768,Release spring
CT-F1050,Cassette Tape,RBH-769,RBH-769,Spring L
CT-F1050,Cassette Tape,RBH-770,RBH-770,Spring R
CT-F1050,Cassette Tape,RBH-771,RBH-771,Azimuth spring
CT-F1050,Cassette Tape,RBH-773,RBH-773,HB spring
CT-F1050,Cassette Tape,RBH-774,RBH-774,Lever spring
CT-F1050,Cassette Tape,RBH-783,RBH-783,Eject lever spring
CT-F1050,Cassette Tape,RBH-786,RBH-786,Lock arm spring
CT-F1050,Cassette Tape,RBH-797,RBH-797,Earth spring
CT-F1050,Cassette Tape,RBH-808,RBH-808,HB spring
CT-F1050,Cassette Tape,RBH-809,RBH-809,Brake spring
CT-F1050,Cassette Tape,RBH-810,RBH-810,Connection rod
CT-F1050,Cassette Tape,RBH-811,RBH-811,Pocket arm spring
CT-F1050,Cassette Tape,RBH-824,RBH-824,Button spring
CT-F1050,Cassette Tape,RBH-825,RBH-825,Knob earth spring
CT-F1050,Cassette Tape,RBK-160,RBK-160,Half spring
CT-F1050,Cassette Tape,RBK-161,RBK-161,Pocket spring
CT-F1050,Cassette Tape,RBN-009,RBN-009,Nylon nut
CT-F1050,Cassette Tape,RCV-091,RCV-091,Volume (INPUT) 20k-A
CT-F1050,Cassette Tape,RCV-092,RCV-092,Volume (OUTPUT) 20k-B
CT-F1050,Cassette Tape,RDE-039 (RDE-032) (RDE-028) (RDE-033) (RDE-029),RDE-039 (RDE-032) (RDE-028) (RDE-033) (RDE-029),Connection cord assembly
CT-F1050,Cassette Tape,RDG-024,RDG-024,Power cord
CT-F1050,Cassette Tape,REB-275,REB-275,O ring
CT-F1050,Cassette Tape,REB-372,REB-372,Lock cushion
CT-F1050,Cassette Tape,REB-408,REB-408,Rubber cushion
CT-F1050,Cassette Tape,REB-428,REB-428,Capstan belt
CT-F1050,Cassette Tape,REB-429,REB-429,Stopper
CT-F1050,Cassette Tape,REB-429,REB-429,Stopper
CT-F1050,Cassette Tape,REB-429,REB-429,Stopper
CT-F1050,Cassette Tape,REB-435,REB-435,Detector belt
CT-F1050,Cassette Tape,REB-436,REB-436,BT belt
CT-F1050,Cassette Tape,REC-272,REC-272,Strain relief
CT-F1050,Cassette Tape,REC-287,REC-287,Capacitor cover
CT-F1050,Cassette Tape,REC-359,REC-359,Washer
CT-F1050,Cassette Tape,REE-051,REE-051,Insulator spacer
CT-F1050,Cassette Tape,REK-058,REK-058,Fuse (800mA)
CT-F1050,Cassette Tape,REK-058,REK-058,Fuse 800mA (for 120V)
CT-F1050,Cassette Tape,REK-058,REK-058,Fuse 800mA (for 220V or 240V)
CT-F1050,Cassette Tape,REK-063,REK-063,Fuse (1 .5A)
CT-F1050,Cassette Tape,REK-063,REK-063,Fuse 1.5A (for 120V)
CT-F1050,Cassette Tape,REK-063,REK-063,Fuse 1.5A (for 220V or 240V)
CT-F1050,Cassette Tape,REL-088,REL-088,Lamp
CT-F1050,Cassette Tape,REL-089,REL-089,Lamp
CT-F1050,Cassette Tape,REL-089,REL-089,"Lamp (PLAY,PAUSE,REC,REC MUTE)"
CT-F1050,Cassette Tape,RHA-226,RHA-226,Pad A
CT-F1050,Cassette Tape,RHA-227,RHA-227,Pad B
CT-F1050,Cassette Tape,RHC-121,RHC-121,Sheet
CT-F1050,Cassette Tape,RHG-376,RHG-376,Packing case
CT-F1050,Cassette Tape,RHL-018,RHL-018,Vinyl bag (for operating instructions)
CT-F1050,Cassette Tape,RHL-041,RHL-041,Vinyl bag (for cassette deck)
CT-F1050,Cassette Tape,RKB-014 (RKB-016),RKB-014 (RKB-016),"Terminal (OUTPUT, INPUT)"
CT-F1050,Cassette Tape,RKH-005,RKH-005,Insulator
CT-F1050,Cassette Tape,RKH-005,RKH-005,Insulator spacer
CT-F1050,Cassette Tape,RKN-069,RKN-069,MIC jack
CT-F1050,Cassette Tape,RKN-070,RKN-070,Headphones jack
CT-F1050,Cassette Tape,RKP-213,RKP-213,2P connector assembly (B)
CT-F1050,Cassette Tape,RKP-217,RKP-217,6P connector socket assembly A
CT-F1050,Cassette Tape,RKP-218,RKP-218,6P connector assembly B
CT-F1050,Cassette Tape,RKP-219,RKP-219,3P connector assembly A
CT-F1050,Cassette Tape,RKP-220,RKP-220,3P connector assembly- B
CT-F1050,Cassette Tape,RKP-222,RKP-222,Remote-control socket
CT-F1050,Cassette Tape,RKP-225,RKP-225,Connector assembly (3)
CT-F1050,Cassette Tape,RKP-226,RKP-226,Connector assembly (4)
CT-F1050,Cassette Tape,RKP-228,RKP-228,Connector assembly (6)
CT-F1050,Cassette Tape,RKP-229,RKP-229,Connector assembly (7)
CT-F1050,Cassette Tape,RKP-229,RKP-229,Connector assembly (7)
CT-F1050,Cassette Tape,RKP-230,RKP-230,Connector assembly (8)
CT-F1050,Cassette Tape,RKP-231,RKP-231,Connector assembly (9)
CT-F1050,Cassette Tape,RKP-232,RKP-232,Connector assembly (10)
CT-F1050,Cassette Tape,RKP-232,RKP-232,Connector assembly (10)
CT-F1050,Cassette Tape,RKP-233,RKP-233,Connector assembly (11)
CT-F1050,Cassette Tape,RKP-234,RKP-234,Connector assembly (12)
CT-F1050,Cassette Tape,RKP-235,RKP-235,Connector assembly (13)
CT-F1050,Cassette Tape,RKP-236,RKP-236,Connector assembly (14)
CT-F1050,Cassette Tape,RKP-237,RKP-237,Connector assembly (15)
CT-F1050,Cassette Tape,RKP-238,RKP-238,Connector assembly (16)
CT-F1050,Cassette Tape,RKP-239,RKP-239,Connector assembly - Dolby (17)
CT-F1050,Cassette Tape,RKR-020,RKR-020,"Line voltage selector (switchable 3 positions: 110V, 220V and 240V)"
CT-F1050,Cassette Tape,RLB-374,RLB-374,Shaft
CT-F1050,Cassette Tape,RLB-374,RLB-374,Shaft
CT-F1050,Cassette Tape,RNA-528,RNA-528,Bonnet
CT-F1050,Cassette Tape,RNF-974,RNF-974,Head cord clamper
CT-F1050,Cassette Tape,RNK-815,RNK-815,Cap
CT-F1050,Cassette Tape,RNL-010,RNL-010,Cylinder
CT-F1050,Cassette Tape,RNL-118,RNL-118,Reference pole
CT-F1050,Cassette Tape,RNL-123,RNL-123,ldler (17)
CT-F1050,Cassette Tape,RNL-126,RNL-126,ldler cam
CT-F1050,Cassette Tape,RNL-127,RNL-127,Spring cup
CT-F1050,Cassette Tape,RNL-135,RNL-135,Eject arm
CT-F1050,Cassette Tape,RNL-136,RNL-136,Arm fulcrum
CT-F1050,Cassette Tape,RNL-137,RNL-137,Arm
CT-F1050,Cassette Tape,RNL-138,RNL-138,Lock arm
CT-F1050,Cassette Tape,RNL-147,RNL-147,Knob (EJECT)
CT-F1050,Cassette Tape,RNL-148,RNL-148,Knob (POWER)
CT-F1050,Cassette Tape,RNL-149,RNL-149,Knob A
CT-F1050,Cassette Tape,RNL-150,RNL-150,Knob B
CT-F1050,Cassette Tape,RNL-151,RNL-151,Knob (DIRECTION)
CT-F1050,Cassette Tape,RNL-152,RNL-152,Knob (FUNCTION)
CT-F1050,Cassette Tape,RNL-155,RNL-155,lndicator lens
CT-F1050,Cassette Tape,RNL-158,RNL-158,Push knob
CT-F1050,Cassette Tape,RNL-174,RNL-174,Button holder
CT-F1050,Cassette Tape,RNL-206,RNL-206,Detector arm R
CT-F1050,Cassette Tape,RNL-207,RNL-207,Detector arm L
CT-F1050,Cassette Tape,RNL-208,RNL-208,Piston
CT-F1050,Cassette Tape,RPB-090,RPB-090,REC/PB head (4ch)
CT-F1050,Cassette Tape,RRB-143,RRB-143,Operating instructions  CT-F1050
CT-F1050,Cassette Tape,RRG-020,RRG-020,Operating guide
CT-F1050,Cassette Tape,RS8-027,RS8-027,Rotary slide switch
CT-F1050,Cassette Tape,RSA-034,RSA-034,Power switch
CT-F1050,Cassette Tape,RSB-027,RSB-027,Rotary slide-switch (MODE SELECTOR)
CT-F1050,Cassette Tape,RSF-024,RSF-024,Micro switch A (REC SENSOR A)
CT-F1050,Cassette Tape,RSF-024,RSF-024,Micro switch B
CT-F1050,Cassette Tape,RSG-063,RSG-063,"Function switch (MEMORY,SET,A/B,UP,DOWN,CHECK,RUN/SKIP)"
CT-F1050,Cassette Tape,RSG-099,RSG-099,"Push switch (REC MUTE,REC,PAUSE,PLAY,STOP,REW,FF)"
CT-F1050,Cassette Tape,RSG-106,RSG-106,"Push switch A (TIMER-REC/PLAY/STOP,MEMORY STOP,RESET)"
CT-F1050,Cassette Tape,RSG-107,RSG-107,"Push switch B (DOLBY,METAL,NORM,CrO2)"
CT-F1050,Cassette Tape,RSG-108,RSG-108,Push switch
CT-F1050,Cassette Tape,RSH-058,RSH-058,Slide switch
CT-F1050,Cassette Tape,RSR-035,RSR-035,Relay
CT-F1050,Cassette Tape,RSX-050,RSX-050,Plunger slide-switch
CT-F1050,Cassette Tape,RTT-224,RTT-224,"Power transformer (120V, 220V and 240V)"
CT-F1050,Cassette Tape,RXB-134,RXB-134,Foot assembly
CT-F1050,Cassette Tape,RXB-436,RXB-436,ldler arm full assembly
CT-F1050,Cassette Tape,RXB-438,RXB-438,Reel base R assembly
CT-F1050,Cassette Tape,RXB-439,RXB-439,Detector pulley assembiy
CT-F1050,Cassette Tape,RXB-441,RXB-441,Metal flange assembly
CT-F1050,Cassette Tape,RXB-442,RXB-442,BT pulley assembly
CT-F1050,Cassette Tape,RXB-443,RXB-443,Flywheel F assembly
CT-F1050,Cassette Tape,RXB-444,RXB-444,Flywheel R assembly
CT-F1050,Cassette Tape,RXB-447,RXB-447,Pinch roller arm F assembly
CT-F1050,Cassette Tape,RXB-448,RXB-448,Pinch roller arm R assembly
CT-F1050,Cassette Tape,RXB-451,RXB-451,Erase head L assembly
CT-F1050,Cassette Tape,RXB-452,RXB-452,Erase head R assembly
CT-F1050,Cassette Tape,RXB-482,RXB-482,Reel base F assembly
CT-F1050,Cassette Tape,RXB-483,RXB-483,Head base assembly
CT-F1050,Cassette Tape,RXB-488,RXB-488,Arm assembly
CT-F1050,Cassette Tape,RXP-096,RXP-096,P solenoid
CT-F1050,Cassette Tape,RXP-097,RXP-097,B solenoid
CT-F1050,Cassette Tape,RXP-098,RXP-098,HB solenoid
CT-F1050,Cassette Tape,RXX-302,RXX-302,Capstan motor assembly
CT-F1050,Cassette Tape,RXX-303,RXX-303,Reel motor assembly
CT-F1050,Cassette Tape,RXX-304,RXX-304,Cassette plate assembly
CT-F1050,Cassette Tape,RXX-305,RXX-305,Front panel assembly
CT-F1050,Cassette Tape,RXX-308,RXX-308,PLAY button assembly
CT-F1050,Cassette Tape,RXX-309,RXX-309,PAUSE button assembly
CT-F1050,Cassette Tape,RXX-310,RXX-310,REC button assembly
CT-F1050,Cassette Tape,RXX-311,RXX-311,MUTE button assembly
CT-F1050,Cassette Tape,RXX-312,RXX-312,STOP button assembly
CT-F1050,Cassette Tape,RXX-313,RXX-313,FAST button assembly
CT-F1050,Cassette Tape,SLC-26GG5,SLC-26GG5,Dolby LED
CT-F1050,Cassette Tape,SLC-26GG5,SLC-26GG5,LED
CT-F1050,Cassette Tape,W03B,W03B,Diode
CT-F1250,Cassette Tape,RAA-259,RAA-259,Switch knob ass'y
CT-F1250,Cassette Tape,RAA-260,RAA-260,REC VR knob (L) assembly
CT-F1250,Cassette Tape,RAA-262,RAA-262,REC VR knob (R) assembly
CT-F1250,Cassette Tape,RAA-264,RAA-264,PB VR knob (L) assembly
CT-F1250,Cassette Tape,RAA-266,RAA-266,PB VR knob (R) assembly
CT-F1250,Cassette Tape,RAA-268,RAA-268,Knob (A) ass'y
CT-F1250,Cassette Tape,RAA-294,RAA-294,Knob
CT-F1250,Cassette Tape,RAA-295,RAA-295,BLE knob
CT-F1250,Cassette Tape,RAC-093,RAC-093,Push knob (C)
CT-F1250,Cassette Tape,RAC-094,RAC-094,Power switch knob
CT-F1250,Cassette Tape,RAC-107,RAC-107,Knob
CT-F1250,Cassette Tape,RAC-117,RAC-117,Knob (B)
CT-F1250,Cassette Tape,RAH-264,RAH-264,Half cover panel
CT-F1250,Cassette Tape,RBA-044,RBA-044,Screw (A)
CT-F1250,Cassette Tape,RBA-045,RBA-045,Screw (B)
CT-F1250,Cassette Tape,RBF-037,RBF-037,Washer
CT-F1250,Cassette Tape,RBH-373,RBH-373,Spring
CT-F1250,Cassette Tape,RBH-374,RBH-374,Spring
CT-F1250,Cassette Tape,RBH-498,RBH-498,Spring
CT-F1250,Cassette Tape,RBH-502,RBH-502,Spring
CT-F1250,Cassette Tape,RBH-503,RBH-503,Ball guide
CT-F1250,Cassette Tape,RBH-503,RBH-503,Half holder
CT-F1250,Cassette Tape,RBH-505,RBH-505,Spring
CT-F1250,Cassette Tape,RBH-506,RBH-506,Spring (A)
CT-F1250,Cassette Tape,RBH-507,RBH-507,Spring
CT-F1250,Cassette Tape,RBH-511,RBH-511,Spring
CT-F1250,Cassette Tape,RBH-524,RBH-524,spring
CT-F1250,Cassette Tape,RBH-534,RBH-534,Spring
CT-F1250,Cassette Tape,RBH-557,RBH-557,Spring
CT-F1250,Cassette Tape,RBH-563,RBH-563,Brake spring
CT-F1250,Cassette Tape,RBH-564,RBH-564,Spring
CT-F1250,Cassette Tape,RBH-647,RBH-647,Spring (B)
CT-F1250,Cassette Tape,RBK-419,RBK-419,Head base holder
CT-F1250,Cassette Tape,RBS-024,RBS-024,Switch (C - DOLBY)
CT-F1250,Cassette Tape,RCV-065,RCV-065,Volume (PITCH CONTROL)
CT-F1250,Cassette Tape,RCV-070,RCV-070,Bias control
CT-F1250,Cassette Tape,RCV-071,RCV-071,Control (LEVEL/EQ)
CT-F1250,Cassette Tape,RCV-074,RCV-074,PB volume (OUTPUT) 20k (B)
CT-F1250,Cassette Tape,RDE-010,RDE-010,Connection cord
CT-F1250,Cassette Tape,RDG-021,RDG-021,Power cord (UL)
CT-F1250,Cassette Tape,REA-021,REA-021,Head cleaning assembly
CT-F1250,Cassette Tape,REB-153,REB-153,Stopper
CT-F1250,Cassette Tape,REB-153,REB-153,Stopper
CT-F1250,Cassette Tape,REB-187,REB-187,Brake shoe
CT-F1250,Cassette Tape,REB-223,REB-223,Cover cushion (D)
CT-F1250,Cassette Tape,REB-272,REB-272,Sensing belt
CT-F1250,Cassette Tape,REB-297,REB-297,Lamp holder
CT-F1250,Cassette Tape,REB-317,REB-317,TU belt
CT-F1250,Cassette Tape,REB-368,REB-368,sub-belt
CT-F1250,Cassette Tape,REC-250,REC-250,Capacitor cover (D)
CT-F1250,Cassette Tape,REC-272,REC-272,Strain relief
CT-F1250,Cassette Tape,REC-278,REC-278,Switch spacer
CT-F1250,Cassette Tape,RED-047,RED-047,Switch mask
CT-F1250,Cassette Tape,RED-141,RED-141,Felt
CT-F1250,Cassette Tape,RED-151,RED-151,Volume mask (B)
CT-F1250,Cassette Tape,RED-151,RED-151,Volume mask (B)
CT-F1250,Cassette Tape,RED-159,RED-159,Volume mask
CT-F1250,Cassette Tape,RED-172,RED-172,Diode mask
CT-F1250,Cassette Tape,REF-013,REF-013,Base assembly
CT-F1250,Cassette Tape,REF-013,REF-013,Steel ball
CT-F1250,Cassette Tape,REF-014,REF-014,Steel ball
CT-F1250,Cassette Tape,REL-072,REL-072,Lamp (B)
CT-F1250,Cassette Tape,RHA-174,RHA-174,Side pad L
CT-F1250,Cassette Tape,RHA-175,RHA-175,Side Pad R
CT-F1250,Cassette Tape,RHG-284,RHG-284,Packing case (for KU type)
CT-F1250,Cassette Tape,RHG-285,RHG-285,Packmg case (for KC type)
CT-F1250,Cassette Tape,RHL-018,RHL-018,Vinyl bag (for operating instructions)
CT-F1250,Cassette Tape,RHL-019,RHL-019,Vinyl bag (for connection cord)
CT-F1250,Cassette Tape,RHL-031,RHL-031,Vinyl bag (for cassette (apedeck)
CT-F1250,Cassette Tape,RKB-014 (RKB-016),RKB-014 (RKB-016),4P mount pin jack
CT-F1250,Cassette Tape,RKN-044,RKN-044,Mic jack
CT-F1250,Cassette Tape,RKN-046,RKN-046,Headphone Jack
CT-F1250,Cassette Tape,RKP-064,RKP-064,Connector assembly (16P)
CT-F1250,Cassette Tape,RKP-111,RKP-111,Connector ass'y
CT-F1250,Cassette Tape,RKP-114,RKP-114,AC socket
CT-F1250,Cassette Tape,RNA-411,RNA-411,Bonnet
CT-F1250,Cassette Tape,RNK-348,RNK-348,Tape guide
CT-F1250,Cassette Tape,RNK-533,RNK-533,Detector arm
CT-F1250,Cassette Tape,RNK-534,RNK-534,Half holder arm
CT-F1250,Cassette Tape,RNK-534,RNK-534,Half holder bracket (R) assembly
CT-F1250,Cassette Tape,RNK-535,RNK-535,Hight adjuster
CT-F1250,Cassette Tape,RNK-556,RNK-556,Half holder
CT-F1250,Cassette Tape,RNK-561,RNK-561,Idler
CT-F1250,Cassette Tape,RNK-562,RNK-562,Spring can
CT-F1250,Cassette Tape,RNK-566,RNK-566,Guide (L)
CT-F1250,Cassette Tape,RNK-608,RNK-608,Guide (R)
CT-F1250,Cassette Tape,RNK-703,RNK-703,Head cord cover
CT-F1250,Cassette Tape,RNK-707,RNK-707,lndicator lens
CT-F1250,Cassette Tape,RNK-708,RNK-708,Half cover
CT-F1250,Cassette Tape,RNK-729,RNK-729,Escutcheon
CT-F1250,Cassette Tape,RNK-815,RNK-815,Reel cap
CT-F1250,Cassette Tape,RNK-815,RNK-815,Reel cap
CT-F1250,Cassette Tape,RRB-104,RRB-104,Operating instructions  CT-F1250
CT-F1250,Cassette Tape,RRW-112,RRW-112,UL caution label
CT-F1250,Cassette Tape,RSA-032,RSA-032,"Power switch (KU, KC)"
CT-F1250,Cassette Tape,RSB-022,RSB-022,Switch (A - TAPE CAL MODE SEL)
CT-F1250,Cassette Tape,RSB-023,RSB-023,Switch (B - TAPE SELECTOR)
CT-F1250,Cassette Tape,RSF-022,RSF-022,Microswltch
CT-F1250,Cassette Tape,RSF-024,RSF-024,Microswitch (B)
CT-F1250,Cassette Tape,RSG-083,RSG-083,Switch
CT-F1250,Cassette Tape,RTT-176,RTT-176,"Power transformer (KU, KC)"
CT-F1250,Cassette Tape,RTT-188,RTT-188,"Power transformer (HB, HE)"
CT-F1250,Cassette Tape,RTT-195,RTT-195,"Power transformer (D, DG)"
CT-F1250,Cassette Tape,RWG-100,RWG-100,Control unit
CT-F1250,Cassette Tape,RWG-104,RWG-104,Control unit
CT-F1250,Cassette Tape,RWR-074,RWR-074,Power supply unit
CT-F1250,Cassette Tape,RWS-075,RWS-075,Function switch unit
CT-F1250,Cassette Tape,RWX-109,RWX-109,Spark killer (KU)
CT-F1250,Cassette Tape,RWX-150,RWX-150,Spark killer (KC)
CT-F1250,Cassette Tape,RWX-317,RWX-317,Indicator unit
CT-F1250,Cassette Tape,RWX-319,RWX-319,Mother unit
CT-F1250,Cassette Tape,RWX-322,RWX-322,BLE unit
CT-F1250,Cassette Tape,RXA-905,RXA-905,Foot assembly
CT-F1250,Cassette Tape,RXA-998,RXA-998,Take-up pulley assembly
CT-F1250,Cassette Tape,RXB-064,RXB-064,Motor pulley (B) assembly
CT-F1250,Cassette Tape,RXB-144,RXB-144,Idler arm full assembly
CT-F1250,Cassette Tape,RXB-162,RXB-162,Bearing (Bl assembly
CT-F1250,Cassette Tape,RXB-189,RXB-189,Supply reel assembly (B)
CT-F1250,Cassette Tape,RXB-190,RXB-190,Take-up reel assembly (B)
CT-F1250,Cassette Tape,RXB-212,RXB-212,Sub-head base assembly
CT-F1250,Cassette Tape,RXB-243,RXB-243,Supply pulley assembly
CT-F1250,Cassette Tape,RXB-257,RXB-257,Pinch-roIler arm assembly
CT-F1250,Cassette Tape,RXM-047,RXM-047,Take-up motor
CT-F1250,Cassette Tape,RXM-056,RXM-056,Motor unit
CT-F1250,Cassette Tape,RXP-068,RXP-068,Solenoid (A)
CT-F1250,Cassette Tape,RXP-069,RXP-069,Solenoid (B)
CT-F1250,Cassette Tape,RXX-259,RXX-259,Front panel assembly
CT-F1250,Cassette Tape,RXX-260,RXX-260,Head cover assernbly
CT-F1250,Cassette Tape,RXX-261,RXX-261,Escutcheon assembly
CT-F1250,Cassette Tape,RXX-262,RXX-262,Escutcheon panel assembly
CT-F1250,Cassette Tape,RXX-263,RXX-263,Indicator assembly
CT-F1250,Cassette Tape,TLG 206,TLG 206,Diode
CT-F1250,Cassette Tape,W035,W035,Diode
CT-F500/505,Cassette Tape,RAA-117,RAA-117,Knob A (INPUT LEVEL R)
CT-F500/505,Cassette Tape,RAA-118,RAA-118,Knob B (INPUT LEVEL L)
CT-F500/505,Cassette Tape,RAC-083,RAC-083,Cap (COUNTER RESET - CT-F500)
CT-F500/505,Cassette Tape,RAC-084,RAC-084,"Knob (TAPE SELECTOR,DOLBY NR)"
CT-F500/505,Cassette Tape,RAC-085,RAC-085,Power switch knob
CT-F500/505,Cassette Tape,RAC-097,RAC-097,Cap (COUNTER RESET - CT-F500)
CT-F500/505,Cassette Tape,RAH-213,RAH-213,Front panel (CT-F500)
CT-F500/505,Cassette Tape,RAH-224,RAH-224,Dress plate
CT-F500/505,Cassette Tape,RAH-230,RAH-230,Front panel (CT-F505)
CT-F500/505,Cassette Tape,RAW-094,RAW-094,Level meter (CT-F500)
CT-F500/505,Cassette Tape,RAW-095,RAW-095,Tape counter
CT-F500/505,Cassette Tape,RAW-109,RAW-109,Level meter (CT-F505)
CT-F500/505,Cassette Tape,RCV-055,RCV-055,"Variable resistor 20k (INPUT LEVEL - Include nut, washer)"
CT-F500/505,Cassette Tape,RDG-021,RDG-021,AC power cord
CT-F500/505,Cassette Tape,REA-021,REA-021,Head cleaning kit
CT-F500/505,Cassette Tape,REB-187,REB-187,Brake shoe
CT-F500/505,Cassette Tape,REB-212,REB-212,Worm drive belt
CT-F500/505,Cassette Tape,REB-283,REB-283,Stop belt
CT-F500/505,Cassette Tape,REB-291,REB-291,Capstan belt
CT-F500/505,Cassette Tape,REB-292,REB-292,Sensing belt
CT-F500/505,Cassette Tape,REC-272,REC-272,Strain relief
CT-F500/505,Cassette Tape,RED-147,RED-147,Button stopper
CT-F500/505,Cassette Tape,RHA-158,RHA-158,Side protector
CT-F500/505,Cassette Tape,RHG-231,RHG-231,Packing case (KU - CT-F500)
CT-F500/505,Cassette Tape,RHG-233,RHG-233,Packing case (CT-F505)
CT-F500/505,Cassette Tape,RHG-233,RHG-233,Packing case (KC - CT-F500)
CT-F500/505,Cassette Tape,RHL-035,RHL-035,Vinyl bag
CT-F500/505,Cassette Tape,RKB-014,RKB-014,Pin jack assembly (4P)
CT-F500/505,Cassette Tape,RKN-047,RKN-047,Mic jack
CT-F500/505,Cassette Tape,RKN-048,RKN-048,Phone jack
CT-F500/505,Cassette Tape,RNA-359,RNA-359,Bonnet case
CT-F500/505,Cassette Tape,RNK-451,RNK-451,Drive arm
CT-F500/505,Cassette Tape,RNK-480,RNK-480,Pinch return lever
CT-F500/505,Cassette Tape,RNK-486,RNK-486,Arm L
CT-F500/505,Cassette Tape,RNK-487,RNK-487,Arm R
CT-F500/505,Cassette Tape,RNK-493,RNK-493,"Operation button (REW,FF,REC,PLAY,STOP/EJECT,PAUSE)"
CT-F500/505,Cassette Tape,RNK-523,RNK-523,Front cover
CT-F500/505,Cassette Tape,RNK-524,RNK-524,Escutcheon (RECORD/DOLBY INDICATOR)
CT-F500/505,Cassette Tape,RNK-588,RNK-588,"Cap (REW,FF,REC,PLAY,STOP/EJECT,PAUSE)"
CT-F500/505,Cassette Tape,RPB-014,RPB-014,Erase Head
CT-F500/505,Cassette Tape,RPB-052,RPB-052,REC/RB. Head
CT-F500/505,Cassette Tape,RRB-090,RRB-090,Operating instruction (CT-F500)
CT-F500/505,Cassette Tape,RRB-093,RRB-093,Operating instruction (CT-F505)
CT-F500/505,Cassette Tape,RSA-021,RSA-021,Power switch
CT-F500/505,Cassette Tape,RSG-062,RSG-062,"Push switch (TAPE SELECTOR,DOLBY NR)"
CT-F500/505,Cassette Tape,RSH-037,RSH-037,Slide switch (REC/PLAYBACK SELECTOR)
CT-F500/505,Cassette Tape,RSN-010,RSN-010,Motor
CT-F500/505,Cassette Tape,RSN-013,RSN-013,"FF, REW Muting"
CT-F500/505,Cassette Tape,RSN-014,RSN-014,Chrome tape detector
CT-F500/505,Cassette Tape,RSN-021,RSN-021,Play
CT-F500/505,Cassette Tape,RTT-142,RTT-142,Power transformer (KU)
CT-F500/505,Cassette Tape,RWX-228,RWX-228,Dolby assembly
CT-F500/505,Cassette Tape,RWX-234,RWX-234,Spark killer (KU)
CT-F500/505,Cassette Tape,RWX-235,RWX-235,Spark killer (KC)
CT-F500/505,Cassette Tape,RXA-949,RXA-949,Air dump assembly
CT-F500/505,Cassette Tape,RXA-950,RXA-950,Arm Assembly
CT-F500/505,Cassette Tape,RXA-952,RXA-952,Flywheel assembly
CT-F500/505,Cassette Tape,RXA-954,RXA-954,Take-up reel assembly
CT-F500/505,Cassette Tape,RXA-955,RXA-955,Supply reel assembly
CT-F500/505,Cassette Tape,RXA-956,RXA-956,Drive arm assembly
CT-F500/505,Cassette Tape,RXA-959,RXA-959,TU arm assembIy
CT-F500/505,Cassette Tape,RXA-962,RXA-962,Pulley assembly
CT-F500/505,Cassette Tape,RXA-963,RXA-963,Plate assembly
CT-F500/505,Cassette Tape,RXA-964,RXA-964,Plate assembly
CT-F500/505,Cassette Tape,RXA-965,RXA-965,Shaft (cam)
CT-F500/505,Cassette Tape,RXA-976,RXA-976,Button frame
CT-F500/505,Cassette Tape,RXA-980,RXA-980,Reel base assembly
CT-F500/505,Cassette Tape,RXB-056,RXB-056,REC Arm assembly
CT-F500/505,Cassette Tape,RXM-046,RXM-046,Motor
CT-F500/505,Cassette Tape,RXX-230,RXX-230,PulIey assembly
CT-F500/505,Cassette Tape,RXX-234,RXX-234,Door assembly
CT-F600/605,Cassette Tape,CKDYF 103Z 50,CKDYF 103Z 50,Capacitor C501
CT-F600/605,Cassette Tape,RAA-254,RAA-254,Knob A (INPUT LEVEL R)
CT-F600/605,Cassette Tape,RAA-255,RAA-255,Knob B (INPUT LEVEL L)
CT-F600/605,Cassette Tape,RAC-104,RAC-104,"Push knob (DOLBY NR,TAPE SELECTION)"
CT-F600/605,Cassette Tape,RAC-105,RAC-105,Lever knob assembly
CT-F600/605,Cassette Tape,RAH-259,RAH-259,Dress plate
CT-F600/605,Cassette Tape,RAH-284,RAH-284,Front panel - CT-F605/KU Model
CT-F600/605,Cassette Tape,RAH-298,RAH-298,Front panel
CT-F600/605,Cassette Tape,RAW-121,RAW-121,Tape counter
CT-F600/605,Cassette Tape,RBA-036,RBA-036,Screw
CT-F600/605,Cassette Tape,RBF-030,RBF-030,Washer
CT-F600/605,Cassette Tape,RBH-306,RBH-306,Head adjusting spring
CT-F600/605,Cassette Tape,RBS-110,RBS-110,Operating instruction (CT-F600/KC)
CT-F600/605,Cassette Tape,RCG-006,RCG-006,Capacitor
CT-F600/605,Cassette Tape,RCV-055,RCV-055,Variable resistor (INPUT LEVEL)
CT-F600/605,Cassette Tape,RDE-010 (RDE-024) (RDE-025),RDE-010 (RDE-024) (RDE-025),Cord
CT-F600/605,Cassette Tape,RDE-027 (RDE-028) (RDE-031),RDE-027 (RDE-028) (RDE-031),Cord assembly
CT-F600/605,Cassette Tape,RDG-021,RDG-021,Power cord
CT-F600/605,Cassette Tape,REA-021,REA-021,Head cleaning kit
CT-F600/605,Cassette Tape,REB-187,REB-187,Brake shoe
CT-F600/605,Cassette Tape,REB-212,REB-212,Worm drive belt
CT-F600/605,Cassette Tape,REB-223,REB-223,Cover cushion
CT-F600/605,Cassette Tape,REB-260,REB-260,Cushion
CT-F600/605,Cassette Tape,REB-275,REB-275,0 type ring
CT-F600/605,Cassette Tape,REB-283,REB-283,Stop belt
CT-F600/605,Cassette Tape,REB-292,REB-292,Sensing belt
CT-F600/605,Cassette Tape,REB-310,REB-310,Counter belt
CT-F600/605,Cassette Tape,REB-330,REB-330,Capstan belt
CT-F600/605,Cassette Tape,REC-272,REC-272,Strain relief
CT-F600/605,Cassette Tape,REC-297,REC-297,Capacitor cover
CT-F600/605,Cassette Tape,RED-136,RED-136,BT felt
CT-F600/605,Cassette Tape,RED-136,RED-136,Felt
CT-F600/605,Cassette Tape,RED-147,RED-147,Button stopper
CT-F600/605,Cassette Tape,REE-062,REE-062,Insulator (CKYDYF473Z 50)
CT-F600/605,Cassette Tape,REF-013,REF-013,Steel ball
CT-F600/605,Cassette Tape,REF-013,REF-013,Steel ball
CT-F600/605,Cassette Tape,RHA-176,RHA-176,Side protector (L)
CT-F600/605,Cassette Tape,RHA-177,RHA-177,Side protector (R)
CT-F600/605,Cassette Tape,RHG-266,RHG-266,Packing case (CT-F605/KU)
CT-F600/605,Cassette Tape,RHG-267,RHG-267,Packing case (CT-F500/KC)
CT-F600/605,Cassette Tape,RHL-018,RHL-018,Vinyl bag
CT-F600/605,Cassette Tape,RHL-050,RHL-050,Vinyl bag
CT-F600/605,Cassette Tape,RKB-014,RKB-014,Pin jack
CT-F600/605,Cassette Tape,RKN-052,RKN-052,Phone jack
CT-F600/605,Cassette Tape,RKN-054,RKN-054,Mic jack
CT-F600/605,Cassette Tape,RLA-915,RLA-915,Arm bush
CT-F600/605,Cassette Tape,RLA-989,RLA-989,Collar
CT-F600/605,Cassette Tape,RLB-001,RLB-001,Collar
CT-F600/605,Cassette Tape,RLP-019,RLP-019,Collar
CT-F600/605,Cassette Tape,RNA-390,RNA-390,Bonnet case
CT-F600/605,Cassette Tape,RNF-499,RNF-499,Meter holder
CT-F600/605,Cassette Tape,RNK-290,RNK-290,Guide
CT-F600/605,Cassette Tape,RNK-319,RNK-319,Screw
CT-F600/605,Cassette Tape,RNK-447,RNK-447,Cap
CT-F600/605,Cassette Tape,RNK-447,RNK-447,Cap
CT-F600/605,Cassette Tape,RNK-451,RNK-451,Drive Arm (B)
CT-F600/605,Cassette Tape,RNK-454,RNK-454,TU idler
CT-F600/605,Cassette Tape,RNK-455,RNK-455,TU arm
CT-F600/605,Cassette Tape,RNK-457,RNK-457,FF idler
CT-F600/605,Cassette Tape,RNK-461,RNK-461,Arm
CT-F600/605,Cassette Tape,RNK-463,RNK-463,Pinch return lever
CT-F600/605,Cassette Tape,RNK-464,RNK-464,Switch arm (A)
CT-F600/605,Cassette Tape,RNK-466,RNK-466,Lever
CT-F600/605,Cassette Tape,RNK-472,RNK-472,Cassette guide L
CT-F600/605,Cassette Tape,RNK-473,RNK-473,Cassette guide R
CT-F600/605,Cassette Tape,RNK-477,RNK-477,Erase preventing lever
CT-F600/605,Cassette Tape,RNK-478,RNK-478,Lever
CT-F600/605,Cassette Tape,RNK-480,RNK-480,Return lever
CT-F600/605,Cassette Tape,RNK-483,RNK-483,Lever
CT-F600/605,Cassette Tape,RNK-484,RNK-484,Lever
CT-F600/605,Cassette Tape,RNK-485,RNK-485,Shaft
CT-F600/605,Cassette Tape,RNK-486,RNK-486,Arm L
CT-F600/605,Cassette Tape,RNK-487,RNK-487,Arm R
CT-F600/605,Cassette Tape,RNK-489,RNK-489,Shaft L
CT-F600/605,Cassette Tape,RNK-493,RNK-493,Operation button
CT-F600/605,Cassette Tape,RNK-495,RNK-495,Shaft R
CT-F600/605,Cassette Tape,RNK-558,RNK-558,REC joint
CT-F600/605,Cassette Tape,RNK-559,RNK-559,REC pivot
CT-F600/605,Cassette Tape,RNK-588,RNK-588,Cap
CT-F600/605,Cassette Tape,RNK-588,RNK-588,Cap
CT-F600/605,Cassette Tape,RNK-613,RNK-613,REC lever
CT-F600/605,Cassette Tape,RNK-616,RNK-616,Lock plate
CT-F600/605,Cassette Tape,RNK-665,RNK-665,REC hook
CT-F600/605,Cassette Tape,RNK-666,RNK-666,Front cover
CT-F600/605,Cassette Tape,RNK-670,RNK-670,Knob escutcheon
CT-F600/605,Cassette Tape,RNK-746,RNK-746,Meter lens
CT-F600/605,Cassette Tape,RNK-855,RNK-855,Escutcheon
CT-F600/605,Cassette Tape,RNK-856,RNK-856,Lens
CT-F600/605,Cassette Tape,RPB-014,RPB-014,Erase head
CT-F600/605,Cassette Tape,RPB-014,RPB-014,Erase head
CT-F600/605,Cassette Tape,RPB-052,RPB-052,REC/PB head
CT-F600/605,Cassette Tape,RRB-103,RRB-103,Operating instruction (CT-F605/KU)
CT-F600/605,Cassette Tape,RRW-081,RRW-081,Erase label
CT-F600/605,Cassette Tape,RRW-082,RRW-082,REC/PB label
CT-F600/605,Cassette Tape,RRW-112,RRW-112,UL Label (A)
CT-F600/605,Cassette Tape,RRW-112,RRW-112,UL Label (A) - CT-F605/KU Model
CT-F600/605,Cassette Tape,RSA-028,RSA-028,Power switch
CT-F600/605,Cassette Tape,RSG-074,RSG-074,"Push switch ass'y (DOLBY,TAPE STD,FeCr,CrO2)"
CT-F600/605,Cassette Tape,RSH-038,RSH-038,Slide switch
CT-F600/605,Cassette Tape,RSN-006,RSN-006,Switch
CT-F600/605,Cassette Tape,RSN-018,RSN-018,Switch
CT-F600/605,Cassette Tape,RSN-024,RSN-024,Chrome switch
CT-F600/605,Cassette Tape,RSN-025,RSN-025,Switch
CT-F600/605,Cassette Tape,RSN-027 (RSN-010),RSN-027 (RSN-010),Lever switch
CT-F600/605,Cassette Tape,RTT-161,RTT-161,Power transformer - CT-F605/KU Model
CT-F600/605,Cassette Tape,RTT-162,RTT-162,Power transformer  (CT-F600/KC)
CT-F600/605,Cassette Tape,RXA-703,RXA-703,Foot assembly
CT-F600/605,Cassette Tape,RXA-949,RXA-949,Air dump assembly
CT-F600/605,Cassette Tape,RXA-950,RXA-950,Arm assembly
CT-F600/605,Cassette Tape,RXA-952,RXA-952,Flywheel assembly
CT-F600/605,Cassette Tape,RXA-954,RXA-954,Take-up reel assembly
CT-F600/605,Cassette Tape,RXA-955,RXA-955,Supply reel assembly
CT-F600/605,Cassette Tape,RXA-956,RXA-956,Drive pulley assembly
CT-F600/605,Cassette Tape,RXA-959,RXA-959,TU idler arm assembly
CT-F600/605,Cassette Tape,RXA-960,RXA-960,FF idler arm full assembly
CT-F600/605,Cassette Tape,RXA-962,RXA-962,Pulley assembly
CT-F600/605,Cassette Tape,RXA-963,RXA-963,Plate assembly
CT-F600/605,Cassette Tape,RXA-964,RXA-964,Plate assembly
CT-F600/605,Cassette Tape,RXA-965,RXA-965,Gear assembly
CT-F600/605,Cassette Tape,RXA-976,RXA-976,Button frame assembly
CT-F600/605,Cassette Tape,RXB-056,RXB-056,REC arm assembly
CT-F600/605,Cassette Tape,RXB-089,RXB-089,Fleel base assembly
CT-F600/605,Cassette Tape,RXB-105,RXB-105,Pinch arm (B) assembly
CT-F600/605,Cassette Tape,RXM-055,RXM-055,Motor
CT-F600/605,Cassette Tape,RXX-230,RXX-230,Motor pulley assembly
CT-F600/605,Cassette Tape,RXX-234,RXX-234,Door assembly - CT-F605/KU Model
CT-F6161,Cassette Tape,ABA-011-0,ABA-011,Screw M4x 26
CT-F6161,Cassette Tape,ADG-004-0,ADG-004,AC power cord   (FV model)
CT-F6161,Cassette Tape,AKR-027-0,AKR-027,Fuse holder (FV model)
CT-F6161,Cassette Tape,ART-100-0,ART-100,"Service Manual  CT-F6161 (KCU, FV)"
CT-F6161,Cassette Tape,B11-012-A,B11-012,Binding post (for ground)
CT-F6161,Cassette Tape,B22-422-0,B22-422,Nylon washer 4.2øx80x0.5t mm
CT-F6161,Cassette Tape,B22-422-0,B22-422,Nylon washer 4.2øx8øx 0.5t mm
CT-F6161,Cassette Tape,D11-003-E,D11-003,AC power cord  (KCU model)
CT-F6161,Cassette Tape,E32-478-0,E32-478,Nylon washer 3.20x8øx 0.5t mm
CT-F6161,Cassette Tape,K13-047-0,K13-047,Terminal strip (4P)
CT-F6161,Cassette Tape,K91-006-0,K91-006,Clip-in type fuse holder
CT-F6161,Cassette Tape,M15-414-A,M15-414,Shield case
CT-F6161,Cassette Tape,RAA-092-0,RAA-092,Knob (POWER)
CT-F6161,Cassette Tape,RAA-093-0,RAA-093,"Knob (DOLBY NR, BIAS, EQ)"
CT-F6161,Cassette Tape,RAA-094-0,RAA-094,Knob (SKIP)
CT-F6161,Cassette Tape,RAA-109-0,RAA-109,Knob outer
CT-F6161,Cassette Tape,RAA-110-0,RAA-110,Knob inner
CT-F6161,Cassette Tape,RAH-116-0,RAH-116,Reflecting plate
CT-F6161,Cassette Tape,RAL-161-0,RAL-161,Name plate   (KCU model)
CT-F6161,Cassette Tape,RAL-163-0,RAL-163,Name plate   (FV model)
CT-F6161,Cassette Tape,RAW-025-0,RAW-025,Level meter
CT-F6161,Cassette Tape,RAW-026-0,RAW-026,Tape counter assembly
CT-F6161,Cassette Tape,RBA-004-0,RBA-004,Stud screw
CT-F6161,Cassette Tape,RBF-021-0,RBF-021,Teflon washer
CT-F6161,Cassette Tape,RBH-110-B,RBH-110,Spring (Sliding bar)
CT-F6161,Cassette Tape,RBH-176-0,RBH-176,Spring (operating button)
CT-F6161,Cassette Tape,RBH-181-0,RBH-181,Spring (head base)
CT-F6161,Cassette Tape,RBH-182-0,RBH-182,Spring (brake)
CT-F6161,Cassette Tape,RBH-183-0,RBH-183,Adjusting spring (head)
CT-F6161,Cassette Tape,RBH-184-0,RBH-184,Spring for brake lever
CT-F6161,Cassette Tape,RBH-187-0,RBH-187,Spring for FF lever
CT-F6161,Cassette Tape,RBH-188-0,RBH-188,FR lever spring D
CT-F6161,Cassette Tape,RBH-189-0,RBH-189,Spring for REW lever
CT-F6161,Cassette Tape,RBH-190-0,RBH-190,Spring for tension arm
CT-F6161,Cassette Tape,RBH-200-0,RBH-200,Spring (Cam)
CT-F6161,Cassette Tape,RBH-201-0,RBH-201,Spring (Sliding plate)
CT-F6161,Cassette Tape,RBH-202-0,RBH-202,Spring (Door lock bar)
CT-F6161,Cassette Tape,RBH-203-0,RBH-203,Spring (Release lever)
CT-F6161,Cassette Tape,RBH-204-0,RBH-204,Spring (Cassette positioner R)
CT-F6161,Cassette Tape,RBH-205-0,RBH-205,Spring (Cassette positioner L)
CT-F6161,Cassette Tape,RBH-208-0,RBH-208,Spring
CT-F6161,Cassette Tape,RBH-209-0,RBH-209,Spring (Sliding bar)
CT-F6161,Cassette Tape,RBH-210-0,RBH-210,Door spring
CT-F6161,Cassette Tape,RBH-211-0,RBH-211,Spring (head base)
CT-F6161,Cassette Tape,RBH-214-0,RBH-214,Spring (STOP EJECT button)
CT-F6161,Cassette Tape,RBH-215-0,RBH-215,Spring (button lock)
CT-F6161,Cassette Tape,RBH-216-0,RBH-216,Spring (EJECT)
CT-F6161,Cassette Tape,RBH-217-0,RBH-217,Spring (pause lock)
CT-F6161,Cassette Tape,RBH-218-0,RBH-218,Prevention plate spring
CT-F6161,Cassette Tape,RBH-219-0,RBH-219,Spring (pinch roller)
CT-F6161,Cassette Tape,RBH-220-0,RBH-220,Spring (Pause-lever)
CT-F6161,Cassette Tape,RBH-221-0,RBH-221,Spring for idler B lever
CT-F6161,Cassette Tape,RBH-222-0,RBH-222,Spring for REC lever
CT-F6161,Cassette Tape,RBH-226-0,RBH-226,Spring for REC lever
CT-F6161,Cassette Tape,RBH-227-0,RBH-227,Spring
CT-F6161,Cassette Tape,RBK-072-0,RBK-072,Spring for base head
CT-F6161,Cassette Tape,RCV-017-C,RCV-017,Variable resistor 20ks2-A (INPUT)
CT-F6161,Cassette Tape,RCV-018-C,RCV-018,Variable resistor 50ks2-A (OUTPUT)
CT-F6161,Cassette Tape,RDE-010-0,RDE-010,Connection cord
CT-F6161,Cassette Tape,REA-007-0,REA-007,Head cleaning kit
CT-F6161,Cassette Tape,REB-100-0,REB-100,Cushion
CT-F6161,Cassette Tape,REB-116-0,REB-116,Drive belt
CT-F6161,Cassette Tape,REB-117-0,REB-117,Motor cushion
CT-F6161,Cassette Tape,REB-129-0,REB-129,Cushion
CT-F6161,Cassette Tape,REB-130-0,REB-130,Cushion
CT-F6161,Cassette Tape,REB-131-0,REB-131,Lamp holder
CT-F6161,Cassette Tape,REB-133-B,REB-133,Counter belt A
CT-F6161,Cassette Tape,REB-134-B,REB-134,Counter belt B
CT-F6161,Cassette Tape,REB-135-B,REB-135,Belt (Sensing)
CT-F6161,Cassette Tape,REB-140-0,REB-140,Cushion
CT-F6161,Cassette Tape,REB-142-0,REB-142,Lamp cover
CT-F6161,Cassette Tape,REB-145-0,REB-145,Lamp holder
CT-F6161,Cassette Tape,REC-148-0,REC-148,Meter cushion
CT-F6161,Cassette Tape,REC-164-0,REC-164,AC cord grommet
CT-F6161,Cassette Tape,RED-074-0,RED-074,Mask
CT-F6161,Cassette Tape,REF-009-0,REF-009,Steel ball 2ø
CT-F6161,Cassette Tape,REF-010-0,REF-010,Steel ball 2.5ø
CT-F6161,Cassette Tape,REK-031-0,REK-031,Fuse (500mA)  (FV model)
CT-F6161,Cassette Tape,REK-033-0,REK-033,Fuse (1A)  (KCU model)
CT-F6161,Cassette Tape,REL-007-0,REL-007,Pilot lamp 6V 100mA (compartment)
CT-F6161,Cassette Tape,REL-007-0,REL-007,Pilot lamp 6V 100mA (compartment)
CT-F6161,Cassette Tape,REL-013-0,REL-013,"Pilot lamp (DOLBY, PL5)"
CT-F6161,Cassette Tape,RHA-089-0,RHA-089,Protector
CT-F6161,Cassette Tape,RHG-103-0,RHG-103,Packing case
CT-F6161,Cassette Tape,RKB-007-0,RKB-007,Phono jack (4 jack)
CT-F6161,Cassette Tape,RKC-015-0,RKC-015,Terminal strip (2P)
CT-F6161,Cassette Tape,RKN-013-B,RKN-013,Jack assembly {C)
CT-F6161,Cassette Tape,RKP-006-0,RKP-006,DIN type socket
CT-F6161,Cassette Tape,RLA-342-0,RLA-342,Button shaft
CT-F6161,Cassette Tape,RLA-343-0,RLA-343,Collar
CT-F6161,Cassette Tape,RLA-344-0,RLA-344,Motor pulley
CT-F6161,Cassette Tape,RLA-359-0,RLA-359,Spacer
CT-F6161,Cassette Tape,RLA-366-0,RLA-366,Shaft A
CT-F6161,Cassette Tape,RLA-367-0,RLA-367,Shaft B
CT-F6161,Cassette Tape,RLA-389-0,RLA-389,Shaft (head base)
CT-F6161,Cassette Tape,RLA-423-0,RLA-423,Shaft
CT-F6161,Cassette Tape,RMM-031-A,RMM-031,Wooden case
CT-F6161,Cassette Tape,RNA-166-A,RNA-166,Rear panel  (KCU model)
CT-F6161,Cassette Tape,RNA-212-0,RNA-212,Rear panel  (FV model)
CT-F6161,Cassette Tape,RNB-058-B,RNB-058,Chassis
CT-F6161,Cassette Tape,RNC-089-A,RNC-089,Actuating lever A
CT-F6161,Cassette Tape,RNC-091-A,RNC-091,Bottom cover
CT-F6161,Cassette Tape,RNE-327-0,RNE-327,Cassette protector
CT-F6161,Cassette Tape,RNE-513-0,RNE-513,Cord clamper B
CT-F6161,Cassette Tape,RNE-578-0,RNE-578,Syl-lock prevention cam
CT-F6161,Cassette Tape,RNE-579-0,RNE-579,Brake lever
CT-F6161,Cassette Tape,RNE-580-0,RNE-580,Brake lever
CT-F6161,Cassette Tape,RNE-583-0,RNE-583,Thrust holder
CT-F6161,Cassette Tape,RNE-605-0,RNE-605,Cord clamper D
CT-F6161,Cassette Tape,RNE-605-0,RNE-605,Cord clamper D
CT-F6161,Cassette Tape,RNE-659-B,RNE-659,Sub panel
CT-F6161,Cassette Tape,RNE-660-A,RNE-660,Angle
CT-F6161,Cassette Tape,RNE-669-D,RNE-669,Bracket
CT-F6161,Cassette Tape,RNE-670-0,RNE-670,Plate
CT-F6161,Cassette Tape,RNE-671-A,RNE-671,Terminal board holder
CT-F6161,Cassette Tape,RNE-674-B,RNE-674,Sliding bar (REC)
CT-F6161,Cassette Tape,RNE-675-0,RNE-675,Angle (door spring)
CT-F6161,Cassette Tape,RNE-676-A,RNE-676,Lamp box
CT-F6161,Cassette Tape,RNE-678-A,RNE-678,Door lock bar
CT-F6161,Cassette Tape,RNE-684-0,RNE-684,Button lever A
CT-F6161,Cassette Tape,RNE-685-0,RNE-685,Button lever P
CT-F6161,Cassette Tape,RNE-690-0,RNE-690,Spacer
CT-F6161,Cassette Tape,RNE-691-0,RNE-691,REC lever B
CT-F6161,Cassette Tape,RNE-712-0,RNE-712,Lever (EJECT)
CT-F6161,Cassette Tape,RNE-713-0,RNE-713,Pause lock plate
CT-F6161,Cassette Tape,RNE-714-0,RNE-714,REW lever B
CT-F6161,Cassette Tape,RNE-715-0,RNE-715,Shield plate
CT-F6161,Cassette Tape,RNE-717-0,RNE-717,FF lever
CT-F6161,Cassette Tape,RNE-727-B,RNE-727,Panel stay
CT-F6161,Cassette Tape,RNE-731-A,RNE-731,Actuating lever B
CT-F6161,Cassette Tape,RNE-732-A,RNE-732,Adjustment plate
CT-F6161,Cassette Tape,RNE-741-0,RNE-741,Cord clamper
CT-F6161,Cassette Tape,RNE-746-A,RNE-746,Angly
CT-F6161,Cassette Tape,RNE-766-0,RNE-766,Protection bar
CT-F6161,Cassette Tape,RNE-767-0,RNE-767,Sliding plate
CT-F6161,Cassette Tape,RNK-153-0,RNK-153,Shaft cap
CT-F6161,Cassette Tape,RNK-154-0,RNK-154,Thrust adjusting screw
CT-F6161,Cassette Tape,RNK-167-A,RNK-167,Cassette positioner
CT-F6161,Cassette Tape,RNK-168-B,RNK-168,Cam (Eject)
CT-F6161,Cassette Tape,RNK-170-A,RNK-170,Compartment
CT-F6161,Cassette Tape,RNK-171-C,RNK-171,Door
CT-F6161,Cassette Tape,RNK-173-A,RNK-173,Lamp lens
CT-F6161,Cassette Tape,RNK-179-A,RNK-179,Lamp lens
CT-F6161,Cassette Tape,RPB-013-E,RPB-013,REC/P.B. head
CT-F6161,Cassette Tape,RPB-014-0,RPB-014,Erasing head
CT-F6161,Cassette Tape,RRB-050-0,RRB-050,Operating instructions (KCU model)
CT-F6161,Cassette Tape,RRB-051-0,RRB-051,Operating instructions (FV model)
CT-F6161,Cassette Tape,RRD-012-0,RRD-012,Operating instructions (German/France)
CT-F6161,Cassette Tape,RSA-010-A,RSA-010,"Push switch (S5, POWER)    (KCU model)"
CT-F6161,Cassette Tape,RSA-011-0,RSA-011,"Push switch (S5, POWER)   (FV model)"
CT-F6161,Cassette Tape,RSG-022-0,RSG-022,"Push switch (S8, SKIP)"
CT-F6161,Cassette Tape,RSG-024-0,RSG-024,"Push switch (Dolby, Bias, EQ)"
CT-F6161,Cassette Tape,RSH-008-B,RSH-008,Slide switch (REC/P.B Selector)
CT-F6161,Cassette Tape,RSH-009-A,RSH-009,Slide Switch (Muting)
CT-F6161,Cassette Tape,RSK-019-A,RSK-019,Leaf switch (PAUSE)
CT-F6161,Cassette Tape,RSN-002-0,RSN-002,Leaf switch (Play)
CT-F6161,Cassette Tape,RSX-034-A,RSX-034,Sensing switch assembly
CT-F6161,Cassette Tape,RTT-059-B,RTT-059,Power transformer  (KCU model)
CT-F6161,Cassette Tape,RTT-060-0,RTT-060,Power transformer  (FV model)
CT-F6161,Cassette Tape,RWF-038-B,RWF-038,REC/P.B. amplifier assembly
CT-F6161,Cassette Tape,RWR-025-0,RWR-025,Sensing circuit assembly  (with in power supply)
CT-F6161,Cassette Tape,RWS-023-A,RWS-023,Switch assembly
CT-F6161,Cassette Tape,RWS-030-0,RWS-030,Slide switch assembly (Muting)
CT-F6161,Cassette Tape,RWX-052-0,RWX-052,Lamp board assembly
CT-F6161,Cassette Tape,RWX-056-A,RWX-056,Indicator board assembly
CT-F6161,Cassette Tape,RWX-070-B,RWX-070,Dolby processor assembly
CT-F6161,Cassette Tape,RWX-073-0,RWX-073,Fuse board assembly  (KCU model)
CT-F6161,Cassette Tape,RWX-075-0,RWX-075,Terminal board
CT-F6161,Cassette Tape,RWX-076-0,RWX-076,Fuse board assembly   (FV model)
CT-F6161,Cassette Tape,RXA-,RXA-,Front panel assembly
CT-F6161,Cassette Tape,RXA-417-0,RXA-417,FR lever assembly
CT-F6161,Cassette Tape,RXA-421-0,RXA-421,Idler B lever assembly
CT-F6161,Cassette Tape,RXA-430-0,RXA-430,Tension arm assembly
CT-F6161,Cassette Tape,RXA-431-0,RXA-431,Sliding bar assembly (FF)
CT-F6161,Cassette Tape,RXA-432-0,RXA-432,Flywheel assembly B
CT-F6161,Cassette Tape,RXA-433-0,RXA-433,Reel base B assembly
CT-F6161,Cassette Tape,RXA-459-B,RXA-459,Release lever assembly
CT-F6161,Cassette Tape,RXA-464-A,RXA-464,Counter mounting angle assembly
CT-F6161,Cassette Tape,RXA-466-A,RXA-466,Pulley assembly
CT-F6161,Cassette Tape,RXA-477-0,RXA-477,Foot assembly
CT-F6161,Cassette Tape,RXA-481-A,RXA-481,Chassis assembly
CT-F6161,Cassette Tape,RXA-485-0,RXA-485,Head base assembly
CT-F6161,Cassette Tape,RXA-486-0,RXA-486,Pinch roller arm assembly
CT-F6161,Cassette Tape,RXA-489-0,RXA-489,Idler A assembly
CT-F6161,Cassette Tape,RXA-490-0,RXA-490,Sliding bar assembly (PAUSE)
CT-F6161,Cassette Tape,RXA-492-0,RXA-492,Button lever P assembly
CT-F6161,Cassette Tape,RXA-498-0,RXA-498,"Button block assembly  (Part No. RXA-498 contains
key No.1 ~ 11, 13 and 14)"
CT-F6161,Cassette Tape,RXA-499-0,RXA-499,Button chassis assembly
CT-F6161,Cassette Tape,RXA-500-0,RXA-500,Button lever assembly
CT-F6161,Cassette Tape,RXA-501-0,RXA-501,Sliding cam assembly
CT-F6161,Cassette Tape,RXA-502-0,RXA-502,Bracket
CT-F6161,Cassette Tape,RXA-519-A,RXA-519,Sliding bar assembly
CT-F6161,Cassette Tape,RXA-523-B,RXA-523,Bracket assembly (EJECT)
CT-F6161,Cassette Tape,RXA-536-0,RXA-536,Knob A assembly  REC (red)
CT-F6161,Cassette Tape,RXA-537-0,RXA-537,Knob B assembly  STOP (blue)
CT-F6161,Cassette Tape,RXA-538-0,RXA-538,Knob C assembly  PLAY (white)
CT-F6161,Cassette Tape,RXA-539-0,RXA-539,"Knob D assembly  FF, REW, PAUSE"
CT-F6161,Cassette Tape,RXA-540-A,RXA-540,Sub chassis assembly
CT-F6161,Cassette Tape,RXA-544-0,RXA-544,Eject plate assembly
CT-F6161,Cassette Tape,RXM-006-0,RXM-006,Motor
CT-F6161,Cassette Tape,RXP-016-A,RXP-016,Solenoid
CT-F6262,Cassette Tape,AEC-264,AEC-264,Lever guard
CT-F6262,Cassette Tape,ART-189-0,ART-189,Service Manual  CT-F6262  (KCU)
CT-F6262,Cassette Tape,E32-045,E32-045,Insulator bush
CT-F6262,Cassette Tape,E34-004,E34-004,Insulator washer
CT-F6262,Cassette Tape,M15-414,M15-414,Shield case
CT-F6262,Cassette Tape,RAA-092,RAA-092,Knob (POWER)
CT-F6262,Cassette Tape,RAA-154,RAA-154,Knob (INPUT R)
CT-F6262,Cassette Tape,RAA-154,RAA-154,Knob (OUTPUT R)
CT-F6262,Cassette Tape,RAA-159,RAA-159,Knob (DOLBY NR)
CT-F6262,Cassette Tape,RAA-159,RAA-159,Knob (TAPE)
CT-F6262,Cassette Tape,RAA-160,RAA-160,Knob (INPUT L)
CT-F6262,Cassette Tape,RAA-160,RAA-160,Knob (OUTPUT L)
CT-F6262,Cassette Tape,RAH-154,RAH-154,Cassette panel
CT-F6262,Cassette Tape,RAH-165,RAH-165,Front panel
CT-F6262,Cassette Tape,RAW-046,RAW-046,Tape counter
CT-F6262,Cassette Tape,RAW-049,RAW-049,Level meter
CT-F6262,Cassette Tape,RBF-030,RBF-030,Oil fence washer
CT-F6262,Cassette Tape,RBH-277,RBH-277,Spring
CT-F6262,Cassette Tape,RBH-280,RBH-280,Spring
CT-F6262,Cassette Tape,RBH-281,RBH-281,Spring
CT-F6262,Cassette Tape,RBH-282,RBH-282,Spring
CT-F6262,Cassette Tape,RBH-283,RBH-283,Spring
CT-F6262,Cassette Tape,RBH-284,RBH-284,Spring
CT-F6262,Cassette Tape,RBH-285,RBH-285,Retainer spring (L)
CT-F6262,Cassette Tape,RBH-286,RBH-286,Retainer spring (R)
CT-F6262,Cassette Tape,RBH-287,RBH-287,Spring
CT-F6262,Cassette Tape,RBH-288,RBH-288,Spring
CT-F6262,Cassette Tape,RBH-290,RBH-290,Spring
CT-F6262,Cassette Tape,RBH-291,RBH-291,Spring
CT-F6262,Cassette Tape,RBH-292,RBH-292,Brake pressure spring
CT-F6262,Cassette Tape,RBH-293,RBH-293,Spring
CT-F6262,Cassette Tape,RBH-294,RBH-294,Operating lever spring
CT-F6262,Cassette Tape,RBH-295,RBH-295,Pause lever spring
CT-F6262,Cassette Tape,RBH-296,RBH-296,Spring
CT-F6262,Cassette Tape,RBH-297,RBH-297,Ratchet spring
CT-F6262,Cassette Tape,RBH-301,RBH-301,Spring
CT-F6262,Cassette Tape,RBH-302,RBH-302,Return spring
CT-F6262,Cassette Tape,RBH-304,RBH-304,Pinch roller spring
CT-F6262,Cassette Tape,RBH-306,RBH-306,Spring
CT-F6262,Cassette Tape,RBH-310,RBH-310,Spring
CT-F6262,Cassette Tape,RBK-099,RBK-099,Door lock spring
CT-F6262,Cassette Tape,RBN-005,RBN-005,Insulator nut
CT-F6262,Cassette Tape,RCV-029,RCV-029,Variable resistor 20k-15A (INPUT)
CT-F6262,Cassette Tape,RCV-030,RCV-030,Variable resistor 20k-3B (OUTPUT)
CT-F6262,Cassette Tape,RDE-019,RDE-019,Connection cord
CT-F6262,Cassette Tape,RDG-013,RDG-013,AC power cord
CT-F6262,Cassette Tape,REA-014,REA-014,Head cleaning assembly
CT-F6262,Cassette Tape,REB-158,REB-158,Lamp holder
CT-F6262,Cassette Tape,REB-187,REB-187,Brake rubber shoe
CT-F6262,Cassette Tape,REB-189,REB-189,Capstan belt
CT-F6262,Cassette Tape,REB-190,REB-190,Counter belt
CT-F6262,Cassette Tape,REB-191,REB-191,Sensing belt
CT-F6262,Cassette Tape,REB-194,REB-194,Damper sponge
CT-F6262,Cassette Tape,REC-164,REC-164,Strain relief
CT-F6262,Cassette Tape,RED-117,RED-117,Mask
CT-F6262,Cassette Tape,REE-055,REE-055,Insulator
CT-F6262,Cassette Tape,REF-013,REF-013,Steel ball
CT-F6262,Cassette Tape,REL-026,REL-026,"Lamp with leads 8V, 55mA"
CT-F6262,Cassette Tape,REL-026,REL-026,"Lamp with leads 8V, 55mA"
CT-F6262,Cassette Tape,REL-033,REL-033,"Lamp assembly 8V, 100mA"
CT-F6262,Cassette Tape,RHA-123,RHA-123,Side pad
CT-F6262,Cassette Tape,RHG-167,RHG-167,Packing case (for U.S.A.)
CT-F6262,Cassette Tape,RHG-168,RHG-168,Packing case (for Canada)
CT-F6262,Cassette Tape,RHL-018,RHL-018,Vinyl pouch
CT-F6262,Cassette Tape,RHL-019,RHL-019,Vinyl pouch
CT-F6262,Cassette Tape,RHL-035,RHL-035,Vinyl bag
CT-F6262,Cassette Tape,RKB-010,RKB-010,Terminal assembly (LINE/DIN)
CT-F6262,Cassette Tape,RKN-031,RKN-031,Phone jack (MIC)
CT-F6262,Cassette Tape,RKN-032,RKN-032,Phone jack (PHONES)
CT-F6262,Cassette Tape,RLA-499,RLA-499,Collar
CT-F6262,Cassette Tape,RLA-601,RLA-601,Motor pulley
CT-F6262,Cassette Tape,RLA-602,RLA-602,Operating lever shaft
CT-F6262,Cassette Tape,RLP-009,RLP-009,Roller
CT-F6262,Cassette Tape,RLP-010,RLP-010,Roller
CT-F6262,Cassette Tape,RMM-034,RMM-034,Wooden cabinet
CT-F6262,Cassette Tape,RMS-060,RMS-060,Hardboard protector
CT-F6262,Cassette Tape,RNE-974,RNE-974,Pause ratchet
CT-F6262,Cassette Tape,RNE-976,RNE-976,SW bracket
CT-F6262,Cassette Tape,RNE-978,RNE-978,Detector bracket
CT-F6262,Cassette Tape,RNE-983,RNE-983,Pause arm
CT-F6262,Cassette Tape,RNE-987,RNE-987,Lock plate
CT-F6262,Cassette Tape,RNE-991,RNE-991,Switch holder
CT-F6262,Cassette Tape,RNE-992,RNE-992,Switch holder
CT-F6262,Cassette Tape,RNF-009,RNF-009,Step washer
CT-F6262,Cassette Tape,RNF-010,RNF-010,Brake arm
CT-F6262,Cassette Tape,RNF-023,RNF-023,Switch holder
CT-F6262,Cassette Tape,RNF-024,RNF-024,Cord guide
CT-F6262,Cassette Tape,RNF-034,RNF-034,Brake operating plate
CT-F6262,Cassette Tape,RNK-202,RNK-202,Illuminating plate
CT-F6262,Cassette Tape,RNK-208,RNK-208,Joint
CT-F6262,Cassette Tape,RNK-236,RNK-236,Tape counter lens
CT-F6262,Cassette Tape,RNK-240,RNK-240,Cassette guide (L)
CT-F6262,Cassette Tape,RNK-241,RNK-241,Cassette guide (R)
CT-F6262,Cassette Tape,RNK-244,RNK-244,Door
CT-F6262,Cassette Tape,RNK-245,RNK-245,Cassette frame
CT-F6262,Cassette Tape,RNK-259,RNK-259,Cassette retaining arm
CT-F6262,Cassette Tape,RNK-260,RNK-260,CrO2 detector lever
CT-F6262,Cassette Tape,RNK-261,RNK-261,Thrust screw
CT-F6262,Cassette Tape,RNK-268,RNK-268,Indicator lens
CT-F6262,Cassette Tape,RNK-275,RNK-275,Meter frame
CT-F6262,Cassette Tape,RNK-279,RNK-279,Cassette retainer
CT-F6262,Cassette Tape,RNK-280,RNK-280,Knob (FF)
CT-F6262,Cassette Tape,RNK-280,RNK-280,Knob (PAUSE)
CT-F6262,Cassette Tape,RNK-280,RNK-280,Knob (REW)
CT-F6262,Cassette Tape,RNK-281,RNK-281,Knob (PLAY)
CT-F6262,Cassette Tape,RNK-282,RNK-282,Knob (STOP)
CT-F6262,Cassette Tape,RNK-283,RNK-283,Knob (REC)
CT-F6262,Cassette Tape,RNK-290,RNK-290,Ball guide
CT-F6262,Cassette Tape,RPB-013,RPB-013,REC/PB head
CT-F6262,Cassette Tape,RPB-038,RPB-038,Erase head
CT-F6262,Cassette Tape,RRB-070,RRB-070,Operating instructions
CT-F6262,Cassette Tape,RRW-007,RRW-007,Head label
CT-F6262,Cassette Tape,RSA-010,RSA-010,Push switch (POWER)
CT-F6262,Cassette Tape,RSH-011,RSH-011,Slide switch (REC/PB)
CT-F6262,Cassette Tape,RSH-021,RSH-021,Slide switch (INPUT SELECTOR)
CT-F6262,Cassette Tape,RSK-031,RSK-031,Lever switch (DOLBY NR)
CT-F6262,Cassette Tape,RSK-032,RSK-032,Lever switch (TAPE SELECTOR)
CT-F6262,Cassette Tape,RSN-006,RSN-006,Spring switch (Muting)
CT-F6262,Cassette Tape,RSN-006,RSN-006,Spring switch (Pause)
CT-F6262,Cassette Tape,RSN-010,RSN-010,Lever switch (Cr02 DET.)
CT-F6262,Cassette Tape,RSN-011,RSN-011,Spring switch (Motor)
CT-F6262,Cassette Tape,RSX-041,RSX-041,Hall tape running detector
CT-F6262,Cassette Tape,RTT-097,RTT-097,Power transformer
CT-F6262,Cassette Tape,RWF-061,RWF-061,REC/PB amplifier assembly
CT-F6262,Cassette Tape,RWG-057,RWG-057,Control assembly
CT-F6262,Cassette Tape,RWR-045,RWR-045,Power supply assembly
CT-F6262,Cassette Tape,RWS-046,RWS-046,Switch assembly
CT-F6262,Cassette Tape,RWX-109,RWX-109,Spark killer
CT-F6262,Cassette Tape,RWX-128,RWX-128,Jack assembly
CT-F6262,Cassette Tape,RWX-130,RWX-130,Indicator assembly
CT-F6262,Cassette Tape,RWX-138,RWX-138,Dolby assembly
CT-F6262,Cassette Tape,RXA-558,RXA-558,Bearing
CT-F6262,Cassette Tape,RXA-661,RXA-661,REW arm
CT-F6262,Cassette Tape,RXA-664,RXA-664,Flywheel
CT-F6262,Cassette Tape,RXA-677,RXA-677,Door stopper
CT-F6262,Cassette Tape,RXA-678,RXA-678,Head base
CT-F6262,Cassette Tape,RXA-682,RXA-682,REC coupling arm
CT-F6262,Cassette Tape,RXA-683,RXA-683,REC lever
CT-F6262,Cassette Tape,RXA-685,RXA-685,REW operating plate
CT-F6262,Cassette Tape,RXA-686,RXA-686,Bracket R
CT-F6262,Cassette Tape,RXA-687,RXA-687,Bracket I
CT-F6262,Cassette Tape,RXA-688,RXA-688,Pause plate
CT-F6262,Cassette Tape,RXA-689,RXA-689,Detector lever holder
CT-F6262,Cassette Tape,RXA-690,RXA-690,Operating lever frame
CT-F6262,Cassette Tape,RXA-691,RXA-691,Pinch arm
CT-F6262,Cassette Tape,RXA-692,RXA-692,Shaft-held plate
CT-F6262,Cassette Tape,RXA-693,RXA-693,Cassette detector
CT-F6262,Cassette Tape,RXA-696,RXA-696,Pause lever
CT-F6262,Cassette Tape,RXA-700,RXA-700,Operating lever
CT-F6262,Cassette Tape,RXA-723,RXA-723,Fast arm R
CT-F6262,Cassette Tape,RXA-724,RXA-724,Fast arm (L)
CT-F6262,Cassette Tape,RXA-732,RXA-732,Foot assembly
CT-F6262,Cassette Tape,RXA-740,RXA-740,Take-up reel base
CT-F6262,Cassette Tape,RXA-741,RXA-741,Supply reel base
CT-F6262,Cassette Tape,RXA-742,RXA-742,REW idler
CT-F6262,Cassette Tape,RXA-744,RXA-744,Idler
CT-F6262,Cassette Tape,RXA-754,RXA-754,TU arm assembly
CT-F6262,Cassette Tape,RXM-027,RXM-027,Motor
CT-F6262,Cassette Tape,RXP-036,RXP-036,Solenoid
CT-F6262,Cassette Tape,TLG-113,TLG-113,Light emitting diode (green)
CT-F6262,Cassette Tape,TLR-113P,TLR-113P,Light emitting diode (red)
CT-F700,Cassette Tape,ART-290-0,ART-290,"Additional Service Manual  CT-F700  KC, KU, HG type"
CT-F700,Cassette Tape,C43-003,C43-003,Capacitor 0.01uF
CT-F700,Cassette Tape,H46-854,H46-854,Vinyl bag (for fuse) (D type)
CT-F700,Cassette Tape,H46-854,H46-854,Vinyl bag (for fuse) (D/G type)
CT-F700,Cassette Tape,RAA-207,RAA-207,Knob A (INPUT/OUTPUT L)
CT-F700,Cassette Tape,RAA-208,RAA-208,Knob B (INPUT/OUTPUT R)
CT-F700,Cassette Tape,RAA-209,RAA-209,"Knob (METER, BIAS, EQ, DOLBY NR, INPUT)"
CT-F700,Cassette Tape,RAA-210,RAA-210,Knob assembly (MEMORY)
CT-F700,Cassette Tape,RAC-069,RAC-069,Power button cap
CT-F700,Cassette Tape,RAC-070,RAC-070,Counter cap
CT-F700,Cassette Tape,RAH-020,RAH-020,Cassette plate
CT-F700,Cassette Tape,RAH-200,RAH-200,Cassette plate
CT-F700,Cassette Tape,RAW-051,RAW-051,Counter
CT-F700,Cassette Tape,RAW-070,RAW-070,Level meter assembly
CT-F700,Cassette Tape,RAW-074,RAW-074,Level meter assembly P
CT-F700,Cassette Tape,RBH-356,RBH-356,Pause arm assembly
CT-F700,Cassette Tape,RBH-388,RBH-388,Head base spring
CT-F700,Cassette Tape,RBH-391,RBH-391,Ratchet wire
CT-F700,Cassette Tape,RBH-397,RBH-397,Door spring
CT-F700,Cassette Tape,RBH-398,RBH-398,Lever spring
CT-F700,Cassette Tape,RBH-399,RBH-399,Cam arm spring
CT-F700,Cassette Tape,RBH-425,RBH-425,Damper spring
CT-F700,Cassette Tape,RBM-004,RBM-004,Wire nut  (KC type)
CT-F700,Cassette Tape,RBM-004,RBM-004,Wire nut  (KU type)
CT-F700,Cassette Tape,RCS-016,RCS-016,Volume (BIAS)
CT-F700,Cassette Tape,RCV-045,RCV-045,Variable resistor (INPUT) 20k-A
CT-F700,Cassette Tape,RCV-046,RCV-046,Variable resistor(OUTPUT) 20k-B
CT-F700,Cassette Tape,RDE-010,RDE-010,Connection cord
CT-F700,Cassette Tape,RDG-013,RDG-013,Power cord (KU type)
CT-F700,Cassette Tape,RDG-019,RDG-019,Power cord (D type)
CT-F700,Cassette Tape,RDG-019,RDG-019,Power cord (D/G type)
CT-F700,Cassette Tape,RDG-021,RDG-021,Power cord (KC type)
CT-F700,Cassette Tape,REA-014,REA-014,Head cleaning assembly
CT-F700,Cassette Tape,REB-191,REB-191,Sensing belt
CT-F700,Cassette Tape,REB-200,REB-200,Sensing belt A
CT-F700,Cassette Tape,REB-211,REB-211,Capstan belt
CT-F700,Cassette Tape,REB-263,REB-263,Bonnet cushion
CT-F700,Cassette Tape,REC-150,REC-150,Capacitor sleeve A (D type)
CT-F700,Cassette Tape,REC-150,REC-150,Capacitor sleeve A (D/G type)
CT-F700,Cassette Tape,REC-223,REC-223,Meter cushion
CT-F700,Cassette Tape,REC-250,REC-250,Capacitor sleeve D  (KC type)
CT-F700,Cassette Tape,REC-250,REC-250,Capacitor sleeve D  (KU type)
CT-F700,Cassette Tape,REC-257,REC-257,Strain relief
CT-F700,Cassette Tape,REK-048,REK-048,0.5A Fuse (D type)
CT-F700,Cassette Tape,REK-048,REK-048,0.5A Fuse (D/G type)
CT-F700,Cassette Tape,REK-051,REK-051,1A Fuse (D type)
CT-F700,Cassette Tape,REK-051,REK-051,1A Fuse (D/G type)
CT-F700,Cassette Tape,REL-048,REL-048,Pilot lamp
CT-F700,Cassette Tape,REL-051,REL-051,Meter lamp
CT-F700,Cassette Tape,REL-056,REL-056,Lamp assembly
CT-F700,Cassette Tape,RHA-143,RHA-143,Side pad
CT-F700,Cassette Tape,RHC-071,RHC-071,Spacer A (D/G type)
CT-F700,Cassette Tape,RHC-072,RHC-072,Spacer B (D/G type)
CT-F700,Cassette Tape,RHC-077,RHC-077,Spacer (D/G type)
CT-F700,Cassette Tape,RHG-210,RHG-210,Packing case (D type)
CT-F700,Cassette Tape,RHG-211,RHG-211,Packing case (D/G type)
CT-F700,Cassette Tape,RHG-215,RHG-215,Packing case (KC type)
CT-F700,Cassette Tape,RHG-216,RHG-216,Packing case (KU type)
CT-F700,Cassette Tape,RHG-218,RHG-218,Packing case (HG type)
CT-F700,Cassette Tape,RHL-018,RHL-018,Vinyl bag (for operating instructions)
CT-F700,Cassette Tape,RHL-019,RHL-019,Vinyl bag (for connection cord)
CT-F700,Cassette Tape,RHL-044,RHL-044,Vinyl bag
CT-F700,Cassette Tape,RKB-013,RKB-013,Pinjack assembly
CT-F700,Cassette Tape,RKN-040,RKN-040,Jack assembly
CT-F700,Cassette Tape,RKP-014,RKP-014,AC socket (INLET)  (HG type)
CT-F700,Cassette Tape,RKR-019,RKR-019,Line voltage selector (Switchable 2 position)  (HG type)
CT-F700,Cassette Tape,RKR-020,RKR-020,Line voltage selector (Switchable 3 positions)  (D type)
CT-F700,Cassette Tape,RKR-020,RKR-020,Line voltage selector (Switchable 3 positions)  (D/G type)
CT-F700,Cassette Tape,RLA-724,RLA-724,Pulley
CT-F700,Cassette Tape,RNA-321,RNA-321,Bonnet
CT-F700,Cassette Tape,RNE-976,RNE-976,Switch bracket
CT-F700,Cassette Tape,RNE-983,RNE-983,Pause arm
CT-F700,Cassette Tape,RNF-117,RNF-117,Pause ratchet
CT-F700,Cassette Tape,RNF-144,RNF-144,Lock plate
CT-F700,Cassette Tape,RNK-202,RNK-202,Lens
CT-F700,Cassette Tape,RNK-259,RNK-259,Arm
CT-F700,Cassette Tape,RNK-292,RNK-292,Pulley
CT-F700,Cassette Tape,RNK-300,RNK-300,Cassette guide L
CT-F700,Cassette Tape,RNK-328,RNK-328,Shaft stopper
CT-F700,Cassette Tape,RNK-332,RNK-332,"Button A (FFW, PAUSE)"
CT-F700,Cassette Tape,RNK-333,RNK-333,Button B (PLAY)
CT-F700,Cassette Tape,RNK-334,RNK-334,Button C (STOP)
CT-F700,Cassette Tape,RNK-335,RNK-335,Button D (REC)
CT-F700,Cassette Tape,RNK-382,RNK-382,Guide collar
CT-F700,Cassette Tape,RNK-385,RNK-385,Joint-bar guide
CT-F700,Cassette Tape,RNK-386,RNK-386,Damper gear
CT-F700,Cassette Tape,RNK-388,RNK-388,Meter cover L
CT-F700,Cassette Tape,RNK-389,RNK-389,Meter cover S
CT-F700,Cassette Tape,RNK-391,RNK-391,Cassette guide R
CT-F700,Cassette Tape,RNK-393,RNK-393,Door
CT-F700,Cassette Tape,RNK-395,RNK-395,Door cam arm
CT-F700,Cassette Tape,RNK-432,RNK-432,Lens
CT-F700,Cassette Tape,RPB-014,RPB-014,Erasing head
CT-F700,Cassette Tape,RPB-032,RPB-032,PB/REC head
CT-F700,Cassette Tape,RRB-085,RRB-085,Operating instructions (D type)
CT-F700,Cassette Tape,RRB-085,RRB-085,Operating instructions (English) (D type)
CT-F700,Cassette Tape,RRB-087,RRB-087,Operating instructions (English) (KC type)
CT-F700,Cassette Tape,RRB-087,RRB-087,Operating instructions (English) (KU type)
CT-F700,Cassette Tape,RRB-088,RRB-088,Operating instructions (D/G type)
CT-F700,Cassette Tape,RRB-088,RRB-088,Operating instructions (English) (D/G type)
CT-F700,Cassette Tape,RRB-088,RRB-088,Operating instructions (English) (HG type)
CT-F700,Cassette Tape,RRD-027,RRD-027,Operating instructions (German/French) (HG type)
CT-F700,Cassette Tape,RRW-081,RRW-081,E head label
CT-F700,Cassette Tape,RRW-096,RRW-096,PB/REC head label
CT-F700,Cassette Tape,RSA-020,RSA-020,Power switch (D type)
CT-F700,Cassette Tape,RSA-020,RSA-020,Power switch (D/G type)
CT-F700,Cassette Tape,RSA-021,RSA-021,Power switch (KC type)
CT-F700,Cassette Tape,RSA-021,RSA-021,Power switch (KU type)
CT-F700,Cassette Tape,RSA-022,RSA-022,Power switch (HG type)
CT-F700,Cassette Tape,RSB-017,RSB-017,Rotary switch (EQ)
CT-F700,Cassette Tape,RSB-017,RSB-017,Rotary switch (INPUT)
CT-F700,Cassette Tape,RSB-017,RSB-017,"Rotary switch (METER, EQ, INPUT)"
CT-F700,Cassette Tape,RSB-018,RSB-018,Rotary switch (DOLBY NR)
CT-F700,Cassette Tape,RSG-057,RSG-057,Push switch (MEMORY)
CT-F700,Cassette Tape,RSH-027,RSH-027,Slide switch
CT-F700,Cassette Tape,RSH-030,RSH-030,Slide switch M
CT-F700,Cassette Tape,RSK-019,RSK-019,Leaf switch
CT-F700,Cassette Tape,RSN-006,RSN-006,Leaf switch D
CT-F700,Cassette Tape,RSN-010,RSN-010,Lever switch
CT-F700,Cassette Tape,RSN-016,RSN-016,Leaf switch (REC)
CT-F700,Cassette Tape,RSX-044,RSX-044,Sensing switch assembly
CT-F700,Cassette Tape,RTT-131,RTT-131,Power transformer (KU type)
CT-F700,Cassette Tape,RTT-132,RTT-132,Power transformer
CT-F700,Cassette Tape,RTT-132,RTT-132,Power transformer (D type)
CT-F700,Cassette Tape,RTT-132,RTT-132,Power transformer (D/G type)
CT-F700,Cassette Tape,RTT-133,RTT-133,Power transformer (HG type)
CT-F700,Cassette Tape,RTT-138,RTT-138,Power transformer (KC type)
CT-F700,Cassette Tape,RWF-082,RWF-082,Amplifier assembly (HG type)
CT-F700,Cassette Tape,RWF-084,RWF-084,Amplifier assembly (D type)
CT-F700,Cassette Tape,RWF-084,RWF-084,Amplifier assembly (D/G type)
CT-F700,Cassette Tape,RWF-085,RWF-085,Amplifier assembly (KC type)
CT-F700,Cassette Tape,RWF-085,RWF-085,Amplifier assembly (KU type)
CT-F700,Cassette Tape,RWF-191,RWF-191,Dolby assembly (D/G type)
CT-F700,Cassette Tape,RWG-085,RWG-085,Control assembly
CT-F700,Cassette Tape,RWR-061,RWR-061,Power and oscillation assembly (D type)
CT-F700,Cassette Tape,RWR-061,RWR-061,Power and oscillation assembly (D/G type)
CT-F700,Cassette Tape,RWR-063,RWR-063,Power and oscillation assembly (KU type)
CT-F700,Cassette Tape,RWR-066,RWR-066,Power and oscillation assembly (HG type)
CT-F700,Cassette Tape,RWR-066,RWR-066,Power and oscillation assembly (KC type)
CT-F700,Cassette Tape,RWX-109,RWX-109,Spark killer (KU type)
CT-F700,Cassette Tape,RWX-150,RWX-150,Spark killer (KC type)
CT-F700,Cassette Tape,RWX-191,RWX-191,Dolby assembly (D type)
CT-F700,Cassette Tape,RWX-192,RWX-192,Muting assembly (D type)
CT-F700,Cassette Tape,RWX-192,RWX-192,Muting assembly (D/G type)
CT-F700,Cassette Tape,RWX-192,RWX-192,Muting assembly (HG type)
CT-F700,Cassette Tape,RWX-192,RWX-192,Muting assembly (KC type)
CT-F700,Cassette Tape,RWX-192,RWX-192,Muting assembly (KU type)
CT-F700,Cassette Tape,RWX-195,RWX-195,Meter amplifier assembly (D type)
CT-F700,Cassette Tape,RWX-195,RWX-195,Meter amplifier assembly (D/G type)
CT-F700,Cassette Tape,RWX-195,RWX-195,Meter amplifier assembly (HG type)
CT-F700,Cassette Tape,RWX-195,RWX-195,Meter amplifier assembly (KC type)
CT-F700,Cassette Tape,RWX-195,RWX-195,Meter amplifier assembly (KU type)
CT-F700,Cassette Tape,RWX-196,RWX-196,Connector assembly
CT-F700,Cassette Tape,RWX-200,RWX-200,Dolby assembly (HG type)
CT-F700,Cassette Tape,RWX-200,RWX-200,Dolby assembly (KC type)
CT-F700,Cassette Tape,RWX-200,RWX-200,Dolby assembly (KU type)
CT-F700,Cassette Tape,RWX-202,RWX-202,Fuse assembly (HG type)
CT-F700,Cassette Tape,RXA-691,RXA-691,Pinch arm assembly
CT-F700,Cassette Tape,RXA-751,RXA-751,Bearing assembly
CT-F700,Cassette Tape,RXA-783,RXA-783,TU idler assembly
CT-F700,Cassette Tape,RXA-787,RXA-787,Supply reel full assembly
CT-F700,Cassette Tape,RXA-808,RXA-808,Lever assembly
CT-F700,Cassette Tape,RXA-809,RXA-809,REW arm full assembly
CT-F700,Cassette Tape,RXA-810,RXA-810,Plate assembly
CT-F700,Cassette Tape,RXA-811,RXA-811,Pause lever assembly
CT-F700,Cassette Tape,RXA-888,RXA-888,Fly wheel assembly
CT-F700,Cassette Tape,RXA-890,RXA-890,Bracket assembly
CT-F700,Cassette Tape,RXA-903,RXA-903,TU idler arm assembly
CT-F700,Cassette Tape,RXA-904,RXA-904,Button frame assembly
CT-F700,Cassette Tape,RXA-906,RXA-906,Stop lever assembly
CT-F700,Cassette Tape,RXA-944,RXA-944,Fast arm R full assembly
CT-F700,Cassette Tape,RXA-945,RXA-945,Fast arm L full assembly
CT-F700,Cassette Tape,RXA-948,RXA-948,Take-up reel full assembly
CT-F700,Cassette Tape,RXA-966,RXA-966,Open lever assembly
CT-F700,Cassette Tape,RXA-967,RXA-967,Power switch joint-bar assembly
CT-F700,Cassette Tape,RXM-027,RXM-027,Motor
CT-F700,Cassette Tape,RXP-048,RXP-048,Solenoid
CT-F700,Cassette Tape,RXX-221,RXX-221,Front panel assembly  (D type)
CT-F700,Cassette Tape,RXX-221,RXX-221,Front panel assembly  (D/G type)
CT-F700,Cassette Tape,RXX-221,RXX-221,Front panel assembly  (HG type)
CT-F700,Cassette Tape,RXX-223,RXX-223,Front panel assembly  (KC type)
CT-F700,Cassette Tape,RXX-223,RXX-223,Front panel assembly  (KU type)
CT-F7171,Cassette Tape,ABA-010-0,ABA-010,Screw M4x15
CT-F7171,Cassette Tape,ADG-004-0,ADG-004,AC power cord  (FV model)
CT-F7171,Cassette Tape,AKB-014-0,AKB-014,Phono jack (4 jack)
CT-F7171,Cassette Tape,AKP-002-0,AKP-002,AC outlet
CT-F7171,Cassette Tape,AKR-001-0,AKR-001,Fuse holder  (FV model)
CT-F7171,Cassette Tape,AKR-005-0,AKR-005,Fuse holder   (KCU Model)
CT-F7171,Cassette Tape,ART-057-0,ART-057,"Service manual  CT-F7171 (KCU, FV)"
CT-F7171,Cassette Tape,B11-012-A,B11-012,Binding post (for ground)
CT-F7171,Cassette Tape,COMA 103K 50,COMA 103K 50,Mylar 0.01 50V
CT-F7171,Cassette Tape,CQMA 472K 50,CQMA 472K 50,Mylar 0.0047 50V
CT-F7171,Cassette Tape,D11-003-E,D11-003,AC power cord  (KCU Model)
CT-F7171,Cassette Tape,E32-004-0,E32-004,Plastic washer
CT-F7171,Cassette Tape,E32-045-0,E32-045,Plastic spacer
CT-F7171,Cassette Tape,K13-047-0,K13-047,Terminal strip (4P)
CT-F7171,Cassette Tape,K72-024-0,K72-024,Phone jack (MIC)
CT-F7171,Cassette Tape,K93-003-B,K93-003,DIN type socket
CT-F7171,Cassette Tape,M49-127-A,M49-127,Angle
CT-F7171,Cassette Tape,RAA-089-0,RAA-089,Knob outer
CT-F7171,Cassette Tape,RAA-090-0,RAA-090,Knob inner
CT-F7171,Cassette Tape,RAA-091-0,RAA-091,"Knob (MEMORY, LIGHT)"
CT-F7171,Cassette Tape,RAA-092-0,RAA-092,Knob (POWER)
CT-F7171,Cassette Tape,RAA-093-0,RAA-093,"Knob (DOLBY, NR, BIAS, EQ, LIMITER)"
CT-F7171,Cassette Tape,RAA-094-0,RAA-094,Knob (SKIP)
CT-F7171,Cassette Tape,RAC-023-0,RAC-023,Marker ring
CT-F7171,Cassette Tape,RAH-010-A,RAH-010,Reflecting plate
CT-F7171,Cassette Tape,RAL-127-0,RAL-127,Name plate  (KCU Model)
CT-F7171,Cassette Tape,RAL-129-0,RAL-129,Name plate  (FV model)
CT-F7171,Cassette Tape,RAW-022-0,RAW-022,Level meter
CT-F7171,Cassette Tape,RAW-023-0,RAW-023,Tape counter assembly
CT-F7171,Cassette Tape,RBA-004-0,RBA-004,Stud screw
CT-F7171,Cassette Tape,RBF-020-0,RBF-020,Spacer
CT-F7171,Cassette Tape,RBF-021-0,RBF-021,Teflon washer
CT-F7171,Cassette Tape,RBH-110-B,RBH-110,Spring (Sliding bar)
CT-F7171,Cassette Tape,RBH-176-0,RBH-176,Spring (operating button)
CT-F7171,Cassette Tape,RBH-181-0,RBH-181,Spring (head base)
CT-F7171,Cassette Tape,RBH-182-0,RBH-182,Spring (brake)
CT-F7171,Cassette Tape,RBH-183-0,RBH-183,Adjusting spring (head)
CT-F7171,Cassette Tape,RBH-184-0,RBH-184,Spring for brake lever
CT-F7171,Cassette Tape,RBH-187-0,RBH-187,Spring for FF lever
CT-F7171,Cassette Tape,RBH-188-0,RBH-188,FR lever. D
CT-F7171,Cassette Tape,RBH-189-0,RBH-189,Spring for REW lever
CT-F7171,Cassette Tape,RBH-190-0,RBH-190,Spring for tension arm
CT-F7171,Cassette Tape,RBH-200-0,RBH-200,Spring (Cam)
CT-F7171,Cassette Tape,RBH-201-0,RBH-201,Spring (Sliding plate)
CT-F7171,Cassette Tape,RBH-202-0,RBH-202,Spring (Door lock bar)
CT-F7171,Cassette Tape,RBH-203-0,RBH-203,Spring (Release lever)
CT-F7171,Cassette Tape,RBH-204-0,RBH-204,Spring (Cassette positioner R)
CT-F7171,Cassette Tape,RBH-205-0,RBH-205,Spring (Cassette positioner L)
CT-F7171,Cassette Tape,RBH-208-0,RBH-208,Spring
CT-F7171,Cassette Tape,RBH-209-0,RBH-209,Spring (Sliding bar)
CT-F7171,Cassette Tape,RBH-210-0,RBH-210,Door spring
CT-F7171,Cassette Tape,RBH-211-0,RBH-211,Spring (head base)
CT-F7171,Cassette Tape,RBH-214-0,RBH-214,Spring (STOP EJECT button)
CT-F7171,Cassette Tape,RBH-215-0,RBH-215,Spring (button lock)
CT-F7171,Cassette Tape,RBH-217-0,RBH-217,Spring (pause lock)
CT-F7171,Cassette Tape,RBH-218-0,RBH-218,Prevention plate spring
CT-F7171,Cassette Tape,RBH-219-0,RBH-219,Spring (pinch roller)
CT-F7171,Cassette Tape,RBH-220-0,RBH-220,Spring (Pause-lever)
CT-F7171,Cassette Tape,RBH-221-0,RBH-221,Spring for idler B lever
CT-F7171,Cassette Tape,RBH-222-0,RBH-222,Spring for REC lever
CT-F7171,Cassette Tape,RBH-226-0,RBH-226,Spring for REC lever
CT-F7171,Cassette Tape,RBH-227-0,RBH-227,Spring
CT-F7171,Cassette Tape,RBK-072-0,RBK-072,Spring for base head
CT-F7171,Cassette Tape,RBM-216-0,RBM-216,Spring (EJECT)
CT-F7171,Cassette Tape,RBN-004-A,RBN-004,Plastic nut
CT-F7171,Cassette Tape,RCV-017-0,RCV-017,Variable resistor 20kΩ-A (REC LEVEL)
CT-F7171,Cassette Tape,RCV-018-0,RCV-018,Variable resistor 50kΩ-A (PB LEVEL)
CT-F7171,Cassette Tape,RDE-010-0,RDE-010,Connection Cord
CT-F7171,Cassette Tape,RDM-010-0,RDM-010,Cushion
CT-F7171,Cassette Tape,REA-007-0,REA-007,Head cleaning kit
CT-F7171,Cassette Tape,REB-116-0,REB-116,Drive belt
CT-F7171,Cassette Tape,REB-117-0,REB-117,Motor cushion
CT-F7171,Cassette Tape,REB-129-0,REB-129,Cushion
CT-F7171,Cassette Tape,REB-130-0,REB-130,Cushion
CT-F7171,Cassette Tape,REB-131-0,REB-131,Lamp holder
CT-F7171,Cassette Tape,REB-132-0,REB-132,Rubber ring
CT-F7171,Cassette Tape,REB-133-B,REB-133,Counter belt A
CT-F7171,Cassette Tape,REB-134-B,REB-134,Counter belt B
CT-F7171,Cassette Tape,REB-135-B,REB-135,Belt (Sensing)
CT-F7171,Cassette Tape,REB-140-0,REB-140,Brake lever
CT-F7171,Cassette Tape,REC-160-0,REC-160,Meter cushion
CT-F7171,Cassette Tape,REC-164-0,REC-164,AC cord grommet
CT-F7171,Cassette Tape,RED-074-0,RED-074,Mask
CT-F7171,Cassette Tape,REF-009-0,REF-009,Steel ball 2ø
CT-F7171,Cassette Tape,REF-010-0,REF-010,Steel ball 2.5¢
CT-F7171,Cassette Tape,REK-031-0,REK-031,Fuse (500 mA)  (FV model)
CT-F7171,Cassette Tape,REK-033-0,REK-033,Fuse (1A)   (KCU Model)
CT-F7171,Cassette Tape,REL-013-0,REL-013,Pilot lamp (DOLBY)
CT-F7171,Cassette Tape,RHA-077-0,RHA-077,Styrotector
CT-F7171,Cassette Tape,RHK-128-0,RHK-128,Packing case
CT-F7171,Cassette Tape,RHL-015-0,RHL-015,Vinyl bag
CT-F7171,Cassette Tape,RKC-015-0,RKC-015,Terminal strip (2P)
CT-F7171,Cassette Tape,RKN-002-A,RKN-002,Phone jack (HEAD)
CT-F7171,Cassette Tape,RKP-006-0,RKP-006,DIN type socket
CT-F7171,Cassette Tape,RLA-342-0,RLA-342,Button shaft
CT-F7171,Cassette Tape,RLA-343-0,RLA-343,Collar
CT-F7171,Cassette Tape,RLA-344-0,RLA-344,Motor pulley
CT-F7171,Cassette Tape,RLA-359-0,RLA-359,Spacer
CT-F7171,Cassette Tape,RLA-366-0,RLA-366,Shaft A
CT-F7171,Cassette Tape,RLA-367-0,RLA-367,Shaft B
CT-F7171,Cassette Tape,RLA-369-0,RLA-369,Shaft
CT-F7171,Cassette Tape,RLA-389-0,RLA-389,Shaft (head base)
CT-F7171,Cassette Tape,RMM-029-0,RMM-029,Wooden case
CT-F7171,Cassette Tape,RNA-155-B,RNA-155,Rear pane!
CT-F7171,Cassette Tape,RNB-052-0,RNB-052,Chassis
CT-F7171,Cassette Tape,RNC-086-E,RNC-086,Bottom cover
CT-F7171,Cassette Tape,RNC-089-0,RNC-089,Actuating laver A
CT-F7171,Cassette Tape,RNE-327-0,RNE-327,Cassette protector
CT-F7171,Cassette Tape,RNE-513-0,RNE-513,Cord clamper B
CT-F7171,Cassette Tape,RNE-578-0,RNE-578,Syl-lock prevention cam
CT-F7171,Cassette Tape,RNE-580-0,RNE-580,Brake lever
CT-F7171,Cassette Tape,RNE-583-0,RNE-583,Thrust holder
CT-F7171,Cassette Tape,RNE-605-0,RNE-605,Cord clamper D
CT-F7171,Cassette Tape,RNE-605-0,RNE-605,Cord clamper D
CT-F7171,Cassette Tape,RNE-659-,RNE-659-,Sub panel
CT-F7171,Cassette Tape,RNE-659-B,RNE-659,Sub panel
CT-F7171,Cassette Tape,RNE-660-A,RNE-660,Angle
CT-F7171,Cassette Tape,RNE-669-C,RNE-669,Bracket
CT-F7171,Cassette Tape,RNE-670-0,RNE-670,Plate
CT-F7171,Cassette Tape,RNE-671-A,RNE-671,Terminal board holder
CT-F7171,Cassette Tape,RNE-673-A,RNE-673,Adjustment plate
CT-F7171,Cassette Tape,RNE-674-B,RNE-674,Sliding bar (REC)
CT-F7171,Cassette Tape,RNE-675-0,RNE-675,Angle (door spring)
CT-F7171,Cassette Tape,RNE-676-0,RNE-676,Lamp box
CT-F7171,Cassette Tape,RNE-677-0,RNE-677,Sliding plate
CT-F7171,Cassette Tape,RNE-678-A,RNE-678,Door lock bar
CT-F7171,Cassette Tape,RNE-684-0,RNE-684,Button lever A
CT-F7171,Cassette Tape,RNE-685-0,RNE-685,Button lever P
CT-F7171,Cassette Tape,RNE-686-A,RNE-686,Bracket
CT-F7171,Cassette Tape,RNE-690-0,RNE-690,Spacer
CT-F7171,Cassette Tape,RNE-691-0,RNE-691,REC lever B
CT-F7171,Cassette Tape,RNE-712-0,RNE-712,Lever (EJECT)
CT-F7171,Cassette Tape,RNE-713-0,RNE-713,Pause lock plate
CT-F7171,Cassette Tape,RNE-714-0,RNE-714,REW lever B
CT-F7171,Cassette Tape,RNE-715-0,RNE-715,Shield plate
CT-F7171,Cassette Tape,RNE-717-0,RNE-717,FF lever
CT-F7171,Cassette Tape,RNE-731-0,RNE-731,Actuating lever B
CT-F7171,Cassette Tape,RNE-741-0,RNE-741,Cord clamper
CT-F7171,Cassette Tape,RNE-792-A,RNE-792,Protection bar
CT-F7171,Cassette Tape,RNK-153-0,RNK-153,Shaft cap
CT-F7171,Cassette Tape,RNK-154-0,RNK-154,Thrust adjusting screw
CT-F7171,Cassette Tape,RNK-167-A,RNK-167,Cassette positioner
CT-F7171,Cassette Tape,RNK-168-A,RNK-168,Cam (Eject)
CT-F7171,Cassette Tape,RNK-171-C,RNK-171,Door
CT-F7171,Cassette Tape,RNK-173-,RNK-173-,Lamp lens
CT-F7171,Cassette Tape,RNK-179-0,RNK-179,Lamp lens
CT-F7171,Cassette Tape,RNK-181-0,RNK-181,Compartment
CT-F7171,Cassette Tape,RPB-014-0,RPB-014,Erasing head
CT-F7171,Cassette Tape,RPB-027-A,RPB-027,REC/P.B. head
CT-F7171,Cassette Tape,RRB-040-0,RRB-040,Operating instructions KCU model
CT-F7171,Cassette Tape,RRB-042-0,RRB-042,Operating instructions FV model
CT-F7171,Cassette Tape,RRD-007-0,RRD-007,German operating instructions
CT-F7171,Cassette Tape,RSA-010-A,RSA-010,"Push switch (S11, POWER)    (KCU Model)"
CT-F7171,Cassette Tape,RSA-011-0,RSA-011,"Push switch (S11, POWER)  (FV model)"
CT-F7171,Cassette Tape,RSG-022-0,RSG-022,"Push switch (S8, SKIP)"
CT-F7171,Cassette Tape,RSG-023-0,RSG-023,"Push switch (Dolby, Bias, EQ, Limiter)"
CT-F7171,Cassette Tape,RSH-009-A,RSH-009,Slide Switch (Muting)
CT-F7171,Cassette Tape,RSK-019-A,RSK-019,Leaf switch (PAUSE)
CT-F7171,Cassette Tape,RSK-019-A,RSK-019,Leaf switch (REW)
CT-F7171,Cassette Tape,RSK-024-0,RSK-024,Lever switch (MEMORY and LIGHT)
CT-F7171,Cassette Tape,RSN-002-0,RSN-002,Leaf switch (Play)
CT-F7171,Cassette Tape,RSX-034-0,RSX-034,Sensing switch assembly
CT-F7171,Cassette Tape,RTT-055-B,RTT-055,Power transformer  (KCU model)
CT-F7171,Cassette Tape,RTT-056-A,RTT-056,Power transformer (FV model)
CT-F7171,Cassette Tape,RWF-025-A,RWF-025,REC/P.B. amplifier assembly
CT-F7171,Cassette Tape,RWR-023-A,RWR-023,Sensing circuit assembly  with in power supply
CT-F7171,Cassette Tape,RWS-010-A,RWS-010,Slide switch assembly (Muting)
CT-F7171,Cassette Tape,RWS-022-A,RWS-022,Switch assembly
CT-F7171,Cassette Tape,RWX-050-A,RWX-050,Limiter circuit assembly
CT-F7171,Cassette Tape,RWX-051-B,RWX-051,Dolby processor assembly
CT-F7171,Cassette Tape,RWX-052-0,RWX-052,Lamp board assembly
CT-F7171,Cassette Tape,RWX-053-0,RWX-053,Indicator board assembly
CT-F7171,Cassette Tape,RWX-054-0,RWX-054,Terminal board
CT-F7171,Cassette Tape,RWX-066-C,RWX-066,Fuse board assembly
CT-F7171,Cassette Tape,RXA-417-0,RXA-417,FR lever assembly
CT-F7171,Cassette Tape,RXA-421-0,RXA-421,Idler B lever assembly
CT-F7171,Cassette Tape,RXA-430-0,RXA-430,Tension arm assembly
CT-F7171,Cassette Tape,RXA-431-0,RXA-431,Sliding bar assembly (FF)
CT-F7171,Cassette Tape,RXA-432-0,RXA-432,Flywheel assembly B
CT-F7171,Cassette Tape,RXA-433-0,RXA-433,Reel base B assembly
CT-F7171,Cassette Tape,RXA-455-A,RXA-455,Knob A assembly  (REC (red))
CT-F7171,Cassette Tape,RXA-456-A,RXA-456,Knob B assembly  (STOP (blue))
CT-F7171,Cassette Tape,RXA-457-A,RXA-457,Knob C assembly  (PLAY (white))
CT-F7171,Cassette Tape,RXA-458-A,RXA-458,"Knob D assembly  (FF, REW, PAUSE)"
CT-F7171,Cassette Tape,RXA-459-A,RXA-459,Release lever assembly
CT-F7171,Cassette Tape,RXA-460-0,RXA-460,Sliding bar assembly
CT-F7171,Cassette Tape,RXA-461-A,RXA-461,Sub chassis assembly
CT-F7171,Cassette Tape,RXA-463-A,RXA-463,Eject plate assembly
CT-F7171,Cassette Tape,RXA-464-A,RXA-464,Counter mounting angle assembly
CT-F7171,Cassette Tape,RXA-466-0,RXA-466,Pulley assembly
CT-F7171,Cassette Tape,RXA-477-0,RXA-477,Foot assembly
CT-F7171,Cassette Tape,RXA-481-0,RXA-481,Chassis assembly
CT-F7171,Cassette Tape,RXA-485-0,RXA-485,Head base assembly
CT-F7171,Cassette Tape,RXA-486-0,RXA-486,Pinch roller arm assembly
CT-F7171,Cassette Tape,RXA-489-0,RXA-489,Idler A assembly
CT-F7171,Cassette Tape,RXA-490-0,RXA-490,Sliding bar assembly (PAUSE)
CT-F7171,Cassette Tape,RXA-492-0,RXA-492,Button lever P assembly
CT-F7171,Cassette Tape,RXA-498-0,RXA-498,"Button block assembly (Part No.RXA-498 contains
key No.1 ~ 11, 13 and 14)"
CT-F7171,Cassette Tape,RXA-499-0,RXA-499,Button chassis assembly
CT-F7171,Cassette Tape,RXA-500-0,RXA-500,Button lever assembly
CT-F7171,Cassette Tape,RXA-501-0,RXA-501,Sliding cam assembly
CT-F7171,Cassette Tape,RXA-502-0,RXA-502,Bracket
CT-F7171,Cassette Tape,RXA-513-A,RXA-513,Front panel assembly
CT-F7171,Cassette Tape,RXA-523-0,RXA-523,Bracket assembly (EJECT)
CT-F7171,Cassette Tape,RXM-006-0,RXM-006,Motor
CT-F7171,Cassette Tape,RXP-016-0,RXP-016,Solenoid
