model,category,part_number,normalized_part_number,description
SX-850,Receiver,288531A-R,288531A,Transistor
SX-850,Receiver,288531A-R,288531A,Transistor
SX-850,Receiver,2SB531A-R,2SB531A,Transistor
SX-850,Receiver,2SB531A-R,2SB531A,Transistor
SX-850,Receiver,2SD371A-R,2SD371A,Transistor
SX-850,Receiver,2SD371A-R,2SD371A,Transistor
SX-850,Receiver,2SD371A-R,2SD371A,Transistor
SX-850,Receiver,2SD371A-R,2SD371A,Transistor
SX-850,Receiver,AAA-034,AAA-034,Knob (TUNlNG)
SX-850,Receiver,AAB-100,AAB-100,Knob (BALANCE)
SX-850,Receiver,AAB-100,AAB-100,Knob (BASS)
SX-850,Receiver,AAB-100,AAB-100,Knob (TREBLE)
SX-850,Receiver,AAB-103,AAB-103,Knob (VOLUME)
SX-850,Receiver,AAD-113,AAD-113,Knob (ADAPTOR)
SX-850,Receiver,AAD-113,AAD-113,Knob (BASS TURNOVER)
SX-850,Receiver,AAD-113,AAD-113,Knob (HIGH FILTER)
SX-850,Receiver,AAD-113,AAD-113,Knob (LOUDNESS)
SX-850,Receiver,AAD-113,AAD-113,Knob (LOW FILTER)
SX-850,Receiver,AAD-113,AAD-113,Knob (MODE)
SX-850,Receiver,AAD-113,AAD-113,Knob (MUTING)
SX-850,Receiver,AAD-113,AAD-113,Knob (POWER)
SX-850,Receiver,AAD-113,AAD-113,Knob (TAPE DUPLICATE)
SX-850,Receiver,AAD-113,AAD-113,Knob (TAPE MONITOR 1)
SX-850,Receiver,AAD-113,AAD-113,Knob (TAPE MONITOR 2)
SX-850,Receiver,AAD-113,AAD-113,Knob (TONE)
SX-850,Receiver,AAD-113,AAD-113,Knob (TREBLE TURNOVER)
SX-850,Receiver,AAD-114,AAD-114,Knob (AM)
SX-850,Receiver,AAD-114,AAD-114,Knob (AUX)
SX-850,Receiver,AAD-114,AAD-114,Knob (FM MPX NOISE FILTER)
SX-850,Receiver,AAD-114,AAD-114,Knob (FM MUTING)
SX-850,Receiver,AAD-114,AAD-114,Knob (FM)
SX-850,Receiver,AAD-114,AAD-114,Knob (PHONO 1)
SX-850,Receiver,AAD-114,AAD-114,Knob (PHONO 2/MIC)
SX-850,Receiver,AAD-114,AAD-114,Knob (SPEAKERS A)
SX-850,Receiver,AAD-114,AAD-114,Knob (SPEAKERS B)
SX-850,Receiver,AAG-116,AAG-116,Dial scale board
SX-850,Receiver,AAT-027,AAT-027,"Indicator (AM, FM, PHONO 1, PHONO 2/MIC, AUX)"
SX-850,Receiver,AAT-028,AAT-028,Indicator (STEREO)
SX-850,Receiver,AAT-037,AAT-037,"Indicator (SP A, B)"
SX-850,Receiver,AAW-040,AAW-040,Double meter (SIGNAL/TUNING)
SX-850,Receiver,ABN-024,ABN-024,Flange nut 9ɸ
SX-850,Receiver,ACG-003,ACG-003,Ceramic 0.01 150V (DC1.4kV)
SX-850,Receiver,ACG-003,ACG-003,Ceramic 0.01 150V (DC1.4kV)
SX-850,Receiver,ACH-068,ACH-068,"Electrolytic 15,000 50V"
SX-850,Receiver,ACH-068,ACH-068,"Electrolytic 15,000 50V"
SX-850,Receiver,ACH-068,ACH-068,"Electrolytic capacitor (15,000uF, 50V)"
SX-850,Receiver,ACV-136,ACV-136,Variable resistor 100k-B (BASS)
SX-850,Receiver,ACV-136,ACV-136,Variable resistor 100k-B (TREBLE)
SX-850,Receiver,ACV-163,ACV-163,Variable resistor 100k-HB (BALANCE)
SX-850,Receiver,ACV-164,ACV-164,Variable resistor 50k-B2 (VOLUME)
SX-850,Receiver,AEC-256,AEC-256,Pulley (small)
SX-850,Receiver,AEK-104,AEK-104,Fuse 1.5A (FU6)
SX-850,Receiver,AEK-104,AEK-104,Fuse 1.5A (lamp circuit)
SX-850,Receiver,AEK-106,AEK-106,Fuse 1A (FU2)
SX-850,Receiver,AEK-106,AEK-106,Fuse 1A (FU4)
SX-850,Receiver,AEK-106,AEK-106,Fuse 1A (FU5)
SX-850,Receiver,AEK-106,AEK-106,Fuse 1A (secondary)
SX-850,Receiver,AEK-106,AEK-106,Fuse 1A (secondary)
SX-850,Receiver,AEK-106,AEK-106,Fuse 1A (secondary)
SX-850,Receiver,AEK-106,AEK-106,Fuse 1A (secondary)
SX-850,Receiver,AEK-106,AEK-106,Fuse IA (FU3)
SX-850,Receiver,AEK-108,AEK-108,Fuse SA (primary)
SX-850,Receiver,AEL-029,AEL-029,"Lamp (8V, 0.3A, wedge-type)"
SX-850,Receiver,AEL-056,AEL-056,"Lamp assembly - Lamp(8V, 0.3A,wedge-type AEL-029) / Lamp socket (wedge-type AKK-004)"
SX-850,Receiver,AEL-056,AEL-056,"Lamp assembly - Lamp(8V, 0.3A,wedge-type AEL-029) / Lamp socket (wedge-type AKK-004)"
SX-850,Receiver,AEL-056,AEL-056,"Lamp assembly - Lamp(8V, 0.3A,wedge-type AEL-029) / Lamp socket (wedge-type AKK-004)"
SX-850,Receiver,AEL-056,AEL-056,"Lamp assembly - Lamp(8V, 0.3A,wedge-type AEL-029) / Lamp socket (wedge-type AKK-004)"
SX-850,Receiver,AEL-069,AEL-069,"Lamp with leads (8V, 50mA)"
SX-850,Receiver,AEL-072,AEL-072,"Lamp with leads (8V, 50mA)"
SX-850,Receiver,AEL-072,AEL-072,"Lamp with leads (8V, 50mA)"
SX-850,Receiver,AEL-073,AEL-073,"Lamp with leads (8V, 50mA)"
SX-850,Receiver,AEL-073,AEL-073,"Lamp with leads (8V, 50mA)"
SX-850,Receiver,AEL-075,AEL-075,"Lamp with leads (8V, 50mA)"
SX-850,Receiver,AEL-076,AEL-076,"Lamp with leads (8V, 50mA)"
SX-850,Receiver,AEL-082,AEL-082,"Lamp with leads (8V, 50mA)"
SX-850,Receiver,AKA-004,AKA-004,Terminal (ANTENNA)
SX-850,Receiver,AKB-035,AKB-035,Terminal (ADAPTOR)
SX-850,Receiver,AKB-035,AKB-035,Terminal (PRE/POWER) Jumper plug
SX-850,Receiver,AKB-035,AKB-035,Terminal (TAPE 1)
SX-850,Receiver,AKB-035,AKB-035,Terminal (TAPE 2)
SX-850,Receiver,AKB-038,AKB-038,Terminal (PHONO 1/ PHONO2/ AUX)
SX-850,Receiver,AKB-040,AKB-040,Terminal (FM DET. OUT)
SX-850,Receiver,AKE-012,AKE-012,Terminal (GND)
SX-850,Receiver,AKE-029,AKE-029,Terminal (SPEAKER)
SX-850,Receiver,AKK-004,AKK-004,Socket (wedge-type)
SX-850,Receiver,AKM-004,AKM-004,Jumper plug
SX-850,Receiver,AKN-010,AKN-010,Phone jack (PHONES)
SX-850,Receiver,AKP-005,AKP-005,AC socket (AC OUTLETS)
SX-850,Receiver,AKP-007,AKP-007,5P connector socket (REC/PLAY)
SX-850,Receiver,AMM-048,AMM-048,Cabinet
SX-850,Receiver,ANB-438,ANB-438,Front panel assembly
SX-850,Receiver,ANK-012,ANK-012,Phone jack (MIC)
SX-850,Receiver,ARB-175,ARB-175,Operating Instructions SX-850
SX-850,Receiver,ARB-175,ARB-175,Service Manual SX-850
SX-850,Receiver,ASG-095,ASG-095,"Push switch (AM, FM, PHONO 1, PHONO 2/MIC, AUX)"
SX-850,Receiver,ASG-096,ASG-096,"Push switch (FM MUTING, FM MPX NOISE FILTER)"
SX-850,Receiver,ASG-113,ASG-113,"Push switch (SPEAKERS A, B)"
SX-850,Receiver,ASH-015,ASH-015,Slide switch (DE-EMPHASIS)
SX-850,Receiver,ASK-066,ASK-066,Lever switch (POWER)
SX-850,Receiver,ASK-089,ASK-089,Lever switch (HIGH FILTER)
SX-850,Receiver,ASK-089,ASK-089,Lever switch (LOUDNESS)
SX-850,Receiver,ASK-089,ASK-089,Lever switch (LOW FILTER)
SX-850,Receiver,ASK-089,ASK-089,Lever switch (MUTING)
SX-850,Receiver,ASK-089,ASK-089,Lever switch (TREBLE TURNOVER)
SX-850,Receiver,ASK-090,ASK-090,Lever switch (MODE)
SX-850,Receiver,ASK-090,ASK-090,Lever switch (TONE)
SX-850,Receiver,ASK-091,ASK-091,Lever switch (BASS TURNOVER)
SX-850,Receiver,ASK-092,ASK-092,Lever switch (ADAPTOR)
SX-850,Receiver,ASK-092,ASK-092,Lever switch (DUPLICATE)
SX-850,Receiver,ASK-092,ASK-092,Lever switch (TAPE MONITOR 1)
SX-850,Receiver,ASK-092,ASK-092,Lever switch (TAPE MONITOR 2)
SX-850,Receiver,ASR-019,ASR-019,Relay (S2)
SX-850,Receiver,ATT-302,ATT-302,Power transformer
SX-850,Receiver,AWE-071,AWE-071,Tuner assembly
SX-850,Receiver,AWF-011,AWF-011,Equalizer amplifier assembly
SX-850,Receiver,AWG-038,AWG-038,Flat amplifier assembly
SX-850,Receiver,AWG-039,AWG-039,Tone amplifier assembly
SX-850,Receiver,AWH-059,AWH-059,Power amplifier assembly
SX-850,Receiver,AWM-062,AWM-062,Protection circuit assembly
SX-850,Receiver,AWR-101,AWR-101,Power supply assembly (KC/KU/S)
SX-850,Receiver,AWR-102,AWR-102,Power supply assembly (HG)
SX-850,Receiver,AWS-093,AWS-093,FM Muting Switch assembly
SX-850,Receiver,AWS-094,AWS-094,Function Switch assembly
SX-850,Receiver,AWS-099,AWS-099,Speaker Switch assembly
SX-850,Receiver,AWX-062,AWX-062,5P Connector Assembly
SX-850,Receiver,AWX-095,AWX-095,De-Emphasis Switch Assembly (KC/KU)
SX-850,Receiver,AWX-096,AWX-096,Lamp board assembly
SX-850,Receiver,AWX-101,AWX-101,De-Emphasis Assembly (S)
SX-850,Receiver,AXA-111,AXA-111,Tuning shaft assembly
SX-850,Receiver,AXA-113,AXA-113,Tuning drum assembly
SX-850,Receiver,AXB-009,AXB-009,Bar-antenna assembly
SX-850,Receiver,CKDYF 103Z 50,CKDYF 103Z 50,Ceramic 0.01 50V
SX-850,Receiver,CKDYF 103Z 50,CKDYF 103Z 50,Ceramic 0.01 50V
SX-850,Receiver,CKDYF 103Z 50,CKDYF 103Z 50,Ceramic 0.01 50V
SX-850,Receiver,CKDYF 103Z 50,CKDYF 103Z 50,Ceramic 0.01 50V
SX-850,Receiver,CKDYF 103Z 50,CKDYF 103Z 50,Ceramic 0.01 50V
SX-850,Receiver,CKDYF 103Z 50,CKDYF 103Z 50,Ceramic 0.01 50V
SX-850,Receiver,CKDYF 103Z 50,CKDYF 103Z 50,Ceramic 0.01 50V
SX-850,Receiver,CKDYF 103Z 50,CKDYF 103Z 50,Ceramic 0.01 50V
SX-850,Receiver,RD½PS 225J,RD½PS 225J,Carbon film 2.2M ½W
SX-850,Receiver,RS2P 472J,RS2P 472J,Metal oxide 4.7k 2W
SX-850,Receiver,RS2P 472J,RS2P 472J,Metal oxide 4.7k 2W
SX-850,Receiver,T22-025,T22-025,Ferrite balun
SX-880/890,Receiver,2SB705A/A-R or S,2SB705A/A-R or S,Transistor
SX-880/890,Receiver,2SD745A/A-R or S,2SD745A/A-R or S,Transistor
SX-880/890,Receiver,AAA-050,AAA-050,Knob (TUNING)
SX-880/890,Receiver,AAB-175,AAB-175,"Knob (BASS, TREBLE)"
SX-880/890,Receiver,AAB-175,AAB-175,Knob (FUNCTION)
SX-880/890,Receiver,AAB-176,AAB-176,Knob (BALANCE)
SX-880/890,Receiver,AAB-185,AAB-185,Knob (VOLUME)
SX-880/890,Receiver,AAD-110,AAD-110,"Knob (SPEAKERS A, B)"
SX-880/890,Receiver,AAD-138,AAD-138,"Knob (FM MUTING, LOW FILTER)"
SX-880/890,Receiver,AAD-138,AAD-138,Knob (LOUDNESS)
SX-880/890,Receiver,AAD-138,AAD-138,"Knob (MODE, DUPLICATE)"
SX-880/890,Receiver,AAD-139,AAD-139,Knob (POWER)
SX-880/890,Receiver,AAD-139,AAD-139,Knob (TAPE MONITOR)
SX-880/890,Receiver,AAF-074,AAF-074,Dial pointer
SX-880/890,Receiver,AAG-162,AAG-162,Dial panel (SX-880/KU)
SX-880/890,Receiver,AAG-167,AAG-167,Dial panel (SX-890/KU)
SX-880/890,Receiver,AAW-075,AAW-075,Twin meter (SIGNAL/TUNING)
SX-880/890,Receiver,AAW-094,AAW-094,Twin meter (POWER)
SX-880/890,Receiver,ACG-001,ACG-001,Ceramic 0.01/250v
SX-880/890,Receiver,ACH-094,ACH-094,"Electrolytic 15,000/50v"
SX-880/890,Receiver,ACK-012,ACK-012,Tuning Capacitor
SX-880/890,Receiver,ACN-029,ACN-029,Carbon composition 2.2M/½W
SX-880/890,Receiver,ACN-031,ACN-031,Wire wound 220/5w
SX-880/890,Receiver,ACT-019,ACT-019,Variable resistor (BALANCE)
SX-880/890,Receiver,ACV-161,ACV-161,Variable resistor (VOLUME)
SX-880/890,Receiver,ACV-195 (ACV-193),ACV-195 (ACV-193),Variable resistor (BASS)
SX-880/890,Receiver,ACV-196 (ACV-194),ACV-196 (ACV-194),Variable resistor (TREBLE)
SX-880/890,Receiver,ADG-011,ADG-011,AC Power cord (SX-880/KC)
SX-880/890,Receiver,ADG-017,ADG-017,AC Power cord (SX-880/S)
SX-880/890,Receiver,ADG-017,ADG-017,AC Power cord (SX-880/SG)
SX-880/890,Receiver,ADG-023,ADG-023,AC Power cord (SX-880/KU)
SX-880/890,Receiver,AEC-294,AEC-294,Capacitor cover (for C1) SX-880/KU
SX-880/890,Receiver,AEC-294,AEC-294,Capacitor cover (for C1) SX-880/S
SX-880/890,Receiver,AEC-294,AEC-294,Capacitor cover (for C1) SX-880/SG
SX-880/890,Receiver,AEC-294,AEC-294,Capacitor cover (for C4) SX-880/S
SX-880/890,Receiver,AEC-294,AEC-294,Capacitor cover (for C4) SX-880/SG
SX-880/890,Receiver,AEC-385,AEC-385,Capacitor cover (for C1) SX-880/KC
SX-880/890,Receiver,AEK-102,AEK-102,Fuse 2.5A (SX-880/S)
SX-880/890,Receiver,AEK-102,AEK-102,Fuse 2.5A (SX-880/SG)
SX-880/890,Receiver,AEK-103,AEK-103,Fuse 2A
SX-880/890,Receiver,AEK-106,AEK-106,Fuse 1A
SX-880/890,Receiver,AEK-108,AEK-108,Fuse 5A
SX-880/890,Receiver,AEK-108,AEK-108,Fuse 5A (SX-880/S)
SX-880/890,Receiver,AEK-108,AEK-108,Fuse 5A (SX-880/SG)
SX-880/890,Receiver,AEL-029,AEL-029,"Lamp (wedge type 8V,0.3A)"
SX-880/890,Receiver,AHB-096,AHB-096,Cardboard spacer (SX-880/SG)
SX-880/890,Receiver,AHD-565,AHD-565,Packing case (SX-880/KU)
SX-880/890,Receiver,AHD-565,AHD-565,Packing case (SX-880/S)
SX-880/890,Receiver,AHD-566,AHD-566,Packing case (SX-880/KC)
SX-880/890,Receiver,AHD-567,AHD-567,Packing case (SX-880/SG)
SX-880/890,Receiver,AHD-574,AHD-574,Packing case (SX-890/KU)
SX-880/890,Receiver,AKA-002,AKA-002,Terminal (ANTENNA)
SX-880/890,Receiver,AKB-038,AKB-038,"Terminal (INPUT, TAPE 1 REC)"
SX-880/890,Receiver,AKB-039,AKB-039,"Terminal (TAPE 1 PLAY,TAPE 2)"
SX-880/890,Receiver,AKE-026,AKE-026,"Terminal (SPEAKERS A, B)"
SX-880/890,Receiver,AKE-031,AKE-031,Terminal (GND)
SX-880/890,Receiver,AKK-005,AKK-005,Lamp socket
SX-880/890,Receiver,AKN-009,AKN-009,Phone jack (PHONES)
SX-880/890,Receiver,AKP-004,AKP-004,AC socket (AC OUTLETS)SX-880/KC
SX-880/890,Receiver,AKP-004,AKP-004,AC socket (AC OUTLETS)SX-880/KU
SX-880/890,Receiver,AKP-019,AKP-019,AC socket (AC OUTLETS)SX-880/S
SX-880/890,Receiver,AKP-019,AKP-019,AC socket (AC OUTLETS)SX-880/SG
SX-880/890,Receiver,AKR-031,AKR-031,Plug in selector (with fuse holder) SX-880/S
SX-880/890,Receiver,AKR-031,AKR-031,Plug in selector (with fuse holder) SX-880/SG
SX-880/890,Receiver,AMM-072,AMM-072,Wooden cover (SX-880/KU)
SX-880/890,Receiver,AMM-072,AMM-072,Wooden cover (SX-880/S)
SX-880/890,Receiver,AMM-072,AMM-072,Wooden cover (SX-880/SG)
SX-880/890,Receiver,AMM-075,AMM-075,Wooden cover (SX-880/KC)
SX-880/890,Receiver,ANB-611,ANB-611,Front panel assembly (SX-880/KU)
SX-880/890,Receiver,ANB-617,ANB-617,Front panel assembly (SX-890/KU)
SX-880/890,Receiver,ARB-272,ARB-272,Operating instructions (SX-880/KC)
SX-880/890,Receiver,ARB-272,ARB-272,Operating instructions (SX-880/KU)
SX-880/890,Receiver,ARB-273,ARB-273,Operating instructions (SX-880/S)
SX-880/890,Receiver,ARB-273,ARB-273,Operating instructions (SX-880/SG)
SX-880/890,Receiver,ARB-293,ARB-293,Operating instructions (SX-890/KU)
SX-880/890,Receiver,ART-296-0,ART-296,Service manual SX-880
SX-880/890,Receiver,ART-309-0,ART-309,Service manual additional SX-880/SX-890
SX-880/890,Receiver,ASE-107,ASE-107,Rotary slide (FUNCTION)
SX-880/890,Receiver,ASG-139,ASG-139,"Dual push switch (SPEAKERS A, B)"
SX-880/890,Receiver,ASH-016,ASH-016,Slide (DE-EMPHASIS) SX-880/KC
SX-880/890,Receiver,ASH-016,ASH-016,Slide (DE-EMPHASIS) SX-880/KU
SX-880/890,Receiver,ASH-019,ASH-019,Slide (DE-EMPHASIS) SX-880/S
SX-880/890,Receiver,ASH-019,ASH-019,Slide (DE-EMPHASIS) SX-880/SG
SX-880/890,Receiver,ASK-066,ASK-066,Lever (POWER) SX-880/KC
SX-880/890,Receiver,ASK-144,ASK-144,Lever switch (FM MUTING)
SX-880/890,Receiver,ASK-144,ASK-144,Lever switch (LOUDNESS)
SX-880/890,Receiver,ASK-144,ASK-144,Lever switch (Low FILTER)
SX-880/890,Receiver,ASK-144,ASK-144,Lever Switch (MODE)
SX-880/890,Receiver,ASK-145,ASK-145,Lever switch (DUPLICATE)
SX-880/890,Receiver,ASK-150,ASK-150,Lever switch (TAPE MONITOR)
SX-880/890,Receiver,ASK-506 (ASK-097),ASK-506 (ASK-097),Lever (POWER) SX-880/SG
SX-880/890,Receiver,ASK-507 (ASK-066),ASK-507 (ASK-066),Lever (POWER) SX-880/KU
SX-880/890,Receiver,ASK-508 (ASK-097),ASK-508 (ASK-097),Lever (POWER) SX-880/S
SX-880/890,Receiver,ATB-505,ATB-505,Ferrite bar antenna
SX-880/890,Receiver,ATT-513,ATT-513,Power transformer (KU)
SX-880/890,Receiver,ATT-518,ATT-518,Power transformer (KC)
SX-880/890,Receiver,ATT-522,ATT-522,Power transformer (S)
SX-880/890,Receiver,ATT-522,ATT-522,Power transformer (SG)
SX-880/890,Receiver,AWE-099,AWE-099,Tuner assembly
SX-880/890,Receiver,AWR-171,AWR-171,Fuse assembly (SX-880/KU)
SX-880/890,Receiver,AWR-174,AWR-174,Fuse assembly (SX-880/KC)
SX-880/890,Receiver,AWR-175,AWR-175,Fuse assembly (SX-880/SG)
SX-880/890,Receiver,AWX-062,AWX-062,SP connector assembly (SX-880/S)
SX-880/890,Receiver,AWX-062,AWX-062,SP connector assembly (SX-880/SG)
SX-880/890,Receiver,AXA-113,AXA-113,Tuning drum assembly
SX-880/890,Receiver,AXA-211,AXA-211,Tuning Shaft
SX-880/890,Receiver,AXB-012,AXB-012,Antenna holder
SX-880/890,Receiver,E11-033,E11-033,Vinyl pouch (for fuses)  SX-880/S
SX-880/890,Receiver,E11-033,E11-033,Vinyl pouch (for fuses)  SX-880/SG
SX-880/890,Receiver,GWK-119,GWK-119,AF assembly
SX-880/890,Receiver,GWX-193,GWX-193,Meter assembly
SX-880/890,Receiver,GWX-194,GWX-194,LED assembly
SX-880/890,Receiver,GWX-195,GWX-195,Headphone jack assembly
SX-880/890,Receiver,T24-030,T24-030,Choke coil 100uH
SX-9000,Receiver,A12-195-B,A12-195,"Knob for BASS, TREBLE, REVERB, BALANCE,MIC A, and MIC B"
SX-9000,Receiver,A12-196-A,A12-196,Knob for TUNING
SX-9000,Receiver,A12-197-B,A12-197,"Knob for SELECTOR, TONE COLOR"
SX-9000,Receiver,A12-203-B,A12-203,Knob for MODE
SX-9000,Receiver,A13-020-B,A13-020,Knob for MASTER VOLUME
SX-9000,Receiver,A13-021-A,A13-021,Knob for SOURCE VOLUME
SX-9000,Receiver,A19-038-0,A19-038,Knob for POWER SWITCH
SX-9000,Receiver,A19-077-0,A19-077,"Knob for LOW FILTEFLHIGH FlLTER,FM MUTING,LOUDNESS"
SX-9000,Receiver,A19-078-0,A19-078,"Knob ior TAPE MONITOR A,TAPE MONITOR B (DEMI SWITCH)"
SX-9000,Receiver,A33-110-A,A33-110,Dial Board for Tuning
SX-9000,Receiver,A55-008-A,A55-008,Paper for Dial Pulley In Reverberation
SX-9000,Receiver,A59-051-0,A59-051,Pulley for Reverberation
SX-9000,Receiver,A61-216-0,A61-216,Meter Escutcheon
SX-9000,Receiver,A61-217-A,A61-217,Escutcheon
SX-9000,Receiver,A62-039-B,A62-039,Lens for Program Indicator Lamp (RED)
SX-9000,Receiver,A62-040-B,A62-040,Lens for Program Indicator Lemo (BLUE)
SX-9000,Receiver,A62-041-B,A62-041,Lens for Program indicator Lamp (GREEN)
SX-9000,Receiver,A62-042-B,A62-042,Lens for Program indicator Lamp (WHITE)
SX-9000,Receiver,A62-043-B,A62-043,Lens for Program Indicator Lamp (PINK)
SX-9000,Receiver,A62-054-0,A62-054,Lens for Pilot Lamp
SX-9000,Receiver,A62-055-B,A62-055,Dial Board
SX-9000,Receiver,A91-008-0,A91-008,Meter for FM Tuning
SX-9000,Receiver,A91-009-0,A91-009,Meter for Signal
SX-9000,Receiver,B28-002-0,B28-002,Shaft
SX-9000,Receiver,B31-0160,B31-0160,Spring for Front Cover
SX-9000,Receiver,C35-055-0,C35-055,Volume Control with switch (50k-HB)
SX-9000,Receiver,C52-045-A,C52-045,Electrolytic 2200 50V
SX-9000,Receiver,C52-045-A,C52-045,Electrolytic 2200 50V
SX-9000,Receiver,C52-075-0,C52-075,Electrolytic 2200 35V
SX-9000,Receiver,C52-076-A,C52-076,Electrolytic 2200 100V
SX-9000,Receiver,C64-030-0,C64-030,AM Variable Capacitor
SX-9000,Receiver,C82-045,C82-045,BASS CONTROL (I00K-A)
SX-9000,Receiver,C82-045,C82-045,TREBLE CONTROL (100K-A)
SX-9000,Receiver,C85-010-0,C85-010,Volume Control (250k-A2)
SX-9000,Receiver,C85-056-0,C85-056,Volume Control with switch (50k-A2)
SX-9000,Receiver,C85-056-0,C85-056,Volume Control with switch (50k-A2)
SX-9000,Receiver,C88-010-0,C88-010,Volume Control (250k-A2)
SX-9000,Receiver,CETG 100MF 100V,CETG 100MF 100V,Electrolytic 100 100V
SX-9000,Receiver,E21-006-0,E21-006,Fuse 3A
SX-9000,Receiver,E21-012-0,E21-012,Fuse l.5A
SX-9000,Receiver,E22-002-0,E22-002,Pilot Lamp for Signal Meter (8V l50mA)
SX-9000,Receiver,E22-017-0,E22-017,Pilot Lamp for Dial Board
SX-9000,Receiver,E22-018-A,E22-018,Pilot lamp for Program Indicator
SX-9000,Receiver,E22-026-0,E22-026,Pilot Lamp for Reverb (8V 250mA)
SX-9000,Receiver,E22-029-Q,E22-029,Pilot Lamp for Stereo Indicator
SX-9000,Receiver,E22-030-B,E22-030,Pilot Lamp Ass'y for Tone Color
SX-9000,Receiver,E22-031-0,E22-031,Plilot Lamp Ass'y for Dial Pointer
SX-9000,Receiver,E31-145-A,E31-145,Packing
SX-9000,Receiver,K11-018-0,K11-018,4P Antenna Terminal
SX-9000,Receiver,K21-005-C,K21-005,1P lnput Terminal
SX-9000,Receiver,K21-010-0,K21-010,4P Input Terminal
SX-9000,Receiver,K22-013-C,K22-013,6p Input Terminal
SX-9000,Receiver,K41-002-B,K41-002,Socket for Pilot Lemp
SX-9000,Receiver,K71-028-0,K71-028,Short Pin Plug
SX-9000,Receiver,K72-024-0,K72-024,Jack lor Microphone
SX-9000,Receiver,K72-026-0,K72-026,Jack for Headphone
SX-9000,Receiver,K73-028-0,K73-028,Socket for Speaker
SX-9000,Receiver,K82-012-0,K82-012,Spare AC Outlet
SX-9000,Receiver,K91-005-0,K91-005,Fuse holder (1p)
SX-9000,Receiver,K93-003-B,K93-003,5P Connector (DIN type)
SX-9000,Receiver,K96-006-C,K96-006,Fuse holder for Protection Circuit
SX-9000,Receiver,M21-354-A,M21-354,Front Panel Ass'y
SX-9000,Receiver,M21-355-A,M21-355,Front Panel
SX-9000,Receiver,M21-356-0,M21-356,Side Panel(R)
SX-9000,Receiver,M21-357-0,M21-357,Side Panel(L)
SX-9000,Receiver,M21-358-0,M21-358,Front Cover
SX-9000,Receiver,M42-009-B,M42-009,Dial Pulley
SX-9000,Receiver,M42-021-C,M42-021,Dial Pully for AM and FM Tuning Capacitor
SX-9000,Receiver,M42-027-C,M42-027,Dial Pulley for FM Tuning Capacitor
SX-9000,Receiver,M42-053-A,M42-053,Dial Pully for Reverberakion Control
SX-9000,Receiver,M42-054-0,M42-054,Dial Pulley (Small)
SX-9000,Receiver,M61-017-0,M61-017,Foot
SX-9000,Receiver,R12-066-A,R12-066,"Installation, Operation and Service Manual (FW) SX9000"
SX-9000,Receiver,S11-018-0,S11-018,Line Voltage Selector
SX-9000,Receiver,S11-022-A,S11-022,Slide Switch
SX-9000,Receiver,S11-030-A,S11-030,Power Switch
SX-9000,Receiver,S13-038-A,S13-038,Input Selector
SX-9000,Receiver,S14-035-0,S14-035,Mode Selector
SX-9000,Receiver,S15-035-A,S15-035,Selector Switch
SX-9000,Receiver,S31-016-A,S31-016,Demi Switch (W26-002)
SX-9000,Receiver,S31-029,S31-029,Demi Switch (W26-001)
SX-9000,Receiver,S31-030,S31-030,Demi swltch (W26-003)
SX-9000,Receiver,T24-025-B,T24-025,Choke Coil
SX-9000,Receiver,T24-030-0,T24-030,Choke Coil
SX-9000,Receiver,T42-024-A,T42-024,AM-Ferrile Loopstick Antenna
SX-9000,Receiver,T52-182-0,T52-182,Power Transformer
SX-9000,Receiver,W11-028-0,W11-028,FM Front-end Unit
SX-9000,Receiver,W12-028-0,W12-028,FM IF Unit
SX-9000,Receiver,W13-026-0,W13-026,FM MPX Unit
SX-9000,Receiver,W14-015-0,W14-015,AM Tuner Unit
SX-9000,Receiver,W16-028-0,W16-028,Power Supply Unit
SX-9000,Receiver,W16-029-0,W16-029,Power Supply Unit
SX-9000,Receiver,W18-028-B,W18-028,Muting Unit
SX-9000,Receiver,W21-002-0,W21-002,Head Amp Unit
SX-9000,Receiver,W21-003-A,W21-003,MIC Amp Unit
SX-9000,Receiver,W22-002-0,W22-002,Control Amp Unit
SX-9000,Receiver,W23-010-0,W23-010,Main Amp Unit
SX-9000,Receiver,W26-001-A,W26-001,Demi Switch Unit
SX-9000,Receiver,W26-002-A,W26-002,Derni Switch Unit
SX-9000,Receiver,W26-003-0,W26-003,Push Switch Unit
SX-9000,Receiver,W28-001-0,W28-001,Tone Color Unit
SX-9000,Receiver,W28-002-0,W28-002,Reverb Amp Unit
SX-9000,Receiver,W38-004-0,W38-004,Reverberation Unit
SX-9000,Receiver,W52-004-0,W52-004,TAPE REC Terminal
SX-9000,Receiver,W72-002-B,W72-002,AM Ferrite Lopstick Antenna Ass'y
SX-939,Receiver,"2SB541P-L or M (2SA745A-R, O or Y) (2SB530S-R, O or Y)","2SB541P-L or M (2SA745A-R, O or Y) (2SB530S-R, O or Y)",Transistor
SX-939,Receiver,"2SB541P-L or M (2SA745A-R, O or Y) (2SB530S-R, O or Y)","2SB541P-L or M (2SA745A-R, O or Y) (2SB530S-R, O or Y)",Transistor
SX-939,Receiver,"2SB541P-L or M (2SA745A-R, O or Y) (2SB530S-R, O or Y)","2SB541P-L or M (2SA745A-R, O or Y) (2SB530S-R, O or Y)",Transistor
SX-939,Receiver,"2SB541P-L or M (2SA745A-R, O or Y) (2SB530S-R, O or Y)","2SB541P-L or M (2SA745A-R, O or Y) (2SB530S-R, O or Y)",Transistor
SX-939,Receiver,"2SD388P-L or M (2SC1403A-R, O or Y) (2SD370S-R, O or Y)","2SD388P-L or M (2SC1403A-R, O or Y) (2SD370S-R, O or Y)",Transistor
SX-939,Receiver,"2SD388P-L or M (2SC1403A-R, O or Y) (2SD370S-R, O or Y)","2SD388P-L or M (2SC1403A-R, O or Y) (2SD370S-R, O or Y)",Transistor
SX-939,Receiver,"2SD388P-L or M (2SC1403A-R, O or Y) (2SD370S-R, O or Y)","2SD388P-L or M (2SC1403A-R, O or Y) (2SD370S-R, O or Y)",Transistor
SX-939,Receiver,"2SD388P-L or M (2SC1403A-R, O or Y) (2SD370S-R, O or Y)","2SD388P-L or M (2SC1403A-R, O or Y) (2SD370S-R, O or Y)",Transistor
SX-939,Receiver,AAA-026-A,AAA-026,Knob (Tuning)
SX-939,Receiver,AAB-068-A,AAB-068,"Knob (Bass-main, Volume, Balance)"
SX-939,Receiver,AAB-068-A,AAB-068,Knob (Treble-main)
SX-939,Receiver,AAB-069-B,AAB-069,Knob (Bass-sub)
SX-939,Receiver,AAB-069-B,AAB-069,Knob (Treble-sub)
SX-939,Receiver,AAC-034-A,AAC-034,Ornamental ring
SX-939,Receiver,AAD-040-0,AAD-040,"Knob (Power, Tone, Duplicate,Monitor, 4-CH adaptor)"
SX-939,Receiver,AAD-064-A,AAD-064,"Knob (SPKR A, B, C)"
SX-939,Receiver,AAD-065-A,AAD-065,"Knob (Low cut, High cut, -20dB)"
SX-939,Receiver,AAD-066-A,AAD-066,Knob (Function)
SX-939,Receiver,AAD-067-A,AAD-067,"Knob (Mode, Loudness)"
SX-939,Receiver,AAD-082-A,AAD-082,"Knob (Dimmer, FM muting)"
SX-939,Receiver,AAE-007-0,AAE-007,Coupler (knob-to-switch)
SX-939,Receiver,AAF-031-A,AAF-031,Dial pointer assembly
SX-939,Receiver,AAG-074-A,AAG-074,Dial scale
SX-939,Receiver,AAL-180-A,AAL-180,Model name plate (KCU)
SX-939,Receiver,AAL-201-0,AAL-201,Model name plate (F)
SX-939,Receiver,AAW-029-0,AAW-029,Meter (Tuning & Signal)
SX-939,Receiver,ABA-004-0,ABA-004,Pulley shaft
SX-939,Receiver,ABA-010-A,ABA-010,Screw M4 x 15
SX-939,Receiver,ACG-001-0,ACG-001,Ceramic  0.01  250V
SX-939,Receiver,ACG-001-0,ACG-001,Ceramic  0.01  250V (F)
SX-939,Receiver,ACG-003-0,ACG-003,Ceramic  0.01  250V (KCU)
SX-939,Receiver,ACG-004-0,ACG-004,Ceramic  0.01  150V
SX-939,Receiver,ACH-019-0,ACH-019,"Electrolytic  10,000  50V"
SX-939,Receiver,ACH-019-0,ACH-019,"Electrolytic  10,000  50V"
SX-939,Receiver,ACH-019-0,ACH-019,"Electrolytic capacitor l0,000uF 50V"
SX-939,Receiver,ACV-130-0,ACV-130,Variable resistor (Bass-main)
SX-939,Receiver,ACV-131-0,ACV-131,Variable resistor (Treble-main)
SX-939,Receiver,ACV-132-0,ACV-132,Variable resistor (Bass-sub]
SX-939,Receiver,ACV-133-0,ACV-133,Variable resistor (Treble-sub]
SX-939,Receiver,ACV-134-0,ACV-134,Variable resistor 250k-B1 (Volume)
SX-939,Receiver,ACV-135-0,ACV-135,Variable resistor 250k-HB (Balance)
SX-939,Receiver,ADG-002-A,ADG-002,AC power cord (F)
SX-939,Receiver,ADG-005-A,ADG-005,AC power cord (KCU)
SX-939,Receiver,ADH-002-0,ADH-002,FM T-type antenna
SX-939,Receiver,AEB-019-0,AEB-019,P.C. board holder
SX-939,Receiver,AEB-031-0,AEB-031,Rubber bracket
SX-939,Receiver,AEB-057-A,AEB-057,Rubber bracket
SX-939,Receiver,AEB-057-A,AEB-057,Rubber bracket
SX-939,Receiver,AEC-004-0,AEC-004,Wire clip (A)
SX-939,Receiver,AEC-007-0,AEC-007,Wire clip (C)
SX-939,Receiver,AEC-027-B,AEC-027,Foot
SX-939,Receiver,AEC-064-0,AEC-064,Wire clip
SX-939,Receiver,AEC-076-0,AEC-076,Spacer (insulator)
SX-939,Receiver,AEC-079-0,AEC-079,AC cord grommet
SX-939,Receiver,AEC-079-0,AEC-079,"AC cord grommet (KCU,F)"
SX-939,Receiver,AEC-085-0,AEC-085,Nut (insulator)
SX-939,Receiver,AEC-101-0,AEC-101,Pulley (small)
SX-939,Receiver,AEC-101-0,AEC-101,Pulley (srnall)
SX-939,Receiver,AEC-152-A,AEC-152,Spacer (push knob)
SX-939,Receiver,AEC-153-0,AEC-153,Pulley
SX-939,Receiver,AEC-154-0,AEC-154,Antenna clamper
SX-939,Receiver,AED-01B-0,AED-01B,Shading plate
SX-939,Receiver,AEK-021-0,AEK-021,Fuse 5A (AC power - KCU)
SX-939,Receiver,AEK-039-0,AEK-039,Fuse 5A (protection - KCU)
SX-939,Receiver,AEK-101-0,AEK-101,Fuse 3A (AC power - F)
SX-939,Receiver,AEK-101-0,AEK-101,Fuse 3A (protection)
SX-939,Receiver,AEK-106-0,AEK-106,Fuse 1A (protection)
SX-939,Receiver,AEL-014-0,AEL-014,"Pilot lamp 8V, 50mA"
SX-939,Receiver,AEL-014-0,AEL-014,"Pilot lamp BV, 50mA (stereo indicator)"
SX-939,Receiver,AEL-015-0,AEL-015,"Pilot lamp 8V, 0.3A (meter)"
SX-939,Receiver,AEL-022-0,AEL-022,"Pilot lamp 8V, 50mA"
SX-939,Receiver,AEL-022-0,AEL-022,"Pilot lamp 8V, 50mA (program indicator)"
SX-939,Receiver,AEL-023-0,AEL-023,"Pilot lamp 8V, 50mA"
SX-939,Receiver,AEL-023-0,AEL-023,"Pilot lamp 8V, 50mA (program indicator)"
SX-939,Receiver,AHA-066-A,AHA-066,Side pad (L)
SX-939,Receiver,AHA-167-A,AHA-167,Side pad (R)
SX-939,Receiver,AHC-014-A,AHC-014,inside packing
SX-939,Receiver,AHD-212-A,AHD-212,Packing case
SX-939,Receiver,AKA-002-0,AKA-002,Antenna terminal board
SX-939,Receiver,AKB-014-0,AKB-014,Phono jack-A (4 jacks)
SX-939,Receiver,AKB-014-0,AKB-014,Phono jack-A (4 jacks)
SX-939,Receiver,AKB-014-0,AKB-014,Phono jack-A (4 jacks)
SX-939,Receiver,AKB-014-0,AKB-014,Phono jack-A (4 jacks)
SX-939,Receiver,AKB-017-0,AKB-017,Phono jack-B (6 lacks)
SX-939,Receiver,AKB-019-0,AKB-019,Phono jack (1 jack)
SX-939,Receiver,AKC-015-0,AKC-015,Terminal strip (2P)
SX-939,Receiver,AKE-012-A,AKE-012,Binding post lor ground
SX-939,Receiver,AKE-014-0,AKE-014,Speaker output terminal
SX-939,Receiver,AKH-001-0,AKH-001,Socket (power transistor)
SX-939,Receiver,AKK-002-0,AKK-002,Pilot lamp socket
SX-939,Receiver,AKM-004-A,AKM-004,Jumper plug
SX-939,Receiver,AKP-005-0,AKP-005,"AC socket (KCU,F)"
SX-939,Receiver,AKP-008-0,AKP-008,Connector (AC power - GN)
SX-939,Receiver,AKR-001-0,AKR-001,Fuse holder (F)
SX-939,Receiver,AKR-012-0,AKR-012,Fuse holder (KCU)
SX-939,Receiver,AMM-035-A,AMM-035,Wooden cabinet
SX-939,Receiver,ANA-068-B,ANA-068,Chassis
SX-939,Receiver,ANB-260-B,ANB-260,Front panel assembly
SX-939,Receiver,ANC-107-B,ANC-107,Rear panel (KCU)
SX-939,Receiver,ANC-112-A,ANC-112,Rear panel (F)
SX-939,Receiver,ANC-114-0,ANC-114,Rear panel (GN)
SX-939,Receiver,AND-072-A,AND-072,Dial frame
SX-939,Receiver,AND-073-B,AND-073,Sub panel
SX-939,Receiver,ANE-055-B,ANE-055,Bottom plate
SX-939,Receiver,ANF-231-0,ANF-231,Heat sink-held rnetal
SX-939,Receiver,ANF-232-0,ANF-232,Heat sink-held metal
SX-939,Receiver,ANF-240-A,ANF-240,Shield cover
SX-939,Receiver,ANF-243-A,ANF-243,Dial scale-held metal
SX-939,Receiver,ANF-246-A,ANF-246,P.C. board-held metal (A)
SX-939,Receiver,ANF-247-A,ANF-247,P.C. board-held metal (B)
SX-939,Receiver,ANF-248-0,ANF-248,Power transformer-held metal
SX-939,Receiver,ANF-249-0,ANF-249,Shading metal
SX-939,Receiver,ANF-249-0,ANF-249,Shading metal
SX-939,Receiver,ANG-097-0,ANG-097,Lamp holder
SX-939,Receiver,ANG-100-0,ANG-100,P.C. board cover
SX-939,Receiver,ANG-102-A,ANG-102,Pulley-held metal
SX-939,Receiver,ANG-103-0,ANG-103,Pilot lamp holder (A)
SX-939,Receiver,ANG-104-0,ANG-104,Pilot lamp holder (B)
SX-939,Receiver,ANH -211-B,ANH -211,Lamp box (B)
SX-939,Receiver,ANH-206-0,ANH-206,Shield cover
SX-939,Receiver,ANH-208-A,ANH-208,Shield cover (rear)
SX-939,Receiver,ANH-210-A,ANH-210,Lamp box (A)
SX-939,Receiver,ANH-215-A,ANH-215,Heal sink
SX-939,Receiver,ARB-099-0,ARB-099,Operating instructions SX-939
SX-939,Receiver,ASG-061-0,ASG-061,Push switch (speakers)
SX-939,Receiver,ASG-062-0,ASG-062,"Mini switch (filters, AF muting)"
SX-939,Receiver,ASG-064-0,ASG-064,"Push switch (dimmer, FM muting)"
SX-939,Receiver,ASG-065-0,ASG-065,Push switch (function)
SX-939,Receiver,ASH-008-0,ASH-008,Slide switch (de-emphasis - F)
SX-939,Receiver,ASK-067-0,ASK-067,Lever switch (Power - F)
SX-939,Receiver,ASK-068-0,ASK-068,Lever Switch (Power - GN)
SX-939,Receiver,ASK-070-0,ASK-070,Lever switch (Tone)
SX-939,Receiver,ASK-072-0,ASK-072,Lever switch (duplicate)
SX-939,Receiver,ASK-072-0,ASK-072,Lever switch (monitor-1)
SX-939,Receiver,ASK-072-0,ASK-072,Lever switch (NR adaptor)
SX-939,Receiver,ASK-072-0,ASK-072,Lever switch [monitor-2)
SX-939,Receiver,ASK-080-0,ASK-080,Lever switch (Power - KCU)
SX-939,Receiver,ASR-007-0,ASR-007,Relay
SX-939,Receiver,ATB-026-0,ATB-026,Ferrite locpstick antenna
SX-939,Receiver,ATT-167-A,ATT-167,Power transformer (KCU)
SX-939,Receiver,ATT-173-0,ATT-173,Power transformer (F)
SX-939,Receiver,ATT-180-A,ATT-180,Power transformer (GN)
SX-939,Receiver,AWE-041-0,AWE-041,Tuner assembly
SX-939,Receiver,AWF-013-0,AWF-013,Equalizer amplifier assembly
SX-939,Receiver,AWG-027-0,AWG-027,Control amplifier assembly
SX-939,Receiver,AWH-030-0,AWH-030,Power amplifier assembly
SX-939,Receiver,AWM-062-0,AWM-062,Protection circuit assembly
SX-939,Receiver,AWM-063-0,AWM-063,Muting circuit assembly
SX-939,Receiver,AWR-052-0,AWR-052,"Power supply circuit assembly (KSC,F)"
SX-939,Receiver,AWR-056-0,AWR-056,Power supply circuit assembly (GN)
SX-939,Receiver,AWS-064-0,AWS-064,Switch circuit assembly (speakers)
SX-939,Receiver,AWS-065-0,AWS-065,"Switch circuit assembly (mode, loudness)"
SX-939,Receiver,AWS-066-0,AWS-066,"Switch circuit assembly (filters,AF muting)"
SX-939,Receiver,AWS-067-0,AWS-067,Switch circuit assembly (tape monitor)
SX-939,Receiver,AWS-068-0,AWS-068,Switch circuit assembly (dimmer)
SX-939,Receiver,AWS-069-0,AWS-069,Switch circuit assembly (function)
SX-939,Receiver,AWX-062-0,AWX-062,5P connector assembly
SX-939,Receiver,AWX-069-0,AWX-069,Lamp board assembly
SX-939,Receiver,AXA-015-A,AXA-015,Tuning pulley assembly
SX-939,Receiver,AXA-056-0,AXA-056,Tuning shaft assembly
SX-939,Receiver,AXB-001-A,AXB-001,Ferrite antenna holder assembly
SX-939,Receiver,B21-011-0,B21-011,Washer
SX-939,Receiver,CKDVF 103Z 50,CKDVF 103Z 50,Ceramic  0.01  50V
SX-939,Receiver,CKDYF 103Z 50,CKDYF 103Z 50,Ceramic  0.01  50V
SX-939,Receiver,CKDYF 103Z 50,CKDYF 103Z 50,Ceramic  0.01  50V
SX-939,Receiver,CQMA 472J 50,CQMA 472J 50,Mylar  0.0047  50V
SX-939,Receiver,CQMA 472J 50,CQMA 472J 50,Mylar  0.0047  50V
SX-939,Receiver,E22-032-0,E22-032,"Pilot lamp 8V, 0.3A (dial scale]"
SX-939,Receiver,K13-047-0,K13-047,Ground terminal strip (4P)
SX-939,Receiver,K13-048-0,K13-048,Ground terminal strip (2P)
SX-939,Receiver,K72-024-0,K72-024,Phone jack (Microphone)
SX-939,Receiver,K72-026-0,K72-026,Phone jack (Headphone)
SX-939,Receiver,M49-025-E,M49-025,Pulley shaft
SX-939,Receiver,M49-025-E,M49-025,Pulley shaft
SX-939,Receiver,PR½PS 225J,PR½PS 225J,Carbon film  2.2M  ½W
SX-939,Receiver,RS2P 272J,RS2P 272J,Metal oxide  2.7k  2W
SX-939,Receiver,RS2P 272J,RS2P 272J,Metal oxide  2.7k  2W
SX-939,Receiver,STV4H,STV4H,Varistor
SX-939,Receiver,T22-025-A,T22-025,Balun
SX-950,Receiver,2SB557- R,2SB557- R,Transistor
SX-950,Receiver,2SB557-R,2SB557,Transistor
SX-950,Receiver,2SB557-R,2SB557,Transistor
SX-950,Receiver,2SB557-R,2SB557,Transistor
SX-950,Receiver,2SD427-R,2SD427,Transistor
SX-950,Receiver,2SD427-R,2SD427,Transistor
SX-950,Receiver,2SD427-R,2SD427,Transistor
SX-950,Receiver,2SD427-R,2SD427,Transistor
SX-950,Receiver,AAA-034,AAA-034,Knob (TUNING)
SX-950,Receiver,AAB-100,AAB-100,Knob (BALANCE)
SX-950,Receiver,AAB-100,AAB-100,Knob (BASS)
SX-950,Receiver,AAB-100,AAB-100,Knob (TREBLE)
SX-950,Receiver,AAB-103,AAB-103,Knob (VOLUME)
SX-950,Receiver,AAD-113,AAD-113,Knob (ADAPTOR)
SX-950,Receiver,AAD-113,AAD-113,Knob (BASS TURNOVER)
SX-950,Receiver,AAD-113,AAD-113,Knob (DUPLICATE)
SX-950,Receiver,AAD-113,AAD-113,Knob (HIGH FILTER)
SX-950,Receiver,AAD-113,AAD-113,Knob (LOUDNESS)
SX-950,Receiver,AAD-113,AAD-113,Knob (LOW FILTER)
SX-950,Receiver,AAD-113,AAD-113,Knob (MODE)
SX-950,Receiver,AAD-113,AAD-113,Knob (MUTING)
SX-950,Receiver,AAD-113,AAD-113,Knob (POWER)
SX-950,Receiver,AAD-113,AAD-113,Knob (TAPE MONITOR 1)
SX-950,Receiver,AAD-113,AAD-113,Knob (TAPE MONITOR 2)
SX-950,Receiver,AAD-113,AAD-113,Knob (TONE)
SX-950,Receiver,AAD-113,AAD-113,Knob (TREBLE TURNOVER)
SX-950,Receiver,AAD-114,AAD-114,Knob (AM)
SX-950,Receiver,AAD-114,AAD-114,Knob (AUX)
SX-950,Receiver,AAD-114,AAD-114,Knob (FM MPX NOISE FIL)
SX-950,Receiver,AAD-114,AAD-114,Knob (FM MUTING)
SX-950,Receiver,AAD-114,AAD-114,Knob (FM)
SX-950,Receiver,AAD-114,AAD-114,Knob (PHONO 1)
SX-950,Receiver,AAD-114,AAD-114,Knob (PHONO 2/MIC)
SX-950,Receiver,AAD-114,AAD-114,Knob (SPEAKERS A)
SX-950,Receiver,AAD-114,AAD-114,Knob (SPEAKERS B)
SX-950,Receiver,AAD-114,AAD-114,Knob (SPEAKERS C)
SX-950,Receiver,AAG-105,AAG-105,Dial scale board
SX-950,Receiver,AAT-026,AAT-026,"Indicator (SP-A, SP-B, SP-C)"
SX-950,Receiver,AAT-027,AAT-027,"Indicator (AM, FM, PH-1, PH-2, AUX)"
SX-950,Receiver,AAT-028,AAT-028,Indicator (STEREO)
SX-950,Receiver,AAW-040,AAW-040,Double meter (SIGNAL/TUNING)
SX-950,Receiver,ABN-024,ABN-024,Washer faced nut
SX-950,Receiver,ACG-003,ACG-003,Ceramic 0.01 150V (DC1.4kV)
SX-950,Receiver,ACG-003,ACG-003,Ceramic 0.01 150V (DC1.4kV)
SX-950,Receiver,ACG-003,ACG-003,"Ceramic capacitor (0.01pF 150V,DC1.4kV)"
SX-950,Receiver,ACG-003,ACG-003,"Ceramic capacitor(0.01uF 150V, DC1.4kV)"
SX-950,Receiver,ACH-059,ACH-059,Electrolytic 22000 63V
SX-950,Receiver,ACH-059,ACH-059,Electrolytic 22000 63V
SX-950,Receiver,ACK-016,ACK-016,Tuning Capacitor
SX-950,Receiver,ACV-136,ACV-136,"Variable resistor (100k-B, TREBLE)"
SX-950,Receiver,ACV-136,ACV-136,"Variable resistor(100k-B, BASS)"
SX-950,Receiver,ACV-163,ACV-163,Variable resistor (100k-HB/ BALANCE)
SX-950,Receiver,ACV-164,ACV-164,Variabie resistor (50k-B2/VOLUME)
SX-950,Receiver,ADG-005,ADG-005,AC power cord
SX-950,Receiver,AEC-101,AEC-101,Pulley
SX-950,Receiver,AEC-256,AEC-256,Pully (small)
SX-950,Receiver,AEC-260,AEC-260,Acrylic board
SX-950,Receiver,AEK-104,AEK-104,Fuse 1.5A (lamp circuit)
SX-950,Receiver,AEK-106,AEK-106,Fuse 1A
SX-950,Receiver,AEK-106,AEK-106,Fuse 1A
SX-950,Receiver,AEK-106,AEK-106,Fuse 1A
SX-950,Receiver,AEK-106,AEK-106,Fuse 1A
SX-950,Receiver,AEK-109,AEK-109,Fuse 6A (primary)
SX-950,Receiver,AEL-029,AEL-029,"Lamp (8V, 0.3A, wedge-type)"
SX-950,Receiver,AEL-056,AEL-056,Lamp assembly (PL1—PL4)
SX-950,Receiver,AEL-056,AEL-056,"Lamp assembly - Lamp(8V, 0.3A,wedge-type AEL-029) / Lamp socket (wedge-type AKK-004)"
SX-950,Receiver,AEL-056,AEL-056,"Lamp assembly - Lamp(8V, 0.3A,wedge-type AEL-029) / Lamp socket (wedge-type AKK-004)"
SX-950,Receiver,AEL-056,AEL-056,"Lamp assembly - Lamp(8V, 0.3A,wedge-type AEL-029) / Lamp socket (wedge-type AKK-004)"
SX-950,Receiver,AEL-056,AEL-056,"Lamp assembly - Lamp(8V, 0.3A,wedge-type AEL-029) / Lamp socket (wedge-type AKK-004)"
SX-950,Receiver,AEL-069,AEL-069,"Lamp with leads (8V, 50mA)"
SX-950,Receiver,AEL-072,AEL-072,"Lamp with leads (8V, 50mA)"
SX-950,Receiver,AEL-072,AEL-072,"Lamp with leads (8V, 50mA)"
SX-950,Receiver,AEL-073,AEL-073,"Lamp with leads (8V, 50mA)"
SX-950,Receiver,AEL-073,AEL-073,"Lamp with leads (8V, 50mA)"
SX-950,Receiver,AEL-074,AEL-074,"Lamp with leads (8V, 50mA)"
SX-950,Receiver,AEL-074,AEL-074,"Lamp with leads (8V, 50mA)"
SX-950,Receiver,AEL-075,AEL-075,"Lamp with leads (8V, 50mA)"
SX-950,Receiver,AEL-076,AEL-076,"Lamp with leads (8V, 50mA)"
SX-950,Receiver,AKA-004,AKA-004,Terminal (ANTENNA)
SX-950,Receiver,AKB-030,AKB-030,Terminal (ADAPTOR)
SX-950,Receiver,AKB-030,AKB-030,Terminal (FM DET. OUT)
SX-950,Receiver,AKB-030,AKB-030,Terminal (PRE/POWER AMP)
SX-950,Receiver,AKB-030,AKB-030,Terminal (TAPE 1)
SX-950,Receiver,AKB-030,AKB-030,Terminal (TAPE 2)
SX-950,Receiver,AKB-033,AKB-033,Terminal (INPUT)
SX-950,Receiver,AKE-012,AKE-012,Terminal (GND)
SX-950,Receiver,AKE-014,AKE-014,Terminal (SPEAKERS)
SX-950,Receiver,AKK-004,AKK-004,Socket (wedge-type)
SX-950,Receiver,AKM-004,AKM-004,Jumper plug
SX-950,Receiver,AKN-010,AKN-010,Phone jack (PHONES)
SX-950,Receiver,AKN-012,AKN-012,Phone jack (MIC)
SX-950,Receiver,AKP-005,AKP-005,AC socket (AC OUTLETS)
SX-950,Receiver,AKP-007,AKP-007,Connector socket 5P (REC/PLAY)
SX-950,Receiver,AMM-048,AMM-048,Cabinet
SX-950,Receiver,ANB-374,ANB-374,Front panel assembly
SX-950,Receiver,ASG-094,ASG-094,Push switch (SPEAKERS)
SX-950,Receiver,ASG-095,ASG-095,"Push switch (AM, FM, PHONO 1, PHONO 2/MIC, AUX)"
SX-950,Receiver,ASG-096,ASG-096,"Push switch (FM MUTING, MPX NOISE FIL"
SX-950,Receiver,ASH-015,ASH-015,Slide switch (DE-EMPHASIS)
SX-950,Receiver,ASK-080,ASK-080,Lever switch (POWER)
SX-950,Receiver,ASK-089,ASK-089,Lever switch (HIGH FILTER)
SX-950,Receiver,ASK-089,ASK-089,Lever switch (LOUDNESS)
SX-950,Receiver,ASK-089,ASK-089,Lever switch (LOW FILTER)
SX-950,Receiver,ASK-089,ASK-089,Lever switch (MUTING)
SX-950,Receiver,ASK-089,ASK-089,Lever switch (TREBLE TURNOVER)
SX-950,Receiver,ASK-090,ASK-090,Lever switch (MODE)
SX-950,Receiver,ASK-090,ASK-090,Lever switch (TONE)
SX-950,Receiver,ASK-091,ASK-091,Lever switch (BASS TURNOVER)
SX-950,Receiver,ASK-092,ASK-092,Lever switch (ADAPTOR)
SX-950,Receiver,ASK-092,ASK-092,Lever switch (DUPLICATE)
SX-950,Receiver,ASK-092,ASK-092,Lever switch (TAPE MONITOR 1)
SX-950,Receiver,ASK-092,ASK-092,Lever switch (TAPE MONITOR 2)
SX-950,Receiver,ASR-019,ASR-019,Relay
SX-950,Receiver,ATB-046,ATB-046,Ferrite bar-antenna
SX-950,Receiver,ATT-265,ATT-265,Power transformer
SX-950,Receiver,AWE-066,AWE-066,Tuner assembly
SX-950,Receiver,AWF-011,AWF-011,Equalizer amplifier assembly
SX-950,Receiver,AWG-038,AWG-038,Flat amplifier assembly
SX-950,Receiver,AWG-039,AWG-039,Tone amplifier assembly
SX-950,Receiver,AWH-050,AWH-050,Power amplifier assembly
SX-950,Receiver,AWM-062,AWM-062,Protection circuit assembly
SX-950,Receiver,AWR-101,AWR-101,Power supply assembly
SX-950,Receiver,AWS-093,AWS-093,Switch assembly
SX-950,Receiver,AWS-094,AWS-094,Switch assembly
SX-950,Receiver,AWS-095,AWS-095,Switch assembly
SX-950,Receiver,AWX-096,AWX-096,Lamp board assembly
SX-950,Receiver,AXA-111,AXA-111,Tuning shaft assembly
SX-950,Receiver,AXA-113,AXA-113,Tuning drum assembly
SX-950,Receiver,CKDYF 103Z 50,CKDYF 103Z 50,Ceramic 0.01 50V
SX-950,Receiver,CKDYF 103Z 50,CKDYF 103Z 50,Ceramic 0.01 50V
SX-950,Receiver,CKDYF 103Z 50,CKDYF 103Z 50,Ceramic 0.01 50V
SX-950,Receiver,CKDYF 103Z 50,CKDYF 103Z 50,Ceramic 0.01 50V
SX-950,Receiver,CKDYF 103Z 50,CKDYF 103Z 50,Ceramic 0.01 50V
SX-950,Receiver,CKDYF 103Z 50,CKDYF 103Z 50,Ceramic 0.01 50V
SX-950,Receiver,CKDYF 103Z 50,CKDYF 103Z 50,Ceramic 0.01 50V
SX-950,Receiver,CKDYF 103Z 50,CKDYF 103Z 50,Ceramic 0.01 50V
SX-950,Receiver,RD½PS 225J,RD½PS 225J,Carbon film 2.2M ½W
SX-950,Receiver,RS2P 272J,RS2P 272J,Metal oxide 2.7k 2W
SX-950,Receiver,RS2P 272J,RS2P 272J,Metal oxide 2.7k 2W
SX-950,Receiver,T22-025,T22-025,Ferrite balun
SX-950,Receiver,T22-025,T22-025,Ferrite balun
SX-950,Receiver,W72-092,W72-092,Bar-antenna holder
SX-980,Receiver,"2SB706-Q or R, S","2SB706-Q or R, S",Transistor
SX-980,Receiver,"2SB706-Q or R, S","2SB706-Q or R, S",Transistor
SX-980,Receiver,"2SD746-Q or R, S","2SD746-Q or R, S",Transistor
SX-980,Receiver,"2SD746-Q or R, S","2SD746-Q or R, S",Transistor
SX-980,Receiver,AAA-047,AAA-047,Knob (TUNING)
SX-980,Receiver,AAB-174,AAB-174,Knob (VOLUME)
SX-980,Receiver,AAB-175,AAB-175,"Knob (TONE, TURNOVER)"
SX-980,Receiver,AAB-176,AAB-176,Knob (BALANCE)
SX-980,Receiver,AAD-138,AAD-138,Lever knob (DUPLICATE)
SX-980,Receiver,AAD-138,AAD-138,Lever knob (MUTING)
SX-980,Receiver,AAD-139,AAD-139,Lever knob assembly (POWER)
SX-980,Receiver,AAD-140,AAD-140,Push knob
SX-980,Receiver,AAF-065,AAF-065,Dial pointer assembly
SX-980,Receiver,AAW-075,AAW-075,Double meter
SX-980,Receiver,AAW-079,AAW-079,Power meter
SX-980,Receiver,ACG-001,ACG-001,Ceramic 0.01  250V
SX-980,Receiver,ACG-003,ACG-003,Ceramic 0.01  125V
SX-980,Receiver,ACH-047,ACH-047,Capacitor
SX-980,Receiver,ACH-047,ACH-047,"Electrolytic 18,000  63V"
SX-980,Receiver,ACH-047,ACH-047,"Electrolytic 18,000  63V"
SX-980,Receiver,ACK-022,ACK-022,Tuning Capacitor
SX-980,Receiver,ACV-136,ACV-136,Variable resistor (BASS)
SX-980,Receiver,ACV-136,ACV-136,Variable resistor (TREBLE)
SX-980,Receiver,ACV-162,ACV-162,Variable resistor (VOLUME)
SX-980,Receiver,ACV-190,ACV-190,Variable resistor (BALANCE)
SX-980,Receiver,ADG-005,ADG-005,Power cord
SX-980,Receiver,AEC-327,AEC-327,AC cord stopper
SX-980,Receiver,AEK-104,AEK-104,Fuse  1.5A
SX-980,Receiver,AEK-106,AEK-106,Fuse  1A
SX-980,Receiver,AEK-106,AEK-106,Fuse  1A
SX-980,Receiver,AEK-106,AEK-106,Fuse  1A
SX-980,Receiver,AEK-106,AEK-106,Fuse  1A
SX-980,Receiver,AEK-109,AEK-109,Fuse  6A
SX-980,Receiver,AEL-029,AEL-029,Wedge type pilot lamp
SX-980,Receiver,AEL-067,AEL-067,Pilot lamp with wire
SX-980,Receiver,AEL-069,AEL-069,Pilot lamp with wire
SX-980,Receiver,AKA-002,AKA-002,Antenna terminal
SX-980,Receiver,AKB-035,AKB-035,4-P pin jack
SX-980,Receiver,AKE-031,AKE-031,Terminal (GND)
SX-980,Receiver,AKM-004,AKM-004,Plug
SX-980,Receiver,AKN-010,AKN-010,Phone jack (PHONES)
SX-980,Receiver,AKN-012,AKN-012,Phonejack (MIC)
SX-980,Receiver,AKP-005,AKP-005,AC socket
SX-980,Receiver,AMM-066,AMM-066,Bonnet
SX-980,Receiver,ANB-550,ANB-550,From panel assembly
SX-980,Receiver,ANR-020,ANR-020,Acrylic board
SX-980,Receiver,ASE-105,ASE-105,"Rotary switch (BASS, TURNOVER)"
SX-980,Receiver,ASE-106,ASE-106,"Rotary switch (TREBLE, TURNOVER)"
SX-980,Receiver,ASG-126,ASG-126,Push switch (FUNCTION)
SX-980,Receiver,ASG-129,ASG-129,Push switch
SX-980,Receiver,ASG-133,ASG-133,Push switch assembly (SPEAKERS)
SX-980,Receiver,ASK 144,ASK 144,Lever switch (LOUDNESS)
SX-980,Receiver,ASK 144,ASK 144,Lever switch (MODE)
SX-980,Receiver,ASK-080,ASK-080,Lever switch (POWER)
SX-980,Receiver,ASK-144,ASK-144,Lever switch (MUTING)
SX-980,Receiver,ASK-144,ASK-144,"Lever switch (TAPE, MONITOR 1, 2)"
SX-980,Receiver,ASK-144,ASK-144,Lever switch (TONE)
SX-980,Receiver,ASK-145,ASK-145,Lever switch (DUPLICATE)
SX-980,Receiver,ATB-505,ATB-505,Bar antenna
SX-980,Receiver,ATT-449,ATT-449,Power transformer
SX-980,Receiver,AWE-094,AWE-094,Tuner assembly
SX-980,Receiver,AWG-056,AWG-056,Tone control assembly
SX-980,Receiver,AWH-073,AWH-073,Power amplifier assembly
SX-980,Receiver,AWM-124,AWM-124,Protection assembly
SX-980,Receiver,AWR-156,AWR-156,Power supply assembly
SX-980,Receiver,AWT-002,AWT-002,Filter assembly
SX-980,Receiver,AXB-012,AXB-012,Bar antenna holder
SX-980,Receiver,CKDBC 104Z 25,CKDBC 104Z 25,Ceramic 0.1  25V
SX-980,Receiver,CKDBC 104Z 25,CKDBC 104Z 25,Ceramic 0.1  25V
SX-980,Receiver,CKDBC 104Z 25,CKDBC 104Z 25,Ceramic 0.1  25V
SX-980,Receiver,CKDBC 104Z 25,CKDBC 104Z 25,Ceramic 0.1  25V
SX-980,Receiver,GWG-112,GWG-112,Flat amplifier assembly
SX-980,Receiver,GWS-125,GWS-125,Function and equalizer assembly
SX-980,Receiver,GWS-126,GWS-126,Terminal assembly
SX-980,Receiver,GWS-127,GWS-127,Input terminal assembly
SX-980,Receiver,GWS-131,GWS-131,Speaker switch assembly
SX-980,Receiver,GWS-132,GWS-132,Speaker terminal assembly
SX-980,Receiver,RD½PS225J,RD½PS225J,Carbon film 2.2M ½W
SX-980,Receiver,RS2P 911J,RS2P 911J,Metal oxide 910 2W
SX-980,Receiver,RS2P 911J,RS2P 911J,Metal oxide 910 2W
SX-980,Receiver,T22-025,T22-025,Balun
SX-980,Receiver,T24-030,T24-030,Ferry inductor
SX-990,Receiver,A12-016-0,A12-016,"Knob, Bass, Treble (R)"
SX-990,Receiver,A12-120-B,A12-120,"Knob, Speakers, Volume, Balance, Mode"
SX-990,Receiver,A12-163-0,A12-163,Knob Selector
SX-990,Receiver,A12-165-0,A12-165,Knob Tuning
SX-990,Receiver,A12-168-0,A12-168,"Knob, Bass, Treble (L)"
SX-990,Receiver,A31-090-A,A31-090,Dial Pointer
SX-990,Receiver,A33-084-A,A33-084,Dial Glass
SX-990,Receiver,A91-008-B,A91-008,Tunlng Meter (Upper)
SX-990,Receiver,A91-009-B,A91-009,Tuning Meter (Lower)
SX-990,Receiver,C52-071-0,C52-071,Electrolytic  2200 80V
SX-990,Receiver,C85-048-O,C85-048,500KΩ dual BALANCE
SX-990,Receiver,C85-054-0,C85-054,500KΩ dual VOLUME
SX-990,Receiver,C87-024-0,C87-024,"100KΩ, dual (Bass Control)"
SX-990,Receiver,C87-024-0,C87-024,"100KΩ, dual (Treble Control)"
SX-990,Receiver,E21-004-0,E21-004,Fuse 1A
SX-990,Receiver,E22-002-0,E22-002,Pilot Lamp (for Tuning Meter)
SX-990,Receiver,E22-017-0,E22-017,Pilot Lamp (for Dial Glass)
SX-990,Receiver,E22-021-0,E22-021,Pilot Lama (for Selector Position FM Stereo indicator)
SX-990,Receiver,K11-018-0,K11-018,4P Antenna Terminal
SX-990,Receiver,K21-005-C,K21-005,1P Input Ternminal
SX-990,Receiver,K22-010-A,K22-010,4P Input Terminal
SX-990,Receiver,K22-013-C,K22-013,6P Input Terminal
SX-990,Receiver,K42-003-0,K42-003,Pilot Lamp Socket
SX-990,Receiver,K72-020-0,K72-020,Jack for Microphone
SX-990,Receiver,K72-021-B,K72-021,Jack for Headphone
SX-990,Receiver,K73-003-A,K73-003,Jack for Speaker
SX-990,Receiver,K82-007-B,K82-007,Socket for AC OUTLET
SX-990,Receiver,K91-005-0,K91-005,Fuse Holder 1P
SX-990,Receiver,K93-003-B,K93-003,Connector 5P
SX-990,Receiver,M21-323-0,M21-323,Front Panel
SX-990,Receiver,M42-027-A,M42-027,Dial Pulley
SX-990,Receiver,M52-119-0,M52-119,Wooden Case
SX-990,Receiver,M61-017-0,M61-017,Foot
SX-990,Receiver,R12-048-C,R12-048,"Installation, Operation and Service Manual SX-990 (FVW)"
SX-990,Receiver,S11-018-O,S11-018,LINE VOLTAGE Selector
SX-990,Receiver,S11-022-A,S11-022,SPEAKERS Switch
SX-990,Receiver,S13-029-O,S13-029,SELECTOR Switch
SX-990,Receiver,S14-035-O,S14-035,MODE Switch
SX-990,Receiver,T24-026-O,T24-026,Heater Choke Coil
SX-990,Receiver,T24-030-O,T24-030,Choke Coil
SX-990,Receiver,T42-024-A,T42-024,AM Fernte Loopstick Antenna
SX-990,Receiver,T52-158-O,T52-158,Power Transformer
SX-990,Receiver,T61-041-B,T61-041,Matching Transformer
SX-990,Receiver,W11-028-C,W11-028,FM FRONT END
SX-990,Receiver,W12-025-A,W12-025,FM IF Unit
SX-990,Receiver,W13-024-0,W13-024,MPX Unit
SX-990,Receiver,W14-008-0,W14-008,AM TUNER Unit
SX-990,Receiver,W15-049-A,W15-049,HEAD Amp um
SX-990,Receiver,W15-060-A,W15-060,MAIN Amp Unit
SX-990,Receiver,W15-079-0,W15-079,CONTROL Amp Umt
SX-990,Receiver,W15-080-0,W15-080,CONTROL Unit
SX-990,Receiver,W15-081-A,W15-081,PUSH Switch Unit (A)
SX-990,Receiver,W15-082-0,W15-082,PUSH Switch Unit (B)
SX-990,Receiver,W16-022-0,W16-022,POWER SUPPLY Unit
SX-990,Receiver,W18-012-0,W18-012,INDICATOR Unit
SX-990,Receiver,W18-026-C,W18-026,MUTING Unit
SX-D5000,Receiver,AAB-245,AAB-245,Knob (VOLUME)
SX-D5000,Receiver,AAB-246,AAB-246,Knob (BALANCE)
SX-D5000,Receiver,AAB-246,AAB-246,Knob (BALANCE)
SX-D5000,Receiver,AAD-243,AAD-243,"Knob A (LOUDNESS, MUTING, TUNING MODE, FM 25us, AM/FM MUTE, MEMORY)"
SX-D5000,Receiver,AAD-243,AAD-243,STATION CALL
SX-D5000,Receiver,AAD-246,AAD-246,"Knob (BASS, TREBLE)"
SX-D5000,Receiver,AAD-248,AAD-248,Push knob assembly
SX-D5000,Receiver,AAD-253,AAD-253,Knob B (TUNING UP/DOWN)
SX-D5000,Receiver,AAV-007,AAV-007,FL indicator tube (Frequency)
SX-D5000,Receiver,AAV-009,AAV-009,FL indicator tube (Power)
SX-D5000,Receiver,ABH-043,ABH-043,Coiled spring
SX-D5000,Receiver,ABH-058,ABH-058,Coiled spring
SX-D5000,Receiver,ACG-001,ACG-001,Ceramic capacitor (0.01/250V) - HG
SX-D5000,Receiver,ACG-001,ACG-001,Ceramic capacitor (0.01/250V) - KU
SX-D5000,Receiver,ACG-017,ACG-017,Ceramic capacitor (0.01/125V) - KU
SX-D5000,Receiver,ACN-029,ACN-029,Carbon composition resistor
SX-D5000,Receiver,ACN-029,ACN-029,Resistor (2.2M/½W) - KU
SX-D5000,Receiver,ACW-502,ACW-502,"2-ganged variable resistor  100k, 1M (VOLUME, BALANCE)"
SX-D5000,Receiver,ACX-107,ACX-107,"Variable resistor (slide type) 10k (BASS, TREBLE)"
SX-D5000,Receiver,ADG-023,ADG-023,AC power cord - KU
SX-D5000,Receiver,ADH-004,ADH-004,T-type FM antenna
SX-D5000,Receiver,AEC-327,AEC-327,Strain relief - KU
SX-D5000,Receiver,AEC-485,AEC-485,Foot assembly
SX-D5000,Receiver,AEC-564,AEC-564,Stopper A
SX-D5000,Receiver,AEC-565,AEC-565,Stopper B
SX-D5000,Receiver,AEK-304,AEK-304,Fuse (8A)
SX-D5000,Receiver,AEL-075,AEL-075,Memory lamp  8V  50mA
SX-D5000,Receiver,AEL-126,AEL-126,Lamp with wires
SX-D5000,Receiver,AEL-141,AEL-141,Lamp with wires
SX-D5000,Receiver,AEL-145,AEL-145,Lamp with wires
SX-D5000,Receiver,AHA-255,AHA-255,Corner pad
SX-D5000,Receiver,AHC-056,AHC-056,Inside packing
SX-D5000,Receiver,AHD-817,AHD-817,Packing case - KU
SX-D5000,Receiver,AHD-826,AHD-826,Packing case - HG
SX-D5000,Receiver,AKA-013,AKA-013,Terminal (ANTENNA)
SX-D5000,Receiver,AKB-057,AKB-057,Terminal (INPUT)
SX-D5000,Receiver,AKB-061,AKB-061,"Terminal (PRE AMP OUT, POWER AMP IN)"
SX-D5000,Receiver,AKB-063,AKB-063,"Terminal (TAPE, ADAPTOR)"
SX-D5000,Receiver,AKB-076,AKB-076,Terminal 1-P (AM STEREO) - KU
SX-D5000,Receiver,AKE-038,AKE-038,Terminal (SPEAKERS)
SX-D5000,Receiver,AKM-004,AKM-004,Jumper plug
SX-D5000,Receiver,AKN-028,AKN-028,Phones jack (PHONES)
SX-D5000,Receiver,AKP-008,AKP-008,Recessed AC plug (AC INLET) - HG
SX-D5000,Receiver,AKP-016,AKP-016,Connector socket - HG
SX-D5000,Receiver,AKP-042,AKP-042,AC socket (AC OUTLETS) - KU
SX-D5000,Receiver,AKX-057,AKX-057,Line voltage selector - HG
SX-D5000,Receiver,ANB-920,ANB-920,Front panel assembly
SX-D5000,Receiver,ANB-924,ANB-924,Sub panel assembly B
SX-D5000,Receiver,ANB-925,ANB-925,Sub panel assembly C
SX-D5000,Receiver,ANB-950,ANB-950,Front panel assembly
SX-D5000,Receiver,ANE-311,ANE-311,Bonnet case
SX-D5000,Receiver,ANR-224,ANR-224,Acrylic cover
SX-D5000,Receiver,ANR-246,ANR-246,Side panel
SX-D5000,Receiver,ARB-382,ARB-382,Operating instructions (ENGLISH) SX-D5000 - KU
SX-D5000,Receiver,ARB-388,ARB-388,Operating instructions (ENGLISH) - HG
SX-D5000,Receiver,ARD-153,ARD-153,Operating instructions (GERMAN/FRENCH) - HG
SX-D5000,Receiver,ASG-151,ASG-151,Memory switch
SX-D5000,Receiver,ASG-151,ASG-151,Station call switches
SX-D5000,Receiver,ASG-151,ASG-151,Tuning switch
SX-D5000,Receiver,ASG-249,ASG-249,"3-ganged push switch (MONITOR, ADAPTOR)"
SX-D5000,Receiver,ASG-250,ASG-250,3-ganged push switch (DUPLICATE)
SX-D5000,Receiver,ASG-251,ASG-251,Push switch (LOUDNESS)
SX-D5000,Receiver,ASG-251,ASG-251,Push switch (MUTING -20dB)
SX-D5000,Receiver,ASG-252,ASG-252,"Push switch (AUTO/MANUAL, 75/25us, FM/AM MUTE)"
SX-D5000,Receiver,ASG-256,ASG-256,Function switch (AM/FM)
SX-D5000,Receiver,ASG-257,ASG-257,"Push switch (SPEAKERS, LOW, FILTER, MODE)"
SX-D5000,Receiver,ASG-257,ASG-257,Speaker switch
SX-D5000,Receiver,ASG-518,ASG-518,Push switch (POWER) - KU
SX-D5000,Receiver,ASG-519,ASG-519,Push switch (POWER) - HG
SX-D5000,Receiver,ASH-015,ASH-015,Slide switch (AM CHANNEL STEP)
SX-D5000,Receiver,ASR-067,ASR-067,Relay
SX-D5000,Receiver,ATB-619,ATB-619,Bar-antenna
SX-D5000,Receiver,ATT-678,ATT-678,Heater transformer
SX-D5000,Receiver,ATT-717,ATT-717,Power transformer (120V - KU)
SX-D5000,Receiver,ATT-719,ATT-719,Transformer
SX-D5000,Receiver,ATT-721,ATT-721,Power transformer (220/240V - HG)
SX-D5000,Receiver,ATT-727,ATT-727,Transformer (HG)
SX-D5000,Receiver,AWF-047,AWF-047,Equalizer assembly
SX-D5000,Receiver,AWV-015,AWV-015,Counter FL assembly
SX-D5000,Receiver,AWV-017,AWV-017,Power FL assembly
SX-D5000,Receiver,CKDYX104M 25,CKDYX104M 25,Ceramic capacitor (0.01 /25V)
SX-D5000,Receiver,GWE-138,GWE-138,Tuner asembly
SX-D5000,Receiver,GWG-151,GWG-151,Tone assembly
SX-D5000,Receiver,GWH-141,GWH-141,Power amplifier assembly (KU)
SX-D5000,Receiver,GWH-142,GWH-142,Power amplifier assembly (HG)
SX-D5000,Receiver,GWR-124,GWR-124,Power supply assembly (KU)
SX-D5000,Receiver,GWR-125,GWR-125,Power supply assembly (HG)
SX-D5000,Receiver,GWS-258,GWS-258,"Switch assembly D (ADP IN, ADP OUT, PLAY, REC, PLAY, REC)"
SX-D5000,Receiver,GWS-259,GWS-259,"Switch assembly A (MEMORY, TUNING UP, TUNING DOWN)"
SX-D5000,Receiver,GWS-260,GWS-260,"Switch assembly B (TUNING MAN/AUTO, FM 25us, FM/AM MUTE)"
SX-D5000,Receiver,GWS-261,GWS-261,Switch assembly C
SX-D5000,Receiver,GWS-265,GWS-265,SP switch assembly
SX-D5000,Receiver,GWX-528,GWX-528,Tone VR assembly
SX-D5000,Receiver,GWX-529,GWX-529,Headphones assembly
SX-D5000,Receiver,GWX-531,GWX-531,LED assembly
SX-D7000,Receiver,ACG-001,ACG-001,Ceramic capacitor (KU)
SX-D7000,Receiver,ACG-017,ACG-017,Ceramic capacitor (KC)
SX-D7000,Receiver,ACW-501,ACW-501,Volume/Balance 100k
SX-D7000,Receiver,ACX-107,ACX-107,"Variable 10k (BASS, TREBLE)"
SX-D7000,Receiver,ADG-029,ADG-029,AC power cord
SX-D7000,Receiver,AEL-075,AEL-075,Stereo  8V 50mA
SX-D7000,Receiver,AEL-142,AEL-142,Lamp with wires (KU)
SX-D7000,Receiver,AEL-150,AEL-150,Lamp with wires (KC)
SX-D7000,Receiver,AHD-816,AHD-816,Packing case (KU)
SX-D7000,Receiver,AHD-863,AHD-863,Packing case (KC)
SX-D7000,Receiver,ARB-381,ARB-381,Operating instructions (KU)
SX-D7000,Receiver,ARB-390,ARB-390,Operating instructions (KC)
SX-D7000,Receiver,ASG-248,ASG-248,"Function switch (PHONO1, PHONO2, AUX, AM, FM)"
SX-D7000,Receiver,ASG-249,ASG-249,Switch (TAPE MON/ADAPTOR)
SX-D7000,Receiver,ASG-250,ASG-250,Switch (TAPE DUPLICATE)
SX-D7000,Receiver,ASG-251,ASG-251,Switch (LOUDNESS)
SX-D7000,Receiver,ASG-251,ASG-251,Switch (MUTING)
SX-D7000,Receiver,ASG-252,ASG-252,FM 25us switch
SX-D7000,Receiver,ASG-252,ASG-252,FM/AM mute switch
SX-D7000,Receiver,ASG-252,ASG-252,Tuning (AUTO/MAN)
SX-D7000,Receiver,ASG-253,ASG-253,Turnover switch (BASS)
SX-D7000,Receiver,ASG-253,ASG-253,Turnover switch (TREBLE)
SX-D7000,Receiver,ASG-254,ASG-254,Switch (MODE)
SX-D7000,Receiver,ASG-254,ASG-254,Switch (SPEAKERS/TONE)
SX-D7000,Receiver,ASG-255,ASG-255,Dimmer switch
SX-D7000,Receiver,ASG-518,ASG-518,Power switch
SX-D7000,Receiver,ASH-015,ASH-015,AM channel step switch
SX-D7000,Receiver,ASR-069,ASR-069,SS Relay
SX-D7000,Receiver,ASX-145,ASX-145,Phono switch
SX-D7000,Receiver,ATT-676,ATT-676,Power transformer (KU)
SX-D7000,Receiver,ATT-678,ATT-678,Heater transformer
SX-D7000,Receiver,ATT-718,ATT-718,Power transformer (KU)
SX-D7000,Receiver,ATT-719,ATT-719,Transformer
SX-D7000,Receiver,ATT-737,ATT-737,Power transformer (KC)
SX-D7000,Receiver,ATT-738,ATT-738,Power transformer (KC)
SX-D7000,Receiver,AWF-046,AWF-046,EQUALIZER Ass'y
SX-D7000,Receiver,AWH-097,AWH-097,Power amplifier assembly (KU)
SX-D7000,Receiver,AWH-099,AWH-099,Power amplifier assembly (KC)
SX-D7000,Receiver,AWR-211,AWR-211,RECTIFIER Ass'y
SX-D7000,Receiver,AWR-216,AWR-216,POWER SUPPLY Ass'y
SX-D7000,Receiver,AWR-217,AWR-217,FUSE Ass’y
SX-D7000,Receiver,AWV-015,AWV-015,COUNTER FL Ass‘y
SX-D7000,Receiver,GWE-138,GWE-138,TUNER Ass‘y
SX-D7000,Receiver,GWG-150,GWG-150,TONE Ass'y
SX-D7000,Receiver,GWS-258,GWS-258,SWITCH Ass'y(D)
SX-D7000,Receiver,GWS-259,GWS-259,SWITCH Ass'y (A)
SX-D7000,Receiver,GWS-260,GWS-260,SWITCH Ass'y (B)
SX-D7000,Receiver,GWS-261,GWS-261,SWITCH Ass'y (C)
SX-D7000,Receiver,GWS-262,GWS-262,SWITCH Ass’y (E)
SX-D7000,Receiver,GWS-263,GWS-263,SWITCH Ass'y (F)
SX-D7000,Receiver,GWS-264,GWS-264,SP SWITCH Ass'y
SX-D7000,Receiver,GWV-102,GWV-102,POWER FL Ass'y
SX-D7000,Receiver,GWX-528,GWX-528,TONE VR Ass'y
SX-D7000,Receiver,GWX-529,GWX-529,HEADPHONES Ass'y
SX-D7000,Receiver,GWX-530,GWX-530,LED Ass'y
T-3300,Cassette Tape,A91-014,A91-014,LEVEL METER
T-3300,Cassette Tape,C81-435,C81-435,CONTROL(REC/PLAYBACK LEVEL)
T-3300,Cassette Tape,E17-434,E17-434,CASSETTE COVER ASSY
T-3300,Cassette Tape,E17-435,E17-435,REEL BASE (A) AS
T-3300,Cassette Tape,E17-436,E17-436,REEL BASE (B) ASSY
T-3300,Cassette Tape,E17-440,E17-440,BUTTON(POWER)
T-3300,Cassette Tape,E22-854,E22-854,PILOT LAMP
T-3300,Cassette Tape,N11-411,N11-411,MOTOR
T-3300,Cassette Tape,N28-419,N28-419,BELT FOR CAPSTAN
T-3300,Cassette Tape,N28-420,N28-420,IDLER BELT
T-3300,Cassette Tape,P53-001,P53-001,REC/P.B. HEAD
T-3300,Cassette Tape,P54-404,P54-404,HEAD (REC/PB)
T-3300,Cassette Tape,R12-409,R12-409,O/M T-3300
T-3300,Cassette Tape,RAA-161,RAA-161,SLIDE KNOB
T-3300,Cassette Tape,REB-093,REB-093,COUNTER BELT B
T-3300,Cassette Tape,RNK-013,RNK-013,BUTTON(EJECT/FF/REW/PAUSE)
T-3300,Cassette Tape,RNK-014,RNK-014,BUTTON(RECORD)
T-3300,Cassette Tape,RNK-015,RNK-015,BUTTON(STOP)
T-3300,Cassette Tape,RNK-018,RNK-018,BUTTON(PLAY)T3300
T-3300,Cassette Tape,RPB-023,RPB-023,HEAD (REC/P.B.)
T-3300,Cassette Tape,S21-416,S21-416,SWITCH(PAUSE)
T-3300,Cassette Tape,S31-406,S31-406,SWITCH(POWER)
T-3300,Cassette Tape,S61-417,S61-417,RELAY
T-3300,Cassette Tape,W71-436,W71-436,FLYWHEEL ASSY
T-3300,Cassette Tape,W73-414,W73-414,SWITCH(SENSING)
T-3500,Cassette Tape,C81-435,C81-435,CONTROL(REC/PLAYBACK LEVEL)
T-3500,Cassette Tape,N11-411,N11-411,MOTOR
T-3500,Cassette Tape,N28-419,N28-419,BELT FOR CAPSTAN
T-3500,Cassette Tape,N28-420,N28-420,IDLER BELT
T-3500,Cassette Tape,R42-245,R42-245,S/M T-3500
T-3500,Cassette Tape,RAA-001,RAA-001,KNOB(POWER)
T-3500,Cassette Tape,RAA-013,RAA-013,KNOB(LEVEL)
T-3500,Cassette Tape,RAW-005,RAW-005,METER
T-3500,Cassette Tape,RCW-001,RCW-001,CONTROL(REC/PLAYBACK LEVEL)
T-3500,Cassette Tape,REB-093,REB-093,COUNTER BELT B
T-3500,Cassette Tape,REL-004,REL-004,PILOT LAMP
T-3500,Cassette Tape,RPB-007,RPB-007,HEAD
T-3500,Cassette Tape,RPB-008,RPB-008,HEAD (ERASE)
T-3500,Cassette Tape,RRB-010,RRB-010,O/M T-3500
T-3500,Cassette Tape,RSF-002,RSF-002,SWITCH(SENSING/MOTOR)
T-3500,Cassette Tape,RSK-007,RSK-007,SWITCH(MUTING)
T-3500,Cassette Tape,RSX-002,RSX-002,SWITCH(REED)
T-3500,Cassette Tape,RXA-075,RXA-075,REEL BASE ASSY
T-3500,Cassette Tape,RXA-095,RXA-095,IDLE PULLEY
T-3500,Cassette Tape,RXA-151,RXA-151,SUPPLY REEL ASSY
T-3500,Cassette Tape,RXA-154,RXA-154,PINCH ROLLER ASSY
T-3500,Cassette Tape,RXA-174,RXA-174,MOTOR FAN
T-3500,Cassette Tape,RXX-020,RXX-020,BUTTON(PAUSE ASSY)
T-3500,Cassette Tape,RXX-021,RXX-021,BUTTON(STOP ASSY)
T-3500,Cassette Tape,RXX-022,RXX-022,BUTTON(FAST FORWARD ASSY)
T-3500,Cassette Tape,RXX-023,RXX-023,BUTTON(PLAY ASSY)
T-3500,Cassette Tape,RXX-024,RXX-024,BUTTON(REW ASSY)
T-3500,Cassette Tape,RXX-025,RXX-025,BUTTON(RECORD ASSY)
T-3500,Cassette Tape,RXX-026,RXX-026,BUTTON(EJECT ASSY)
T-3500,Cassette Tape,RXX-028,RXX-028,CASSETTE COVER ASSY
T-3500,Cassette Tape,S21-416,S21-416,SWITCH(PAUSE)
T-3500,Cassette Tape,S31-406,S31-406,SWITCH(POWER)
T-3500,Cassette Tape,S41-410,S41-410,SWITCH(REC/PLAY)
T-3500,Cassette Tape,S61-417,S61-417,RELAY
T-6100,Reel To Reel Tape,A12-403,A12-403,KNOB(REC LEVEL/MODE)
T-6100,Reel To Reel Tape,A12-406,A12-406,KNOB(TAPE SPEED SELECTOR)
T-6100,Reel To Reel Tape,A17-402,A17-402,KNOB(POWER)
T-6100,Reel To Reel Tape,A17-854,A17-854,KNOB(FUNCTION LEVER)
T-6100,Reel To Reel Tape,A18-606,A18-606,KNOB(PAUSE)
T-6100,Reel To Reel Tape,A66-852,A66-852,BUTTON(RESET)
T-6100,Reel To Reel Tape,A91-014,A91-014,LEVEL METER
T-6100,Reel To Reel Tape,A92-401,A92-401,COUNTER
T-6100,Reel To Reel Tape,C81-433,C81-433,CONTROL(REC LEVEL)
T-6100,Reel To Reel Tape,E17-511,E17-511,PINCH ROLLER ASSY
T-6100,Reel To Reel Tape,E22-851,E22-851,PILOT LAMP
T-6100,Reel To Reel Tape,E22-854,E22-854,PILOT LAMP
T-6100,Reel To Reel Tape,N28-853,N28-853,COUNTER BELT
T-6100,Reel To Reel Tape,P53-402,P53-402,ERASE HEAD
T-6100,Reel To Reel Tape,P54-851,P54-851,HEAD
T-6100,Reel To Reel Tape,R12-406,R12-406,O/M T-6100
T-6100,Reel To Reel Tape,R42-105,R42-105,S/M T-6600
T-6100,Reel To Reel Tape,RSB-001,RSB-001,SWITCH(SPEED SELECTOR)
T-6100,Reel To Reel Tape,S14-401,S14-401,SWITCH(SPEED SELECTOR)
T-6100,Reel To Reel Tape,S14-402,S14-402,SWITCH(MODE/REC)
T-6100,Reel To Reel Tape,S21-851,S21-851,SWITCH(SHUT-OFF/MOTOR)
T-6100,Reel To Reel Tape,S31-851,S31-851,SWITCH(POWER/SHUT-OFF)
T-6100,Reel To Reel Tape,S42-403,S42-403,SWITCH(CONTACT PT-OFF/REV CANCE
T-6100,Reel To Reel Tape,S48-856,S48-856,SWITCH(MUTING)
T-6600,Reel To Reel Tape,A12-232,A12-232,KNOB(FUNCTION-PWR/TONE...ETC.)
T-6600,Reel To Reel Tape,A12-403,A12-403,KNOB(REC LEVEL/MODE)
T-6600,Reel To Reel Tape,A12-406,A12-406,KNOB(TAPE SPEED SELECTOR)
T-6600,Reel To Reel Tape,A12-412,A12-412,KNOB(PLAYBACK LEVEL)
T-6600,Reel To Reel Tape,A17-854,A17-854,KNOB(FUNCTION LEVER)
T-6600,Reel To Reel Tape,A18-401,A18-401,KNOB(REC LEVER)
T-6600,Reel To Reel Tape,A18-606,A18-606,KNOB(PAUSE)
T-6600,Reel To Reel Tape,A66-404,A66-404,DUST COVER
T-6600,Reel To Reel Tape,A91-402,A91-402,METER
T-6600,Reel To Reel Tape,A92-401,A92-401,COUNTER
T-6600,Reel To Reel Tape,E17-511,E17-511,PINCH ROLLER ASSY
T-6600,Reel To Reel Tape,E22-851,E22-851,PILOT LAMP
T-6600,Reel To Reel Tape,E22-854,E22-854,PILOT LAMP
T-6600,Reel To Reel Tape,N11-852,N11-852,MOTOR
T-6600,Reel To Reel Tape,N28-853,N28-853,COUNTER BELT
T-6600,Reel To Reel Tape,P53-402,P53-402,ERASE HEAD
T-6600,Reel To Reel Tape,R12-407,R12-407,O/M T-6600
T-6600,Reel To Reel Tape,R42-105,R42-105,S/M T-6600
T-6600,Reel To Reel Tape,RAA-003,RAA-003,KNOB(POWER)
T-6600,Reel To Reel Tape,S15-402,S15-402,SWITCH(REC MODE)
T-6600,Reel To Reel Tape,S31-851,S31-851,SWITCH(POWER/SHUT-OFF)
T-6600,Reel To Reel Tape,S32-401,S32-401,SWITCH(PRESET)
T-6600,Reel To Reel Tape,S41-856,S41-856,SWITCH(FF/REW)
T-6600,Reel To Reel Tape,S42-403,S42-403,SWITCH(CONTACT PT-OFF/REV CANCE
T-6600,Reel To Reel Tape,S48-856,S48-856,SWITCH(MUTING)
T-8800,Reel To Reel Tape,A12-412,A12-412,KNOB(PLAYBACK LEVEL)
T-8800,Reel To Reel Tape,A12-416,A12-416,KNOB(MODE/CYCLE)
T-8800,Reel To Reel Tape,A12-417,A12-417,KNOB(MIC/LINE)
T-8800,Reel To Reel Tape,A12-418,A12-418,KNOB(BIAS SELECTOR)
T-8800,Reel To Reel Tape,A17-401,A17-401,KNOB(POWER)
T-8800,Reel To Reel Tape,A66-409,A66-409,BUTTON(RECORD)
T-8800,Reel To Reel Tape,A91-403,A91-403,METER
T-8800,Reel To Reel Tape,C81-436,C81-436,CONTROL(RECORD LEVEL)
T-8800,Reel To Reel Tape,C87-401,C87-401,CONTROL(PLAYBACK LEVEL)
T-8800,Reel To Reel Tape,E17-421,E17-421,REEL BASE ASSY (A)
T-8800,Reel To Reel Tape,E17-428,E17-428,BUTTON(STOP ASSY)
T-8800,Reel To Reel Tape,E17-430,E17-430,BUTTON(REVERSE PLAY ASSY)
T-8800,Reel To Reel Tape,E17-431,E17-431,BUTTON(FORWARD PLAY ASSY)
T-8800,Reel To Reel Tape,E17-432,E17-432,BUTTON(FAST FORWARD)
T-8800,Reel To Reel Tape,E17-449,E17-449,SWITCH(PAUSE ASSY)
T-8800,Reel To Reel Tape,E22-851,E22-851,PILOT LAMP
T-8800,Reel To Reel Tape,N11-409,N11-409,TAKE UP MOTOR
T-8800,Reel To Reel Tape,N11-410,N11-410,DRIVE MOTOR
T-8800,Reel To Reel Tape,N27-409,N27-409,PINCH ROLLER
T-8800,Reel To Reel Tape,N28-416,N28-416,TAKE UP BELT
T-8800,Reel To Reel Tape,N28-417,N28-417,BELT
T-8800,Reel To Reel Tape,N28-418,N28-418,COUNTER BELT
T-8800,Reel To Reel Tape,P52-404,P52-404,P.B.HEAD
T-8800,Reel To Reel Tape,P54-403,P54-403,COMB HEAD
T-8800,Reel To Reel Tape,R12-408,R12-408,O/M T-8800
T-8800,Reel To Reel Tape,R42-147,R42-147,S/M T-8800/F
T-8800,Reel To Reel Tape,S14-403,S14-403,SWITCH(CYCLE)
T-8800,Reel To Reel Tape,S14-404,S14-404,SWITCH(SENSING/BIAS SELECTOR)
T-8800,Reel To Reel Tape,S16-401,S16-401,SWITCH(MODE)
T-8800,Reel To Reel Tape,S21-411,S21-411,SWITCH(MOTOR/TENSION)
T-8800,Reel To Reel Tape,S41-407,S41-407,SWITCH(LINE OUT)
T-8800,Reel To Reel Tape,S41-409,S41-409,SWITCH(RECORD/PLAY)
T-8800,Reel To Reel Tape,S42-405,S42-405,SWITCH(MONITOR)
T-8800,Reel To Reel Tape,S42-406,S42-406,SWITCH(INPUT SELECTOR)
T-8800,Reel To Reel Tape,S42-407,S42-407,SWITCH(POWER)
T-8800,Reel To Reel Tape,S43-401,S43-401,SWITCH(FREQ SELECTOR)
T-8800,Reel To Reel Tape,S48-401,S48-401,SWITCH(MUTING)
T-8800,Reel To Reel Tape,S61-414,S61-414,RELAY SWITCH
T-8800,Reel To Reel Tape,S61-416,S61-416,RELAY SWITCH
TX-05,Tuner,AEL-383,AEL-383,LED(POWER)SAV1200BK
TX-05,Tuner,AEL-388,AEL-388,LED(STEREO/POWER)
TX-05,Tuner,ASG-538,ASG-538,SWITCH(POWER/FM MUTING)
TX-05,Tuner,ASG-703,ASG-703,SW(FUNCT/POWER/MUTE)
TX-05,Tuner,ASG-711,ASG-711,SW(FUNCT)POWER
TX-05,Tuner,BG5724S,BG5724S,LED CT730
TX-05,Tuner,PA4006-A,PA4006,IC
TX-05,Tuner,PR5724S,PR5724S,LED CT730
TX-1000,Tuner,A12-235,A12-235,KNOB(TUNING/AM/FM AUTO)
TX-1000,Tuner,A12-237,A12-237,KNOB(AM/FM/OUTPUT LEVEL)
TX-1000,Tuner,A12-238,A12-238,KNOB(POWER/SELECTOR)
TX-1000,Tuner,A91-016,A91-016,METER
TX-1000,Tuner,A91-017,A91-017,METER
TX-1000,Tuner,AAF-004,AAF-004,DIAL POINTER
TX-1000,Tuner,AEC-012,AEC-012,FOOT
TX-1000,Tuner,AEL-002,AEL-002,PILOT LAMP AEL-019
TX-1000,Tuner,AEL-015,AEL-015,LAMP(DIAL/POWER)
TX-1000,Tuner,ANB-058,ANB-058,FRONT PANEL
TX-1000,Tuner,ARB-009,ARB-009,O/M TX-1000
TX-1000,Tuner,ASA-008,ASA-008,SWITCH(POWER)
TX-1000,Tuner,ATB-002,ATB-002,COIL FOR MW
TX-1000,Tuner,C81-017,C81-017,CONTROL(AM OUTPUT LEVEL)
TX-1000,Tuner,C82-051,C82-051,CONTROL(FM OUTPUT LEVEL)
TX-1000,Tuner,C85-058,C85-058,CONTROL(MUTING LEVEL)
TX-1000,Tuner,M52-139,M52-139,BONNET
TX-1000,Tuner,R42-191,R42-191,S/M TX-1000
TX-1000,Tuner,S13-044,S13-044,SWITCH(FUNCTION-FM/AM/MONO/AUTO
TX-1000,Tuner,T52-209,T52-209,PWR XFMR TX-1000/K
TX-101Z,Tuner,AEL-434,AEL-434,LED TX101ZZUC
TX-101Z,Tuner,AEL-435,AEL-435,LED TX101ZZUC
TX-101Z,Tuner,ARP-476,ARP-476,S/M TX-100ZL/ZE
TX-1060/BK,Tuner,ASG-413,ASG-413,SWITCH(POWER/ON/STANDBY/SPKR)
TX-1060/BK,Tuner,ASG-711,ASG-711,SW(FUNCT)POWER
TX-1070R,Tuner,ASG-413,ASG-413,SWITCH(POWER/ON/STANDBY/SPKR)
TX-1070R,Tuner,ASG-703,ASG-703,SW(FUNCT/POWER/MUTE)
TX-1070R,Tuner,ASG-711,ASG-711,SW(FUNCT)POWER
TX-1090Z,Tuner,AEL1009,AEL1009,"LED(BAND,TUNING)TX1090Z"
TX-1090Z,Tuner,AEL1015,AEL1015,LED (MEMORY)TX1090Z
TX-1090Z,Tuner,ASG-711,ASG-711,SW(FUNCT)POWER
TX-1090Z,Tuner,ASG-712,ASG-712,SWITCH(STATION CALL/UP/DOWN)
TX-111Z,Tuner,SUJ8L2BBB4LF,SUJ8L2BBB4LF,SWITCH(FUNCTION-MW/LW/FM)
TX-130,Tuner,ASG-312,ASG-312,SWITCH(FUNCTION-AM/FM)
TX-130L,Tuner,AAA-079,AAA-079,Knob (TUNING)
TX-130L,Tuner,AAD-417,AAD-417,Knob A (POWER)
TX-130L,Tuner,AAD-480,AAD-480,Knob B (FM MUTING)
TX-130L,Tuner,AAF-117,AAF-117,Dial pointer assembly
TX-130L,Tuner,AAG-237,AAG-237,Dial scale
TX-130L,Tuner,ABA-252,ABA-252,Screw
TX-130L,Tuner,ADE-015,ADE-015,Cord
TX-130L,Tuner,ADG-062,ADG-062,AC power cord (HE type)
TX-130L,Tuner,ADG-063,ADG-063,AC power cord (HB type)
TX-130L,Tuner,ADH-004,ADH-004,T-type FM antenna
TX-130L,Tuner,AEC-784,AEC-784,Foot assembly
TX-130L,Tuner,AEK-406,AEK-406,Fuse (T630mA)
TX-130L,Tuner,AEL-165,AEL-165,Lamp assembly
TX-130L,Tuner,AHA-296,AHA-296,Front pad
TX-130L,Tuner,AHA-297,AHA-297,Rear pad
TX-130L,Tuner,AHE-042,AHE-042,Packing case
TX-130L,Tuner,AKA-018,AKA-018,Terminal 4P (ANTENNA)
TX-130L,Tuner,AKB-077,AKB-077,Terminal 2P (OUTPUT)
TX-130L,Tuner,ANE-357,ANE-357,Top cover
TX-130L,Tuner,ANM-208,ANM-208,Front panel
TX-130L,Tuner,ANR-522,ANR-522,Panel stay assembIy
TX-130L,Tuner,ARB-486,ARB-486,Operating instructions (HB - English)
TX-130L,Tuner,ARE-033,ARE-033,Operating instructions (HE - English/German/French/Italian)
TX-130L,Tuner,ARP-099-0,ARP-099,Service manual  TX-130L
TX-130L,Tuner,ASG-313,ASG-313,Push switch (FM MUTING)
TX-130L,Tuner,ASG-516,ASG-516,Push switch (POWER)
TX-130L,Tuner,ASX-153,ASX-153,Remote slide switch
TX-130L,Tuner,ASX-190,ASX-190,Remote push switch (FUNCTION)
TX-130L,Tuner,ATB-076,ATB-076,Antenna assembly
TX-130L,Tuner,ATT-881,ATT-881,Power transformer
TX-130L,Tuner,AXA-350,AXA-350,Tuning shaft assembly
TX-130L,Tuner,GWE-186,GWE-186,Tuner assembly
TX-201Z,Tuner,ASG-413,ASG-413,SWITCH(POWER/ON/STANDBY/SPKR)
TX-201Z,Tuner,ASG-711,ASG-711,SW(FUNCT)POWER
TX-201Z,Tuner,ATS-095,ATS-095,PWR XFMR TX950
TX-220Z,Tuner,ASG-711,ASG-711,SW(FUNCT)POWER
TX-221Z,Tuner,ASG-711,ASG-711,SW(FUNCT)POWER
TX-3000,Tuner,AAD-146,AAD-146,BUTTON(AM/FM/MUTING/MONO)
TX-3000,Tuner,AAD-147,AAD-147,BUTTON(POWER)
TX-3000,Tuner,ASG-206,ASG-206,SWITCH(AM/FM/MUTING/MONO)
TX-3000,Tuner,ASG-504,ASG-504,SWITCH(POWER)
TX-408,Tuner,ASG-160,ASG-160,SWITCH(FUNCTION-AM/FM/MUTING)
TX-408,Tuner,ASG-513,ASG-513,SWITCH(POWER)
TX-410,Tuner,AAW-122,AAW-122,TUNING METER
TX-410,Tuner,AEC-609,AEC-609,FOOT ASSY
TX-410,Tuner,ANB-843,ANB-843,SUB PANEL
TX-410,Tuner,ANE-291,ANE-291,BONNET CASE
TX-410,Tuner,ARB-349,ARB-349,O/M TX-410
TX-410,Tuner,ART-482,ART-482,S/M(TX410)
TX-410,Tuner,ASG-160,ASG-160,SWITCH(FUNCTION-AM/FM/MUTING)
TX-410,Tuner,ASG-513,ASG-513,SWITCH(POWER)
TX-500,Tuner,A12-144,A12-144,KNOB(PWR/FUNCT/BAL/SELECT/SPKR)
TX-500,Tuner,A12-146,A12-146,KNOB(TUNING)
TX-500,Tuner,AEL-015,AEL-015,LAMP(DIAL/POWER)
TX-500,Tuner,M42-018,M42-018,DIAL DRUM
TX-500,Tuner,R12-026,R12-026,O/M(TA500)
TX-500,Tuner,S11-014,S11-014,SWITCH(MPX FILTER/NOISE SLO)
TX-500,Tuner,S11-016,S11-016,SWITCH(POWER)
TX-500,Tuner,S13-027,S13-027,SWITCH(FUNCTION/SELECTOR)
TX-500,Tuner,T42-022,T42-022,BAR ANTENNA
TX-500,Tuner,T52-152,T52-152,PWR XFMR TX-500/F
TX-500A,Tuner,A12-229,A12-229,KNOB(PWR/SEL/VOL/MODE)
TX-500A,Tuner,A19-095,A19-095,BUTTON(FUNCTION-MODE/TAPE...ETC
TX-500A,Tuner,AAA-003,AAA-003,KNOB(TUNING)
TX-500A,Tuner,ANE-004,ANE-004,BONNET
TX-500A,Tuner,ARB-036,ARB-036,O/M TX-500A
TX-500A,Tuner,ASA-008,ASA-008,SWITCH(POWER)
TX-500A,Tuner,ASK-009,ASK-009,SWITCH(MUTING/TAPE 1-2)
TX-500A,Tuner,ATB-009,ATB-009,BAR ANTENNA
TX-500A,Tuner,ATT-034,ATT-034,PWR XFMR
TX-500A,Tuner,R42-222,R42-222,S/M(TX500A)
TX-500A,Tuner,S13-027,S13-027,SWITCH(FUNCTION/SELECTOR)
TX-500A,Tuner,W72-002,W72-002,ANTENNA ASSY
TX-520,Tuner,AEL-334,AEL-334,LED(STEREO INDICATOR)
TX-520,Tuner,ANE-291,ANE-291,BONNET CASE
TX-520,Tuner,ART-653,ART-653,S/M(TX520)
TX-520,Tuner,ASG-261,ASG-261,SWITCH(FUNCTION-FM/MUTING)
TX-520,Tuner,ASG-516,ASG-516,SWITCH(POWER)
TX-520,Tuner,ATB-623,ATB-623,BAR ANTENNA
TX-530,Tuner,ACK-027,ACK-027,VARIABLE CAPACITOR
TX-530,Tuner,ANM-207,ANM-207,FRONT PANEL TX530
TX-530,Tuner,ASG-178,ASG-178,SWITCH(FUNCT-FM/MW/LW/AM/FM/AUT
TX-530,Tuner,ASG-313,ASG-313,SWITCH(FM MUTING/MODE)
TX-5300,Tuner,AAA-027-A,AAA-027,Knob (TUNING)
TX-5300,Tuner,AAD-085-0,AAD-085,"Knob (FUNCTION, POWER)"
TX-5300,Tuner,AAF-032-0,AAF-032,Dial pointer
TX-5300,Tuner,AAG-090-0,AAG-090,Dial scale
TX-5300,Tuner,AAW-035-A,AAW-035,AM/FM mater
TX-5300,Tuner,ABA-021-A,ABA-021,"Screw, front panel"
TX-5300,Tuner,ABA-079-A,ABA-079,"Screw, bonnet, M4x8"
TX-5300,Tuner,ADG-004-0,ADG-004,AC power cord
TX-5300,Tuner,AEB-065-0,AEB-065,Rubber tube
TX-5300,Tuner,AEB-066-A,AEB-066,Dial scale plate holder
TX-5300,Tuner,AEC-005-0,AEC-005,Wire clip (Bl
TX-5300,Tuner,AEC-017-0,AEC-017,Pulley (small)
TX-5300,Tuner,AEC-079-0,AEC-079,Cord grommet
TX-5300,Tuner,AEC-083-A,AEC-083,Foot
TX-5300,Tuner,AEC-101-0,AEC-101,Pulley (large)
TX-5300,Tuner,AEC-154-B,AEC-154,Amena clamper
TX-5300,Tuner,AEC-163-B,AEC-163,Panel stay
TX-5300,Tuner,AEC-166-0,AEC-166,Spacer attached 9
TX-5300,Tuner,AEC-168-0,AEC-168,Spacer attached 9
TX-5300,Tuner,AEC-170-B,AEC-170,Insulator (L)
TX-5300,Tuner,AEC-173-B,AEC-173,Insulator (R)
TX-5300,Tuner,AEC-199-0,AEC-199,Lock plate
TX-5300,Tuner,AEK-016-0,AEK-016,Fuse 0.5A
TX-5300,Tuner,AEK-016-0,AEK-016,Fuse 0.5A (primary)
TX-5300,Tuner,AEK-016-0,AEK-016,Fuse 0.5A (secondary)
TX-5300,Tuner,AEK-106-0,AEK-106,Fuse 1A (lamps)
TX-5300,Tuner,AEL-015,AEL-015,LAMP(DIAL/POWER)
TX-5300,Tuner,AEL-017-A,AEL-017,"Lamp 6V, 30mA (PL1, stereo ind.)"
TX-5300,Tuner,AEL-026-0,AEL-026,Lamp 8V 50mA (AM/FM meter) with leads
TX-5300,Tuner,AEL-026-0,AEL-026,"Lamp 8V, 50mA (PL2, meter) with leads"
TX-5300,Tuner,AHD-246-0,AHD-246,Packing case
TX-5300,Tuner,AKB-013-0,AKB-013,Phone jack (2-jacks)
TX-5300,Tuner,AKC-030-0,AKC-030,Terminal strip 2P
TX-5300,Tuner,AKK-002-0,AKK-002,Lamp holder
TX-5300,Tuner,AKR-027-0,AKR-027,Fuse holder (line voltage selector)
TX-5300,Tuner,ALA-017-0,ALA-017,Pulley shaft
TX-5300,Tuner,ANB-317-0,ANB-317,"Front panel Including 35, 36"
TX-5300,Tuner,ANC-156-0,ANC-156,Rear panel
TX-5300,Tuner,AND-078-0,AND-078,Dial pointer guide plate
TX-5300,Tuner,ANE-061-0,ANE-061,Bottom plate
TX-5300,Tuner,ANE-082-0,ANE-082,Bonnet
TX-5300,Tuner,ANF-270-C,ANF-270,Side frame
TX-5300,Tuner,ANF-271-A,ANF-271,From frame
TX-5300,Tuner,ANF-272-A,ANF-272,Center frame
TX-5300,Tuner,ANF-273-0,ANF-273,Rubber clamper
TX-5300,Tuner,ANG-109-0,ANG-109,Pulley-held metal
TX-5300,Tuner,ANG-110-0,ANG-110,Pulley-held metal
TX-5300,Tuner,ARB-130,ARB-130,O/M TX-5300
TX-5300,Tuner,ARD-073-A,ARD-073,Operating instructions TX-5300 (German/French)
TX-5300,Tuner,ARE-130-0,ARE-130,Operating instructions TX-5300 (English)
TX-5300,Tuner,ART-105,ART-105,Service manual TX-5300
TX-5300,Tuner,ASH-013-0,ASH-013,Slide switch (DE-EMPHASI5)
TX-5300,Tuner,ASK-024-0,ASK-024,"Lever switch (S1, POWER)"
TX-5300,Tuner,ASK-082,ASK-082,Lever switch (FUNCTION)
TX-5300,Tuner,ATB-038-0,ATB-038,Ferrite bar antenna (T2)
TX-5300,Tuner,ATB-038-0,ATB-038,"T2, Ferrite bar antenna"
TX-5300,Tuner,ATT-218-0,ATT-218,Power transformer (T1)
TX-5300,Tuner,AWE-048-0,AWE-048,Tuner assembly
TX-5300,Tuner,AWR-079-0,AWR-079,Power supply circuit assembly
TX-5300,Tuner,AXA-061-C,AXA-061,Tuning drum assembly
TX-5300,Tuner,AXA-066-0,AXA-066,Tuning shaft assembly
TX-5300,Tuner,AXB-001-0,AXB-001,Antenna holder assembly
TX-5300,Tuner,B21-011-0,B21-011,Claw washer
TX-5300,Tuner,B22-012 -0,B22-012 ,Flat washer
TX-5300,Tuner,B71-004-0,B71-004,Nut (9ɸ)
TX-5300,Tuner,E22-032-0,E22-032,"Lamp 8V, 300mA, dial scale (PL3-4) bar type"
TX-5300,Tuner,K13-048-0,K13-048,Ground terminal srrip (2?)
TX-5300,Tuner,K31-013-F,K31-013,Antenna terminal board
TX-5300,Tuner,M45-086-0,M45-086,Washer (t=1 mm)
TX-5300,Tuner,M49-025-E,M49-025,Pulley shaft
TX-530L,Tuner,AAA-079,AAA-079,Knob (TUNING)
TX-530L,Tuner,AAD-417,AAD-417,Push knob A (POWER)
TX-530L,Tuner,AAD-480,AAD-480,Push knob B (FM MUTING)
TX-530L,Tuner,ADE-015,ADE-015,Cord
TX-530L,Tuner,ADG-062,ADG-062,AC power cord
TX-530L,Tuner,ADH-004,ADH-004,T-type FM antenna
TX-530L,Tuner,AEK-402,AEK-402,Fuse
TX-530L,Tuner,AEL-075,AEL-075,Lamp with wires
TX-530L,Tuner,AEL-165,AEL-165,Lamp assembly
TX-530L,Tuner,AHA-296,AHA-296,Front pad
TX-530L,Tuner,AHA-297,AHA-297,Rear pad
TX-530L,Tuner,AHE-013,AHE-013,Packing case
TX-530L,Tuner,AKA-018,AKA-018,Terminal 4-P (ANTENNA)
TX-530L,Tuner,AKB-077,AKB-077,Pin jack
TX-530L,Tuner,ANE-357,ANE-357,Top cover
TX-530L,Tuner,ANM-128,ANM-128,Front panel
TX-530L,Tuner,ARB-485,ARB-485,Operating instructions (HB)(English)
TX-530L,Tuner,ARE-023,ARE-023,Operating instructions (HE)(English/German/French/Italian)
TX-530L,Tuner,ARP-086-0,ARP-086,Service manual  TX-530L
TX-530L,Tuner,ASG-251,ASG-251,Push switch (FM MUTING)
TX-530L,Tuner,ASG-251,ASG-251,Push switch (FM MUTING)
TX-530L,Tuner,ASG-516,ASG-516,Push switch (POWER)
TX-530L,Tuner,ASX-153,ASX-153,Switch
TX-530L,Tuner,ASX-182,ASX-182,Switch (FUNCTlON)
TX-530L,Tuner,ATB-076,ATB-076,ANT assembly
TX-530L,Tuner,ATT-881,ATT-881,Power transformer
TX-530L,Tuner,AXA-350,AXA-350,Tuning shaft assembly
TX-530L,Tuner,GWE-181,GWE-181,Tuner assembly
TX-540,Tuner,AEL-382,AEL-382,"LED MEMO/AUTO TUNE/STEREO/PWR """
TX-540,Tuner,AEL-383,AEL-383,LED(POWER)SAV1200BK
TX-540,Tuner,ARP-353,ARP-353,"S/M TX-940,540"
TX-540,Tuner,ASG-413,ASG-413,SWITCH(POWER/ON/STANDBY/SPKR)
TX-540,Tuner,ASG-415,ASG-415,SWITCH(FUNCTION-AM/FM/MUTING)
TX-550,Tuner,AEL-382,AEL-382,"LED MEMO/AUTO TUNE/STEREO/PWR """
TX-550,Tuner,AEL-383,AEL-383,LED(POWER)SAV1200BK
TX-550,Tuner,ASG-413,ASG-413,SWITCH(POWER/ON/STANDBY/SPKR)
TX-550,Tuner,ASG-415,ASG-415,SWITCH(FUNCTION-AM/FM/MUTING)
TX-5500II,Tuner,ADE-005,ADE-005,CORD
TX-5500II,Tuner,ANB-482,ANB-482,FRONT PANEL
TX-5500II,Tuner,ANE-132,ANE-132,BONNET
TX-5500II,Tuner,ARB-209,ARB-209,O/M TX-5500/2
TX-5500II,Tuner,ART-211,ART-211,S/M(TX5500-11)
TX-5500II,Tuner,ASK-082,ASK-082,SWITCH
TX-5500II,Tuner,ASK-108,ASK-108,SWITCH(POWER)
TX-5500II,Tuner,ATB-602,ATB-602,BAR ANTENNA
TX-5500II,Tuner,ATT-350,ATT-350,PWR XFMR TX-5500/2
TX-555Z,Tuner,ACH-389,ACH-389,CAPACITOR(3300/10V)TX555Z
TX-555Z,Tuner,AEL-382,AEL-382,"LED MEMO/AUTO TUNE/STEREO/PWR """
TX-555Z,Tuner,AEL-424,AEL-424,LED SX40
TX-555Z,Tuner,ASG-711,ASG-711,SW(FUNCT)POWER
TX-560/BK,Tuner,AEL-382,AEL-382,"LED MEMO/AUTO TUNE/STEREO/PWR """
TX-560/BK,Tuner,AEL-424,AEL-424,LED SX40
TX-560/BK,Tuner,ARP-822,ARP-822,S/M TX-560L(BK)
TX-560/BK,Tuner,ASG-413,ASG-413,SWITCH(POWER/ON/STANDBY/SPKR)
TX-600,Tuner,A12-232,A12-232,KNOB(FUNCTION-PWR/TONE...ETC.)
TX-600,Tuner,A12-235,A12-235,KNOB(TUNING/AM/FM AUTO)
TX-600,Tuner,A19-095,A19-095,BUTTON(FUNCTION-MODE/TAPE...ETC
TX-600,Tuner,ANB-068,ANB-068,FRONT PANEL
TX-600,Tuner,ARB-021,ARB-021,O/M TX-600
TX-600,Tuner,ASA-008,ASA-008,SWITCH(POWER)
TX-600,Tuner,ASK-006,ASK-006,SWITCH(FM MUTING)
TX-600,Tuner,ATT-021,ATT-021,PWR XFMR TX-600/K
TX-600,Tuner,M52-139,M52-139,BONNET
TX-600,Tuner,R42-158,R42-158,S/M(TX600)
TX-600,Tuner,S13-026,S13-026,SWITCH(FUNCTION-AM/FM/AUTO)
TX-600,Tuner,T42-022,T42-022,BAR ANTENNA
TX-606,Tuner,ADG-005,ADG-005,CORD
TX-606,Tuner,AEL-099,AEL-099,PILOT LAMP(DIAL POINTER)
TX-606,Tuner,AKA-003,AKA-003,TERMINAL
TX-606,Tuner,ANB-577,ANB-577,FRONT PANEL
TX-606,Tuner,ARB-254,ARB-254,O/M TX-6700
TX-606,Tuner,ART-281,ART-281,S/M(TX6700)
TX-606,Tuner,ASK-108,ASK-108,SWITCH(POWER)
TX-606,Tuner,ASK-129,ASK-129,SWITCH
TX-606,Tuner,ATT-480,ATT-480,PWR XFMR TX-6700
TX-610,Tuner,AEC-609,AEC-609,FOOT ASSY
TX-610,Tuner,ANE-291,ANE-291,BONNET CASE
TX-610,Tuner,ART-481,ART-481,S/M(TX610)
TX-610,Tuner,ASK-172,ASK-172,SWITCH(FUNCTION-TAPE 2....ETC.)
TX-610,Tuner,ASK-173,ASK-173,SWITCH(RECORD LEVEL)
TX-610,Tuner,ASK-178,ASK-178,SWITCH(AM/FM)
TX-610,Tuner,ASK-179,ASK-179,SWITCH(POWER)
TX-610,Tuner,ATB-623,ATB-623,BAR ANTENNA
TX-610,Tuner,GWX-456,GWX-456,LED ASSY
TX-6200,Tuner,AAA-018-A,AAA-018,Knob (TUNING)
TX-6200,Tuner,AAB-051,AAB-051,KNOB(FUNCTION-AM/FM/BASS/TREBLE
TX-6200,Tuner,AAD-045-0,AAD-045,Knob (POWER)
TX-6200,Tuner,AAD-046,AAD-046,BUTTON(FUNCTION-SPKR/MODE...ETC)
TX-6200,Tuner,AAF-028-0,AAF-028,Dial pointer
TX-6200,Tuner,AAG-047-0,AAG-047,Dial scale
TX-6200,Tuner,AAL-141-0,AAL-141,Model name plate KU model
TX-6200,Tuner,AAL-142-0,AAL-142,Model name plate F and FVZ model
TX-6200,Tuner,AAW-018-0,AAW-018,AM/FM meter
TX-6200,Tuner,ACV-011-0,ACV-011,AM LEVEL 10k-A2
TX-6200,Tuner,ACV-119-0,ACV-119,FM LEVEL 10k-A2
TX-6200,Tuner,ADE-005,ADE-005,CORD
TX-6200,Tuner,ADE-005-0,ADE-005,Connection cord
TX-6200,Tuner,ADG-003-0,ADG-003,AC power cord KU model
TX-6200,Tuner,ADG-004-0,ADG-004,AC power cord F and FVZ model
TX-6200,Tuner,AEB-031-0,AEB-031,Cushion
TX-6200,Tuner,AEC-006-0,AEC-006,Pulley
TX-6200,Tuner,AEC-006-0,AEC-006,Pulley
TX-6200,Tuner,AEC-017-0,AEC-017,Pulley
TX-6200,Tuner,AEC-017-0,AEC-017,Pulley
TX-6200,Tuner,AEC-037-0,AEC-037,Wire clip S
TX-6200,Tuner,AEC-037-0,AEC-037,Wire clip S
TX-6200,Tuner,AEC-037-0,AEC-037,Wire clip S
TX-6200,Tuner,AEC-037-0,AEC-037,Wire clip S
TX-6200,Tuner,AEC-037-0,AEC-037,Wire clip S
TX-6200,Tuner,AEC-037-0,AEC-037,Wire clip S
TX-6200,Tuner,AEC-061-A,AEC-061,Foot
TX-6200,Tuner,AEC-061-A,AEC-061,Foot
TX-6200,Tuner,AEC-061-A,AEC-061,Foot
TX-6200,Tuner,AEC-079-0,AEC-079,AC cord stopper
TX-6200,Tuner,AEC-084-0,AEC-084,Wire support arm
TX-6200,Tuner,AEC-095-A,AEC-095,Spacer (A)
TX-6200,Tuner,AEC-096-0,AEC-096,Spacer (B)
TX-6200,Tuner,AEE-007-A,AEE-007,Shading plate
TX-6200,Tuner,AEK-016-0,AEK-016,Fuse (Primary) F and FVZ model 0.5A
TX-6200,Tuner,AEL-004-0,AEL-004,Pilot lamp (for dial scale)
TX-6200,Tuner,AEL-006-0,AEL-006,Pilot lamp
TX-6200,Tuner,AHD-154-0,AHD-154,Packing case (KU)
TX-6200,Tuner,AHD-165-0,AHD-165,Packing case (F)
TX-6200,Tuner,AKB-014-0,AKB-014,Four-fold phono jack A (RCA type)
TX-6200,Tuner,AKB-014-0,AKB-014,Four-fold phono jack A (RCA type)
TX-6200,Tuner,AKD-166-0,AKD-166,Packing case (FVZ)
TX-6200,Tuner,AKP-002-0,AKP-002,Spare AC outlet
TX-6200,Tuner,AKP-002-0,AKP-002,Spare AC outlet
TX-6200,Tuner,AKR-001-0,AKR-001,"Fuse holder (F,FVZ)"
TX-6200,Tuner,AKR-001-0,AKR-001,Line voltage selector (Fuse holder) F and FVZ model
TX-6200,Tuner,AKR-005-0,AKR-005,Fuse holder KU model
TX-6200,Tuner,AMS-003-A,AMS-003,Side board (L)
TX-6200,Tuner,AMS-004-A,AMS-004,Side board (R)
TX-6200,Tuner,ANB-192-0,ANB-192,Front panel assembly
TX-6200,Tuner,ANE-023-0,ANE-023,Top cover
TX-6200,Tuner,ANG-019-0,ANG-019,Wire supporter
TX-6200,Tuner,ANG-081-0,ANG-081,Dial scale holder (Bottom)
TX-6200,Tuner,ANG-082-0,ANG-082,Dial scale holder (L)
TX-6200,Tuner,ANG-082-0,ANG-082,Dial scale holder (R)
TX-6200,Tuner,ANG-083-0,ANG-083,Pulley supporter
TX-6200,Tuner,ANH-144-A,ANH-144,Lamp box
TX-6200,Tuner,ARB-077,ARB-077,Operation instruction TX-6200
TX-6200,Tuner,ASC-047-A,ASC-047,Rotary switch (FUNCTION-AM/FM)
TX-6200,Tuner,ASG-023-0,ASG-023,Push switch (POWER) KU model
TX-6200,Tuner,ASG-040-0,ASG-040,Push switch (FM MUTING)
TX-6200,Tuner,ASG-042-A,ASG-042,Push switch (POWER) F and FVZ model
TX-6200,Tuner,ASG-047,ASG-047,SWITCH(MONO/AUTO/NOISE FILTER)
TX-6200,Tuner,ASG-536,ASG-536,SWITCH(POWER)
TX-6200,Tuner,ATB-015-A,ATB-015,AM ferrite loopstick antenna
TX-6200,Tuner,ATT-120-0,ATT-120,Power transformer KU model
TX-6200,Tuner,ATT-121-0,ATT-121,Power transformer F and FVZ model
TX-6200,Tuner,AWE-025-0,AWE-025,Tuner assembly
TX-6200,Tuner,AWK-023-C,AWK-023,AF amplifier assembly
TX-6200,Tuner,AWX-046-A,AWX-046,Lamp board assembly
TX-6200,Tuner,AXA-015-A,AXA-015,Dial pulley assembly
TX-6200,Tuner,AXA-025-0,AXA-025,Dial shaft assembly
TX-6200,Tuner,AXA-025-0,AXA-025,Tuning shaft assembly
TX-6200,Tuner,AXB-001-0,AXB-001,AM antenna holder assembly
TX-6200,Tuner,D52-013-0,D52-013,FM T-type antenna
TX-6200,Tuner,E21-033-A,E21-033,Fuse (Primary) KU model 1A (UL)
TX-6200,Tuner,E32-079-0,E32-079,AC cord stopper
TX-6200,Tuner,K11-043-0,K11-043,Antenna input terminal board
TX-6200,Tuner,K11-043-D,K11-043,Antenna input terminal board
TX-6200,Tuner,K13-047-0,K13-047,4P ground terminal
TX-6200,Tuner,K13-047-0,K13-047,4P ground terminal
TX-6200,Tuner,M49-025-E,M49-025,Pulley shaft
TX-6200,Tuner,M49-127-A,M49-127,Setting plate
TX-6200,Tuner,R42-335-0,R42-335,"Service manual TX-6200 (F,KU,FVZ)"
TX-6200,Tuner,S41-022-A,S41-022,Slide switch (De-emphasis) F model only
TX-6200,Tuner,T22-025-A,T22-025,Balun
TX-6200,Tuner,T24-028-A,T24-028,RF choke coil
TX-6500,Tuner,AAD-115,AAD-115,BUTTON
TX-6500,Tuner,AAF-046,AAF-046,DIAL POINTER ASSY
TX-6500,Tuner,AEL-070,AEL-070,PILOT LAMP
TX-6500,Tuner,ANB-387,ANB-387,FRONT PANEL
TX-6500,Tuner,ANE-108,ANE-108,BONNET
TX-6500,Tuner,ARB-160,ARB-160,O/M TX-6500/2
TX-6500,Tuner,ART-152,ART-152,S/M(TX6500)
TX-6500,Tuner,ASK-065,ASK-065,SWITCH(POWER)
TX-6500,Tuner,ASK-104,ASK-104,SWITCH(FUNCT-AM/FM/MONO/MUTE/AU
TX-6500,Tuner,ATT-286,ATT-286,PWR XFMR TX-6500
TX-6500II,Tuner,AAA-035,AAA-035,Knob (TUNING)
TX-6500II,Tuner,AAD-115,AAD-115,BUTTON
TX-6500II,Tuner,AAD-115,AAD-115,Knob (FUNCTION)
TX-6500II,Tuner,AAD-115,AAD-115,Knob (POWER)
TX-6500II,Tuner,AAF-046,AAF-046,Dial pointer
TX-6500II,Tuner,AAG-107,AAG-107,Dial panel assembly
TX-6500II,Tuner,AAW-053,AAW-053,AM-FM meter
TX-6500II,Tuner,ACG-001,ACG-001,Ceramic 0.01 250V (S)
TX-6500II,Tuner,ACG-001,ACG-001,Ceramic 0.01 250V (S)
TX-6500II,Tuner,ADE-005,ADE-005,Connection cord
TX-6500II,Tuner,ADG-005,ADG-005,"AC power cord (KU,KC)"
TX-6500II,Tuner,ADG-016,ADG-016,AC power cord (S)
TX-6500II,Tuner,ADH-002,ADH-002,FM T-type antenna
TX-6500II,Tuner,AEC-262,AEC-262,Antenna clamper
TX-6500II,Tuner,AEK-104,AEK-104,"Fuse 1.5A (Secondary - KC,KU)"
TX-6500II,Tuner,AEK-107,AEK-107,Accessory fuse 500mA (S)
TX-6500II,Tuner,AEK-107,AEK-107,"Fuse 500mA (Primary - KC,KU)"
TX-6500II,Tuner,AEK-107,AEK-107,Fuse 500mA (Primary - S)
TX-6500II,Tuner,AEK-107,AEK-107,"Fuse 500mA (Secondary - KC,KU)"
TX-6500II,Tuner,AEK-107,AEK-107,"Fuse 500mA (Secondary - KC,KU)"
TX-6500II,Tuner,AEK-401,AEK-401,Fuse 500mA (Primary - HG)
TX-6500II,Tuner,AEK-401,AEK-401,Fuse 500mA (Secondary - HG)
TX-6500II,Tuner,AEK-401,AEK-401,Fuse 500mA (Secondary - HG)
TX-6500II,Tuner,AEK-405,AEK-405,Fuse 1.6A (Secondary - HG)
TX-6500II,Tuner,AEL-059,AEL-059,"Lamp with wire 6V, 30mA"
TX-6500II,Tuner,AEL-059,AEL-059,"Lamp with wire 8V, 30mA"
TX-6500II,Tuner,AEL-060,AEL-060,"Lamp assembly 8V, 300mA - KU"
TX-6500II,Tuner,AEL-060,AEL-060,"Lamp assembly 8V, 300mA - KU"
TX-6500II,Tuner,AEL-060,AEL-060,"Lamp assembly 8V, 300mA - KU"
TX-6500II,Tuner,AEL-085,AEL-085,"Lamp assembly 8V, 300mA - KC"
TX-6500II,Tuner,AEL-085,AEL-085,"Lamp assembly 8V, 300mA - KC"
TX-6500II,Tuner,AEL-085,AEL-085,"Lamp assembly 8V, 300mA - KC"
TX-6500II,Tuner,AHA-104,AHA-104,Side pad
TX-6500II,Tuner,AHD-442,AHD-442,Packing case (English - KU)
TX-6500II,Tuner,AHD-442,AHD-442,Packing case (English - S)
TX-6500II,Tuner,AHD-443,AHD-443,Packing case (English/French - KC)
TX-6500II,Tuner,AHD-444,AHD-444,Packing case (HG)
TX-6500II,Tuner,AHG-023,AHG-023,"Vinyl pouch (KU,KC)"
TX-6500II,Tuner,AHG-023,AHG-023,Vinyl pouch (S)
TX-6500II,Tuner,AHG-054,AHG-054,Sheet cover
TX-6500II,Tuner,AKA-003,AKA-003,"Antenna terminal (KU,KC)"
TX-6500II,Tuner,AKA-003,AKA-003,Antenna terminal (S)
TX-6500II,Tuner,AKA-007,AKA-007,Antenna terminal (HG)
TX-6500II,Tuner,AKB-034,AKB-034,Terminal (OUTPUT)
TX-6500II,Tuner,AKP-008,AKP-008,AC inlet (HG)
TX-6500II,Tuner,AKR-031,AKR-031,Plug in selector 4-position (Line voltage selector - S)
TX-6500II,Tuner,AKX-037,AKX-037,Plug in selector 2-position (Line voltage selector - HG)
TX-6500II,Tuner,ANB-486,ANB-486,Front panel assembly
TX-6500II,Tuner,ANE-108,ANE-108,BONNET
TX-6500II,Tuner,ANK-018,ANK-018,Hexagonal wrench
TX-6500II,Tuner,ARB-206,ARB-206,"Operating instructions (English -  KU,KC)  TX-6500II"
TX-6500II,Tuner,ARB-214,ARB-214,Operating instructions (English -  HG)  TX-6500II
TX-6500II,Tuner,ARB-225,ARB-225,Operating instructions (English -  S)  TX-6500II
TX-6500II,Tuner,ARD-105,ARD-105,Operating instructions (Germany/French -  HG)  TX-6500II
TX-6500II,Tuner,ART-201-0,ART-201,Service manual  TX-6500II
TX-6500II,Tuner,ASH-016,ASH-016,"Slide switch (DE-EM. - KU,KC)"
TX-6500II,Tuner,ASH-016,ASH-016,Slide switch (DE-EMPHASIS)
TX-6500II,Tuner,ASH-017,ASH-017,Slide switch (DE-EM. - S)
TX-6500II,Tuner,ASK-065,ASK-065,"Lever switch (POWER - KU,KC)"
TX-6500II,Tuner,ASK-095,ASK-095,Lever switch (POWER - S)
TX-6500II,Tuner,ASK-096,ASK-096,Lever switch (POWER - HG)
TX-6500II,Tuner,ASK-104,ASK-104,Lever switch (FUNCTION)
TX-6500II,Tuner,ATB-505,ATB-505,Bar antenna
TX-6500II,Tuner,ATT-286,ATT-286,Power transformer (KC)
TX-6500II,Tuner,ATT-298,ATT-298,Power transformer (KU)
TX-6500II,Tuner,ATT-353,ATT-353,Power transformer (HG)
TX-6500II,Tuner,ATT-354,ATT-354,Power transformer (S)
TX-6500II,Tuner,AWE-062,AWE-062,"Tuner assembly (KU,KC)"
TX-6500II,Tuner,AWE-087,AWE-087,Tuner assembly (HG)
TX-6500II,Tuner,AWE-088,AWE-088,Tuner assembly (S)
TX-6500II,Tuner,AWR-097,AWR-097,Power supply assembly (KU)
TX-6500II,Tuner,AWR-124,AWR-124,Power supply assembly (HG)
TX-6500II,Tuner,AWR-134,AWR-134,Power supply assembly (S)
TX-6500II,Tuner,AWR-137,AWR-137,Power supply assembly (KC)
TX-6500II,Tuner,AWX-114,AWX-114,Switch assembly (S)
TX-6500II,Tuner,AXA-105,AXA-105,Dial shaft assembly
TX-6500II,Tuner,AXA-106,AXA-106,Tuning drum assembly
TX-6500II,Tuner,AXB-011,AXB-011,Antenna hoIder
TX-6500II,Tuner,CKDYF 403Z 50,CKDYF 403Z 50,Ceramic 0.04 50V (HG)
TX-6500II,Tuner,CKDYF 403Z 50,CKDYF 403Z 50,"Ceramic 0.04 50V (KU,KC)"
TX-6500II,Tuner,CKDYF 403Z 50,CKDYF 403Z 50,Ceramic 0.04 50V (S)
TX-6500II,Tuner,E11-024,E11-024,Vinyl bag
TX-6500II,Tuner,E11-033,E11-033,Vinyl pouch (S)
TX-6700,Tuner,AEL-099,AEL-099,PILOT LAMP(DIAL POINTER)
TX-6700,Tuner,AEL-307,AEL-307,"LED(FUNCTIONS,POWER)"
TX-6700,Tuner,AEL-308,AEL-308,"LED(SOURCE/AUX/STEREO ""GREEN"")"
TX-6700,Tuner,AMS-020,AMS-020,SIDE BOARD (L)
TX-6700,Tuner,AMS-021,AMS-021,SIDE BOARD (R)
TX-6700,Tuner,AMS-022,AMS-022,TOP BOARD
TX-6700,Tuner,ANB-577,ANB-577,FRONT PANEL
TX-6700,Tuner,ARB-254,ARB-254,O/M TX-6700
TX-6700,Tuner,ART-281,ART-281,S/M(TX6700)
TX-6700,Tuner,ASK-108,ASK-108,SWITCH(POWER)
TX-6700,Tuner,ASK-129,ASK-129,SWITCH
TX-6700,Tuner,ATT-480,ATT-480,PWR XFMR TX-6700
TX-6700,Tuner,AXB-012,AXB-012,BRACKET F/ANTENNA SX750
TX-6800/608,Tuner,AAA-058,AAA-058,Knob (TUNING)
TX-6800/608,Tuner,AAD-183,AAD-183,"Knob (POWER, FUNCTION, MUTING)"
TX-6800/608,Tuner,AAW-102,AAW-102,Twin meter (SIGNAL/TUNING)
TX-6800/608,Tuner,ABA-025,ABA-025,Fan head screw 3x4
TX-6800/608,Tuner,ABA-034,ABA-034,Pan head screw 3x4
TX-6800/608,Tuner,ABA-048,ABA-048,Screw 3x6
TX-6800/608,Tuner,ABA-048,ABA-048,Screw 3x6
TX-6800/608,Tuner,ABA-049,ABA-049,Screw 3x8
TX-6800/608,Tuner,ABA-082,ABA-082,Screw 3x10
TX-6800/608,Tuner,ABA-115,ABA-115,Special screw
TX-6800/608,Tuner,ABA-180,ABA-180,Screw 4 x 6 (for bonnet case - TX-608/KU)
TX-6800/608,Tuner,ABA-206,ABA-206,Screw 4 x 25 (for side panels - TX-6800/KU)
TX-6800/608,Tuner,ABA-206,ABA-206,Washerfaced screw 4x25
TX-6800/608,Tuner,ABA-228,ABA-228,Screw 3x6
TX-6800/608,Tuner,ABE-035,ABE-035,Washer
TX-6800/608,Tuner,ADE-005,ADE-005,Connection cord
TX-6800/608,Tuner,ADG-023,ADG-023,AC power curd
TX-6800/608,Tuner,ADH-002,ADH-002,T-type FM antenna
TX-6800/608,Tuner,AEC-327,AEC-327,Strain relief
TX-6800/608,Tuner,AEC-352,AEC-352,Nylon rivet
TX-6800/608,Tuner,AEC-546,AEC-546,Foot assembly
TX-6800/608,Tuner,AEC-554,AEC-554,P.C. board holder
TX-6800/608,Tuner,AEK-106,AEK-106,Fuse (1 A)
TX-6800/608,Tuner,AEL-029,AEL-029,Lamp (wedge type)
TX-6800/608,Tuner,AEL-315,AEL-315,LED (STEREO)
TX-6800/608,Tuner,AEL-319,AEL-319,"LED (AM, FM)"
TX-6800/608,Tuner,AHA-188,AHA-188,Side pad (TX-6800/KU)
TX-6800/608,Tuner,AHA-189,AHA-189,Side pad (TX-608/KU)
TX-6800/608,Tuner,AHD-694,AHD-694,Packing case (TX-6800/KU)
TX-6800/608,Tuner,AHD-705,AHD-705,Packing case (TX-608/KU)
TX-6800/608,Tuner,AKA-014,AKA-014,Terminal (ANTENNA)
TX-6800/608,Tuner,AKB-062,AKB-062,Terminal (OUTPUT)
TX-6800/608,Tuner,AKK-005,AKK-005,Lamp socket (wedge type)
TX-6800/608,Tuner,AMS-033,AMS-033,Side panel L (TX-6800/KU)
TX-6800/608,Tuner,AMS-034,AMS-034,Side panel R (TX-6800/KU)
TX-6800/608,Tuner,AMS-035,AMS-035,Top panel (TX-6800/KU)
TX-6800/608,Tuner,ANB-721,ANB-721,Front panel (TX-6800/KU)
TX-6800/608,Tuner,ANB-737,ANB-737,Front panel (TX-608/KU)
TX-6800/608,Tuner,ANE-249,ANE-249,Bonnet case (TX-608/KU)
TX-6800/608,Tuner,ARB-319,ARB-319,Operating instructions (TX-6800/KU)
TX-6800/608,Tuner,ARB-327-A,ARB-327,"Operating instructions  (TX-608  S,S/G,HE,HB)"
TX-6800/608,Tuner,ARB-335,ARB-335,Operating instructions (TX-608/KU)
TX-6800/608,Tuner,ART-375-0,ART-375,Service manual  TX-6800/608
TX-6800/608,Tuner,ASH-015,ASH-015,Slide switch (DE-EMPHASIS)
TX-6800/608,Tuner,ASK-155,ASK-155,Lever switch (FUNCTION - AM/FM)
TX-6800/608,Tuner,ASK-157,ASK-157,Lever switch (FM MUTING)
TX-6800/608,Tuner,ASK-514,ASK-514,Lever switch (POWER)
TX-6800/608,Tuner,ATB-505,ATB-505,Bar antenna
TX-6800/608,Tuner,ATT-612,ATT-612,Power transformer
TX-6800/608,Tuner,AWR-200,AWR-200,Fuse assembly
TX-6800/608,Tuner,AXA-228,AXA-228,Tuning shaft assembly
TX-6800/608,Tuner,AXB-012,AXB-012,Antenna holder
TX-6800/608,Tuner,B22-013,B22-013,Flat washer
TX-6800/608,Tuner,B71-010,B71-010,Nut 7 ɸ
TX-6800/608,Tuner,GWM-135,GWM-135,Tuner assembly
TX-6800/608,Tuner,GWS-187,GWS-187,Switch assembly
TX-6800/608,Tuner,GWS-188,GWS-188,De-emphasis assembly
TX-6800/608,Tuner,GWX-308,GWX-308,LED assembly
TX-700,Tuner,A12-144,A12-144,KNOB(PWR/FUNCT/BAL/SELECT/SPKR)
TX-700,Tuner,A12-169,A12-169,KNOB(TUNING)
TX-700,Tuner,A31-092,A31-092,DIAL POINTER
TX-700,Tuner,A91-009,A91-009,METER(SIGNAL)
TX-700,Tuner,AEL-015,AEL-015,LAMP(DIAL/POWER)
TX-700,Tuner,E22-018,E22-018,PILOT LAMP
TX-700,Tuner,M21-328,M21-328,FRONT PANEL
TX-700,Tuner,M33-122,M33-122,BONNET
TX-700,Tuner,M61-017,M61-017,FOOT
TX-700,Tuner,R12-067,R12-067,O/M TX700
TX-700,Tuner,S11-016,S11-016,SWITCH(POWER)
TX-700,Tuner,S13-036,S13-036,SWITCH(FUNCT-FM AUTO/MONO/AM)
TX-700,Tuner,S21-004,S21-004,SWITCH(ILLUMINATION)
TX-700,Tuner,S31-022,S31-022,SWITCH(MUTING/NOISE FILTER)
TX-700,Tuner,T52-174,T52-174,PWR XFMR TX-700/F
TX-710,Tuner,AAF-025,AAF-025,DIAL POINTER
TX-710,Tuner,AAV-012,AAV-012,FLUORESCENT TUBE
TX-710,Tuner,AAW-015,AAW-015,METER
TX-710,Tuner,AAW-016,AAW-016,METER
TX-710,Tuner,ACV-113,ACV-113,CONTROL(FM OUTPUT/HEADPHONE LEV
TX-710,Tuner,AEC-609,AEC-609,FOOT ASSY
TX-710,Tuner,AEK-106,AEK-106,FUSE(1 AMP)
TX-710,Tuner,AEL-019,AEL-019,PILOT LAMP(FUNCTIONS INDICATOR)
TX-710,Tuner,AEL-320,AEL-320,LED
TX-710,Tuner,AEL-334,AEL-334,LED(STEREO INDICATOR)
TX-710,Tuner,AEL-343,AEL-343,LED(TUNED)
TX-710,Tuner,ANB-909,ANB-909,FRONT PANEL ASSY TX-710
TX-710,Tuner,ANE-291,ANE-291,BONNET CASE
TX-710,Tuner,ARB-377,ARB-377,O/M TX-710
TX-710,Tuner,ART-547,ART-547,S/M TX-710S ADD
TX-710,Tuner,ART-548,ART-548,S/M TX710
TX-710,Tuner,ASC-037,ASC-037,SWITCH(FUNCTION-AM/FM/AUTO/MONO
TX-710,Tuner,ASG-163,ASG-163,SWITCH(STATION CALL)
TX-710,Tuner,ASK-027,ASK-027,SWITCH
TX-710,Tuner,ASK-095,ASK-095,SWITCH(FUNCTION)
TX-710,Tuner,ASK-172,ASK-172,SWITCH(FUNCTION-TAPE 2....ETC.)
TX-710,Tuner,ASK-174,ASK-174,SWITCH(FUNCTION-AM/FM)
TX-710,Tuner,ASK-179,ASK-179,SWITCH(POWER)
TX-710,Tuner,HA1142,HA1142,IC
TX-710,Tuner,K11-043,K11-043,ANTENNA TERMINAL
TX-7100,Tuner,AAA-015-0,AAA-015,Knob (TUNING)
TX-7100,Tuner,AAB-041-0,AAB-041,Knob (FUNCTION)
TX-7100,Tuner,AAB-043-0,AAB-043,Knob (OUTPUT LEVEL)
TX-7100,Tuner,AAD-040-B,AAD-040,"Knob (MPX NOISE FILTER,MUTING, POWER)"
TX-7100,Tuner,AAF-025-0,AAF-025,Dial pointer
TX-7100,Tuner,AAG-045-0,AAG-045,Dial scale
TX-7100,Tuner,AAW-015-0,AAW-015,Signal meter
TX-7100,Tuner,AAW-016-A,AAW-016,Tuning rneter
TX-7100,Tuner,ABA-010-A,ABA-010,Screw to fix wooden cabinet
TX-7100,Tuner,ACV-009-0,ACV-009,Potentiometer 100k-B2 (AM)
TX-7100,Tuner,ACV-113-0,ACV-113,Potentiometer (dual - FM LEVEL) 100k-B2
TX-7100,Tuner,ADE-005-0,ADE-005,Connection cord
TX-7100,Tuner,ADG-003-0,ADG-003,"AC power cord (KUW, KCW model)"
TX-7100,Tuner,ADG-004-0,ADG-004,"AC power cord (FVZW, FW model)"
TX-7100,Tuner,AEB-019-0,AEB-019,P.C. board holder
TX-7100,Tuner,AEC-004-0,AEC-004,Wire clip (A)
TX-7100,Tuner,AEC-004-0,AEC-004,Wire clip (A)
TX-7100,Tuner,AEC-004-0,AEC-004,Wire clip (A)
TX-7100,Tuner,AEC-005-0,AEC-005,Wire clip (B)
TX-7100,Tuner,AEC-005-0,AEC-005,Wire clip (B)
TX-7100,Tuner,AEC-005-0,AEC-005,Wire clip (B)
TX-7100,Tuner,AEC-005-0,AEC-005,Wire clip (B)
TX-7100,Tuner,AEC-005-0,AEC-005,Wire clip (B)
TX-7100,Tuner,AEC-005-0,AEC-005,Wire clip (B)
TX-7100,Tuner,AEC-006-0,AEC-006,Pulley
TX-7100,Tuner,AEC-006-0,AEC-006,Pulley
TX-7100,Tuner,AEC-006-0,AEC-006,Pulley
TX-7100,Tuner,AEC-006-0,AEC-006,Pulley
TX-7100,Tuner,AEC-006-0,AEC-006,Pulley
TX-7100,Tuner,AEC-031-0,AEC-031,Smoothing nylon
TX-7100,Tuner,AEC-037-0,AEC-037,Wire clip S
TX-7100,Tuner,AEC-079-0,AEC-079,AC cord stopper
TX-7100,Tuner,AEC-079-0,AEC-079,AC cord stopper
TX-7100,Tuner,AEC-083-A,AEC-083,Foot assembly
TX-7100,Tuner,AEC-084-C,AEC-084,Wire supporter
TX-7100,Tuner,AEK-008-0,AEK-008,Fuse 3A (protection - KCW model)
TX-7100,Tuner,AEK-016-0,AEK-016,"Fuse 0.5A (AC power - FVZW, FW model)"
TX-7100,Tuner,AEK-019-0,AEK-019,Fuse 1.2A (protection - KCW model)
TX-7100,Tuner,AEK-022-0,AEK-022,Fuse 1A (protection - KCW model)
TX-7100,Tuner,AEK-022-0,AEK-022,Fuse 1A (protection - KCW model)
TX-7100,Tuner,AEL-007-0,AEL-007,Pilot lamp (program indicator)
TX-7100,Tuner,AEL-015-0,AEL-015,Pilot lamp (tuning and signal meters)
TX-7100,Tuner,AHA-029-0,AHA-029,STYROTECTOR (UPPER)
TX-7100,Tuner,AHD-149-0,AHD-149,PACKING CASE (KUW model)
TX-7100,Tuner,AHD-150-0,AHD-150,PACKING CASE (KCW model)
TX-7100,Tuner,AHD-151-0,AHD-151,PACKING CASE (FW model)
TX-7100,Tuner,AHD-152-0,AHD-152,PACKING CASE (FVZW model)
TX-7100,Tuner,AKB-013-0,AKB-013,Two-fold pin jack board
TX-7100,Tuner,AKB-014-0,AKB-014,Four-fold pin jack board A
TX-7100,Tuner,AKK-002-0,AKK-002,Pilot lamp socket
TX-7100,Tuner,AKP-002-0,AKP-002,Spare AC outlet
TX-7100,Tuner,AKR-001-0,AKR-001,"Fuse holder (with line voltage switch - FVZW, FW model)"
TX-7100,Tuner,AKR-005-0,AKR-005,"Fuse holder (KUW, KCW model)"
TX-7100,Tuner,AMM-022-A,AMM-022,Wooden cabinet
TX-7100,Tuner,ANA-034-C,ANA-034,Chassis
TX-7100,Tuner,ANB-187-A,ANB-187,Front panel assembly
TX-7100,Tuner,ANC-067-A,ANC-067,Rear panel
TX-7100,Tuner,AND-051-C,AND-051,Sub panel
TX-7100,Tuner,ANF-106-C,ANF-106,Meter-held metal
TX-7100,Tuner,ANF-107-0,ANF-107,Pilot lamp socket holder
TX-7100,Tuner,ANG-075-0,ANG-075,Dial scale holder
TX-7100,Tuner,ANG-076-A,ANG-076,Pulley-held metal
TX-7100,Tuner,ANH-126-0,ANH-126,Lamp box-A
TX-7100,Tuner,ANH-127-C,ANH-127,Lamp box-B
TX-7100,Tuner,ANK-034-0,ANK-034,P.C. board cover
TX-7100,Tuner,ANK-035-0,ANK-035,Wire holder
TX-7100,Tuner,ARB-071-0,ARB-071,OPERATING INSTRUCTIONS  TX-7100
TX-7100,Tuner,ASC-037-B,ASC-037,Function switch (rotary type-AM/FM/AUTO/MONO)
TX-7100,Tuner,ASK-024-0,ASK-024,"Power switch (lever type - FVZW, FW model)"
TX-7100,Tuner,ASK-025-0,ASK-025,"Power switch (lever type - KUW, KCW model)"
TX-7100,Tuner,ASK-027-0,ASK-027,"Lever switch (NOISE FILTER,MUTING)"
TX-7100,Tuner,ATB-015-A,ATB-015,Ferrite loopstick antenna
TX-7100,Tuner,ATT-110-0,ATT-110,Power transformer (KUW model)
TX-7100,Tuner,ATT-111-0,ATT-111,"Power transformer (FVZW, FW model)"
TX-7100,Tuner,ATT-132-0,ATT-132,Power transformer (KCW model)
TX-7100,Tuner,AWE-024-0,AWE-024,Tuner assembly
TX-7100,Tuner,AWK-019-A,AWK-019,AF amplifier assembly
TX-7100,Tuner,AWR-027-0,AWR-027,Power supply circuit assembly
TX-7100,Tuner,AWS-031-0,AWS-031,Switch circuit assembly
TX-7100,Tuner,AWX-042-0,AWX-042,Lamp board assembly
TX-7100,Tuner,AXA-015-A,AXA-015,Tuning pulley assembly
TX-7100,Tuner,AXA-021-0,AXA-021,Tuning shaft assembly
TX-7100,Tuner,AXB-001-0,AXB-001,Bar antenna holder assembly
TX-7100,Tuner,D52-013-0,D52-013,FM T-type antenna
TX-7100,Tuner,E21-021-0,E21-021,Fuse 3A (protection - KUW model)
TX-7100,Tuner,E21-033-0,E21-033,Fuse 1A (AC power - KUW model)
TX-7100,Tuner,E21-033-0,E21-033,Fuse 1A (protection - KUW model)
TX-7100,Tuner,E21-033-0,E21-033,Fuse 1A (protection - KUW model)
TX-7100,Tuner,E21-034-A,E21-034,Fuse 1A (AC power - KCW model)
TX-7100,Tuner,E21-034-A,E21-034,"Fuse 1A (protection - FVZW, FW model)"
TX-7100,Tuner,E21-034-A,E21-034,"Fuse 1A (protection - FVZW, FW model)"
TX-7100,Tuner,E21-036-0,E21-036,"Fuse 3A (protection - FVZW, FW model)"
TX-7100,Tuner,E22-032-0,E22-032,Pilot lamp (dial scale)
TX-7100,Tuner,E32-034-0,E32-034,Vinyl bag
TX-7100,Tuner,E33-009-B,E33-009,Polishing cloth
TX-7100,Tuner,HII-070-0,HII-070,STYROTECTOR (LOWER)
TX-7100,Tuner,K11-043-D,K11-043,Antenna terminal board
TX-7100,Tuner,K13-047-0,K13-047,4P terminal strip
TX-7100,Tuner,K13-048-0,K13-048,2P terminal strip
TX-7100,Tuner,K13-048-0,K13-048,2P terminal strip
TX-7100,Tuner,M46-139-0,M46-139,Wire supporter
TX-7100,Tuner,M49-025-E,M49-025,Pulley's shaft
TX-7100,Tuner,M49-025-E,M49-025,Pulley's shaft
TX-7100,Tuner,M49-025-E,M49-025,Pulley's shaft
TX-7100,Tuner,M49-025-E,M49-025,Pulley's shaft
TX-7100,Tuner,M49-025-E,M49-025,Pulley‘s shaft
TX-7100,Tuner,M49-127-A,M49-127,AC outlet-held metal
TX-7100,Tuner,R42-334-0,R42-334,Service manual  TX-7100
TX-7100,Tuner,S41-022-A,S41-022,De-emphasis (slide type - FW model)
TX-7100,Tuner,T22-025-A,T22-025,Balun
TX-7100,Tuner,T24-028-A,T24-028,RF choke Coil
TX-720,Tuner,ANE-291,ANE-291,BONNET CASE
TX-720,Tuner,ART-649,ART-649,S/M(TX720)
TX-720,Tuner,ASG-177,ASG-177,SWITCH(FUNCTION-MEMO/LOCAL...ETC
TX-720,Tuner,ASG-246,ASG-246,SWITCH(TAPE MONITOR)
TX-720,Tuner,ASG-402,ASG-402,SWITCH(FUNCTION-AM/FM)
TX-720,Tuner,ASG-526,ASG-526,SWITCH(POWER)
TX-7500,Tuner,AAA-028,AAA-028,KNOB(TUNING)
TX-7500,Tuner,AAB-091,AAB-091,KNOB(BASS/TREBLE/SPKR) AAB-086
TX-7500,Tuner,AAD-040,AAD-040,BUTTON(ON/FF/TAPE-MON)
TX-7500,Tuner,AEL-025,AEL-025,PILOT LAMP(STEREO INDICATOR)
TX-7500,Tuner,AEL-026,AEL-026,PILOT LAMP
TX-7500,Tuner,ANE-079,ANE-079,BONNET
TX-7500,Tuner,ARB-135,ARB-135,O/M TX-7500 * (NLA)
TX-7500,Tuner,ART-115,ART-115,S/M(TX7500)
TX-7500,Tuner,ASD-031,ASD-031,SWITCH(FUNCTION-AM/FM/AUTO)
TX-7500,Tuner,ASK-060,ASK-060,SWITCH(POWER)
TX-7500,Tuner,ASK-089,ASK-089,SWITCH
TX-7500,Tuner,ATB-037,ATB-037,BAR ANTENNA
TX-7500,Tuner,AXB-001,AXB-001,ANTENNA HOLDER
TX-7800,Tuner,AAA-057,AAA-057,KNOB(TUNING)
TX-7800,Tuner,AAB-196,AAB-196,KNOB(SPKR/BASS/TREBLE/BAL
TX-7800,Tuner,AAW-102,AAW-102,Signal/Tuning meter
TX-7800,Tuner,ACP-025,ACP-025,Gain adj 33k
TX-7800,Tuner,ACP-025,ACP-025,Muting Level Adjust 33k
TX-7800,Tuner,ACP-056,ACP-056,Pilot auto canceller adjust 22k
TX-7800,Tuner,ACP-057,ACP-057,Separation adjust 150
TX-7800,Tuner,ACT-121,ACT-121,Output level 10k dual
TX-7800,Tuner,AEL-025,AEL-025,Lamp 8V 300mA
TX-7800,Tuner,AEL-072,AEL-072,Lamp 8V 50mA
TX-7800,Tuner,AEL-075,AEL-075,"SPKR, FUNCTION LAMP"
TX-7800,Tuner,AEL-316,AEL-316,LED
TX-7800,Tuner,AKX-057,AKX-057,Line voltage selector
TX-7800,Tuner,ARB-306,ARB-306,O/M TX-7800
TX-7800,Tuner,ASH-016,ASH-016,Touch sensor
TX-7800,Tuner,ASH-017,ASH-017,De-emphasis switch (S/SG)
TX-7800,Tuner,ASK-109,ASK-109,FM Muting/Mode switch
TX-7800,Tuner,ASK-109,ASK-109,MPX filter switch
TX-7800,Tuner,ASK-109,ASK-109,SWITCH(TONE)
TX-7800,Tuner,ASK-109,ASK-109,Wide/Narrow switch
TX-7800,Tuner,ASK-112,ASK-112,Function switch
TX-7800,Tuner,ASK-124,ASK-124,POWER SWITCH
TX-7800,Tuner,ASK-127,ASK-127,Power switch
TX-7800,Tuner,ASK-128,ASK-128,Power switch (S/SG)
TX-7800,Tuner,ATT-574,ATT-574,PWR XFMR TX-7800
TX-7800,Tuner,ATT-575,ATT-575,Power transformer (S/SG)
TX-7800,Tuner,ATT-576,ATT-576,Power transformer (HG)
TX-7800,Tuner,AWR-185,AWR-185,Power supply assembly (HG)
TX-7800,Tuner,AWR-186,AWR-186,Power supply assembly (S/SG)
TX-7800,Tuner,AWX-113,AWX-113,Switch assembly (De-emphasis) S/SG
TX-7800,Tuner,AWX-159,AWX-159,VR assembly
TX-7800,Tuner,AXB-012,AXB-012,BRACKET F/ANTENNA SX750
TX-7800,Tuner,C92-051,C92-051,VCO adjust 4.7k
TX-7800,Tuner,GWE-112,GWE-112,Tuner assembly (HG)
TX-7800,Tuner,GWE-113,GWE-113,Tuner assembly (S/SG)
TX-7800,Tuner,GWS-165,GWS-165,Switch assembly
TX-7800,Tuner,GWS-166,GWS-166,Switch assembly (HG)
TX-7800,Tuner,GWS-167,GWS-167,Switch assembly (S/SG)
TX-7800,Tuner,GWX-246,GWX-246,LED assembly
TX-800,Tuner,A12-232,A12-232,KNOB(FUNCTION-PWR/TONE...ETC.)
TX-800,Tuner,A12-235,A12-235,KNOB(TUNING/AM/FM AUTO)
TX-800,Tuner,A12-237,A12-237,KNOB(AM/FM/OUTPUT LEVEL)
TX-800,Tuner,A19-095,A19-095,BUTTON(FUNCTION-MODE/TAPE...ETC
TX-800,Tuner,A91-016,A91-016,METER
TX-800,Tuner,A91-017,A91-017,METER
TX-800,Tuner,AEL-015,AEL-015,LAMP(DIAL/POWER)
TX-800,Tuner,ANB-072,ANB-072,FRONT PANEL
TX-800,Tuner,ASA-008,ASA-008,SWITCH(POWER)
TX-800,Tuner,ATB-005,ATB-005,BAR ANTENNA SX-616
TX-800,Tuner,ATT-023,ATT-023,PWR XFMR TX-800/K
TX-800,Tuner,D51-003,D51-003,CORD
TX-800,Tuner,D51-004,D51-004,CORD
TX-800,Tuner,E22-025,E22-025,PILOT LAMP
TX-800,Tuner,M52-139,M52-139,BONNET
TX-800,Tuner,R42-190,R42-190,S/M(TX800)
TX-800,Tuner,S13-044,S13-044,SWITCH(FUNCTION-FM/AM/MONO/AUTO
TX-800,Tuner,S42-012,S42-012,SWITCH(HIGH/LOW FILTER)
TX-800,Tuner,T42-025,T42-025,BAR ANTENNA COIL
TX-8100,Tuner,AAA-015-0,AAA-015,Knob (TUNING)
TX-8100,Tuner,AAB-041-0,AAB-041,Knob (FUNCTION)
TX-8100,Tuner,AAB-043-0,AAB-043,Knob (OUTPUT and HEADPHONE LEVEL)
TX-8100,Tuner,AAD-040-B,AAD-040,"Knob (MPX NOISE FILTER,MUTING, POWER)"
TX-8100,Tuner,AAF-025-0,AAF-025,Dial pointer
TX-8100,Tuner,AAG-045-0,AAG-045,Dial scale
TX-8100,Tuner,AAL-138-0,AAL-138,"Model name plate (KUW, KCW model)"
TX-8100,Tuner,AAL-139-0,AAL-139,"Model name plate (FVZW, FW model)"
TX-8100,Tuner,AAW-015-0,AAW-015,Signal meter
TX-8100,Tuner,AAW-016-A,AAW-016,Tuning meter
TX-8100,Tuner,ABA-010-A,ABA-010,Screw to fix wooden cabinet
TX-8100,Tuner,ACV-009-0,ACV-009,Potentiometer (AM LEVEL) 100k-B2
TX-8100,Tuner,ACV-113-0,ACV-113,Potentiometer (dual - FM LEVEL) 100k-B2
TX-8100,Tuner,ACV-113-0,ACV-113,Potentiometer (dual - HEADPHONE) 100k-B2
TX-8100,Tuner,ADE-005-0,ADE-005,Connection cord
TX-8100,Tuner,ADG-003-0,ADG-003,"AC power cord (KUW, KCW model)"
TX-8100,Tuner,ADG-004-0,ADG-004,"AC power cord (FVZW, FW model)"
TX-8100,Tuner,AEB-019-0,AEB-019,P.C. board holder
TX-8100,Tuner,AEC-004-0,AEC-004,Wire clip (A)
TX-8100,Tuner,AEC-004-0,AEC-004,Wire clip (A)
TX-8100,Tuner,AEC-004-0,AEC-004,Wire clip (A)
TX-8100,Tuner,AEC-004-0,AEC-004,Wire clip (A)
TX-8100,Tuner,AEC-005-0,AEC-005,Wire clip (B)
TX-8100,Tuner,AEC-005-0,AEC-005,Wire clip (B)
TX-8100,Tuner,AEC-005-0,AEC-005,Wire clip (B)
TX-8100,Tuner,AEC-005-0,AEC-005,Wire clip (B)
TX-8100,Tuner,AEC-005-0,AEC-005,Wire clip (B)
TX-8100,Tuner,AEC-006-0,AEC-006,Pulley
TX-8100,Tuner,AEC-006-0,AEC-006,Pulley
TX-8100,Tuner,AEC-006-0,AEC-006,Pulley
TX-8100,Tuner,AEC-006-0,AEC-006,Pulley
TX-8100,Tuner,AEC-079-0,AEC-079,AC cord stopper
TX-8100,Tuner,AEC-079-0,AEC-079,AC cord stopper
TX-8100,Tuner,AEC-083-A,AEC-083,Foot ass'y
TX-8100,Tuner,AEC-089-0,AEC-089,Wire holder
TX-8100,Tuner,AED-018-0,AED-018,Shading plate
TX-8100,Tuner,AED-018-0,AED-018,Shading plate
TX-8100,Tuner,AEK-008-0,AEK-008,Fuse 3A (protection - KCW model)
TX-8100,Tuner,AEK-016-0,AEK-016,"Fuse 0.5A (AC power - FVZW, FW model)"
TX-8100,Tuner,AEK-019-0,AEK-019,Fuse 1.2A (protection - KCW model)
TX-8100,Tuner,AEK-022-0,AEK-022,Fuse 1A (protection - KCW model)
TX-8100,Tuner,AEK-022-0,AEK-022,Fuse 1A (protection - KCW model)
TX-8100,Tuner,AEL-004-0,AEL-004,Wire clip (A)
TX-8100,Tuner,AEL-007-0,AEL-007,Pilot lamp (program indicator)
TX-8100,Tuner,AEL-015-0,AEL-015,Pilot lamp (tuning and signal meter)
TX-8100,Tuner,AHD-153-0,AHD-153,PACKING CASE (KUW model)
TX-8100,Tuner,AHD-154-0,AHD-154,PACKING CASE (KCW model)
TX-8100,Tuner,AHD-155-0,AHD-155,PACKING CASE (FW model)
TX-8100,Tuner,AHD-156-0,AHD-156,PACKING CASE (FVZW model)
TX-8100,Tuner,AKB-013-0,AKB-013,Two-fold pin jack (RCA type)
TX-8100,Tuner,AKB-014-0,AKB-014,Four-fold pin jack-A (RCA type)
TX-8100,Tuner,AKK-002-0,AKK-002,Pilot lamp socket
TX-8100,Tuner,AKP-002-0,AKP-002,Spare AC outlet
TX-8100,Tuner,AKR-001-0,AKR-001,"Fuse holder (with line voltage switch - FVZW, FW model)"
TX-8100,Tuner,AKR-005-0,AKR-005,"Fuse holder (KUW, KCW model)"
TX-8100,Tuner,AMM-022-A,AMM-022,Wooden cabinet
TX-8100,Tuner,ANA-037-C,ANA-037,Chassis
TX-8100,Tuner,ANB-188-A,ANB-188,Front panel ass'y
TX-8100,Tuner,ANC-078-0,ANC-078,Rear panel
TX-8100,Tuner,AND-051-C,AND-051,Sub panel
TX-8100,Tuner,ANF-106-C,ANF-106,Meter-held metal
TX-8100,Tuner,ANF-107-0,ANF-107,Pilot lamp socket holder
TX-8100,Tuner,ANG-075-0,ANG-075,Dial scale holder
TX-8100,Tuner,ANG-076-A,ANG-076,Pulley held metal
TX-8100,Tuner,ANH-126-0,ANH-126,Lamp box-A
TX-8100,Tuner,ANH-127-C,ANH-127,Lamp box-B
TX-8100,Tuner,ANH-137-B,ANH-137,Shield cover
TX-8100,Tuner,ANK-034-0,ANK-034,P.C. board cover
TX-8100,Tuner,ANK-035-0,ANK-035,Wire holder
TX-8100,Tuner,ARB-072-0,ARB-072,Operating instructions TX-8100
TX-8100,Tuner,ASC-037-B,ASC-037,Function switch (AM/FM/AUTO/MONO)
TX-8100,Tuner,ASK-041-0,ASK-041,MPX Noise filter (lever type)
TX-8100,Tuner,ASK-041-0,ASK-041,Muting (lever type)
TX-8100,Tuner,ASK-051-0,ASK-051,"Power switch (KUW, KCW model)"
TX-8100,Tuner,ASK-052-0,ASK-052,"Power switch (FVZW, FW model)"
TX-8100,Tuner,ASR-004,ASR-004,RELAY SWITCH
TX-8100,Tuner,ATB-015-A,ATB-015,Ferrite loopstick antenna
TX-8100,Tuner,ATT-110-0,ATT-110,Power transformer (KUW model)
TX-8100,Tuner,ATT-111-0,ATT-111,"Power transformer (FVZW, FW model)"
TX-8100,Tuner,ATT-132-0,ATT-132,Power transformer (KCW model)
TX-8100,Tuner,AWE-023-0,AWE-023,Tuner assembly
TX-8100,Tuner,AWK-019-A,AWK-019,AF amplifier assembly
TX-8100,Tuner,AWM-039-0,AWM-039,Muting circuit assembly
TX-8100,Tuner,AWM-041-B,AWM-041,Headphone amplifier assembly
TX-8100,Tuner,AWR-033-0,AWR-033,Power supply circuit assembly
TX-8100,Tuner,AWX-042-0,AWX-042,Lamp board assembly
TX-8100,Tuner,AXA-015-A,AXA-015,Tuning pulley assembly
TX-8100,Tuner,AXA-021-0,AXA-021,Tuning shaft assembly
TX-8100,Tuner,D52-013-0,D52-013,FM T-type antenna
TX-8100,Tuner,E21-021-0,E21-021,Fuse 3A (Protection - KUW model)
TX-8100,Tuner,E21-033-0,E21-033,Fuse 1A (AC power - KUW model)
TX-8100,Tuner,E21-033-0,E21-033,Fuse 1A (protection - KUW model)
TX-8100,Tuner,E21-033-0,E21-033,Fuse 1A (protection - KUW model)
TX-8100,Tuner,E21-034-A,E21-034,"Fuse 1A (AC power - FVZW, FW model)"
TX-8100,Tuner,E21-034-A,E21-034,Fuse 1A (AC power - KCW model)
TX-8100,Tuner,E21-034-A,E21-034,"Fuse 1A (protection - FVZW, FW model)"
TX-8100,Tuner,E21-034-A,E21-034,"Fuse 1A (protection - FVZW, FW model)"
TX-8100,Tuner,E21-036-A,E21-036,"Fuse 3A (protection - FVZW, FW model)"
TX-8100,Tuner,E22-032-0,E22-032,Pilot lamp (dial scale)
TX-8100,Tuner,E32-034-0,E32-034,Vinyl bag
TX-8100,Tuner,E33-009-8,E33-009,Polishing cloth
TX-8100,Tuner,K11-043-0,K11-043,Antenna terminal board
TX-8100,Tuner,K13-047-0,K13-047,4P ground terminal
TX-8100,Tuner,K13-048-0,K13-048,2P lug terminal strip
TX-8100,Tuner,K72-026-0,K72-026,Headphone jack
TX-8100,Tuner,M46-139-0,M46-139,Wire holder
TX-8100,Tuner,M49-025-E,M49-025,Pulley's shaft
TX-8100,Tuner,M49-025-E,M49-025,Pulley's shaft
TX-8100,Tuner,M49-025-E,M49-025,Pulley's shaft
TX-8100,Tuner,M49-025-E,M49-025,Pulley's shaft
TX-8100,Tuner,M49-025-E,M49-025,Pulley's shalt
TX-8100,Tuner,M49-127-A,M49-127,AC outlet-held metal
TX-8100,Tuner,R42-333-0,R42-333,Service manual  TX-8100
TX-8100,Tuner,S41-022-A,S41-022,De-emphasis (slide type - FW model)
TX-8100,Tuner,T22-025-A,T22-025,Balun
TX-8100,Tuner,T24-028-A,T24-028,RF choke coil
TX-8100,Tuner,W72-092-C,W72-092,Ferrite antenna holder assembly
TX-8500II,Tuner,AAA-038,AAA-038,Knob (TUNING)
TX-8500II,Tuner,AAB-116,AAB-116,Knob (FUNCTION)
TX-8500II,Tuner,AAB-116,AAB-116,Knob (OUTPUT LEVEL)
TX-8500II,Tuner,AAD-117,AAD-117,Knob (IF BAND)
TX-8500II,Tuner,AAD-117,AAD-117,Knob (MUTING)
TX-8500II,Tuner,AAD-117,AAD-117,Knob (POWER)
TX-8500II,Tuner,AAD-117,AAD-117,Knob (REC LEVEL CHECK)
TX-8500II,Tuner,AAF-054,AAF-054,Dial pointer
TX-8500II,Tuner,AAG-130,AAG-130,Dial panel assembly
TX-8500II,Tuner,AAT-043,AAT-043,Indicator lens
TX-8500II,Tuner,AAW-054,AAW-054,Signal meter
TX-8500II,Tuner,AAW-055,AAW-055,Tuning meter
TX-8500II,Tuner,ACV-178,ACV-178,Variable resistor 10k (OUTPUT LEVEL)
TX-8500II,Tuner,ADF-125,ADF-125,Connection cord
TX-8500II,Tuner,ADG-005,ADG-005,"AC power cord - KU,KC"
TX-8500II,Tuner,ADG-016,ADG-016,AC power cord - S
TX-8500II,Tuner,ADH-002,ADH-002,FM T-type antenna
TX-8500II,Tuner,AEB-091,AEB-091,Lamp holder
TX-8500II,Tuner,AEC-262,AEC-262,Antenna clamper
TX-8500II,Tuner,AEC-296,AEC-296,Acrylic board
TX-8500II,Tuner,AEK-103,AEK-103,Fuse 2A (FU3)
TX-8500II,Tuner,AEK-106,AEK-106,Accessory fuse 1A - S
TX-8500II,Tuner,AEK-107,AEK-107,Accessory fuse 500mA - S
TX-8500II,Tuner,AEL-029,AEL-029,"Lamp (Wedge type) 8V, 300mA"
TX-8500II,Tuner,AEL-072,AEL-072,Lamp with wire 8V 50mA (STEREO)
TX-8500II,Tuner,AEL-079,AEL-079,Lamp with wire 30mA
TX-8500II,Tuner,AEL-080,AEL-080,"Lamp with wire 6V, 30mA (PILOT LAMP)"
TX-8500II,Tuner,AHA-131,AHA-131,Side pad
TX-8500II,Tuner,AHD-436,AHD-436,Packing case - KU
TX-8500II,Tuner,AHD-436,AHD-436,Packing case - S
TX-8500II,Tuner,AHD-437,AHD-437,Packing case - KC
TX-8500II,Tuner,AHD-438,AHD-438,Packing case - HG
TX-8500II,Tuner,AHG-023,AHG-023,"Vinyl pouch - KU,KC"
TX-8500II,Tuner,AHG-023,AHG-023,Vinyl pouch - S
TX-8500II,Tuner,AHG-057,AHG-057,Sheet cover
TX-8500II,Tuner,AKA-002,AKA-002,"Terminal (ANTENNA) - KU,KC"
TX-8500II,Tuner,AKA-002,AKA-002,Terminal (ANTENNA) - S
TX-8500II,Tuner,AKA-007,AKA-007,Terminal (ANTENNA) - HG
TX-8500II,Tuner,AKB-034,AKB-034,Terminal (FM MULTIPATH)
TX-8500II,Tuner,AKB-035,AKB-035,Terminal (OUTPUT)
TX-8500II,Tuner,AKK-004,AKK-004,Lamp socket (Wedge type)
TX-8500II,Tuner,AKP-002,AKP-002,"AC socket (OUTLET) - KU,KC"
TX-8500II,Tuner,AKP-002,AKP-002,AC socket (OUTLET) - S
TX-8500II,Tuner,AKP-008,AKP-008,AC socket (INLET) - HG
TX-8500II,Tuner,AKR-031,AKR-031,Plug in selector (Line voltage selector 4-positions) - S
TX-8500II,Tuner,AKX-037,AKX-037,Plug in selector (Line voltage selector 2-positions) - HG
TX-8500II,Tuner,ANB-484,ANB-484,Front panel assembly
TX-8500II,Tuner,ANE-115,ANE-115,Bonnet case
TX-8500II,Tuner,ANK-018,ANK-018,Hexagonal wrench
TX-8500II,Tuner,ARB-204,ARB-204,"Operating instructions  TX-8500II (English) - KU,KC"
TX-8500II,Tuner,ARB-212,ARB-212,Operating instructions  TX-8500II (English) - HG
TX-8500II,Tuner,ARB-213,ARB-213,Operating instructions  TX-8500II (English) - S
TX-8500II,Tuner,ARD-104,ARD-104,Operating instructions  TX-8500II (Germany/French) - HG
TX-8500II,Tuner,ART-202,ART-202,Service manual  TX-8500II
TX-8500II,Tuner,ASH-016,ASH-016,"Slide switch (DE-EMPHASIS) - KU,KC"
TX-8500II,Tuner,ASH-017,ASH-017,Slide switch (DE-EMPHASIS) - S
TX-8500II,Tuner,ASK-109,ASK-109,Lever switch (MUTING)
TX-8500II,Tuner,ASK-112,ASK-112,Lever switch (IF BAND)
TX-8500II,Tuner,ASK-112,ASK-112,Lever switch (REC LEVEL CHECK)
TX-8500II,Tuner,ASK-124,ASK-124,"Lever switch (POWER) - KU,KC"
TX-8500II,Tuner,ASK-127,ASK-127,Lever switch (POWER) - HG
TX-8500II,Tuner,ASK-128,ASK-128,Lever switch (POWER) - S
TX-8500II,Tuner,ATB-506,ATB-506,Bar antenna
TX-8500II,Tuner,ATT-342,ATT-342,Power transformer (KU)
TX-8500II,Tuner,ATT-343,ATT-343,Power transformer (KC)
TX-8500II,Tuner,ATT-344,ATT-344,Power transformer (HG)
TX-8500II,Tuner,ATT-345,ATT-345,Power transformer (S)
TX-8500II,Tuner,AWB-028,AWB-028,FM front end
TX-8500II,Tuner,AWE-069,AWE-069,Tuner assembly (HG)
TX-8500II,Tuner,AWE-084,AWE-084,"Tuner assembly (KU,KC)"
TX-8500II,Tuner,AWE-085,AWE-085,Tuner assembly (S)
TX-8500II,Tuner,AWR-119,AWR-119,Power supply assembly (KU)
TX-8500II,Tuner,AWR-132,AWR-132,Power supply assembly (S)
TX-8500II,Tuner,AWR-133,AWR-133,Power supply assembly (HG)
TX-8500II,Tuner,AWR-135,AWR-135,Power supply assembly (KC)
TX-8500II,Tuner,AWX-104,AWX-104,Lamp board assembly
TX-8500II,Tuner,AWX-113,AWX-113,Switch assembly (S)
TX-8500II,Tuner,AXA-070,AXA-070,Dial drum assembly
TX-8500II,Tuner,AXA-114,AXA-114,Dial shaft assembly
TX-8500II,Tuner,AXB-011,AXB-011,Antenna holder
TX-8500II,Tuner,E11-024,E11-024,Vinyl bag
TX-8500II,Tuner,E11-033,E11-033,Vinyl pouch - S
TX-8500II,Tuner,T22-025,T22-025,Ferrite balun (T3)
TX-8500II,Tuner,T24-030,T24-030,RF choke coil (L1)
TX-900,Tuner,A12-144,A12-144,KNOB(PWR/FUNCT/BAL/SELECT/SPKR)
TX-900,Tuner,A12-146,A12-146,KNOB(TUNING)
TX-900,Tuner,A19-077,A19-077,KNOB(FUNCTION-LOUD/FILT...ETC.)
TX-900,Tuner,A91-008,A91-008,METER(TUNING/FM)
TX-900,Tuner,A91-009,A91-009,METER(SIGNAL)
TX-900,Tuner,AEL-015,AEL-015,LAMP(DIAL/POWER)
TX-900,Tuner,AXB-001,AXB-001,ANTENNA HOLDER
TX-900,Tuner,C92-022,C92-022,"CONTROL(LEVEL ADJUSTMENT ""L""/""R"
TX-900,Tuner,E22-031,E22-031,PILOT LAMP(DIAL POINTER)
TX-900,Tuner,M21-283,M21-283,FRONT PANEL ASSY
TX-900,Tuner,M33-113,M33-113,METAL CASE
TX-900,Tuner,R12-044,R12-044,O/M TX900
TX-900,Tuner,S13-026,S13-026,SWITCH(FUNCTION-AM/FM/AUTO)
TX-900,Tuner,T42-024,T42-024,COIL
TX-900,Tuner,T52-149,T52-149,PWR XFMR TX-900/K
TX-905,Tuner,AEK-118,AEK-118,FUSE (800MA/125V)
TX-905,Tuner,ASG-413,ASG-413,SWITCH(POWER/ON/STANDBY/SPKR)
TX-905,Tuner,ASG-711,ASG-711,SW(FUNCT)POWER
TX-905,Tuner,ATS-095,ATS-095,PWR XFMR TX950
TX-9100,Tuner,AAA-017-A,AAA-017,Knob (TUNING)
TX-9100,Tuner,AAB-041-0,AAB-041,Knob (FUNCTION)
TX-9100,Tuner,AAB-043-0,AAB-043,Knob (OUTPUT LEVELS - AM/FM/PHONES)
TX-9100,Tuner,AAD-040-B,AAD-040,"Knob (POWER,MUTING,NOISE FILTER,PULSE NOISE)"
TX-9100,Tuner,AAF-025-0,AAF-025,Dial pointer assembly
TX-9100,Tuner,AAG-046-0,AAG-046,Dial scale (Used with AWB-013-0)
TX-9100,Tuner,AAG-050-0,AAG-050,Dial scale (Used with AWB-015-0)
TX-9100,Tuner,AAL-118-0,AAL-118,"Model name plate (KUW, KCW model)"
TX-9100,Tuner,AAL-119-0,AAL-119,"Model name plate (FVZW, FW model)"
TX-9100,Tuner,AAW-015-0,AAW-015,Signal meter
TX-9100,Tuner,AAW-016-A,AAW-016,Tuning meter
TX-9100,Tuner,ABA-010-A,ABA-010,Screw to fix wooden case
TX-9100,Tuner,ABA-012-0,ABA-012,Screw to fix bottom plate
TX-9100,Tuner,ACV-115-0,ACV-115,"Potentiometer (dual) 100k-B2. (OUTPUT LEVEL - AM,FM,PHONES)"
TX-9100,Tuner,ADE-005-0,ADE-005,Connection cord with pin plugs
TX-9100,Tuner,ADG-003-0,ADG-003,"AC power cord (KUW, KCW model)"
TX-9100,Tuner,ADG-004-0,ADG-004,"AC power cord (FVZW, FW model)"
TX-9100,Tuner,AEB-019-0,AEB-019,P.C. board holder
TX-9100,Tuner,AEC-004-0,AEC-004,Wire clip (A)
TX-9100,Tuner,AEC-006-0,AEC-006,Pulley
TX-9100,Tuner,AEC-037-0,AEC-037,Wire clip (S)
TX-9100,Tuner,AEC-079-0,AEC-079,Cord grommet
TX-9100,Tuner,AEC-079-0,AEC-079,Cord grommet
TX-9100,Tuner,AEC-083-A,AEC-083,Foot assembly
TX-9100,Tuner,AEC-089-0,AEC-089,Wire holder
TX-9100,Tuner,AED-018-0,AED-018,Shading plate
TX-9100,Tuner,AEK-008-0,AEK-008,Fuse 3A (protection) (KCW model)
TX-9100,Tuner,AEK-016-0,AEK-016,"Fuse 0.5A (AC power) (FVZW, FW model)"
TX-9100,Tuner,AEK-016-0,AEK-016,"Fuse 0.5A (protection) (FVZW, FW model)"
TX-9100,Tuner,AEK-016-0,AEK-016,"Fuse 0.5A (protection) (FVZW, FW model)"
TX-9100,Tuner,AEK-016-0,AEK-016,"Fuse 0.5A (protection) (FVZW, FW model)"
TX-9100,Tuner,AEK-016-0,AEK-016,"Fuse 0.5A (protection) (FVZW, FW model)"
TX-9100,Tuner,AEK-019-0,AEK-019,Fuse 1.2A (protection) (KCW model)
TX-9100,Tuner,AEK-024-0,AEK-024,Fuse 0.5A (protection) (KCW model)
TX-9100,Tuner,AEK-024-0,AEK-024,Fuse 0.5A (protection) (KCW model)
TX-9100,Tuner,AEK-024-0,AEK-024,Fuse 0.5A (protection) (KCW model)
TX-9100,Tuner,AEK-024-0,AEK-024,Fuse 0.5A (protection) (KCW model)
TX-9100,Tuner,AEL-007-0,AEL-007,Pilot lamp (for program indicator)
TX-9100,Tuner,AEL-007-0,AEL-007,Pilot lamp (for program indicator)
TX-9100,Tuner,AEL-015-0,AEL-015,Pilot lamp (for meter)
TX-9100,Tuner,AHA-029-0,AHA-029,Styrotector (upper)
TX-9100,Tuner,AHD-157-0,AHD-157,Packing case (KUW model)
TX-9100,Tuner,AHD-158-0,AHD-158,Packing case (KCW model)
TX-9100,Tuner,AHD-159-0,AHD-159,Packing case (FW model)
TX-9100,Tuner,AHD-160-0,AHD-160,Packing case (FVZW model)
TX-9100,Tuner,AKB-013-0,AKB-013,Phono jack (2 jacks)
TX-9100,Tuner,AKB-014-0,AKB-014,Phono jack (4 jacks)-A
TX-9100,Tuner,AKP-002-0,AKP-002,Chassis mounting AC socket
TX-9100,Tuner,AKR-001-0,AKR-001,"Fuse holder (FVZW, FW model)"
TX-9100,Tuner,AKR-005-0,AKR-005,"Fuse holder (KUW, KCW model)"
TX-9100,Tuner,AMM-022-A,AMM-022,Wooden case
TX-9100,Tuner,ANA-038-D,ANA-038,Chassis
TX-9100,Tuner,ANB-189,ANB-189,Front panel assembly
TX-9100,Tuner,ANC-066-0,ANC-066,"Rear panel (FVZW, FW model)"
TX-9100,Tuner,ANC-078-0,ANC-078,"Rear panel (KUW, KCW model)"
TX-9100,Tuner,AND-051-C,AND-051,Sub panel
TX-9100,Tuner,ANE-021-A,ANE-021,Bottom plate
TX-9100,Tuner,ANF-106-C,ANF-106,Meter-held metal
TX-9100,Tuner,ANF-107-0,ANF-107,Lamp board
TX-9100,Tuner,ANF-132-0,ANF-132,P.C. board held metal
TX-9100,Tuner,ANG-075-0,ANG-075,Dial scale-held metal
TX-9100,Tuner,ANG-076-A,ANG-076,Pulley-held metal
TX-9100,Tuner,ANH-127-C,ANH-127,Lamp box (A)
TX-9100,Tuner,ANH-127-C,ANH-127,Lamp box (B)
TX-9100,Tuner,ANH-141-0,ANH-141,Shield case (A)
TX-9100,Tuner,ANH-142-A,ANH-142,Shield case (B)
TX-9100,Tuner,ANK-034-0,ANK-034,P.C board cover
TX-9100,Tuner,ANK-036-B,ANK-036,Dial cover
TX-9100,Tuner,ARB-073-0,ARB-073,Operating instructions  TX-9100
TX-9100,Tuner,ART-001-0,ART-001,Service manual  TX-9100
TX-9100,Tuner,ASC-046-B,ASC-046,Rotary switch (Function)
TX-9100,Tuner,ASK-042-0,ASK-042,Switch (MUTING/MPX FILTER)
TX-9100,Tuner,ASK-043-0,ASK-043,Switch (PULSE NOISE)
TX-9100,Tuner,ASK-054-0,ASK-054,"Lever switch (Power) (KUW, KCW model)"
TX-9100,Tuner,ASK-055-0,ASK-055,"Lever switch (Power) (FVZW, FW model)"
TX-9100,Tuner,ATB-021-0,ATB-021,AM ferrite loopstick antenna
TX-9100,Tuner,ATT-113-0,ATT-113,Power transformer (KUW model)
TX-9100,Tuner,ATT-114-0,ATT-114,"Power transformer (FVZW, FW model)"
TX-9100,Tuner,ATT-133-0,ATT-133,Power transformer (KCW model)
TX-9100,Tuner,AWB-013-0,AWB-013,FM front end (Used with AAG-046-0)
TX-9100,Tuner,AWB-015-0,AWB-015,FM front end (Used with AAG-050-0)
TX-9100,Tuner,AWD-002-0,AWD-002,"MPX, AF amplifier assembly"
TX-9100,Tuner,AWD-002-0,AWD-002,"MPX, AF amplifier assembly"
TX-9100,Tuner,AWE-026-0,AWE-026,AM/FM IF amplifier assembly
TX-9100,Tuner,AWE-026-0,AWE-026,AM/FM IF amplifier assembly
TX-9100,Tuner,AWM-038-0,AWM-038,"Volume, headphone amplifier assembly"
TX-9100,Tuner,AWM-044-0,AWM-044,Muting circuit assembly
TX-9100,Tuner,AWR-028-0,AWR-028,Power supply circuit assembly
TX-9100,Tuner,AWS-032-0,AWS-032,Lever switch circuit assembly
TX-9100,Tuner,AWX-042-0,AWX-042,Lamp board assembly (A)
TX-9100,Tuner,AXA-015-A,AXA-015,Tuning pulley assembly
TX-9100,Tuner,AXA-027-A,AXA-027,Tuning shaft assembly
TX-9100,Tuner,D52-013-0,D52-013,FM T-type antenna
TX-9100,Tuner,E21-021-0,E21-021,Fuse 3A (protection) (KUW model)
TX-9100,Tuner,E21-028-0,E21-028,Fuse 0.5A (protection) (KUW model)
TX-9100,Tuner,E21-028-0,E21-028,Fuse 0.5A (protection) (KUW model)
TX-9100,Tuner,E21-028-0,E21-028,Fuse 0.5A (protectlon) (KUW model)
TX-9100,Tuner,E21-0280,E21-0280,Fuse 0.5A (protection) (KUW model)
TX-9100,Tuner,E21-033-0,E21-033,Fuse 1A (AC power) (KUW model)
TX-9100,Tuner,E21-034-A,E21-034,"Fuse 1A (AC power) (FVZW, FW model)"
TX-9100,Tuner,E21-034-A,E21-034,Fuse 1A (AC power) (KCW model)
TX-9100,Tuner,E21-036-A,E21-036,"Fuse 3A (protection) (FVZW, FW model)"
TX-9100,Tuner,E22-032-0,E22-032,Pilot lamp (for dial scale)
TX-9100,Tuner,H11-070-C,H11-070,Styrotector (lower)
TX-9100,Tuner,K11-043-0,K11-043,Antenna terminal board
TX-9100,Tuner,K13-047-0,K13-047,Ground terminal strip (4P)
TX-9100,Tuner,K13-047-0,K13-047,Ground terminal strip (4Pl
TX-9100,Tuner,K72-026-0,K72-026,Headphone jack
TX-9100,Tuner,M46-139-0,M46-139,Wire holder
TX-9100,Tuner,M49-127-A,M49-127,AC socket-held metal
TX-9100,Tuner,T22-025-B,T22-025,Balun
TX-9100,Tuner,W72-092-C,W72-092,Ferrite antenna holder assembly
TX-930,Tuner,AAD-417,AAD-417,Knob (POWER)
TX-930,Tuner,AAD-481,AAD-481,"Knob (FM, AM)"
TX-930,Tuner,AAD-482,AAD-482,Knob (FM MUTING)
TX-930,Tuner,AAN-047,AAN-047,Station card set
TX-930,Tuner,ABA-115,ABA-115,Screw with bar
TX-930,Tuner,ADE-051,ADE-051,Connection cord
TX-930,Tuner,ADG-052,ADG-052,AC power cord
TX-930,Tuner,ADH-005,ADH-005,T-type FM antenna
TX-930,Tuner,AEA-054,AEA-054,Loop annenna holder
TX-930,Tuner,AEC-327,AEC-327,Strain relief
TX-930,Tuner,AEC-384,AEC-384,Nylon rivet
TX-930,Tuner,AEC-784,AEC-784,Foot assembly
TX-930,Tuner,AEL-371,AEL-371,"LED (Green, SIGNAL)"
TX-930,Tuner,AEL-372,AEL-372,"LED (Red, STATION)"
TX-930,Tuner,AEL-372,AEL-372,"LED (Red, STEREO)"
TX-930,Tuner,AEL-383,AEL-383,"LED (Green, FM, AM, AUTO SCAN)"
TX-930,Tuner,AEL-395,AEL-395,LED numeric display
TX-930,Tuner,AEX-008,AEX-008,Lithium battery
TX-930,Tuner,AEX-011,AEX-011,Ni-Cd battery
TX-930,Tuner,AHA-296,AHA-296,Front pad
TX-930,Tuner,AHA-297,AHA-297,Rear pad
TX-930,Tuner,AHE-052,AHE-052,Packing case
TX-930,Tuner,AKA-017,AKA-017,Terminal (ANTENNA)
TX-930,Tuner,AKB-077,AKB-077,Terminal (OUTPUT)
TX-930,Tuner,AKN-034,AKN-034,Terminal (AUTO FUNCTION)
TX-930,Tuner,ANE-393,ANE-393,Top cover
TX-930,Tuner,ANM-209,ANM-209,Front cover
TX-930,Tuner,ANR-514,ANR-514,Card holder
TX-930,Tuner,ANR-515,ANR-515,Front base assembly
TX-930,Tuner,ARB-493,ARB-493,Operating instructions
TX-930,Tuner,ARP-119-0,ARP-119,Service manual  TX-930
TX-930,Tuner,ASG-540,ASG-540,"Push switch (POWER, FM MUTING)"
TX-930,Tuner,ASG-703,ASG-703,SW(FUNCT/POWER/MUTE)
TX-930,Tuner,ASH-015,ASH-015,Slide switch (AM CHANNEL STEP)
TX-930,Tuner,ASH-015,ASH-015,Slide switch (DE-EMPHASIS)
TX-930,Tuner,ASS-018,ASS-018,Crystal resonator
TX-930,Tuner,ATB-076,ATB-076,AM loop antenna
TX-930,Tuner,ATT-916,ATT-916,Power transformer
TX-930,Tuner,AWM-433,AWM-433,"Complex assembly (composed of Control assembly, Switch assembly, Battery assembly, De-emphasis switch assembly and AM CH. step switch assembly)"
TX-930,Tuner,AWM-439,AWM-439,Tuner assembly
TX-940,Tuner,ANE-310,ANE-310,BONNET
TX-940,Tuner,ARP-307,ARP-307,S/M(TX940)
TX-940,Tuner,ASG-413,ASG-413,SWITCH(POWER/ON/STANDBY/SPKR)
TX-940,Tuner,ASG-414,ASG-414,SWITCH(AUTO SCAN/MEMO/FM MUTING
TX-940,Tuner,ASG-703,ASG-703,SW(FUNCT/POWER/MUTE)
TX-950,Tuner,AAC-059,AAC-059,Knob (POWER)
TX-950,Tuner,AAD-778,AAD-778,Knob cap
TX-950,Tuner,AAV-017,AAV-017,Flourescent display tube
TX-950,Tuner,ABH-134,ABH-134,Coiled spring
TX-950,Tuner,ADE-074,ADE-074,Connection cord
TX-950,Tuner,ADG-064,ADG-064,AC power cord - YP
TX-950,Tuner,ADG-071,ADG-071,AC power cord - HEZ
TX-950,Tuner,ADG-072,ADG-072,AC power cord - S
TX-950,Tuner,ADG-072,ADG-072,AC power cord - S/G
TX-950,Tuner,ADG-072,ADG-072,AC power cord - SS
TX-950,Tuner,ADG-073,ADG-073,AC power cord - KU
TX-950,Tuner,ADH-005,ADH-005,FM antenna
TX-950,Tuner,AEC-903,AEC-903,Leg assembly
TX-950,Tuner,AEK-118,AEK-118,Fuse (0.8A/125V) - KU
TX-950,Tuner,AEK-407,AEK-407,Fuse (T400mA/250V) - HEZ
TX-950,Tuner,AEK-407,AEK-407,Fuse (T400mA/250V) - YP
TX-950,Tuner,AHA-376,AHA-376,Side pad
TX-950,Tuner,AHE-332,AHE-332,Packing case - KU
TX-950,Tuner,AHE-354,AHE-354,Packing case - HEZ
TX-950,Tuner,AHE-354,AHE-354,Packing case - S
TX-950,Tuner,AHE-354,AHE-354,Packing case - S/G
TX-950,Tuner,AHE-354,AHE-354,Packing case - SS
TX-950,Tuner,AHE-354,AHE-354,Packing case - YP
TX-950,Tuner,AKA-017,AKA-017,Terminal (ANTENNA) - KU
TX-950,Tuner,AKA-018,AKA-018,Terminal (ANTENNA) - HEZ/YP
TX-950,Tuner,AKB-093,AKB-093,Terminal (OUTPUT)
TX-950,Tuner,AKX-505,AKX-505,"Line voltage selector - S, S/G"
TX-950,Tuner,AKX-505,AKX-505,Line voltage selector - SS
TX-950,Tuner,ANE-475,ANE-475,Bonnet case
TX-950,Tuner,ANM-602,ANM-602,Front panel assembly
TX-950,Tuner,ARB-602,ARB-602,Operating Instructions  TX-950 (English) - KU
TX-950,Tuner,ARB-602,ARB-602,Operating Instructions  TX-950 (English) - YP
TX-950,Tuner,ARC-068,ARC-068,Operating Instructions  TX-950 (Spanish) - S
TX-950,Tuner,ARE-101,ARE-101,"Operating Instructions  TX-950 (English, French, German, Italian) - HEZ"
TX-950,Tuner,ARP-472-0,ARP-472,Service manual  TX-950 - KU
TX-950,Tuner,ARP-481-0,ARP-481,"Service manual  TX-950 - HEZ,YP,S,S/G,SS"
TX-950,Tuner,ASG-413,ASG-413,Switch (POWER)
TX-950,Tuner,ASG-711 (ASG-703),ASG-711 (ASG-703),Tact switch (AM/FM)
TX-950,Tuner,ASG-711 (ASG-703),ASG-711 (ASG-703),Tact switch (MEMORY)
TX-950,Tuner,ASG-711 (ASG-703),ASG-711 (ASG-703),Tact switch (STAION CALL)
TX-950,Tuner,ASG-711 (ASG-703),ASG-711 (ASG-703),Tact switch (TUNING DOWN/UP)
TX-950,Tuner,ASH-034,ASH-034,"Slide switch (DE-EMPHASIS,AM STEP FREQ) - KU"
TX-950,Tuner,ATB-086,ATB-086,Loop antenna assembly
TX-950,Tuner,ATS-095,ATS-095,Power transformer - KU
TX-950,Tuner,ATS-096,ATS-096,Power transformer - HEZ/YP
TX-950,Tuner,ATS-097,ATS-097,"Power transformer - S,S/G"
TX-950,Tuner,ATS-097,ATS-097,Power transformer - SS
TX-950,Tuner,AWS-163,AWS-163,Switch assembly
TX-950,Tuner,GWM-346,GWM-346,Complex assembly - KU
TX-950,Tuner,GWM-357,GWM-357,Complex assembly - S
TX-950,Tuner,GWM-357,GWM-357,Complex assembly - S/G
TX-950,Tuner,GWM-358,GWM-358,Complex assembly - HEZ
TX-950,Tuner,GWM-358,GWM-358,Complex assembly - YP
TX-950,Tuner,GWM-364,GWM-364,Complex assembly - SS
TX-9500,Tuner,AAA-028-0,AAA-028,Knob (TUNING)
TX-9500,Tuner,AAB-091-0,AAB-091,"Knob (OUTPUT LEVEL, FUNCTION)"
TX-9500,Tuner,AAD-040-B,AAD-040,"Knob (POWER, MPX NOISE FILTER,FM MUTING)"
TX-9500,Tuner,AAF-040-0,AAF-040,Dial pointer
TX-9500,Tuner,AAG-089-A,AAG-089,Dial panel assembly
TX-9500,Tuner,AAH-020-0,AAH-020,Side screen (L)
TX-9500,Tuner,AAH-021-0,AAH-021,Side screen (R)
TX-9500,Tuner,AAW-040-0,AAW-040,Double meter (SIGNAL/TUNING)
TX-9500,Tuner,ABA-002-0,ABA-002,Tapping screw MSXB
TX-9500,Tuner,ABA-003-0,ABA-003,Round head screw M3x10
TX-9500,Tuner,ABA-012-0,ABA-012,Tapping screw 4x8
TX-9500,Tuner,ABA-078-A,ABA-078,Collar head tapping screw M3x8
TX-9500,Tuner,ABA-079-A,ABA-079,Collar head tapping screw 4x8
TX-9500,Tuner,ABK-003-0,ABK-003,Hold plate
TX-9500,Tuner,ACG-001-0,ACG-001,Ceramic capacitor 0.01 250V
TX-9500,Tuner,ACG-001-0,ACG-001,Ceramic capacitor 0.01 250V
TX-9500,Tuner,ACV-113-0,ACV-113,Dual control 100kΩ-B2 (OUTPUT)
TX-9500,Tuner,ADE-005-0,ADE-005,Connection cord with pin plugs
TX-9500,Tuner,ADG-004-0,ADG-004,Line cord
TX-9500,Tuner,ADH-002-0,ADH-002,FM T-type antenna
TX-9500,Tuner,AEB-019-0,AEB-019,PC board spacer
TX-9500,Tuner,AEB-068-0,AEB-068,Rubber bracket
TX-9500,Tuner,AEC-005-0,AEC-005,Wire clip (B)
TX-9500,Tuner,AEC-036-A,AEC-036,Acrylic board clip
TX-9500,Tuner,AEC-037-0,AEC-037,Wire clip IS)
TX-9500,Tuner,AEC-079-0,AEC-079,Strain relief
TX-9500,Tuner,AEC-101-0,AEC-101,Pulley
TX-9500,Tuner,AEC-151-B,AEC-151,Wire supporter
TX-9500,Tuner,AEC-178-0,AEC-178,Foot
TX-9500,Tuner,AEC-191-0,AEC-191,Nylon sheet
TX-9500,Tuner,AEC-192-B,AEC-192,Acrylic board
TX-9500,Tuner,AEC-199-0,AEC-199,Lock plate
TX-9500,Tuner,AEK-103-0,AEK-103,"Fuse 2A (F3, lamps)"
TX-9500,Tuner,AEK-103-0,AEK-103,Fuse 2A (lamps)
TX-9500,Tuner,AEK-106-0,AEK-106,Fuse 1A
TX-9500,Tuner,AEK-106-0,AEK-106,Fuse 1A(primary) 220 or 240V
TX-9500,Tuner,AEK-107-0,AEK-107,"Fuse 0.5A (F4, primary)"
TX-9500,Tuner,AEK-107-0,AEK-107,"Fuse 0.5A (primary) 110,120 or130V"
TX-9500,Tuner,AEK-111-0,AEK-111,"Fuse 0.8A (F1, F2 secondary)"
TX-9500,Tuner,AEK-111-0,AEK-111,"Fuse 0.8A (F2, secondary)"
TX-9500,Tuner,AEK-111-0,AEK-111,Fuse 0.8A (secondary)
TX-9500,Tuner,AEK-111-0,AEK-111,Fuse 0.8A (secondary)
TX-9500,Tuner,AEL-025-0,AEL-025,"Lamp 6V (STEREO INDICATOR), 30mA (with leads)"
TX-9500,Tuner,AEL-029-0,AEL-029,"Lamp 8V, 300mA (wedge type)"
TX-9500,Tuner,AHA-081-0,AHA-081,Side pad
TX-9500,Tuner,AHD-249-0,AHD-249,Packing case
TX-9500,Tuner,AHG-026-B,AHG-026,Sheet
TX-9500,Tuner,AKA-002-A,AKA-002,Antenna terminal board
TX-9500,Tuner,AKB-013-0,AKB-013,Phono jack (2 jacks)
TX-9500,Tuner,AKB-014-0,AKB-014,Phone jack A (4 jacks)
TX-9500,Tuner,AKK-004-0,AKK-004,Lamp socket (wedge type)
TX-9500,Tuner,AKP-002-0,AKP-002,AC socket
TX-9500,Tuner,AKR-027-0,AKR-027,Fuse holder (line voltage selector)
TX-9500,Tuner,ANA-082-0,ANA-082,Front frame
TX-9500,Tuner,ANA-083-C,ANA-083,Center frame
TX-9500,Tuner,ANB-313-A,ANB-313,Front panel assembly
TX-9500,Tuner,ANC-188-0,ANC-188,Rear panel
TX-9500,Tuner,AND-084-A,AND-084,Dial stay
TX-9500,Tuner,ANE-078-C,ANE-078,Bottom plate
TX-9500,Tuner,ANE-079-0,ANE-079,Bonnet
TX-9500,Tuner,ANF-303-0,ANF-303,Side frame
TX-9500,Tuner,ANG-014-A,ANG-014,Pulley held metal
TX-9500,Tuner,ANG-115-0,ANG-115,Pulley-held metal
TX-9500,Tuner,ANH-250-A,ANH-250,Lamp board mount plate
TX-9500,Tuner,ANK-018-0,ANK-018,Hexagonal wrench
TX-9500,Tuner,ANK-077-0,ANK-077,Dial pointer guide plate
TX-9500,Tuner,ARB-132,ARB-132,Operating instructions TX-9500
TX-9500,Tuner,ARB-148-0,ARB-148,Operating instructions (English)
TX-9500,Tuner,ARD-082-0,ARD-082,Operating instructions (German/French)
TX-9500,Tuner,ART-106,ART-106,Service Manual TX-9500
TX-9500,Tuner,ART-113-0,ART-113,Service Manual (FV) TX-9500
TX-9500,Tuner,ASD-037-A,ASD-037,Rotary switch (FUNCTION)
TX-9500,Tuner,ASH-013-0,ASH-013,Slide switch (DE-EMPHASIS)
TX-9500,Tuner,ASH-013-A,ASH-013,Slide switch (DE-EMPHASIS)
TX-9500,Tuner,ASK-068-0,ASK-068,Lever switch (POWER)
TX-9500,Tuner,ASK-068-0,ASK-068,"Lever switch (S4, POWER)"
TX-9500,Tuner,ASK-087-B,ASK-087,Lever switch (MPX NOISE FILTER)
TX-9500,Tuner,ASK-090-A,ASK-090,Lever switch (FM MUTING)
TX-9500,Tuner,ATB-040-0,ATB-040,Bar-antenna
TX-9500,Tuner,ATT-235-A,ATT-235,Power transformer
TX-9500,Tuner,AWB-023-0,AWB-023,Front end
TX-9500,Tuner,AWD-007-0,AWD-007,MPX assembly
TX-9500,Tuner,AWE-055-A,AWE-055,AM-FM IF assembly
TX-9500,Tuner,AWK-040-0,AWK-040,AF oscillator assembly
TX-9500,Tuner,AWR-076-0,AWR-076,Power supply circuit assembly
TX-9500,Tuner,AWX-081-0,AWX-081,Lamp board assembly
TX-9500,Tuner,AXA-070-C,AXA-070,Dial drum assembly
TX-9500,Tuner,AXA-071-A,AXA-071,Tuning shaft assembly
TX-9500,Tuner,B11-037-0,B11-037,Pan head screw M3x6 (pit-shaped)
TX-9500,Tuner,B22-016-0,B22-016,Flat washer 9ɸ
TX-9500,Tuner,B22-017-0,B22-017,Flat washer 11ɸ
TX-9500,Tuner,B71-004-0,B71-004,Hex. nut 9:1:
TX-9500,Tuner,B71-005-0,B71-005,Hex. nut 11ɸ
TX-9500,Tuner,CQMA 103J 50,CQMA 103J 50,Mylar capacitor 0.01 50V
TX-9500,Tuner,CQMA 103J 50,CQMA 103J 50,Mylar capacitor 0.01 50V
TX-9500,Tuner,CQMA 512J 50,CQMA 512J 50,Mylar capacitor 0.0051 50V
TX-9500,Tuner,CQMA 512J 50,CQMA 512J 50,Mylar capacitor 0.0051 50V
TX-9500,Tuner,K13-047-0,K13-047,Ground terminal 4P
TX-9500,Tuner,K13-048-0,K13-048,Ground terminal 2P
TX-9500,Tuner,M49-025-E,M49-025,Pulley shaft
TX-9500,Tuner,M49-127-0,M49-127,Socket mount plate
TX-9500,Tuner,T22-025-A,T22-025,Ferrite balun
TX-9500,Tuner,W72-092-0,W72-092,Antenna holder assembly
TX-9500II,Tuner,AAA-038,AAA-038,Knob (TUNING)
TX-9500II,Tuner,AAB-116,AAB-116,Knob (FUNCTION)
TX-9500II,Tuner,AAB-116,AAB-116,Knob (OUTPUT LEVEL)
TX-9500II,Tuner,AAD-117,AAD-117,Knob (IF BAND)
TX-9500II,Tuner,AAD-117,AAD-117,Knob (MODE)
TX-9500II,Tuner,AAD-117,AAD-117,Knob (MUTING)
TX-9500II,Tuner,AAD-117,AAD-117,Knob (POWER)
TX-9500II,Tuner,AAF-054,AAF-054,Dial pointer
TX-9500II,Tuner,AAG-131,AAG-131,Dial panel assembly
TX-9500II,Tuner,AAW-054,AAW-054,Signal meter
TX-9500II,Tuner,AAW-055,AAW-055,Tuning meter
TX-9500II,Tuner,ACG-001,ACG-001,Ceramic 0.01 250V
TX-9500II,Tuner,ACV-178,ACV-178,Variable resistor 10k (OUTPUT LEVEL)
TX-9500II,Tuner,ADF-125,ADF-125,CORD SET
TX-9500II,Tuner,ADG-005,ADG-005,AC power cord (KU/KC)
TX-9500II,Tuner,ADG-016,ADG-016,AC power cord (S)
TX-9500II,Tuner,AEC-262,AEC-262,Antenna clamper
TX-9500II,Tuner,AEK-017,AEK-017,Fuse 2A (Secondary - HG)
TX-9500II,Tuner,AEK-031,AEK-031,Fuse 800mA (Secondary - HG)
TX-9500II,Tuner,AEK-031,AEK-031,Fuse 800mA (Secondary - HG)
TX-9500II,Tuner,AEK-103,AEK-103,Fuse 2A (Secondary - KU/KC)
TX-9500II,Tuner,AEK-106,AEK-106,Fuse 1A (Primary - KU/KC)
TX-9500II,Tuner,AEK-107,AEK-107,Fuse 500mA (Primary - S)
TX-9500II,Tuner,AEK-111,AEK-111,Fuse 800mA (Secondary - KC/KU)
TX-9500II,Tuner,AEK-111,AEK-111,Fuse 800mA (Secondary - KU/KC)
TX-9500II,Tuner,AEK-401,AEK-401,Fuse 500mA (Primary - HG)
TX-9500II,Tuner,AEL-029,AEL-029,"Lamp (Wedge type 8V, 300mA"
TX-9500II,Tuner,AEL-029,AEL-029,"Lamp (Wedge type) 8V, 300mA"
TX-9500II,Tuner,AEL-029,AEL-029,"Lamp (Wedge type) 8V, 300mA"
TX-9500II,Tuner,AEL-029,AEL-029,"Lamp (Wedge type) 8V, 300mA"
TX-9500II,Tuner,AEL-072,AEL-072,"Lamp with wire 8V, 50mA"
TX-9500II,Tuner,AEL-072,AEL-072,"Lamp with wire 8V, 50mA"
TX-9500II,Tuner,AEL-072,AEL-072,"PILOT LAMP(SPEAKER ""B""/STEREO)"
TX-9500II,Tuner,AEL-079,AEL-079,"Lamp with wire 6V, 30mA"
TX-9500II,Tuner,AEL-079,AEL-079,"Lamp with wire GV, 30mA"
TX-9500II,Tuner,AEL-080,AEL-080,"Lamp with wire 6V, 30mA"
TX-9500II,Tuner,AEL-080,AEL-080,PILOT LAMP
TX-9500II,Tuner,AKA-002,AKA-002,Terminal (ANTENNA - KU/KC/S)
TX-9500II,Tuner,AKA-007,AKA-007,Terminal (ANTENNA - HG)
TX-9500II,Tuner,AKB-034,AKB-034,Terminal (FM MULTIPATH)
TX-9500II,Tuner,AKB-035,AKB-035,Terminal (OUTPUT)
TX-9500II,Tuner,AKP-002,AKP-002,AC socket (AC OUTLET)
TX-9500II,Tuner,AKP-002,AKP-002,AC socket (OUTLET - KU/KC/S)
TX-9500II,Tuner,AKP-008,AKP-008,AC socket (INLET - HG)
TX-9500II,Tuner,AKR-031,AKR-031,Plug in selector (Line voltage selector 4 position - S)
TX-9500II,Tuner,AKX-037,AKX-037,Plug in selector (Line voltage selector 2 position - HG)
TX-9500II,Tuner,ANB-485,ANB-485,Front panel assembly
TX-9500II,Tuner,ANE-115,ANE-115,BONNET
TX-9500II,Tuner,ARB-207,ARB-207,Operating instructions (English - KU/KC)
TX-9500II,Tuner,ARB-218,ARB-218,Operating instructions (English - HG)
TX-9500II,Tuner,ARB-219,ARB-219,Operating instructions (English - S)
TX-9500II,Tuner,ARD-107,ARD-107,Operating instructions (German / French - HG)
TX-9500II,Tuner,ART-203-0,ART-203,Service Manual TX-9500II
TX-9500II,Tuner,ASD-063,ASD-063,Rotary switch (FUNCTION)
TX-9500II,Tuner,ASH-016,ASH-016,Slide switch(DE-EMPHASIS - KU/KC)
TX-9500II,Tuner,ASH-017,ASH-017,Slide switch(DE-EMPHASIS - S)
TX-9500II,Tuner,ASK-109,ASK-109,Lever switch (IF BAND)
TX-9500II,Tuner,ASK-111,ASK-111,Lever switch (MUTING)
TX-9500II,Tuner,ASK-113,ASK-113,Lever switch (MODE)
TX-9500II,Tuner,ASK-124,ASK-124,Lever switch(POWER - KU/KC)
TX-9500II,Tuner,ASK-127,ASK-127,Lever switch(POWER - HG)
TX-9500II,Tuner,ASK-128,ASK-128,Lever switch(POWER - S)
TX-9500II,Tuner,ATB-507,ATB-507,Bar antenna
TX-9500II,Tuner,ATT-347,ATT-347,Power transformer(KU/KC)
TX-9500II,Tuner,ATT-348,ATT-348,Power transformer(HG)
TX-9500II,Tuner,ATT-349,ATT-349,Power transformer(S)
TX-9500II,Tuner,AWB-023,AWB-023,FM front end
TX-9500II,Tuner,AWD-008,AWD-008,MPX AF assembly (HG)
TX-9500II,Tuner,AWD-009,AWD-009,MPX AF assembly
TX-9500II,Tuner,AWD-009,AWD-009,MPX AF assembly (KU/KC)
TX-9500II,Tuner,AWD-010,AWD-010,MPX AF assembly (S)
TX-9500II,Tuner,AWE-070,AWE-070,AM FM IF assembly
TX-9500II,Tuner,AWR-128,AWR-128,Power supply assembly (KU)
TX-9500II,Tuner,AWR-129,AWR-129,Power supply assembly (KC)
TX-9500II,Tuner,AWR-130,AWR-130,Power supply assembly (HG)
TX-9500II,Tuner,AWR-131,AWR-131,Power supply assembly (S)
TX-9500II,Tuner,AWX-104,AWX-104,Lamp board assembly
TX-9500II,Tuner,AXA-070,AXA-070,Dial drum assembly
TX-9500II,Tuner,AXA-114,AXA-114,Dial shaft assembly
TX-9500II,Tuner,AXB-011,AXB-011,Antenna holder
TX-9500II,Tuner,CKDYF 403Z 50,CKDYF 403Z 50,Ceramic 0.04 50V
TX-9500II,Tuner,RD½PS 225J,RD½PS 225J,Carbon film 2.2M
TX-9500II,Tuner,T22-025,T22-025,Ferrite balun
TX-9500II,Tuner,T24-030,T24-030,RF choke coil
TX-960,Tuner,ARP-820,ARP-820,S/M TX-960L(BK)
TX-960,Tuner,ASG-413,ASG-413,SWITCH(POWER/ON/STANDBY/SPKR)
TX-960,Tuner,ASG-711,ASG-711,SW(FUNCT)POWER
TX-970,Tuner,ARP-820,ARP-820,S/M TX-960L(BK)
TX-970,Tuner,ASG-413,ASG-413,SWITCH(POWER/ON/STANDBY/SPKR)
TX-9800,Tuner,AAA-057,AAA-057,KNOB(TUNING)
TX-9800,Tuner,AAB-196,AAB-196,KNOB(SPKR/BASS/TREBLE/BAL
TX-9800,Tuner,AAW-002,AAW-002,METER(TUNING)
TX-9800,Tuner,ARB-308,ARB-308,O/M TX-9800
TX-9800,Tuner,ART-346,ART-346,S/M(TX9800)
TX-9800,Tuner,ASK-109,ASK-109,SWITCH(TONE)
TX-9800,Tuner,ASK-112,ASK-112,SWITCH
TX-9800,Tuner,ASK-124,ASK-124,POWER SWITCH
TX-9800,Tuner,AXB-012,AXB-012,BRACKET F/ANTENNA SX750
