model,category,part_number,normalized_part_number,description
CT-F7272,Cassette Tape,ART-196-0,ART-196,Service manual  CT-F7272  (KCU)
CT-F7272,Cassette Tape,B11-012,B11-012,Binding post
CT-F7272,Cassette Tape,CQMA 473K 50,CQMA 473K 50,Mylar 0.047 50V
CT-F7272,Cassette Tape,RAA-092,RAA-092,Knob (POWER)
CT-F7272,Cassette Tape,RAA-153,RAA-153,"Knob (INPUT, OUTPUT L)"
CT-F7272,Cassette Tape,RAA-154,RAA-154,"Knob (INPUT, OUTPUT R)"
CT-F7272,Cassette Tape,RAA-157,RAA-157,"Knob (MEMORY, DOLBY, TAPE)"
CT-F7272,Cassette Tape,RAH-154,RAH-154,Panel
CT-F7272,Cassette Tape,RAH-161,RAH-161,Front panel
CT-F7272,Cassette Tape,RAW-045,RAW-045,Counter
CT-F7272,Cassette Tape,RAW-047,RAW-047,Level meter
CT-F7272,Cassette Tape,RBF-030,RBF-030,Washer
CT-F7272,Cassette Tape,RBH-277,RBH-277,Spring
CT-F7272,Cassette Tape,RBH-282,RBH-282,Spring
CT-F7272,Cassette Tape,RBH-283,RBH-283,Spring
CT-F7272,Cassette Tape,RBH-284,RBH-284,Spring
CT-F7272,Cassette Tape,RBH-285,RBH-285,Spring (L)
CT-F7272,Cassette Tape,RBH-286,RBH-286,Spring (R)
CT-F7272,Cassette Tape,RBH-287,RBH-287,Spring
CT-F7272,Cassette Tape,RBH-288,RBH-288,Spring
CT-F7272,Cassette Tape,RBH-290,RBH-290,Spring
CT-F7272,Cassette Tape,RBH-291,RBH-291,Spring
CT-F7272,Cassette Tape,RBH-292,RBH-292,Spring
CT-F7272,Cassette Tape,RBH-293,RBH-293,Spring
CT-F7272,Cassette Tape,RBH-294,RBH-294,Spring
CT-F7272,Cassette Tape,RBH-295,RBH-295,Spring
CT-F7272,Cassette Tape,RBH-296,RBH-296,Spring
CT-F7272,Cassette Tape,RBH-297,RBH-297,Spring
CT-F7272,Cassette Tape,RBH-301,RBH-301,Spring
CT-F7272,Cassette Tape,RBH-304,RBH-304,Spring
CT-F7272,Cassette Tape,RBH-306,RBH-306,Spring
CT-F7272,Cassette Tape,RBH-310,RBH-310,Spring
CT-F7272,Cassette Tape,RBK-096,RBK-096,Spring
CT-F7272,Cassette Tape,RBK-099,RBK-099,Plate spring
CT-F7272,Cassette Tape,RCV-029,RCV-029,Variable resistor (INPUT)
CT-F7272,Cassette Tape,RCV-030,RCV-030,Variable resistor (OUTPUT)
CT-F7272,Cassette Tape,RDE-019,RDE-019,Connection cord
CT-F7272,Cassette Tape,RDG-013,RDG-013,Power cord
CT-F7272,Cassette Tape,REA-014,REA-014,Cleaning kit
CT-F7272,Cassette Tape,REB-187,REB-187,Brake shoe
CT-F7272,Cassette Tape,REB-189,REB-189,Belt
CT-F7272,Cassette Tape,REB-190,REB-190,Belt
CT-F7272,Cassette Tape,REB-191,REB-191,Belt
CT-F7272,Cassette Tape,REB-194,REB-194,Rubber cushion
CT-F7272,Cassette Tape,REE-055,REE-055,Spacer
CT-F7272,Cassette Tape,REF-013,REF-013,Steel ball
CT-F7272,Cassette Tape,REL-026,REL-026,Lamp (CrO2) 26V 30mA
CT-F7272,Cassette Tape,REL-026,REL-026,Lamp (FeCr) 26V 30mA
CT-F7272,Cassette Tape,REL-033,REL-033,Indicator lamp assembly
CT-F7272,Cassette Tape,RHA-119,RHA-119,Side pad
CT-F7272,Cassette Tape,RHG-150,RHG-150,Packing case (KU)
CT-F7272,Cassette Tape,RHG-151,RHG-151,Packing case (KC)
CT-F7272,Cassette Tape,RHL-018,RHL-018,Vinyl bag
CT-F7272,Cassette Tape,RHL-019,RHL-019,Vinyl bag
CT-F7272,Cassette Tape,RHL-035,RHL-035,Vinyl bag
CT-F7272,Cassette Tape,RKB-010,RKB-010,Pin jack assembly
CT-F7272,Cassette Tape,RKN-031,RKN-031,Phone jack (MIC)
CT-F7272,Cassette Tape,RKN-032,RKN-032,Phone jack (HEADPHONES)
CT-F7272,Cassette Tape,RLA-601,RLA-601,Pulley
CT-F7272,Cassette Tape,RLA-602,RLA-602,Shaft
CT-F7272,Cassette Tape,RLP-009,RLP-009,Roller
CT-F7272,Cassette Tape,RLP-010,RLP-010,Roller
CT-F7272,Cassette Tape,RMM-032,RMM-032,Wooden case
CT-F7272,Cassette Tape,RNE-974,RNE-974,Plate
CT-F7272,Cassette Tape,RNE-976,RNE-976,Bracket
CT-F7272,Cassette Tape,RNE-978,RNE-978,Angle
CT-F7272,Cassette Tape,RNE-983,RNE-983,Arm
CT-F7272,Cassette Tape,RNE-987,RNE-987,Plate
CT-F7272,Cassette Tape,RNE-991,RNE-991,Plate
CT-F7272,Cassette Tape,RNE-992,RNE-992,Angle
CT-F7272,Cassette Tape,RNF-023,RNF-023,Plate
CT-F7272,Cassette Tape,RNF-024,RNF-024,Cord clamper
CT-F7272,Cassette Tape,RNK-202,RNK-202,Lens
CT-F7272,Cassette Tape,RNK-240,RNK-240,Cassette guide (L)
CT-F7272,Cassette Tape,RNK-241,RNK-241,Cassette guide (R)
CT-F7272,Cassette Tape,RNK-244,RNK-244,Door
CT-F7272,Cassette Tape,RNK-258,RNK-258,Holder
CT-F7272,Cassette Tape,RNK-259,RNK-259,Arm
CT-F7272,Cassette Tape,RNK-260,RNK-260,Lever
CT-F7272,Cassette Tape,RNK-279,RNK-279,Cassette cover
CT-F7272,Cassette Tape,RNK-280,RNK-280,Knob (A - FF)
CT-F7272,Cassette Tape,RNK-280,RNK-280,Knob (A - PAUSE)
CT-F7272,Cassette Tape,RNK-280,RNK-280,Knob (A - REW)
CT-F7272,Cassette Tape,RNK-281,RNK-281,Knob (B - PLAY)
CT-F7272,Cassette Tape,RNK-282,RNK-282,Knob (C - STOP)
CT-F7272,Cassette Tape,RNK-283,RNK-283,Knob (D - REC)
CT-F7272,Cassette Tape,RPB-014,RPB-014,Erase head
CT-F7272,Cassette Tape,RPB-037,RPB-037,REC/PB head
CT-F7272,Cassette Tape,RRB-072,RRB-072,Operating instructions
CT-F7272,Cassette Tape,RRW-001,RRW-001,Head label
CT-F7272,Cassette Tape,RSA-010,RSA-010,Power switch
CT-F7272,Cassette Tape,RSA-016,RSA-016,Power switch
CT-F7272,Cassette Tape,RSH-011,RSH-011,Slide switch
CT-F7272,Cassette Tape,RSH-021,RSH-021,Switch (INPUT SELECTOR)
CT-F7272,Cassette Tape,RSK-031,RSK-031,Lever switch
CT-F7272,Cassette Tape,RSK-032,RSK-032,Lever switch
CT-F7272,Cassette Tape,RSK-032,RSK-032,Lever switch
CT-F7272,Cassette Tape,RSN-006,RSN-006,MUTING Switch
CT-F7272,Cassette Tape,RSN-006,RSN-006,PAUSE Switch
CT-F7272,Cassette Tape,RSN-010,RSN-010,CHROME TAPE DETECTOR
CT-F7272,Cassette Tape,RSN-011,RSN-011,PLAY Switch
CT-F7272,Cassette Tape,RSN-019,RSN-019,REW Switch
CT-F7272,Cassette Tape,RSX-041,RSX-041,Switch assembly
CT-F7272,Cassette Tape,RTT-097,RTT-097,Power transformer
CT-F7272,Cassette Tape,RWF-056,RWF-056,REC/PB amplifier assembly
CT-F7272,Cassette Tape,RWG-062,RWG-062,Control assembly
CT-F7272,Cassette Tape,RWR-035,RWR-035,Power supply assembly
CT-F7272,Cassette Tape,RWS-044,RWS-044,Switch assembly
CT-F7272,Cassette Tape,RWX-109,RWX-109,Spark killer
CT-F7272,Cassette Tape,RWX-128,RWX-128,Jack Assembly
CT-F7272,Cassette Tape,RWX-130,RWX-130,Indicator assembly
CT-F7272,Cassette Tape,RXA-558,RXA-558,Shaft holder
CT-F7272,Cassette Tape,RXA-661,RXA-661,Angle assembly
CT-F7272,Cassette Tape,RXA-664,RXA-664,Flywheel assembly
CT-F7272,Cassette Tape,RXA-677,RXA-677,Door cushion assembly
CT-F7272,Cassette Tape,RXA-678,RXA-678,Chassis assembly
CT-F7272,Cassette Tape,RXA-682,RXA-682,REC arm assembly
CT-F7272,Cassette Tape,RXA-683,RXA-683,REC lever assembly
CT-F7272,Cassette Tape,RXA-686,RXA-686,Bracket (R) Assembly
CT-F7272,Cassette Tape,RXA-687,RXA-687,Bracket (L) assembly
CT-F7272,Cassette Tape,RXA-688,RXA-688,Plate assembly
CT-F7272,Cassette Tape,RXA-689,RXA-689,Holder assembly
CT-F7272,Cassette Tape,RXA-690,RXA-690,Bracket assembly
CT-F7272,Cassette Tape,RXA-691,RXA-691,Pinch arm assembly
CT-F7272,Cassette Tape,RXA-692,RXA-692,Bracket assembly
CT-F7272,Cassette Tape,RXA-693,RXA-693,Lever assembly
CT-F7272,Cassette Tape,RXA-696,RXA-696,Lever assembly
CT-F7272,Cassette Tape,RXA-700,RXA-700,Lever assembly
CT-F7272,Cassette Tape,RXA-723,RXA-723,Fast arm full assembly (R)
CT-F7272,Cassette Tape,RXA-724,RXA-724,Fast arm full assembly(L)
CT-F7272,Cassette Tape,RXA-740,RXA-740,Take up reel full assembly
CT-F7272,Cassette Tape,RXA-741,RXA-741,Supply reel full assembly
CT-F7272,Cassette Tape,RXA-742,RXA-742,Idler assembly
CT-F7272,Cassette Tape,RXA-744,RXA-744,Idler assembly
CT-F7272,Cassette Tape,RXA-754,RXA-754,Arm full assembly
CT-F7272,Cassette Tape,RXM-027,RXM-027,Motor
CT-F7272,Cassette Tape,RXP-036,RXP-036,STOP SOL
CT-F7272,Cassette Tape,RYY-003,RYY-003,Dolby module
CT-F750,Cassette Tape,BG-30,BG-30,Indicator
CT-F750,Cassette Tape,PNK-848,PNK-848,"Push knob (COUNTER, REVERSE MODE, TAPE SEL, METER)"
CT-F750,Cassette Tape,RAA-282,RAA-282,Volume knob assembly (OUTPUT)
CT-F750,Cassette Tape,RAA-283,RAA-283,Volume knob (INPUT - L) assembly
CT-F750,Cassette Tape,RAA-284,RAA-284,Volume knob (INPUT - R) assembly
CT-F750,Cassette Tape,RAC-109,RAC-109,"Lever knob (DOLBY, REC MUTE) assembly"
CT-F750,Cassette Tape,RAC-110,RAC-110,Lever knob (POWER) assembly
CT-F750,Cassette Tape,RAC-116,RAC-116,Cover close knob assembly
CT-F750,Cassette Tape,RAH-290,RAH-290,FR key
CT-F750,Cassette Tape,RAW-127,RAW-127,Tape counter
CT-F750,Cassette Tape,RBA-046,RBA-046,Screw
CT-F750,Cassette Tape,RBF-013,RBF-013,Steel ball
CT-F750,Cassette Tape,RBF-030,RBF-030,Washer
CT-F750,Cassette Tape,RBH-374,RBH-374,Spring .
CT-F750,Cassette Tape,RBH-592,RBH-592,Spring
CT-F750,Cassette Tape,RBH-593,RBH-593,Spring
CT-F750,Cassette Tape,RBH-594,RBH-594,Spring
CT-F750,Cassette Tape,RBH-595,RBH-595,Spring
CT-F750,Cassette Tape,RBH-596,RBH-596,HB spring
CT-F750,Cassette Tape,RBH-597,RBH-597,Spring
CT-F750,Cassette Tape,RBH-598,RBH-598,Spring
CT-F750,Cassette Tape,RBH-603,RBH-603,Spring
CT-F750,Cassette Tape,RBH-604,RBH-604,Spring
CT-F750,Cassette Tape,RBH-605,RBH-605,REW spring A
CT-F750,Cassette Tape,RBH-606,RBH-606,REW spring B
CT-F750,Cassette Tape,RBH-607,RBH-607,Spring
CT-F750,Cassette Tape,RBH-608,RBH-608,Spring
CT-F750,Cassette Tape,RBH-609,RBH-609,Spring
CT-F750,Cassette Tape,RBH-610,RBH-610,Spring
CT-F750,Cassette Tape,RBH-611,RBH-611,Spring
CT-F750,Cassette Tape,RBH-613,RBH-613,Spring
CT-F750,Cassette Tape,RBH-614,RBH-614,Spring
CT-F750,Cassette Tape,RBH-615,RBH-615,Spring
CT-F750,Cassette Tape,RBH-616,RBH-616,Spring
CT-F750,Cassette Tape,RBH-617,RBH-617,Spring
CT-F750,Cassette Tape,RBH-618,RBH-618,Spring
CT-F750,Cassette Tape,RBH-623,RBH-623,Spring
CT-F750,Cassette Tape,RBH-636,RBH-636,Spring
CT-F750,Cassette Tape,RBH-637,RBH-637,Spring
CT-F750,Cassette Tape,RBH-638,RBH-638,Spring
CT-F750,Cassette Tape,RBH-639,RBH-639,Spring
CT-F750,Cassette Tape,RBH-640,RBH-640,Spring
CT-F750,Cassette Tape,RBH-641,RBH-641,Spring
CT-F750,Cassette Tape,RBH-642,RBH-642,Spring
CT-F750,Cassette Tape,RBH-643,RBH-643,Spring
CT-F750,Cassette Tape,RBM-004,RBM-004,Wire nut
CT-F750,Cassette Tape,RCV-077,RCV-077,Volume 20k (INPUT)
CT-F750,Cassette Tape,RCV-078,RCV-078,Volume 20k (OUTPUT)
CT-F750,Cassette Tape,RDE-031 (RDE-028) (RDE-032),RDE-031 (RDE-028) (RDE-032),Cord assembly
CT-F750,Cassette Tape,RDG-022,RDG-022,AC power cord
CT-F750,Cassette Tape,REA-021,REA-021,Head cleaning kit assembly
CT-F750,Cassette Tape,REB-187,REB-187,Brake rubber shoe
CT-F750,Cassette Tape,REB-223,REB-223,Cover cushion (D)
CT-F750,Cassette Tape,REB-241,REB-241,Door stopper
CT-F750,Cassette Tape,REB-297,REB-297,Lamp holder
CT-F750,Cassette Tape,REB-335,REB-335,Rubber
CT-F750,Cassette Tape,REB-341,REB-341,Stopper
CT-F750,Cassette Tape,REB-344,REB-344,Cover cushion
CT-F750,Cassette Tape,REB-350,REB-350,Counter belt
CT-F750,Cassette Tape,REB-352,REB-352,Capstan belt
CT-F750,Cassette Tape,REB-353,REB-353,REW pulley belt
CT-F750,Cassette Tape,REB-354,REB-354,TU belt
CT-F750,Cassette Tape,REB-398,REB-398,BT belt
CT-F750,Cassette Tape,REC-250,REC-250,Capacitor cover
CT-F750,Cassette Tape,REC-272,REC-272,Strain relief
CT-F750,Cassette Tape,REC-278,REC-278,Switch spacer
CT-F750,Cassette Tape,RED-168,RED-168,Mask
CT-F750,Cassette Tape,RED-175,RED-175,Cover cushion
CT-F750,Cassette Tape,REH-669,REH-669,Spring
CT-F750,Cassette Tape,REL-072,REL-072,Lamp
CT-F750,Cassette Tape,REL-075,REL-075,Lamp
CT-F750,Cassette Tape,REL-075,REL-075,Lamp
CT-F750,Cassette Tape,REL-076,REL-076,Lamp
CT-F750,Cassette Tape,RHA-185,RHA-185,Side protector
CT-F750,Cassette Tape,RHG-291,RHG-291,Packing case (KC)
CT-F750,Cassette Tape,RHG-292,RHG-292,Packing case (KU)
CT-F750,Cassette Tape,RHL-018,RHL-018,Vinyl bag
CT-F750,Cassette Tape,RHL-041,RHL-041,Vinyl bag
CT-F750,Cassette Tape,RKB-014 (RKB-016),RKB-014 (RKB-016),Pin jack (4P)
CT-F750,Cassette Tape,RKN-055,RKN-055,Mic jack
CT-F750,Cassette Tape,RKN-056,RKN-056,Phone jack
CT-F750,Cassette Tape,RKP-117,RKP-117,Connector assembly (B)
CT-F750,Cassette Tape,RKP-138,RKP-138,Connector assembly 7P
CT-F750,Cassette Tape,RKP-139,RKP-139,Connector assembly 10P
CT-F750,Cassette Tape,RKP-144,RKP-144,Connector assembly (E)
CT-F750,Cassette Tape,RLB-152,RLB-152,Roller (C)
CT-F750,Cassette Tape,RLB-162,RLB-162,Roller
CT-F750,Cassette Tape,RLB-165,RLB-165,Pulley
CT-F750,Cassette Tape,RLB-166,RLB-166,Hight adjuster
CT-F750,Cassette Tape,RLB-217,RLB-217,Gear roller
CT-F750,Cassette Tape,RNA-419,RNA-419,Bonnet
CT-F750,Cassette Tape,RNF-601,RNF-601,Lever
CT-F750,Cassette Tape,RNK-292,RNK-292,ElT pulley
CT-F750,Cassette Tape,RNK-308,RNK-308,Roller
CT-F750,Cassette Tape,RNK-749,RNK-749,Gear B
CT-F750,Cassette Tape,RNK-750,RNK-750,Switch arm A
CT-F750,Cassette Tape,RNK-751,RNK-751,Switch arm B
CT-F750,Cassette Tape,RNK-761,RNK-761,Screw
CT-F750,Cassette Tape,RNK-762,RNK-762,"Cap (REW, FF, STOP, PLAY, REC, PAUSE)"
CT-F750,Cassette Tape,RNK-764,RNK-764,Button stopper
CT-F750,Cassette Tape,RNK-794,RNK-794,Cassette guide ( L)
CT-F750,Cassette Tape,RNK-795,RNK-795,Cassette guide (R)
CT-F750,Cassette Tape,RNK-802,RNK-802,Half holder arm
CT-F750,Cassette Tape,RNK-804,RNK-804,Lever
CT-F750,Cassette Tape,RNK-808,RNK-808,Roller (B)
CT-F750,Cassette Tape,RNK-810,RNK-810,Head cord cover
CT-F750,Cassette Tape,RNK-815,RNK-815,Reel cap (Bl
CT-F750,Cassette Tape,RNK-837,RNK-837,Illuminating plate
CT-F750,Cassette Tape,RNK-838,RNK-838,FR indicator
CT-F750,Cassette Tape,RNK-840,RNK-840,Lamp holder L
CT-F750,Cassette Tape,RNK-841,RNK-841,Lamp holder R
CT-F750,Cassette Tape,RNK-843,RNK-843,Knob
CT-F750,Cassette Tape,RNK-845,RNK-845,Meter cover
CT-F750,Cassette Tape,RNK-846,RNK-846,Meter lens
CT-F750,Cassette Tape,RNK-847,RNK-847,Meter panel
CT-F750,Cassette Tape,RNK-848,RNK-848,Push knob
CT-F750,Cassette Tape,RNK-849,RNK-849,Head cover
CT-F750,Cassette Tape,RRB-108,RRB-108,Operating instruction
CT-F750,Cassette Tape,RRW-082,RRW-082,R/P head label
CT-F750,Cassette Tape,RRW-118,RRW-118,E head label
CT-F750,Cassette Tape,RSA-028,RSA-028,Power switch
CT-F750,Cassette Tape,RSF-022,RSF-022,Microswitch
CT-F750,Cassette Tape,RSF-024,RSF-024,Microswitch (B)
CT-F750,Cassette Tape,RSF-025,RSF-025,Microswitch
CT-F750,Cassette Tape,RSF-026,RSF-026,Micro switch
CT-F750,Cassette Tape,RSG-090,RSG-090,Push switch assembly
CT-F750,Cassette Tape,RSH-043,RSH-043,Slide switch (REC PLAYBACK SEL - L)
CT-F750,Cassette Tape,RSH-048,RSH-048,"Slide switch (FWD REV SEL, REC PLAYBACK SEL - R)"
CT-F750,Cassette Tape,RSK-055,RSK-055,Lever switch (REC MUTE)
CT-F750,Cassette Tape,RSK-056,RSK-056,Lever switch (DOLBY NR)
CT-F750,Cassette Tape,RSN-025,RSN-025,Leaf switch
CT-F750,Cassette Tape,RSN-027,RSN-027,Lever switch
CT-F750,Cassette Tape,RSN-028,RSN-028,Switch S002
CT-F750,Cassette Tape,RSR-031,RSR-031,Relay
CT-F750,Cassette Tape,RTT-177,RTT-177,Power transformer (KU)
CT-F750,Cassette Tape,RTT-198,RTT-198,Power transformer (KC)
CT-F750,Cassette Tape,RWR-075,RWR-075,Power supply unit
CT-F750,Cassette Tape,RWS-077,RWS-077,Switch unit
CT-F750,Cassette Tape,RWX-109,RWX-109,Spark killer (KU)
CT-F750,Cassette Tape,RWX-150,RWX-150,Spark killer (KC)
CT-F750,Cassette Tape,RWX-330,RWX-330,Main unit (KU)
CT-F750,Cassette Tape,RWX-331,RWX-331,FL unit
CT-F750,Cassette Tape,RWX-388,RWX-388,Main unit (KC)
CT-F750,Cassette Tape,RXB-133,RXB-133,Foot assembly
CT-F750,Cassette Tape,RXB-146,RXB-146,Gear A assembly
CT-F750,Cassette Tape,RXB-150,RXB-150,TU operation pulley assembly
CT-F750,Cassette Tape,RXB-155,RXB-155,Pinch spring arm L assembly
CT-F750,Cassette Tape,RXB-156,RXB-156,Pinch spring arm R assembly
CT-F750,Cassette Tape,RXB-157,RXB-157,Pinch-arm assembly
CT-F750,Cassette Tape,RXB-158,RXB-158,Flywheel assembly (L)
CT-F750,Cassette Tape,RXB-159,RXB-159,Flywheel assembly (R)
CT-F750,Cassette Tape,RXB-160,RXB-160,Holder assembly
CT-F750,Cassette Tape,RXB-221,RXB-221,TU arm full assembly
CT-F750,Cassette Tape,RXB-222,RXB-222,Spring bracket assembly
CT-F750,Cassette Tape,RXB-223,RXB-223,Pulley assembly
CT-F750,Cassette Tape,RXB-224,RXB-224,Reel L assembly
CT-F750,Cassette Tape,RXB-225,RXB-225,Reel R assembly
CT-F750,Cassette Tape,RXB-226,RXB-226,REW pulley assembly
CT-F750,Cassette Tape,RXB-229,RXB-229,Fast operation full assembly
CT-F750,Cassette Tape,RXB-230,RXB-230,REW arm full assembly A
CT-F750,Cassette Tape,RXB-232,RXB-232,REW arm full assembly B
CT-F750,Cassette Tape,RXB-237 (RXB-285),RXB-237 (RXB-285),Sub-head assembly
CT-F750,Cassette Tape,RXM-061,RXM-061,Motor
CT-F750,Cassette Tape,RXP-072,RXP-072,Start solenoid
CT-F750,Cassette Tape,RXP-073,RXP-073,Stop solenoid
CT-F750,Cassette Tape,RXP-074,RXP-074,Trigger solenoid
CT-F750,Cassette Tape,RXX-269,RXX-269,Front panel assembly
CT-F8282,Cassette Tape,AEC-178,AEC-178,Foot assembly
CT-F8282,Cassette Tape,ART-194,ART-194,Service manual CT-F8282 (KCU)
CT-F8282,Cassette Tape,B11-012,B11-012,Binding post
CT-F8282,Cassette Tape,PHA-122,PHA-122,Side pad
CT-F8282,Cassette Tape,PLA-466,PLA-466,Pulley
CT-F8282,Cassette Tape,PWX-113,PWX-113,Indicator assembly
CT-F8282,Cassette Tape,PXA-656,PXA-656,Door arm assembly
CT-F8282,Cassette Tape,RAA-113,RAA-113,Lever knob assembly (PAUSE)
CT-F8282,Cassette Tape,RAA-119,RAA-119,Volume knob A (INPUT)
CT-F8282,Cassette Tape,RAA-120,RAA-120,Volume knob B (OUTPUT)
CT-F8282,Cassette Tape,RAA-141,RAA-141,Knob (POWER)
CT-F8282,Cassette Tape,RAA-162,RAA-162,"Knob assembly (RESET-MEMORY/STOP, BIAS, EQ, DOLBY NR)"
CT-F8282,Cassette Tape,RAH-152,RAH-152,"Lever A (REW, FFW)"
CT-F8282,Cassette Tape,RAH-152,RAH-152,"Lever A (STOP, PLAY)"
CT-F8282,Cassette Tape,RAH-153,RAH-153,Lever B (REC)
CT-F8282,Cassette Tape,RAH-163,RAH-163,Front panel
CT-F8282,Cassette Tape,RAW-033,RAW-033,Tape counter
CT-F8282,Cassette Tape,RAW-041,RAW-041,"Level meter (LEFT, RIGHT)"
CT-F8282,Cassette Tape,RCV-027,RCV-027,INPUT LEVEL Control 20k(A)
CT-F8282,Cassette Tape,RCV-027,RCV-027,INPUT LEVEL Control 20k(A)
CT-F8282,Cassette Tape,RCV-028,RCV-028,OUTPUT LEVEL Control 20k(B)
CT-F8282,Cassette Tape,RCV-028,RCV-028,OUTPUT LEVEL Control 20k(B)
CT-F8282,Cassette Tape,RDE-010,RDE-010,Connection cord
CT-F8282,Cassette Tape,RDG-013,RDG-013,Power cord
CT-F8282,Cassette Tape,RD¼PS 103J,RD¼PS 103J,Carbon film 10k
CT-F8282,Cassette Tape,RD¼PS 103J,RD¼PS 103J,Carbon film 10k
CT-F8282,Cassette Tape,REA-014,REA-014,Cleaning kit
CT-F8282,Cassette Tape,REB-150,REB-150,Capstan belt
CT-F8282,Cassette Tape,REB-153,REB-153,Stopper
CT-F8282,Cassette Tape,REB-156,REB-156,Sensing belt
CT-F8282,Cassette Tape,REB-184,REB-184,Lamp cover
CT-F8282,Cassette Tape,REB-185,REB-185,Counter belt
CT-F8282,Cassette Tape,REK-059,REK-059,Fuse 1.2A
CT-F8282,Cassette Tape,REL-026,REL-026,Lamp (CHROME)
CT-F8282,Cassette Tape,REL-026,REL-026,Lamp (DRLBY)
CT-F8282,Cassette Tape,REL-026,REL-026,Lamp (MEMORY)
CT-F8282,Cassette Tape,REL-027,REL-027,Lamp assembly
CT-F8282,Cassette Tape,RHA-122,RHA-122,Side pad
CT-F8282,Cassette Tape,RHG-157,RHG-157,Packing case (KC)
CT-F8282,Cassette Tape,RHG-158,RHG-158,Packing case (KU)
CT-F8282,Cassette Tape,RHL-018,RHL-018,Vinyl bag
CT-F8282,Cassette Tape,RHL-019,RHL-019,Vinyl bag
CT-F8282,Cassette Tape,RHL-031,RHL-031,Vinyl bag
CT-F8282,Cassette Tape,RKB-010,RKB-010,"Jack assembly (LINE IN, LINE OUT)"
CT-F8282,Cassette Tape,RKN-031,RKN-031,Phone jack (MIC)
CT-F8282,Cassette Tape,RKN-032,RKN-032,HEADPHONES jack
CT-F8282,Cassette Tape,RKN-032,RKN-032,Phone jack (Headphone)
CT-F8282,Cassette Tape,RKP-017,RKP-017,AC outlet
CT-F8282,Cassette Tape,RLA-549,RLA-549,Shaft
CT-F8282,Cassette Tape,RMM-033,RMM-033,Top board assembly
CT-F8282,Cassette Tape,RMS-064,RMS-064,Bottom plate
CT-F8282,Cassette Tape,RNE-773,RNE-773,Lever
CT-F8282,Cassette Tape,RNE-951,RNE-951,Fixed plate
CT-F8282,Cassette Tape,RNK-235,RNK-235,Knob guide
CT-F8282,Cassette Tape,RNK-236,RNK-236,Tape counter indicator
CT-F8282,Cassette Tape,RNK-237,RNK-237,Door
CT-F8282,Cassette Tape,RNK-238,RNK-238,Indicator (ON)
CT-F8282,Cassette Tape,RNK-239,RNK-239,CrO2 indicator
CT-F8282,Cassette Tape,RNK-294,RNK-294,Meter escutcheon
CT-F8282,Cassette Tape,RPB-014,RPB-014,Erase head
CT-F8282,Cassette Tape,RPB-027,RPB-027,REC/PB head
CT-F8282,Cassette Tape,RRB-063,RRB-063,Operating instructions  CT-F8282
CT-F8282,Cassette Tape,RRW-001,RRW-001,Label
CT-F8282,Cassette Tape,RSA-010,RSA-010,Power switch
CT-F8282,Cassette Tape,RSF-017,RSF-017,Micro switch (PAUSE)
CT-F8282,Cassette Tape,RSF-019,RSF-019,Micro switch
CT-F8282,Cassette Tape,RSG-045,RSG-045,"Push Switch (EQ, BIAS, DOLBY, MEMORY)"
CT-F8282,Cassette Tape,RSG-046,RSG-046,"Function switch (REW, FF, PLAY, REC)"
CT-F8282,Cassette Tape,RSH-021,RSH-021,Switch (INPUT SELECTOR)
CT-F8282,Cassette Tape,RSK-033,RSK-033,Lever switch (PAUSE)
CT-F8282,Cassette Tape,RSX-040,RSX-040,Sensing switch assembly
CT-F8282,Cassette Tape,RTT-101,RTT-101,Power transformer
CT-F8282,Cassette Tape,RWF-055,RWF-055,REC/PB amplifier assembly
CT-F8282,Cassette Tape,RWG-063,RWG-063,Control assembly
CT-F8282,Cassette Tape,RWR-043,RWR-043,Power supply assembly
CT-F8282,Cassette Tape,RWS-048,RWS-048,Switch assembly
CT-F8282,Cassette Tape,RWX-109,RWX-109,Spark killer
CT-F8282,Cassette Tape,RWX-113,RWX-113,Indicator assembly
CT-F8282,Cassette Tape,RWX-127,RWX-127,Transistor assembly
CT-F8282,Cassette Tape,RWX-128,RWX-128,Jack assembly
CT-F8282,Cassette Tape,RWX-129,RWX-129,Dolby processer assembly
CT-F8282,Cassette Tape,RWX-139,RWX-139,Fuse assembly
CT-F8282,Cassette Tape,RXA-559,RXA-559,Flywheel assembly
CT-F8282,Cassette Tape,RXA-560,RXA-560,Take up reel full assembly
CT-F8282,Cassette Tape,RXA-563,RXA-563,Supply reel full assembly
CT-F8282,Cassette Tape,RXA-565,RXA-565,TU Idler assembly
CT-F8282,Cassette Tape,RXA-570,RXA-570,TU idler lever A assembly
CT-F8282,Cassette Tape,RXA-571,RXA-571,TU Idler lever B assembly
CT-F8282,Cassette Tape,RXA-573,RXA-573,Rapid lever A assembly
CT-F8282,Cassette Tape,RXA-574,RXA-574,Protector assembly
CT-F8282,Cassette Tape,RXA-575,RXA-575,Pinch arm assembly
CT-F8282,Cassette Tape,RXA-581,RXA-581,F.F. Idler Assembly
CT-F8282,Cassette Tape,RXA-657,RXA-657,Angle assembly
CT-F8282,Cassette Tape,RXA-735,RXA-735,Plastic cover assembly
CT-F8282,Cassette Tape,RXM-019,RXM-019,Motor (FFW/REW)
CT-F8282,Cassette Tape,RXM-022,RXM-022,Motor (CAPSTAN)
CT-F8282,Cassette Tape,RXP-029,RXP-029,Plunger solenoid
CT-F8282,Cassette Tape,RXP-030,RXP-030,Plunger solenoid
CT-F8282,Cassette Tape,RXP-031,RXP-031,Solenoid (REC)
CT-F8282,Cassette Tape,RXP-032,RXP-032,Solenoid D (ControlAssembly)
CT-F8282,Cassette Tape,SIB01-01 or W03B,SIB01-01 or W03B,Diode
CT-F850,Cassette Tape,BG-30,BG-30,Flourescent indicator tube
CT-F850,Cassette Tape,RAA-233,RAA-233,Knob (BIAS VR)
CT-F850,Cassette Tape,RAA-303,RAA-303,REC VR knob (L) assembly
CT-F850,Cassette Tape,RAA-305,RAA-305,REC VR knob (R) assembly
CT-F850,Cassette Tape,RAA-307,RAA-307,Tape Selector knob assembly
CT-F850,Cassette Tape,RAA-309,RAA-309,P.B. VR knob (L) assembly
CT-F850,Cassette Tape,RAA-311,RAA-311,P.B. VR knob (R) assembly
CT-F850,Cassette Tape,RAC-094,RAC-094,Knob (POWER SWITCH)
CT-F850,Cassette Tape,RAC-100,RAC-100,"Push Knob (MONITOR, METER SELECT, DOLBY)"
CT-F850,Cassette Tape,RAC-103,RAC-103,Knob (COUNTER)
CT-F850,Cassette Tape,RAC-111,RAC-111,"Knob A (STOP, PLAY, PAUSE)"
CT-F850,Cassette Tape,RAC-112,RAC-112,"Knob B (REW, FF, REC)"
CT-F850,Cassette Tape,RAH-233,RAH-233,Plate
CT-F850,Cassette Tape,RAH-289,RAH-289,Control panel
CT-F850,Cassette Tape,RAH-299,RAH-299,Front panel
CT-F850,Cassette Tape,RAW-126,RAW-126,Counter
CT-F850,Cassette Tape,RBA-038,RBA-038,Screw
CT-F850,Cassette Tape,RBF-013,RBF-013,Steel ball
CT-F850,Cassette Tape,RBF-037,RBF-037,Washer
CT-F850,Cassette Tape,RBH-373,RBH-373,Spring
CT-F850,Cassette Tape,RBH-374,RBH-374,Spring
CT-F850,Cassette Tape,RBH-498,RBH-498,Spring
CT-F850,Cassette Tape,RBH-502,RBH-502,Spring
CT-F850,Cassette Tape,RBH-503,RBH-503,Spring
CT-F850,Cassette Tape,RBH-505,RBH-505,Spring
CT-F850,Cassette Tape,RBH-506,RBH-506,Solenoid spring (A)
CT-F850,Cassette Tape,RBH-507,RBH-507,Solenoid spring (B)
CT-F850,Cassette Tape,RBH-511,RBH-511,Spring
CT-F850,Cassette Tape,RBH-516,RBH-516,Spring
CT-F850,Cassette Tape,RBH-524,RBH-524,Spring
CT-F850,Cassette Tape,RBH-532,RBH-532,Solenoid spring
CT-F850,Cassette Tape,RBH-534,RBH-534,Spring
CT-F850,Cassette Tape,RBH-557,RBH-557,Spring (GND)
CT-F850,Cassette Tape,RBH-563,RBH-563,Spring
CT-F850,Cassette Tape,RBH-564,RBH-564,Spring
CT-F850,Cassette Tape,RBK-107,RBK-107,Spring
CT-F850,Cassette Tape,RBK-119,RBK-119,Head base holder
CT-F850,Cassette Tape,RBK-127,RBK-127,Spring
CT-F850,Cassette Tape,RCS-021,RCS-021,Volume 10K-B  (BIAS)
CT-F850,Cassette Tape,RCV-061,RCV-061,Volume 20K-A (INPUT)
CT-F850,Cassette Tape,RCV-066,RCV-066,Volume switch 50K-B  (OUTPUT)
CT-F850,Cassette Tape,RDE-010,RDE-010,Connection cord
CT-F850,Cassette Tape,RDE-027 (RDE-028) (RDE-031),RDE-027 (RDE-028) (RDE-031),Connection cord assembly
CT-F850,Cassette Tape,RDG-022,RDG-022,Power cord
CT-F850,Cassette Tape,REA-021,REA-021,Head cleaning
CT-F850,Cassette Tape,REB-153,REB-153,Stopper
CT-F850,Cassette Tape,REB-153,REB-153,Stopper
CT-F850,Cassette Tape,REB-187,REB-187,Brake shoe
CT-F850,Cassette Tape,REB-194,REB-194,Cushion
CT-F850,Cassette Tape,REB-223,REB-223,Cover cushion (D)
CT-F850,Cassette Tape,REB-270,REB-270,Capstan belt
CT-F850,Cassette Tape,REB-272,REB-272,Sensing belt
CT-F850,Cassette Tape,REB-297,REB-297,Lamp holder
CT-F850,Cassette Tape,REB-299,REB-299,Counter belt
CT-F850,Cassette Tape,REB-300,REB-300,Belt
CT-F850,Cassette Tape,REB-301,REB-301,Meter cushion (A)
CT-F850,Cassette Tape,REB-305,REB-305,Cushion (R)
CT-F850,Cassette Tape,REB-306,REB-306,Cushion (L)
CT-F850,Cassette Tape,REB-307,REB-307,Stopper
CT-F850,Cassette Tape,REB-314,REB-314,Sub-belt
CT-F850,Cassette Tape,REB-317,REB-317,TU belt
CT-F850,Cassette Tape,REB-348,REB-348,Meter cushion
CT-F850,Cassette Tape,REC-250,REC-250,Cover
CT-F850,Cassette Tape,REC-272,REC-272,Strain relief
CT-F850,Cassette Tape,REC-278,REC-278,Spacer
CT-F850,Cassette Tape,RED-140,RED-140,Volume mask
CT-F850,Cassette Tape,RED-141,RED-141,Cushion
CT-F850,Cassette Tape,RED-145,RED-145,Volume mask
CT-F850,Cassette Tape,RED-157,RED-157,Mask
CT-F850,Cassette Tape,REL-072,REL-072,PL801 8V 100mA
CT-F850,Cassette Tape,RHA-184,RHA-184,Side pad
CT-F850,Cassette Tape,RHG-286,RHG-286,Packing case (KC)
CT-F850,Cassette Tape,RHG-287,RHG-287,Packing case (KU)
CT-F850,Cassette Tape,RHL-018,RHL-018,Vinyl bag
CT-F850,Cassette Tape,RHL-041,RHL-041,Vinyl bag
CT-F850,Cassette Tape,RKB-014,RKB-014,4P mount pin jack
CT-F850,Cassette Tape,RKN-055,RKN-055,MIC jack
CT-F850,Cassette Tape,RKN-056,RKN-056,Head phone jack
CT-F850,Cassette Tape,RKP-066,RKP-066,Connector (11p)
CT-F850,Cassette Tape,RNA-377,RNA-377,Bonnet case
CT-F850,Cassette Tape,RNF-527,RNF-527,Spacer
CT-F850,Cassette Tape,RNK-348,RNK-348,Tape guide
CT-F850,Cassette Tape,RNK-534,RNK-534,Arm
CT-F850,Cassette Tape,RNK-535,RNK-535,Height adjuster
CT-F850,Cassette Tape,RNK-556,RNK-556,Half holder
CT-F850,Cassette Tape,RNK-561,RNK-561,Idler
CT-F850,Cassette Tape,RNK-562,RNK-562,Spring holder
CT-F850,Cassette Tape,RNK-566,RNK-566,Guide (L)
CT-F850,Cassette Tape,RNK-608,RNK-608,Guide (R)
CT-F850,Cassette Tape,RNK-632,RNK-632,Switch joint bar (B)
CT-F850,Cassette Tape,RNK-633,RNK-633,Power switch joint bar
CT-F850,Cassette Tape,RNK-640,RNK-640,Pulley
CT-F850,Cassette Tape,RNK-786,RNK-786,Control escutcheon
CT-F850,Cassette Tape,RNK-787,RNK-787,Indicator escutcheon
CT-F850,Cassette Tape,RNK-788,RNK-788,Display window
CT-F850,Cassette Tape,RNK-815,RNK-815,Reel cap (B)
CT-F850,Cassette Tape,RNK-854,RNK-854,Lens
CT-F850,Cassette Tape,RRB-109,RRB-109,Operating instruction
CT-F850,Cassette Tape,RRW-112,RRW-112,Label
CT-F850,Cassette Tape,RSA-021,RSA-021,Power switch
CT-F850,Cassette Tape,RSB-021,RSB-021,Rotary switch (TAPE SELECTOR)
CT-F850,Cassette Tape,RSF-022,RSF-022,Microswitch S6
CT-F850,Cassette Tape,RSF-024,RSF-024,Microswitch (B) S7
CT-F850,Cassette Tape,RSG-071,RSG-071,"Function switch (REW, FF, STOP, PLAY, REC, PAUSE)"
CT-F850,Cassette Tape,RSG-078,RSG-078,"Push switch  (MONITOR, METER SELECT, DOLBY)"
CT-F850,Cassette Tape,RTT-174,RTT-174,Power transformer
CT-F850,Cassette Tape,RWR-076,RWR-076,Power supply & control assembly
CT-F850,Cassette Tape,RWX-109,RWX-109,Spark killer (KU)
CT-F850,Cassette Tape,RWX-150,RWX-150,Spark killer (KC)
CT-F850,Cassette Tape,RWX-302,RWX-302,Mother assembly
CT-F850,Cassette Tape,RXA-998,RXA-998,Take-up pulley assembly
CT-F850,Cassette Tape,RXB-005,RXB-005,Pinch-roller arm assembly
CT-F850,Cassette Tape,RXB-055,RXB-055,Flywheel assembly
CT-F850,Cassette Tape,RXB-058,RXB-058,Supply pulley assembly
CT-F850,Cassette Tape,RXB-063,RXB-063,Motor pulley (A) assembly
CT-F850,Cassette Tape,RXB-064,RXB-064,Motor pulley (B) assembly
CT-F850,Cassette Tape,RXB-093,RXB-093,Holder assembly
CT-F850,Cassette Tape,RXB-144,RXB-144,Idler arm full assembly
CT-F850,Cassette Tape,RXB-189,RXB-189,Take-up reel base assembly (B)
CT-F850,Cassette Tape,RXB-191,RXB-191,Supply reel base assembly (B)
CT-F850,Cassette Tape,RXB-209,RXB-209,Head cover assembly
CT-F850,Cassette Tape,RXB-240,RXB-240,Sub-head base assembly
CT-F850,Cassette Tape,RXM-047,RXM-047,Take-up motor
CT-F850,Cassette Tape,RXM-050,RXM-050,Capstan motor
CT-F850,Cassette Tape,RXP-056,RXP-056,Solenoid (B) SL802
CT-F850,Cassette Tape,RXP-057,RXP-057,SL1 Reset solenoid
CT-F850,Cassette Tape,RXP-062,RXP-062,Solenoid (A) SL801
CT-F850,Cassette Tape,RXX-253,RXX-253,Escutcheon assembly
CT-F900,Cassette Tape,ART-320-0,ART-320,Service Manual  CT-F900  (KC/KU)
CT-F900,Cassette Tape,ART-323-0,ART-323,"Additional Service Manual  CT-F900  (D, D/G)"
CT-F900,Cassette Tape,FIP 5D8,FIP 5D8,Fluorescent indicator tube (TAPE COUNTER)
CT-F900,Cassette Tape,LD 8242,LD 8242,Fluorescent indicator tube (LEVEL METER)
CT-F900,Cassette Tape,RAA-223,RAA-223,Knob (INPUT L)
CT-F900,Cassette Tape,RAA-225,RAA-225,Knob (INPUT R)
CT-F900,Cassette Tape,RAA-227,RAA-227,Knob (OUTPUT L)
CT-F900,Cassette Tape,RAA-229,RAA-229,Knob (OUTPUT R)
CT-F900,Cassette Tape,RAA-231,RAA-231,Knob (BIAS)
CT-F900,Cassette Tape,RAC-091,RAC-091,Chassis Push knob A (MONITOR)
CT-F900,Cassette Tape,RAC-091,RAC-091,"Knob A (DOLBY NR, INPUT)"
CT-F900,Cassette Tape,RAC-092,RAC-092,Push knob B (TAPE)
CT-F900,Cassette Tape,RAC-093,RAC-093,"Push knob C (COUNTER, MEMORY, REPEAT, TIMER START, METER)"
CT-F900,Cassette Tape,RAC-094,RAC-094,Knob (POWER)
CT-F900,Cassette Tape,RAC-095,RAC-095,"Knob (REW, FF, STOP, PLAY,REC, PAUSE)"
CT-F900,Cassette Tape,RBF-013,RBF-013,Steel ball
CT-F900,Cassette Tape,RBH-502,RBH-502,Idler spring
CT-F900,Cassette Tape,RBH-504,RBH-504,Idler spring
CT-F900,Cassette Tape,RBH-507,RBH-507,Solenoid spring B
CT-F900,Cassette Tape,RBK-119,RBK-119,Head base holder
CT-F900,Cassette Tape,RCS-017,RCS-017,Volume (BIAS)
CT-F900,Cassette Tape,RCV-056,RCV-056,Volume (INPUT)
CT-F900,Cassette Tape,RCV-060,RCV-060,Volume (OUTPUT)
CT-F900,Cassette Tape,RDE-010,RDE-010,Connection cord
CT-F900,Cassette Tape,RDG-021,RDG-021,Power cord (for KU type)
CT-F900,Cassette Tape,REA-021,REA-021,Head cleaning assembly
CT-F900,Cassette Tape,REB-153,REB-153,Stopper
CT-F900,Cassette Tape,REB-187,REB-187,Brake shoe
CT-F900,Cassette Tape,REB-194,REB-194,Cushion
CT-F900,Cassette Tape,REB-220,REB-220,Cover cushion A
CT-F900,Cassette Tape,REB-233,REB-233,Rubber
CT-F900,Cassette Tape,REB-267,REB-267,Lamp holder
CT-F900,Cassette Tape,REB-270,REB-270,Capstan belt
CT-F900,Cassette Tape,REB-271,REB-271,TU belt
CT-F900,Cassette Tape,REB-272,REB-272,Sensing belt
CT-F900,Cassette Tape,REB-289,REB-289,Sub belt
CT-F900,Cassette Tape,REC-272,REC-272,Strain relief
CT-F900,Cassette Tape,REC-278,REC-278,Spacer
CT-F900,Cassette Tape,RED-047,RED-047,Switch mask
CT-F900,Cassette Tape,RED-145,RED-145,Volume mask
CT-F900,Cassette Tape,RED-151,RED-151,Volume mask B
CT-F900,Cassette Tape,REF-014,REF-014,Steel ball
CT-F900,Cassette Tape,REL-062,REL-062,Lamp
CT-F900,Cassette Tape,RHA-156,RHA-156,Side pad L
CT-F900,Cassette Tape,RHA-157,RHA-157,Side pad R
CT-F900,Cassette Tape,RHG-220,RHG-220,Packing case (for KC type)
CT-F900,Cassette Tape,RHG-221,RHG-221,Packing case (for KU type)
CT-F900,Cassette Tape,RHL-018,RHL-018,Vinyl bag (for operating instructions)
CT-F900,Cassette Tape,RHL-019,RHL-019,Vinyl bag (for connection cord)
CT-F900,Cassette Tape,RHL-031,RHL-031,Vinyl bag (for cassette tapedeck)
CT-F900,Cassette Tape,RKB-014,RKB-014,4P mount pinjack
CT-F900,Cassette Tape,RKN-049,RKN-049,Jack assembly
CT-F900,Cassette Tape,RNA-364,RNA-364,Bonnet
CT-F900,Cassette Tape,RNK-348,RNK-348,Tape guide
CT-F900,Cassette Tape,RNK-447,RNK-447,Reel cap
CT-F900,Cassette Tape,RNK-534,RNK-534,Arm
CT-F900,Cassette Tape,RNK-535,RNK-535,Adjuster
CT-F900,Cassette Tape,RNK-556,RNK-556,Half holder
CT-F900,Cassette Tape,RNK-561,RNK-561,Idler
CT-F900,Cassette Tape,RNK-566,RNK-566,Guide L
CT-F900,Cassette Tape,RNK-567,RNK-567,Half cover
CT-F900,Cassette Tape,RNK-583,RNK-583,Escutcheon
CT-F900,Cassette Tape,RNK-584,RNK-584,Head cover
CT-F900,Cassette Tape,RNK-587,RNK-587,Function panel
CT-F900,Cassette Tape,RNK-608,RNK-608,Guide R
CT-F900,Cassette Tape,RRB-092,RRB-092,Operating instructions
CT-F900,Cassette Tape,RRW-026,RRW-026,Caution label (English) (for KC type)
CT-F900,Cassette Tape,RRW-076,RRW-076,Caution label (French) (for KC type)
CT-F900,Cassette Tape,RRW-078,RRW-078,Caution label (for KC type)
CT-F900,Cassette Tape,RSA-021,RSA-021,Power switch
CT-F900,Cassette Tape,RSF-022,RSF-022,"Micro switch (CrO, TAPE DETECTOR)"
CT-F900,Cassette Tape,RSF-022,RSF-022,Micro switch (ERASE PREVENT DETECTOR)
CT-F900,Cassette Tape,RSF-024,RSF-024,Micro switch (CASSETTE HALF DETECTOR)
CT-F900,Cassette Tape,RSG-064,RSG-064,Push switch A (MONITOR)
CT-F900,Cassette Tape,RSG-065,RSG-065,Push switch C (TAPE)
CT-F900,Cassette Tape,RSG-068,RSG-068,"Push switch B (DOLBY NR, INPUT)"
CT-F900,Cassette Tape,RSG-068,RSG-068,"Push switch C (DOLBY.NR, INPUT)"
CT-F900,Cassette Tape,RTT-140,RTT-140,Power transformer
CT-F900,Cassette Tape,RWG-093,RWG-093,Control assembly
CT-F900,Cassette Tape,RWR-067,RWR-067,Power supply assembly
CT-F900,Cassette Tape,RWX-109,RWX-109,Spark killer (for KU type)
CT-F900,Cassette Tape,RWX-233,RWX-233,Mother assembly
CT-F900,Cassette Tape,RWX-236,RWX-236,Indicator assembly
CT-F900,Cassette Tape,RWX-238,RWX-238,IC amplifier assembly
CT-F900,Cassette Tape,RXA-905,RXA-905,Foot assembly
CT-F900,Cassette Tape,RXA-997,RXA-997,Bearing assembly
CT-F900,Cassette Tape,RXA-998,RXA-998,Take-up pulley assembly
CT-F900,Cassette Tape,RXA-999,RXA-999,Take-up reel assembly
CT-F900,Cassette Tape,RXB-001,RXB-001,Supply reel assembly
CT-F900,Cassette Tape,RXB-005,RXB-005,Pinch-roller arm assembly
CT-F900,Cassette Tape,RXB-045,RXB-045,Arm assembly
CT-F900,Cassette Tape,RXB-047,RXB-047,Idler arm full assembly
CT-F900,Cassette Tape,RXB-055,RXB-055,Flywheel assembly
CT-F900,Cassette Tape,RXB-057,RXB-057,Head base assembly
CT-F900,Cassette Tape,RXB-057,RXB-057,Sub head-base assembly
CT-F900,Cassette Tape,RXB-058,RXB-058,Supply pulley assembly
CT-F900,Cassette Tape,RXB-063,RXB-063,Motor pulley A assembly
CT-F900,Cassette Tape,RXB-064,RXB-064,Motor pulley B assembly
CT-F900,Cassette Tape,RXM-027,RXM-027,Capstan motor
CT-F900,Cassette Tape,RXM-047,RXM-047,Take-up motor
CT-F900,Cassette Tape,RXP-045,RXP-045,Solenoid A
CT-F900,Cassette Tape,RXP-056,RXP-056,Solenoid B
CT-F900,Cassette Tape,RXX-235,RXX-235,Front panel assembly
CT-F900,Cassette Tape,RXX-236,RXX-236,Indicator lens assembly
CT-F9191,Cassette Tape,ADG-004,ADG-004,AC power cord (FV model)
CT-F9191,Cassette Tape,AEC-178,AEC-178,Foot assembly
CT-F9191,Cassette Tape,AKP-002,AKP-002,AC outlet
CT-F9191,Cassette Tape,AKR-027,AKR-027,Fuse holder (FV)
CT-F9191,Cassette Tape,ART-138-0,ART-138,"Service Manual CT-F9191 (FV,KCU)"
CT-F9191,Cassette Tape,B11-012,B11-012,Binding post
CT-F9191,Cassette Tape,C43-003,C43-003,Ceramic 0.01 1.4kV
CT-F9191,Cassette Tape,D11-003,D11-003,AC power cord (KCU model)
CT-F9191,Cassette Tape,RAA-093,RAA-093,"Button (MEMORY,LIMITER,BIAS,EQ,MPX FILTER,DOLBY)"
CT-F9191,Cassette Tape,RAA-094,RAA-094,Button (DOOR OPEN)
CT-F9191,Cassette Tape,RAA-113,RAA-113,"Knob (POWER,PAUSE)"
CT-F9191,Cassette Tape,RAA-119,RAA-119,"Inner knob (INPUT-MIC/LINE,OUTPUT)"
CT-F9191,Cassette Tape,RAA-120,RAA-120,"Outer knob (INPUT-MIC/LINE,OUTPUT)"
CT-F9191,Cassette Tape,RAH-126,RAH-126,"Lever (REW,FF,STOP,PLAY)"
CT-F9191,Cassette Tape,RAH-128,RAH-128,Lever (REC)
CT-F9191,Cassette Tape,RAW-032-0,RAW-032,Level meter
CT-F9191,Cassette Tape,RAW-033,RAW-033,Tape counter
CT-F9191,Cassette Tape,RCV-020,RCV-020,Variable resistor 10kΩ-A (DIN/MIC)
CT-F9191,Cassette Tape,RCV-021,RCV-021,Variable resistor 20kΩ-A (LINE)
CT-F9191,Cassette Tape,RCV-021,RCV-021,Variable resistor 20kΩ-A (OUTPUT)
CT-F9191,Cassette Tape,RDE-010,RDE-010,Connection cord
CT-F9191,Cassette Tape,RD¼PS 104J,RD¼PS 104J,Carbon film 100k
CT-F9191,Cassette Tape,RD¼PS 104J,RD¼PS 104J,Carbon film 100k
CT-F9191,Cassette Tape,REB-150,REB-150,Capstan belt
CT-F9191,Cassette Tape,REL-019,REL-019,Lamp
CT-F9191,Cassette Tape,REL-019-0,REL-019,Lamp (CHROME)
CT-F9191,Cassette Tape,REL-019-0,REL-019,Lamp (DOLBY)
CT-F9191,Cassette Tape,REL-019-0,REL-019,Lamp (MEMORY)
CT-F9191,Cassette Tape,RHG-116,RHG-116,Packing case
CT-F9191,Cassette Tape,RKB-007,RKB-007,Phono jack (4 jack)
CT-F9191,Cassette Tape,RKN-020,RKN-020,Mic jack assembly
CT-F9191,Cassette Tape,RKN-021,RKN-021,Phone jack assembly
CT-F9191,Cassette Tape,RKP-006,RKP-006,5p jack (DIN)
CT-F9191,Cassette Tape,RKP-007,RKP-007,Connector socket A
CT-F9191,Cassette Tape,RKP-008,RKP-008,Connector socket B
CT-F9191,Cassette Tape,RKP-009,RKP-009,Connector pin A
CT-F9191,Cassette Tape,RKP-010,RKP-010,Connector pin B
CT-F9191,Cassette Tape,RKR-016,RKR-016,Fuse holder (KCU)
CT-F9191,Cassette Tape,RLA-466,RLA-466,Pulley
CT-F9191,Cassette Tape,RMS-044,RMS-044,Side board (R)
CT-F9191,Cassette Tape,RMS-045,RMS-045,Side board (L)
CT-F9191,Cassette Tape,RMS-052,RMS-052,Top board
CT-F9191,Cassette Tape,RNA-227,RNA-227,Top panel
CT-F9191,Cassette Tape,RNK-198,RNK-198,ON indicator
CT-F9191,Cassette Tape,RNK-199,RNK-199,CrO2 indicator
CT-F9191,Cassette Tape,RNK-203,RNK-203,Counter cover
CT-F9191,Cassette Tape,RNK-206,RNK-206,Memory marker
CT-F9191,Cassette Tape,RNK-211,RNK-211,Door
CT-F9191,Cassette Tape,RPB-014,RPB-014,Erasing head
CT-F9191,Cassette Tape,RPB-034,RPB-034,REC/ PB Head
CT-F9191,Cassette Tape,RRB-054,RRB-054,Operating instruction CT-F9191 (KCU model)
CT-F9191,Cassette Tape,RRB-056,RRB-056,Operating instruction CT-F9191 (FV model)
CT-F9191,Cassette Tape,RRD-014,RRD-014,Operating instruction CT-F9191 (German/French)
CT-F9191,Cassette Tape,RSA-016,RSA-016,Lever switch (POWER - KCU)
CT-F9191,Cassette Tape,RSA-017,RSA-017,Lever switch (POWER -FV)
CT-F9191,Cassette Tape,RSF-017,RSF-017,Microswitch
CT-F9191,Cassette Tape,RSG-029,RSG-029,"Push switch assembly (EQ,BIAS,LIMITER,DOLBY,MPX FILTER,MEMORY)"
CT-F9191,Cassette Tape,RSK-026,RSK-026,Lever switch (PAUSE)
CT-F9191,Cassette Tape,RSX-035,RSX-035,Sensing switch assembly
CT-F9191,Cassette Tape,RTT-069-0,RTT-069,Power transformer (KCU model)
CT-F9191,Cassette Tape,RTT-070-0,RTT-070,Power transformer (FV model)
CT-F9191,Cassette Tape,RWF-041,RWF-041,REC/PB ampliﬁer assembly
CT-F9191,Cassette Tape,RWG-048,RWG-048,Control assembly
CT-F9191,Cassette Tape,RWR-026,RWR-026,Power supply assembly
CT-F9191,Cassette Tape,RWS-031,RWS-031,Switch assembly
CT-F9191,Cassette Tape,RWX-078,RWX-078,Dolby assembly
CT-F9191,Cassette Tape,RWX-080,RWX-080,Fuse assembly
CT-F9191,Cassette Tape,RWX-081,RWX-081,Indicator assembly
CT-F9191,Cassette Tape,RWX-083,RWX-083,Transistor assembly
CT-F9191,Cassette Tape,RWX-084,RWX-084,Connector assembly
CT-F9191,Cassette Tape,RXA-559,RXA-559,Flywheel
CT-F9191,Cassette Tape,RXA-581,RXA-581,FF Idler assembly
CT-F9191,Cassette Tape,RXA-584,RXA-584,Door arm assembly
CT-F9191,Cassette Tape,RXM-018,RXM-018,Main motor
CT-F9191,Cassette Tape,RXM-019,RXM-019,FF motor
CT-F9191,Cassette Tape,RXP-029-0,RXP-029,Solenoid A (PlNCH solenoid)
CT-F9191,Cassette Tape,RXP-030-0,RXP-030,Solenoid C (BRAKE solenoid)
CT-F9191,Cassette Tape,RXP-031-0,RXP-031,Solenoid B (REC solenoid)
CT-F9191,Cassette Tape,RXP-032-0,RXP-032,Solenoid D (RESET solenoid)
CT-F9191,Cassette Tape,RXX-167,RXX-167,Front panel assembly
CT-F950,Cassette Tape,ANK-566,ANK-566,Guide (L)
CT-F950,Cassette Tape,FIP 5D 8,FIP 5D 8,Fluorescent indicator tube
CT-F950,Cassette Tape,LD8242,LD8242,Fluorescent indicator tube
CT-F950,Cassette Tape,RAA-223,RAA-223,REC VR knob (L) assembly
CT-F950,Cassette Tape,RAA-225,RAA-225,REC VR knob (R) assembly
CT-F950,Cassette Tape,RAA-227,RAA-227,PB VR knob (L) assembly
CT-F950,Cassette Tape,RAA-229,RAA-229,PB VR knob (R) assembly
CT-F950,Cassette Tape,RAA-231,RAA-231,BIAS VR knob
CT-F950,Cassette Tape,RAA-301,RAA-301,Tape selector knob assembly
CT-F950,Cassette Tape,RAC-091,RAC-091,"Push knob A (MONITOR, DOLBY, INPUT SELECTOR)"
CT-F950,Cassette Tape,RAC-093,RAC-093,Push knob (C)
CT-F950,Cassette Tape,RAC-094,RAC-094,Power knob
CT-F950,Cassette Tape,RAC-108,RAC-108,Function switch knob
CT-F950,Cassette Tape,RAH-285,RAH-285,Escutcheon panel
CT-F950,Cassette Tape,RAH-286,RAH-286,Function panel
CT-F950,Cassette Tape,RAH-287,RAH-287,Half cover panel
CT-F950,Cassette Tape,RBA-026,RBA-026,Screw
CT-F950,Cassette Tape,RBA-038,RBA-038,Screw
CT-F950,Cassette Tape,RBA-044,RBA-044,Screw (A)
CT-F950,Cassette Tape,RBA-045,RBA-045,Screw (B)
CT-F950,Cassette Tape,RBF-013,RBF-013,Steel ball
CT-F950,Cassette Tape,RBF-037,RBF-037,Washer
CT-F950,Cassette Tape,RBH-373,RBH-373,Spring
CT-F950,Cassette Tape,RBH-374,RBH-374,Spring
CT-F950,Cassette Tape,RBH-498,RBH-498,Spring
CT-F950,Cassette Tape,RBH-502,RBH-502,Spring
CT-F950,Cassette Tape,RBH-503,RBH-503,Spring
CT-F950,Cassette Tape,RBH-505,RBH-505,Spring
CT-F950,Cassette Tape,RBH-506,RBH-506,Spring
CT-F950,Cassette Tape,RBH-507,RBH-507,Spring
CT-F950,Cassette Tape,RBH-511,RBH-511,Spring
CT-F950,Cassette Tape,RBH-516,RBH-516,Spring
CT-F950,Cassette Tape,RBH-524,RBH-524,Spring
CT-F950,Cassette Tape,RBH-534,RBH-534,Spring
CT-F950,Cassette Tape,RBH-557,RBH-557,Spring
CT-F950,Cassette Tape,RBH-563,RBH-563,Spring
CT-F950,Cassette Tape,RBH-564,RBH-564,Spring
CT-F950,Cassette Tape,RBK-107,RBK-107,Spring
CT-F950,Cassette Tape,RBK-119,RBK-119,Head base holder
CT-F950,Cassette Tape,RBK-132,RBK-132,Spring
CT-F950,Cassette Tape,RBM-004,RBM-004,Wire nut
CT-F950,Cassette Tape,RCS-020,RCS-020,Volume 5K-B (BIAS)
CT-F950,Cassette Tape,RCV-056,RCV-056,Volume 20k (A) (INPUT)
CT-F950,Cassette Tape,RCV-064,RCV-064,Volume 20K (B) (OUTPUT)
CT-F950,Cassette Tape,RDE-010,RDE-010,Connection cord
CT-F950,Cassette Tape,RDG-022,RDG-022,Power cord
CT-F950,Cassette Tape,REA-021,REA-021,Head cleaning assembly
CT-F950,Cassette Tape,REB-153,REB-153,Stopper
CT-F950,Cassette Tape,REB-187,REB-187,Brake shoe
CT-F950,Cassette Tape,REB-194,REB-194,Rubber
CT-F950,Cassette Tape,REB-223,REB-223,Rubber (D)
CT-F950,Cassette Tape,REB-233,REB-233,Cover cushion
CT-F950,Cassette Tape,REB-270,REB-270,Capstan belt
CT-F950,Cassette Tape,REB-272,REB-272,Sensing belt
CT-F950,Cassette Tape,REB-297,REB-297,Lamp holder
CT-F950,Cassette Tape,REB-314,REB-314,Sub belt
CT-F950,Cassette Tape,REB-317,REB-317,TU belt
CT-F950,Cassette Tape,REC-250,REC-250,Capacitor cover D
CT-F950,Cassette Tape,REC-272,REC-272,Strain relief
CT-F950,Cassette Tape,REC-278,REC-278,Spacer
CT-F950,Cassette Tape,RED-047,RED-047,Switch mask
CT-F950,Cassette Tape,RED-145,RED-145,Volume mask
CT-F950,Cassette Tape,RED-151,RED-151,Volume mask
CT-F950,Cassette Tape,REF-014,REF-014,Steel ball
CT-F950,Cassette Tape,REL-072,REL-072,Lamp B (CASSETTE-LAMP)
CT-F950,Cassette Tape,RHA-174,RHA-174,Side pad L
CT-F950,Cassette Tape,RHA-175,RHA-175,Side pad R
CT-F950,Cassette Tape,RHG-281,RHG-281,Packing case (for KC type)
CT-F950,Cassette Tape,RHG-282,RHG-282,Packing case (for KU type)
CT-F950,Cassette Tape,RHL-018,RHL-018,Vinyl bag (for operating instructions)
CT-F950,Cassette Tape,RHL-019,RHL-019,Vinyl bag (for connection cord)
CT-F950,Cassette Tape,RHL-031,RHL-031,Vinyl bag (for cassette tape deck)
CT-F950,Cassette Tape,RKB-014 (RKB-016),RKB-014 (RKB-016),4P mount pin jack
CT-F950,Cassette Tape,RKN-044,RKN-044,MIC jack
CT-F950,Cassette Tape,RKN-046,RKN-046,Headphone jack
CT-F950,Cassette Tape,RKP-044,RKP-044,Connector (13p)
CT-F950,Cassette Tape,RLA-993,RLA-993,Pinch-roller arm shaft (R)
CT-F950,Cassette Tape,RLA-994,RLA-994,Pinch-roller arm shaft (L)
CT-F950,Cassette Tape,RNA-364,RNA-364,Bonnet
CT-F950,Cassette Tape,RNF-527,RNF-527,Spacer
CT-F950,Cassette Tape,RNK-348,RNK-348,Tape guide
CT-F950,Cassette Tape,RNK-533,RNK-533,Detector arm
CT-F950,Cassette Tape,RNK-534,RNK-534,Half holder arm
CT-F950,Cassette Tape,RNK-535,RNK-535,Adjuster
CT-F950,Cassette Tape,RNK-556,RNK-556,Half holder
CT-F950,Cassette Tape,RNK-561,RNK-561,Idler
CT-F950,Cassette Tape,RNK-562,RNK-562,Spring holder
CT-F950,Cassette Tape,RNK-566,RNK-566,Guide L
CT-F950,Cassette Tape,RNK-608,RNK-608,Guide R
CT-F950,Cassette Tape,RNK-703,RNK-703,Head cord cover
CT-F950,Cassette Tape,RNK-731,RNK-731,Escutcheon lens
CT-F950,Cassette Tape,RNK-777,RNK-777,Half cover (M)
CT-F950,Cassette Tape,RNK-780,RNK-780,Escutcheon (M)
CT-F950,Cassette Tape,RNK-815,RNK-815,Reel cap (B)
CT-F950,Cassette Tape,RRB-106,RRB-106,Operating instructions
CT-F950,Cassette Tape,RRW-112,RRW-112,UL Caution label (A)
CT-F950,Cassette Tape,RSA-021,RSA-021,"Power switch (CT-F950/KC, KU)"
CT-F950,Cassette Tape,RSB-020,RSB-020,Rotary Switch (TAPE SELECT)
CT-F950,Cassette Tape,RSF-022,RSF-022,Microswitch (ERASE PREVENT DETECTOR)
CT-F950,Cassette Tape,RSF-024,RSF-024,Microswitch B (CASSETTE HALF DETECTOR)
CT-F950,Cassette Tape,RSG-064,RSG-064,Push switch A (MONITOR)
CT-F950,Cassette Tape,RSG-066,RSG-066,Switch E
CT-F950,Cassette Tape,RSG-067,RSG-067,Switch F
CT-F950,Cassette Tape,RSG-068,RSG-068,"Push switch B (INPUT SELECTOR, DOLBY)"
CT-F950,Cassette Tape,RTT-175,RTT-175,Power transformer (CT-F950/KU)
CT-F950,Cassette Tape,RTT-185,RTT-185,Power transformer (CT-F950/KC)
CT-F950,Cassette Tape,RWG-103,RWG-103,Control assembly
CT-F950,Cassette Tape,RWR-067,RWR-067,Power supply assembly
CT-F950,Cassette Tape,RWX-109,RWX-109,Spark killer (CT-F950/KU)
CT-F950,Cassette Tape,RWX-150,RWX-150,Spark killer (CT-F950/KC)
CT-F950,Cassette Tape,RWX-240,RWX-240,Volume unit
CT-F950,Cassette Tape,RWX-311,RWX-311,Tape selector assembly
CT-F950,Cassette Tape,RWX-327,RWX-327,Indicator unit
CT-F950,Cassette Tape,RWX-328,RWX-328,Indicator amp assembly
CT-F950,Cassette Tape,RWX-359,RWX-359,Mother assembly
CT-F950,Cassette Tape,RWX-360,RWX-360,Integrated amplifier assembly
CT-F950,Cassette Tape,RWX-361,RWX-361,REC EQ assembly
CT-F950,Cassette Tape,RXA-905,RXA-905,Foot assembly
CT-F950,Cassette Tape,RXA-998,RXA-998,Take-up pulley assembly
CT-F950,Cassette Tape,RXB-005,RXB-005,Pinch-roller arm assembly
CT-F950,Cassette Tape,RXB-055,RXB-055,Flywheel assembly
CT-F950,Cassette Tape,RXB-058,RXB-058,Supply pulley assembly
CT-F950,Cassette Tape,RXB-063,RXB-063,Motor pulley Assembly
CT-F950,Cassette Tape,RXB-064,RXB-064,Motor pulley (B) assembly
CT-F950,Cassette Tape,RXB-093,RXB-093,Bearing assembly
CT-F950,Cassette Tape,RXB-144,RXB-144,Idler arm full assembly
CT-F950,Cassette Tape,RXB-169,RXB-169,Head cover assembly
CT-F950,Cassette Tape,RXB-189,RXB-189,Supply reel assembly (B)
CT-F950,Cassette Tape,RXB-190,RXB-190,Take-up reel assembly (B)
CT-F950,Cassette Tape,RXB-255,RXB-255,Sub-head base assembly
CT-F950,Cassette Tape,RXM-047,RXM-047,Take up motor
CT-F950,Cassette Tape,RXM-050,RXM-050,Motor
CT-F950,Cassette Tape,RXP-056,RXP-056,Solenoid B (BRAKE SOL.)
CT-F950,Cassette Tape,RXP-062,RXP-062,Solenoid A (PINCH SOL.)
CT-F950,Cassette Tape,RXX-251,RXX-251,Front panel assembly
CT-F950,Cassette Tape,RXX-252,RXX-252,Indicator lens assembly
CT-F950,Cassette Tape,RYM-073,RYM-073,Mechanism assembly
CT-F950,Cassette Tape,W03B,W03B,Diode
DT-32,Timer,AAV-014,AAV-014,FLUORESCENT TUBE
DT-32,Timer,ARP-137,ARP-137,S/M DT-32/NE
DT-32,Timer,ASD-080,ASD-080,SWITCH(MODE SELECTOR)
DT-32,Timer,ASG-318,ASG-318,"SWITCH(STDBY,ON TIMER/POWER)"
DT-32,Timer,ASR-502,ASR-502,RELAY DT530/540
DT-32,Timer,MN6076,MN6076,IC (PMOS)
DT-32,Timer,TLG205,TLG205,LED CTF650
DT-400,Timer,AR2132D,AR2132D,LED
DT-400,Timer,ART-338,ART-338,Service Manual DT-400
DT-400,Timer,MB84011UM,MB84011UM,IC (CMOS)
DT-400,Timer,RKP-050,RKP-050,AC OUTLET SOCKET DT400
DT-400,Timer,RRB-119,RRB-119,Operating Instructions DT400
DT-400,Timer,RSB-019,RSB-019,ROTARY SWITCH
DT-500,Timer,AAV-014,AAV-014,FLUORESCENT TUBE
DT-500,Timer,ARB-385,ARB-385,Operating Instructions DT-500
DT-500,Timer,ART-564,ART-564,Service Manual DT-500
DT-570,Timer,ARP1143,ARP1143,S/M DT-570(BK)
DT-570,Timer,ASD-080,ASD-080,SWITCH(MODE SELECTOR)
DT-570,Timer,ASG-318,ASG-318,"SWITCH(STDBY,ON TIMER/POWER)"
Exclusive M3,Amplifier,AAB-073-0,AAB-073,Knob (speaker level)
Exclusive M3,Amplifier,AAD-061-0,AAD-061,"Knob (speaker, input, ﬁlter)"
Exclusive M3,Amplifier,AAD-063-0,AAD-063,Knob (power)
Exclusive M3,Amplifier,AAE-010-0,AAE-010,Magnet catch
Exclusive M3,Amplifier,AAL-224-0,AAL-224,Model name plate
Exclusive M3,Amplifier,AAW-025-0,AAW-025,Peak meter
Exclusive M3,Amplifier,ABA-011-A,ABA-011,Screw M4X26
Exclusive M3,Amplifier,ABA-016-0,ABA-016,Screw (switch holder)
Exclusive M3,Amplifier,ABA-017-B,ABA-017,Special screw
Exclusive M3,Amplifier,ABA-018-0,ABA-018,Screw (switch holder)
Exclusive M3,Amplifier,ACG-001-0,ACG-001,Ceramic 0.01 250V
Exclusive M3,Amplifier,ACG-001-0,ACG-001,Ceramic 0.01 250V
Exclusive M3,Amplifier,ACG-001-0,ACG-001,Ceramic 0.01 250V
Exclusive M3,Amplifier,ACH-035-0,ACH-035,Electrolytic 33000 80V
Exclusive M3,Amplifier,ACH-035-0,ACH-035,Electrolytic 33000 80V
Exclusive M3,Amplifier,ACH-035-0,ACH-035,"Electrolytic capacitor 33,000pF 80V"
Exclusive M3,Amplifier,ACN-003-0,ACN-003,Wire wound 3.3 20W
Exclusive M3,Amplifier,ACN-003-0,ACN-003,Wire wound resistor 3.3 ohm 20W
Exclusive M3,Amplifier,ACT-112-0,ACT-112,"Variable resistor, dual 20k-A(speaker A)"
Exclusive M3,Amplifier,ACT-112-0,ACT-112,"Variable resistor, dual 20k-A(speaker B)"
Exclusive M3,Amplifier,ACT-112-0,ACT-112,"Variable resistor, dual 20k-A(speaker C)"
Exclusive M3,Amplifier,ADE-005-0,ADE-005,Connection cord
Exclusive M3,Amplifier,ADG-002-A,ADG-002,AC power cord
Exclusive M3,Amplifier,ADG-002-A,ADG-002,AC power cord
Exclusive M3,Amplifier,AEB-048-0,AEB-048,Rubber bracket
Exclusive M3,Amplifier,AEC-036-A,AEC-036,Clip
Exclusive M3,Amplifier,AEC-070-0,AEC-070,Push knob spacer
Exclusive M3,Amplifier,AEC-079-0,AEC-079,AC cord grommet
Exclusive M3,Amplifier,AEC-131-0,AEC-131,Socket cover
Exclusive M3,Amplifier,AEC-137-0,AEC-137,Plastic plate
Exclusive M3,Amplifier,AEC-138-0,AEC-138,Plastic plate (small)
Exclusive M3,Amplifier,AEC-139-0,AEC-139,Terminal board
Exclusive M3,Amplifier,AEC-149-0,AEC-149,Push switch spacer
Exclusive M3,Amplifier,AEF-002-B,AEF-002,Spring
Exclusive M3,Amplifier,AEK-109-0,AEK-109,Fuse 6A (AC power)
Exclusive M3,Amplifier,AEL-014-0,AEL-014,"Pilot lamp 8V, 50mA"
Exclusive M3,Amplifier,AEL-020-0,AEL-020,"Pilot lamp 8V,0.3A (Meter)"
Exclusive M3,Amplifier,AEX-001-0,AEX-001,Thermo-fuse
Exclusive M3,Amplifier,AHA-050-0,AHA-050,Side pad (L) assembly
Exclusive M3,Amplifier,AHA-051-0,AHA-051,Side pad (R) assembly
Exclusive M3,Amplifier,AHB-019-0,AHB-019,Cardboard protector
Exclusive M3,Amplifier,AHC-010-0,AHC-010,Inside packing
Exclusive M3,Amplifier,AHD-203-B,AHD-203,Packing case
Exclusive M3,Amplifier,AKC-022-0,AKC-022,Terminal strip (6P)
Exclusive M3,Amplifier,AKC-022-0,AKC-022,Terminal strip (GP)
Exclusive M3,Amplifier,AKE-019-0,AKE-019,Binding post for ground
Exclusive M3,Amplifier,AKE-020-0,AKE-020,"Output terminal (A, red)"
Exclusive M3,Amplifier,AKE-021-0,AKE-021,"Output terminal (B, white)"
Exclusive M3,Amplifier,AKF-018-0,AKF-018,Connector socket
Exclusive M3,Amplifier,AKP-002-0,AKP-002,AC socket
Exclusive M3,Amplifier,AKR-012-0,AKR-012,Fuse holder
Exclusive M3,Amplifier,ALA-010-0,ALA-010,Special screw
Exclusive M3,Amplifier,ALA-012-0,ALA-012,Heat sink-held shaft
Exclusive M3,Amplifier,ALA-013-A,ALA-013,Metal cover supporter
Exclusive M3,Amplifier,AMM-030-A,AMM-030,Wooden cabinet
Exclusive M3,Amplifier,ANB-236-0,ANB-236,Front panel assembly
Exclusive M3,Amplifier,ANC-098-B,ANC-098,Rear panel
Exclusive M3,Amplifier,ANE-046-A,ANE-046,Bottom plate
Exclusive M3,Amplifier,ANE-047-B,ANE-047,Metal cover
Exclusive M3,Amplifier,ANF-190-0,ANF-190,P.C. board holder
Exclusive M3,Amplifier,ANF-191-0,ANF-191,AC socket-held metal
Exclusive M3,Amplifier,ANF-192-B,ANF-192,P.C. board-held metal
Exclusive M3,Amplifier,ANF-193-A,ANF-193,Sub-chassis
Exclusive M3,Amplifier,ANF-194-0,ANF-194,Sub-chassis
Exclusive M3,Amplifier,ANF-196-0,ANF-196,Plastic plate-held metal
Exclusive M3,Amplifier,ANF-197-0,ANF-197,Reinforced metal
Exclusive M3,Amplifier,ANF-198-0,ANF-198,Plate
Exclusive M3,Amplifier,ANF-199-0,ANF-199,Electrolytic capacitor holder
Exclusive M3,Amplifier,ANF-200-0,ANF-200,Mirror plate
Exclusive M3,Amplifier,ANH-186-0,ANH-186,Shield cover
Exclusive M3,Amplifier,ARB-125-A,ARB-125,Operating instructions Exclusive M3
Exclusive M3,Amplifier,ASG-052-0,ASG-052,Push switch (input level)
Exclusive M3,Amplifier,ASG-056-0,ASG-056,Push switch (subsonic)
Exclusive M3,Amplifier,ASG-057-0,ASG-057,Push switch (speakers)
Exclusive M3,Amplifier,ASG-059-0,ASG-059,Push switch (input)
Exclusive M3,Amplifier,ASG-077-0,ASG-077,Push switch (power)
Exclusive M3,Amplifier,ASR-002-0,ASR-002,Relay
Exclusive M3,Amplifier,ASR-007,ASR-007,Relay (Protection)
Exclusive M3,Amplifier,ASX-001-0,ASX-001,Magnet catch holder
Exclusive M3,Amplifier,ATT-199-A,ATT-199,Power transformer
Exclusive M3,Amplifier,ATT-199-A,ATT-199,Power transformer
Exclusive M3,Amplifier,AWH-029-0,AWH-029,Power amplifier assembly
Exclusive M3,Amplifier,AWH-029-0,AWH-029,Power amplifier assembly
Exclusive M3,Amplifier,AWM-057-A,AWM-057,Buffer amplifier assembly
Exclusive M3,Amplifier,AWM-059-A,AWM-059,Mater amplifier assembly
Exclusive M3,Amplifier,AWM-073-0,AWM-073,Protection circuit assembly
Exclusive M3,Amplifier,AWR-050-B,AWR-050,Power supply circuit assembly
Exclusive M3,Amplifier,AWS-062-0,AWS-062,Switch circuit-A assembly
Exclusive M3,Amplifier,AWS-081-0,AWS-081,Switch circuit-B assembly
Exclusive M3,Amplifier,AWX-063-0,AWX-063,Lamp board assembly
Exclusive M3,Amplifier,E21-034-A,E21-034,Fuse 1A (protection)
Exclusive M3,Amplifier,K12-002-0,K12-002,Phono jack (4 jacks)
Exclusive M3,Amplifier,K12-002-0,K12-002,Phono jack (4jacks)
Exclusive M3,Amplifier,M49-052-A,M49-052,Phone jack-held metal
Exclusive M3,Amplifier,N/A,N/A,Service manual Exclusive M3
Exclusive M3,Amplifier,RD¼PS330J,RD¼PS330J,Carbon film 33
F-28,Tuner,AAA-045,AAA-045,Knob (TUNING)
F-28,Tuner,AAB-173,AAB-173,Knob (OUTPUT LEVEL)
F-28,Tuner,AAD-151,AAD-151,Push knob (POWER)
F-28,Tuner,AAD-152,AAD-152,Push knob (IF BAND)
F-28,Tuner,AAD-152,AAD-152,Push knob (MODE)
F-28,Tuner,AAD-152,AAD-152,Push knob (MPX NOISE FlLTER)
F-28,Tuner,AAD-152,AAD-152,Push knob (MUTING)
F-28,Tuner,AAD-152,AAD-152,Push knob (REC LEVEL CHECK)
F-28,Tuner,AAG-170,AAG-170,Dial scale
F-28,Tuner,AAG-171,AAG-171,Code pattern panel
F-28,Tuner,AAW-081,AAW-081,Signal meter
F-28,Tuner,ACT-121,ACT-121,Variable resistor 10kΩ (OUTPUT LEVEL)
F-28,Tuner,ADG-016,ADG-016,AC power cord (S/G)
F-28,Tuner,ADG-023,ADG-023,AC power cord (KU)
F-28,Tuner,AEB-116,AEB-116,Lamp holder
F-28,Tuner,AEC-434,AEC-434,Dial pointer
F-28,Tuner,AEK-106,AEK-106,Fuse 1A (S/G)
F-28,Tuner,AEK-107,AEK-107,Fuse 0.5A
F-28,Tuner,AEL-098,AEL-098,"Lamp 3V, 50mA"
F-28,Tuner,AEL-305,AEL-305,LED (red)
F-28,Tuner,AEL-307,AEL-307,LED (red)
F-28,Tuner,AHB-097,AHB-097,Spacer (S/G)
F-28,Tuner,AHD-580,AHD-580,Packing case (KU)
F-28,Tuner,AHD-581,AHD-581,Packing case (S/G)
F-28,Tuner,AKA-009,AKA-009,Terminal (ANTENNA)
F-28,Tuner,AKB-034,AKB-034,Terminal (MULTIPATH )
F-28,Tuner,AKB-035,AKB-035,Terminal (OUTPUT)
F-28,Tuner,AKE-030,AKE-030,Terminal (GND)
F-28,Tuner,AKP-002,AKP-002,AC socket (KU)
F-28,Tuner,AKP-018,AKP-018,AC socket (S/G)
F-28,Tuner,AKR-031,AKR-031,Voltage selector (S/G)
F-28,Tuner,AKX-055,AKX-055,F-type plug seat
F-28,Tuner,ANB-631,ANB-631,Front panel assembly
F-28,Tuner,ANE-188,ANE-188,Top cover
F-28,Tuner,ARB-282,ARB-282,Operating instructions  F-28 (KU)
F-28,Tuner,ARB-283,ARB-283,Operating instructions  F-28 (S/G)
F-28,Tuner,ASG-134,ASG-134,Key switch (IF BAND)
F-28,Tuner,ASG-134,ASG-134,Key switch (MODE)
F-28,Tuner,ASG-134,ASG-134,Key switch (MPX NOISE FILTER)
F-28,Tuner,ASG-134,ASG-134,Key switch (MUTING)
F-28,Tuner,ASG-134,ASG-134,Key switch (REC LEVEL CHECK)
F-28,Tuner,ASG-502,ASG-502,Push switch (POWER - S/G)
F-28,Tuner,ASG-505,ASG-505,Push switch (POWER - KU)
F-28,Tuner,ASG-505,ASG-505,Push switch (POWER)
F-28,Tuner,ASH-016,ASH-016,Slide switch (DE-EMPHASIS - KU)
F-28,Tuner,ASH-016,ASH-016,Slide switch (DE-EMPHASIS)
F-28,Tuner,ATT-530,ATT-530,Power transformer (KU)
F-28,Tuner,ATT-534,ATT-534,Power transformer (S/G)
F-28,Tuner,AWB-036,AWB-036,FM front end (KU type)
F-28,Tuner,AWB-036,AWB-036,FM front end (S/G type)
F-28,Tuner,AWD-014,AWD-014,MPX AF assembly (KU type)
F-28,Tuner,AWD-015,AWD-015,MPX AF assembly (S/G type)
F-28,Tuner,AWE-097,AWE-097,IF assembly (KU type)
F-28,Tuner,AWE-097,AWE-097,IF assembly (S/G type)
F-28,Tuner,AWR-177,AWR-177,Power supply assembly (KU type)
F-28,Tuner,AWR-178,AWR-178,Power supply assembly (S/G type)
F-28,Tuner,AWX-132,AWX-132,Lamp assembly (KU type)
F-28,Tuner,AWX-132,AWX-132,Lamp assembly (S/G type)
F-28,Tuner,AWX-146,AWX-146,Synthesizer assembly (KU type)
F-28,Tuner,AWX-146,AWX-146,Synthesizer assembly (S/G type)
F-28,Tuner,AWX-147,AWX-147,Switch assembly (S/G type)
F-28,Tuner,AXA-191,AXA-191,Tuning drum assembly
F-28,Tuner,AXA-215,AXA-215,Tuning shaft assembly
F-28,Tuner,E11-033,E11-033,Vinyl pouch (for fuse - S/G)
F-28,Tuner,GWS-141,GWS-141,Switch assembly A (KU type)
F-28,Tuner,GWS-141,GWS-141,Switch assembly A (S/G type)
F-28,Tuner,GWS-142,GWS-142,Switch assembly B (KU type)
F-28,Tuner,GWS-142,GWS-142,Switch assembly B (S/G type)
F-7,Tuner,AAD-332,AAD-332,Knob (FM)
F-7,Tuner,AAD-333,AAD-333,Knob (AM)
F-7,Tuner,AAD-334,AAD-334,Knob (STATION CALL)
F-7,Tuner,AAD-335,AAD-335,"Knob (REC LEVEL CHECK, MODE, MEMORY, TUNING MODE)"
F-7,Tuner,AAD-336,AAD-336,Knob (POWER)
F-7,Tuner,AAD-337,AAD-337,"Knob (UP,DOWN)"
F-7,Tuner,AAX-192,AAX-192,240V label
F-7,Tuner,AAX-193,AAX-193,220V label
F-7,Tuner,ABA-176,ABA-176,Screw
F-7,Tuner,ABH-069,ABH-069,Coiled spring
F-7,Tuner,ABH-070,ABH-070,Coiled spring
F-7,Tuner,ADE-015,ADE-015,Connection cord
F-7,Tuner,ADG-041,ADG-041,AC power cord (HG/HE)
F-7,Tuner,ADG-051,ADG-051,AC power cord (HB)
F-7,Tuner,ADG-052,ADG-052,"Power cord (KU, KC)"
F-7,Tuner,ADH-004,ADH-004,FM T-type antenna
F-7,Tuner,AEC-327,AEC-327,Strain relief
F-7,Tuner,AEC-613,AEC-613,Cabinet bumper
F-7,Tuner,AEK-018,AEK-018,Fuse (T1.25A 250V - HG)
F-7,Tuner,AEK-031,AEK-031,Fuse (T800mA 250V - HG)
F-7,Tuner,AEL-351,AEL-351,LED (STATION)
F-7,Tuner,AEL-352,AEL-352,LED (STEREO)
F-7,Tuner,AEL-353,AEL-353,"LED array (FM,AM)"
F-7,Tuner,AEL-354,AEL-354,LED array (SIGNAL 1 - 5)
F-7,Tuner,AEL-355,AEL-355,LED numeric display
F-7,Tuner,AHA-015,AHA-015,Rear pad
F-7,Tuner,AHA-275,AHA-275,Front pad
F-7,Tuner,AHD-870,AHD-870,Packing case
F-7,Tuner,AKA-014,AKA-014,Terminal (ANTENNA)
F-7,Tuner,AKB-077,AKB-077,Terminal (OUTPUT)
F-7,Tuner,AKP-016,AKP-016,Connector socket (FM 75)
F-7,Tuner,ANB-967,ANB-967,Front panel assembly
F-7,Tuner,ANE-327,ANE-327,Top cover
F-7,Tuner,ANR-316,ANR-316,Slider assembly
F-7,Tuner,ANR-317,ANR-317,Center cover
F-7,Tuner,ANR-320,ANR-320,Hinge L
F-7,Tuner,ANR-321,ANR-321,Hinge R
F-7,Tuner,ANR-322,ANR-322,Door
F-7,Tuner,ANR-325,ANR-325,Pillar
F-7,Tuner,ARB-397,ARB-397,Operating instructions (English - HG) F7
F-7,Tuner,ARD-154,ARD-154,Operating instructions (German/French/Italian - HE) F7
F-7,Tuner,ART-601-0,ART-601,Service manual F7  (HG)
F-7,Tuner,ASG-151,ASG-151,Tact switch (STATION CALL)
F-7,Tuner,ASG-173,ASG-173,"Tact switch (UP, DOWN)"
F-7,Tuner,ASG-174,ASG-174,"Push Switch (FM,AM)"
F-7,Tuner,ASG-275,ASG-275,"Push switch (REC LEVEL CHECK, MODE)"
F-7,Tuner,ASG-276,ASG-276,"Push switch (MEMORY,TUNlNG MODE)"
F-7,Tuner,ASG-532,ASG-532,Push switch (POWER - HG )
F-7,Tuner,ASG-532,ASG-532,SWITCH(POWER)
F-7,Tuner,ASH-015,ASH-015,"Step selector switch (KU, KC)"
F-7,Tuner,ASS-015,ASS-015,Crystal resonator
F-7,Tuner,ATB-634,ATB-634,Bar-antenna assembly
F-7,Tuner,ATT-774,ATT-774,"Power transformer (KU, KC)"
F-7,Tuner,ATT-776,ATT-776,Power transformer (HG)
F-7,Tuner,AWR-218,AWR-218,"Terminal assembly (KU, KC)"
F-7,Tuner,AWR-227,AWR-227,Fuse assembly (KC)
F-7,Tuner,GWE-143,GWE-143,"Tuner assembly (KU, KC)"
F-7,Tuner,GWE-145,GWE-145,Tuner assembly (HG)
F-7,Tuner,GWS-301,GWS-301,Function switch assembly
F-7,Tuner,GWX-590,GWX-590,Display assembly
F-7,Tuner,GWX-591,GWX-591,Station indicator assembly
F-70,Tuner,ASG-413,ASG-413,SWITCH(POWER/ON/STANDBY/SPKR)
F-70,Tuner,ASH-028,ASH-028,"SWITCH(TAPE SEL ""A/B""/AM CHAN S"
F-717,Tuner,ARP-697,ARP-697,S/M F-77(MAIN)
F-717,Tuner,ASG-413,ASG-413,SWITCH(POWER/ON/STANDBY/SPKR)
F-77,Tuner,ARP-697,ARP-697,S/M F-77(MAIN)
F-77,Tuner,ASG-413,ASG-413,SWITCH(POWER/ON/STANDBY/SPKR)
F-9,Tuner,ANR-324,ANR-324,DOOR
F-9,Tuner,ARB-393,ARB-393,O/M F-9
F-9,Tuner,ASG-276,ASG-276,SWITCH(MEMORY/TUNING MODE)
F-9,Tuner,ASG-532,ASG-532,SWITCH(POWER)
F-90,Tuner,AAD-544,AAD-544,Push knob A
F-90,Tuner,AAD-572,AAD-572,Push knob REC
F-90,Tuner,AAD-573,AAD-573,Push knob IF
F-90,Tuner,AAD-574,AAD-574,Tuning knob
F-90,Tuner,AAD-697,AAD-697,Push knob MON
F-90,Tuner,ABH-095,ABH-095,Coiled spring
F-90,Tuner,ADE-015,ADE-015,Connection cord
F-90,Tuner,ADG-052,ADG-052,AC Power cord (KU)
F-90,Tuner,ADG-063,ADG-063,AC Power cord (HB)
F-90,Tuner,ADG-068,ADG-068,AC Power cord (HE)
F-90,Tuner,ADG-073,ADG-073,AC power cord ????
F-90,Tuner,ADH-005,ADH-005,FM antenna
F-90,Tuner,AEC-327,AEC-327,Strain relief
F-90,Tuner,AEC-743,AEC-743,Flexible ring
F-90,Tuner,AEL-388,AEL-388,LED
F-90,Tuner,AEL-423,AEL-423,LED numeric display
F-90,Tuner,AEP-016,AEP-016,Foot ass'y
F-90,Tuner,AHA-248,AHA-248,Front pad
F-90,Tuner,AHA-249,AHA-249,Rear pad
F-90,Tuner,AHE-210,AHE-210,Packing case (HB)
F-90,Tuner,AHE-210,AHE-210,Packing case (KU)
F-90,Tuner,AHE-211,AHE-211,Packing case (HE)
F-90,Tuner,AKA-019,AKA-019,Terminal (ANTENNA)
F-90,Tuner,AKB-093,AKB-093,Terminal (OUTPUT)
F-90,Tuner,AKE-097,AKE-097,Terminal (AM STEREO)
F-90,Tuner,AKX-056,AKX-056,Coaxial connector
F-90,Tuner,AKX-056,AKX-056,Coaxial connector
F-90,Tuner,ANE-450,ANE-450,Bonnet case ass'y
F-90,Tuner,ANM-423,ANM-423,Front panel ass'y
F-90,Tuner,ANR-309,ANR-309,Antenna holder
F-90,Tuner,ARB-562,ARB-562,Operating instructions  F-90 (English - HB)
F-90,Tuner,ARB-562,ARB-562,Operating instructions  F-90 (English - KU)
F-90,Tuner,ARE-074,ARE-074,"Operating instructions  F-90 (English, French, German, Italian - HE)"
F-90,Tuner,ARP-326-0,ARP-326,Service manual. F-90 (KU)
F-90,Tuner,ASG-547,ASG-547,Push Switch (POWER)
F-90,Tuner,ASG-705,ASG-705,Tact switch
F-90,Tuner,ASH-029,ASH-029,Slide switch (AM CHANNEL STEP)
F-90,Tuner,ATB-086,ATB-086,AM loop antenna ass'Y
F-90,Tuner,ATS-022,ATS-022,Power transformer (120V - KU)
F-90,Tuner,ATS-023,ATS-023,Power transformer (220V - 240V - HB)
F-90,Tuner,ATS-023,ATS-023,Power transformer (220V - 240V - HE)
F-90,Tuner,GWE-210,GWE-210,Tuner ass'y (KU)
F-90,Tuner,GWE-211,GWE-211,Tuner ass'y (HB)
F-90,Tuner,GWE-211,GWE-211,Tuner ass'y (HE)
F-90,Tuner,SEA8V222S,SEA8V222S,Push switch
F-91,Tuner,ASG-541,ASG-541,SWITCH(POWER/FUNCTION)
F-91,Tuner,ASG-711,ASG-711,SW(FUNCT)POWER
F-91-3,Tuner,AKX-080,AKX-080,ANTENNA ADAPTER
F-91-3,Tuner,PSE-201,PSE-201,HA B-STOCK UNIT CARTON
F-91-3,Tuner,PSE-202,PSE-202,HE B-STOCK FOAM
F-91-3,Tuner,PSE-501,PSE-501,HE B-STOCK FOAM COVER SHEET
GR-551,Equalizer,AAD1072,AAD1072,Push rod
GR-551,Equalizer,AAD1170,AAD1170,Knob (POWER)
GR-551,Equalizer,AAK1280,AAK1280,Sheet panel - KUC
GR-551,Equalizer,AAK1281,AAK1281,FL filler - KUC
GR-551,Equalizer,AAK1281,AAK1281,FL filter - HB
GR-551,Equalizer,AAK1281,AAK1281,FL filter - HEZ
GR-551,Equalizer,AAK1281,AAK1281,FL filter - KUC
GR-551,Equalizer,AAK1314,AAK1314,FL filter - SD
GR-551,Equalizer,AAK1314,AAK1314,FL filter - SD/G
GR-551,Equalizer,AAV1016 (AAV1015),AAV1016 (AAV1015),Fluorescent tube
GR-551,Equalizer,ABH1021,ABH1021,Coll spring
GR-551,Equalizer,ACU1017,ACU1017,Slide variable resistor (GRAPHIC EQUALIZER)
GR-551,Equalizer,ADE-072,ADE-072,Connection cord
GR-551,Equalizer,ADE-073,ADE-073,Connection cord
GR-551,Equalizer,ADG-088,ADG-088,AC Power cord - KUC
GR-551,Equalizer,ADG-088,ADG-088,AC power cord - KUC
GR-551,Equalizer,ADG-096,ADG-096,AC power cord - HB
GR-551,Equalizer,ADG1015,ADG1015,AC power cord - SD
GR-551,Equalizer,ADG1015,ADG1015,AC power cord - SD/G
GR-551,Equalizer,ADG1022,ADG1022,AC power cord - HEZ
GR-551,Equalizer,AEC-558,AEC-558,Nylon rivet
GR-551,Equalizer,AEC-784,AEC-784,Leg assembly
GR-551,Equalizer,AEK-403,AEK-403,Fuse (T2.5A/250V) - HEZ
GR-551,Equalizer,AEK-512,AEK-512,Fuse (T2.5A/250V) - HB
GR-551,Equalizer,AEL-443,AEL-443,LED (TAPE MONITOR)
GR-551,Equalizer,AEL-450,AEL-450,LED (EQUALIZER)
GR-551,Equalizer,AHA1024,AHA1024,From Rear pad
GR-551,Equalizer,AHB1023,AHB1023,Spacer - SD/G
GR-551,Equalizer,AHD1234,AHD1234,Packing case - HB
GR-551,Equalizer,AHD1234,AHD1234,Packing case - HEZ
GR-551,Equalizer,AHD1234,AHD1234,Packing case - KUC
GR-551,Equalizer,AHD1234,AHD1234,Packing case - KUC
GR-551,Equalizer,AHD1234,AHD1234,Packing case - SD
GR-551,Equalizer,AHD1280,AHD1280,Packing case - SD/G
GR-551,Equalizer,AKB-115,AKB-115,"Terminal (4P) (EQUALIZER, TAPE)"
GR-551,Equalizer,AKP-507,AKP-507,AC Socket (AC OUTLET) - KUC
GR-551,Equalizer,AKP-507,AKP-507,AC Socket (AC OUTLET) - SD
GR-551,Equalizer,AKP-507,AKP-507,AC Socket (AC OUTLET) - SD/G
GR-551,Equalizer,AKP-508,AKP-508,AC Socket (AC OUTLET) - HEZ
GR-551,Equalizer,AKP-509,AKP-509,AC Socket (AC OUTLET) - HB
GR-551,Equalizer,AKX1007,AKX1007,Voltage selector (AC 110/120-127/220/240V) - SD
GR-551,Equalizer,AKX1007,AKX1007,Voltage selector (AC 110/120-127/220/240V) - SD/G
GR-551,Equalizer,AMB1149,AMB1149,Panel base
GR-551,Equalizer,AMR1066,AMR1066,Plastic rivet
GR-551,Equalizer,ANB1115,ANB1115,Front panel assembly - KUC
GR-551,Equalizer,ANE1078,ANE1078,Bonnet
GR-551,Equalizer,ARB1079,ARB1079,Operating instructions GR-551 (English) - HB
GR-551,Equalizer,ARB1079,ARB1079,Operating instructions GR-551 (English) - KUC
GR-551,Equalizer,ARB1079,ARB1079,Operating instructions GR-551 (English) - SD
GR-551,Equalizer,ARB1079,ARB1079,Operating instructions GR-551 (English) - SD/G
GR-551,Equalizer,ARB1079,ARB1079,Operating instructlons (English) - KUC
GR-551,Equalizer,ARE1050,ARE1050,Operating instructions GR-551 (English/German/French/Italian) - HEZ
GR-551,Equalizer,ARH1041,ARH1041,Sub instructions - SD
GR-551,Equalizer,ARH1041,ARH1041,Sub instructions - SD/G
GR-551,Equalizer,ARP1417-0,ARP1417,Service manual  GR-551
GR-551,Equalizer,ATT1032,ATT1032,Power transformer (AC 220/240V) - HB
GR-551,Equalizer,ATT1032,ATT1032,Power transformer (AC 220/240V) - HEZ
GR-551,Equalizer,ATT1039,ATT1039,Power transformer (AC120V) - KUC
GR-551,Equalizer,ATT1049,ATT1049,Power transformer (AC 110/120-127/220/240V) - SD
GR-551,Equalizer,ATT1049,ATT1049,Power transformer (AC 110/120-127/220/240V) - SD/G
GR-551,Equalizer,AWZ1087,AWZ1087,AF assembly
GR-551,Equalizer,AWZ1091,AWZ1091,BAND PASS assembly
GR-551,Equalizer,SUL6L6B6S,SUL6L6B6S,"Push switch (EQUALIZER, TAPE MONITOR)"
GR-551,Equalizer,SULLYS,SULLYS,Push switch (POWER)
GR-555,Equalizer,AAD1072,AAD1072,Push rod
GR-555,Equalizer,AAD1170,AAD1170,Knob (POWER)
GR-555,Equalizer,AAK1280,AAK1280,Sheet panel
GR-555,Equalizer,AAK1281,AAK1281,FL filler - HB
GR-555,Equalizer,AAK1281,AAK1281,FL filler - HEZ
GR-555,Equalizer,AAK1551,AAK1551,Sheet panel  - SD
GR-555,Equalizer,AAK1551,AAK1551,Sheet panel - HB
GR-555,Equalizer,AAK1551,AAK1551,Sheet panel - HEZ
GR-555,Equalizer,AAK1551,AAK1551,Sheet panel - KUC
GR-555,Equalizer,AAK1551,AAK1551,Sheet panel - SD/G
GR-555,Equalizer,AAK1588,AAK1588,FL filler  - SD
GR-555,Equalizer,AAK1588,AAK1588,FL filler - KUC
GR-555,Equalizer,AAK1588,AAK1588,FL filler - SD/G
GR-555,Equalizer,AAV1016 (AAV1015),AAV1016 (AAV1015),Fluorescent tube
GR-555,Equalizer,ABH1021,ABH1021,Coll spring
GR-555,Equalizer,ACU1017,ACU1017,Slide variable resistor (GRAPHIC EQUALIZER)
GR-555,Equalizer,ADE-072,ADE-072,Connection cord
GR-555,Equalizer,ADE-073,ADE-073,Connection cord
GR-555,Equalizer,ADG-088,ADG-088,AC Power cord - KUC
GR-555,Equalizer,ADG-096,ADG-096,AC Power cord - HB
GR-555,Equalizer,ADG1015,ADG1015,AC Power cord  - SD
GR-555,Equalizer,ADG1015,ADG1015,AC Power cord - SD/G
GR-555,Equalizer,ADG1022,ADG1022,AC Power cord - HEZ
GR-555,Equalizer,AEC-558,AEC-558,Nylon rivet
GR-555,Equalizer,AEC-784,AEC-784,Leg assembly
GR-555,Equalizer,AEK- 512,AEK- 512,Fuse (T2.5A/260V) - HB
GR-555,Equalizer,AEK-403,AEK-403,Fuse (T2.5A/260V) - HEZ
GR-555,Equalizer,AEL-443,AEL-443,LED (TAPE MONITOR)
GR-555,Equalizer,AEL-450,AEL-450,LED (EQUALIZER)
GR-555,Equalizer,AHA1024,AHA1024,From Rear pad
GR-555,Equalizer,AHB1023,AHB1023,Spacer - SD/G
GR-555,Equalizer,AHD1474,AHD1474,Packing case  - SD
GR-555,Equalizer,AHD1474,AHD1474,Packing case - HB
GR-555,Equalizer,AHD1474,AHD1474,Packing case - HEZ
GR-555,Equalizer,AHD1474,AHD1474,Packing case - KUC
GR-555,Equalizer,AHD1474,AHD1474,Packing case - SD/G
GR-555,Equalizer,AKB-115,AKB-115,"Terminal (4P) (EQUALIZER, TAPE)"
GR-555,Equalizer,AKP- 507,AKP- 507,AC socket (AC OUTLET) - SD/G
GR-555,Equalizer,AKP- 509,AKP- 509,AC socket (AC OUTLET) - HB
GR-555,Equalizer,AKP-507,AKP-507,AC socket (AC OUTLET)  - SD
GR-555,Equalizer,AKP-507,AKP-507,AC socket (AC OUTLET) - KUC
GR-555,Equalizer,AKP-508,AKP-508,AC socket (AC OUTLET) - HEZ
GR-555,Equalizer,AKX1007,AKX1007,Line voltage selector  - SD
GR-555,Equalizer,AKX1007,AKX1007,Line voltage selector - SD/G
GR-555,Equalizer,AMB1149,AMB1149,Panel base
GR-555,Equalizer,AMR1066,AMR1066,Plastic rivet
GR-555,Equalizer,ANB1218,ANB1218,Front panel assembly  - SD
GR-555,Equalizer,ANB1218,ANB1218,Front panel assembly - HB
GR-555,Equalizer,ANB1218,ANB1218,Front panel assembly - HEZ
GR-555,Equalizer,ANB1218,ANB1218,Front panel assembly - KUC
GR-555,Equalizer,ANB1218,ANB1218,Front panel assembly - KUC
GR-555,Equalizer,ANB1218,ANB1218,Front panel assembly - SD/G
GR-555,Equalizer,ANE1078,ANE1078,Bonnet
GR-555,Equalizer,ARB1121,ARB1121,Operating instractlons (English)  - SD
GR-555,Equalizer,ARB1121,ARB1121,Operating instractlons (English) - HB
GR-555,Equalizer,ARB1121,ARB1121,Operating instractlons (English) - SD/G
GR-555,Equalizer,ARB1121,ARB1121,Operating instructlons (English) - KUC
GR-555,Equalizer,ARE1088,ARE1088,Operating lnstractions (English/German/French/Italian) - HEZ
GR-555,Equalizer,ARH1051,ARH1051,Sub instructions  - SD
GR-555,Equalizer,ARH1051,ARH1051,Sub instructions - SD/G
GR-555,Equalizer,ARP1561,ARP1561,Service manual GR-555
GR-555,Equalizer,ATT1032,ATT1032,Power transformer (AC220V/240V) - HB
GR-555,Equalizer,ATT1032,ATT1032,Power transformer (AC220V/240V) - HEZ
GR-555,Equalizer,ATT1039,ATT1039,Power transformer (AC120V) - KUC
GR-555,Equalizer,ATT1049,ATT1049,Power transformer (AC110V/120 -127V/220V/240V)  - SD
GR-555,Equalizer,ATT1049,ATT1049,Power transformer (AC110V/120 -127V/220V/240V) - SD/G
GR-555,Equalizer,AWZ1087,AWZ1087,AF assembly
GR-555,Equalizer,AWZ1091,AWZ1091,BAND PASS assembly
GR-555,Equalizer,SUL6L6B6S,SUL6L6B6S,"Push switch (EQUALIZER, TAPE MONITOR)"
GR-555,Equalizer,SULLYS,SULLYS,Push switch (POWER)
GR-777,Equalizer,AAD1343,AAD1343,Knob (POWER)
GR-777,Equalizer,AAD1370,AAD1370,Tact knob (A)
GR-777,Equalizer,AAD1371,AAD1371,Tact knob (B)
GR-777,Equalizer,AAK1333,AAK1333,Sensor acrylic window
GR-777,Equalizer,AAK1478,AAK1478,FL Filter - HEZ
GR-777,Equalizer,AAK1480,AAK1480,Display seat
GR-777,Equalizer,AAK1488,AAK1488,lndicator lens
GR-777,Equalizer,AAK1496,AAK1496,Display panel
GR-777,Equalizer,AAK1523,AAK1523,FL Filter - KUC
GR-777,Equalizer,AAK1523,AAK1523,FL Filter - SD
GR-777,Equalizer,AAK1523,AAK1523,FL Filter - SD/G
GR-777,Equalizer,AAM-030,AAM-030,Name plate
GR-777,Equalizer,AAV1056,AAV1056,Fluorescent Indicator tube
GR-777,Equalizer,ABH-052,ABH-052,Coil spring
GR-777,Equalizer,ABH1036,ABH1036,Coll spring
GR-777,Equalizer,ADE-072,ADE-072,Connection cord with pin plug
GR-777,Equalizer,ADE-073,ADE-073,Connection cord with pin plug
GR-777,Equalizer,ADG-088,ADG-088,AC power cord - KUC
GR-777,Equalizer,ADG1015,ADG1015,AC power cord - SD
GR-777,Equalizer,ADG1015,ADG1015,AC power cord - SD/G
GR-777,Equalizer,ADG1022,ADG1022,AC power cord - HEZ
GR-777,Equalizer,AEC- 510,AEC- 510,Nylon rivet
GR-777,Equalizer,AEK-118,AEK-118,Fuse (800mA/125V) - KUC
GR-777,Equalizer,AEK-136,AEK-136,Fuse (500mA/125V) - KUC
GR-777,Equalizer,AEK-403,AEK-403,Fuse (T2.5A/250V) - HEZ
GR-777,Equalizer,AEK-406,AEK-406,Fuse (T630mA/250V) - HEZ
GR-777,Equalizer,AEK-406,AEK-406,Fuse (T630mA/250V) - SD
GR-777,Equalizer,AEK-406,AEK-406,Fuse (T630mA/250V) - SD/G
GR-777,Equalizer,AEK-407,AEK-407,Fuse (T400mA/260V) - HEZ
GR-777,Equalizer,AEK-407,AEK-407,Fuse (T400mA/260V) - SD
GR-777,Equalizer,AEK-407,AEK-407,Fuse (T400mA/260V) - SD/G
GR-777,Equalizer,AHA1095,AHA1095,Front rear pad
GR-777,Equalizer,AHD1407,AHD1407,Packing case
GR-777,Equalizer,AKB1007,AKB1007,4P Pin jack
GR-777,Equalizer,AKN1006,AKN1006,2P Mini jack
GR-777,Equalizer,AKP-507,AKP-507,AC socket (1P)
GR-777,Equalizer,AKP-507,AKP-507,"AC socket (OUTLET,1P) - KUC"
GR-777,Equalizer,AKP-507,AKP-507,"AC socket (OUTLET,1P) - SD"
GR-777,Equalizer,AKP-507,AKP-507,"AC socket (OUTLET,1P) - SD/G"
GR-777,Equalizer,AKP-508,AKP-508,"AC socket (OUTLET,1P) - HEZ"
GR-777,Equalizer,AKX1007,AKX1007,Line voltage selector switch - SD
GR-777,Equalizer,AKX1007,AKX1007,Line voltage selector switch - SD/G
GR-777,Equalizer,AMB1351,AMB1351,Panel base assembly
GR-777,Equalizer,AMR1350,AMR1350,Insulator assembly (FRONT)
GR-777,Equalizer,AMR1353,AMR1353,Insulator assembly (REAR)
GR-777,Equalizer,ANB1235,ANB1235,Front panel assembly
GR-777,Equalizer,ARB1109,ARB1109,Operating lnstructlon  GR-777 - KUC
GR-777,Equalizer,ARB1109,ARB1109,Operating lnstructlon  GR-777 - SD
GR-777,Equalizer,ARB1109,ARB1109,Operating lnstructlon  GR-777 - SD/G
GR-777,Equalizer,ARE1098,ARE1098,Operating lnstructlon  GR-777 - HEZ
GR-777,Equalizer,ARH1053,ARH1053,Operating lnstructlon  GR-777 - SD
GR-777,Equalizer,ARH1053,ARH1053,Operating lnstructlon  GR-777 - SD/G
GR-777,Equalizer,ARP1608,ARP1608,Service manual  GR-777
GR-777,Equalizer,ASG-549,ASG-549,Push switch (POWER)
GR-777,Equalizer,ASG-711,ASG-711,Tact switch
GR-777,Equalizer,ATT1067,ATT1067,Power transformer
GR-777,Equalizer,AWZ1856,AWZ1856,FL (L) assembly
GR-777,Equalizer,AWZ1857,AWZ1857,FL (R) assembly
GR-777,Equalizer,AWZ2006,AWZ2006,Main assembly
GR-777,Equalizer,AXD1049,AXD1049,Remote control unit
GR-777,Equalizer,AXX1005,AXX1005,Remote control sensor unit
GR-777,Equalizer,AZN1744,AZN1744,Bonnet
GR-860,Equalizer,ASG-549,ASG-549,SWITCH(POWER)GR860BK
H-22,8-Track Tape,B20-012-B,B20-012,Spring Lock Washer M3
H-22,8-Track Tape,CAC-075-0,CAC-075,Program Selector Button
H-22,8-Track Tape,CAT-013-0,CAT-013,Cartridge Door
H-22,8-Track Tape,CBH-122-0,CBH-122,Spring - Head Azimuth Adjusting
H-22,8-Track Tape,CBH-122-0,CBH-122,Spring - Head Base
H-22,8-Track Tape,CBH-123-0,CBH-123,Spring - Cam Height
H-22,8-Track Tape,CBH-124-0,CBH-124,Spring - Pressure
H-22,8-Track Tape,CBH-177-0,CBH-177,Spring (Cartridge Door Shaft)
H-22,8-Track Tape,CBL-046-0,CBL-046,Spring - Tension
H-22,8-Track Tape,CDE-094-0,CDE-094,Patch Cord
H-22,8-Track Tape,CDG-012-0,CDG-012,Power Supply Cord
H-22,8-Track Tape,CEG-013-0,CEG-013,Polyethylene Bag
H-22,8-Track Tape,CEL-027-0,CEL-027,Pilot Lamp 6.3V 50mA - Program
H-22,8-Track Tape,CEL-027-0,CEL-027,Pilot Lamp 6.3V 50rnA - Program
H-22,8-Track Tape,CEL-027-0,CEL-027,Pilut Lamp 6.3V 50mA - Program
H-22,8-Track Tape,CEL-027-0,CEL-027,Pllot Lamp 6.3V 50mA - Program
H-22,8-Track Tape,CHA-415-0,CHA-415,Packing Case
H-22,8-Track Tape,CHA-416-0,CHA-416,Styrofoam
H-22,8-Track Tape,CKB-007-0,CKB-007,Pin Jacks (Output Termnals 2-P)
H-22,8-Track Tape,CKC-018-0,CKC-018,Lug Terminal - 3-P
H-22,8-Track Tape,CKC-019-0,CKC-019,Lug Terminal - 7-F
H-22,8-Track Tape,CLA-212-0,CLA-212,Shaft
H-22,8-Track Tape,CLA-214-0,CLA-214,Mounting Stud
H-22,8-Track Tape,CLA-298-0,CLA-298,Shaft (Cartridge Door)
H-22,8-Track Tape,CMX-084-0,CMX-084,Cabinet Assembly
H-22,8-Track Tape,CNA-062-0,CNA-062,Chassis
H-22,8-Track Tape,CNC-658-0,CNC-658,Spacer - Head Height
H-22,8-Track Tape,CNC-659-0,CNC-659,Head Locking Bar
H-22,8-Track Tape,CNC-660-0,CNC-660,Cartridge Guide
H-22,8-Track Tape,CNC-661-0,CNC-661,Cord Binder
H-22,8-Track Tape,CNC-663-0,CNC-663,Bracket A - Amplifier P.C. Board Support
H-22,8-Track Tape,CNC-664-0,CNC-664,Bracket B
H-22,8-Track Tape,CNC-888-0,CNC-888,Support Bracket A
H-22,8-Track Tape,CNC-889-0,CNC-889,Support Bracket B
H-22,8-Track Tape,CNC-890-0,CNC-890,Mounting Bracket (Transformer and Pin Jacks)
H-22,8-Track Tape,CNR-029-0,CNR-029,Flywheel Holder
H-22,8-Track Tape,CNR-032-0,CNR-032,Flywheel
H-22,8-Track Tape,CNS-141-0,CNS-141,Backboard
H-22,8-Track Tape,CNT-035-0,CNT-035,Drive Belt
H-22,8-Track Tape,CNV-181-0,CNV-181,Cartridge Guide Roller
H-22,8-Track Tape,CNV-183-0,CNV-183,Channel Selector Cam
H-22,8-Track Tape,CNV-245-0,CNV-245,Cord Strain Relief
H-22,8-Track Tape,CNV-247-0,CNV-247,Foot
H-22,8-Track Tape,CPB-013-0,CPB-013,Playback Head
H-22,8-Track Tape,CRB-086-0,CRB-086,Operating instructions  H-22
H-22,8-Track Tape,CRT-038,CRT-038,Service manual  H-22
H-22,8-Track Tape,CRY-002-A,CRY-002,Registration Card
H-22,8-Track Tape,CSG-039-0,CSG-039,Push Switch (Program Selector)
H-22,8-Track Tape,CSN-027-0,CSN-027,Leaf Switch - Motor Switch
H-22,8-Track Tape,CSN-028-0,CSN-028,Leaf Switch - Indicator Lamps & Amplifier Switch
H-22,8-Track Tape,CTT-028-0,CTT-028,Transformer (Power Supply for USA - KU)
H-22,8-Track Tape,CTT-030-0,CTT-030,Transformer (Power Supply for Canada - KC)
H-22,8-Track Tape,CWK-069-0,CWK-069,Amplifier Unit
H-22,8-Track Tape,CXA-526-0,CXA-526,Taoe Guide Assembly
H-22,8-Track Tape,CXA-528-0,CXA-528,Head Holder Assembly
H-22,8-Track Tape,CXA-529-0,CXA-529,Cam Assembly - Program Selector
H-22,8-Track Tape,CXA-531-0,CXA-531,Head Base Assembly
H-22,8-Track Tape,CXA-532-0,CXA-532,Pressure Roller Assembly
H-22,8-Track Tape,CXA-717-0,CXA-717,Escutcheon Assembly
H-22,8-Track Tape,CXA-719-0,CXA-719,Motor Pulley
H-22,8-Track Tape,CXM-019-0,CXM-019,Motor
H-22,8-Track Tape,CXP-010-0,CXP-010,Solenoid Assembly - Channel Selector
H-22,8-Track Tape,CXP-011-0,CXP-011,Solenoid Unit - Channel Selector
H-R100,8-Track Tape,CAA-037-C,CAA-037,"KNOB, REC LEVEL"
H-R100,8-Track Tape,CAB-003-B,CAB-003,"KNOB, FUNCTION"
H-R100,8-Track Tape,CAC-036-B,CAC-036,"BUTTON, FFWD,PROGRAM,PAUSE"
H-R100,8-Track Tape,CAC-037-A,CAC-037,"BUTTON, REC"
H-R100,8-Track Tape,CAC-087-A,CAC-087,"BUTTON, DOLBY"
H-R100,8-Track Tape,CAW-007-A,CAW-007,COUNTER
H-R100,8-Track Tape,CAW-013-0,CAW-013,Level Meter (Lch.)
H-R100,8-Track Tape,CAW-013-0,CAW-013,Level Meter (Rch.)
H-R100,8-Track Tape,CCG-003-0,CCG-003,Capacitor 0.01uF
H-R100,8-Track Tape,CCS-040-0,CCS-040,Volume (Record Level)
H-R100,8-Track Tape,CCS-040-0,CCS-040,Volume (Record Level)
H-R100,8-Track Tape,CEL-020-B,CEL-020,"Lamp, 60mA 14V (Counter Ind.)"
H-R100,8-Track Tape,CEL-020-B,CEL-020,"Lamp, 60mA 14V (Dolby Ind.)"
H-R100,8-Track Tape,CEL-020-B,CEL-020,"Lamp, 60mA 14V (Rec. Ind.)"
H-R100,8-Track Tape,CEL-021-0,CEL-021,"Lamp, 60mA 14V (End Ind.)"
H-R100,8-Track Tape,CEL-021-0,CEL-021,"Lamp, 60mA 14V (Program Ind.)"
H-R100,8-Track Tape,CEL-021-0,CEL-021,"Lamp, 60mA 14V (Program Ind.)"
H-R100,8-Track Tape,CEL-021-0,CEL-021,"Lamp, 60mA 14V (Program Ind.)"
H-R100,8-Track Tape,CEL-021-0,CEL-021,"Lamp, 60mA 14V (Program Ind.)"
H-R100,8-Track Tape,CEL-024-0,CEL-024,"Lamp, 150mA 8V (Level Meter Ind)"
H-R100,8-Track Tape,CEL-024-0,CEL-024,"Lamp, 150mA 8V (Level Meter Ind)"
H-R100,8-Track Tape,CKB-003-0,CKB-003,4P Pin Jack (Line Input)
H-R100,8-Track Tape,CKB-003-0,CKB-003,4P Pin Jack (Line Output)
H-R100,8-Track Tape,CKN-013-0,CKN-013,Head phone Jack
H-R100,8-Track Tape,CKN-014-0,CKN-014,Microphone Jack (Lch .)
H-R100,8-Track Tape,CKN-014-0,CKN-014,Microphone Jack (Rch.)
H-R100,8-Track Tape,CKN-014-0,CKN-014,Microphone Jack (Switch)
H-R100,8-Track Tape,CKN-014-0,CKN-014,Microphone Jack (Switch)
H-R100,8-Track Tape,CNT-016-0,CNT-016,BELT (DRIVE)
H-R100,8-Track Tape,CNT-021-0,CNT-021,"BELT, COUNTER"
H-R100,8-Track Tape,CNV-281-0,CNV-281,LAMP HOLDER (5-POS)
H-R100,8-Track Tape,CPB-019-0,CPB-019,Head
H-R100,8-Track Tape,CRB-109-0,CRB-109,Operating instructions H-R100
H-R100,8-Track Tape,CRY-054-0,CRY-054,Service manual H-R100
H-R100,8-Track Tape,CSE-003-0,CSE-003,Rotary Switch (Function)
H-R100,8-Track Tape,CSG-036-0,CSG-036,Push Switch (Dolby)
H-R100,8-Track Tape,CSG-040-0,CSG-040,Push Switch (Pause)
H-R100,8-Track Tape,CSG-041-0,CSG-041,Push Switch (F.F.)
H-R100,8-Track Tape,CSN-032-0,CSN-032,Leaf Switch (Program)
H-R100,8-Track Tape,CSN-033-0,CSN-033,Leaf Switch (Program)
H-R100,8-Track Tape,CTT-039-0,CTT-039,Power Transformer
H-R100,8-Track Tape,CWK-091-0,CWK-091,AMPLIFIER ASSEMBLY
H-R100,8-Track Tape,CWR-047-0,CWR-047,POWER SUPPLY UNlT
H-R100,8-Track Tape,CWX-147-0,CWX-147,OSCILLATOR UNIT
H-R100,8-Track Tape,CXA-781-0,CXA-781,LAMP SELECTOR ASSEMBLY
H-R100,8-Track Tape,CXA-866-0,CXA-866,FRONT GRILLE
H-R100,8-Track Tape,CXA-868-0,CXA-868,RECORDING LEVER
H-R100,8-Track Tape,CXM-020-0,CXM-020,Motor
H-R100,8-Track Tape,CXP-009-B,CXP-009,Solenoid
H-R100,8-Track Tape,G00-533-B,G00-533,"Diode, FR2-02"
H-R100,8-Track Tape,S21-625-0,S21-625,Micro Switch (Power)
H-R100,8-Track Tape,W74-776-A,W74-776,FLYWHEEL HOLDER
H-R100,8-Track Tape,Y03-343-J,Y03-343,"Resistor, RD¼PS823J 82kΩ ±5% ¼W"
H-R100,8-Track Tape,Y05-241-J,Y05-241,"Resistor, RD¼VS330J 33Ω ±5% ¼W"
H-R100,8-Track Tape,Y20-943-J,Y20-943,"Resistor, RS2P823J 82kΩ ±5% 2W"
H-R88,8-Track Tape,CRB-005,CRB-005,O/M HR88/K
H-R88,8-Track Tape,CTT-008,CTT-008,PWR XFMR
H-R88,8-Track Tape,S14-612,S14-612,WAFER SW(FUNCTION)HR88
H-R9000,8-Track Tape,ABA-003-0,ABA-003,Special Screw
H-R9000,8-Track Tape,AEC-101-0,AEC-101,Pulley
H-R9000,8-Track Tape,AKP-002-0,AKP-002,AC Jack
H-R9000,8-Track Tape,AKR-013-0,AKR-013,Fuse Clip
H-R9000,8-Track Tape,B01-267-A,B01-267,"Screw, M3 x 14"
H-R9000,8-Track Tape,B01-862-A,B01-862,"Screw, M3 X 5"
H-R9000,8-Track Tape,B01-863-A,B01-863,"Screw, M3 x 6"
H-R9000,8-Track Tape,B01-863-A,B01-863,"Screw, M3 x 6"
H-R9000,8-Track Tape,B01-863-A,B01-863,"Screw, M3 x 6"
H-R9000,8-Track Tape,B01-864-A,B01-864,"Screw, M3 x 8"
H-R9000,8-Track Tape,B01-875-A,B01-875,"Screw, M4 x6"
H-R9000,8-Track Tape,B03-008-A,B03-008,"Screw, M215 X 4"
H-R9000,8-Track Tape,B06-109-A,B06-109,"Screw, M25 x 4"
H-R9000,8-Track Tape,B06-111-A,B06-111,"Screw, M2.6 x 6"
H-R9000,8-Track Tape,B06-162-A,B06-162,"Screw, M3 x 5"
H-R9000,8-Track Tape,B08-219-A,B08-219,"Screw, M2.6 X 6"
H-R9000,8-Track Tape,B08-220-A,B08-220,"Screw, M2.6 x 8"
H-R9000,8-Track Tape,B09-382-E,B09-382,"Screw, M4 x 20"
H-R9000,8-Track Tape,B10-203-A,B10-203,"Screw, M2 x 5"
H-R9000,8-Track Tape,B10-204-A,B10-204,"Screw, M2 X 6"
H-R9000,8-Track Tape,B10-264-A,B10-264,"Screw, M3 x 8"
H-R9000,8-Track Tape,B10-863-A,B10-863,"Screw, M3 x 6"
H-R9000,8-Track Tape,B10-863-A,B10-863,"Screw, M3 x 6"
H-R9000,8-Track Tape,B10-863-A,B10-863,"Screw, M3 x6"
H-R9000,8-Track Tape,B10-864-A,B10-864,"Screw, M3 x 8"
H-R9000,8-Track Tape,B11-012-A,B11-012,"Screw, Grounding"
H-R9000,8-Track Tape,B11-678-0,B11-678,"Screw, M2.6 x 14"
H-R9000,8-Track Tape,B20-002-A,B20-002,"Flat Washer, M25"
H-R9000,8-Track Tape,B20-010-A,B20-010,"Spring Washer, M2"
H-R9000,8-Track Tape,B20-013-A,B20-013,"Screw, M3.1 x 10"
H-R9000,8-Track Tape,B20-013-A,B20-013,"Spring Washer, M4"
H-R9000,8-Track Tape,B20-074-L,B20-074,"Fiber Washer, M3"
H-R9000,8-Track Tape,B20-103-B,B20-103,"E Ring, 2.5mm"
H-R9000,8-Track Tape,B20-105-B,B20-105,"E Ring, 3.2mm"
H-R9000,8-Track Tape,B20-111-B,B20-111,"E Ring, 1.5mm"
H-R9000,8-Track Tape,B20-126-A,B20-126,"E Ring, 8mm"
H-R9000,8-Track Tape,B20-508-E,B20-508,Stop Pin
H-R9000,8-Track Tape,B23-644-0,B23-644,Insulating Washer
H-R9000,8-Track Tape,B23-657-0,B23-657,Nylon Washer
H-R9000,8-Track Tape,B33-613-A,B33-613,Door Shaft
H-R9000,8-Track Tape,B33-671-B,B33-671,Spring (Lock Plate Assembly)
H-R9000,8-Track Tape,B33-673-A,B33-673,Spring (Door)
H-R9000,8-Track Tape,B33-726-0,B33-726,Spring (Head Base)
H-R9000,8-Track Tape,B33-727-0,B33-727,Spring (Azimuth Adj.)
H-R9000,8-Track Tape,B71-673-A,B71-673,Hex. Nut (with Nylon Ring)
H-R9000,8-Track Tape,B90-002-A,B90-002,Screw (Dial Pulley A)
H-R9000,8-Track Tape,CAA-035-0,CAA-035,"Knob, internal"
H-R9000,8-Track Tape,CAA-036-0,CAA-036,"Knob, External"
H-R9000,8-Track Tape,CAA-037-0,CAA-037,Knob (REC LEVEL)
H-R9000,8-Track Tape,CAB-003-0,CAB-003,Knob (SELECTOR)
H-R9000,8-Track Tape,CAB-004-0,CAB-004,Knob (Tuning)
H-R9000,8-Track Tape,CAB-005-0,CAB-005,Knob (FUNCTlON)
H-R9000,8-Track Tape,CAC-036-0,CAC-036,"Push Button (ALC, F. FWD,PROGRAM, PAUSE)"
H-R9000,8-Track Tape,CAC-037-0,CAC-037,Push Button (REC)
H-R9000,8-Track Tape,CAC-061-0,CAC-061,Push Button (POWER)
H-R9000,8-Track Tape,CAG-017-A,CAG-017,Dial Scaie
H-R9000,8-Track Tape,CAW-005-0,CAW-005,Level Meter
H-R9000,8-Track Tape,CAW-005-0,CAW-005,Level Meter
H-R9000,8-Track Tape,CAW-006-0,CAW-006,Tuning Meter
H-R9000,8-Track Tape,CAW-007-0,CAW-007,Counter
H-R9000,8-Track Tape,CBE-003-0,CBE-003,Dish Washer
H-R9000,8-Track Tape,CBE-012-0,CBE-012,"Flat Washer, M7"
H-R9000,8-Track Tape,CBE-012-0,CBE-012,"Flat Washer, M7"
H-R9000,8-Track Tape,CBE-013-0,CBE-013,"Flat Washer, M8"
H-R9000,8-Track Tape,CBE-013-0,CBE-013,"Flat Washer, M8"
H-R9000,8-Track Tape,CBE-014-0,CBE-014,"Flat Washer, M9"
H-R9000,8-Track Tape,CBE-014-0,CBE-014,"Flat Washer, M9"
H-R9000,8-Track Tape,CBE-019-0,CBE-019,Spacer
H-R9000,8-Track Tape,CBF-021-0,CBF-021,Teflon Washer
H-R9000,8-Track Tape,CBF-034-0,CBF-034,Teflon Washer
H-R9000,8-Track Tape,CBH-001-0,CBH-001,Spring (Solenoid)
H-R9000,8-Track Tape,CBH-002-0,CBH-002,Spring (Cam)
H-R9000,8-Track Tape,CBH-074-A,CBH-074,Spring (Dial Pulley B)
H-R9000,8-Track Tape,CBH-102-0,CBH-102,Spring (Recording Lock Lever)
H-R9000,8-Track Tape,CBH-103-0,CBH-103,Spring (Program Lever Return)
H-R9000,8-Track Tape,CBL-045-0,CBL-045,"Leaf Spring, Button Lock"
H-R9000,8-Track Tape,CBN-003-0,CBN-003,"Hex. Nut, M7"
H-R9000,8-Track Tape,CBN-003-0,CBN-003,"Hex. Nut, M7"
H-R9000,8-Track Tape,CBN-004-0,CBN-004,"Hex. Nut, M8"
H-R9000,8-Track Tape,CBN-004-0,CBN-004,"Hex. Nut, M8"
H-R9000,8-Track Tape,CBN-005-0,CBN-005,"Hex Nut, M9"
H-R9000,8-Track Tape,CBN-005-0,CBN-005,"Hex. Nut, M9"
H-R9000,8-Track Tape,CCS-038-0,CCS-038,Gain Control
H-R9000,8-Track Tape,CCS-039-0,CCS-039,Tone Control with Switch Treble and Bass
H-R9000,8-Track Tape,CCS-040-0,CCS-040,Volume (REC LEVEL)
H-R9000,8-Track Tape,CCS-040-0,CCS-040,Volume (REC LEVEL)
H-R9000,8-Track Tape,CCS-040-0,CCS-040,Volume (REC LEVEL)
H-R9000,8-Track Tape,CDE-045-0,CDE-045,Connecting Cord
H-R9000,8-Track Tape,CDE-052-0,CDE-052,Speaker Cord
H-R9000,8-Track Tape,CDG-002-0,CDG-002,AC Power Cord
H-R9000,8-Track Tape,CEG-004-0,CEG-004,Polyethylene Bag for Set
H-R9000,8-Track Tape,CEK-002-0,CEK-002,"Fuse, 2A"
H-R9000,8-Track Tape,CEK-002-0,CEK-002,"Fuse, 2A"
H-R9000,8-Track Tape,CEK-002-0,CEK-002,"Fuse, 2A"
H-R9000,8-Track Tape,CEL-002-0,CEL-002,Indicator Lamp
H-R9000,8-Track Tape,CEL-002-0,CEL-002,Indicator Lamp (Counter)
H-R9000,8-Track Tape,CEL-002-0,CEL-002,Indicator Lamp (Dial Pointer)
H-R9000,8-Track Tape,CEL-002-0,CEL-002,Indicator Lamp (Stereo indicator)
H-R9000,8-Track Tape,CHA-227-0,CHA-227,Carton
H-R9000,8-Track Tape,CHA-228-0,CHA-228,Styro Foam
H-R9000,8-Track Tape,CKB-002-0,CKB-002,"Pin Jack, 6P (REC., PHONO and AUX)"
H-R9000,8-Track Tape,CKC-002-0,CKC-002,Lug Terminal
H-R9000,8-Track Tape,CKC-003-0,CKC-003,Lug Terminal
H-R9000,8-Track Tape,CKP-001-0,CKP-001,Speaker Jack
H-R9000,8-Track Tape,CKS-006-0,CKS-006,Wire Clip
H-R9000,8-Track Tape,CLA-028-A,CLA-028,Motor Pulley
H-R9000,8-Track Tape,CLA-149-A,CLA-149,Dial Shaft
H-R9000,8-Track Tape,CLA-178-0,CLA-178,Spacer
H-R9000,8-Track Tape,CLA-187-0,CLA-187,Pulley
H-R9000,8-Track Tape,CMS-013-0,CMS-013,"Side Board, Left"
H-R9000,8-Track Tape,CMS-014-0,CMS-014,"Side Board, Right"
H-R9000,8-Track Tape,CNA-053-C,CNA-053,Chassis
H-R9000,8-Track Tape,CNA-053-C,CNA-053,Chassis
H-R9000,8-Track Tape,CNA-054-0,CNA-054,Chassis
H-R9000,8-Track Tape,CNB-054-0,CNB-054,Door
H-R9000,8-Track Tape,CNB-101-A,CNB-101,Cabinet Top
H-R9000,8-Track Tape,CNB-102-A,CNB-102,Front Grille
H-R9000,8-Track Tape,CNC-242-0,CNC-242,Head Holder
H-R9000,8-Track Tape,CNC-432-0,CNC-432,Counter Holder
H-R9000,8-Track Tape,CNC-433-0,CNC-433,Recording Lever
H-R9000,8-Track Tape,CNC-435-0,CNC-435,"Bracket, Leaf Switch"
H-R9000,8-Track Tape,CNC-443-0,CNC-443,"Bracket, Push Switch"
H-R9000,8-Track Tape,CNC-444-0,CNC-444,Revolution Lever
H-R9000,8-Track Tape,CNC-445-0,CNC-445,Program Lever
H-R9000,8-Track Tape,CNC-446-0,CNC-446,F.F. Lever
H-R9000,8-Track Tape,CNC-447-0,CNC-447,Pause Lever
H-R9000,8-Track Tape,CNC-453-0,CNC-453,Supporting Bracket
H-R9000,8-Track Tape,CNC-455-0,CNC-455,Lamp Cover
H-R9000,8-Track Tape,CNC-459-0,CNC-459,Meter Cover
H-R9000,8-Track Tape,CNC-462-0,CNC-462,Meter Holder
H-R9000,8-Track Tape,CNC-463-0,CNC-463,Meter Holder
H-R9000,8-Track Tape,CNC-464-0,CNC-464,"Holder, Dial Shaft"
H-R9000,8-Track Tape,CNC-474-0,CNC-474,Lever Bracket
H-R9000,8-Track Tape,CNC-475-A,CNC-475,Lamp Cover (Dial lndicator)
H-R9000,8-Track Tape,CNC-476-A,CNC-476,"Bracket, R/P Ampliﬁer Unit"
H-R9000,8-Track Tape,CNC-535-0,CNC-535,"Bracket, Pulley"
H-R9000,8-Track Tape,CNC-535-0,CNC-535,"Bracket, Tuner Unit"
H-R9000,8-Track Tape,CNC-538-A,CNC-538,"Bracket, Push Switch"
H-R9000,8-Track Tape,CNC-545-0,CNC-545,"Holder, Tuner Unit"
H-R9000,8-Track Tape,CNC-570-0,CNC-570,Socket Nut
H-R9000,8-Track Tape,CNC-576-0,CNC-576,Counter Holder
H-R9000,8-Track Tape,CNC-577-0,CNC-577,Lever Holder
H-R9000,8-Track Tape,CNC-586-0,CNC-586,Shield Case
H-R9000,8-Track Tape,CNC-587-0,CNC-587,"Bracket, Push Switch"
H-R9000,8-Track Tape,CNC-588-0,CNC-588,"Holder, Power Supply Unit"
H-R9000,8-Track Tape,CNC-624-0,CNC-624,"Spacer, Headphone"
H-R9000,8-Track Tape,CNC-647-0,CNC-647,Bottom Shield
H-R9000,8-Track Tape,CNC-648-0,CNC-648,"Holder, Oscillating Unit"
H-R9000,8-Track Tape,CNM-113-0,CNM-113,Dust Protector
H-R9000,8-Track Tape,CNP-098-0,CNP-098,Lamp P.W.B.
H-R9000,8-Track Tape,CNR-019-0,CNR-019,Flywheel
H-R9000,8-Track Tape,CNS-086-A,CNS-086,Front Panel
H-R9000,8-Track Tape,CNT-016-0,CNT-016,Main Belt
H-R9000,8-Track Tape,CNT-021-0,CNT-021,Counter Belt
H-R9000,8-Track Tape,CNV-038-A,CNV-038,Connecting Lever
H-R9000,8-Track Tape,CNV-104-0,CNV-104,Lamp Holder
H-R9000,8-Track Tape,CNV-122-0,CNV-122,"Guide, Power Push Button"
H-R9000,8-Track Tape,CNV-138-A,CNV-138,Lamp Holder
H-R9000,8-Track Tape,COS-039-0,COS-039,Tone Control with Switch Loudness
H-R9000,8-Track Tape,CPB-007-0,CPB-007,HEAD(RECORD/PLAY)
H-R9000,8-Track Tape,CRB-046-0,CRB-046,Operating instructions H-R9000
H-R9000,8-Track Tape,CRT-022,CRT-022,Service manual H-R9000/K
H-R9000,8-Track Tape,CRY-002-0,CRY-002,Registration Card
H-R9000,8-Track Tape,CSC-002-0,CSC-002,Rotary Switch (Selector)
H-R9000,8-Track Tape,CSG-020-0,CSG-020,Push Switch (ALC)
H-R9000,8-Track Tape,CSG-022-0,CSG-022,Push Switch (Pause)
H-R9000,8-Track Tape,CSG-027-0,CSG-027,Push Switch (Power)
H-R9000,8-Track Tape,CSH-017-0,CSH-017,"Slide Switch Rec,/Playback Selector"
H-R9000,8-Track Tape,CSH-017-0,CSH-017,Slide Switch Rec./Playback Selector
H-R9000,8-Track Tape,CSK-001-0,CSK-001,Lever Switch (Function)
H-R9000,8-Track Tape,CSN-010-0,CSN-010,Leaf Switch (REC.)
H-R9000,8-Track Tape,CSN-010-0,CSN-010,Leaf Switch (REC.)
H-R9000,8-Track Tape,CSN-012-0,CSN-012,Leaf Switch
H-R9000,8-Track Tape,CSN-017-0,CSN-017,Leaf Switch
H-R9000,8-Track Tape,CTB-017-0,CTB-017,Bar Antenna
H-R9000,8-Track Tape,CTT-019-A,CTT-019,Power Transformer
H-R9000,8-Track Tape,CWE-042-0,CWE-042,Tuner Unit
H-R9000,8-Track Tape,CWF-013-0,CWF-013,R/P Amplifier Assembly
H-R9000,8-Track Tape,CWH-018-0,CWH-018,Main Amplifier Unit
H-R9000,8-Track Tape,CWK-034-0,CWK-034,Control Unit
H-R9000,8-Track Tape,CWR-030-0,CWR-030,Power Supply Unit
H-R9000,8-Track Tape,CWX-069-0,CWX-069,Oscillating Unit
H-R9000,8-Track Tape,CXA-264-A,CXA-264,Tape Guide
H-R9000,8-Track Tape,CXA-331-0,CXA-331,Recording Lock Lever A
H-R9000,8-Track Tape,CXA-332-A,CXA-332,Sub Chassis
H-R9000,8-Track Tape,CXA-333-A,CXA-333,Head Base
H-R9000,8-Track Tape,CXA-379-0,CXA-379,Recording Lock Lever B
H-R9000,8-Track Tape,CXA-381-0,CXA-381,Leaf Spring Unit (Cartridge Pressure)
H-R9000,8-Track Tape,CXA-412-A,CXA-412,Cam Ratchet
H-R9000,8-Track Tape,CXA-413-0,CXA-413,Recording Lever
H-R9000,8-Track Tape,CXA-431-0,CXA-431,Dial Pointer
H-R9000,8-Track Tape,CXA-433-0,CXA-433,Sub Panel
H-R9000,8-Track Tape,CXA-434-0,CXA-434,Lamp Holder Assembly
H-R9000,8-Track Tape,CXA-439-0,CXA-439,Dial Pulley A
H-R9000,8-Track Tape,CXA-440-0,CXA-440,Dial Pulley B
H-R9000,8-Track Tape,CXA-441-A,CXA-441,Tuning Shaft Assembly
H-R9000,8-Track Tape,CXA-447-0,CXA-447,Program Selector Assembly
H-R9000,8-Track Tape,CXA-525-0,CXA-525,Bottom Cover
H-R9000,8-Track Tape,CXM-013-0,CXM-013,Motor Unit
H-R9000,8-Track Tape,CXP-009-0,CXP-009,Solenoid
H-R9000,8-Track Tape,D52-013-0,D52-013,Antenna Cord
H-R9000,8-Track Tape,E21-606-0,E21-606,"Fuse, 1 .5A"
H-R9000,8-Track Tape,E21-606-0,E21-606,"Fuse, 1.5A"
H-R9000,8-Track Tape,E21-606-0,E21-606,"Fuse, 1.5A"
H-R9000,8-Track Tape,E22-017-0,E22-017,Pilot Lamp
H-R9000,8-Track Tape,E22-017-0,E22-017,Pilot Lamp (Dial indicator)
H-R9000,8-Track Tape,E22-017-0,E22-017,Pilot Lamp (Dial indicator)
H-R9000,8-Track Tape,E22-017-0,E22-017,Pilot Lamp (Dial Indicator)
H-R9000,8-Track Tape,E22-017-0,E22-017,Pilot Lamp (Tuning Meter)
H-R9000,8-Track Tape,E22-617-0,E22-617,Indicator Lamp
H-R9000,8-Track Tape,E31-727-A,E31-727,Lamp Holder
H-R9000,8-Track Tape,E32-056-0,E32-056,Cord Stopper
H-R9000,8-Track Tape,E32-603-A,E32-603,Guide Pole
H-R9000,8-Track Tape,E32-656-0,E32-656,Tape Protector
H-R9000,8-Track Tape,E32-718-0,E32-718,Guide Roller
H-R9000,8-Track Tape,E36-618-0,E36-618,Polyethylene Bag for Accessones
H-R9000,8-Track Tape,K11-626-0,K11-626,Antenna Terminal
H-R9000,8-Track Tape,K13-047-0,K13-047,Grounding Terminal
H-R9000,8-Track Tape,k13-806-0,k13-806,Lug Terminal. 2L2
H-R9000,8-Track Tape,K16-664-0,K16-664,Lug Washer
H-R9000,8-Track Tape,K71 -031-0,K71 -031,Insulating Nut
H-R9000,8-Track Tape,K72-622-0,K72-622,Mic Jack
H-R9000,8-Track Tape,K72-622-0,K72-622,Mic Jack
H-R9000,8-Track Tape,K72-627-0,K72-627,Headphone Jack
H-R9000,8-Track Tape,K91-005-A,K91-005,"Fuse Holder, 1P"
H-R9000,8-Track Tape,M16-624-0,M16-624,Lead Retainer
H-R9000,8-Track Tape,M16-624-0,M16-624,Lead Retainer
H-R9000,8-Track Tape,M49-025-E,M49-025,Screw (Pulley)
H-R9000,8-Track Tape,N26-621-B,N26-621,Cam
H-R9000,8-Track Tape,N52-672-A,N52-672,Spacer
H-R9000,8-Track Tape,N52-728-0,N52-728,Spacer
H-R9000,8-Track Tape,N55-653-0,N55-653,Roller Shaft
H-R9000,8-Track Tape,N92-609-0,N92-609,Roller (Cartridge Lock)
H-R9000,8-Track Tape,N94-828-0,N94-828,Front Escutcheon
H-R9000,8-Track Tape,S31-614-A,S31-614,Push Switch
H-R9000,8-Track Tape,S48-645-B,S48-645,Leaf Switch
H-R9000,8-Track Tape,W72-002-B,W72-002,Antenna Holder
H-R9000,8-Track Tape,W73-686-0,W73-686,Rubber Foot
H-R9000,8-Track Tape,W74-776-A,W74-776,Flywheel Holder
H-R9000,8-Track Tape,W74-842-0,W74-842,Lock Plate Assembly
H-R99,8-Track Tape,B01-263-A,B01-263,"Screw, M3x 6"
H-R99,8-Track Tape,B01-267-A,B01-267,"Screw, M3 x 14"
H-R99,8-Track Tape,B01-863-A,B01-863,"Screw, M3 x 6"
H-R99,8-Track Tape,B01-863-A,B01-863,"Screw, M3x 6"
H-R99,8-Track Tape,B01-864-A,B01-864,"Screw, M3 x 8"
H-R99,8-Track Tape,B01-875-A,B01-875,"Screw, M4 x 6"
H-R99,8-Track Tape,B02-013-A,B02-013,"Screw, M3.1 X 10"
H-R99,8-Track Tape,B06-109-A,B06-109,"Screw, M2.6 x 4"
H-R99,8-Track Tape,B06-111-A,B06-111,"Screw, M2.6 X 6"
H-R99,8-Track Tape,B06-162-A,B06-162,"Screw, M3 x 5"
H-R99,8-Track Tape,B06-168-A,B06-168,"Screw, M3 X 6"
H-R99,8-Track Tape,B08-219-A,B08-219,"Screw, M2.6 x 6"
H-R99,8-Track Tape,B09-382-E,B09-382,"Screw, M4 x 20"
H-R99,8-Track Tape,B10-203-A,B10-203,"Screw, M2 X 5"
H-R99,8-Track Tape,B10-205-A,B10-205,"Screw, M2 x 8"
H-R99,8-Track Tape,B10-802-A,B10-802,"Screw, M2 x 4"
H-R99,8-Track Tape,B10-863-A,B10-863,"Screw, M3 X 6"
H-R99,8-Track Tape,B10-864-A,B10-864,"Screw, M3 x 8"
H-R99,8-Track Tape,B11-012-A,B11-012,"Screw, Grounding"
H-R99,8-Track Tape,B11-607-0,B11-607,"Screw, M2.6 x 5"
H-R99,8-Track Tape,B11-678-0,B11-678,"Screw, M2.6 x 14"
H-R99,8-Track Tape,B20-002-A,B20-002,"Flat Washer, M2.6"
H-R99,8-Track Tape,B20-003-A,B20-003,"Flat Washer, M3"
H-R99,8-Track Tape,B20-010-A,B20-010,"Spring Washer, M2"
H-R99,8-Track Tape,B20-013-A,B20-013,"Spring Washer, M4"
H-R99,8-Track Tape,B20-074-L,B20-074,"Fiber Washer, M3"
H-R99,8-Track Tape,B20-103-B,B20-103,"E Fling, 2.5mm"
H-R99,8-Track Tape,B20-105-B,B20-105,"E Ring, 3.2rnm"
H-R99,8-Track Tape,B20-111-B,B20-111,"E Ring, 1.5mm"
H-R99,8-Track Tape,B20-508-E,B20-508,Stop Pin
H-R99,8-Track Tape,B23-644-0,B23-644,Insulating Washer
H-R99,8-Track Tape,B23-657-0,B23-657,Nylon Washer
H-R99,8-Track Tape,B33-613-A,B33-613,Door Shaft
H-R99,8-Track Tape,B33-671-B,B33-671,Spring (Lock Plate Assembly)
H-R99,8-Track Tape,B33-673-A,B33-673,Spring (Door)
H-R99,8-Track Tape,B33-726-0,B33-726,Spring (Head Base)
H-R99,8-Track Tape,B33-727-0,B33-727,Spring (Azimuth Adj.)
H-R99,8-Track Tape,B71-031-0,B71-031,Insulating Nut
H-R99,8-Track Tape,B71-673-A,B71-673,Hex. Nut (with Nylon Ring)
H-R99,8-Track Tape,CAA-037-0,CAA-037,Knob (REC Level)
H-R99,8-Track Tape,CAB-003-0,CAB-003,Knob (Function)
H-R99,8-Track Tape,CAC-036-0,CAC-036,"Push Button (ALC, F. FWD, Program, Pause)"
H-R99,8-Track Tape,CAC-037-0,CAC-037,Push Button (REC)
H-R99,8-Track Tape,CAW-005-0,CAW-005,Level Meter
H-R99,8-Track Tape,CAW-005-0,CAW-005,Level Meter
H-R99,8-Track Tape,CAW-007-0,CAW-007,Counter
H-R99,8-Track Tape,CBE-003-0,CBE-003,Dish Washer
H-R99,8-Track Tape,CBE-012-0,CBE-012,"Flat Washer, M7"
H-R99,8-Track Tape,CBE-012-0,CBE-012,"Flat Washer, M7"
H-R99,8-Track Tape,CBE-014-0,CBE-014,"Flat Washer, M9"
H-R99,8-Track Tape,CBE-014-0,CBE-014,"Flat Washer, M9"
H-R99,8-Track Tape,CBE-019-0,CBE-019,Spacer
H-R99,8-Track Tape,CBF-034-0,CBF-034,Teﬂon Washer
H-R99,8-Track Tape,CBH-001-0,CBH-001,Spring (Solenoid)
H-R99,8-Track Tape,CBH-002-0,CBH-002,Spring (Cam)
H-R99,8-Track Tape,CBH-048-0,CBH-048,Spring
H-R99,8-Track Tape,CBH-102-0,CBH-102,Spring (Recording Lock Lever)
H-R99,8-Track Tape,CBH-103-0,CBH-103,Spring (Program Lever Return)
H-R99,8-Track Tape,CBH-131-0,CBH-131,Spring (Recording Lever)
H-R99,8-Track Tape,CBN-003-0,CBN-003,"Hex. Nut, M7"
H-R99,8-Track Tape,CBN-003-0,CBN-003,"Hex. Nut, M7"
H-R99,8-Track Tape,CBN-005-0,CBN-005,"Hex. Nut, M9"
H-R99,8-Track Tape,CCG-003-0,CCG-003,Capacitor 0.01 uF  +80/-20% 250V
H-R99,8-Track Tape,CCS-040-0,CCS-040,Volume (Rec Level)
H-R99,8-Track Tape,CCS-040-0,CCS-040,Volume (Rec Level)
H-R99,8-Track Tape,CDE-045-0,CDE-045,Connecting Cord
H-R99,8-Track Tape,CDG-002-0,CDG-002,AC Power Cord
H-R99,8-Track Tape,CEK-008-0,CEK-008,"Fuse, 0.5A"
H-R99,8-Track Tape,CEL-002-0,CEL-002,Indicator Lamp (Counter)
H-R99,8-Track Tape,CHA-255-0,CHA-255,Carton
H-R99,8-Track Tape,CHA-256-0,CHA-256,Styro Foam
H-R99,8-Track Tape,CKB-003-0,CKB-003,4P Pin Jack (Input Jack)
H-R99,8-Track Tape,CKB-003-0,CKB-003,4P Pin Jack (Output Jack)
H-R99,8-Track Tape,CKB-003-0,CKB-003,"Pin Jack, 4P"
H-R99,8-Track Tape,CKC-003-0,CKC-003,Lug Terminal
H-R99,8-Track Tape,CLA-028-A,CLA-028,Motor Pulley
H-R99,8-Track Tape,CLA-178-0,CLA-178,Spacer
H-R99,8-Track Tape,CLA-187-0,CLA-187,Pulley
H-R99,8-Track Tape,CMS-015-0,CMS-015,"Side Board, Right"
H-R99,8-Track Tape,CMS-016-0,CMS-016,"Side Board, Left"
H-R99,8-Track Tape,CNA-054-A,CNA-054,Chassis
H-R99,8-Track Tape,CNA-056-0,CNA-056,Chassis
H-R99,8-Track Tape,CNB-005-0,CNB-005,"Hex, Nut, M9"
H-R99,8-Track Tape,CNB-054-0,CNB-054,Door
H-R99,8-Track Tape,CNB-120-0,CNB-120,Cabinet Top
H-R99,8-Track Tape,CNC-242-0,CNC-242,Head Holder
H-R99,8-Track Tape,CNC-432-0,CNC-432,Counter Holder
H-R99,8-Track Tape,CNC-433-A,CNC-433,Lever Bracket
H-R99,8-Track Tape,CNC-433-A,CNC-433,Recording Lever
H-R99,8-Track Tape,CNC-443-0,CNC-443,"Bracket, Push Switch"
H-R99,8-Track Tape,CNC-444-0,CNC-444,Revolution Lever
H-R99,8-Track Tape,CNC-445-A,CNC-445,Program Lever
H-R99,8-Track Tape,CNC-446-0,CNC-446,F. F. Lever
H-R99,8-Track Tape,CNC-447-0,CNC-447,Pause Lever
H-R99,8-Track Tape,CNC-453-0,CNC-453,Supporting Bracket
H-R99,8-Track Tape,CNC-462-0,CNC-462,Meter Holder
H-R99,8-Track Tape,CNC-476-A,CNC-476,"Bracket, R/P Amplifier"
H-R99,8-Track Tape,CNC-577-0,CNC-577,Lever Holder
H-R99,8-Track Tape,CNC-587-0,CNC-587,"Bracket, Push Switch"
H-R99,8-Track Tape,CNC-588-0,CNC-588,"Holder, Power Supply Unit"
H-R99,8-Track Tape,CNC-590-0,CNC-590,"Holder, Power Transformer"
H-R99,8-Track Tape,CNC-592-0,CNC-592,Switch Bracket
H-R99,8-Track Tape,CNC-624-0,CNC-624,"Spacer, Headphone Jack"
H-R99,8-Track Tape,CNC-645-0,CNC-645,Protector Plate
H-R99,8-Track Tape,CNR-019-0,CNR-019,Flywheel
H-R99,8-Track Tape,CNS-092-0,CNS-092,Front Panel
H-R99,8-Track Tape,CNS-093-0,CNS-093,Front Grille
H-R99,8-Track Tape,CNT-016-0,CNT-016,Main Belt
H-R99,8-Track Tape,CNT-021-0,CNT-021,Counter Belt
H-R99,8-Track Tape,CNV-038-A,CNV-038,Connecting Lever
H-R99,8-Track Tape,CPB-007-0,CPB-007,Head
H-R99,8-Track Tape,CRB-054-0,CRB-054,Operating instructions H-R99
H-R99,8-Track Tape,CRT-025-0,CRT-025,Service manual H-R99
H-R99,8-Track Tape,CRY-002-0,CRY-002,Registration Card
H-R99,8-Track Tape,CSE-002-0,CSE-002,Rotary Switch (Function)
H-R99,8-Track Tape,CSG-020-0,CSG-020,Push Switch (ALC)
H-R99,8-Track Tape,CSG-022-0,CSG-022,Push Switch (Pause)
H-R99,8-Track Tape,CSH-017-0,CSH-017,Slide Switch Rec./Playback Selector
H-R99,8-Track Tape,CSH-017-0,CSH-017,Slide Switch Rec./Playback Selector
H-R99,8-Track Tape,CSN-010-0,CSN-010,Leaf Switch (Rec.)
H-R99,8-Track Tape,CSN-012-0,CSN-012,Leaf Switch (Program)
H-R99,8-Track Tape,CSN-017-0,CSN-017,Leaf Switch (Program)
H-R99,8-Track Tape,CSN-435-0,CSN-435,"Bracket, Leaf Switch"
H-R99,8-Track Tape,CTT-021-0,CTT-021,Power Transformer
H-R99,8-Track Tape,CWF-022-0,CWF-022,R/P Amplifier Assembly
H-R99,8-Track Tape,CWR-033-0,CWR-033,Power Supply Unit
H-R99,8-Track Tape,CXA-264-A,CXA-264,Tape Guide
H-R99,8-Track Tape,CXA-331-A,CXA-331,Recording Lock Lever A
H-R99,8-Track Tape,CXA-332-A,CXA-332,Sub Chassis
H-R99,8-Track Tape,CXA-333-A,CXA-333,Head Base
H-R99,8-Track Tape,CXA-379-0,CXA-379,Recording Lock Lever B
H-R99,8-Track Tape,CXA-381-0,CXA-381,Leaf Spring Unit (Cartridge Pressure)
H-R99,8-Track Tape,CXA-412-A,CXA-412,Cam Ratchet
H-R99,8-Track Tape,CXA-413-0,CXA-413,Recording Lever
H-R99,8-Track Tape,CXA-434-0,CXA-434,Lamp Holder Assembly
H-R99,8-Track Tape,CXA-447-0,CXA-447,Program Selector Assembly
H-R99,8-Track Tape,CXA-503-0,CXA-503,Sub Panel
H-R99,8-Track Tape,CXA-525-0,CXA-525,Bottom Cover
H-R99,8-Track Tape,CXA-533-A,CXA-533,Switch Lever Assembly
H-R99,8-Track Tape,CXM-013-0,CXM-013,Motor Unit
H-R99,8-Track Tape,CXM-020,CXM-020,MOTOR #112-75 (per pioneerelectronics.com)
H-R99,8-Track Tape,CXP-009-0,CXP-009,Solenoid
H-R99,8-Track Tape,E22 617-A,E22 617,Lamp (Program Indicator)
H-R99,8-Track Tape,E22-017-0,E22-017,Lamp (Level Meter Indicator)
H-R99,8-Track Tape,E22-017-0,E22-017,Lamp (Level Meter indicator)
H-R99,8-Track Tape,E22-617-A,E22-617,Lamp (End Indicator)
H-R99,8-Track Tape,E22-617-A,E22-617,Lamp (Program Indicator)
H-R99,8-Track Tape,E22-617-A,E22-617,Lamp (Program Indicator)
H-R99,8-Track Tape,E22-617-A,E22-617,Lamp (Program Indicator)
H-R99,8-Track Tape,E31-727-A,E31-727,Lamp Holder
H-R99,8-Track Tape,E32-056-0,E32-056,Cord Stopper
H-R99,8-Track Tape,E32-603-A,E32-603,Guide Pole
H-R99,8-Track Tape,E32-656-0,E32-656,Tape Protector
H-R99,8-Track Tape,E32-718-0,E32-718,Guide Roller
H-R99,8-Track Tape,E36-620-0,E36-620,Polyethylene Bag (for Set)
H-R99,8-Track Tape,G00-535-B,G00-535,"Diode, FR-2-02"
H-R99,8-Track Tape,K72-622-0,K72-622,Mic Jack
H-R99,8-Track Tape,K72-622-0,K72-622,Mic Jack
H-R99,8-Track Tape,K72-622-A,K72-622,Mic Jack
H-R99,8-Track Tape,K72-627-0,K72-627,Headphone Jack
H-R99,8-Track Tape,M16-624-0,M16-624,Lead Retainer
H-R99,8-Track Tape,M98-576-A,M98-576,Insulating Plate
H-R99,8-Track Tape,N26-621-B,N26-621,Cam
H-R99,8-Track Tape,N52-672-A,N52-672,Spacer
H-R99,8-Track Tape,N52-728-0,N52-728,Spacer
H-R99,8-Track Tape,N55-653-0,N55-653,Roller Shaft
H-R99,8-Track Tape,N92-609-0,N92-609,Roller
H-R99,8-Track Tape,N94-828-0,N94-828,Front Escutcheon
H-R99,8-Track Tape,S21-625-0,S21-625,Switch (Power)
H-R99,8-Track Tape,S31-614-A,S31-614,Push Switch (F. F.)
H-R99,8-Track Tape,W73-686-0,W73-686,Rubber Foot
H-R99,8-Track Tape,W74-776-A,W74-776,Flywheel Holder
H-R99,8-Track Tape,W74-842-0,W74-842,Lock Plate Assembly
H-R99,8-Track Tape,Y05-249-J,Y05-249,"Resistor, RD¼VS560J 56Ω ±5% ¼W"
M-22,Amplifier,2SA744-R or O,2SA744-R or O,Transistor
M-22,Amplifier,2SA744-R or O,2SA744-R or O,Transistor
M-22,Amplifier,2SA744-R or O,2SA744-R or O,Transistor
M-22,Amplifier,2SA744-R or O,2SA744-R or O,Transistor
M-22,Amplifier,2SC1402-R or O,2SC1402-R or O,Transistor
M-22,Amplifier,2SC1402-R or O,2SC1402-R or O,Transistor
M-22,Amplifier,2SC1402-R or O,2SC1402-R or O,Transistor
M-22,Amplifier,2SC1402-R or O,2SC1402-R or O,Transistor
M-22,Amplifier,AAB-152,AAB-152,Knob (POWER)
M-22,Amplifier,ACG-001,ACG-001,Ceramic 0.01 250V
M-22,Amplifier,ACG-001,ACG-001,Ceramic 0.01 250V
M-22,Amplifier,ACG-001,ACG-001,Ceramic 0.01 250V
M-22,Amplifier,ACG-001,ACG-001,Ceramic 0.01 250V
M-22,Amplifier,ACG-001,ACG-001,Ceramic 0.01 250V
M-22,Amplifier,ACG-001,ACG-001,Ceramic 0.01 250V (N-type)
M-22,Amplifier,ACG-003,ACG-003,Ceramic 0.01 125V (KL-type)
M-22,Amplifier,ACH-057,ACH-057,Electrolytic capacitor
M-22,Amplifier,ADG-010,ADG-010,AC power cord (N-type)
M-22,Amplifier,ADG-011,ADG-011,AC power cord (KL-type)
M-22,Amplifier,AEK-040,AEK-040,Fuse 6A (KL-type)
M-22,Amplifier,AEK-101,AEK-101,Fuse 3A (N-type)
M-22,Amplifier,AEK-107,AEK-107,Fuse 0.5A (KL-type)
M-22,Amplifier,AEK-107,AEK-107,Fuse 0.5A (KL-type)
M-22,Amplifier,AEK-107,AEK-107,Fuse 0.5A (KL-type)
M-22,Amplifier,AEK-107,AEK-107,Fuse 0.5A (KL-type)
M-22,Amplifier,AEK-107,AEK-107,Fuse 0.5A (N-type)
M-22,Amplifier,AEK-107,AEK-107,Fuse 0.5A (N-type)
M-22,Amplifier,AEK-107,AEK-107,Fuse 0.5A (N-type)
M-22,Amplifier,AEK-107,AEK-107,Fuse 0.5A (N-type)
M-22,Amplifier,AEL-069,AEL-069,"Lamp with wires 8V, 50mA (KL-type)"
M-22,Amplifier,AEL-069,AEL-069,"Lamp with wires 8V, 50mA (N-type)"
M-22,Amplifier,AHD-474,AHD-474,Packing case
M-22,Amplifier,AKC-031,AKC-031,Terminal strip 4P (KL-type)
M-22,Amplifier,AKC-031,AKC-031,Terminal strip 4P (N-type)
M-22,Amplifier,AKE-020,AKE-020,Terminal
M-22,Amplifier,AKE-021,AKE-021,Terminal
M-22,Amplifier,AKE-033,AKE-033,Terminal (GND)
M-22,Amplifier,AKR-032,AKR-032,Fuse holder 1P (KL-type)
M-22,Amplifier,AKR-032,AKR-032,Fuse holder 1P (N-type)
M-22,Amplifier,ANE-124,ANE-124,P.C. board cover
M-22,Amplifier,ARB-231,ARB-231,Operating instructions M-22
M-22,Amplifier,ARG-013,ARG-013,Circuit diagram (for KL-type)
M-22,Amplifier,ARG-014,ARG-014,Circuit diagram (for N-type)
M-22,Amplifier,ASA-048,ASA-048,Rotary switch (POWER KL-type)
M-22,Amplifier,ASA-049,ASA-049,Rotary switch (POWER N-type)
M-22,Amplifier,ASH-026,ASH-026,Relay (N-type)
M-22,Amplifier,ASR-025,ASR-025,Relay (primary KL-type)
M-22,Amplifier,ASR-026,ASR-026,Relay (KL-type)
M-22,Amplifier,ASR-026,ASR-026,Relay (KL-type)
M-22,Amplifier,ASR-026,ASR-026,Relay (N-type)
M-22,Amplifier,ATT-396,ATT-396,Power transformer R ch. (KL-type)
M-22,Amplifier,ATT-397,ATT-397,Power transformer L ch.  (KL-type)
M-22,Amplifier,ATT-407,ATT-407,Power transformer R ch. (N-type)
M-22,Amplifier,ATT-408,ATT-408,Power transformer L ch. (N-type)
M-22,Amplifier,AWK-057,AWK-057,AF POWER ASSEMBLY (L)
M-22,Amplifier,AWK-058,AWK-058,AF POWER ASSEMBLY (R)
M-22,Amplifier,RD½PS 222J,RD½PS 222J,Carbon film resistor 2.2k ½W (KL-type)
M-22,Amplifier,SIB01-04,SIB01-04,Diode
M-22,Amplifier,SIB01-04,SIB01-04,Diode
M-22,Amplifier,SIB01-04,SIB01-04,Diode (KL-type only)
M-25,Amplifier,AAB -152,AAB -152,Knob (POWER)
M-25,Amplifier,AAT-036,AAT-036,Lens
M-25,Amplifier,ACG-001,ACG-001,Capacitor
M-25,Amplifier,ACH-093,ACH-093,"Electrolytic capacitor 22,000/80"
M-25,Amplifier,ACP-033,ACP-033,Input Level Control 470
M-25,Amplifier,ADG-029,ADG-029,AC Power cord
M-25,Amplifier,AEC-279,AEC-279,Capacitor cover
M-25,Amplifier,AEC-294,AEC-294,Capacitor cover
M-25,Amplifier,AEK-107,AEK-107,FU2-FU5
M-25,Amplifier,AEK-300,AEK-300,Fuse
M-25,Amplifier,AEL-069,AEL-069,PL1
M-25,Amplifier,AHD-548,AHD-548,Packing case
M-25,Amplifier,AKB-046,AKB-046,Phono jack assembly
M-25,Amplifier,AKC-041,AKC-041,Terminal strip 4P
M-25,Amplifier,AKE-033,AKE-033,Terminal (GND)
M-25,Amplifier,AKE-035,AKE-035,Terminal (RED mark)
M-25,Amplifier,AKE-036,AKE-036,Terminal (WHITE mark)
M-25,Amplifier,AKH-007,AKH-007,Transistor socket
M-25,Amplifier,AKR-032,AKR-032,Fuse holder
M-25,Amplifier,ANE-124,ANE-124,P.C. Board Cover
M-25,Amplifier,ANH-318,ANH-318,Heat sink
M-25,Amplifier,ARB-266,ARB-266,Operating instructions M-25
M-25,Amplifier,ARB-297,ARB-297,O/M M-25
M-25,Amplifier,ARG-013,ARG-013,Circuit diagram
M-25,Amplifier,ART-304,ART-304,S/M M-25
M-25,Amplifier,ASA-048,ASA-048,Power switch
M-25,Amplifier,ASR-034,ASR-034,Relay (L. CH OUTPUT)
M-25,Amplifier,ASR-034,ASR-034,Relay (R. CH OUTPUT)
M-25,Amplifier,ASR-050,ASR-050,Relay (SURGE CURRENT CONTROL)
M-25,Amplifier,ATT-450,ATT-450,Power transformer
M-25,Amplifier,ATT-451,ATT-451,Power transformer
M-25,Amplifier,AWK-087,AWK-087,AF power assembly
M-25,Amplifier,AWK-088,AWK-088,AF power assembly
M-25,Amplifier,MN25-G or B,MN25-G or B,Transistor
M-25,Amplifier,MP25-G or B,MP25-G or B,Transistor
M-25,Amplifier,N/A,N/A,Service manual. M-25
M-91,Amplifier,ASE1001,ASE1001,SWITCH(INPUT SELECTOR)
M-91,Amplifier,ASG-553,ASG-553,SWITCH(POWER)A91D
M-91,Amplifier,SUL8LXXXS,SUL8LXXXS,SWITCH(SPKR A&B)
MA-62,Other,ART-084,ART-084,S/M MA-62/KL
MA-62,Other,ASG-536,ASG-536,SWITCH(POWER)
MA-62,Other,RAA-161,RAA-161,SLIDE KNOB
MA-62A,Other,AAB-072,AAB-072,PAN-POT KNOB
MA-62A,Other,AAD-045,AAD-045,KNOB(POWER)
MA-62A,Other,ANB-179,ANB-179,FRONT PANEL
MA-62A,Other,ART-228,ART-228,S/M MA-62A/FV
MA-62A,Other,ASG-536,ASG-536,SWITCH(POWER)
MA-62A,Other,RAA-161,RAA-161,SLIDE KNOB
PL-100/100X,Turntable,ART-513-0,ART-513,Service manual  PL-100/PL-100X
PL-100/100X,Turntable,IPZ30P100FMC,IPZ30P100FMC,Screw
PL-100/100X,Turntable,KEB-004,KEB-004,Belt
PL-100/100X,Turntable,N93-603,N93-603,45 adaptor
PL-100/100X,Turntable,PAC-041,PAC-041,AS knob (PL-100X)
PL-100/100X,Turntable,PAC-043,PAC-043,Push button
PL-100/100X,Turntable,PAC-045,PAC-045,AS knob
PL-100/100X,Turntable,PAC-047,PAC-047,Knob
PL-100/100X,Turntable,PAM-068,PAM-068,Name plate
PL-100/100X,Turntable,PAM-069,PAM-069,Name plate
PL-100/100X,Turntable,PAM-070,PAM-070,Name plate (PL-100X)
PL-100/100X,Turntable,PAM-071,PAM-071,Name plate (PL-100X)
PL-100/100X,Turntable,PBA-099,PBA-099,Screw
PL-100/100X,Turntable,PBA-100,PBA-100,Screw
PL-100/100X,Turntable,PBA-103,PBA-103,Screw
PL-100/100X,Turntable,PBA-108,PBA-108,Screw M3x25
PL-100/100X,Turntable,PBA-109,PBA-109,Screw
PL-100/100X,Turntable,PBA-112,PBA-112,Screw
PL-100/100X,Turntable,PBA-905,PBA-905,Screw
PL-100/100X,Turntable,PBE-012,PBE-012,AS spring washer
PL-100/100X,Turntable,PBF-005,PBF-005,AS knob washer
PL-100/100X,Turntable,PBH-224,PBH-224,Start plate spring
PL-100/100X,Turntable,PBH-225,PBH-225,Lock plate spring
PL-100/100X,Turntable,PBH-236,PBH-236,AS spring
PL-100/100X,Turntable,PBH-237,PBH-237,EV spring
PL-100/100X,Turntable,PBH-238,PBH-238,EV cam spring
PL-100/100X,Turntable,PBH-259,PBH-259,PU plate spring
PL-100/100X,Turntable,PBH-261,PBH-261,Spring
PL-100/100X,Turntable,PBH-264,PBH-264,Foot spring (A)
PL-100/100X,Turntable,PBH-265,PBH-265,Foot spring (B)
PL-100/100X,Turntable,PBH-266,PBH-266,Foot spring (C)
PL-100/100X,Turntable,PBK-042,PBK-042,EV plate spring (A)
PL-100/100X,Turntable,PCS-016,PCS-016,Variable resistor
PL-100/100X,Turntable,PDE-044,PDE-044,PU cord
PL-100/100X,Turntable,PDE-079,PDE-079,Connector assembly
PL-100/100X,Turntable,PDG-020,PDG-020,AC power cord (WP)
PL-100/100X,Turntable,PDG-021,PDG-021,AC power cord (WE)
PL-100/100X,Turntable,PDZ30P050FMC,PDZ30P050FMC,Screw
PL-100/100X,Turntable,PDZ30P080FMC,PDZ30P080FMC,Screw
PL-100/100X,Turntable,PEB-150,PEB-150,Rubber mat
PL-100/100X,Turntable,PEB-163,PEB-163,Rubber cushion
PL-100/100X,Turntable,PEB-172,PEB-172,Rubber cushion
PL-100/100X,Turntable,PEC-056,PEC-056,Strain relief
PL-100/100X,Turntable,PEL-042,PEL-042,Neon lamp
PL-100/100X,Turntable,PHA-107,PHA-107,Side protector L
PL-100/100X,Turntable,PHA-108,PHA-108,Side protector R
PL-100/100X,Turntable,PHB-162,PHB-162,Operating instructions
PL-100/100X,Turntable,PHG-414,PHG-414,Packing case
PL-100/100X,Turntable,PHG-416,PHG-416,Packing case (PL-100X)
PL-100/100X,Turntable,PLZ40P120FMC,PLZ40P120FMC,Screw
PL-100/100X,Turntable,PMK26P100FMC,PMK26P100FMC,Screw
PL-100/100X,Turntable,PMZ30P050FMC,PMZ30P050FMC,Screw
PL-100/100X,Turntable,PNC-126,PNC-126,Start plate
PL-100/100X,Turntable,PNC-132,PNC-132,Plate
PL-100/100X,Turntable,PNR-140,PNR-140,Turntable platter
PL-100/100X,Turntable,PNV-034,PNV-034,Dust cover
PL-100/100X,Turntable,PNX-030,PNX-030,Switch lever
PL-100/100X,Turntable,PNX-031,PNX-031,Plate
PL-100/100X,Turntable,PNX-035,PNX-035,Lock plate
PL-100/100X,Turntable,PNX-036,PNX-036,Cam
PL-100/100X,Turntable,PNX-051,PNX-051,Lens
PL-100/100X,Turntable,PNX-054,PNX-054,AS washer
PL-100/100X,Turntable,PNX-055,PNX-055,Base lever
PL-100/100X,Turntable,PNX-059,PNX-059,EV cam
PL-100/100X,Turntable,PNX-061,PNX-061,PU plate (B)
PL-100/100X,Turntable,PNX-062,PNX-062,Foot case
PL-100/100X,Turntable,PNX-064,PNX-064,Turntable platter packing
PL-100/100X,Turntable,PNX-074,PNX-074,Neon lamp base
PL-100/100X,Turntable,PNX-151,PNX-151,Panel
PL-100/100X,Turntable,PNX-152,PNX-152,Arm base
PL-100/100X,Turntable,PNX-155,PNX-155,Panel (PL-100X)
PL-100/100X,Turntable,PNX-156,PNX-156,Arm base (PL-100X)
PL-100/100X,Turntable,PPD-603,PPD-603,Arm assembly
PL-100/100X,Turntable,PPD-609,PPD-609,Arm assembly (PL-100X)
PL-100/100X,Turntable,PPZ30P080FMC,PPZ30P080FMC,Screw
PL-100/100X,Turntable,PRB-167,PRB-167,Operating instructions (PL-100X)
PL-100/100X,Turntable,PRD-054,PRD-054,Operating instructions (French/German - WE)
PL-100/100X,Turntable,PRD-055,PRD-055,Operating instructions (French/German - WE  PL-100X)
PL-100/100X,Turntable,PSF-009,PSF-009,Microswitch
PL-100/100X,Turntable,PSG-020,PSG-020,Push switch
PL-100/100X,Turntable,PTT-107,PTT-107,Power transformer
PL-100/100X,Turntable,PXA-791,PXA-791,Head shell assembly (PL-100X)
PL-100/100X,Turntable,PXA-792,PXA-792,Head shell assembly
PL-100/100X,Turntable,PXA-841,PXA-841,Weight assembly
PL-100/100X,Turntable,PXA-841,PXA-841,Weight assembly
PL-100/100X,Turntable,PXB-094,PXB-094,Arm rest assembly
PL-100/100X,Turntable,PXB-107,PXB-107,EV sheet assembly
PL-100/100X,Turntable,PXB-155,PXB-155,Hinge assembly
PL-100/100X,Turntable,PXB-177,PXB-177,Shaft assembly
PL-100/100X,Turntable,PXT-355,PXT-355,Lever unit
PL-100/100X,Turntable,PXT-382,PXT-382,EV lever unit
PL-100/100X,Turntable,PXT-413,PXT-413,EV plate spring (B) unit
PL-100/100X,Turntable,PXT-910,PXT-910,Cartridge (without stylus)
PL-100/100X,Turntable,PYY-058,PYY-058,Return signal unit
PL-100/100X,Turntable,PYY-071,PYY-071,Motor assembly
PL-100/100X,Turntable,RDG-022,RDG-022,AC power cord (WB)
PL-100/100X,Turntable,RNX-060,RNX-060,PU plate (A)
PL-100/100X,Turntable,VBZ30P080FMC,VBZ30P080FMC,Screw
PL-100/100X,Turntable,VBZ30P100FMC,VBZ30P100FMC,Screw
PL-100/100X,Turntable,YE15S,YE15S,E type washer
PL-100/100X,Turntable,YE30S,YE30S,E type washer
PL-100/100X,Turntable,YE4OS,YE4OS,E type washer
PL-100/100X,Turntable,YE70S,YE70S,E type washer
PL-100/100X,Turntable,ZMD40H080BT,ZMD40H080BT,Screw
PL-100/100X,Turntable,ZMR30H120FZK,ZMR30H120FZK,Screw
PL-112D,Turntable,ART-154-0,ART-154,Service manual  PL-112D
PL-112D,Turntable,KCE-005,KCE-005,Capacitor
PL-112D,Turntable,KDG-011,KDG-011,AC power cord
PL-112D,Turntable,KEX-002,KEX-002,Screw driver
PL-112D,Turntable,KKC-011,KKC-011,Terminal
PL-112D,Turntable,KNK-055,KNK-055,45 Adaptor
PL-112D,Turntable,KSF-023,KSF-023,Microswitch
PL-112D,Turntable,N/A,N/A,Operating instructions PL-112D
PL-112D,Turntable,PAD-009,PAD-009,Knob (Anti skating)
PL-112D,Turntable,PAN -025,PAN -025,Control panel
PL-112D,Turntable,PAN-019,PAN-019,Speed selector panel
PL-112D,Turntable,PDE-016,PDE-016,Output cord
PL-112D,Turntable,PEA-008,PEA-008,Rubber mat assembly
PL-112D,Turntable,PEB-010,PEB-010,Rubber grommet (A)
PL-112D,Turntable,PEB-011,PEB-011,Rubber grommet (B)
PL-112D,Turntable,PEC-012,PEC-012,Overhang gauge
PL-112D,Turntable,PEM-001,PEM-001,Lubricator
PL-112D,Turntable,PKC-004,PKC-004,Terminal
PL-112D,Turntable,PLA-040,PLA-040,Capstan
PL-112D,Turntable,PMM-044,PMM-044,Cabinet
PL-112D,Turntable,PNB-105,PNB-105,Hinge plate
PL-112D,Turntable,PNB-142,PNB-142,Angle
PL-112D,Turntable,PNW-073,PNW-073,Head shell stand
PL-112D,Turntable,PPD-545,PPD-545,Tone arm assembly
PL-112D,Turntable,PXA-104,PXA-104,Arm rest assembly
PL-112D,Turntable,PXA-108,PXA-108,Hinge
PL-112D,Turntable,PXA-134,PXA-134,Center shaft assembly
PL-112D,Turntable,PXA-159,PXA-159,Dust cover assembly
PL-112D,Turntable,PXA-558,PXA-558,Head shell assembly
PL-112D,Turntable,PXF-058,PXF-058,Sub weight
PL-112D,Turntable,PXM-022,PXM-022,Motor
PL-112D,Turntable,PXT-085,PXT-085,Foot
PL-115D,Turntable,ART-165,ART-165,S/M PL-115D
PL-115D,Turntable,HNV-135,HNV-135,45 EP ADAPTER
PL-115D,Turntable,KSN-001,KSN-001,SWITCH(SPEED SELECT)
PL-115D,Turntable,PEA-011,PEA-011,RUBBER MAT ASSY
PL-115D,Turntable,PNW-548,PNW-548,ELEVATION UNIT
PL-115D,Turntable,PRB-025,PRB-025,O/M PL-115D
PL-115D,Turntable,PXA-148,PXA-148,FOOT ASSY PL115D
PL-115D,Turntable,PXA-599,PXA-599,COUNTER WEIGHT
PL-115D,Turntable,PXB-007,PXB-007,DUST COVER ASSY
PL-115D,Turntable,PXM-041,PXM-041,MOTOR(TURN TABLE)
PL-117D,Turntable,ART-166-0,ART-166,Service manual  PL-117D
PL-117D,Turntable,KAH-008,KAH-008,Ring
PL-117D,Turntable,KCE-005,KCE-005,Capacitor
PL-117D,Turntable,KDG-011,KDG-011,"AC power cord (KCT, KUT model)"
PL-117D,Turntable,KEB-004,KEB-004,Belt
PL-117D,Turntable,KEX-002,KEX-002,Screwdriver
PL-117D,Turntable,KLA-438,KLA-438,Lateral weight
PL-117D,Turntable,KNK-055,KNK-055,45 Adaptor
PL-117D,Turntable,KSF-023,KSF-023,Microswitch
PL-117D,Turntable,PAD-009,PAD-009,Knob (Anti skating)
PL-117D,Turntable,PAN-016,PAN-016,Control panel
PL-117D,Turntable,PAN-017,PAN-017,Speed selector panel
PL-117D,Turntable,PC-135,PC-135,Cartridge (Q model)
PL-117D,Turntable,PDE-016,PDE-016,Output cord
PL-117D,Turntable,PDG-004,PDG-004,"AC power cord (Q, QT model)"
PL-117D,Turntable,PEA-008,PEA-008,"Rubber mat assembly (KCT, Q,QT,HGT model)"
PL-117D,Turntable,PEA-011,PEA-011,Rubber mat assembly (KUT model)
PL-117D,Turntable,PEB-010,PEB-010,Rubber grommet (A)
PL-117D,Turntable,PEB-011,PEB-011,Rubber grommet (B)
PL-117D,Turntable,PEC-012,PEC-012,Overhang gauge
PL-117D,Turntable,PEC-025,PEC-025,Microswitch cover
PL-117D,Turntable,PEM-001,PEM-001,Lubricator
PL-117D,Turntable,PHG-086,PHG-086,Packing case (KUT model)
PL-117D,Turntable,PHG-104,PHG-104,Packing case (KCT model)
PL-117D,Turntable,PHG-113,PHG-113,Packing case (HGT model)
PL-117D,Turntable,PHG-117,PHG-117,Packing case (QT model)
PL-117D,Turntable,PHG-124,PHG-124,Packing case (Q model)
PL-117D,Turntable,PKC-004,PKC-004,Terminal
PL-117D,Turntable,PKP-014,PKP-014,AC Inlet (HGT)
PL-117D,Turntable,PLA-039,PLA-039,"Capstan (50Hz - Q,QT model)"
PL-117D,Turntable,PLA-039,PLA-039,Capstan (HGT)
PL-117D,Turntable,PLA-040,PLA-040,"Capstan (60 Hz - Q,QT model)"
PL-117D,Turntable,PLA-040,PLA-040,"Capstan (60Hz - KUT,KCT)"
PL-117D,Turntable,PLA-563,PLA-563,Sub weight
PL-117D,Turntable,PLA-586,PLA-586,Lateral bar
PL-117D,Turntable,PLA-627,PLA-627,Shaft
PL-117D,Turntable,PMM-044,PMM-044,Cabinet
PL-117D,Turntable,PMM-049,PMM-049,Cabinet (HGT)
PL-117D,Turntable,PNB-105,PNB-105,Hinge plate
PL-117D,Turntable,PNR-001,PNR-001,Turntable platter
PL-117D,Turntable,PNT-508,PNT-508,Rubber cushion (CUEING)
PL-117D,Turntable,PNW-073,PNW-073,Headshell stand
PL-117D,Turntable,PNW-078,PNW-078,Main panel
PL-117D,Turntable,PNW-124,PNW-124,Cam
PL-117D,Turntable,PNW-548,PNW-548,Elevation unit
PL-117D,Turntable,PPD-535,PPD-535,Tone arm assembly
PL-117D,Turntable,PRB-022,PRB-022,"Operating instruction (KUT, KCT model)"
PL-117D,Turntable,PRB-031,PRB-031,Operating instruction (HGT model/English)
PL-117D,Turntable,PRB-035,PRB-035,"Operating instruction (QT,Q model)"
PL-117D,Turntable,PRD-015,PRD-015,"Operating instruction (HGT modeI/German, French)"
PL-117D,Turntable,PSN -001,PSN -001,Leaf switch
PL-117D,Turntable,PWR -813,PWR -813,"Line voltage selector assembly (Q,QT model)"
PL-117D,Turntable,PXA-104,PXA-104,Arm rest assembly
PL-117D,Turntable,PXA-108,PXA-108,Hinge
PL-117D,Turntable,PXA-124,PXA-124,Speed selector button assembly
PL-117D,Turntable,PXA-134,PXA-134,Center shaft assembly
PL-117D,Turntable,PXA-142,PXA-142,Elevation lever assembly
PL-117D,Turntable,PXA-143,PXA-143,Disc size lever assembly
PL-117D,Turntable,PXA-148,PXA-148,Foot assembly
PL-117D,Turntable,PXA-149,PXA-149,PU plate assembly
PL-117D,Turntable,PXA-150,PXA-150,Speed selector assembly
PL-117D,Turntable,PXA-159,PXA-159,Dust cover assembly
PL-117D,Turntable,PXA-187,PXA-187,Main plate assembly (HGT model)
PL-117D,Turntable,PXA-214,PXA-214,Main plate assembly (Q model)
PL-117D,Turntable,PXA-214,PXA-214,Main plate assembly (QT model)
PL-117D,Turntable,PXA-216,PXA-216,Function button assembly
PL-117D,Turntable,PXA-219,PXA-219,Main plate assembly (KUT model)
PL-117D,Turntable,PXA-220,PXA-220,Main plate assembly (KCT model)
PL-117D,Turntable,PXA-558,PXA-558,"Head shell assembly (KCT, KUT model)"
PL-117D,Turntable,PXA-599,PXA-599,Main weight
PL-117D,Turntable,PXA-615,PXA-615,Anti-skating assembly
PL-117D,Turntable,PXA-630,PXA-630,"Head shell assembly (Q, QT, HGT model)"
PL-117D,Turntable,PXM-032,PXM-032,Motor
PL-117D,Turntable,PXT-069,PXT-069,Select crank unit
PL-117D,Turntable,PXT-076,PXT-076,EV unit
PL-12DII,Turntable,A61-602-0,A61-602,Ring
PL-12DII,Turntable,ART-117-0,ART-117,Service manual  PL-12DII
PL-12DII,Turntable,E31-605-A,E31-605,Rubber cushion
PL-12DII,Turntable,E31-606-B,E31-606,Rubber mat
PL-12DII,Turntable,E32-056-0,E32-056,Cord stopper
PL-12DII,Turntable,H52-632-0,H52-632,Card board
PL-12DII,Turntable,H56-603-0,H56-603,Vinyl bag
PL-12DII,Turntable,KBA-025-A,KBA-025,Motor mounting screw
PL-12DII,Turntable,KBC-001-0,KBC-001,Transit screw
PL-12DII,Turntable,KBH-066-A,KBH-066,Spring
PL-12DII,Turntable,KBH-149-0,KBH-149,Panel flat spring
PL-12DII,Turntable,KCE-005-0,KCE-005,Capacitor
PL-12DII,Turntable,KDG-011-0,KDG-011,Power cord
PL-12DII,Turntable,KEB-004-0,KEB-004,Belt
PL-12DII,Turntable,KEM-001-A,KEM-001,Lubricator
PL-12DII,Turntable,KEX-002-A,KEX-002,Screwdriver
PL-12DII,Turntable,KHA-126-C,KHA-126,Styrotector
PL-12DII,Turntable,KHA-127-B,KHA-127,Styrotector
PL-12DII,Turntable,KHC-069-0,KHC-069,Upper board
PL-12DII,Turntable,KKC-021-0,KKC-021,Terminal
PL-12DII,Turntable,KLA-438-C,KLA-438,Lateral weight
PL-12DII,Turntable,KLA-494-A,KLA-494,Subweight
PL-12DII,Turntable,KNK-117-C,KNK-117,Plate
PL-12DII,Turntable,KNK-185-A,KNK-185,Arm rest
PL-12DII,Turntable,KNK-244-0,KNK-244,Cord stopper
PL-12DII,Turntable,KSF-023-0,KSF-023,Switch
PL-12DII,Turntable,KXA-093-0,KXA-093,Belt guide assembly
PL-12DII,Turntable,KXA-296-A,KXA-296,Speed selector assembly
PL-12DII,Turntable,KXM-024-A or KXM-015-E,KXM-024-A or KXM-015,Motor
PL-12DII,Turntable,N54-843-A,N54-843,Arm stand
PL-12DII,Turntable,N93-007-B,N93-007,Adaptor holder (KCT)
PL-12DII,Turntable,N93-603-A,N93-603,EP adaptor
PL-12DII,Turntable,PAM-004-0,PAM-004,Name plate
PL-12DII,Turntable,PAM-005-0,PAM-005,Name plate
PL-12DII,Turntable,PBH-002-A,PBH-002,Panel flat spring (D)
PL-12DII,Turntable,PBH-004-A,PBH-004,Panel flat spring (F)
PL-12DII,Turntable,PBH-010-0,PBH-010,Panel flat spring (A)
PL-12DII,Turntable,PBH-149-0,PBH-149,Panel flat spring
PL-12DII,Turntable,PDE-004-A,PDE-004,Output cord
PL-12DII,Turntable,PEC-004-A,PEC-004,Buffer
PL-12DII,Turntable,PHG-054-0,PHG-054,Packing case (KUT)
PL-12DII,Turntable,PHG-058-0,PHG-058,Packing case (KCT)
PL-12DII,Turntable,PKC-001-0,PKC-001,Terminal (4P)
PL-12DII,Turntable,PLA-002-0,PLA-002,Motor pulley
PL-12DII,Turntable,PMM-024-A,PMM-024,Cabinet (KUT)
PL-12DII,Turntable,PMM-025-A,PMM-025,Cabinet (KCT)
PL-12DII,Turntable,PNR-0110-0,PNR-0110,Turntable platter
PL-12DII,Turntable,PNV-002-0,PNV-002,Dust cover (KUT)
PL-12DII,Turntable,PNV-005-0,PNV-005,Dust cover (KCT)
PL-12DII,Turntable,PNW-002-A,PNW-002,Adaptor holder (KUT)
PL-12DII,Turntable,PNW-014-C,PNW-014,Overhang checker
PL-12DII,Turntable,PPD-520-A,PPD-520,Tonearm assembly
PL-12DII,Turntable,PRB-019-0,PRB-019,Operating instructions  PL-12DII
PL-12DII,Turntable,PRW-003-0,PRW-003,Cramp. caution card
PL-12DII,Turntable,PXA-003-0,PXA-003,Hinge (KUT)
PL-12DII,Turntable,PXA-014-0,PXA-014,Hinge (KCT)
PL-12DII,Turntable,PXA-502-0,PXA-502,Main weight
PL-12DII,Turntable,PXA-503-A,PXA-503,Elevation assembly
PL-12DII,Turntable,PXM-005-0,PXM-005,Function lever assembly
PL-12DII,Turntable,W71-004-0,W71-004,Center shaft assembly
PL-12E,Turntable,A55-013-A,A55-013,Name plate
PL-12E,Turntable,A61-602-A,A61-602,Rubber mat ring
PL-12E,Turntable,A61-602-A,A61-602,Rubber mat ring
PL-12E,Turntable,B22-650-0,B22-650,Washer
PL-12E,Turntable,B23-642-0,B23-642,Washer
PL-12E,Turntable,B71-656-B,B71-656,Nut
PL-12E,Turntable,D54-015-0,D54-015,AC cord
PL-12E,Turntable,D54-015-0,D54-015,Output cord
PL-12E,Turntable,D54-015-0,D54-015,Output Cord
PL-12E,Turntable,D54-015-D,D54-015,Metal plate
PL-12E,Turntable,E11-024-0,E11-024,Vinyl bag
PL-12E,Turntable,E31-147-0,E31-147,Foot
PL-12E,Turntable,E31-605-A,E31-605,Rubber grommet
PL-12E,Turntable,E31-606-B,E31-606,Rubber mat
PL-12E,Turntable,E31-606-B,E31-606,Rubber mat
PL-12E,Turntable,E32-056-0,E32-056,Cord stopper
PL-12E,Turntable,E33-625-0,E33-625,Buffer
PL-12E,Turntable,E33-625-0,E33-625,Buffer
PL-12E,Turntable,E33-625-0,E33-625,Buffer
PL-12E,Turntable,E33-625-0,E33-625,Buffer
PL-12E,Turntable,H52-632-0,H52-632,Cardboard
PL-12E,Turntable,H56-603-0,H56-603,Turntable bag
PL-12E,Turntable,K13-026-A,K13-026,1 L4P lug terminal
PL-12E,Turntable,KAM-020-0,KAM-020,Name plate
PL-12E,Turntable,KBA-022-0,KBA-022,Screw
PL-12E,Turntable,KBA-025-0,KBA-025,Screw
PL-12E,Turntable,KBH-022-A,KBH-022,Elevation Spring
PL-12E,Turntable,KBH-066-A,KBH-066,Spring
PL-12E,Turntable,KBK-016-0,KBK-016,Plate spring
PL-12E,Turntable,KBK-016-0,KBK-016,Plate spring
PL-12E,Turntable,KBK-016-0,KBK-016,Plate spring
PL-12E,Turntable,KDG-007-0,KDG-007,AC cord
PL-12E,Turntable,KDX-008-B,KDX-008,Lead wire
PL-12E,Turntable,KEB-006-0,KEB-006,Belt
PL-12E,Turntable,KEB-006-0,KEB-006,Belt
PL-12E,Turntable,KEC-037-0,KEC-037,Cord stopper (A)
PL-12E,Turntable,KEC-060-0,KEC-060,Dust cover
PL-12E,Turntable,KEC-060-A,KEC-060,Dust cover
PL-12E,Turntable,KEE-010-0,KEE-010,Insulator plate
PL-12E,Turntable,KEM-001-A,KEM-001,Lubricator
PL-12E,Turntable,KEX-002-A,KEX-002,Screwdriver
PL-12E,Turntable,KHK-022-0,KHK-022,Cover
PL-12E,Turntable,KHK-137-0,KHK-137,Packing case
PL-12E,Turntable,KHK-164-E,KHK-164,Styrotector (R)
PL-12E,Turntable,KHK-165-C,KHK-165,Styrotector (L)
PL-12E,Turntable,KKC-011-0,KKC-011,1L lug terminal
PL-12E,Turntable,KLA-350-A,KLA-350,Elevation shaft
PL-12E,Turntable,KLA-359-A,KLA-359,Subweight
PL-12E,Turntable,KMM-053-0,KMM-053,Wooden base
PL-12E,Turntable,KNA-125-A,KNA-125,Tray washer
PL-12E,Turntable,KNA-328-0,KNA-328,Lifter
PL-12E,Turntable,KNA-361-B,KNA-361,Metal plate
PL-12E,Turntable,KNA-374-B,KNA-374,Retainer
PL-12E,Turntable,KNA-374-B,KNA-374,Retainer
PL-12E,Turntable,KNA-450-0,KNA-450,Punching metal
PL-12E,Turntable,KNA-456-A,KNA-456,Motor panel
PL-12E,Turntable,KNA-585-0,KNA-585,Panel
PL-12E,Turntable,KNB-004-B,KNB-004,Belt guide
PL-12E,Turntable,KNB-005-B,KNB-005,Belt guide angle
PL-12E,Turntable,KNB-031-A,KNB-031,P.C. board
PL-12E,Turntable,KNH-090-0,KNH-090,Turntable platter
PL-12E,Turntable,KNH-090-0,KNH-090,Turntable platter
PL-12E,Turntable,KNK-166-A,KNK-166,Speed selector name plate
PL-12E,Turntable,KNK-167-B,KNK-167,Escutcheon
PL-12E,Turntable,KNK-168-C,KNK-168,Overhang checker
PL-12E,Turntable,KNK-169-0,KNK-169,Function lever
PL-12E,Turntable,KNK-169-0,KNK-169,Function lever
PL-12E,Turntable,KNK-186-0,KNK-186,Boss
PL-12E,Turntable,KNK-239-0,KNK-239,Tonearm protector (L)
PL-12E,Turntable,KNK-240-0,KNK-240,Tonearm protector (R)
PL-12E,Turntable,KNK-241-0,KNK-241,Arm rest
PL-12E,Turntable,KPD-022-A,KPD-022,Tonearm
PL-12E,Turntable,KRB-027-0,KRB-027,Operating instructions PL-12E
PL-12E,Turntable,KSF-015-0,KSF-015,Microswitch
PL-12E,Turntable,KWM-026-0,KWM-026,Speed selector angle
PL-12E,Turntable,KWM-027-0,KWM-027,Function lever angle unit
PL-12E,Turntable,KXA-093-C,KXA-093,Belt guide assembly
PL-12E,Turntable,KXA-103-C,KXA-103,Head shell
PL-12E,Turntable,KXA-158-B,KXA-158,Spring (C) assembly
PL-12E,Turntable,KXA-158-B,KXA-158,Spring (C) assembly
PL-12E,Turntable,KXA-208-C,KXA-208,Spring (G) assembly
PL-12E,Turntable,KXA-209-B,KXA-209,Spring (A) assembly
PL-12E,Turntable,KXA-296-0,KXA-296,Speed selector assembly
PL-12E,Turntable,KXA-331-C,KXA-331,Function lever assembly
PL-12E,Turntable,KXA-394-0,KXA-394,Elevation assembly
PL-12E,Turntable,KXA-439-B,KXA-439,Bottom plate assembly
PL-12E,Turntable,KXA-458-0,KXA-458,Main weight
PL-12E,Turntable,KXM-015-A,KXM-015,Motor
PL-12E,Turntable,N23-614-B,N23-614,Center shaft base
PL-12E,Turntable,N24-005-F,N24-005,Motor pulley (50Hz)
PL-12E,Turntable,N24-005-F,N24-005,Motor pulley (50Hz)
PL-12E,Turntable,N24-006-F,N24-006,Motor pulley (60Hz)
PL-12E,Turntable,N24-006-F,N24-006,Motor pulley (60Hz)
PL-12E,Turntable,N51-794-0,N51-794,Washer
PL-12E,Turntable,N54-786-B,N54-786,Center shaft
PL-12E,Turntable,N54-843-0,N54-843,Arm rest stand
PL-12E,Turntable,N62-001-0,N62-001,Plate
PL-12E,Turntable,N62-003-0,N62-003,Hinge (C)
PL-12E,Turntable,N62-004-0,N62-004,Hinge (B)
PL-12E,Turntable,N93-007-A,N93-007,Adaptor catch
PL-12E,Turntable,N93-603-A,N93-603,EP adaptor
PL-12E,Turntable,PC-12,PC-12,Cartridge
PL-12E,Turntable,R42-328-0,R42-328,Service manual  PL-12E
PL-12E,Turntable,W71-004-C,W71-004,Center shaft assembly
PL-12E,Turntable,W72-070-A,W72-070,Hinge (A)
PL-15D,Turntable,A55-013-A,A55-013,Name plate
PL-15D,Turntable,A55-014-A,A55-014,Name plate
PL-15D,Turntable,A61-206-B,A61-206,Name plate
PL-15D,Turntable,A61-602-A,A61-602,Ring
PL-15D,Turntable,A61-602-A,A61-602,Ring
PL-15D,Turntable,ART-009-0,ART-009,Service manual PL-15D
PL-15D,Turntable,B11-054-0,B11-054,Screw
PL-15D,Turntable,B22-026-0,B22-026,Washer
PL-15D,Turntable,B22-650-0,B22-650,Washer
PL-15D,Turntable,B31-745-B,B31-745,Spring
PL-15D,Turntable,B71-656-B,B71-656,Nut
PL-15D,Turntable,E11-125-A,E11-125,Screw driver
PL-15D,Turntable,E31-147-0,E31-147,Feet
PL-15D,Turntable,E31-606-A,E31-606,Rubber mat
PL-15D,Turntable,E31-606-B,E31-606,Rubber mat
PL-15D,Turntable,E32-056-0,E32-056,Stopper
PL-15D,Turntable,E33-001-0,E33-001,Buffer
PL-15D,Turntable,H52-632-0,H52-632,Cardboard
PL-15D,Turntable,H56-603-0,H56-603,Vinyl cover
PL-15D,Turntable,K13-026-0,K13-026,Terminal
PL-15D,Turntable,KAA-008-B,KAA-008,Anti-skating knob
PL-15D,Turntable,KAK-023-C,KAK-023,Name plate
PL-15D,Turntable,KAK-038-A,KAK-038,Name plate
PL-15D,Turntable,KAK-039-A,KAK-039,Name plate
PL-15D,Turntable,KBE-015-0,KBE-015,Washer
PL-15D,Turntable,KBH-078-E,KBH-078,Panel spring (C)
PL-15D,Turntable,KBH-078-E,KBH-078,Panel spring(C)
PL-15D,Turntable,KBH-079-E,KBH-079,Panel spring (D)
PL-15D,Turntable,KBH-079-E,KBH-079,Panel spring(D)
PL-15D,Turntable,KBH-080-0,KBH-080,Spring
PL-15D,Turntable,KBH-081-0,KBH-081,Cut lever spring
PL-15D,Turntable,KBH-082-E,KBH-082,Lever spring
PL-15D,Turntable,KBH-084-A,KBH-084,Spring
PL-15D,Turntable,KBH-090-A,KBH-090,Spring
PL-15D,Turntable,KBH-130-A,KBH-130,Spﬁng
PL-15D,Turntable,KBH-131-B,KBH-131,Spring
PL-15D,Turntable,KBH-132-0,KBH-132,Spring rod
PL-15D,Turntable,KBH-135-0,KBH-135,Spring
PL-15D,Turntable,KDE-022-C,KDE-022,Connection cord
PL-15D,Turntable,KDG-007-0,KDG-007,Power cord
PL-15D,Turntable,KEA-022-0,KEA-022,Rubber mat assembly
PL-15D,Turntable,KEB-004-0,KEB-004,Belt
PL-15D,Turntable,KEB-059-0,KEB-059,Buffer (A)
PL-15D,Turntable,KEC-010-0,KEC-010,Dust cover
PL-15D,Turntable,KEC-010-0,KEC-010,Dust cover
PL-15D,Turntable,KEM-001-A,KEM-001,Lubricator
PL-15D,Turntable,KEX-002-A,KEX-002,Screw driver
PL-15D,Turntable,KEX-004-0,KEX-004,Cord clamp
PL-15D,Turntable,KHK-113-0,KHK-113,Stopper
PL-15D,Turntable,KHK-239-0,KHK-239,Packing case
PL-15D,Turntable,KHX-002-A,KHX-002,Cover
PL-15D,Turntable,KHX-017-A,KHX-017,Accessories case
PL-15D,Turntable,KHX-017-A,KHX-017,Case
PL-15D,Turntable,KKC-011-0,KKC-011,Terminal
PL-15D,Turntable,KLA-374-A,KLA-374,Center shaft bearing
PL-15D,Turntable,KLA-389-0,KLA-389,Collar
PL-15D,Turntable,KLA-389-0,KLA-389,Collar
PL-15D,Turntable,KLA-390-A,KLA-390,Collar
PL-15D,Turntable,KLA-392-A,KLA-392,Collar
PL-15D,Turntable,KLA-494-A,KLA-494,Sub weight
PL-15D,Turntable,KMM-072-0,KMM-072,Wooden case assembly
PL-15D,Turntable,KMS-076-0,KMS-076,Bottom cover
PL-15D,Turntable,KNA-384-A,KNA-384,Plate
PL-15D,Turntable,KNA-385-B,KNA-385,Lever
PL-15D,Turntable,KNA-386-C,KNA-386,Plate
PL-15D,Turntable,KNA-387-A,KNA-387,Guide angle
PL-15D,Turntable,KNA-391-A,KNA-391,Angle
PL-15D,Turntable,KNA-393-0,KNA-393,Belt guide
PL-15D,Turntable,KNA-394-B,KNA-394,Angle
PL-15D,Turntable,KNA-403-B,KNA-403,Spring
PL-15D,Turntable,KNA-484-0,KNA-484,Switch cam nut
PL-15D,Turntable,KNA-487-0,KNA-487,Angle
PL-15D,Turntable,KNA-660-6,KNA-660,Panel
PL-15D,Turntable,KNA-679-0,KNA-679,Punching
PL-15D,Turntable,KNA-680-0,KNA-680,Angle
PL-15D,Turntable,KNA-682-0,KNA-682,Elevation base
PL-15D,Turntable,KNH-090-0,KNH-090,Turntable platter
PL-15D,Turntable,KNH-090-0,KNH-090,Turntable platter
PL-15D,Turntable,KNK-055-B,KNK-055,EP-record adaptor
PL-15D,Turntable,KNK-164-E,KNK-164,Stylotector (L)
PL-15D,Turntable,KNK-165-E,KNK-165,Stylotector (R)
PL-15D,Turntable,KNK-168-C,KNK-168,Overhang checker
PL-15D,Turntable,KNK-186-A,KNK-186,Boss
PL-15D,Turntable,KNK-200-B,KNK-200,Switch cam
PL-15D,Turntable,KNK-201-B,KNK-201,Cut lever
PL-15D,Turntable,KNK-202-B,KNK-202,Cut button
PL-15D,Turntable,KNK-203-A,KNK-203,Lever
PL-15D,Turntable,KNK-204-0,KNK-204,Guide
PL-15D,Turntable,KNK-205-B,KNK-205,Lever
PL-15D,Turntable,KNK-206-A,KNK-206,Selector lever
PL-15D,Turntable,KNK-237-0,KNK-237,Microswitch cover
PL-15D,Turntable,KNK-244-0,KNK-244,Stopper
PL-15D,Turntable,KNK-323-C,KNK-323,Selector lever
PL-15D,Turntable,KNK-343-0,KNK-343,Spacer
PL-15D,Turntable,KNP-031-A,KNP-031,Circuit board
PL-15D,Turntable,KPD-037-A,KPD-037,Tonearm assembly
PL-15D,Turntable,KRB-041-0,KRB-041,Operating instructions PL-15D
PL-15D,Turntable,KSF-010-0,KSF-010,Microswitch
PL-15D,Turntable,KXA-342-C,KXA-342,Drive cam unit
PL-15D,Turntable,KXA-344-C,KXA-344,Speed selector lever assembly
PL-15D,Turntable,KXA-345-B,KXA-345,Lever angle
PL-15D,Turntable,KXA-346-B,KXA-346,Belt guide assembly
PL-15D,Turntable,KXA-349-0,KXA-349,Cut button assembly
PL-15D,Turntable,KXA-352-F,KXA-352,Sub-panel
PL-15D,Turntable,KXA-353-B,KXA-353,Center shaft
PL-15D,Turntable,KXA-354-B,KXA-354,Lever
PL-15D,Turntable,KXA-391-B,KXA-391,Arm rest
PL-15D,Turntable,KXA-399-A,KXA-399,Angle
PL-15D,Turntable,KXA-471-A,KXA-471,Motor panel
PL-15D,Turntable,KXA-502-E,KXA-502,Anti-skating assembly
PL-15D,Turntable,KXA-513-0,KXA-513,PU plate assembly
PL-15D,Turntable,KXA-514-0,KXA-514,PU plate unit
PL-15D,Turntable,KXA-566-A,KXA-566,Main weight
PL-15D,Turntable,KXA-566-A,KXA-566,Main weight
PL-15D,Turntable,KXA-720-0,KXA-720,Angle
PL-15D,Turntable,KXA-721-C,KXA-721,Elevation selector assembly
PL-15D,Turntable,KXA-771-A,KXA-771,Sub-panel assembly
PL-15D,Turntable,KXA-778-0,KXA-778,Elevation base unit
PL-15D,Turntable,KXA-779-A,KXA-779,Elevation assembly
PL-15D,Turntable,KXB-008-0,KXB-008,Elevation
PL-15D,Turntable,KXB-012-0,KXB-012,Elevation unit
PL-15D,Turntable,KXM-026-A,KXM-026,Motor
PL-15D,Turntable,M62-150-0,M62-150,Plate
PL-15D,Turntable,N24-005-E,N24-005,Motor pulley 50Hz
PL-15D,Turntable,N24-005-E,N24-005,Motor pulley 50Hz
PL-15D,Turntable,N24-006-E,N24-006,Motor pulley 60Hz
PL-15D,Turntable,N24-006-E,N24-006,Motor pulley 60Hz
PL-15D,Turntable,N51-794-0,N51-794,Belt guide shaft
PL-15D,Turntable,N61-084-0,N61-084,Lock plate
PL-15D,Turntable,N93-007-B,N93-007,Adaptor holder
PL-15D,Turntable,RSH-003-A,RSH-003,Line voltage switch
PL-15D,Turntable,W72-079-B,W72-079,Hinge
