model,category,part_number,normalized_part_number,description
SX-5,Receiver,AAB-273,AAB-273,Knob (VOLUME)
SX-5,Receiver,AAB-274,AAB-274,"Knob (BASS,TREBLE,BALANCE)"
SX-5,Receiver,AAD-399,AAD-399,Knob (INPUT)
SX-5,Receiver,AAD-400,AAD-400,Knob (TUNING)
SX-5,Receiver,AAD-402,AAD-402,Knob (FM)
SX-5,Receiver,AAD-403,AAD-403,Knob (AM)
SX-5,Receiver,AAD-404,AAD-404,Knob (MEMORY/STOP)
SX-5,Receiver,AAD-405,AAD-405,"Knob  (TAPE/ADPT,TUNlNG,MONO,LOUDNESS)"
SX-5,Receiver,AAD-406,AAD-406,Knob (POWER)
SX-5,Receiver,ABH-088,ABH-088,Coiled spring
SX-5,Receiver,ABN-047,ABN-047,Union nut
SX-5,Receiver,ACG-017,ACG-017,Ceramic capacitor
SX-5,Receiver,ACH-224,ACH-224,Electrolytic (8000/42V)
SX-5,Receiver,ACT-023,ACT-023,Variable resistor 1M (BALANCE)
SX-5,Receiver,ACT-128,ACT-128,Variable resistor 250k (VOLUME)
SX-5,Receiver,ACT-140,ACT-140,Variable resistor 100k (BASS)
SX-5,Receiver,ACT-140,ACT-140,Variable resistor 100k (TREBLE)
SX-5,Receiver,ADG-052,ADG-052,AC power cord
SX-5,Receiver,ADH-004,ADH-004,T-type FM antenna
SX-5,Receiver,AEC-358,AEC-358,Strain relief
SX-5,Receiver,AEC-838,AEC-838,Foot assembly
SX-5,Receiver,AEK-100,AEK-100,"Fuse (4A,FU101)"
SX-5,Receiver,AEK-109,AEK-109,"Fuse (6A,FU102,FU103l"
SX-5,Receiver,AEL-351,AEL-351,LED(Green)
SX-5,Receiver,AEL-365,AEL-365,LED(Red)
SX-5,Receiver,AEL-378,AEL-378,LED numeric display
SX-5,Receiver,AHA-294,AHA-294,Side pad
SX-5,Receiver,AHD-953,AHD-953,Packing case
SX-5,Receiver,AKA-017,AKA-017,Terminal (ANTENNA)
SX-5,Receiver,AKB-076,AKB-076,Terminal (AM STEREO OUT)
SX-5,Receiver,AKB-077,AKB-077,Terminal (PLAY)
SX-5,Receiver,AKB-079,AKB-079,"Terminal (PHON0,/AUX/VIDEO,REC)"
SX-5,Receiver,AKE-101,AKE-101,Terminal (SPEAKERS)
SX-5,Receiver,AKN-029,AKN-029,Phone jack (PHONES)
SX-5,Receiver,AKP-039,AKP-039,AC socket (AC OUTLETS)
SX-5,Receiver,ANE-369,ANE-369,Top cover
SX-5,Receiver,ANM-074,ANM-074,Front panel assembly
SX-5,Receiver,ANR-407,ANR-407,Display cover
SX-5,Receiver,ANR-432,ANR-432,Case cover
SX-5,Receiver,ANR-455,ANR-455,Slider assembly
SX-5,Receiver,ARB-438,ARB-438,Operating instructions  SX-5
SX-5,Receiver,ARP-009-0,ARP-009,Service manual  SX-5
SX-5,Receiver,ASG-177,ASG-177,Tact switch (STATION CALL SWITCHES)
SX-5,Receiver,ASG-300,ASG-300,"4-ganged push switch (TAPE/ADPT,TUNlNG,MONO,LOUDNESS)"
SX-5,Receiver,ASG-521,ASG-521,Push switch (POWER)
SX-5,Receiver,ASH-015,ASH-015,Slide switch (AM CHANNEL STEP)
SX-5,Receiver,ASS-016,ASS-016,Crystal resonator
SX-5,Receiver,ATB-636,ATB-636,Bar-antenna assembly
SX-5,Receiver,ATF-125,ATF-125,Ceramic resonator
SX-5,Receiver,ATT-840,ATT-840,Power transformer
SX-5,Receiver,AXC-013,AXC-013,Battery case
SX-5,Receiver,GWM-207,GWM-207,Complex assembly
SX-5,Receiver,GWX-706,GWX-706,Control assembly
SX-50,Receiver,AAB-342,AAB-342,Knob (VOLUME)
SX-50,Receiver,AAB-343,AAB-343,Knob (BALANCE)
SX-50,Receiver,AAD-691,AAD-691,Knob A (TREBLE)
SX-50,Receiver,AAD-692,AAD-692,Knob B (BASS)
SX-50,Receiver,AAD-711,AAD-711,Knob (POWER)
SX-50,Receiver,AAV-022,AAV-022,FL tube
SX-50,Receiver,ABA-176,ABA-176,Screw
SX-50,Receiver,ABN-080,ABN-080,Nut
SX-50,Receiver,ACG-502,ACG-502,Ceramic (0.01/AC 125V)
SX-50,Receiver,ACH-257,ACH-257,Electroiytic (8200/50)
SX-50,Receiver,ACN-147,ACN-147,Wire wound (75/10W)
SX-50,Receiver,ACT-210,ACT-210,"100k x 2,50k (VOLUME, BALANCE)"
SX-50,Receiver,ACX-122,ACX-122,"10k (BASS, TREBLE)"
SX-50,Receiver,ADG-073,ADG-073,AC power cord
SX-50,Receiver,ADH-005,ADH-005,FM antenna
SX-50,Receiver,AEC-352,AEC-352,Nylon rivet
SX-50,Receiver,AEK-125,AEK-125,Fuse (4A)
SX-50,Receiver,AEP-007,AEP-007,Bumper
SX-50,Receiver,AHA-348,AHA-348,Front pad
SX-50,Receiver,AHA-349,AHA-349,Rear pad
SX-50,Receiver,AHB-556,AHB-556,Operating instructions (English)  SX-50
SX-50,Receiver,AHE-204,AHE-204,Packing case
SX-50,Receiver,AKB-076,AKB-076,Terminal (AM STEREO)
SX-50,Receiver,AKB-093,AKB-093,Terminal (PHONO)
SX-50,Receiver,AKB-094,AKB-094,"Terminal (PRE AMP, POWER AMP)"
SX-50,Receiver,AKB-094,AKB-094,Terminal (TAPE2/ADAPTOR)
SX-50,Receiver,AKB-098,AKB-098,Terminal (VIDEO L/MONO)
SX-50,Receiver,AKB-102,AKB-102,Terminal (VIDEO R)
SX-50,Receiver,AKH-017,AKH-017,Transistor socket
SX-50,Receiver,AKM-041,AKM-041,Connection plug
SX-50,Receiver,AKN-045,AKN-045,Headphone jack (PHONES)
SX-50,Receiver,AKP-039,AKP-039,AC socket
SX-50,Receiver,AKX-078,AKX-078,"Complex terminal (SPEAKERS, ANTENNA, TAPE1, CD/AUX)"
SX-50,Receiver,ANE-443,ANE-443,Bonnet
SX-50,Receiver,ANM-380,ANM-380,Front panel assembly
SX-50,Receiver,ASG-541 (ASG-539),ASG-541 (ASG-539),Push switch (POWER)
SX-50,Receiver,ASG-704,ASG-704,"Tact switch (STATION CALL, FUNCTION, UP, DOWN)"
SX-50,Receiver,ASG-816,ASG-816,"Push switch (TUNING MODE, MEMORY)"
SX-50,Receiver,ASH-034,ASH-034,Slide switch (CHANNEL STEP)
SX-50,Receiver,ASR-107,ASR-107,Relay
SX-50,Receiver,ASS-018,ASS-018,Crystal resonator
SX-50,Receiver,ATB-086,ATB-086,Loop antenna
SX-50,Receiver,ATS-017,ATS-017,Power transformer (120V)
SX-50,Receiver,AXC-019,AXC-019,Battery case
SX-50,Receiver,GWM-303,GWM-303,Complex assembly
SX-50,Receiver,GWX-909,GWX-909,Control assembly
SX-50,Receiver,SEA5V2BB3S,SEA5V2BB3S,Push switch (LOUDNESS/MONO)
SX-50,Receiver,SEA6V441S,SEA6V441S,"Push switch (TAFE1, TAPE2/ADAPTOR, SIMULATED STEREO)"
SX-50,Receiver,SEAV3S,SEAV3S,Push switch (SUBSONIC)
SX-50,Receiver,SUL8LYZSF,SUL8LYZSF,Push switch (SPEAKERS)
SX-525,Receiver,AAA-004-B,AAA-004,Knob for tuning
SX-525,Receiver,AAB-007-B,AAB-007,"Knob for speakers, bass, treble, balance, volume and selector"
SX-525,Receiver,AAD-024-A,AAD-024,"Knob for loudness, FM muting, tape monitor, and mode"
SX-525,Receiver,AAF-007-C,AAF-007,Dial pointer ass'y
SX-525,Receiver,AAG-027-A,AAG-027,Dial scale
SX-525,Receiver,AAW-005-0,AAW-005,Signal meter
SX-525,Receiver,ACE -001-0,ACE -001,Oil paper 0.01  800V
SX-525,Receiver,ACH-011-A,ACH-011,Electrolytic 3300  63V
SX-525,Receiver,ACV-105-0,ACV-105,"Dual, volume"
SX-525,Receiver,ACV-106-0,ACV-106,"Dual, balance"
SX-525,Receiver,AEC-012-0,AEC-012,Foot
SX-525,Receiver,AEK-009-0,AEK-009,Fuse 1.5A for protection
SX-525,Receiver,AEL-006-0,AEL-006,Pilot lamp for FM stereo indicator
SX-525,Receiver,AEL-007-0,AEL-007,Pilot lamp for program indicator
SX-525,Receiver,AHA-007-0,AHA-007,Styrotector
SX-525,Receiver,AHD-064-0,AHD-064,Packing case
SX-525,Receiver,AKB-003-0,AKB-003,12P input terminal board
SX-525,Receiver,AKR -001,AKR -001,LINE VOLTAGE SELECTOR
SX-525,Receiver,AMM-006-A,AMM-006,Wooden case
SX-525,Receiver,ANB-103-C,ANB-103,Front panel ass'y
SX-525,Receiver,ARB-042-0,ARB-042,Operating instructions SX-525
SX-525,Receiver,ASA-017-0,ASA-017,Output selector (POWER/SPEAKERS - KUW/KCW)
SX-525,Receiver,ASA-018,ASA-018,Output selector (POWER/SPEAKERS - FVZW/NBW)
SX-525,Receiver,ASC-020-0,ASC-020,Selector switch (PROGRAM SOURCE)
SX-525,Receiver,ASG-016-0,ASG-016,Mini switch
SX-525,Receiver,ATB-006-0,ATB-006,Ferrite loopstick antenna (KUW)
SX-525,Receiver,ATT-043-C,ATT-043,"Power transformer (KUW,KCW)"
SX-525,Receiver,ATT-044-C,ATT-044,Power transformer (FVZW)
SX-525,Receiver,ATT-060-A,ATT-060,Power transformer (NBW)
SX-525,Receiver,AWE-003-0,AWE-003,Tuner unit
SX-525,Receiver,AWF-003-0,AWF-003,Head amp unit
SX-525,Receiver,AWG-011-0,AWG-011,Control amp unit
SX-525,Receiver,AWH-006-A,AWH-006,"Main amp unit (KUW,KCW,FVZW)"
SX-525,Receiver,AWH-012-0,AWH-012,Main amp unit (NBW)
SX-525,Receiver,AWR-007-0,AWR-007,"Power supply unit (KUW,KUC,FVZW)"
SX-525,Receiver,AWR-013-0,AWR-013,Power supply unit (NBW)
SX-525,Receiver,AWS-015-0,AWS-015,Switch unit
SX-525,Receiver,AWX-010-A,AWX-010,Lamp unit
SX-525,Receiver,AWX-012-0,AWX-012,CR unit
SX-525,Receiver,AXB-001-0,AXB-001,Ferrite loopstick antenna holder ass'y
SX-525,Receiver,B11-012-A,B11-012,Screw for grounding
SX-525,Receiver,B11-041-A,B11-041,Screw to fix wooden case
SX-525,Receiver,C43-003-0,C43-003,Ceramic 0.01  DC 1.4kV
SX-525,Receiver,C52-075-B,C52-075,Electrolytic 2200  35V
SX-525,Receiver,C52-075-B,C52-075,Electrolytic 2200  35V
SX-525,Receiver,C82-046-A,C82-046,"Dual, bass"
SX-525,Receiver,C82-046-A,C82-046,"Dual, treble"
SX-525,Receiver,CEA 101 P 6,CEA 101 P 6,Electrolytic 100  6V
SX-525,Receiver,CEA 101P 16,CEA 101P 16,Electrolytic 100  16V
SX-525,Receiver,CKDYF 103Z 50,CKDYF 103Z 50,Ceramic 0.01  50V
SX-525,Receiver,CQMA 182K 50,CQMA 182K 50,Mylar 0.0018  50V
SX-525,Receiver,CQMA 332K 50,CQMA 332K 50,Mylar 0.0033 50V (KCW)
SX-525,Receiver,CQMA 332K 50,CQMA 332K 50,Mylar 0.0033 50V (KCW)
SX-525,Receiver,CQMA 473K 50,CQMA 473K 50,Mylar 0.047  50V
SX-525,Receiver,D11-003-E,D11-003,AC power cord
SX-525,Receiver,D52-013-0,D52-013,FM T-type antenna
SX-525,Receiver,E21-022-0,E21-022,Fuse 3A for protection
SX-525,Receiver,E21-026-0,E21-026,Fuse 2A for protection
SX-525,Receiver,E21-027-0,E21-027,Fuse 2A
SX-525,Receiver,E22-017-A,E22-017,Pilot lamp for dial scale and signal meter
SX-525,Receiver,K11-043-C,K11-043,Antenna terminal board
SX-525,Receiver,K13-047-0,K13-047,4P ground terminal
SX-525,Receiver,K72-007-B,K72-007,Speaker plug
SX-525,Receiver,K72-020-0,K72-020,Microphone jack
SX-525,Receiver,K72-026-0,K72-026,Headphones jack
SX-525,Receiver,K72-031-0,K72-031,Speaker socket
SX-525,Receiver,K82-011-0,K82-011,Spare AC outlet
SX-525,Receiver,K91-005-A,K91-005,Pilot lamp (for signal meter) socket
SX-525,Receiver,K93-003-B,K93-003,5P connector (DIN)
SX-525,Receiver,K96-007-C,K96-007,Fuse (for protection) holder
SX-525,Receiver,K96-007-C,K96-007,LINE VOLTAGE SELECTOR
SX-525,Receiver,M42-071-F,M42-071,Dial shaft ass'y
SX-525,Receiver,M42-080A,M42-080A,Dial pulley
SX-525,Receiver,RD¼PS 474J,RD¼PS 474J,Carbon film 470k
SX-525,Receiver,RD½PS 122J,RD½PS 122J,Carbon film 1.2k  ½W
SX-525,Receiver,RD½PS 220J,RD½PS 220J,Carbon film 22  ½W
SX-525,Receiver,RD½PS 225J,RD½PS 225J,Carbon film 2.2M ½W (KCW)
SX-525,Receiver,RM2P 151K,RM2P 151K,Wire wound 150  2W
SX-525,Receiver,RM2P 151K,RM2P 151K,Wire wound 150  2W
SX-525,Receiver,RT5B 100K,RT5B 100K,Wire wound 10  5W
SX-525,Receiver,T24-030-0,T24-030,Choke coil
SX-525,Receiver,T42-022-C,T42-022,"Ferrite loopstick antenna (KCW,FVZW,NBW)"
SX-525,Receiver,W52-004-0,W52-004,Compound part for REC Jack
SX-535,Receiver,1S2473,1S2473,Diode
SX-535,Receiver,AAA-024-0,AAA-024,Knob (TUNING)
SX-535,Receiver,AAB-068-A,AAB-068,"Knob (BASS, TREBLE, BALANCE,VOLUME, FUNCTION)"
SX-535,Receiver,AAD-054-B,AAD-054,"Knob (SPEAKERS, MONO, TAPE, MONITOR, LOUDNESS)"
SX-535,Receiver,AAD-082-B,AAD-082,Knob (FM MUTlNG)
SX-535,Receiver,AAD-084-A,AAD-084,Knob (POWER)
SX-535,Receiver,AAE-007-0,AAE-007,Sub-knob
SX-535,Receiver,AAE-008-0,AAE-008,Sub-knob
SX-535,Receiver,AAF-020-0,AAF-020,Dial pointer assembly
SX-535,Receiver,AAG-083-A,AAG-083,Dial scale
SX-535,Receiver,AAL-218-0,AAL-218,Model name plate (KCU)
SX-535,Receiver,AAL-219-0,AAL-219,Model name plate (FV)
SX-535,Receiver,AAL-220-0,AAL-220,Model name plate (GN)
SX-535,Receiver,AAW-033-0,AAW-033,Meter (Signal & Tuning)
SX-535,Receiver,ABA-010-A,ABA-010,Screw M4 x 15
SX-535,Receiver,ABE-001-0,ABE-001,Claw washer
SX-535,Receiver,ABE-005-0,ABE-005,Washer
SX-535,Receiver,ACG-001-0,ACG-001,Ceramic  0.01  250 (FV)
SX-535,Receiver,ACG-001-0,ACG-001,Ceramic  0.01  250V (FV)
SX-535,Receiver,ACG-001-0,ACG-001,"Ceramic  0.01  250V (KCU,FV)"
SX-535,Receiver,ACG-003-0,ACG-003,Ceramic  0.01  250V (KCU)
SX-535,Receiver,ACH-042-0,ACH-042,"Electrolytic capacitor 4,700uF 35V"
SX-535,Receiver,ACV-135-0,ACV-135,Variable resistor  250k-HB (BALANCE)
SX-535,Receiver,ACV-138-0,ACV-138,Variable resistor  100k-A2 (BASS)
SX-535,Receiver,ACV-138-0,ACV-138,Variable resistor  100k-A2 (TREBLE)
SX-535,Receiver,ACV-139-0,ACV-139,Variable resistor  250k-B1 (VOLUME)
SX-535,Receiver,ADG-004-0,ADG-004,AC power cord (FV)
SX-535,Receiver,ADG-005-A,ADG-005,AC power cord (KCU)
SX-535,Receiver,ADH-002-0,ADH-002,FM T-type antenna
SX-535,Receiver,AEB-019-0,AEB-019,P.C. board holder
SX-535,Receiver,AEB-062-0,AEB-062,Rubber bracket
SX-535,Receiver,AEC-004-0,AEC-004,Wire clip
SX-535,Receiver,AEC-005-0,AEC-005,Wire clip
SX-535,Receiver,AEC-007-0,AEC-007,Wire clip
SX-535,Receiver,AEC-031-0,AEC-031,Nylon sheet
SX-535,Receiver,AEC-058-0,AEC-058,Plastic cover
SX-535,Receiver,AEC-061-A,AEC-061,Foot assembly
SX-535,Receiver,AEC-079-0,AEC-079,"Cord grommet (KCU,FV)"
SX-535,Receiver,AEC-085-0,AEC-085,Insulator nut
SX-535,Receiver,AEC-101-0,AEC-101,Pulley
SX-535,Receiver,AEC-116-0,AEC-116,Spacer
SX-535,Receiver,AEC-119-0,AEC-119,Sponge gum
SX-535,Receiver,AEC-152-A,AEC-152,Spacer
SX-535,Receiver,AEC-153-0,AEC-153,Pulley
SX-535,Receiver,AEC-154-A,AEC-154,Antenna clamper
SX-535,Receiver,AEC-160-0,AEC-160,Bush
SX-535,Receiver,AEC-164-0,AEC-164,Spacer
SX-535,Receiver,AED-036-A,AED-036,Mask
SX-535,Receiver,AEF-004-0,AEF-004,Spacer
SX-535,Receiver,AEK-014-0,AEK-014,Fuse (protection)  500mA (GN)
SX-535,Receiver,AEK-042-0,AEK-042,Fuse (protection)  3.15A (GN)
SX-535,Receiver,AEK-100-0,AEK-100,"Fuse (protection)  4A (KCU,FV)"
SX-535,Receiver,AEK-101-0,AEK-101,"Fuse (protection)  3A (KCU,FV)"
SX-535,Receiver,AEK-104-0,AEK-104,Fuse (primary)  l.5A (FV)
SX-535,Receiver,AEK-107-0,AEK-107,"Fuse (protection)  0.5A (KCU,FV)"
SX-535,Receiver,AEK-200-0,AEK-200,Fuse (primary)  3A (KCU)
SX-535,Receiver,AEK-400-0,AEK-400,Fuse (protection)  4A (GN)
SX-535,Receiver,AEL-025-0,AEL-025,Lamp - dial pointer 8V 50mA
SX-535,Receiver,AEL-025-0,AEL-025,"Pilot lamp 8V, 50mA (Stereo indicator)"
SX-535,Receiver,AKA-001-0,AKA-001,Speaker output terminal
SX-535,Receiver,AKA-002-0,AKA-002,Antenna terminal board
SX-535,Receiver,AKB-014-0,AKB-014,Phono jack A (4-jacks)
SX-535,Receiver,AKB-015-0,AKB-015,Phono jack B (4-jacks)
SX-535,Receiver,AKC-024-A,AKC-024,"Terminal strip (4P - KCU,FV)"
SX-535,Receiver,AKE-017-0,AKE-017,Binding post for ground
SX-535,Receiver,AKK-002-0,AKK-002,Pilot lamp socket
SX-535,Receiver,AKP-004-0,AKP-004,"AC socket (KCU,FV)"
SX-535,Receiver,AKP-008-0,AKP-008,Connector socket (AC power inlet - GN)
SX-535,Receiver,AKR-001-0,AKR-001,Line voltage selector (fuse holder - FV)
SX-535,Receiver,AKR-011-0,AKR-011,"Fuse holder (F2, F3 - protection -KCU,FV)"
SX-535,Receiver,AKR-017-0,AKR-017,"Fuse holder (F2, F3 - protection - GN)"
SX-535,Receiver,ALA-008-0,ALA-008,Stud nut
SX-535,Receiver,AMM-041-A,AMM-041,Wooden cabinet
SX-535,Receiver,ANA-070-C,ANA-070,Chassis
SX-535,Receiver,ANB-283-A,ANB-283,Front panel assembly (Includes 69 & 70)
SX-535,Receiver,ANC-124-A,ANC-124,Rear panel (GN)
SX-535,Receiver,ANC-126-A,ANC-126,Rear panel (KCU)
SX-535,Receiver,ANC-127-A,ANC-127,Rear panel (FV)
SX-535,Receiver,AND-076-B,AND-076,Sub-panel
SX-535,Receiver,ANE-059-B,ANE-059,Bottom plate
SX-535,Receiver,ANF-262-B,ANF-262,Lamp holder
SX-535,Receiver,ANF-264-A,ANF-264,Switch mount plate
SX-535,Receiver,ANF-266-A,ANF-266,Sub-chassis
SX-535,Receiver,ANF-267-A,ANF-267,Reinforcement plate
SX-535,Receiver,ANG-105-0,ANG-105,Dial scale-held metal
SX-535,Receiver,ANG-106-A,ANG-106,Pulley-held metal
SX-535,Receiver,ANG-107-A,ANG-107,Pulley-held metal
SX-535,Receiver,ANH-219-B,ANH-219,Lamp box
SX-535,Receiver,ANH-221-0,ANH-221,Lamp box
SX-535,Receiver,ANK-072-0,ANK-072,P.C. board cover
SX-535,Receiver,ASC-061-0,ASC-061,Rotary switch (FUNCTION)
SX-535,Receiver,ASG-040-0,ASG-040,Push switch (FM muting)
SX-535,Receiver,ASG-043-0,ASG-043,Push switch (power - KSC)
SX-535,Receiver,ASG-070-0,ASG-070,"Push switch (power - FV,GN)"
SX-535,Receiver,ASG-073-A,ASG-073,"Push switch (SPEAKER A, B)"
SX-535,Receiver,ASG-075-A,ASG-075,"Push switch (TAPE MONITOR 1,2,MODE ,LOUDNESS)"
SX-535,Receiver,ASH-008-0,ASH-008,Slide switch (de-emphasis - FV)
SX-535,Receiver,ATB-026-0,ATB-026,Ferrite loopstick antenna
SX-535,Receiver,ATT-188-0,ATT-188,Power transformer (KCU)
SX-535,Receiver,ATT-189-A,ATT-189,Power transformer (GN)
SX-535,Receiver,ATT-190-0,ATT-190,Power transformer (FV)
SX-535,Receiver,AWE-046-0,AWE-046,Tuner assembly
SX-535,Receiver,AWF-014-0,AWF-014,Equalizer amplifier assembly
SX-535,Receiver,AWH-035-0,AWH-035,Power amplifier assembly
SX-535,Receiver,AWM-068-0,AWM-068,SW & control assembly
SX-535,Receiver,AWR-065-0,AWR-065,"Power supply circuit assembly (KCU,FV)"
SX-535,Receiver,AWR-065-0,AWR-065,"Power supply circuit assembly (KCU,FV)"
SX-535,Receiver,AWR-067-0,AWR-067,Power supply circuit assembly (GN)
SX-535,Receiver,AWX-062-0,AWX-062,5P connector assembly
SX-535,Receiver,AWX-072-0,AWX-072,Lamp board assembly
SX-535,Receiver,AXA-015-A,AXA-015,Tuning pulley assembly
SX-535,Receiver,AXA-025-0,AXA-025,Tuning shaft assembly
SX-535,Receiver,AXB-001-0,AXB-001,Antenna holder assembly
SX-535,Receiver,B21-011-0,B21-011,Claw washer
SX-535,Receiver,B22-016-0,B22-016,Washer (0.5t)
SX-535,Receiver,B71-004-0,B71-004,Nut (9Φ)
SX-535,Receiver,CEA 331P 35,CEA 331P 35,Electrolytic  330  35V
SX-535,Receiver,CKDYF 103Z 50,CKDYF 103Z 50,Ceramic  0.01  50V
SX-535,Receiver,CQMA 222K 50,CQMA 222K 50,Mylar  0.0022  50V
SX-535,Receiver,CQMA 562K 50,CQMA 562K 50,Mylar  0.0056  50V
SX-535,Receiver,CQMA 822K 50,CQMA 822K 50,"Mylar  0.0082  50V (KCU,FV)"
SX-535,Receiver,CQMA 822K 50,CQMA 822K 50,"Mylar  0.0082  50V (KCU,FV)"
SX-535,Receiver,E22-032-0,E22-032,Lamp - dial scale 8V 300mA
SX-535,Receiver,E22-032-0,E22-032,Lamp - signal & tuning meter 8V 300mA
SX-535,Receiver,E22-032-0,E22-032,"Pilot lamp 8V, 0.3A (dial scale)"
SX-535,Receiver,E22-032-0,E22-032,"Pilot lamp 8V, 0.3A (meter)"
SX-535,Receiver,E32-045-A,E32-045,Insulator bush
SX-535,Receiver,E34-004-0,E34-004,Insulator washer
SX-535,Receiver,K13-047-0,K13-047,Ground terminal Strip (4P)
SX-535,Receiver,K13-048-0,K13-048,Ground terminal strip (2P)
SX-535,Receiver,K72-020-0,K72-020,Phone jack (MIC)
SX-535,Receiver,K72-026-0,K72-026,Phone jack (Headphone)
SX-535,Receiver,M45-086-0,M45-086,Washer
SX-535,Receiver,M45-105-C,M45-105,Wire supporter
SX-535,Receiver,M49-025-E,M49-025,Pulley shaft
SX-535,Receiver,RD¼PS 225J,RD¼PS 225J,Carbon film  2.2M (KCU)
SX-535,Receiver,RD¼PS 393J,RD¼PS 393J,Carbon film  39k
SX-535,Receiver,RS2P 561K,RS2P 561K,Metal oxide  560  2W
SX-535,Receiver,RS2P 561K,RS2P 561K,Metal oxide  560  2W
SX-535,Receiver,T22-025-A,T22-025,Balun
SX-550,Receiver,AAA-036,AAA-036,Knob (TUNING)
SX-550,Receiver,AAB-099,AAB-099,Knob (BALANCE)
SX-550,Receiver,AAB-099,AAB-099,"Knob (BASS, TREBLE)"
SX-550,Receiver,AAB-100,AAB-100,Knob (FUNCTION)
SX-550,Receiver,AAB-100,AAB-100,Knob (SPEAKER)
SX-550,Receiver,AAB-110,AAB-110,Knob (VOLUME)
SX-550,Receiver,AAD-100,AAD-100,"Knob (LOUDNESS, TAPE MONITOR 1,2)"
SX-550,Receiver,AAD-110,AAD-110,"Knob (FM MUTING, MONO)"
SX-550,Receiver,AAW-053,AAW-053,Meter
SX-550,Receiver,ABN-025,ABN-025,Union Nut
SX-550,Receiver,ACG-001,ACG-001,Ceramic 0.01 150V (DC1 .4kV) (KU)
SX-550,Receiver,ACG-003,ACG-003,Ceramic 0.01 150V (DC1 .4kV)
SX-550,Receiver,ACH-055,ACH-055,"Electrolytic 6,800 35V"
SX-550,Receiver,ACH-055,ACH-055,"Electrolytic 6,800 35V"
SX-550,Receiver,ACK-012,ACK-012,Tuning Capacitor
SX-550,Receiver,ACV-126,ACV-126,Variable resistor (BALANCE)
SX-550,Receiver,ACV-138,ACV-138,"Variable resistor (BASS, TREBLE)"
SX-550,Receiver,ACV-161,ACV-161,Variabie resistor (VOLUME)
SX-550,Receiver,ADG-002,ADG-002,AC power cord (S)
SX-550,Receiver,ADG-005,ADG-005,AC power cord (KC)
SX-550,Receiver,AEC-099,AEC-099,Capacitor cover (HG)
SX-550,Receiver,AEC-099,AEC-099,Capacitor cover (S)
SX-550,Receiver,AEC-240,AEC-240,Acrylic board
SX-550,Receiver,AEC-249,AEC-249,Fuse cover
SX-550,Receiver,AEK-017,AEK-017,Fuse 2A (HG)
SX-550,Receiver,AEK-100,AEK-100,Fuse 4A
SX-550,Receiver,AEK-100,AEK-100,Fuse 4A
SX-550,Receiver,AEK-100,AEK-100,Fuse 4A
SX-550,Receiver,AEK-100,AEK-100,"Fuse 4A (110V, 120V - S)"
SX-550,Receiver,AEK-103,AEK-103,"2A (220V, 240V - S)"
SX-550,Receiver,AEK-103,AEK-103,Fuse 2A (S)
SX-550,Receiver,AEK-104,AEK-104,Fuse 1.5A
SX-550,Receiver,AEK-111,AEK-111,Fuse 0.8A
SX-550,Receiver,AEK-111,AEK-111,Fuse 0.8A
SX-550,Receiver,AEK-400,AEK-400,Fuse 4A (HG)
SX-550,Receiver,AEK-400,AEK-400,Fuse 4A (HG)
SX-550,Receiver,AEK-402,AEK-402,Fuse 1A (HG)
SX-550,Receiver,AEK-402,AEK-402,Fuse 1A (HG)
SX-550,Receiver,AEK-405,AEK-405,Fuse 1.6A (HG)
SX-550,Receiver,AEL-060,AEL-060,Lamp assembly 8V 300mA
SX-550,Receiver,AEL-060,AEL-060,Lamp assembly 8V 300mA
SX-550,Receiver,AEL-060,AEL-060,Lamp assembly 8V 300mA
SX-550,Receiver,AEL-061,AEL-061,Lamp with leads 6V 50mA
SX-550,Receiver,AEL-062,AEL-062,Lamp with leads 6V 50mA
SX-550,Receiver,AHD-348,AHD-348,Packing case
SX-550,Receiver,AHD-350,AHD-350,Packing case (S)
SX-550,Receiver,AKB-027,AKB-027,Terminal 4P
SX-550,Receiver,AKC-030,AKC-030,Terminal 2P (HG)
SX-550,Receiver,AKE-028,AKE-028,Terminal (ANTENNA)
SX-550,Receiver,AKE-029,AKE-029,Terminal (SPEAKERS)
SX-550,Receiver,AKN-009,AKN-009,Phone jack (PHONES)
SX-550,Receiver,AKN-011,AKN-011,Phone jack (MIC)
SX-550,Receiver,AKP-004,AKP-004,AC socket (AC OUTLETS)
SX-550,Receiver,AKP-008,AKP-008,AC socket (INLET - HG)
SX-550,Receiver,AKP-011,AKP-011,DIN connector socket (REC/PLAY)
SX-550,Receiver,AKP-016,AKP-016,Socket (FM Antenna - HG)
SX-550,Receiver,AKR-030,AKR-030,Fuse clip (KU)
SX-550,Receiver,AKR-031,AKR-031,Line voltage selector (S)
SX-550,Receiver,AKX-037,AKX-037,Line voltage selector (HG)
SX-550,Receiver,ANB-417,ANB-417,Front panel assembly
SX-550,Receiver,ANE-131,ANE-131,Top plate (HG)
SX-550,Receiver,ANE-131,ANE-131,Top plate (S)
SX-550,Receiver,ARB-182,ARB-182,Operating instructions SX-550
SX-550,Receiver,ARB-183,ARB-183,Operating instructions SX-550 (Engish - S)
SX-550,Receiver,ARD-093,ARD-093,Operating instructions SX-550 (German/Frénch - S)
SX-550,Receiver,ART-179,ART-179,Service Manual SX-550 (KC)
SX-550,Receiver,ASA-042,ASA-042,Selector switch (SPEAKER/POWER)
SX-550,Receiver,ASD-048,ASD-048,Selector switch (FUNCTION)
SX-550,Receiver,ASG-092,ASG-092,"Push switch (FM MUTING, MODE)"
SX-550,Receiver,ASG-093,ASG-093,"Push switch (LOUDNESS, TAPE MONITOR 1, 2)"
SX-550,Receiver,ASH-017,ASH-017,De-emphasis switch (S)
SX-550,Receiver,ATT-263,ATT-263,Power transformer (KU)
SX-550,Receiver,ATT-305,ATT-305,Power transformer (KC)
SX-550,Receiver,ATT-323,ATT-323,Power transformer (S)
SX-550,Receiver,ATT-327,ATT-327,Power transformer (HG)
SX-550,Receiver,ATT-463,ATT-463,Power transformer (???)
SX-550,Receiver,AWE-072,AWE-072,RF assembly
SX-550,Receiver,AWK-054,AWK-054,AF Amplifier Assembly (KU)
SX-550,Receiver,AWK-056,AWK-056,AF assembly (KC)
SX-550,Receiver,AWK-059,AWK-059,AF Amplifier Assembly (S)
SX-550,Receiver,AWK-061,AWK-061,AF Amplifier Assembly (HG)
SX-550,Receiver,AWM-101,AWM-101,AF MUTING assembly
SX-550,Receiver,AXA-066,AXA-066,Dial pulley assembly
SX-550,Receiver,AXA-117,AXA-117,Tuning shaft assembly
SX-550,Receiver,AXB-006,AXB-006,Bar-antenna assembly (KC)
SX-550,Receiver,AXB-006,AXB-006,Ferrite bar-antenna
SX-550,Receiver,AXB-010,AXB-010,Bar-antenna Assembly (HG)
SX-550,Receiver,CKDYF 103Z 50,CKDYF 103Z 50,Ceramic 0.01 50V
SX-550,Receiver,CKDYF 103Z 50,CKDYF 103Z 50,Ceramic 0.01 50V
SX-550,Receiver,CKDYF 103Z 50,CKDYF 103Z 50,Ceramic 0.01 50V
SX-550,Receiver,CKDYF 103Z 50,CKDYF 103Z 50,Ceramic 0.01 50V
SX-550,Receiver,Ell-033,Ell-033,Vinyl bag (S)
SX-550,Receiver,RD ½PS 225J,RD ½PS 225J,Carbon film 2.2M ½W
SX-550,Receiver,RD¼PS 102J,RD¼PS 102J,Carbon film 1k  (KU)
SX-550,Receiver,RD¼PS 511J,RD¼PS 511J,Carbon film 510  (KU)
SX-550,Receiver,RD½P5 5R6J,RD½P5 5R6J,Carbon film 5.6 ½W (KU)
SX-550,Receiver,RD½PS 100J,RD½PS 100J,Carbon film 10 ½W (KU)
SX-550,Receiver,RD½PS 100J,RD½PS 100J,Carbon film 10 ½W (KU)
SX-550,Receiver,RD½PS 5R6J,RD½PS 5R6J,Carbon film 5.6 ½W (KU)
SX-550,Receiver,RD½PS 5R6J,RD½PS 5R6J,Carbon film 5.6 ½W (KU)
SX-550,Receiver,RD½PS 5R6J,RD½PS 5R6J,Carbon film 5.6 ½W (KU)
SX-550,Receiver,T24-030,T24-030,RF chokecoil 101k (HG)
SX-580/590,Receiver,AAA-050,AAA-050,Knob (TUNING)
SX-580/590,Receiver,AAB-175,AAB-175,Knob (BASS)
SX-580/590,Receiver,AAB-175,AAB-175,Knob (FUNCTION)
SX-580/590,Receiver,AAB-175,AAB-175,Knob (TREBLE)
SX-580/590,Receiver,AAB-175,AAB-175,Knob (VOLUME)
SX-580/590,Receiver,AAB-176,AAB-176,Knob (BALANCE)
SX-580/590,Receiver,AAD-154,AAD-154,Knob (LOUDNESS)
SX-580/590,Receiver,AAD-154,AAD-154,Knob (MODE/FM MUTE)
SX-580/590,Receiver,AAD-154,AAD-154,Knob (SPEAKERS)
SX-580/590,Receiver,AAD-154,AAD-154,Knob (TAPE MONITOR)
SX-580/590,Receiver,AAD-155,AAD-155,Knob (POWER)
SX-580/590,Receiver,AAF-074,AAF-074,Dial pointer assembly
SX-580/590,Receiver,AAG-158,AAG-158,Dial panel (SX-580/KU)
SX-580/590,Receiver,AAG-160,AAG-160,Dial panel (SX-590/HG)
SX-580/590,Receiver,AAG-160,AAG-160,Dial panel (SX-590/HGW4)
SX-580/590,Receiver,AAW-089,AAW-089,AM-FM meter
SX-580/590,Receiver,AAW-090,AAW-090,Power meter
SX-580/590,Receiver,ACG-001,ACG-001,Ceramic 0.01/250V (SX-580/KU)
SX-580/590,Receiver,ACG-001,ACG-001,Ceramic 0.01/250V (SX-590/HG)
SX-580/590,Receiver,ACG-001,ACG-001,Ceramic 0.01/250V (SX-590/HGW4)
SX-580/590,Receiver,ACG-003,ACG-003,Ceramic 0.01/125V (SX-580/KU)
SX-580/590,Receiver,ACK-012,ACK-012,Tuning Capacitor
SX-580/590,Receiver,ACT-019,ACT-019,Variable resistor (BALANCE)
SX-580/590,Receiver,ACV-161,ACV-161,Variable resistor (VOLUME)
SX-580/590,Receiver,ACV-186,ACV-186,Variable resistor (BASS)
SX-580/590,Receiver,ACV-186,ACV-186,Variable resistor (TREBLE)
SX-580/590,Receiver,ADG-023,ADG-023,AC power cord (SX-580/KU)
SX-580/590,Receiver,AEC-099,AEC-099,Cover (for C1) (SX-590/HG)
SX-580/590,Receiver,AEC-099,AEC-099,Cover (for C1) (SX-590/HGW4)
SX-580/590,Receiver,AEC-279,AEC-279,Cover (for C2) (SX-580/KU)
SX-580/590,Receiver,AEC-294,AEC-294,Cover (for C1) (SX-580/KU)
SX-580/590,Receiver,AEK-100,AEK-100,Fuse 4A
SX-580/590,Receiver,AEK-101,AEK-101,Fuse 3A
SX-580/590,Receiver,AEK-104,AEK-104,Fuse 1.5A
SX-580/590,Receiver,AEL-029,AEL-029,"Lamp (wedge type, 8V 0.3A)"
SX-580/590,Receiver,AEL-307,AEL-307,"LED (STEREO, red)"
SX-580/590,Receiver,AEL-307,AEL-307,"LED (TAPE MONITOR, red)"
SX-580/590,Receiver,AEL-308,AEL-308,"LED (SOURCE, green)"
SX-580/590,Receiver,AHD-549,AHD-549,Packing case (SX-580/KU)
SX-580/590,Receiver,AHD-555,AHD-555,Packing case (SX-590/HG)
SX-580/590,Receiver,AHD-555,AHD-555,Packing case (SX-590/HGW4)
SX-580/590,Receiver,AHG-023,AHG-023,Vinyl pouch for AC power cord (SX-580/KU)
SX-580/590,Receiver,AKA-003,AKA-003,Terminal (ANTENNA)
SX-580/590,Receiver,AKB-035,AKB-035,Terminal (INPUT)
SX-580/590,Receiver,AKB-045,AKB-045,Terminal (TAPE)
SX-580/590,Receiver,AKE-026,AKE-026,Terminal (SPEAKERS)
SX-580/590,Receiver,AKE-031,AKE-031,Terminal (GND)
SX-580/590,Receiver,AKK-005,AKK-005,Lamp socket
SX-580/590,Receiver,AKN-009,AKN-009,Phone jack (PHONES)
SX-580/590,Receiver,AKP-004,AKP-004,AC socket - AC OUTLET (SX-580/KU)
SX-580/590,Receiver,AKP-008,AKP-008,Recessed plug (SX-590/HG)
SX-580/590,Receiver,AKP-008,AKP-008,Recessed plug (SX-590/HGW4)
SX-580/590,Receiver,AKP-016,AKP-016,Coaxial connector (SX-590/HG)
SX-580/590,Receiver,AKP-016,AKP-016,Coaxial connector (SX-590/HGW4)
SX-580/590,Receiver,AKX-057,AKX-057,Plug in selector (SX-590/HG)
SX-580/590,Receiver,AKX-057,AKX-057,Plug in selector (SX-590/HGW4)
SX-580/590,Receiver,AMM-071,AMM-071,Wooden cover assembly (SX-580/KU)
SX-580/590,Receiver,AMS-029,AMS-029,Side board (L) (SX-590/HGW4)
SX-580/590,Receiver,AMS-030,AMS-030,Side board (R) (SX-590/HGW4)
SX-580/590,Receiver,AMS-031,AMS-031,Side board (L) (SX-590/HG)
SX-580/590,Receiver,AMS-032,AMS-032,Side board (R) (SX-590/HG)
SX-580/590,Receiver,ANB-595,ANB-595,Front panel assembly (SX-580/KU)
SX-580/590,Receiver,ANB-599,ANB-599,Front panel assembly (SX-590/HG)
SX-580/590,Receiver,ANB-599,ANB-599,Front panel assembly (SX-590/HGW4)
SX-580/590,Receiver,ANE-202,ANE-202,Top plate (SX-590/HG)
SX-580/590,Receiver,ANE-202,ANE-202,Top plate (SX-590/HGW4)
SX-580/590,Receiver,ANR-026,ANR-026,Acrylic board
SX-580/590,Receiver,ARB-267,ARB-267,Operating instructions (ENGLISH) (SX-580/KU)
SX-580/590,Receiver,ARB-275,ARB-275,Operating instructions (ENGLISH) (SX-590/HG)
SX-580/590,Receiver,ARB-275,ARB-275,Operating instructions (ENGLISH) (SX-590/HGW4)
SX-580/590,Receiver,ARD-121,ARD-121,Operating instructions (GERMAN/FRENCH) (SX-590/HGW4)
SX-580/590,Receiver,ASE-107,ASE-107,Slide rotary switch (FUNCTION)
SX-580/590,Receiver,ASG-137,ASG-137,"Dual push switch (MODE/FM MUTE, TAPE MONITOR)"
SX-580/590,Receiver,ASG-138,ASG-138,Push switch (LOUDNESS)
SX-580/590,Receiver,ASG-139,ASG-139,Dual push switch (SPEAKERS)
SX-580/590,Receiver,ASG-503,ASG-503,Push switch - POWER (SX-580/KU)
SX-580/590,Receiver,ASG-504,ASG-504,Push switch - POWER (SX-590/HG)
SX-580/590,Receiver,ASG-504,ASG-504,Push switch - POWER (SX-590/HGW4)
SX-580/590,Receiver,ASH-015,ASH-015,Slide switch (DE-EMPHASIS)
SX-580/590,Receiver,ATB-505,ATB-505,Bar antenna
SX-580/590,Receiver,ATT-510,ATT-510,Power transformer (SX-580/KU)
SX-580/590,Receiver,ATT-523,ATT-523,Power transformer (SX-590/HG)
SX-580/590,Receiver,ATT-523,ATT-523,Power transformer (SX-590/HGW4)
SX-580/590,Receiver,AXA-113,AXA-113,Tuning drum assembly
SX-580/590,Receiver,AXA-208,AXA-208,Dial shaft assembly
SX-580/590,Receiver,GWB-101,GWB-101,Front end (SX-580/KU)
SX-580/590,Receiver,GWB-102,GWB-102,Front end (SX-590/HG)
SX-580/590,Receiver,GWB-102,GWB-102,Front end (SX-590/HGW4)
SX-580/590,Receiver,GWM-113,GWM-113,Tuner and AF assembly (SX-580/KU)
SX-580/590,Receiver,GWM-116,GWM-116,Tuner and AF assembly (SX-590/HG)
SX-580/590,Receiver,GWM-116,GWM-116,Tuner and AF assembly (SX-590/HGW4)
SX-580/590,Receiver,GWX -184,GWX -184,Fuse assembly (SX-590/HG)
SX-580/590,Receiver,GWX -184,GWX -184,Terminal assembly (SX-590/HG)
SX-580/590,Receiver,GWX-117,GWX-117,LED assembly (SX-590/HG)
SX-580/590,Receiver,GWX-177,GWX-177,LED assembly (SX-580/KU)
SX-580/590,Receiver,GWX-177,GWX-177,LED assembly (SX-590/HGW4)
SX-580/590,Receiver,GWX-178,GWX-178,Fuse assembly (SX-580/KU)
SX-580/590,Receiver,GWX-179,GWX-179,Headphone assembly (SX-580/KU)
SX-580/590,Receiver,GWX-179,GWX-179,Headphone assembly (SX-590/HG)
SX-580/590,Receiver,GWX-179,GWX-179,Headphone assembly (SX-590/HGW4)
SX-580/590,Receiver,GWX-180,GWX-180,De- emphasis assembly (SX-580/KU)
SX-580/590,Receiver,GWX-181,GWX-181,Terminal assembly (SX-580/KU)
SX-580/590,Receiver,GWX-184,GWX-184,Terminal assembly (SX-590/HGW4)
SX-580/590,Receiver,GWX-185,GWX-185,Fuse assembly (SX-590/HGW4)
SX-580/590,Receiver,K91-008,K91-008,Fuse holder 1P (SX-590/HG)
SX-580/590,Receiver,K91-008,K91-008,Fuse holder 1P (SX-590/HGW4)
SX-580/590,Receiver,STK-0029,STK-0029,Hybrid IC
SX-580/590,Receiver,STK-0029,STK-0029,IC
SX-580/590,Receiver,STK-0029,STK-0029,IC
SX-6,Receiver,2SA1104/A/-Y (2SA1104/A/-O) (2SA1104/A/-P),2SA1104/A/-Y (2SA1104/A/-O) (2SA1104/A/-P),Power transistor  (hfe of 2SA1104/A/ and 2SC2579/A/ should have the same value.)
SX-6,Receiver,2SC2579/A/-Y (2SC2579/A/-O) (2SC2579/A/-P),2SC2579/A/-Y (2SC2579/A/-O) (2SC2579/A/-P),Power transistor  (hfe of 2SA1104/A/ and 2SC2579/A/ should have the same value.)
SX-6,Receiver,AAB-274,AAB-274,"Knob (BASS, TREBLE, BALANCE)"
SX-6,Receiver,AAD-401,AAD-401,Knob (TUNING)
SX-6,Receiver,AAD-402,AAD-402,Knob (FM)
SX-6,Receiver,AAD-403,AAD-403,Knob (AM)
SX-6,Receiver,AAD-404,AAD-404,Knob (MEMORY/STOP)
SX-6,Receiver,AAD-405,AAD-405,"Knob (SPEAKERS, AUTO/MANUAL, SCAN/SEARCH, TAPE, MUTING, SUBSONIC, LOUDNESS)"
SX-6,Receiver,AAD-406,AAD-406,Knob (POWER)
SX-6,Receiver,AAD-407,AAD-407,"Knob array (VOLUME, PRESET, MUTING, INPUT)"
SX-6,Receiver,AAN-028,AAN-028,Station card
SX-6,Receiver,AAV-305,AAV-305,Level meter assembly
SX-6,Receiver,ABA-176,ABA-176,Screw
SX-6,Receiver,ABA-193,ABA-193,Screw
SX-6,Receiver,ABA-234,ABA-234,Screw (3X12)
SX-6,Receiver,ABA-258,ABA-258,Screw (for heat sink of D25)
SX-6,Receiver,ABH-088,ABH-088,Coiled spring
SX-6,Receiver,ABN-028,ABN-028,Nut
SX-6,Receiver,ABN-048,ABN-048,Nut (M9)
SX-6,Receiver,ACG-001,ACG-001,Ceramic capacitor
SX-6,Receiver,ACG-017,ACG-017,Ceramic capacitor
SX-6,Receiver,ACN-029,ACN-029,Carbon composition resistor
SX-6,Receiver,ACT-028,ACT-028,Variable (BALANCE)
SX-6,Receiver,ACT-138,ACT-138,Variable (BASS)
SX-6,Receiver,ACT-139,ACT-139,Variable (TREBLE)
SX-6,Receiver,ADG-052,ADG-052,AC power cord
SX-6,Receiver,ADH-004,ADH-004,FM T-type antenna
SX-6,Receiver,AEC-178,AEC-178,Foot assembly
SX-6,Receiver,AEC-327,AEC-327,Strain relief
SX-6,Receiver,AEC-818,AEC-818,Insulator
SX-6,Receiver,AEK-103,AEK-103,Fuse (2A)
SX-6,Receiver,AEK-108,AEK-108,Fuse (5A)
SX-6,Receiver,AHA-300,AHA-300,Side pad L
SX-6,Receiver,AHA-301,AHA-301,Side pad R
SX-6,Receiver,AHD-952,AHD-952,Packing case
SX-6,Receiver,AKA-017,AKA-017,Terminal (ANTENNA)
SX-6,Receiver,AKB-076,AKB-076,Terminal (AM STEREO OUT)
SX-6,Receiver,AKB-078,AKB-078,"Terminal (INPUT, TAPE1, TAPE2/ADAPTOR)"
SX-6,Receiver,AKE-103,AKE-103,"Terminal (SPEAKERS A,B)"
SX-6,Receiver,AKN-030,AKN-030,Phones jack (PHONES)
SX-6,Receiver,AKP-039,AKP-039,AC socket (AC OUTLETS)
SX-6,Receiver,ANE-360,ANE-360,Top cover
SX-6,Receiver,ANM-064,ANM-064,Front panel assembly
SX-6,Receiver,ANR-408,ANR-408,Display cover
SX-6,Receiver,ANR-432,ANR-432,Case cover
SX-6,Receiver,ANR-450,ANR-450,Slider assembly
SX-6,Receiver,ARB-437,ARB-437,Operating instructions(English)
SX-6,Receiver,ASG-177,ASG-177,"Tact switch (VOLUME, MUTING, PRESET, TUNING, MEMORY/STOP, STATION CALL 1 - 8, FUNCTION)"
SX-6,Receiver,ASG-297,ASG-297,"Push switch (TAPE, MONO/MUTE OFF, SUBSONIC, LOUDNESS)"
SX-6,Receiver,ASG-298,ASG-298,Push switch (TUNING)
SX-6,Receiver,ASG-299,ASG-299,Push switch (SPEAKERS)
SX-6,Receiver,ASG-521,ASG-521,Push switch (POWER)
SX-6,Receiver,ASH-015,ASH-015,Slide switch (AM CHANNEL STEP)
SX-6,Receiver,ASR-033,ASR-033,Relay
SX-6,Receiver,ASS-016,ASS-016,Crystal resonator (4.5MHz)
SX-6,Receiver,ATB-631,ATB-631,Bar antenna assembly
SX-6,Receiver,ATT-841,ATT-841,Power transformer
SX-6,Receiver,AWX-220,AWX-220,Control assembly
SX-6,Receiver,AXC-013,AXC-013,Battery case assembly
SX-6,Receiver,BBT30P080FZK,BBT30P080FZK,Screw (3X8)
SX-6,Receiver,BBZ30P060FZK,BBZ30P060FZK,Screw (3X6)
SX-6,Receiver,BMZ40P080FZB,BMZ40P080FZB,Screw (4X8)
SX-6,Receiver,GWE-168,GWE-168,Tuner assembly
SX-6,Receiver,GWG-160,GWG-160,Tone control assembly
SX-6,Receiver,GWK-185,GWK-185,AF assembly
SX-6,Receiver,MTZ30P100FZK,MTZ30P100FZK,Screw (3X 10)
SX-6,Receiver,PMZ30P060FZB,PMZ30P060FZB,Screw (3X6)
SX-6,Receiver,R42-085-0,R42-085,Service manual  PL-A25
SX-6,Receiver,VBZ30P060FMC,VBZ30P060FMC,Screw (3X6)
SX-6,Receiver,VBZ30P060FMC,VBZ30P060FMC,Screw (3X6)
SX-6,Receiver,VMZ30P060FMC,VMZ30P060FMC,Screw (3X6)
SX-6,Receiver,VTZ40P100FMC,VTZ40P100FMC,Screw (4X 10)
SX-6,Receiver,WA35F100N080,WA35F100N080,Washer
SX-6,Receiver,YE40FUC,YE40FUC,E type washer ø4
SX-60,Receiver,AAB-340,AAB-340,Knob (VOLUME)
SX-60,Receiver,AAB-341,AAB-341,Knob (BALANCE)
SX-60,Receiver,AAD-679,AAD-679,"Knob A (SPEAKERS A/B,SIM STEREO,SUBSONIC,MM/MC,MONO,LOUDNESS)"
SX-60,Receiver,AAD-680,AAD-680,"Knob A (TUNING MODE,MEMORY)"
SX-60,Receiver,AAD-681,AAD-681,Knob (STATION CALL)
SX-60,Receiver,AAD-682,AAD-682,Knob (UP)
SX-60,Receiver,AAD-683,AAD-683,Knob (DOWN)
SX-60,Receiver,AAD-684,AAD-684,Knob (POWER)
SX-60,Receiver,AAD-685,AAD-685,Knob A (TREBLE)
SX-60,Receiver,AAD-686,AAD-686,Knob B (BASS)
SX-60,Receiver,AAD-704,AAD-704,Knob C (TAPE 1)
SX-60,Receiver,AAD-705,AAD-705,Knob D (TAPE 2/ADPT)
SX-60,Receiver,AAV-021,AAV-021,FL Tube
SX-60,Receiver,ACT-209,ACT-209,"Variable 250k, 50k X 2 (VOLUME, BALANCE)"
SX-60,Receiver,ACX-122,ACX-122,"Slide variable 10k X 2 (BASS, TREBLE)"
SX-60,Receiver,ADG-073,ADG-073,AC power cord
SX-60,Receiver,ADH-005,ADH-005,FM antenna
SX-60,Receiver,AEK-309,AEK-309,Fuse (6.3A)
SX-60,Receiver,AEL-169,AEL-169,Lamp (8V-100mA)
SX-60,Receiver,AEL-171,AEL-171,Lamp (8V-100mA)
SX-60,Receiver,AHA-346,AHA-346,Front pad
SX-60,Receiver,AHA-347,AHA-347,Rear pad
SX-60,Receiver,AHE-191,AHE-191,Packing case
SX-60,Receiver,AKA-017,AKA-017,Terminal (ANTENNA)
SX-60,Receiver,AKB-076,AKB-076,Terminal (AM STEREO)
SX-60,Receiver,AKB-094,AKB-094,"Terminal (INPUT, TAPE 1, TAPE 2/ADAPTOR)"
SX-60,Receiver,AKB-094,AKB-094,"Terminal (PRE AMP, POWER AMP)"
SX-60,Receiver,AKB-098,AKB-098,Terminal (VIDEO L/MONO)
SX-60,Receiver,AKB-102,AKB-102,Terminal (VIDEO R)
SX-60,Receiver,AKE-103,AKE-103,Terminal (SPEAKERS)
SX-60,Receiver,AKN-045,AKN-045,Phone jack (PHONES)
SX-60,Receiver,AKP-039,AKP-039,AC socket
SX-60,Receiver,ANE-438,ANE-438,Bonnet
SX-60,Receiver,ANM-377,ANM-377,Front panel assembly
SX-60,Receiver,ANM-385,ANM-385,Function plate
SX-60,Receiver,ARB-569,ARB-569,Operating instructions  SX-60 (English)
SX-60,Receiver,ARP-293-0,ARP-293,Service manual  SX-60
SX-60,Receiver,ASG-541,ASG-541,Push switch (POWER)
SX-60,Receiver,ASG-704,ASG-704,"Tact switch (STATION CALL,TAPE1,TAPE2/ADAPTOR,VIDEO, CD/AUX, AM, FM, PHONO,UP,DOWN)"
SX-60,Receiver,ASG-816,ASG-816,"Push switch (TUNING MODE, MEMORY)"
SX-60,Receiver,ASH-015,ASH-015,Slide switch (CHANNEL STEP)
SX-60,Receiver,ASR-107,ASR-107,Relay
SX-60,Receiver,ASX-143,ASX-143,Push switch (MC/MM)
SX-60,Receiver,ATB-086,ATB-086,Loop antenna
SX-60,Receiver,ATS-016,ATS-016,Power transformer (120V)
SX-60,Receiver,AXC-019,AXC-019,Battery case
SX-60,Receiver,GWE-212,GWE-212,Tuner assembly ?
SX-60,Receiver,GWK-235,GWK-235,Power amp assembly
SX-60,Receiver,GWR-212,GWR-212,Tuner assembly ?
SX-60,Receiver,GWX-905,GWX-905,Control assembly
SX-60,Receiver,SEA6V4B4S,SEA6V4B4S,"Push switch (MONO, LOUDNESS)"
SX-60,Receiver,SEAV1S,SEAV1S,Push switch (SIMULATED STEREO)
SX-60,Receiver,SEAV3S,SEAV3S,Push switch (SUBSONIC)
SX-60,Receiver,SUL8LZYSF,SUL8LZYSF,"Push switch (SPEAKERS A, B)"
SX-600,Receiver,AAA-069,AAA-069,Knob (TUNING)
SX-600,Receiver,AAA-069,AAA-069,Knob (VOLUME)
SX-600,Receiver,AAB-244,AAB-244,"Knob (BASS,TREBLE,BALANCE,VOLUME,FUNCTION)"
SX-600,Receiver,AAD-179,AAD-179,"Push knob (FM MUTING,LOUDNESS,TAPE MON)"
SX-600,Receiver,AAD-200,AAD-200,Lever knob (POWER)
SX-600,Receiver,AAD-298,AAD-298,Push knob (PRESET)
SX-600,Receiver,AAD-299,AAD-299,"Push knob (MEMORY,MANUAL)"
SX-600,Receiver,AAW-127,AAW-127,Signal meter
SX-600,Receiver,ACT-022,ACT-022,"Variable resistor (1M, BALANCE)"
SX-600,Receiver,ACT-128,ACT-128,"Variable resistor (250k, VOLUME)"
SX-600,Receiver,ACT-129,ACT-129,"Variable resistor (100k, BASS, TREBLE)"
SX-600,Receiver,ACX-201,ACX-201,Tuning resistor
SX-600,Receiver,ADG-023,ADG-023,AC power cord - KU
SX-600,Receiver,ADG-043,ADG-043,AC power cord - YP
SX-600,Receiver,ADH-004,ADH-004,FM antenna
SX-600,Receiver,AEC-672,AEC-672,Foot assembly
SX-600,Receiver,AEK-103,AEK-103,Fuse (2A) - KU
SX-600,Receiver,AEK-106,AEK-106,Fuse (1 A) - YP
SX-600,Receiver,AEK-107,AEK-107,Fuse (0.5A)
SX-600,Receiver,AEK-108,AEK-108,Fuse (5A)
SX-600,Receiver,AEL-140,AEL-140,"Lamp with wire (8V, 100mA)"
SX-600,Receiver,AHA-254,AHA-254,Side panel
SX-600,Receiver,AHD-810,AHD-810,Packing case
SX-600,Receiver,AKA-002,AKA-002,Terminal (ANTENNA)
SX-600,Receiver,AKB-062,AKB-062,Terminal (PHONO)
SX-600,Receiver,AKB-064,AKB-064,"Terminal (AUX, TAPE)"
SX-600,Receiver,AKB-076,AKB-076,Terminal (AM STEREO OUT) - KU
SX-600,Receiver,AKE-048,AKE-048,Terminal (SPEAKERS)
SX-600,Receiver,AKN-029,AKN-029,Phone jack (PHONES)
SX-600,Receiver,AKP-040,AKP-040,AC socket (AC OUTLETS) - KU
SX-600,Receiver,ANB-918,ANB-918,Front panel assembly
SX-600,Receiver,ANE-269,ANE-269,Bonnet case
SX-600,Receiver,ARB-378,ARB-378,Operating instructions  SX-600 - YP
SX-600,Receiver,ARB-389,ARB-389,Operating instructions  SX-600 - KU
SX-600,Receiver,ART-546-0,ART-546,Service manual  SX-600  - YP
SX-600,Receiver,ART-584-0,ART-584,Service manual addnl - KU
SX-600,Receiver,ASE-010,ASE-010,Slide rotary switch (FUNCTION)
SX-600,Receiver,ASG-161,ASG-161,"Tact switch (MANUAL,MEMORY)"
SX-600,Receiver,ASG-161,ASG-161,Tact switch (PRESET)
SX-600,Receiver,ASG-221 (ASG-246),ASG-221 (ASG-246),Push switch (TAPE MONITOR)
SX-600,Receiver,ASG-242 (ASG-244),ASG-242 (ASG-244),"Push switch (FM MUTING, LOUDNESS)"
SX-600,Receiver,ASK-522,ASK-522,Lever switch (POWER) - YP
SX-600,Receiver,ASK-523,ASK-523,Lever switch (POWER) - KU
SX-600,Receiver,ATB-626,ATB-626,Bar antenna
SX-600,Receiver,ATT-714,ATT-714,Power transformer - YP
SX-600,Receiver,ATT-730,ATT-730,Power transformer - KU
SX-600,Receiver,AWX-200,AWX-200,AM IF assembly - KU
SX-600,Receiver,AXA-274,AXA-274,Tuning shaft assembly
SX-600,Receiver,GWF-134,GWF-134,EQ amp assembly
SX-600,Receiver,GWM-166,GWM-166,Tuner/AF amp assembly - YP
SX-600,Receiver,GWM-178,GWM-178,Tuner/AF AMP assembly - KU
SX-600,Receiver,GWX-507,GWX-507,Switch assembly
SX-600,Receiver,GWX-508,GWX-508,Indicator assembly
SX-600,Receiver,GWX-509,GWX-509,Fuse assembly
SX-6000,Receiver,A19-077-0,A19-077,Knob for Push button switch
SX-6000,Receiver,AAA-001-B,AAA-001,Knob for Tuning
SX-6000,Receiver,AAB-001-0,AAB-001,"Knob for Power, Speakers, Bass,Treble, Mode and Balance"
SX-6000,Receiver,AAB-003-A,AAB-003,Knob for Selector and Volume
SX-6000,Receiver,AAF-002-B,AAF-002,Dial Pointer
SX-6000,Receiver,AAG-005-0,AAG-005,Dial Glass
SX-6000,Receiver,AAW-001-A,AAW-001,Signal Meter
SX-6000,Receiver,AAW-002-A,AAW-002,Tuning Meter
SX-6000,Receiver,ACH-005-0,ACH-005,Electrolytic 3300 80V
SX-6000,Receiver,AEB-002-0,AEB-002,Rubber Cushion
SX-6000,Receiver,AHA-004-A,AHA-004,Protector styrene
SX-6000,Receiver,AHD-021-0,AHD-021,Packing Case
SX-6000,Receiver,AKB-002-0,AKB-002,16P Input Terminal Board
SX-6000,Receiver,AKR-001-0,AKR-001,Line Voltage Selector
SX-6000,Receiver,AMM-003-E,AMM-003,Wooden Case
SX-6000,Receiver,ANB-054-B,ANB-054,Front Panel Ass'y
SX-6000,Receiver,ARB-007-0,ARB-007,Operating Instructions SX-6000
SX-6000,Receiver,ASB-004- B,ASB-004- B,Selector Switch
SX-6000,Receiver,ASC-010-A,ASC-010,Speakers Switch
SX-6000,Receiver,ASG-006-0,ASG-006,Mini switch (AF MUTING)
SX-6000,Receiver,ASG-006-0,ASG-006,Mini switch (FM MUTING)
SX-6000,Receiver,ASG-006-0,ASG-006,Mini switch (HIGH CUT)
SX-6000,Receiver,ASG-006-0,ASG-006,Mini switch (LOUDNESS)
SX-6000,Receiver,ASG-006-0,ASG-006,Mini switch (LOW CUT)
SX-6000,Receiver,ASG-006-0,ASG-006,Mini switch (TAPE MONITOR 1)
SX-6000,Receiver,ASG-006-0,ASG-006,Mini switch (TAPE MONITOR 2)
SX-6000,Receiver,AWG-006-0,AWG-006,Control Unit
SX-6000,Receiver,AWS-007-A,AWS-007,Switch Unit
SX-6000,Receiver,AXA-007-A,AXA-007,Dial Shaft Ass'y
SX-6000,Receiver,AXB-001-0,AXB-001,AM Antenna Holder Ass'y
SX-6000,Receiver,B11-012-A,B11-012,Screw for Grounding
SX-6000,Receiver,C43-003-0,C43-003,Ceramic 0.01 DC 1.4kV
SX-6000,Receiver,C43-003-0,C43-003,Ceramic 0.01 DC 1.4kV
SX-6000,Receiver,C43-003-0,C43-003,Ceramic 0.01 DC 1.4kV
SX-6000,Receiver,C52-084-B,C52-084,Electrolytic 1000 50V
SX-6000,Receiver,C52-084-B,C52-084,Electrolytic 1000 50V
SX-6000,Receiver,C64-030-0,C64-030,AM Tuning Capacitor
SX-6000,Receiver,C82-040-A,C82-040,"100k dual, Bass Control"
SX-6000,Receiver,C82-040-A,C82-040,"100k dual, Treble Control"
SX-6000,Receiver,C85-048-B,C85-048,"500k HB, dual, BALANCE"
SX-6000,Receiver,C85-054-0,C85-054,"500k B, dual, VOLUME"
SX-6000,Receiver,CCDSL 030D 50,CCDSL 030D 50,Ceramic 3P 50V
SX-6000,Receiver,CCDSL 150K 50,CCDSL 150K 50,Ceramic 15p 50V
SX-6000,Receiver,CEB 4R7P 16,CEB 4R7P 16,Electrolytic 4.7 16V
SX-6000,Receiver,CKDYF 1032 50,CKDYF 1032 50,Ceramic 0.01 50V
SX-6000,Receiver,CKDYF 1032 50,CKDYF 1032 50,Ceramic 0.01 50V
SX-6000,Receiver,CKDYF 1032 50,CKDYF 1032 50,Ceramic 0.01 50V
SX-6000,Receiver,CKDYF 1032 50,CKDYF 1032 50,Ceramic 0.01 50V
SX-6000,Receiver,CQMA 102K 50,CQMA 102K 50,Mylar 0.001 50V
SX-6000,Receiver,CQMA 102K 50,CQMA 102K 50,Mylar 0.001 50V
SX-6000,Receiver,CQMA 473K 400,CQMA 473K 400,Mylar 0.047 400V
SX-6000,Receiver,D11 -002 B,D11 -002 B,AC Power Cord
SX-6000,Receiver,D52-013-0,D52-013,FM Indoor Antenna
SX-6000,Receiver,E21 -022-0,E21 -022,Fuse 3A
SX-6000,Receiver,E21-006-0,E21-006,Fuse 3A
SX-6000,Receiver,E21-012-0,E21-012,Fuse 1.5A
SX-6000,Receiver,E22-002-0,E22-002,Pilot Lamp for Tuning and Signal Meters
SX-6000,Receiver,E22-015-C,E22-015,Pilot Lamp for FM Stereo Indicator
SX-6000,Receiver,E22-017-0,E22-017,Pilot Lamp for Dial Glass
SX-6000,Receiver,E22-025-0,E22-025,Pilot Lamp for Program Indicator
SX-6000,Receiver,K11-043-A,K11-043,Antenna Input Terminal Board
SX-6000,Receiver,K13-047-0,K13-047,4P Ground Terminal
SX-6000,Receiver,K21 -005-C,K21 -005,1P Input Terminal Board
SX-6000,Receiver,K22-010-E,K22-010,4P Input Terminal Board
SX-6000,Receiver,K41-002-B,K41-002,Pilot Lamp (for meters) Socket
SX-6000,Receiver,K71-028-0,K71-028,Short Pin Plug
SX-6000,Receiver,K72-007-B,K72-007,Speaker Plug
SX-6000,Receiver,K72-015-A,K72-015,Pin plug
SX-6000,Receiver,K72-024-0,K72-024,Microphone Jack
SX-6000,Receiver,K72-026-0,K72-026,Headphones Jack
SX-6000,Receiver,K72-028-0,K72-028,Speaker Socket
SX-6000,Receiver,K82-014-0,K82-014,Spare AC Outlet
SX-6000,Receiver,K91-005-A,K91-005,Pilot Lamp (for dial glass) Socket
SX-6000,Receiver,K93-003-B,K93-003,Tape Rec/P.B. Connector (DIN)
SX-6000,Receiver,M52-010-0,M52-010,Washer (Square)
SX-6000,Receiver,R42-185-0,R42-185,Service Manual SX-6000
SX-6000,Receiver,S11 -016-A,S11 -016,Power Switch
SX-6000,Receiver,S14-035-0,S14-035,Mode Switch
SX-6000,Receiver,S41-022-A,S41-022,Pre & Main Switch
SX-6000,Receiver,T24-026-0,T24-026,Choke Coil
SX-6000,Receiver,T24-030-0,T24-030,Choke Coil 100uH
SX-6000,Receiver,T42-024-A,T42-024,AM Ferrite Loopstick Antenna
SX-6000,Receiver,T52-176-A,T52-176,Power Transformer
SX-6000,Receiver,W11-028-E,W11-028,FM Front end
SX-6000,Receiver,W12-032-A,W12-032,FM IF Unit
SX-6000,Receiver,W13-026-C,W13-026,MPX Unit
SX-6000,Receiver,W14-015-A,W14-015,AM Tuner Unit
SX-6000,Receiver,W15-079-0,W15-079,Control Amp Unit
SX-6000,Receiver,W16-026-C,W16-026,Power Supply Unit
SX-6000,Receiver,W18-026-B,W18-026,Muting Unit
SX-6000,Receiver,W21-004-0,W21-004,Head Amp Unit
SX-6000,Receiver,W23-002-0,W23-002,Main Amp Unit
SX-6000,Receiver,W52-004-0,W52-004,Conpound Part for REC Terminal
SX-600L,Receiver,AAA-069,AAA-069,Knob (TUNING)
SX-600L,Receiver,AAB-244,AAB-244,"Knob (BASS,TREBLE,BALANCE,VOLUME,FUNCTION)"
SX-600L,Receiver,AAD-179,AAD-179,"Push knob (FM MUTING,LOUDNESS,TAPE MON)"
SX-600L,Receiver,AAD-200,AAD-200,Lever knob (POWER)
SX-600L,Receiver,AAD-298,AAD-298,Push knob (PRESET)
SX-600L,Receiver,AAD-299,AAD-299,"Push knob (MEMORY,MANUAL)"
SX-600L,Receiver,AAW-126,AAW-126,Signal meter
SX-600L,Receiver,ACH-218,ACH-218,Electrolytic (3300/35V)
SX-600L,Receiver,ACT-022,ACT-022,"Variable resistor (1M, BALANCE)"
SX-600L,Receiver,ACT-128,ACT-128,"Variable resistor (250k, VOLUME)"
SX-600L,Receiver,ACT-129,ACT-129,"Variable resistor (100k, BASS, TREBLE)"
SX-600L,Receiver,ACX-201,ACX-201,Tuning resistor
SX-600L,Receiver,ADG-041,ADG-041,AC power cord - HE
SX-600L,Receiver,ADG-051,ADG-051,AC power cord - HB
SX-600L,Receiver,ADH-004,ADH-004,T-type FM antenna
SX-600L,Receiver,AEC-672,AEC-672,Foot assembly
SX-600L,Receiver,AEK-017,AEK-017,Fuse (2A)
SX-600L,Receiver,AEK-037,AEK-037,Fuse (250mA)
SX-600L,Receiver,AEK-403,AEK-403,Fuse (2.5A) - HE
SX-600L,Receiver,AEK-406,AEK-406,Fuse (630mA)
SX-600L,Receiver,AEL-140,AEL-140,"Lamp with wire (8V, 100mA)"
SX-600L,Receiver,AHA-254,AHA-254,Side pad
SX-600L,Receiver,AHB-367,AHB-367,Operating instructions (English)
SX-600L,Receiver,AHD-778,AHD-778,Packing case
SX-600L,Receiver,AKA-007,AKA-007,Terminal (ANTENNA)
SX-600L,Receiver,AKB-062,AKB-062,Terminal (PHONO)
SX-600L,Receiver,AKB-064,AKB-064,"Terminal (AUX, TAPE)"
SX-600L,Receiver,AKE-048,AKE-048,Terminal (SPEAKERS)
SX-600L,Receiver,AKN-029,AKN-029,Phone jack (PHONES)
SX-600L,Receiver,AKP-026,AKP-026,AC socket (AC OUTLETS) - HE
SX-600L,Receiver,ANB-897,ANB-897,Front panel assembly
SX-600L,Receiver,ANE-269,ANE-269,Bonnet case
SX-600L,Receiver,ARD-149,ARD-149,Operating instructions (German/French) - HE
SX-600L,Receiver,ASE-008,ASE-008,Slide rotary switch (FUNCTION)
SX-600L,Receiver,ASG-161,ASG-161,"Tact switch (MANUAL,MEMORY)"
SX-600L,Receiver,ASG-161,ASG-161,Tact switch (PRESET)
SX-600L,Receiver,ASG-221,ASG-221,Push switch (TAPE MONITOR)
SX-600L,Receiver,ASG-242,ASG-242,"Push switch (FM MUTING, LOUDNESS)"
SX-600L,Receiver,ASK-522,ASK-522,Lever switch (POWER)
SX-600L,Receiver,ASX-103,ASX-103,Remote slide switch (FUNCTION-AM BAND)
SX-600L,Receiver,ATT-707,ATT-707,Power transformer
SX-600L,Receiver,ATX-019,ATX-019,Bar antenna
SX-600L,Receiver,AXA-274,AXA-274,Tuning shaft assembly
SX-600L,Receiver,GWF-133,GWF-133,EQ amp assembly
SX-600L,Receiver,GWM-164,GWM-164,Tuner/AF amp assembly
SX-600L,Receiver,GWX-497,GWX-497,Switch assembly
SX-600L,Receiver,GWX-498,GWX-498,Indicator assembly
SX-600L,Receiver,GWX-499,GWX-499,Fuse assembly
SX-626 (1971),Receiver,A91-017-B,A91-017,Signal meter
SX-626 (1971),Receiver,AAA-004-B,AAA-004,Knob for tuning
SX-626 (1971),Receiver,AAB-007-B,AAB-007,"Knob for speakers, bass, treble, balance, volume and selector"
SX-626 (1971),Receiver,AAD-023-0,AAD-023,"Knob for filter, FM muting, loudness, tape monitor and mode switch"
SX-626 (1971),Receiver,AAF-007-C,AAF-007,Dial pointer ass'y
SX-626 (1971),Receiver,AAG-023-B,AAG-023,Dial scale
SX-626 (1971),Receiver,ACE-001-A,ACE-001,Oil paper 0.01 800V
SX-626 (1971),Receiver,ACH-011-A,ACH-011,Electrolytic 3300 63V
SX-626 (1971),Receiver,ACV-103-0,ACV-103,500k-B1 dual (Volume)
SX-626 (1971),Receiver,ACV-104-0,ACV-104,500k-HB dual (Balance)
SX-626 (1971),Receiver,AEC-012-0,AEC-012,Foot
SX-626 (1971),Receiver,AEK-008-0,AEK-008,Fuse 3A for protection
SX-626 (1971),Receiver,AEL-007-0,AEL-007,Pilot lamp for program indicator
SX-626 (1971),Receiver,AHA-007-0,AHA-007,Styrotector
SX-626 (1971),Receiver,AHD-057-0,AHD-057,Packing case
SX-626 (1971),Receiver,AKB-001-0,AKB-001,18P input terminal board
SX-626 (1971),Receiver,AMM-006-A,AMM-006,Wooden case
SX-626 (1971),Receiver,ANB-108-D,ANB-108,Front panel ass‘y
SX-626 (1971),Receiver,ARB-044-0,ARB-044,Operating instructions SX-626 (1971)
SX-626 (1971),Receiver,ASA-026-0,ASA-026,Output selector
SX-626 (1971),Receiver,ASB-007-A,ASB-007,Selector switch
SX-626 (1971),Receiver,ATT-040-A,ATT-040,"Power transformer (KUW,KCW)"
SX-626 (1971),Receiver,ATT-041-B,ATT-041,"Power transformer (FVZW,FW)"
SX-626 (1971),Receiver,ATT-061-0,ATT-061,Power transformer (NBW)
SX-626 (1971),Receiver,AWB-008-0,AWB-008,"FM front end (KUW,FVZW,NBW,FW)"
SX-626 (1971),Receiver,AWB-009-0,AWB-009,FM front end (KUC)
SX-626 (1971),Receiver,AWE-011-A,AWE-011,FM /AM Unit
SX-626 (1971),Receiver,AWG-008-0,AWG-008,Control amp unit
SX-626 (1971),Receiver,AWH -013-0,AWH -013,Main amp unit (NBW)
SX-626 (1971),Receiver,AWH-002-C,AWH-002,"Main amp unit (KUW,KCW,FVZW,FW)"
SX-626 (1971),Receiver,AWR-006-A,AWR-006,"Power supply unit (KUW,KCW,FVZW,FW)"
SX-626 (1971),Receiver,AWR-012-A,AWR-012,Power supply unit (NBW)
SX-626 (1971),Receiver,AWS-013-0,AWS-013,Switch unit
SX-626 (1971),Receiver,AWS-014-0,AWS-014,Switch unit
SX-626 (1971),Receiver,AWX-007-0,AWX-007,R unit - resistor network
SX-626 (1971),Receiver,AWX-010-A,AWX-010,Lamp unit
SX-626 (1971),Receiver,AXB-001-0,AXB-001,Ferrite loopstick antenna holder ass'y
SX-626 (1971),Receiver,B11-012-A,B11-012,Screw for grounding
SX-626 (1971),Receiver,B11-016-B,B11-016,Screw to fix wooden case
SX-626 (1971),Receiver,C43-003-0,C43-003,Ceramic 0.01 DC 1.4kV
SX-626 (1971),Receiver,C43-003-0,C43-003,Ceramic 0.01 DC 1.4kV
SX-626 (1971),Receiver,C43-003-0,C43-003,Ceramic 0.01 DC 1.4kV
SX-626 (1971),Receiver,C82-050-0,C82-050,100k-B dual (Bass)
SX-626 (1971),Receiver,C82-050-0,C82-050,100k-B dual (Treble)
SX-626 (1971),Receiver,CEB 221P 10,CEB 221P 10,Electrolytic 220 10V
SX-626 (1971),Receiver,CKDYF 103Z 50,CKDYF 103Z 50,Ceramic 0.01 50V
SX-626 (1971),Receiver,CKDYF 103Z 50,CKDYF 103Z 50,Ceramic 0.01 50V
SX-626 (1971),Receiver,CKDYF 103Z 50,CKDYF 103Z 50,Ceramic 0.01 50V
SX-626 (1971),Receiver,CQMA 822K 50,CQMA 822K 50,Mylar 0.0082 50V
SX-626 (1971),Receiver,CQMA 822K 50,CQMA 822K 50,Mylar 0.0082 50V
SX-626 (1971),Receiver,D11-003-E,D11-003,AC power cord
SX-626 (1971),Receiver,D52-013-0,D52-013,FM T-type antenna
SX-626 (1971),Receiver,E21-027-0,E21-027,Fuse 2A
SX-626 (1971),Receiver,E21-035-A,E21-035,Fuse 2A for protection
SX-626 (1971),Receiver,E22-017-0,E22-017,Pilot lamp for dial scale and signal meter
SX-626 (1971),Receiver,K11-043-C,K11-043,Antenna terminal board
SX-626 (1971),Receiver,K13-047-0,K13-047,4P ground terminal
SX-626 (1971),Receiver,K72-007-B,K72-007,Speaker plug
SX-626 (1971),Receiver,K72-024-0,K72-024,Microphone jack
SX-626 (1971),Receiver,K72-026-0,K72-026,Headphones jack
SX-626 (1971),Receiver,K72-028-0,K72-028,Speaker socket
SX-626 (1971),Receiver,K82-012-A,K82-012,Spare AC outlet
SX-626 (1971),Receiver,K91-005-A,K91-005,Pilot lamp (for signal meter) socket
SX-626 (1971),Receiver,K93-003-B,K93-003,5P connector (DlN)
SX-626 (1971),Receiver,K96-007-C,K96-007,Fuse holder
SX-626 (1971),Receiver,M42-071-F,M42-071,Dial shaft ass'v
SX-626 (1971),Receiver,M42-080-A,M42-080,Dial pulley
SX-626 (1971),Receiver,R42-219-0,R42-219,Service Manual SX-626 (1971)
SX-626 (1971),Receiver,RD¼PS  154J,RD¼PS  154J,Carbon film  150k
SX-626 (1971),Receiver,RD¼PS  154J,RD¼PS  154J,Carbon film  150k
SX-626 (1971),Receiver,RD¼PS  154J,RD¼PS  154J,Carbon film  150k
SX-626 (1971),Receiver,RD¼PS  154J,RD¼PS  154J,Carbon film  150k
SX-626 (1971),Receiver,RD½PS  220J,RD½PS  220J,Carbon film  22  ½W
SX-626 (1971),Receiver,RD½PW  225J,RD½PW  225J,Carbon film  2.2M  ½W
SX-626 (1971),Receiver,RT3B  151K,RT3B  151K,Wire wound  150  3W
SX-626 (1971),Receiver,RT3B  151K,RT3B  151K,Wire wound  150  3W
SX-626 (1971),Receiver,RT5B  100K,RT5B  100K,Wire wound  10  5W
SX-626 (1971),Receiver,RTSB  100K,RTSB  100K,Wire wound  10  5W
SX-626 (1971),Receiver,T22-025-A,T22-025,Balun transformer
SX-626 (1971),Receiver,T24-0300,T24-0300,Choke coil
SX-626 (1971),Receiver,T42-025-0,T42-025,Ferrite loopstick antenna
SX-626 (1971),Receiver,W21-004-B,W21-004,Head amp unit
SX-626 (1971),Receiver,W52-004-0,W52-004,Compound part for REC jack
SX-626 (1973),Receiver,AAA-004-B,AAA-004,Knob (Tuning)
SX-626 (1973),Receiver,AAB-007-C,AAB-007,Knob (Balance. Volume)
SX-626 (1973),Receiver,AAB-007-C,AAB-007,Knob (Selector)
SX-626 (1973),Receiver,AAB-007-C,AAB-007,"Knob (Speakers, Bass, Treble)"
SX-626 (1973),Receiver,AAD-023-0,AAD-023,Knob (push switch)
SX-626 (1973),Receiver,AAD-023-0,AAD-023,Knob (push switch)
SX-626 (1973),Receiver,AAF-007-C,AAF-007,Dial pointer assembly
SX-626 (1973),Receiver,AAG-057-0,AAG-057,Dial scale
SX-626 (1973),Receiver,AAL-047-A,AAL-047,"Model name plate    KUW, KCW"
SX-626 (1973),Receiver,AAL-048-A,AAL-048,"Model name plate    FW, FVZW"
SX-626 (1973),Receiver,AAW-005-0,AAW-005,Signal meter
SX-626 (1973),Receiver,ABA-010-A,ABA-010,Screw M4x15
SX-626 (1973),Receiver,ABL-069-0,ABL-069,Model name plate    NBW
SX-626 (1973),Receiver,ACH-011-A,ACH-011,"Electrolytic capacitor 3,300uF, 63V"
SX-626 (1973),Receiver,ACV-103-0,ACV-103,Variable resistor 500k-B1 (Volume)
SX-626 (1973),Receiver,ACV-104-0,ACV-104,Variable resistor 500k-H B (Balance)
SX-626 (1973),Receiver,ADG-004-0,ADG-004,AC power cord    FVZW
SX-626 (1973),Receiver,AEB-019-0,AEB-019,P.C. board holder    KUW
SX-626 (1973),Receiver,AEB-019-0,AEB-019,P.C. board holder    KUW
SX-626 (1973),Receiver,AEB-019-0,AEB-019,P.C. board holder    KUW
SX-626 (1973),Receiver,AEB-019-0,AEB-019,P.C. board holder    KUW
SX-626 (1973),Receiver,AEB-019-0,AEB-019,P.C. board holder    KUW
SX-626 (1973),Receiver,AEB-019-0,AEB-019,P.C. board holder    KUW
SX-626 (1973),Receiver,AEC-004-0,AEC-004,Wire clip
SX-626 (1973),Receiver,AEC-004-0,AEC-004,Wire clip
SX-626 (1973),Receiver,AEC-005-0,AEC-005,Wire clip (B)
SX-626 (1973),Receiver,AEC-005-0,AEC-005,Wire clip (B)
SX-626 (1973),Receiver,AEC-006-0,AEC-006,Pulley
SX-626 (1973),Receiver,AEC-006-0,AEC-006,Pulley
SX-626 (1973),Receiver,AEC-006-0,AEC-006,Pulley
SX-626 (1973),Receiver,AEC-014-A,AEC-014,Lamp box
SX-626 (1973),Receiver,AEC-079-0,AEC-079,AC cord grommet
SX-626 (1973),Receiver,AEL-006-0,AEL-006,"Pilot lamp 6V, 30mA (stereo indicator)"
SX-626 (1973),Receiver,AHD-057-B,AHD-057,Packing case (KUW)
SX-626 (1973),Receiver,AHD-058-A,AHD-058,Packing case (FVZW)
SX-626 (1973),Receiver,AHD-081-A,AHD-081,Packing case (FW)
SX-626 (1973),Receiver,AHD-082-A,AHD-082,Packing case (KCW)
SX-626 (1973),Receiver,AHD-086-A,AHD-086,Packing case (NBW)
SX-626 (1973),Receiver,AKB-007-0,AKB-007,Phone jack-A (S jacks)
SX-626 (1973),Receiver,AKC-015-0,AKC-015,Terminal strip (2P)    KUW
SX-626 (1973),Receiver,AKC-018-0,AKC-018,Terminal strip (1L2P)
SX-626 (1973),Receiver,AKP-002-0,AKP-002,"AC socket    KUW, KCW, FW"
SX-626 (1973),Receiver,AKR-001-0,AKR-001,"Fuse holder (AC power)    FVZW, FW"
SX-626 (1973),Receiver,AKR-006-0,AKR-006,Fuse holder (AC power)    KCW
SX-626 (1973),Receiver,AMM-006-C,AMM-006,Wooden case
SX-626 (1973),Receiver,ANA-012-J,ANA-012,Chassis
SX-626 (1973),Receiver,ANA-053-0,ANA-053,Sub-chassis-A
SX-626 (1973),Receiver,ANA-054-0,ANA-054,Sub-chassis-B
SX-626 (1973),Receiver,ANB-108-E,ANB-108,Front panel assembly
SX-626 (1973),Receiver,ANC-027-H,ANC-027,"Rear panel    FVZW, FW"
SX-626 (1973),Receiver,ANC-032-E,ANC-032,"Rear panel    KUW, KCW"
SX-626 (1973),Receiver,ANC-042-0,ANC-042,Rear panel    NBW
SX-626 (1973),Receiver,AND-016-H,AND-016,Sub-panel assembly
SX-626 (1973),Receiver,ANE-008-D,ANE-008,Bottom plate
SX-626 (1973),Receiver,ANF-017-0,ANF-017,Power amplifier-held metal
SX-626 (1973),Receiver,ANF-018-0,ANF-018,Control amplifier-held metal
SX-626 (1973),Receiver,ANF-019-A,ANF-019,Switch-held metal
SX-626 (1973),Receiver,ANF-020-B,ANF-020,Dial scale-held metal
SX-626 (1973),Receiver,ANG-091-0,ANG-091,Pulley-held metal
SX-626 (1973),Receiver,ANG-091-0,ANG-091,Pulley-held metal
SX-626 (1973),Receiver,ANG-091-0,ANG-091,Pulley-held metal
SX-626 (1973),Receiver,ANH-044-A,ANH-044,Shield plate (1)
SX-626 (1973),Receiver,ANH-045-A,ANH-045,Shield plate (2)
SX-626 (1973),Receiver,ANH-131-0,ANH-131,Cover (power ampliﬁer)
SX-626 (1973),Receiver,ANH-139-A,ANH-139,Shield plate
SX-626 (1973),Receiver,ANH-140-0,ANH-140,Lamp cover
SX-626 (1973),Receiver,ART-027-0,ART-027,Service Manual SX-626 (1973)
SX-626 (1973),Receiver,ASA-015-A,ASA-015,"Rotary switch (Speakers)    FW, FVZW, NBW"
SX-626 (1973),Receiver,ASA-026-A,ASA-026,"Rotary switch (Speakers)    KUW, KCW"
SX-626 (1973),Receiver,ASB-036-0,ASB-036,Rotary switch (FUNCTION SELECTOR)
SX-626 (1973),Receiver,ATB-015-A,ATB-015,Ferrite loopstick antenna
SX-626 (1973),Receiver,ATT-040-B,ATT-040,Power transformer    KUW
SX-626 (1973),Receiver,ATT-041-E,ATT-041,"Power transformer    FVZW, FW"
SX-626 (1973),Receiver,ATT-061-A,ATT-061,Power transformer    NBW
SX-626 (1973),Receiver,ATT-072-B,ATT-072,Power transformer    KCW
SX-626 (1973),Receiver,AWE-031-0,AWE-031,Tuner assembly
SX-626 (1973),Receiver,AWG-008-A,AWG-008,Control amplifier assembly
SX-626 (1973),Receiver,AWH-002-E,AWH-002,"Power amplifier assembly    KUW, KCW, FVZW, FW"
SX-626 (1973),Receiver,AWH-013-B,AWH-013,Power amplifier assembly    NBW
SX-626 (1973),Receiver,AWM-050-0,AWM-050,CR & meter drive assembly
SX-626 (1973),Receiver,AWR-029-A,AWR-029,Power supply circuit assembly
SX-626 (1973),Receiver,AWS-013-A,AWS-013,Switch circuit assembly
SX-626 (1973),Receiver,AWS-014-0,AWS-014,Switch circuit assembly
SX-626 (1973),Receiver,AWX-010-A,AWX-010,Lamp board assembly
SX-626 (1973),Receiver,AXA-015-A,AXA-015,Tuning pulley assembly
SX-626 (1973),Receiver,AXA-032-0,AXA-032,Tuning shaft assembly
SX-626 (1973),Receiver,AXB-001-0,AXB-001,Ferrite loopstick antenna holder assembly
SX-626 (1973),Receiver,B21-008-A,B21-008,"P.C. board holder    KCW, FW, FVZW, NBW"
SX-626 (1973),Receiver,B21-008-A,B21-008,"P.C. board holder    KCW, FW, FVZW, NBW"
SX-626 (1973),Receiver,B21-008-A,B21-008,"P.C. board holder    KCW, FW, FVZW, NBW"
SX-626 (1973),Receiver,B21-008-A,B21-008,"P.C. board holder    KCW, FW, FVZW, NBW"
SX-626 (1973),Receiver,B21-008-A,B21-008,"P.C. board holder    KCW, FW, FVZW, NNW"
SX-626 (1973),Receiver,B21-008-A,B21-008,"P.C. board holder    KCW, FW, FVZW. NBW"
SX-626 (1973),Receiver,B21-011-0,B21-011,Washer
SX-626 (1973),Receiver,C82-050-0,C82-050,Variable resistor 100k-B (Bass)
SX-626 (1973),Receiver,C82-050-0,C82-050,Variable resistor 100k-B (Treble)
SX-626 (1973),Receiver,D11-002-B,D11-002,AC power cord    FW
SX-626 (1973),Receiver,D11-003-E,D11-003,"AC power cord    KUW, KCW"
SX-626 (1973),Receiver,D54-019-0,D54-019,AC power cord    NBW
SX-626 (1973),Receiver,E22-017-0,E22-017,"Pilot lamp 8V, 0.3A (dial scale)"
SX-626 (1973),Receiver,E22-017-0,E22-017,"Pilot lamp 8V, 0.3A (meter)"
SX-626 (1973),Receiver,K11-043-0,K11-043,Antenna terminal board
SX-626 (1973),Receiver,K13-026-A,K13-026,"Terminal strip (1L4P)    KUW, KCW, FVZW"
SX-626 (1973),Receiver,K13-043-A,K13-043,"Terminal strip (2P)    KCW. FVZW, FW, NBW"
SX-626 (1973),Receiver,K13-048-0,K13-048,Ground terminal strip (2P)
SX-626 (1973),Receiver,K13-048-0,K13-048,Ground terminal strip (2P)
SX-626 (1973),Receiver,K13-048-0,K13-048,Ground terminal strip (2P)
SX-626 (1973),Receiver,K13-048-0,K13-048,Ground terminal strip (2P)
SX-626 (1973),Receiver,K72-024-0,K72-024,Phone jack (Microphone)
SX-626 (1973),Receiver,K72-026-0,K72-026,Phone jack (Headphones)
SX-626 (1973),Receiver,K72-028-0,K72-028,Speaker output terminal
SX-626 (1973),Receiver,K82-012-A,K82-012,AC socket    FVZW
SX-626 (1973),Receiver,K91-005-A,K91-005,Pilot lamp socket
SX-626 (1973),Receiver,K93-003-B,K93-003,Connector (DIN type 5p)
SX-626 (1973),Receiver,K96-007-C,K96-007,Fuse holder (AC power)    KUW
SX-626 (1973),Receiver,K96-007-C,K96-007,"Fuse holder (Protection)    KUW, KCW, FVZW, FW"
SX-626 (1973),Receiver,M45-105-C,M45-105,Wire holder
SX-626 (1973),Receiver,M49-025-E,M49-025,Pulley shaft
SX-626 (1973),Receiver,M49-025-E,M49-025,Pulley shaft
SX-626 (1973),Receiver,M49-025-E,M49-025,Pully shaft
SX-626 (1973),Receiver,M49-127-A,M49-127,"AC socket-held metal    KUW, KCW, FVZW, FW"
SX-626 (1973),Receiver,W21-004-B,W21-004,Equalizer amplifier assembly
SX-636,Receiver,AAA-024-0,AAA-024,Knob (tuning)
SX-636,Receiver,AAB-068-A,AAB-068,"Knob (bass. treble, balance, volume, function)"
SX-636,Receiver,AAD-054-B,AAD-054,"Knob (speakers, ﬁlter, mode, loudness, tape monitor)"
SX-636,Receiver,AAD-082-B,AAD-082,Knob (FM muting)
SX-636,Receiver,AAD-084-A,AAD-084,Knob (power)
SX-636,Receiver,AAE-007-0,AAE-007,Coupler (knob-to-switch)
SX-636,Receiver,AAE-008-0,AAE-008,Coupler (knob-to-switch)
SX-636,Receiver,AAF-020-0,AAF-020,Dial pointer
SX-636,Receiver,AAG-081-B,AAG-081,Dial scale
SX-636,Receiver,AAL-208-0,AAL-208,Model name plate (KCU)
SX-636,Receiver,AAL-209-A,AAL-209,Model name plate (GN)
SX-636,Receiver,AAL-210-0,AAL-210,Model name plate (FV)
SX-636,Receiver,AAW-033-0,AAW-033,Meter (signal & tuning)
SX-636,Receiver,ABA-010-A,ABA-010,Screw M4x15
SX-636,Receiver,ACG-001-0,ACG-001,Ceramic  0.01  250V (FV)
SX-636,Receiver,ACG-001-0,ACG-001,"Ceramic  0.01  250V (KCU,FV)"
SX-636,Receiver,ACG-003-0,ACG-003,Ceramic  0.01  250V (KCU)
SX-636,Receiver,ACH-041-0,ACH-041,Electrolytic  6800  35V
SX-636,Receiver,ACH-041-0,ACH-041,Electrolytic  6800  35V
SX-636,Receiver,ACH-041-0,ACH-041,"Electrolytic capacitor 6,800pF, 35V"
SX-636,Receiver,ACV-135-0,ACV-135,Variable resistor 250k-HB (BALANCE)
SX-636,Receiver,ACV-136-0,ACV-136,Variable resistor 100k-B (BASS)
SX-636,Receiver,ACV-136-0,ACV-136,Variable resistor 100k-B (TREBLE)
SX-636,Receiver,ACV-139-0,ACV-139,Variable resistor 250k-B1 (VOLUME)
SX-636,Receiver,ADG-004-0,ADG-004,AC power cord (FV)
SX-636,Receiver,ADG-005-A,ADG-005,AC power cord (KCU)
SX-636,Receiver,ADH-002-0,ADH-002,FM T-type antenna
SX-636,Receiver,AEB-019-0,AEB-019,P. C. board holder
SX-636,Receiver,AEB-060-0,AEB-060,Rubber bracket
SX-636,Receiver,AEC-004-0,AEC-004,Wire clip
SX-636,Receiver,AEC-005-0,AEC-005,Wire clip
SX-636,Receiver,AEC-007-0,AEC-007,Wire clip
SX-636,Receiver,AEC-058-0,AEC-058,Plastic cover
SX-636,Receiver,AEC-061-A,AEC-061,Foot assembly
SX-636,Receiver,AEC-079-0,AEC-079,AC cord grommet
SX-636,Receiver,AEC-079-0,AEC-079,"AC cord grommet (KCU,FV)"
SX-636,Receiver,AEC-085-0,AEC-085,Nut (insulator)
SX-636,Receiver,AEC-101-0,AEC-101,Pulley (small)
SX-636,Receiver,AEC-116-0,AEC-116,Spacer
SX-636,Receiver,AEC-152-0,AEC-152,Knob spacer
SX-636,Receiver,AEC-153-0,AEC-153,Pulley
SX-636,Receiver,AEC-154-A,AEC-154,Antenna clamper
SX-636,Receiver,AEC-160-0,AEC-160,Bush
SX-636,Receiver,AEC-164-0,AEC-164,Spacer
SX-636,Receiver,AEK-014-0,AEK-014,Fuse 500mA (protection - GN)
SX-636,Receiver,AEK-042-0,AEK-042,Fuse 3.15A (protection - GN)
SX-636,Receiver,AEK-042-0,AEK-042,Fuse 3.15A (protection - GN))
SX-636,Receiver,AEK-100-0,AEK-100,"Fuse 4A (protection - KCU,FV)"
SX-636,Receiver,AEK-101-0,AEK-101,"Fuse 3A (protection - KCU,FV)"
SX-636,Receiver,AEK-107-0,AEK-107,"Fuse 0.5A (protection - KCU,FV)"
SX-636,Receiver,AEK-108-0,AEK-108,Fuse 1.5A (AC power -FV)
SX-636,Receiver,AEK-108-0,AEK-108,"Fuse 5A (protection - KCU,FV)"
SX-636,Receiver,AEK-202-0,AEK-202,Fuse 4A (protection - KCU)
SX-636,Receiver,AEK-400-0,AEK-400,Fuse 4A (protection - GN)
SX-636,Receiver,AEL-022-0,AEL-022,"Pilot lamp 8V, 50mA (Program indicator)"
SX-636,Receiver,AEL-022-0,AEL-022,"Pilot lamp 8V, 50mA (program indicator)"
SX-636,Receiver,AEL-025-0,AEL-025,"Pilot lamp 6V, 30mA (stereo indicator)"
SX-636,Receiver,AHA-069-0,AHA-069,Side pad
SX-636,Receiver,AHD-225-0,AHD-225,Packing case
SX-636,Receiver,AKA-001-0,AKA-001,Speaker output terminal
SX-636,Receiver,AKA-002-0,AKA-002,Antenna terminal board
SX-636,Receiver,AKB-014-0,AKB-014,Phono jack-A (4 jacks)
SX-636,Receiver,AKB-015-0,AKB-015,Phono jack-B (4 jacks)
SX-636,Receiver,AKC-023-A,AKC-023,"Terminal strip (2P - KCU,GN)"
SX-636,Receiver,AKE-017-0,AKE-017,Binding post for ground
SX-636,Receiver,AKK-002-0,AKK-002,Pilot lamp socket
SX-636,Receiver,AKP-004-0,AKP-004,"AC socket (KCU,FV)"
SX-636,Receiver,AKP-008-0,AKP-008,Connector (AC power - GN)
SX-636,Receiver,AKR-001-0,AKR-001,Fuse holder (AC power -FV)
SX-636,Receiver,AKR-011-0,AKR-011,"Fuse holder (protection - KCU,FV)"
SX-636,Receiver,AKR-017-0,AKR-017,Fuse holder (protection - GN)
SX-636,Receiver,ALA-008-0,ALA-008,Special nut
SX-636,Receiver,AMM-041-A,AMM-041,Wooden cabinet
SX-636,Receiver,ANA-070-C,ANA-070,Chassis
SX-636,Receiver,ANB-277-B,ANB-277,Front panel assembly
SX-636,Receiver,ANC-122-A,ANC-122,Rear panel (KCU)
SX-636,Receiver,ANC-123-A,ANC-123,Rear panel (FV)
SX-636,Receiver,ANC-124-A,ANC-124,Rear panel (GN)
SX-636,Receiver,AND-076-B,AND-076,Sub-panel
SX-636,Receiver,ANE-059-A,ANE-059,Bottom plate
SX-636,Receiver,ANF-262-A,ANF-262,Lamp-held metal
SX-636,Receiver,ANF-263-0,ANF-263,Power transformer-held metal
SX-636,Receiver,ANF-267-A,ANF-267,Reinforced metal
SX-636,Receiver,ANG-105-0,ANG-105,Dial scale-head metal
SX-636,Receiver,ANG-106-A,ANG-106,Pulley-held metal
SX-636,Receiver,ANG-107-A,ANG-107,Pulley-held metal
SX-636,Receiver,ANH-217-0,ANH-217,Lamp box
SX-636,Receiver,ANH-219-B,ANH-219,Meter lamp box
SX-636,Receiver,ANK-072-0,ANK-072,P.C. board cover
SX-636,Receiver,ARB-107-0,ARB-107,Operating instructions SX-636 (English)
SX-636,Receiver,ARD-071-0,ARD-071,Operating instructions SX-636 (French/German - FV)
SX-636,Receiver,ASC-060-0,ASC-060,Rotary switch (function)
SX-636,Receiver,ASG-040-0,ASG-040,Push switch (FM muting)
SX-636,Receiver,ASG-043-0,ASG-043,Push switch (power - KCU)
SX-636,Receiver,ASG-070-0,ASG-070,"Push switch (power - FV,GN)"
SX-636,Receiver,ASG-070-0,ASG-070,"Push switch (power - GN,FV)"
SX-636,Receiver,ASG-073-0,ASG-073,"Push switch (filter, mode)"
SX-636,Receiver,ASG-073-0,ASG-073,Push switch (speaker)
SX-636,Receiver,ASG-074-0,ASG-074,"Push switch (tape monitor, loudness)"
SX-636,Receiver,ASH-008-0,ASH-008,Slide switch (de-emphasis - FV)
SX-636,Receiver,ATB-026-0,ATB-026,Ferrite loopstick antenna
SX-636,Receiver,ATT-176-0,ATT-176,Power transformer (KCU)
SX-636,Receiver,ATT-184-0,ATT-184,Power transformer (FV)
SX-636,Receiver,ATT-185-0,ATT-185,Power transformer (GN)
SX-636,Receiver,AWE-046-0,AWE-046,Tuner assembly
SX-636,Receiver,AWF-014-0,AWF-014,Equalizer amplifier assembly
SX-636,Receiver,AWH-034-0,AWH-034,Power amplifier assembly
SX-636,Receiver,AWK-035-0,AWK-035,AF amplifier assembly
SX-636,Receiver,AWR-060-0,AWR-060,"Power supply circuit assembly (KCU,FV)"
SX-636,Receiver,AWR-061-0,AWR-061,Power supply circuit assembly (GN)
SX-636,Receiver,AWX-062-0,AWX-062,5P connector assembly
SX-636,Receiver,AWX-072-0,AWX-072,Lamp board assembly
SX-636,Receiver,AXA-015-A,AXA-015,Tuning pulley
SX-636,Receiver,AXA-025-0,AXA-025,Tuning shaft assembly
SX-636,Receiver,AXB-001-A,AXB-001,Ferrite antenna holder assembly
SX-636,Receiver,B21-011-0,B21-011,Washer
SX-636,Receiver,B71-004-0,B71-004,Nut 9ϕ
SX-636,Receiver,CEA 101P 6,CEA 101P 6,Electrolytic  100  6V
SX-636,Receiver,CKDYF 103Z 50,CKDYF 103Z 50,Ceramic  0.01  50V
SX-636,Receiver,CKDYF 103Z 50,CKDYF 103Z 50,"Ceramic  0.01  50V (GN,FV)"
SX-636,Receiver,COMA 822J 50,COMA 822J 50,"Mylar  0.0082  50V (KCU,FV)"
SX-636,Receiver,CQMA 222K 50,CQMA 222K 50,Mylar  0.0022  50V
SX-636,Receiver,CQMA 562K 50,CQMA 562K 50,Mylar  0.0056  50V
SX-636,Receiver,CQMA 822 J 50,CQMA 822 J 50,"Mylar  0.0082  50V (KCU,FV)"
SX-636,Receiver,E22-032-0,E22-032,"Pilot lamp 8V, 0.3A (dial scale)"
SX-636,Receiver,E22-032-0,E22-032,"Pilot lamp 8V, 0.3A (meter)"
SX-636,Receiver,E32-045-A,E32-045,Special washer (insulator)
SX-636,Receiver,E34-004-0,E34-004,Washer (insulator)
SX-636,Receiver,K13-047-0,K13-047,Ground terminal strip (4P)
SX-636,Receiver,K13-048-0,K13-048,Ground terminal strip (2P)
SX-636,Receiver,K72-020-0,K72-020,Phone jack (microphone)
SX-636,Receiver,K72-026-0,K72-026,Phone jack (headphone)
SX-636,Receiver,M45-086-A,M45-086,Washer 1t
SX-636,Receiver,M49-025-E,M49-025,Pulley shalt
SX-636,Receiver,RD½PS 225J,RD½PS 225J,Carbon film  2.2M  ½W
SX-636,Receiver,RD½PS 393J,RD½PS 393J,Carbon film  39k
SX-636,Receiver,T22-025-A,T22-025,Balun
SX-650,Receiver,AAA-036,AAA-036,Knob (TUNING)
SX-650,Receiver,AAB-099,AAB-099,Knob (BALANCE)
SX-650,Receiver,AAB-099,AAB-099,Knob (BASS)
SX-650,Receiver,AAB-099,AAB-099,Knob (TREBLE)
SX-650,Receiver,AAB-100,AAB-100,Knob (FUNCTION)
SX-650,Receiver,AAB-100,AAB-100,Knob (SPEAKERS)
SX-650,Receiver,AAB-100,AAB-100,Knob (VOLUME)
SX-650,Receiver,AAD-113,AAD-113,"Knob (HIGH FILTER,FM MUTING,LOUDNESS,MODE,TAPE 1,TAPE 2)"
SX-650,Receiver,AAF-048,AAF-048,Dial pointer assembly
SX-650,Receiver,AAG-117,AAG-117,Dial scale assembly
SX-650,Receiver,AAW-040,AAW-040,Meter
SX-650,Receiver,ABN-018,ABN-018,Boss
SX-650,Receiver,ACG-001,ACG-001,Ceramic 0.01 150V (DC1 .4kV) (KU)
SX-650,Receiver,ACG-001,ACG-001,Ceramic 0.01 150V (DC1.4kV) (KU/S)
SX-650,Receiver,ACG-001,ACG-001,Ceramic 0.01 250V (HG/S)
SX-650,Receiver,ACG-003,ACG-003,Ceramic 0.01 150V (DC1.4kV - KCU)
SX-650,Receiver,ACG-003,ACG-003,Ceramic 0.01 150V (DC1.4kV) (KC)
SX-650,Receiver,ACH-071,ACH-071,"Electrolytic 8,000 50V"
SX-650,Receiver,ACH-071,ACH-071,"Electrolytic 8,000 50V"
SX-650,Receiver,ACK-012,ACK-012,Tuning Capacitor
SX-650,Receiver,ACV-135,ACV-135,Variable resistor (BALANCE)
SX-650,Receiver,ACV-159,ACV-159,Variable resistor (BASS)
SX-650,Receiver,ACV-160,ACV-160,Variable resistor (TREBLE)
SX-650,Receiver,ACV-179,ACV-179,Variable resistor 100k (VOLUME)
SX-650,Receiver,ADG-002,ADG-002,AC power cord - S
SX-650,Receiver,ADG-005,ADG-005,AC power cord - KCU
SX-650,Receiver,AEB-075,AEB-075,Rubber mat - KCU
SX-650,Receiver,AEB-077,AEB-077,Rubber mat - HG
SX-650,Receiver,AEB-077,AEB-077,Rubber mat - S
SX-650,Receiver,AEC-099,AEC-099,Capacitor cover - HG
SX-650,Receiver,AEC-099,AEC-099,Capacitor cover - S
SX-650,Receiver,AEC-251,AEC-251,Dial scale plate
SX-650,Receiver,AEC-279,AEC-279,Capacitor cover - KCU
SX-650,Receiver,AEC-294,AEC-294,Capacitor cover - KU
SX-650,Receiver,AEK-031,AEK-031,Fuse 0.8A (HG)
SX-650,Receiver,AEK-031,AEK-031,Fuse 0.8A (HG)
SX-650,Receiver,AEK-101,AEK-101,Fuse 3A (KCU)
SX-650,Receiver,AEK-104,AEK-104,Fuse 1.5A (KCU/S)
SX-650,Receiver,AEK-104,AEK-104,Fuse 1.5A (S)
SX-650,Receiver,AEK-111,AEK-111,Fuse 0.8A (KCU/S)
SX-650,Receiver,AEK-111,AEK-111,Fuse 0.8A (KCU/S)
SX-650,Receiver,AEK-405,AEK-405,Fuse 1.6A (HG)
SX-650,Receiver,AEK-405,AEK-405,Fuse 1.6A (HG)
SX-650,Receiver,AEL-060,AEL-060,Lamp assembly 8V 300mA
SX-650,Receiver,AEL-060,AEL-060,Lamp assembly 8V 300mA
SX-650,Receiver,AEL-060,AEL-060,Lamp assembly 8V 300mA
SX-650,Receiver,AEL-061,AEL-061,Lamp with leads 8V 50mA
SX-650,Receiver,AEL-069,AEL-069,Lamp with leads 8V 50mA
SX-650,Receiver,AHD-382,AHD-382,Packing case (KU)
SX-650,Receiver,AHD-382,AHD-382,Packing case (S)
SX-650,Receiver,AHD-383,AHD-383,Packing case (KC)
SX-650,Receiver,AHD-384,AHD-384,Packing case (HG)
SX-650,Receiver,AHG-023,AHG-023,Vinyl bag (power cord cover)
SX-650,Receiver,AHG-040,AHG-040,Vinyl cover (ferrite bar-antenna cover)
SX-650,Receiver,AKA-002,AKA-002,Terminal (ANTENNA)
SX-650,Receiver,AKB-027,AKB-027,Terminal (INPUT)
SX-650,Receiver,AKB-027,AKB-027,Terminal (TAPE 1)
SX-650,Receiver,AKB-027,AKB-027,Terminal (TAPE 2)
SX-650,Receiver,AKC-030,AKC-030,Terminal board (2P) - HG
SX-650,Receiver,AKC-038,AKC-038,Terminal board (2P) - KCU
SX-650,Receiver,AKE-017,AKE-017,Terminal (GND)
SX-650,Receiver,AKE-029,AKE-029,Terminal (SPEAKER)
SX-650,Receiver,AKN-009,AKN-009,Phone jack (PHONES)
SX-650,Receiver,AKN-011,AKN-011,Phone jack (MIC)
SX-650,Receiver,AKP-004,AKP-004,AC - Socket (OUTLET) - KCU
SX-650,Receiver,AKP-004,AKP-004,AC - Socket (OUTLET) - S
SX-650,Receiver,AKP-004,AKP-004,AC socket (OUTLET - KCU/S)
SX-650,Receiver,AKP-008,AKP-008,AC - Socket (INLET) - HG
SX-650,Receiver,AKP-011,AKP-011,DIN connector socket
SX-650,Receiver,AKR-033,AKR-033,Plug in Selector (S)
SX-650,Receiver,AKX-037,AKX-037,Plug in Selector (HG)
SX-650,Receiver,AMM-053,AMM-053,Wooden cabinet - HG
SX-650,Receiver,AMM-053,AMM-053,Wooden cabinet - KCU
SX-650,Receiver,AMM-054,AMM-054,Wooden cabinet - S
SX-650,Receiver,ANB-444,ANB-444,Front panel assembly
SX-650,Receiver,ANF-379,ANF-379,Cover
SX-650,Receiver,ANH-298,ANH-298,Slide cover
SX-650,Receiver,ARB-186,ARB-186,Operating instructions English  SX-650 - KCU
SX-650,Receiver,ARB-187,ARB-187,Operating instructions English  SX-650 - HG
SX-650,Receiver,ARB-195,ARB-195,Operating instructions English  SX-650 - S
SX-650,Receiver,ARD-095,ARD-095,Operating instructions German/French  SX-650 - HG
SX-650,Receiver,ART-193-0,ART-193,"Service manual additional (HG,S)  SX-650"
SX-650,Receiver,ASA-038,ASA-038,Rotary switch (SPEAKER/POWER - S)
SX-650,Receiver,ASA-039,ASA-039,Rotary switch (SPEAKER/POWER - KCU)
SX-650,Receiver,ASA-040,ASA-040,Rotary switch (SPEAKER/POWER - HG)
SX-650,Receiver,ASD-049,ASD-049,Rotary switch (FUNCTION)
SX-650,Receiver,ASK-090,ASK-090,"Lever switch (HIGH FILTER, FM MUTING)"
SX-650,Receiver,ASK-090,ASK-090,"Lever switch (LOUDNESS, MODE, TAPE MONITOR 1, 2)"
SX-650,Receiver,ATT-303,ATT-303,Power transformer (MODEL KU)
SX-650,Receiver,ATT-315,ATT-315,Power transformer (MODEL KC)
SX-650,Receiver,ATT-339,ATT-339,Power transformer (MODEL S)
SX-650,Receiver,ATT-340,ATT-340,Power transformer (MODEL HG)
SX-650,Receiver,AWE-075,AWE-075,Tuner and AF assembly e/w TA7136P IC in the phono EQ
SX-650,Receiver,AWE-075-A,AWE-075,Tuner and AF assembly e/w AWK-165 EQ amplifier
SX-650,Receiver,AWG-049,AWG-049,Tone control assembly
SX-650,Receiver,AWK-065,AWK-065,Equalizer Amplifier Assembly (used only with AWE-075-A)
SX-650,Receiver,AWR-117,AWR-117,Power supply assembly (KCU/S)
SX-650,Receiver,AWR-118,AWR-118,Power supply assembly (HG)
SX-650,Receiver,AWX-095,AWX-095,De-emphasis switch assembly (KCU)
SX-650,Receiver,AWX-100,AWX-100,De-emphasis switch assembly (S)
SX-650,Receiver,AWX-106,AWX-106,Phone jack assembly
SX-650,Receiver,AXA-070,AXA-070,Tuning drum assembly
SX-650,Receiver,AXA-124,AXA-124,Tuning shaft assembly
SX-650,Receiver,AXB-004,AXB-004,Ferrite bar-antenna
SX-650,Receiver,CQSA 561J 50,CQSA 561J 50,Polystyrene 560p 50V
SX-650,Receiver,CQSA 561J 50,CQSA 561J 50,Polystyrene 560p 50V (HG)
SX-650,Receiver,GWH-101,GWH-101,Power amplifier assembly 1
SX-650,Receiver,GWR-101,GWR-101,Power amplifier assembly 2
SX-650,Receiver,RD ½PS 225J,RD ½PS 225J,Carbon film 2.2M  ½W (KCU)
SX-650,Receiver,SP-40W,SP-40W,Transistor
SX-650,Receiver,SP-40W,SP-40W,Transistor
SX-650,Receiver,T22-022,T22-022,Ferrite Balun
SX-650,Receiver,T24-030,T24-030,RF choke coil
SX-680/690,Receiver,AAA-050,AAA-050,Knob (TUNING)
SX-680/690,Receiver,AAB-175,AAB-175,"Knob (BASS, TREBLE)"
SX-680/690,Receiver,AAB-175,AAB-175,Knob (FUNCTION)
SX-680/690,Receiver,AAB-175,AAB-175,Knob (VOLUME)
SX-680/690,Receiver,AAB-176,AAB-176,Knob (BALANCE)
SX-680/690,Receiver,AAD-154,AAD-154,Knob (LOUDNESS)
SX-680/690,Receiver,AAD-154,AAD-154,Knob (MODE/FM MUTE)
SX-680/690,Receiver,AAD-154,AAD-154,Knob (SPEAKERS)
SX-680/690,Receiver,AAD-154,AAD-154,Knob (TAPE MONITOR)
SX-680/690,Receiver,AAD-155,AAD-155,Knob (POWER)
SX-680/690,Receiver,AAF-074,AAF-074,Dial pointer assembly
SX-680/690,Receiver,AAG-158,AAG-158,Dial scale board (SX -680/KU)
SX-680/690,Receiver,AAG-160,AAG-160,Dial scale board (SX -680/HG)
SX-680/690,Receiver,AAG-160,AAG-160,Dial scale board (SX -680/HGW4)
SX-680/690,Receiver,AAG-172,AAG-172,Dial panel (SX-690/KU)
SX-680/690,Receiver,AAW-089,AAW-089,AM/FM meter
SX-680/690,Receiver,AAW-091,AAW-091,POWER meter
SX-680/690,Receiver,ACG-001,ACG-001,Ceramic 0.01/250V
SX-680/690,Receiver,ACG-003,ACG-003,Ceramic 0.01/125V
SX-680/690,Receiver,ACK-012,ACK-012,Tuning Capacitor
SX-680/690,Receiver,ACT-019,ACT-019,Variable resistor (BALANCE)
SX-680/690,Receiver,ACV-161,ACV-161,Variable resistor (VOLUME)
SX-680/690,Receiver,ACV-186,ACV-186,"Variable resistor (BASS, TREBLE)"
SX-680/690,Receiver,ADG-005,ADG-005,AC power cord (KC type)
SX-680/690,Receiver,ADG-016,ADG-016,AC power cord (S/SG type)
SX-680/690,Receiver,ADG-023,ADG-023,AC power cord (SX -680/KU)
SX-680/690,Receiver,ADH-002,ADH-002,T-type FM antenna
SX-680/690,Receiver,AEC-099,AEC-099,Capacitor cover (for C1 S/SG)
SX-680/690,Receiver,AEC-099,AEC-099,Capacitor cover (for C1) (SX -680/HG)
SX-680/690,Receiver,AEC-099,AEC-099,Capacitor cover (for C1) (SX -680/HGW4)
SX-680/690,Receiver,AEC-099,AEC-099,Capacitor cover (for C2 S/SG)
SX-680/690,Receiver,AEC-279,AEC-279,Capacitor cover (for C2) (SX -680/KU)
SX-680/690,Receiver,AEC-294,AEC-294,Capacitor cover (for C1) (SX -680/KU)
SX-680/690,Receiver,AEC-365,AEC-365,Capacitor cover (for C1 KC)
SX-680/690,Receiver,AEC-365,AEC-365,Capacitor cover (for C2 KC)
SX-680/690,Receiver,AEK-100,AEK-100,Fuse 4A
SX-680/690,Receiver,AEK-104,AEK-104,Fuse 1.5A
SX-680/690,Receiver,AEK-108,AEK-108,Fuse 5A
SX-680/690,Receiver,AEL-029,AEL-029,"Lamp (wedge type, 8v 0.3A)"
SX-680/690,Receiver,AEL-307,AEL-307,"LED (STEREO, red)"
SX-680/690,Receiver,AEL-307,AEL-307,LED (TAPE MONITOR; red)
SX-680/690,Receiver,AEL-308,AEL-308,"LED (SOURCE, green)"
SX-680/690,Receiver,AHA-197,AHA-197,Side pad L
SX-680/690,Receiver,AHA-198,AHA-198,Side pad R
SX-680/690,Receiver,AHD-551,AHD-551,Packing case (S type)
SX-680/690,Receiver,AHD-551,AHD-551,Packing case (SX-680/KU)
SX-680/690,Receiver,AHD-557,AHD-557,Packing case (KC type)
SX-680/690,Receiver,AHD-558,AHD-558,Packing case (SG type)
SX-680/690,Receiver,AHD-559,AHD-559,Packing case (SX-680/HG)
SX-680/690,Receiver,AHD-559,AHD-559,Packing case (SX-680/HGW4)
SX-680/690,Receiver,AHD-578,AHD-578,Packing case (SX-690KU)
SX-680/690,Receiver,AHG-023,AHG-023,Vinyl bag (for AC cord) (SX-680/KU)
SX-680/690,Receiver,AHG-090,AHG-090,Sheet cover
SX-680/690,Receiver,AHG-095,AHG-095,Cardboard spacer (SG type)
SX-680/690,Receiver,AKA-003,AKA-003,Terminal (ANTENNA)
SX-680/690,Receiver,AKB-035,AKB-035,Terminal (INPUT)
SX-680/690,Receiver,AKB-035,AKB-035,Terminal (TAPE 1)
SX-680/690,Receiver,AKB-045,AKB-045,Terminal (TAPE 2)
SX-680/690,Receiver,AKE-026,AKE-026,Terminal (SPEAKERS)
SX-680/690,Receiver,AKE-031,AKE-031,Terminal (GND)
SX-680/690,Receiver,AKK-005,AKK-005,Lamp socket
SX-680/690,Receiver,AKN-009,AKN-009,Phone jack (PHONES)
SX-680/690,Receiver,AKP-004,AKP-004,AC socket (AC OUTLETS - KU/KC)
SX-680/690,Receiver,AKP-008,AKP-008,AC socket (INLET) (SX -680/HG)
SX-680/690,Receiver,AKP-008,AKP-008,AC socket (INLET) (SX -680/HGW4)
SX-680/690,Receiver,AKP-016,AKP-016,Panel mount coaxial connector (SX -680/HG)
SX-680/690,Receiver,AKP-016,AKP-016,Panel mount coaxial connector (SX -680/HGW4)
SX-680/690,Receiver,AKP-019,AKP-019,AC socket (AC OUTLETS - S/SG)
SX-680/690,Receiver,AKR-031,AKR-031,Plug in selector (S/SG type)
SX-680/690,Receiver,AKX-057,AKX-057,Plug in selector (Line voltage selector) SX-680/HG
SX-680/690,Receiver,AKX-057,AKX-057,Plug in selector (Line voltage selector) SX-680/HGW4
SX-680/690,Receiver,AMM-071,AMM-071,Bonnet (SX -680/KU)
SX-680/690,Receiver,AMS-029,AMS-029,Side panel (L) (SX -680/HGW4)
SX-680/690,Receiver,AMS-030,AMS-030,Side panel (R) (SX -680/HGW4)
SX-680/690,Receiver,AMS-031,AMS-031,Side panel (L) (SX -680/HG)
SX-680/690,Receiver,AMS-032,AMS-032,Side panel (R) (SX -680/HG)
SX-680/690,Receiver,ANB-596,ANB-596,Front panel assembly (SX-680/KU)
SX-680/690,Receiver,ANB-600,ANB-600,Front panel (SX -680/HG)
SX-680/690,Receiver,ANB-600,ANB-600,Front panel (SX -680/HGW4)
SX-680/690,Receiver,ANB-625,ANB-625,Front panel assembly (SX-690/KU)
SX-680/690,Receiver,ANE-202,ANE-202,Top plate (SX -680/HG)
SX-680/690,Receiver,ANE-202,ANE-202,Top plate (SX -680/HGW4)
SX-680/690,Receiver,ARB-268,ARB-268,Operating instructions (English) (SX-680/KU)
SX-680/690,Receiver,ARB-268,ARB-268,Operating instructions (KC type)
SX-680/690,Receiver,ARB-276,ARB-276,Operating instructions (English) (SX-680/HG)
SX-680/690,Receiver,ARB-276,ARB-276,Operating instructions (English) (SX-680/HGW4)
SX-680/690,Receiver,ARB-280,ARB-280,Operating instructions (S/SG type)
SX-680/690,Receiver,ARB-286,ARB-286,Operating instructions (SX-680/KU)
SX-680/690,Receiver,ARB-291,ARB-291,Operating instructions (SX-690/KU)
SX-680/690,Receiver,ARD-122,ARD-122,Operating instructions (German/French) (SX-680/HGW4)
SX-680/690,Receiver,ART-303-0,ART-303,Service manual additional  SX-690 (HG/HGW4)
SX-680/690,Receiver,ART-307-0,ART-307,Service manual additional  SX-680 (KC/S/SG) SX-690 (KU)
SX-680/690,Receiver,ASE-107,ASE-107,Slide rotary switch (FUNCTION)
SX-680/690,Receiver,ASG-138,ASG-138,Push switch (LOUDNESS)
SX-680/690,Receiver,ASG-138,ASG-138,Push switch (MODE/FM MUTE)
SX-680/690,Receiver,ASG-139,ASG-139,Dual push switch (SPEAKERS)
SX-680/690,Receiver,ASG-140,ASG-140,Dual push switch (TAPE MONITOR)
SX-680/690,Receiver,ASG-503,ASG-503,Push switch (POWER - KC type)
SX-680/690,Receiver,ASG-503,ASG-503,Push switch (POWER) SX-680/KU
SX-680/690,Receiver,ASG-504,ASG-504,Push switch (POWER) SX-680/HGW4
SX-680/690,Receiver,ASG-504,ASG-504,Push switch (POWER) SX-680/KU
SX-680/690,Receiver,ASG-507/ASG-501,ASG-507/ASG-501,Push switch (POWER - S/SG type)
SX-680/690,Receiver,ASG-508/ASG-503,ASG-508/ASG-503,Push switch (POWER - KU type)
SX-680/690,Receiver,ASH-015,ASH-015,Slide switch (DE-EMPHASIS)
SX-680/690,Receiver,ATB-505,ATB-505,Ferrite bar-antenna
SX-680/690,Receiver,ATT-511,ATT-511,Power transformer (SX-680/KU)
SX-680/690,Receiver,ATT-516,ATT-516,Power transformer (KC type)
SX-680/690,Receiver,ATT-520,ATT-520,Power transformer (S/SG type)
SX-680/690,Receiver,ATT-524,ATT-524,Power transformer (SX-680/HG)
SX-680/690,Receiver,ATT-524,ATT-524,Power transformer (SX-680/HGW4)
SX-680/690,Receiver,AXA-113,AXA-113,Tuning drum assembly
SX-680/690,Receiver,AXA-208,AXA-208,Tuning shaft assembly
SX-680/690,Receiver,AXB-012,AXB-012,Antenna holder
SX-680/690,Receiver,E11-024,E11-024,Vinyl pouch
SX-680/690,Receiver,GWB-101,GWB-101,FM Front end (SX-680/KU)
SX-680/690,Receiver,GWB-102,GWB-102,FM Front end (SX-680/HG)
SX-680/690,Receiver,GWB-102,GWB-102,FM Front end (SX-680/HGW4)
SX-680/690,Receiver,GWB-103,GWB-103,FM front-end (KC/S/SG type)
SX-680/690,Receiver,GWM-117,GWM-117,Main Board Assembly (SX-680/KU)
SX-680/690,Receiver,GWM-118,GWM-118,Main board assembly (KC type)
SX-680/690,Receiver,GWM-119,GWM-119,Main board assembly (S/SG type)
SX-680/690,Receiver,GWM-120,GWM-120,Main Board Assembly (SX-680/HG)
SX-680/690,Receiver,GWM-120,GWM-120,Main Board Assembly (SX-680/HGW4)
SX-680/690,Receiver,GWX-177,GWX-177,Indicator assembly
SX-680/690,Receiver,GWX-178,GWX-178,Fuse Holder Assembly (SX-680/KU)
SX-680/690,Receiver,GWX-179,GWX-179,Phone jack assembky
SX-680/690,Receiver,GWX-180,GWX-180,Deemphasis switch assembly (KU/KC type)
SX-680/690,Receiver,GWX-180,GWX-180,Deemphasis Switch Assembly (SX-680/KU)
SX-680/690,Receiver,GWX-183,GWX-183,Deemphasis switch assembly (S/SG type)
SX-680/690,Receiver,GWX-186,GWX-186,Tape assembly (KU/KC type)
SX-680/690,Receiver,GWX-186,GWX-186,Tape Assembly (SX-680/KU)
SX-680/690,Receiver,GWX-187,GWX-187,Fuse holder assembly (KC type)
SX-680/690,Receiver,GWX-188,GWX-188,Tape assembly (S/SG type)
SX-680/690,Receiver,GWX-188,GWX-188,Tape Assembly (SX-680/HG)
SX-680/690,Receiver,GWX-188,GWX-188,Tape Assembly (SX-680/HGW4)
SX-680/690,Receiver,GWX-190,GWX-190,Fuse Holder Assembly (SX-680/HG)
SX-680/690,Receiver,GWX-190,GWX-190,Fuse Holder Assembly (SX-680/HGW4)
SX-680/690,Receiver,GWX-201,GWX-201,Terminal assembly (S/SG type)
SX-680/690,Receiver,K91-008,K91-008,Fuse holder 1P (SX -680/HG)
SX-680/690,Receiver,K91-008,K91-008,Fuse holder 1P (SX -680/HGW4)
SX-680/690,Receiver,N/A,N/A,Service manual  SX-680/690
SX-680/690,Receiver,STK-0039,STK-0039,IC
SX-680/690,Receiver,STK-0039,STK-0039,IC
SX-7,Receiver,AAB-274,AAB-274,"Knob (BASS,TREBLE,BALANCE)"
SX-7,Receiver,AAD-401,AAD-401,Knob (TUNING)
SX-7,Receiver,AAD-402,AAD-402,Knob (FM)
SX-7,Receiver,AAD-403,AAD-403,Knob (AM)
SX-7,Receiver,AAD-404,AAD-404,Knob (MEMORY/STOP)
SX-7,Receiver,AAD-405,AAD-405,"Knob (CLOCK,SPEAKERS,TUNING,TAPE,MUTE,MONO,SUBSONIC,LOUDNESS,PHONO MM/MC)"
SX-7,Receiver,AAD-406,AAD-406,Knob (POWER)
SX-7,Receiver,AAD-407,AAD-407,"Knob array (INPUT SELECTOR,PRESET VOLUME,MUTING,VOLUME UP/DOWN)"
SX-7,Receiver,AAN-028,AAN-028,Station card set
SX-7,Receiver,AAV-305,AAV-305,LED level meter module
SX-7,Receiver,ABA-176,ABA-176,Terminal screw
SX-7,Receiver,ABH-088,ABH-088,Coiled spring
SX-7,Receiver,ABN-028,ABN-028,Union nut
SX-7,Receiver,ABN-048,ABN-048,Washerfaced nut
SX-7,Receiver,ACG-001,ACG-001,Ceramic capacitor
SX-7,Receiver,ACT-028,ACT-028,Variable resistor 100k (BALANCE)
SX-7,Receiver,ACT-138,ACT-138,Variable resistor 100k (BASS)
SX-7,Receiver,ACT-139,ACT-139,Variable resistor 100k (TREBLE)
SX-7,Receiver,ADG-052,ADG-052,AC power cord
SX-7,Receiver,ADH-004,ADH-004,T-type FM antenna
SX-7,Receiver,AEC-083,AEC-083,Foot assembly
SX-7,Receiver,AEC-327,AEC-327,Strain relief
SX-7,Receiver,AEC-488,AEC-488,Mica wafer
SX-7,Receiver,AEK-103,AEK-103,Fuse (2A. FU2)
SX-7,Receiver,AEK-108,AEK-108,"Fuse (5A, FU1)"
SX-7,Receiver,AEL-351,AEL-351,"LED (PHONO,AUX/VIDEO)"
SX-7,Receiver,AEL-365,AEL-365,LED (STATlON)
SX-7,Receiver,AEL-365,AEL-365,LED (TAPE MONITOR)
SX-7,Receiver,AEL-376,AEL-376,"LED (FM,AM,VOLUME)"
SX-7,Receiver,AEL-376,AEL-376,LED (SIGNAL)
SX-7,Receiver,AEL-377,AEL-377,"LED (PRESET STEP,MUTING)"
SX-7,Receiver,AEL-377,AEL-377,LED (STEREO)
SX-7,Receiver,AEL-378,AEL-378,LED numeric display
SX-7,Receiver,AHA-300,AHA-300,Side pad L
SX-7,Receiver,AHA-301,AHA-301,Side pad R
SX-7,Receiver,AHD-960,AHD-960,Packing case
SX-7,Receiver,AKA-017,AKA-017,Terminal (ANTENNA)
SX-7,Receiver,AKB-076,AKB-076,Terminal (AM STEREO OUT)
SX-7,Receiver,AKB-078,AKB-078,"Terminal (lNPUT,TAPE1 , TAPE 2/ADAPTOR)"
SX-7,Receiver,AKE-103,AKE-103,Terminal (SPEAKERS)
SX-7,Receiver,AKN-030,AKN-030,Phone jack (PHONES)
SX-7,Receiver,AKP-039,AKP-039,AC socket (AC OUTLETS)
SX-7,Receiver,ANE-360,ANE-360,Top cover
SX-7,Receiver,ANM-065,ANM-065,From panel assembly
SX-7,Receiver,ANR-450,ANR-450,Slider assembly
SX-7,Receiver,ANR-459,ANR-459,Display cover
SX-7,Receiver,ARB-442,ARB-442,Operating instructions  SX-7
SX-7,Receiver,ARP-012-0,ARP-012,Service manual  SX-6
SX-7,Receiver,ARP-018-0,ARP-018,Service manual  SX-7
SX-7,Receiver,ASG-177,ASG-177,Tact switch (STATION PRESETS)
SX-7,Receiver,ASG-298,ASG-298,2-ganged push switch (TUNING)
SX-7,Receiver,ASG-302,ASG-302,"3-ganged push switch (CLOCK,SPEAKERS)"
SX-7,Receiver,ASG-521,ASG-521,Push switch (POWER)
SX-7,Receiver,ASH-015,ASH-015,Slide switch (AM CHANNEL STEP)
SX-7,Receiver,ASR-033,ASR-033,Relay
SX-7,Receiver,ASS-016,ASS-016,Crystal resonator
SX-7,Receiver,ASS-017,ASS-017,Crystal resonator
SX-7,Receiver,ASX-173,ASX-173,"6-ganged push switch (TAPE,MONO,SUBSONlC,LOUDNESS,PHONO)"
SX-7,Receiver,ASX-175,ASX-175,Remote slide switch (MM/MC)
SX-7,Receiver,ATB-631,ATB-631,Bar-antenna assembly
SX-7,Receiver,ATT-842,ATT-842,Power transformer (T2)
SX-7,Receiver,ATT-847,ATT-847,Power transformer (T2)
SX-7,Receiver,AWE-114,AWE-114,Tuner assembly
SX-7,Receiver,AWX-223,AWX-223,Control assembly
SX-7,Receiver,GWG-160,GWG-160,Tone control assembly
SX-7,Receiver,GWK-188,GWK-188,AF assembly
SX-700,Receiver,AAA-069,AAA-069,Knob (TUNING)
SX-700,Receiver,AAB-244,AAB-244,"Knob (BASS,TREBLE,BALANCE,VOLUME,FUNCTION)"
SX-700,Receiver,AAD-179,AAD-179,"Knob B (FM MUTING,LOUDNESS)"
SX-700,Receiver,AAD-200,AAD-200,Lever knob (POWER)
SX-700,Receiver,AAD-298,AAD-298,Push knob (PRESETS)
SX-700,Receiver,AAD-299,AAD-299,"Push knob (MEMORY,MANUAL)"
SX-700,Receiver,AAW-127,AAW-127,Signal meter
SX-700,Receiver,ACH-215,ACH-215,Electrolytic (8200/50V)
SX-700,Receiver,ACT-022,ACT-022,"Variable resistor (1M, BALANCE)"
SX-700,Receiver,ACT-128,ACT-128,"Variable resistor (250k, VOLUME)"
SX-700,Receiver,ACT-129,ACT-129,"Variable resistor (100k, BASS, TREBLE)"
SX-700,Receiver,ACX-201,ACX-201,Tuning resistor
SX-700,Receiver,ADG-023,ADG-023,AC power cord
SX-700,Receiver,ADH-004,ADH-004,FM antenna
SX-700,Receiver,AEC-327,AEC-327,Strain relief
SX-700,Receiver,AEC-672,AEC-672,Foot assembly
SX-700,Receiver,AEK-100,AEK-100,Fuse (4A)
SX-700,Receiver,AEK-107,AEK-107,Fuse (0.5A)
SX-700,Receiver,AEK-109,AEK-109,Fuse (6A)
SX-700,Receiver,AEL-140,AEL-140,"Lamp with wire (8V, 100mA)"
SX-700,Receiver,AHA-254,AHA-254,Side pad
SX-700,Receiver,AHD-830,AHD-830,Packing case
SX-700,Receiver,AKA-002,AKA-002,Terminal (ANTENNA)
SX-700,Receiver,AKB-062,AKB-062,Terminal (PHONO)
SX-700,Receiver,AKB-064,AKB-064,"Terminal (AUX, TAPE)"
SX-700,Receiver,AKB-076,AKB-076,Terminal (AM STEREO OUT)
SX-700,Receiver,AKE-048,AKE-048,Terminal (SPEAKERS)
SX-700,Receiver,AKN-029,AKN-029,Phone jack (PHONES)
SX-700,Receiver,AKP-040,AKP-040,AC socket (AC OUTLETS)
SX-700,Receiver,ANB-902,ANB-902,Front panel assembly
SX-700,Receiver,ANE-269,ANE-269,Bonnet case
SX-700,Receiver,ARB-379,ARB-379,Operating instructions  SX-700
SX-700,Receiver,ART-554-0,ART-554,Service manual  SX-700
SX-700,Receiver,ASE-010,ASE-010,Slide rotary switch (FUNCTION)
SX-700,Receiver,ASG-161,ASG-161,"Tact switch (MANUAL,MEMORY,PRESETS)"
SX-700,Receiver,ASG-221,ASG-221,Push switch (TAPE MONITOR)
SX-700,Receiver,ASG-242,ASG-242,"2-ganged push switch  (FM MUTING, LOUDNESS)"
SX-700,Receiver,ASK-523,ASK-523,Lever switch (POWER)
SX-700,Receiver,ATB-626,ATB-626,Bar-antenna assembly
SX-700,Receiver,ATT-731,ATT-731,Power transformer
SX-700,Receiver,AWX-200,AWX-200,AM IF assembly
SX-700,Receiver,AXA-274,AXA-274,Tuning shaft assembly
SX-700,Receiver,GWF-134,GWF-134,EQ AMP assembly
SX-700,Receiver,GWM-167,GWM-167,Tuner/AF assembly
SX-700,Receiver,GWX-510,GWX-510,Switch assembly
SX-700,Receiver,GWX-511,GWX-511,Indicator assembly
SX-700,Receiver,GWX-512,GWX-512,Fuse assembly
SX-700L,Receiver,AAA-069,AAA-069,Knob (TUNING)
SX-700L,Receiver,AAB-244,AAB-244,"Knob (BASS,TREBLE,BALANCE,VOLUME,FUNCTION)"
SX-700L,Receiver,AAD-179,AAD-179,"Knob B (FM MUTING,LOUDNESS)"
SX-700L,Receiver,AAD-200,AAD-200,Lever knob (POWER)
SX-700L,Receiver,AAD-298,AAD-298,Push knob (PRESETS 1-7)
SX-700L,Receiver,AAD-299,AAD-299,"Push knob (MEMORY,MANUAL)"
SX-700L,Receiver,AAW-126,AAW-126,Signal meter
SX-700L,Receiver,ACH-215,ACH-215,Electrolytic (8200/50V)
SX-700L,Receiver,ACT-022,ACT-022,"Variable resistor (1M, BALANCE)"
SX-700L,Receiver,ACT-128,ACT-128,"Variable resistor (250k, VOLUME)"
SX-700L,Receiver,ACT-129,ACT-129,"Variable resistor (100k, BASS, TREBLE)"
SX-700L,Receiver,ACX-201,ACX-201,Tuning resistor
SX-700L,Receiver,ADG-041,ADG-041,AC power cord - HE
SX-700L,Receiver,ADG-051,ADG-051,AC power cord - HB
SX-700L,Receiver,ADH-004,ADH-004,T-type FM antenna
SX-700L,Receiver,AEC-327,AEC-327,Strain relief
SX-700L,Receiver,AEC-672,AEC-672,Foot assembly
SX-700L,Receiver,AEK-037,AEK-037,Fuse T250mA 250V
SX-700L,Receiver,AEK-042,AEK-042,Fuse T3.15A 250V
SX-700L,Receiver,AEK-403,AEK-403,Fuse T2.5A 250V - HE
SX-700L,Receiver,AEK-404,AEK-404,Fuse T2.5A 250V
SX-700L,Receiver,AEK-405,AEK-405,Fuse T1.6A 250V
SX-700L,Receiver,AEL-140,AEL-140,Lamp with wire
SX-700L,Receiver,AHA-254,AHA-254,Side pad
SX-700L,Receiver,AHD-780,AHD-780,Packing case
SX-700L,Receiver,AKA-007,AKA-007,Terminal (ANTENNA)
SX-700L,Receiver,AKB-062,AKB-062,Terminal (PHONO)
SX-700L,Receiver,AKB-064,AKB-064,"Terminal (AUX, TAPE)"
SX-700L,Receiver,AKE-048,AKE-048,Terminal (SPEAKERS)
SX-700L,Receiver,AKN-029,AKN-029,Phone jack (PHONES)
SX-700L,Receiver,AKP-026,AKP-026,AC socket (AC OUTLETS)
SX-700L,Receiver,AKP-026,AKP-026,AC socket - HE
SX-700L,Receiver,ANB-900,ANB-900,Front panel assembly
SX-700L,Receiver,ANE-269,ANE-269,Bonnet case
SX-700L,Receiver,ARB-369,ARB-369,Operating instructions (English)  SX-700L
SX-700L,Receiver,ARD-149,ARD-149,Operating instructions (German/French)  SX-700L - HE
SX-700L,Receiver,ASE-008,ASE-008,Slide rotary switch (FUNCTION)
SX-700L,Receiver,ASG-161,ASG-161,"Tact switch (MANUAL,MEMORY,PRESETS)"
SX-700L,Receiver,ASG-221,ASG-221,Push switch (TAPE MONITOR)
SX-700L,Receiver,ASG-242,ASG-242,"2-ganged push switch  (FM MUTING, LOUDNESS)"
SX-700L,Receiver,ASK-522,ASK-522,Lever switch (POWER)
SX-700L,Receiver,ASX-103,ASX-103,Remote slide (FUNCTION-AM BAND)
SX-700L,Receiver,ATT-706,ATT-706,Power transformer
SX-700L,Receiver,ATX-019,ATX-019,Bar-antenna assembly
SX-700L,Receiver,AXA-274,AXA-274,Tuning shaft assembly
SX-700L,Receiver,GWF-133,GWF-133,EQ AMP assembly
SX-700L,Receiver,GWM-165,GWM-165,Tuner/AF assembly
SX-700L,Receiver,GWX-500,GWX-500,Switch assembly
SX-700L,Receiver,GWX-501,GWX-501,Indicator assembly
SX-700L,Receiver,GWX-502,GWX-502,Fuse assembly
SX-700T,Receiver,A11-109-0,A11-109,Knob Selector
SX-700T,Receiver,A11-112-A,A11-112,"Knob, Volume, Balance, Power"
SX-700T,Receiver,A11-115-A,A11-115,Knob Mode Output Selector
SX-700T,Receiver,A11-119-0,A11-119,Knob Tuning
SX-700T,Receiver,A11-135-0,A11-135,Knob Bass Treble (L)
SX-700T,Receiver,A11-138-0,A11-138,Knob Bass Treble (R)
SX-700T,Receiver,A31-080-A,A31-080,Dlal Pointer
SX-700T,Receiver,A33-036-C,A33-036,Dial Scale
SX-700T,Receiver,A59-030-0,A59-030,Bracket (Orange)
SX-700T,Receiver,A91-005-D,A91-005,Tuning Meter
SX-700T,Receiver,B11-021-B,B11-021,Screw to Fix Metal Cover
SX-700T,Receiver,C85-052-0,C85-052,50K dual Balance
SX-700T,Receiver,C85-054-0,C85-054,500K dual Volume
SX-700T,Receiver,C87-018-0,C87-018,100K dual Bass
SX-700T,Receiver,C87-018-0,C87-018,100K dual Treble
SX-700T,Receiver,C92-028-0,C92-028,10K MPX Separation Control
SX-700T,Receiver,C92-032-0,C92-032,100 ohm Current Control
SX-700T,Receiver,C92-032-0,C92-032,100 ohm Current Control
SX-700T,Receiver,E21-004-0,E21-004,Fuse 1A
SX-700T,Receiver,E22-002-0,E22-002,Pilot Lamp
SX-700T,Receiver,E22-011-0,E22-011,Pilot Lamp for FM Stereo
SX-700T,Receiver,E31-065-0,E31-065,Dial Spring
SX-700T,Receiver,K11-018-0,K11-018,Terminal 4P
SX-700T,Receiver,K22-013-0,K22-013,Termmal 6P
SX-700T,Receiver,K41-002-0,K41-002,Pilot Lamp Socket
SX-700T,Receiver,K72-006-C,K72-006,Headphone Jack
SX-700T,Receiver,K73-003-0,K73-003,Concent for Speaker
SX-700T,Receiver,K82-007-B,K82-007,AC Concent
SX-700T,Receiver,K93-003-0,K93-003,Connector 5P for Tape Recorder
SX-700T,Receiver,K96-006-0,K96-006,Fuse Holder
SX-700T,Receiver,M10-014-0,M10-014,Dial Pulley
SX-700T,Receiver,M21-069-B,M21-069,Front Panel
SX-700T,Receiver,M33-086-C,M33-086,Metal Case
SX-700T,Receiver,M41-085-0,M41-085,Dial Pulley (for tuning Capacitor)
SX-700T,Receiver,M61-003-0,M61-003,Foot
SX-700T,Receiver,R12-001-A,R12-001,Service manual  SX-700T
SX-700T,Receiver,S11-014-A,S11-014,Power Switch
SX-700T,Receiver,S16-037-C,S16-037,Input Selector
SX-700T,Receiver,S16-038-B,S16-038,Mode Selector Switch
SX-700T,Receiver,S16-041-0,S16-041,Output Selector
SX-700T,Receiver,S42-001-C,S42-001,Toggle Switch (AFC)
SX-700T,Receiver,S42-001-C,S42-001,Toggle Switch (HIGH RLTER)
SX-700T,Receiver,S42-001-C,S42-001,Toggle Switch (LOUDNESS)
SX-700T,Receiver,S42-001-C,S42-001,Toggle Switch (PHONO)
SX-700T,Receiver,T24-025-0,T24-025,Choke Coil
SX-700T,Receiver,T24-025-0,T24-025,Choke Coil
SX-700T,Receiver,T42-014-0,T42-014,AM Ferite Loopstick Antenna Coil
SX-700T,Receiver,T52-109-C,T52-109,Power Transformer
SX-700T,Receiver,W11-021-A,W11-021,FM Front end
SX-700T,Receiver,W12-009-C,W12-009,FM IF Unit
SX-700T,Receiver,W13-021-D,W13-021,MPX Unit
SX-700T,Receiver,W14-004-C,W14-004,AM Unit
SX-700T,Receiver,W15-005-D,W15-005,Pre Amp Unit
SX-700T,Receiver,W15-009-E,W15-009,Main Amp Unit
SX-700T,Receiver,W15-047-B,W15-047,Control Amp Unit
SX-700T,Receiver,W16-008-A,W16-008,Power Supply Unlt
SX-727,Receiver,AAA-006-0,AAA-006,Knob for tuning
SX-727,Receiver,AAB-007-B,AAB-007,"Knob for volume, balance, selector speakers and mode"
SX-727,Receiver,AAB-013-0,AAB-013,Knob for bass and treble (L)
SX-727,Receiver,AAB-014-0,AAB-014,Knob for bass and treble (R)
SX-727,Receiver,AAD-026-0,AAD-026,Knob for push switch
SX-727,Receiver,AAF-011-A,AAF-011,Dial pointer ass'y
SX-727,Receiver,AAG-029-0,AAG-029,Dial scale
SX-727,Receiver,AAW-006-0,AAW-006,Signal meter
SX-727,Receiver,AAW-007-0,AAW-007,Tuning meter
SX-727,Receiver,ACE-001-A,ACE-001,Oil paper  0.01  800V (KUW)
SX-727,Receiver,ACH-001-C,ACH-001,Electrolytic  1000  63V
SX-727,Receiver,ACH-014-0,ACH-014,Electrolytic  6800  50V
SX-727,Receiver,ACH-014-0,ACH-014,Electrolytic  6800  50V
SX-727,Receiver,ACV-105-0,ACV-105,Dual  500k-B (Volume)
SX-727,Receiver,ACV-202 A,ACV-202 A,Dual  100k-B (Treble)
SX-727,Receiver,ACV-202-A,ACV-202,Dual  100k-B (Bass)
SX-727,Receiver,AEC-027-B,AEC-027,Foot
SX-727,Receiver,AEL-007-0,AEL-007,Pilot lamp for program indicator
SX-727,Receiver,AHA-012-A,AHA-012,Side pad lLl
SX-727,Receiver,AHA-013-A,AHA-013,Side pad (R)
SX-727,Receiver,AHB-006-0,AHB-006,Cardboard protector
SX-727,Receiver,AHB-007-0,AHB-007,Top pad
SX-727,Receiver,AHC-001-0,AHC-001,Accessory box
SX-727,Receiver,AHD-070-A,AHD-070,Packing case
SX-727,Receiver,AKB-006-0,AKB-006,6P input terminal board (TAPE terminal)
SX-727,Receiver,AKB-007-0,AKB-007,6P input terminal board (PHONO terminal)
SX-727,Receiver,AKP-002-0,AKP-002,Spare AC outlet
SX-727,Receiver,AKR-007-0,AKR-007,Fuse Holder
SX-727,Receiver,AMM-012-0,AMM-012,Wooden case
SX-727,Receiver,ANB-121-0,ANB-121,Front panel ass'y
SX-727,Receiver,ARB-045-0,ARB-045,Operating instructions SX-727
SX-727,Receiver,ASA-027,ASA-027,Output Selector (KUW)
SX-727,Receiver,ASB-011-A,ASB-011,Selector switch
SX-727,Receiver,ASG-017-0,ASG-017,Push switch (FM Muting)
SX-727,Receiver,ASG-017-0,ASG-017,Push switch (High Filter)
SX-727,Receiver,ASG-017-0,ASG-017,Push switch (Loudness)
SX-727,Receiver,ASG-017-0,ASG-017,Push switch (Mode)
SX-727,Receiver,ASG-017-0,ASG-017,Push switch (Muting)
SX-727,Receiver,ASG-018-0,ASG-018,Push switch (Low Filter)
SX-727,Receiver,ASG-019-0,ASG-019,Push switch (Monitor-1)
SX-727,Receiver,ASG-019-0,ASG-019,Push switch (Monitor-2)
SX-727,Receiver,ASM-002-0,ASM-002,Slide switch
SX-727,Receiver,ASR-001-0,ASR-001,Relay
SX-727,Receiver,ATB-005-0,ATB-005,Ferrite loopstick antenna (KUW)
SX-727,Receiver,ATT-050-0,ATT-050,Power transformer (KUW)
SX-727,Receiver,ATT-051-0,ATT-051,"Power transformer (FVZW,FW)"
SX-727,Receiver,AWB-006-0,AWB-006,FM front end (FVZW)
SX-727,Receiver,AWE-015-A,AWE-015,FM/AM unit
SX-727,Receiver,AWH-011-0,AWH-011,Power amp unit
SX-727,Receiver,AWK-010-A,AWK-010,AF unit
SX-727,Receiver,AWM-011-0,AWM-011,Protector unit
SX-727,Receiver,AWM-027,AWM-027,Protector Unit (Later)
SX-727,Receiver,AWR-011-0,AWR-011,Power supply unit
SX-727,Receiver,AWX-014-A,AWX-014,"CR unit (KUW,FVZW)"
SX-727,Receiver,AWX-016-0,AWX-016,Lamp box unit
SX-727,Receiver,AWX-017-0,AWX-017,CR unit (FW)
SX-727,Receiver,AXA-013-0,AXA-013,Dial shaft ass'y
SX-727,Receiver,AXB-001-0,AXB-001,Ferrite loopstick antenna holder ass'y
SX-727,Receiver,B11-012-A,B11-012,Screw for grounding
SX-727,Receiver,B11-016-B,B11-016,Screw to ﬁx wooden case
SX-727,Receiver,C43-003-0,C43-003,Ceramic  0.01  DC .4kV
SX-727,Receiver,C43-003-0,C43-003,"Ceramic 0.01 DC 1 4kV (FVZW,FW)"
SX-727,Receiver,C43-003-0,C43-003,"Ceramic 0.01 DC l.4kV (FVZW,FW)"
SX-727,Receiver,C82-049-0,C82-049,Dual  100k-B (Balance)
SX-727,Receiver,CEA 221M 10,CEA 221M 10,Electrolytic  220  10V
SX-727,Receiver,CEA 331M 16,CEA 331M 16,Electrolytic  330  16V
SX-727,Receiver,CKDYF 103Z 50,CKDYF 103Z 50,Ceramic  0.01  50V
SX-727,Receiver,CKDYF 103Z 50,CKDYF 103Z 50,Ceramic  0.01  50V
SX-727,Receiver,D11-003-E,D11-003,AC power cord
SX-727,Receiver,D52-013-0,D52-013,FM T-type antenna
SX-727,Receiver,E21-006-0,E21-006,Fuse 3A
SX-727,Receiver,E21-012-0,E21-012,"Fuse 1.5A (FVZW, FW)"
SX-727,Receiver,E21-019-A,E21-019,Fuse 0.5A for protection
SX-727,Receiver,E21-021-0,E21-021,Fuse 3A
SX-727,Receiver,E21-022-0,E21-022,Fuse 3A for protection
SX-727,Receiver,E22-017-0,E22-017,Pilot lamp for dial scale
SX-727,Receiver,E22-032-0,E22-032,Pilot lamp for meter
SX-727,Receiver,K11-043-C,K11-043,Antenna terminal board
SX-727,Receiver,K13-047-D,K13-047,4p ground terminal
SX-727,Receiver,K71-026-0,K71-026,Jumper plug
SX-727,Receiver,K72-007-B,K72-007,Speaker plug
SX-727,Receiver,K72-015-A,K72-015,Pin plug
SX-727,Receiver,K72-024-0,K72-024,Microphone jack
SX-727,Receiver,K72-026-0,K72-026,Headphones jack
SX-727,Receiver,K72-028-0,K72-028,Speaker socket
SX-727,Receiver,K91-005-A,K91-005,Pilot lamp (for dial scale) socket
SX-727,Receiver,K93-003-B,K93-003,5P connector (DIN)
SX-727,Receiver,M42-080-A,M42-080,Dial pulley ass'y
SX-727,Receiver,RD¼PS 183J,RD¼PS 183J,Carbon film  18k
SX-727,Receiver,RD¼PS 183J,RD¼PS 183J,Carbon film  18k
SX-727,Receiver,RD¼PS 220J,RD¼PS 220J,Carbon film  22  ½W
SX-727,Receiver,RD¼PS 330J,RD¼PS 330J,Carbon film  33
SX-727,Receiver,RD½PW 225J,RD½PW 225J,Carbon film  2.2M
SX-727,Receiver,RT5B 151K,RT5B 151K,Wire wound  150  5W
SX-727,Receiver,RTSB 151K,RTSB 151K,Wire wound  150  5W
SX-727,Receiver,S11-029-0,S11-029,"Output selector (FVZW,FW)"
SX-727,Receiver,SIB01-01,SIB01-01,Diode
SX-727,Receiver,T22-025-A,T22-025,Balun transformer
SX-727,Receiver,T24-030-0,T24-030,Choke coil
SX-727,Receiver,T42-025-0,T42-025,"Ferrite loopstick antenna (FVZW,FW)"
SX-727,Receiver,W11-045-0,W11-045,"FM front end (KUW, FW)"
SX-727,Receiver,W21-002-A,W21-002,Head amp unit
SX-727,Receiver,W52-004-0,W52-004,Compound part for REC terminal
SX-737,Receiver,AAA-024-0,AAA-024,Knob (tuning)
SX-737,Receiver,AAB-068-0,AAB-068,"Knob (volume, balance, bass, treble, function, rec selector)"
SX-737,Receiver,AAD-040-B,AAD-040,"Knob (power, filter, tape monitor,loudness)"
SX-737,Receiver,AAD-054-0,AAD-054,"Knob (mode, FM muting)"
SX-737,Receiver,AAD-082-B,AAD-082,Knob (speakers)
SX-737,Receiver,AAE-007-0,AAE-007,Coupler (knob-to-switch)
SX-737,Receiver,AAF-020-0,AAF-020,Dial pointer
SX-737,Receiver,AAG-079-A,AAG-079,Dial scale
SX-737,Receiver,AAL-183-0,AAL-183,Model name plate (KCU)
SX-737,Receiver,AAL-185-0,AAL-185,Model name plate (GN)
SX-737,Receiver,AAL-203-0,AAL-203,Model name plate (F)
SX-737,Receiver,AAW-032-0,AAW-032,Meter (signal & tuning)
SX-737,Receiver,ABA-010-A,ABA-010,Screw M4X15
SX-737,Receiver,ABA-012-0,ABA-012,Screw
SX-737,Receiver,ACG-001-0,ACG-001,"Ceramic  0.01  250V (F,GN)"
SX-737,Receiver,ACG-001-0,ACG-001,"Ceramic  0.01  250V (KCU,F)"
SX-737,Receiver,ACG-003-0,ACG-003,Ceramic  0.01  250V (KCU)
SX-737,Receiver,ACH-014-0,ACH-014,Electrolytic  6800  50V
SX-737,Receiver,ACH-014-0,ACH-014,Electrolytic  6800  50V
SX-737,Receiver,ACH-014-0,ACH-014,"Electrolytic capacitor 6,800uF 50V"
SX-737,Receiver,ACV-134-0,ACV-134,Variable resistor 250k-B1 (volume)
SX-737,Receiver,ACV-135-0,ACV-135,Variable resistor 250k-HB (balance)
SX-737,Receiver,ACV-136-0,ACV-136,Variable resistor 100k-B(bass)
SX-737,Receiver,ACV-136-0,ACV-136,Variable resistor 100k-B(treble]
SX-737,Receiver,ADD-040-B,ADD-040,"Knob (power, tape monitor,filter,loudness)"
SX-737,Receiver,ADD-082-B,ADD-082,Knob (Speakers)
SX-737,Receiver,ADG-004-0,ADG-004,AC power cord (F)
SX-737,Receiver,ADG-005-A,ADG-005,AC power cord (KCU)
SX-737,Receiver,ADH-002-0,ADH-002,FM T-type antenna
SX-737,Receiver,AEB-019-0,AEB-019,P.C. board holder
SX-737,Receiver,AEB-060-0,AEB-060,Rubber bracket
SX-737,Receiver,AEC-004-0,AEC-004,Wire clip-A
SX-737,Receiver,AEC-005-0,AEC-005,Wire clip-B
SX-737,Receiver,AEC-007-0,AEC-007,Wire clip-C
SX-737,Receiver,AEC-017-0,AEC-017,Small pulley
SX-737,Receiver,AEC-061-A,AEC-061,Foot assembly
SX-737,Receiver,AEC-064-0,AEC-064,Wire clip
SX-737,Receiver,AEC-079-0,AEC-079,AC cord grommet
SX-737,Receiver,AEC-079-0,AEC-079,"AC cord grommet (KCU,F)"
SX-737,Receiver,AEC-085-0,AEC-085,Nut (insulator)
SX-737,Receiver,AEC-101-0,AEC-101,Pulley (large)
SX-737,Receiver,AEC-116-0,AEC-116,Spacer
SX-737,Receiver,AEC-119-0,AEC-119,Sponge rubber
SX-737,Receiver,AEC-152-B,AEC-152,Spacer
SX-737,Receiver,AEC-153-0,AEC-153,Pulley (small)
SX-737,Receiver,AEC-154-0,AEC-154,Antenna clamper
SX-737,Receiver,AEC-160-0,AEC-160,Bush
SX-737,Receiver,AED-025-A,AED-025,Shading plate
SX-737,Receiver,AEK-003-0,AEK-003,Fuse 3A (protection -KCU)
SX-737,Receiver,AEK-013-0,AEK-013,Fuse 1.6A (protection- GN)
SX-737,Receiver,AEK-042-0,AEK-042,Fuse 3.15A (protection - GN)
SX-737,Receiver,AEK-101-0,AEK-101,Fuse 3A (AC power - KCU)
SX-737,Receiver,AEK-101-0,AEK-101,"Fuse 3A (protection - KCU,F)"
SX-737,Receiver,AEK-104-0,AEK-104,Fuse 1.5A (AC power -F)
SX-737,Receiver,AEK-106-0,AEK-106,"Fuse 1A (protection - KCU,F)"
SX-737,Receiver,AEK-106-0,AEK-106,"Fuse 1A (protection - KCU,F)"
SX-737,Receiver,AEK-106-0,AEK-106,"Fuse 1A (protection - KCU,F)"
SX-737,Receiver,AEL-022-0,AEL-022,"Pilot lamp 8V, 50mA (program indicator)"
SX-737,Receiver,AEL-022-0,AEL-022,"Pilot lamp 8V, 50mA (program indicator)"
SX-737,Receiver,AEL-023-0,AEL-023,"Pilot lamp BV,50mA(program indicator)"
SX-737,Receiver,AHA-068-0,AHA-068,Side pad
SX-737,Receiver,AHC-015-0,AHC-015,Inside packing
SX-737,Receiver,AHD-223-0,AHD-223,Packing case
SX-737,Receiver,AKA-001-0,AKA-001,Speaker output terminal
SX-737,Receiver,AKA-002-0,AKA-002,Antenna terminal board
SX-737,Receiver,AKB-014-0,AKB-014,Phono jack-A (4 jacks)
SX-737,Receiver,AKB-015-0,AKB-015,Phono jack-B (4 jacks)
SX-737,Receiver,AKC-023-0,AKC-023,Terminal strip (2P) (GN)
SX-737,Receiver,AKE-017-0,AKE-017,Binding post for ground
SX-737,Receiver,AKK-002-0,AKK-002,Pilot lamp socket
SX-737,Receiver,AKP-004-0,AKP-004,"AC socket (KCU,F)"
SX-737,Receiver,AKP-008-0,AKP-008,Connector (AC power - GN)
SX-737,Receiver,AKR-001-0,AKR-001,Fuse holder (AC power - F)
SX-737,Receiver,AKR-007-0,AKR-007,Fuse holder (AC power - KCU)
SX-737,Receiver,AMM-040-0,AMM-040,Wooden cabinet
SX-737,Receiver,ANA-069-A,ANA-069,Chassis
SX-737,Receiver,ANB-273-0,ANB-273,Front panel assembly
SX-737,Receiver,ANC-118-0,ANC-118,Rear panel (KCU)
SX-737,Receiver,ANC-119-0,ANC-119,Rear panel (F)
SX-737,Receiver,ANC-120-0,ANC-120,Rear panel (GN)
SX-737,Receiver,AND-075-A,AND-075,Sub-panel
SX-737,Receiver,ANE-058-0,ANE-058,Bottom plate
SX-737,Receiver,ANF-237-C,ANF-237,P.C. board-held metal-A
SX-737,Receiver,ANF-238-C,ANF-238,P.C. board-held metal-B
SX-737,Receiver,ANF-259-0,ANF-259,Sub-chassis
SX-737,Receiver,ANF-260-0,ANF-260,Lamp-held metal
SX-737,Receiver,ANG-105-0,ANG-105,Dial scale-held metal
SX-737,Receiver,ANH-217-A,ANH-217,Lamp box
SX-737,Receiver,ANH-218-0,ANH-218,Meter lamp box
SX-737,Receiver,ANK-072-0,ANK-072,P.C. board cover
SX-737,Receiver,ARB-105-0,ARB-105,Operating instructions SX-737 (English)
SX-737,Receiver,ARD-069-0,ARD-069,Operating instructions SX-737 (French/German)
SX-737,Receiver,ASD-017-0,ASD-017,Rotary switch (rec selector)
SX-737,Receiver,ASD-018-0,ASD-018,Rotary switch (function)
SX-737,Receiver,ASG-071-0,ASG-071,"Push switch (mode, FM muting)"
SX-737,Receiver,ASG-072-0,ASG-072,Push switch (speakers)
SX-737,Receiver,ASH-008-0,ASH-008,Slide switch (de-emphasis - F)
SX-737,Receiver,ASH-008-0,ASH-008,Slide switch (de-emphasis - GN)
SX-737,Receiver,ASK-028-A,ASK-028,Lever switch (tape monitor-1)
SX-737,Receiver,ASK-028-A,ASK-028,Lever switch (tape monitor-2)
SX-737,Receiver,ASK-062-0,ASK-062,Lever switch (loudness)
SX-737,Receiver,ASK-062-0,ASK-062,Lever switch (turn over)
SX-737,Receiver,ASK-062-0,ASK-062,Lever switch (turn over)
SX-737,Receiver,ASK-066-0,ASK-066,Lever switch (power - KCU)
SX-737,Receiver,ASK-067-0,ASK-067,Lever switch (Power - F)
SX-737,Receiver,ASK-068-0,ASK-068,Lever switch (power - GN)
SX-737,Receiver,ASR-007-0,ASR-007,Relay
SX-737,Receiver,ATB-026-0,ATB-026,Ferrite loopstick antenna
SX-737,Receiver,ATT-186-0,ATT-186,Power transformer (KCU)
SX-737,Receiver,ATT-191-0,ATT-191,Power transformer (GN)
SX-737,Receiver,ATT-192-0,ATT-192,Power transformer (F)
SX-737,Receiver,AWE-043-0,AWE-043,Tuner assembly
SX-737,Receiver,AWF-011-0,AWF-011,Equalizer amplifier assembly
SX-737,Receiver,AWG-030-0,AWG-030,Control amplifier assembly
SX-737,Receiver,AWH-033-0,AWH-033,Power amplifier assembly
SX-737,Receiver,AWM-025-C,AWM-025,Protection circuit assembly
SX-737,Receiver,AWM-066-0,AWM-066,Microphone amplifier assembly
SX-737,Receiver,AWR-057-0,AWR-057,"Power supply circuit assembly (KCU,F)"
SX-737,Receiver,AWR-058-0,AWR-058,Power supply circuit assembly (GN)
SX-737,Receiver,AWS-076-0,AWS-076,Speaker switch circuit assembly
SX-737,Receiver,AWS-077-0,AWS-077,Push switch circuit assembly
SX-737,Receiver,AWX-062-0,AWX-062,5P connector assembly
SX-737,Receiver,AWX-071-0,AWX-071,Switch & volume circuit assembly
SX-737,Receiver,AWX-072-0,AWX-072,Lamp board assembly
SX-737,Receiver,AXA-057-0,AXA-057,Tuning shaft assembly
SX-737,Receiver,AXA-058-A,AXA-058,Tuning pulley assembly
SX-737,Receiver,AXB-001-A,AXB-001,Ferrite antenna holder assembly
SX-737,Receiver,B21-011-0,B21-011,Washer
SX-737,Receiver,CKDYF 103Z 50,CKDYF 103Z 50,Ceramic  0.01  50V
SX-737,Receiver,CQMA 822J 50,CQMA 822J 50,"Mylar  0.0082  50V (KCU,F)"
SX-737,Receiver,CQMA 822J 50,CQMA 822J 50,"Mylar  0.0082  50V (KCU,F)"
SX-737,Receiver,E21-031-0,E21-031,Fuse 1A (protection - GN)
SX-737,Receiver,E22-032-0,E22-032,"Pilot lamp 8V, 0.3A (dial scale)"
SX-737,Receiver,E22-032-0,E22-032,"Pilot lamp 8V, 0.3A (meter & dial scale]"
SX-737,Receiver,E32-045-0,E32-045,Spacer (insulator)
SX-737,Receiver,K13-047-0,K13-047,Ground terminal strip (4P)
SX-737,Receiver,K13-048-0,K13-048,Ground terminal strip (2P)
SX-737,Receiver,K72-026-0,K72-026,Phone jack (headphone)
SX-737,Receiver,K91-008-0,K91-008,Fuse holder (protection GN)
SX-737,Receiver,M45-005-C,M45-005,Wire supporter
SX-737,Receiver,M45-105-C,M45-105,Wire supporter
SX-737,Receiver,M49-025-E,M49-025,Pulley shaft
SX-737,Receiver,RD½PS 225J,RD½PS 225J,Carbon film 2.2M ½W (KCU)
SX-737,Receiver,T22-025-A,T22-025,Balun
SX-750,Receiver,2SB 541-R,2SB 541,Transistor
SX-750,Receiver,2SB 541-R,2SB 541,Transistor
SX-750,Receiver,2SD 338-H,2SD 338,Transistor
SX-750,Receiver,2SD 338-H,2SD 338,Transistor
SX-750,Receiver,AAA-036,AAA-036,Knob (TUNING)
SX-750,Receiver,AAB-099,AAB-099,Knob (BALANCE)
SX-750,Receiver,AAB-099,AAB-099,Knob (BASS)
SX-750,Receiver,AAB-099,AAB-099,Knob (TREBLE)
SX-750,Receiver,AAB-100,AAB-100,Knob (FUNCTION)
SX-750,Receiver,AAB-100,AAB-100,Knob (SPEAKERS)
SX-750,Receiver,AAB-100,AAB-100,Knob (VOLUME)
SX-750,Receiver,AAD-112,AAD-112,Knob (FM MUTING)
SX-750,Receiver,AAD-113,AAD-113,Knob (DUPLICATE)
SX-750,Receiver,AAD-113,AAD-113,Knob (HIGH FILTER)
SX-750,Receiver,AAD-113,AAD-113,Knob (LOUDNESS)
SX-750,Receiver,AAD-113,AAD-113,Knob (MODE)
SX-750,Receiver,AAD-113,AAD-113,Knob (TAPE MONITOR)
SX-750,Receiver,AAD-113,AAD-113,Knob (TONE)
SX-750,Receiver,AAF-048,AAF-048,Dial pointer assembly
SX-750,Receiver,AAG-114,AAG-114,Dial panel
SX-750,Receiver,AAW-040,AAW-040,Double meter
SX-750,Receiver,ABN-018,ABN-018,Special Nut
SX-750,Receiver,ACG-001,ACG-001,Ceramic 0.01 150V (DC1 .4kV)
SX-750,Receiver,ACG-003,ACG-003,Ceramic 0.01 150V (DC1 .4kV)
SX-750,Receiver,ACH-057,ACH-057,"Electrolytic 15,000 50V"
SX-750,Receiver,ACH-057,ACH-057,"Electrolytic 15,000 50V"
SX-750,Receiver,ACK-015,ACK-015,Tuning Capacitor
SX-750,Receiver,ACV-135,ACV-135,Variable resistor (BALANCE)
SX-750,Receiver,ACV-138,ACV-138,Variable resistor (BASS)
SX-750,Receiver,ACV-138,ACV-138,Variable resistor (TREBLE)
SX-750,Receiver,ACV-179,ACV-179,Variable resistor 100k (VOLUME)
SX-750,Receiver,ADG-005,ADG-005,AC power cord
SX-750,Receiver,AEC-153,AEC-153,Pully
SX-750,Receiver,AEC-241,AEC-241,"INDICATOR (POWER, STEREO)"
SX-750,Receiver,AEC-251,AEC-251,Acrylic board
SX-750,Receiver,AEC-254,AEC-254,Shaft cover
SX-750,Receiver,AEC-255,AEC-255,"INDICATOR (AM, FM, PHONO, AUX)"
SX-750,Receiver,AEK-100,AEK-100,Fuse 4A
SX-750,Receiver,AEK-104,AEK-104,Fuse 1.5A
SX-750,Receiver,AEK-107,AEK-107,Fuse 0.5A
SX-750,Receiver,AEK-111,AEK-111,Fuse 0.8A
SX-750,Receiver,AEK-111,AEK-111,Fuse 0.8A
SX-750,Receiver,AEL-060,AEL-060,Lamp assembly
SX-750,Receiver,AEL-060,AEL-060,"Lamp assembly (8V, 0.3A)"
SX-750,Receiver,AEL-060,AEL-060,"Lamp assembly (8V, 0.3A)"
SX-750,Receiver,AEL-060,AEL-060,"Lamp assembly (8V, 0.3A)"
SX-750,Receiver,AEL-064,AEL-064,"Lamp with leads (8V, 50mA)"
SX-750,Receiver,AEL-066,AEL-066,"Lamp with leads (8V, 50mA)"
SX-750,Receiver,AEL-067,AEL-067,"Lamp with leads (8V, 50mA)"
SX-750,Receiver,AEL-068,AEL-068,"Lamp with leads (8V, 50mA)"
SX-750,Receiver,AEL-069,AEL-069,"Lamp with leads (8V, 50mA)"
SX-750,Receiver,AEL-069,AEL-069,"Lamp with leads (8V, 50mA)"
SX-750,Receiver,AKA-002,AKA-002,Terminal (ANTENNA)
SX-750,Receiver,AKB-027,AKB-027,Terminal (INPUT)
SX-750,Receiver,AKB-027,AKB-027,Terminal (TAPE 1)
SX-750,Receiver,AKB-027,AKB-027,Terminal (TAPE 2)
SX-750,Receiver,AKE-029,AKE-029,Terminal (SPEAKER)
SX-750,Receiver,AKN-010,AKN-010,Phone jack (Head phone)
SX-750,Receiver,AKN-010,AKN-010,Phone jack (Headphones)
SX-750,Receiver,AKN-013,AKN-013,Phone jack (MIC)
SX-750,Receiver,AKP-007,AKP-007,REC-PB connector socket (5P)
SX-750,Receiver,AMM-053,AMM-053,Wooden cabinet
SX-750,Receiver,ANB-421,ANB-421,Front panel assembly
SX-750,Receiver,ART-081-0,ART-081,Service Manual SX-750
SX-750,Receiver,ASA-038,ASA-038,Rotary switch (SPEAKERS/POWER)
SX-750,Receiver,ASD-049,ASD-049,Rotary switch (FUNCTION)
SX-750,Receiver,ASG-097,ASG-097,Push switch (FM MUTING)
SX-750,Receiver,ASH-015,ASH-015,Slide switch (DE-EMPHASIS)
SX-750,Receiver,ASK-090,ASK-090,Lever switch (HIGH FILTER)
SX-750,Receiver,ASK-090,ASK-090,Lever switch (LOUDNESS)
SX-750,Receiver,ASK-090,ASK-090,Lever switch (MODE)
SX-750,Receiver,ASK-090,ASK-090,Lever switch (TONE)
SX-750,Receiver,ASK-092,ASK-092,Lever switch (DUPLICATE)
SX-750,Receiver,ASK-102,ASK-102,Lever switch (TAPE MONITOR)
SX-750,Receiver,ATT-264,ATT-264,Power transformer (KU model)
SX-750,Receiver,ATT-301,ATT-301,Power transformer (KC model)
SX-750,Receiver,AWE-073,AWE-073,"Tuner, AF & control assembly"
SX-750,Receiver,AWG-046,AWG-046,Tone control assembly
SX-750,Receiver,AWH-046,AWH-046,Power amplifier assembly
SX-750,Receiver,AWK-065,AWK-065,Amplifier Assembly
SX-750,Receiver,AWM-094,AWM-094,Filter & muting assembly
SX-750,Receiver,AWR-099,AWR-099,Power supply & Protection assembly
SX-750,Receiver,AWR-100,AWR-100,Power supply assembly
SX-750,Receiver,AXA-070,AXA-070,Tuning drum assembly
SX-750,Receiver,AXA-124,AXA-124,Tuning shaft assembly
SX-750,Receiver,AXB-004,AXB-004,Ferrite bar antenna
SX-750,Receiver,N/A,N/A,Operating Instructions SX-750
SX-750,Receiver,RD ½PS 225J,RD ½PS 225J,Carbon film 2.2M ½W
SX-750,Receiver,T22-025,T22-025,Ferrite balun
SX-750,Receiver,T24-030,T24-030,Choke coil
SX-770,Receiver,A12-131-A,A12-131,"Knob, Volume, Balance, Bass Treble,Output Selector"
SX-770,Receiver,A12-136-A,A12-136,"Knob, Selector"
SX-770,Receiver,A12-139-A,A12-139,"Knob, Tuning"
SX-770,Receiver,A31-087-A,A31-087,Dial Pointer
SX-770,Receiver,A33-088-B,A33-088,Dial Glass
SX-770,Receiver,A62-045-0,A62-045,Bracket for FM Stereo
SX-770,Receiver,A91-009-A,A91-009,Tuning Meter
SX-770,Receiver,C82-038-0,C82-038,"250kΩ dual,Volume"
SX-770,Receiver,C82-040-0,C82-040,"100kΩ dual, BASS Control"
SX-770,Receiver,C82-040-0,C82-040,"100kΩ dual, TREBLE Control"
SX-770,Receiver,C85-052-0,C85-052,"50kΩ dual, Balance"
SX-770,Receiver,E21-027-0,E21-027,Fuse 2A
SX-770,Receiver,E22-015-A,E22-015,Pilot Lamp (for FM Stereo)
SX-770,Receiver,E22-017-0,E22-017,Pilot Lamp (for Dial Glass)
SX-770,Receiver,E22-020-0,E22-020,Pilot Lamp (for Tuning Meter)
SX-770,Receiver,K21-005-C,K21-005,Terminal 1P
SX-770,Receiver,K21-009-C,K21-009,Terminal 2P
SX-770,Receiver,K22-010-A,K22-010,Terminal 4P
SX-770,Receiver,K22-013-C,K22-013,Terminal 6P
SX-770,Receiver,K42-003-0,K42-003,Pilot Lamp Socket
SX-770,Receiver,K72-020-0,K72-020,Microphone Jack
SX-770,Receiver,K72-021-B,K72-021,Headphone Jack
SX-770,Receiver,K73-003-A,K73-003,Jack for Speaker
SX-770,Receiver,K82-011-0,K82-011,Spare AC Outlet
SX-770,Receiver,K93-003-B,K93-003,Connector 5P
SX-770,Receiver,K96-007-0,K96-007,Fuse Holder
SX-770,Receiver,M21-303-0,M21-303,Front Panel
SX-770,Receiver,M21-309-A,M21-309,Plastic Panel
SX-770,Receiver,M42-041-C,M42-041,Dial Pulley (for Tuning Capacitor)
SX-770,Receiver,M49-009-B,M49-009,Dial Pulley
SX-770,Receiver,M52-112-0,M52-112,Wooden Base
SX-770,Receiver,R12-061-0,R12-061,"Installation, Operating and Service Manual (KCW) SX-770"
SX-770,Receiver,S11-022-A,S11-022,Output Selector
SX-770,Receiver,S13-030-0,S13-030,Input Selector
SX-770,Receiver,S31-022-0,S31-022,AFC Switch (Push type)
SX-770,Receiver,S31-022-0,S31-022,High Cut Filter Switch (Push type)
SX-770,Receiver,S31-022-0,S31-022,Loudness Swnch (Push type)
SX-770,Receiver,S31-022-0,S31-022,Mode Switch (Push type)
SX-770,Receiver,S31-022-0,S31-022,Muting Switch (Push type)
SX-770,Receiver,S31-022-0,S31-022,TAPE Montor Switch (Push type)
SX-770,Receiver,T24-030-0,T24-030,Choke Coil
SX-770,Receiver,T42-025-0,T42-025,AM Ferrite Loopstick Antenna
SX-770,Receiver,T52-160-C,T52-160,POWER Transformer
SX-770,Receiver,W11-035-0,W11-035,FM FRONT END
SX-770,Receiver,W13-024-D,W13-024,MPX Unit
SX-770,Receiver,W13-026-B,W13-026,MPX Unit (Later)
SX-770,Receiver,W15-032-B,W15-032,HEAD AMP Unit
SX-770,Receiver,W15-033-0,W15-033,CONTROL AMP Unit
SX-770,Receiver,W15-085-0,W15-085,MAIN AMP Unit
SX-770,Receiver,W15-086-0,W15-086,PUSH SWITCH Unit (A)
SX-770,Receiver,W15-087-0,W15-087,PUSH SWITCH Unit (B)
SX-770,Receiver,W16-024-0,W16-024,POWER SUPPLY Unit
SX-770,Receiver,W18-026-0,W18-026,MUTING Unit
SX-770,Receiver,W35-012-B,W35-012,TUNER Unit
SX-780,Receiver,AAA-050,AAA-050,Knob (TUNING)
SX-780,Receiver,AAB-175,AAB-175,Knob (BASS)
SX-780,Receiver,AAB-175,AAB-175,Knob (FUNCTION)
SX-780,Receiver,AAB-175,AAB-175,Knob (TREBLE)
SX-780,Receiver,AAB-176,AAB-176,Knob (BALANCE)
SX-780,Receiver,AAB-185,AAB-185,Knob (VOLUME)
SX-780,Receiver,AAD-110,AAD-110,Knob (SPEAKERS)
SX-780,Receiver,AAD-138,AAD-138,Knob (FM MUTING)
SX-780,Receiver,AAD-138,AAD-138,Knob (LOUDNESS)
SX-780,Receiver,AAD-138,AAD-138,Knob (LOW FILTER)
SX-780,Receiver,AAD-138,AAD-138,Knob (MODE)
SX-780,Receiver,AAD-138,AAD-138,Knob (TAPE MONITOR)
SX-780,Receiver,AAD-139,AAD-139,Knob (POWER)
SX-780,Receiver,AAF-074,AAF-074,Dial pointer assembly
SX-780,Receiver,AAG-161,AAG-161,Dial panel
SX-780,Receiver,AAW-092,AAW-092,Power meter
SX-780,Receiver,AAW-093,AAW-093,AM-FM meter
SX-780,Receiver,ACG-001,ACG-001,Ceramic 0.01 /250V
SX-780,Receiver,ACK-012,ACK-012,Tuning Capacitor
SX-780,Receiver,ACN-029,ACN-029,Carbon composition resistor 2.2MΩ
SX-780,Receiver,ACN-031,ACN-031,Wire wound resistor 220Ω
SX-780,Receiver,ACT-019,ACT-019,Variable 1M (BALANCE)
SX-780,Receiver,ACV-161,ACV-161,Variable 100k-B (VOLUME)
SX-780,Receiver,ACV-193,ACV-193,Variable 100k (BASS)
SX-780,Receiver,ACV-194,ACV-194,Variable 100k (TREBLE)
SX-780,Receiver,ADG-023,ADG-023,AC power cord
SX-780,Receiver,AEK-100,AEK-100,Fuse 4A
SX-780,Receiver,AEK-103,AEK-103,Fuse 2A
SX-780,Receiver,AEK-106,AEK-106,Fuse 1A
SX-780,Receiver,AEL-029,AEL-029,Lamp (wedge type) 8V/0.3A
SX-780,Receiver,AEL-307,AEL-307,LED (SOURCE-green)
SX-780,Receiver,AEL-307,AEL-307,LED (STEREO-red)
SX-780,Receiver,AEL-307,AEL-307,LED (TAPE MONITOR-red)
SX-780,Receiver,AKA-002,AKA-002,Terminal (ANTENNA)
SX-780,Receiver,AKB-038,AKB-038,Terminal 6P
SX-780,Receiver,AKB-039,AKB-039,Terminal 6P
SX-780,Receiver,AKE-026,AKE-026,Terminal (SPEAKERS)
SX-780,Receiver,AKE-031,AKE-031,Terminal (GND)
SX-780,Receiver,AKK-005,AKK-005,Lamp socket
SX-780,Receiver,AKN-009,AKN-009,Phone jack (PHONES)
SX-780,Receiver,AKP-004,AKP-004,AC socket (AC OUTLETS)
SX-780,Receiver,AMM-072,AMM-072,Wooden cover assembly
SX-780,Receiver,ANB-601,ANB-601,Front panel assembly
SX-780,Receiver,ANR-036,ANR-036,Acrylic board
SX-780,Receiver,ASE-107,ASE-107,Slide rotary (FUNCTION)
SX-780,Receiver,ASG-139,ASG-139,Dual push (SPEAKERS)
SX-780,Receiver,ASH-016,ASH-016,Slide switch (DE-EMPHASIS)
SX-780,Receiver,ASK-144,ASK-144,Lever (FM MUTING)
SX-780,Receiver,ASK-144,ASK-144,Lever (LOUDNESS)
SX-780,Receiver,ASK-144,ASK-144,Lever (LOW FILTER)
SX-780,Receiver,ASK-144,ASK-144,Lever (MODE)
SX-780,Receiver,ASK-144,ASK-144,Lever switch (FM MUTING)
SX-780,Receiver,ASK-144,ASK-144,Lever switch (LOW FILTER)
SX-780,Receiver,ASK-145,ASK-145,Lever (TAPE MON 1)
SX-780,Receiver,ASK-145,ASK-145,Lever (TAPE MON 2)
SX-780,Receiver,ASK-507,ASK-507,Lever switch (POWER)
SX-780,Receiver,ASR-020,ASR-020,Relay
SX-780,Receiver,ASR-032,ASR-032,Relay
SX-780,Receiver,ATB-505,ATB-505,Bar antenna
SX-780,Receiver,ATT-512,ATT-512,Power transformer
SX-780,Receiver,AWE-099,AWE-099,Tuner assembly
SX-780,Receiver,AWR-169,AWR-169,Fuse assembly
SX-780,Receiver,AWR-175,AWR-175,Fuse assembly (S/G)
SX-780,Receiver,AXA-113,AXA-113,Tuning drum assembly
SX-780,Receiver,AXA-211,AXA-211,Tuning shaft assembly
SX-780,Receiver,AXB-012,AXB-012,Bar antenna holder
SX-780,Receiver,GWK-118,GWK-118,AF assembly
SX-780,Receiver,GWR-110,GWR-110,Capacitor assembly
SX-780,Receiver,GWX-191,GWX-191,LED assembly
SX-780,Receiver,GWX-192,GWX-192,Headphones assembly
SX-780,Receiver,STK-0050/A,STK-0050/A,Hybrid lC
SX-780,Receiver,T24-030,T24-030,Choke coil
SX-8,Receiver,AAD-457,AAD-457,Knob (FM)
SX-8,Receiver,AAD-458,AAD-458,Knob (AM)
SX-8,Receiver,AAD-459,AAD-459,Knob (PHONO)
SX-8,Receiver,AAD-460,AAD-460,Knob (AUX/VIDEO)
SX-8,Receiver,AAD-461,AAD-461,Knob (TAPE 1)
SX-8,Receiver,AAD-462,AAD-462,Knob (TAPE 2)
SX-8,Receiver,AAD-463,AAD-463,Knob (PRESET A)
SX-8,Receiver,AAD-464,AAD-464,Knob (PRESET B)
SX-8,Receiver,AAD-466,AAD-466,Knob (LOUDNESS)
SX-8,Receiver,AAD-467,AAD-467,Knob (POWER)
SX-8,Receiver,AAD-469,AAD-469,Knob (MUTlNG)
SX-8,Receiver,AAD-470,AAD-470,Knob (MEMORY)
SX-8,Receiver,AAD-471,AAD-471,"Knob (TONE, TUNING)"
SX-8,Receiver,AAD-472,AAD-472,Knob (FLAT)
SX-8,Receiver,AAD-473,AAD-473,Knob (STOP)
SX-8,Receiver,AAD-474,AAD-474,Knob (BALANCE L)
SX-8,Receiver,AAD-475,AAD-475,Knob (BALANCE R)
SX-8,Receiver,AAD-476,AAD-476,Knob (VOLUME)
SX-8,Receiver,AAD-484,AAD-484,"Knob (MONO, TUNlNG)"
SX-8,Receiver,AAD-484,AAD-484,"Knob (SPEAKERS, CLOCK)"
SX-8,Receiver,AAD-484,AAD-484,"Knob (SUBSONIC, PHONO)"
SX-8,Receiver,AAN-028,AAN-028,Station card set KU-type
SX-8,Receiver,AAN-029,AAN-029,Station card set S-type
SX-8,Receiver,AAN-029,AAN-029,Station card set S/G-type
SX-8,Receiver,AAV-306,AAV-306,LED level meter module
SX-8,Receiver,AAV-307,AAV-307,LED array
SX-8,Receiver,ABH-091,ABH-091,Coiled spring
SX-8,Receiver,ABH-092,ABH-092,Coiled spring
SX-8,Receiver,ABH-093,ABH-093,Coiled spring
SX-8,Receiver,ACG-001,ACG-001,Ceramic capacitor S/SG-type
SX-8,Receiver,ACG-017,ACG-017,Ceramic capacitor  KU-type
SX-8,Receiver,ACH-209,ACH-209,Electrolytic capacitor (1200V/63V)
SX-8,Receiver,ACN-029,ACN-029,"Carbon composition resistor (2.2M,1/2W) KU-type"
SX-8,Receiver,ADG-049,ADG-049,AC power cord S/SG-type
SX-8,Receiver,ADG-052,ADG-052,AC power cord  KU-type
SX-8,Receiver,ADH-004,ADH-004,T-type FM antenna
SX-8,Receiver,AEC-083,AEC-083,Foot assembly
SX-8,Receiver,AEC-327,AEC-327,Strain relief
SX-8,Receiver,AEC-875,AEC-875,Stopper
SX-8,Receiver,AEK-100,AEK-100,Fuse (4A) 220/240V S/SG-type
SX-8,Receiver,AEK-119,AEK-119,Fuse (1A)
SX-8,Receiver,AEK-122,AEK-122,Fuse (2A)
SX-8,Receiver,AEK-304,AEK-304,Fuse (8A) 110/120V KU-type
SX-8,Receiver,AEK-304,AEK-304,Fuse (8A) 110/120V S/SG-type
SX-8,Receiver,AEL-365,AEL-365,LED (Station indicator)
SX-8,Receiver,AEL-378,AEL-378,LED numeric display (Frequency/Time)
SX-8,Receiver,AEL-391,AEL-391,LED numeric display (VOLUME)
SX-8,Receiver,AEL-392,AEL-392,LED indicator (TONE)
SX-8,Receiver,AHA-313,AHA-313,Side Pad L
SX-8,Receiver,AHA-314,AHA-314,Side pad R
SX-8,Receiver,AHB-111,AHB-111,Cardboard spacer S/G-type
SX-8,Receiver,AHC-063,AHC-063,Inside parking KU-type
SX-8,Receiver,AHC-063,AHC-063,Inside parking S-type
SX-8,Receiver,AHC-064,AHC-064,Inside parking S/G-type
SX-8,Receiver,AHE-019,AHE-019,Packing case KU-type
SX-8,Receiver,AHE-019,AHE-019,Packing case S-type
SX-8,Receiver,AHE-021,AHE-021,Packing case S/G-type
SX-8,Receiver,AKA-017,AKA-017,Terminal (ANTENNA)
SX-8,Receiver,AKB-025,AKB-025,Terminal (To FM frontend)
SX-8,Receiver,AKB-076,AKB-076,Terminal (AM STEREO OUT)
SX-8,Receiver,AKB-078,AKB-078,"Terminal (PHONO, AUX)"
SX-8,Receiver,AKB-078,AKB-078,Terminal (PRE OUT/POWER AMP IN)
SX-8,Receiver,AKB-078,AKB-078,Terminal (TAPE)
SX-8,Receiver,AKE-105,AKE-105,Terminal (SPEAKERS)
SX-8,Receiver,AKM-041,AKM-041,Jumper plug
SX-8,Receiver,AKN-030,AKN-030,Phone jack (PHONES)
SX-8,Receiver,AKP-041,AKP-041,AC socket (AC OUTLETS)
SX-8,Receiver,AKR-031,AKR-031,Line voltage selector (w/ fuse holder) S/SG-type
SX-8,Receiver,AKX-063,AKX-063,Line voltage selector S/SG-type
SX-8,Receiver,ANE-380,ANE-380,Top cover
SX-8,Receiver,ANM-117,ANM-117,From panel assembly
SX-8,Receiver,ANR-450,ANR-450,Slider assembly
SX-8,Receiver,ANR-491,ANR-491,Display cover
SX-8,Receiver,ARB-467,ARB-467,Operating instructions  SX-8 KU-type
SX-8,Receiver,ARB-468,ARB-468,Operating instructions  SX-8 S-type
SX-8,Receiver,ARB-468,ARB-468,Operating instructions  SX-8 S/G-type
SX-8,Receiver,ARP-043-0,ARP-043,Service manual  SX-8 (KU)
SX-8,Receiver,ASG-310,ASG-310,"3-ganged Push switch (MONO/MUTE OFF, TUNING)"
SX-8,Receiver,ASG-311,ASG-311,"3-ganged push switch (SPEAKERS, CLOCK)"
SX-8,Receiver,ASG-533,ASG-533,Push switch (POWER) S/SG-type
SX-8,Receiver,ASG-534,ASG-534,Push switch (POWER)
SX-8,Receiver,ASG-534,ASG-534,Push switch (POWER)  KU-type
SX-8,Receiver,ASG-703,ASG-703,Tact switch
SX-8,Receiver,ASH-015,ASH-015,Slide switch (AM CHANNEL STEP)
SX-8,Receiver,ASH-016,ASH-016,Slide switch(DE-EMPHASIS) S/SG-type
SX-8,Receiver,ASR-068,ASR-068,Relay
SX-8,Receiver,ASX-175,ASX-175,Remote slide switch (MM/MC)
SX-8,Receiver,ASX-184,ASX-184,"3-ganged Push switch (MEMORY, SUBSONIC, PHONO)"
SX-8,Receiver,ATB-638,ATB-638,Bar-antenna assembly
SX-8,Receiver,ATT-882,ATT-882,Power transformer (120V) KU-type
SX-8,Receiver,ATT-883,ATT-883,Power transformer (120V) KU-type
SX-8,Receiver,ATT-887,ATT-887,Power transformer (116/120/220/240V) S/SG-type
SX-8,Receiver,ATT-888,ATT-888,Power transformer (110/120/220/240V) S/SG-type
SX-8,Receiver,ATX-013,ATX-013,Balun
SX-8,Receiver,AWH-113,AWH-113,Power amplifier assembly
SX-8,Receiver,AWR-236,AWR-236,Rectifier assembly
SX-8,Receiver,GWE-178,GWE-178,Tuner assembly
SX-8,Receiver,GWF-148,GWF-148,EQ/Function assembly
SX-8,Receiver,GWK-196,GWK-196,Control assembly
SX-8,Receiver,GWM-229,GWM-229,TC/Power supply assembly
SX-8,Receiver,GWS-392,GWS-392,Tape terminal assembly
SX-820,Receiver,2SA1075-G (2SA1075-B),2SA1075-G (2SA1075-B),Transistor
SX-820,Receiver,2SC2525-G (2SC2525-B),2SC2525-G (2SC2525-B),Transistor
SX-820,Receiver,AAA-065,AAA-065,Knob (TUNING)
SX-820,Receiver,AAB-239,AAB-239,"Knob (BASS, TREBLE)"
SX-820,Receiver,AAB-239,AAB-239,"Knob (VOLUME, BALANCE)"
SX-820,Receiver,AAD-139,AAD-139,"Lever knob assembly (LOW FILTER, TAPE MONITOR, MODE/FM MUTING)"
SX-820,Receiver,AAD-226,AAD-226,"Push knob (SPEAKERS FM, AM, AUX PHONO)"
SX-820,Receiver,AAN-029,AAN-029,Resistor (2.2MΩ)
SX-820,Receiver,ACN-116,ACN-116,"Resistor (200Ω, 10w)"
SX-820,Receiver,ACN-117,ACN-117,"Resistor (82Ω, 5W)"
SX-820,Receiver,ACT-021,ACT-021,Variable resistor 1M (BALANCE)
SX-820,Receiver,ACT-126,ACT-126,Variable resistor 250k (VOLUME)
SX-820,Receiver,ACT-127,ACT-127,Variable 100K (BASS)
SX-820,Receiver,ACT-127,ACT-127,Variable 100K (TREBLE)
SX-820,Receiver,ADG-023,ADG-023,AC power cord
SX-820,Receiver,ADH-002,ADH-002,T-type FM antenna
SX-820,Receiver,AEK-100,AEK-100,Fuse (4A)
SX-820,Receiver,AEK-101,AEK-101,Fuse (3A)
SX-820,Receiver,AEK-107,AEK-107,Fuse (0.5A)
SX-820,Receiver,AEL-029,AEL-029,Lamp (wedge type)
SX-820,Receiver,AEL-075,AEL-075,"Lamp with wire (8V,50mA)"
SX-820,Receiver,AHA-252,AHA-252,Side pad
SX-820,Receiver,AHD-782,AHD-782,Packing case
SX-820,Receiver,AKA-014,AKA-014,Terminal (ANTENNA)
SX-820,Receiver,AKB-063,AKB-063,Pin jack 4P
SX-820,Receiver,AKB-076,AKB-076,Terminal (AM STEREO OUT)
SX-820,Receiver,AKE-044,AKE-044,Terminal (SPEAKER)
SX-820,Receiver,AKN-030,AKN-030,Phone jack (PHONES)
SX-820,Receiver,AKP-039,AKP-039,AC socket (AC OUTLETS)
SX-820,Receiver,AMM-089,AMM-089,Bonnet case
SX-820,Receiver,ANB-916,ANB-916,Front panel assembly
SX-820,Receiver,ARB-375,ARB-375,Operating instructions SX-820
SX-820,Receiver,ART-535,ART-535,Service Manual SX-3700/SX-820
SX-820,Receiver,ASA-507,ASA-507,Lever switch (POWER)
SX-820,Receiver,ASG-240,ASG-240,Push switch (AM)
SX-820,Receiver,ASG-240,ASG-240,Push switch (AUX)
SX-820,Receiver,ASG-240,ASG-240,Push switch (FM)
SX-820,Receiver,ASG-240,ASG-240,Push switch (PHONO)
SX-820,Receiver,ASG-241,ASG-241,Push switch (SP A)
SX-820,Receiver,ASG-241,ASG-241,Push switch (SP B)
SX-820,Receiver,ASK-157,ASK-157,Lever switch (LOUDNESS)
SX-820,Receiver,ASK-157,ASK-157,Lever switch (LOW FILTER)
SX-820,Receiver,ASK-157,ASK-157,Lever switch (TAPE MONITOR 1)
SX-820,Receiver,ASK-157,ASK-157,Lever switch (TAPE MONITOR 2)
SX-820,Receiver,ASK-159,ASK-159,Lever switch (FM MUTING/MODE)
SX-820,Receiver,ASR-033,ASR-033,Relay
SX-820,Receiver,ATB-624,ATB-624,Bar-antenna Ass'y
SX-820,Receiver,ATT-696,ATT-696,Power transformer
SX-820,Receiver,AWS-149,AWS-149,Function switch assembly
SX-820,Receiver,AWV-011,AWV-011,Lead out assembly
SX-820,Receiver,AWV-013,AWV-013,FL asssmbly
SX-820,Receiver,GWM-159,GWM-159,Power amp/protector assembly
SX-820,Receiver,GWM-160,GWM-160,Tuner/AF assembly
SX-820,Receiver,GWS-233,GWS-233,Switch assembly
SX-820,Receiver,GWX-463,GWX-463,Detector assembly
SX-828,Receiver,AAA-006-0,AAA-006,Knob for tuning
SX-828,Receiver,AAB-007-B,AAB-007,"Knob for power, selector, mode, volume and balance"
SX-828,Receiver,AAB-013-0,AAB-013,Knob for bass and treble (L)
SX-828,Receiver,AAB-014-0,AAB-014,Knob for bass and treble (R)
SX-828,Receiver,AAD-026-0,AAD-026,Knob for push switch
SX-828,Receiver,AAD-028-0,AAD-028,Knob for lever switch
SX-828,Receiver,AAF-011-A,AAF-011,Dial pointer ass’y
SX-828,Receiver,AAG-031-A,AAG-031,Dial scale
SX-828,Receiver,AAW-006-0,AAW-006,Signal meter
SX-828,Receiver,AAW-007-0,AAW-007,Tuning meter
SX-828,Receiver,ACE-001-A,ACE-001,Oil paper  0.01  800V (KUW)
SX-828,Receiver,ACH 001-C,ACH 001,Electrolytic  1000  63V
SX-828,Receiver,ACH-015-0,ACH-015,Electrolytic  8000  50V
SX-828,Receiver,ACH-015-0,ACH-015,Electrolytic  8000  50V
SX-828,Receiver,ACV-105-0,ACV-105,"500k, dual, Volume"
SX-828,Receiver,ACV-202-A,ACV-202,"100k, dual, Treble"
SX-828,Receiver,ACV-202-A,ACV-202,"100k,dual, Bass"
SX-828,Receiver,AEC-027-B,AEC-027,Foot
SX-828,Receiver,AEL-007-0,AEL-007,Pilot lamp for program indicator and speaker indicator
SX-828,Receiver,AHA-012-A,AHA-012,Side pad (L)
SX-828,Receiver,AHA-013-A,AHA-013,Side pad (R)
SX-828,Receiver,AHB-006-0,AHB-006,Cardboard protector
SX-828,Receiver,AHB-007-0,AHB-007,Top pad
SX-828,Receiver,AHC-001-0,AHC-001,Accessory box
SX-828,Receiver,AHD-078-0,AHD-078,Packing case (KUW)
SX-828,Receiver,AHD-080-0,AHD-080,Packing case (FVZW)
SX-828,Receiver,AHD-080-0,AHD-080,Packing case (FW)
SX-828,Receiver,AKB-007-0,AKB-007,6P input terminal board (A)
SX-828,Receiver,AKB-008-0,AKB-008,6P input terminal board (B)
SX-828,Receiver,AKM-002-0,AKM-002,Jumper plug
SX-828,Receiver,AKP-002-0,AKP-002,Spare AC outlet
SX-828,Receiver,AKR 001-0,AKR 001,Fuse holder (FW)
SX-828,Receiver,AKR-001-0,AKR-001,Fuse holder (FVZW)
SX-828,Receiver,AKR-007-0,AKR-007,Fuse holder (KUW)
SX-828,Receiver,AMM-013-B,AMM-013,Wooden case
SX-828,Receiver,ANB-123-C,ANB-123,Front panel ass'y
SX-828,Receiver,ANK018-0,ANK018,Hexagonal wrench
SX-828,Receiver,ARB-049-0,ARB-049,Operating instructions SX-828
SX-828,Receiver,ASA-020-0,ASA-020,Speakers switch
SX-828,Receiver,ASB-011-A,ASB-011,Selector switch
SX-828,Receiver,ASK-014-0,ASK-014,Lever switch (AUDIO MUTING)
SX-828,Receiver,ASK-014-0,ASK-014,Lever switch (LOUDNESS)
SX-828,Receiver,ASK-014-0,ASK-014,Lever switch (LOW FILTER)
SX-828,Receiver,ASK-015-0,ASK-015,Lever switch (TAPE MON 1)
SX-828,Receiver,ASK-015-0,ASK-015,Lever switch (TAPE MON 2)
SX-828,Receiver,ASK-016-0,ASK-016,Lever switch (HIGH FILTER)
SX-828,Receiver,ASR-001-0,ASR-001,Relay
SX-828,Receiver,ATB-002-0,ATB-002,AM ferrite loopstick antenna (KUW)
SX-828,Receiver,ATT-058-0,ATT-058,Power transformer (KUW)
SX-828,Receiver,ATT-059,ATT-059,"Power transformer (FVZW,FW)"
SX-828,Receiver,AWB-005-0,AWB-005,FM front end (FVZW)
SX-828,Receiver,AWE-016-A,AWE-016,Tuner unit
SX-828,Receiver,AWH-010-0,AWH-010,Main amp unit
SX-828,Receiver,AWK-012-0,AWK-012,AF unit
SX-828,Receiver,AWM-025,AWM-025,Protector unit (later)
SX-828,Receiver,AWR-010-0,AWR-010,Power supply unit
SX-828,Receiver,AWS-017-0,AWS-017,Switch unit
SX-828,Receiver,AWX-009-0,AWX-009,MPX filter unit
SX-828,Receiver,AWX-016-0,AWX-016,Lamp box unit
SX-828,Receiver,AXA-013-0,AXA-013,Dial shaft ass'y
SX-828,Receiver,B11-012-A,B11-012,Screw for grounding
SX-828,Receiver,B11-016-B,B11-016,Screw to fix wooden case
SX-828,Receiver,BT5B 151 K,BT5B 151 K,Wire wound  150 5W
SX-828,Receiver,C43-003-0,C43-003,Ceramic  0.01  DC 1.4kV
SX-828,Receiver,C43-003-0,C43-003,Ceramic  0.01  DC 1.4kV
SX-828,Receiver,C43-003-0,C43-003,Ceramic  0.01  DC 1.4kV
SX-828,Receiver,C64-045-0,C64-045,AM tuning capacitor
SX-828,Receiver,C82-049-0,C82-049,"500k,dual, Balance"
SX-828,Receiver,CEA 221P 6,CEA 221P 6,Electrolytic  220  6V
SX-828,Receiver,CEB 471P 16,CEB 471P 16,Electrolytic  470  16V
SX-828,Receiver,CKDYF 103Z 50,CKDYF 103Z 50,Ceramic  0.01  50V
SX-828,Receiver,CKDYF 103Z 50,CKDYF 103Z 50,Ceramic  0.01  50V
SX-828,Receiver,COMA 472K 50,COMA 472K 50,Mylar  0.0047  50V
SX-828,Receiver,CQMA 223K 50,CQMA 223K 50,Mylar  0.022  50V (FVZW)
SX-828,Receiver,CQMA 223K 50,CQMA 223K 50,Mylar  0.022  50V (FW)
SX-828,Receiver,CQMA 223K 50,CQMA 223K 50,Mylar  0.022  50V (KUW)
SX-828,Receiver,CQMA 472K 50,CQMA 472K 50,Mylar  0.0047  50V
SX-828,Receiver,D11-002-B,D11-002,AC power cord (FVZW)
SX-828,Receiver,D11-002-B,D11-002,AC power cord (FW)
SX-828,Receiver,D11-003-E,D11-003,AC power cord (KUW)
SX-828,Receiver,D52-013-0,D52-013,FM T-type antenna
SX-828,Receiver,E21-006-0,E21-006,Fuse 3A (FVZW)
SX-828,Receiver,E21-006-0,E21-006,Fuse 3A (FW)
SX-828,Receiver,E21-012-0,E21-012,Fuse 3A (FVZW)
SX-828,Receiver,E21-012-0,E21-012,Fuse 3A (FW)
SX-828,Receiver,E21-019-A,E21-019,Fuse 0.5A for protection
SX-828,Receiver,E21-021-0,E21-021,Fuse 3A (KUW)
SX-828,Receiver,E21-022-A,E21-022,Fuse 3A for protection
SX-828,Receiver,E22-017-0,E22-017,Pilot lamp for dial scale
SX-828,Receiver,E22-032-0,E22-032,Pilot lamp for meter
SX-828,Receiver,K11-043,K11-043,Antenna input terminal board
SX-828,Receiver,K13-047-0,K13-047,4P ground terminal
SX-828,Receiver,K24-002-A,K24-002,8P socket (for MC transformer)
SX-828,Receiver,K71-030-0,K71-030,8P plug
SX-828,Receiver,K72-007-B,K72-007,Speaker plug
SX-828,Receiver,K72-015-A,K72-015,Pin plug
SX-828,Receiver,K72-024-0,K72-024,Microphone jack
SX-828,Receiver,K72-026-0,K72-026,Headphones jack
SX-828,Receiver,K72-028-0,K72-028,Speaker socket
SX-828,Receiver,K91-005-A,K91-005,Pilot lamp (for meter) socket
SX-828,Receiver,K93-003-B,K93-003,5P connector (DIN)
SX-828,Receiver,M42-080-A,M42-080,Dial pulley ass’y
SX-828,Receiver,PP-402,PP-402,MC phono input transformer
SX-828,Receiver,RD¼PS 104JNL,RD¼PS 104JNL,Carbon film  100k
SX-828,Receiver,RD¼PS 183JNL,RD¼PS 183JNL,Carbon film  18k
SX-828,Receiver,RD¼PS 183JNL,RD¼PS 183JNL,Carbon film  18k
SX-828,Receiver,RD¼PS 472JNL,RD¼PS 472JNL,Carbon film  4.7k
SX-828,Receiver,RD¼PS 473J,RD¼PS 473J,Carbon film  47k
SX-828,Receiver,RD¼PS 823J,RD¼PS 823J,Carbon film  82k
SX-828,Receiver,RD½PS 220J,RD½PS 220J,Carbon film  22 ½W
SX-828,Receiver,RD½PW 225J,RD½PW 225J,Carbon film  2.2M   (KUW)
SX-828,Receiver,RT5B 151 K,RT5B 151 K,Wire wound  150 5W
SX-828,Receiver,RT5B 151 K,RT5B 151 K,Wire wound  150 5W
SX-828,Receiver,RT5B 151K,RT5B 151K,Wire wound  150 5W
SX-828,Receiver,S14-035-0,S14-035,Mode switch
SX-828,Receiver,S41-022-A,S41-022,De-emphasis switch
SX-828,Receiver,SIB01-01,SIB01-01,Diode
SX-828,Receiver,T22-025-A,T22-025,Balun transformer
SX-828,Receiver,T24-025-B,T24-025,Heater choke coil
SX-828,Receiver,T24-030-0,T24-030,Choke coil
SX-828,Receiver,T42-024-A,T42-024,AM ferrite loopstick antenna (FVZW)
SX-828,Receiver,T42-024-A,T42-024,AM ferrite loopstick antenna (FW)
SX-828,Receiver,W11-043-A,W11-043,FM front end (FW)
SX-828,Receiver,W11-043-A,W11-043,FM front end (KUW)
SX-828,Receiver,W21-002-A,W21-002,Head amp unit
SX-828,Receiver,W28-008-A,W28-008,Protection unit
SX-828,Receiver,W52-004-0,W52-004,Compound part for REC jack
SX-828,Receiver,W72-092-B,W72-092,AM ferrite loopstick antenna holder
SX-838,Receiver,AAA-026-0,AAA-026,Knob (Tuning)
SX-838,Receiver,AAB-068-A,AAB-068,Knob (Bass)
SX-838,Receiver,AAB-068-A,AAB-068,"Knob (Treble, Volume, Balance, Rec selector)"
SX-838,Receiver,AAC-034-0,AAC-034,Ornamental ring
SX-838,Receiver,AAD-040-0,AAD-040,"Knob (Power. Turn over, Tape monitor, NR adaptor)"
SX-838,Receiver,AAD-064-A,AAD-064,"Knob (SPKR A, B, C)"
SX-838,Receiver,AAD-065-A,AAD-065,"Knob (Low cut, High cut, -20dB)"
SX-838,Receiver,AAD-066-A,AAD-066,Knob (Function)
SX-838,Receiver,AAD-067-A,AAD-067,"Knob (Mode, Loudness)"
SX-838,Receiver,AAD-082-A,AAD-082,Knob (FM muting)
SX-838,Receiver,AAE-007-0,AAE-007,Coupler (Knob-to-switch)
SX-838,Receiver,AAF-031-A,AAF-031,Dial pointer assembly
SX-838,Receiver,AAG-075-A,AAG-075,Dial scale
SX-838,Receiver,AAL-186-0,AAL-186,Model name plate (KCU)
SX-838,Receiver,AAL-188-0,AAL-188,Model name plate (GN)
SX-838,Receiver,AAL-202-0,AAL-202,Model name plate (F)
SX-838,Receiver,AAW-029-0,AAW-029,Meter (Signal & Tuning)
SX-838,Receiver,ABA-011-A,ABA-011,Screw M4X26
SX-838,Receiver,ACG-001-0,ACG-001,Ceramic  0.01  250V
SX-838,Receiver,ACG-001-0,ACG-001,Ceramic  0.01  250V (F)
SX-838,Receiver,ACG-003-0,ACG-003,Ceramic  0.01  250V (KCU)
SX-838,Receiver,ACH-001-C,ACH-001,Electrolytic  1000  63V
SX-838,Receiver,ACH-001-C,ACH-001,"Electrolytic capacitor 1,000uF 63V"
SX-838,Receiver,ACH-015-0,ACH-015,Electrolytic  8000  50V
SX-838,Receiver,ACH-015-0,ACH-015,Electrolytic  8000  50V
SX-838,Receiver,ACH-015-0,ACH-015,"Electrolytic capacitor 8,000uF 50V"
SX-838,Receiver,ACV-134-0,ACV-134,Variable resistor 250k-B1 (Volume)
SX-838,Receiver,ACV-135-0,ACV-135,Variable resistor 250k-HB (Balance)
SX-838,Receiver,ACV-136-0,ACV-136,Variable resistor (100k-B) Bass
SX-838,Receiver,ACV-136-0,ACV-136,Variable resistor (100k-B) Treble
SX-838,Receiver,ADG-004-0,ADG-004,AC power cord (F)
SX-838,Receiver,ADG-005-0,ADG-005,AC power cord (KCU)
SX-838,Receiver,AEB-019-0,AEB-019,P.C. board holder
SX-838,Receiver,AEB-031-A,AEB-031,Rubber bracket
SX-838,Receiver,AEB-057-A,AEB-057,Rubber bracket
SX-838,Receiver,AEB-057-A,AEB-057,Rubber bracket
SX-838,Receiver,AEC-004-0,AEC-004,Wire clip A
SX-838,Receiver,AEC-005-0,AEC-005,Wire clip B
SX-838,Receiver,AEC-007-0,AEC-007,Wire clip C
SX-838,Receiver,AEC-027-0,AEC-027,Foot
SX-838,Receiver,AEC-064-0,AEC-064,Wire clip
SX-838,Receiver,AEC-079-0,AEC-079,AC cord grommet
SX-838,Receiver,AEC-079-0,AEC-079,"AC cord grommet (KCU,F)"
SX-838,Receiver,AEC-084-C,AEC-084,Wire supporter
SX-838,Receiver,AEC-101-0,AEC-101,Pulley
SX-838,Receiver,AEC-101-0,AEC-101,Pulley
SX-838,Receiver,AEC-152-A,AEC-152,Spacer
SX-838,Receiver,AEC-153-0,AEC-153,Pulley
SX-838,Receiver,AEC-154-0,AEC-154,Antenna clamper
SX-838,Receiver,AED-018-0,AED-018,Shading plate
SX-838,Receiver,AEL-014-0,AEL-014,"Pilot lamp 6V, 30mA (Stereo indicator)"
SX-838,Receiver,AEL-015-0,AEL-015,"Pilot lamp 8V, 0.3A (meter)"
SX-838,Receiver,AEL-022-0,AEL-022,"Pilot lamp 8V,50mA(program indicator)"
SX-838,Receiver,AEL-023-0,AEL-023,"Pilot lamp 8V,50mA (program indicator)"
SX-838,Receiver,AKA-002-0,AKA-002,Antenna terminal board
SX-838,Receiver,AKB-014-0,AKB-014,Phono jack-A (4 jacks)
SX-838,Receiver,AKB-016-0,AKB-016,Phono jack-C (6 jacks)
SX-838,Receiver,AKB-019-0,AKB-019,Phono jack (1 jack)
SX-838,Receiver,AKE-012-A,AKE-012,Binding post for ground
SX-838,Receiver,AKE-014-0,AKE-014,Speaker output terminal
SX-838,Receiver,AKK-002-0,AKK-002,Pilot lamp socket
SX-838,Receiver,AKP-005-0,AKP-005,"AC socket (KCU,F)"
SX-838,Receiver,AKP-008-0,AKP-008,Connector (AC Power - GN)
SX-838,Receiver,AKR-001-0,AKR-001,Fuse holder (F)
SX-838,Receiver,AKR-008-0,AKR-008,Fuse holder (KCU)
SX-838,Receiver,AKR-008-0,AKR-008,Fuse holder (KCU)
SX-838,Receiver,AMM-035-B,AMM-035,Wooden cabinet
SX-838,Receiver,ANA-066-E,ANA-066,Chassis
SX-838,Receiver,ANB-262-B,ANB-262,From panel assembly
SX-838,Receiver,ANC-107-0,ANC-107,Rear panel (KCU)
SX-838,Receiver,ANC-112-B,ANC-112,Rear panel (F)
SX-838,Receiver,ANC-114-0,ANC-114,Rear Panel (GN)
SX-838,Receiver,AND-073-B,AND-073,Sub-panel
SX-838,Receiver,AND-074-B,AND-074,Sub-chassis
SX-838,Receiver,ANE-057-B,ANE-057,Bottom plate
SX-838,Receiver,ANF-233-0,ANF-233,Shield cover
SX-838,Receiver,ANF-234-0,ANF-234,Shield cover
SX-838,Receiver,ANF-235-A,ANF-235,Sub-chassis
SX-838,Receiver,ANF-237-A,ANF-237,"P.C, board-held metal (A)"
SX-838,Receiver,ANF-238-A,ANF-238,"P.C, board-held metal (B)"
SX-838,Receiver,ANF-240-A,ANF-240,Shield cover
SX-838,Receiver,ANF-243-A,ANF-243,Dial scale-held metal
SX-838,Receiver,ANF-249-0,ANF-249,Shading metal
SX-838,Receiver,ANF-249-0,ANF-249,Shading metal
SX-838,Receiver,ANF-250-0,ANF-250,Shield plate
SX-838,Receiver,ANG-097-0,ANG-097,Lamp holder
SX-838,Receiver,ANG-100-0,ANG-100,P.C. board cover
SX-838,Receiver,ANG-102-A,ANG-102,Pulley-held metal
SX-838,Receiver,ANG-103-0,ANG-103,Lamp holder
SX-838,Receiver,ANG-104-0,ANG-104,Lamp holder
SX-838,Receiver,ANH-210-A,ANH-210,Lamp box
SX-838,Receiver,ANH-211-B,ANH-211,Lamp box
SX-838,Receiver,ASD-017-0,ASD-017,Rotary switch(Rec selector)
SX-838,Receiver,ASG-058,ASG-058,Push switch (FM muting)
SX-838,Receiver,ASG-062-0,ASG-062,"Push switch (Filter, AF muting)"
SX-838,Receiver,ASG-063-0,ASG-063,"Push switch (mode, loudness)"
SX-838,Receiver,ASG-068-0,ASG-068,Push switch (speakers)
SX-838,Receiver,ASG-069-A,ASG-069,Push switch (Function)
SX-838,Receiver,ASH-008-0,ASH-008,Slide switch (F)
SX-838,Receiver,ASK-066-0,ASK-066,Lever switch (Power - KCU)
SX-838,Receiver,ASK-067-0,ASK-067,Lever switch (Power - F)
SX-838,Receiver,ASK-068-0,ASK-068,Lever switch (Power - GN)
SX-838,Receiver,ASK-069-0,ASK-069,Lever switch (Turn over high)
SX-838,Receiver,ASK-071-0,ASK-071,Lever switch (Turn over low)
SX-838,Receiver,ASK-072-0,ASK-072,Lever switch(Monitor 1)
SX-838,Receiver,ASK-072-0,ASK-072,Lever switch(Monitor 2)
SX-838,Receiver,ASK-072-0,ASK-072,Lever switch(NR adaptor)
SX-838,Receiver,ASR-007-0,ASR-007,Relay
SX-838,Receiver,ASR-007-0,ASR-007,Relay (KCU)
SX-838,Receiver,ATB-026-0,ATB-026,Ferrite loopstick antenna
SX-838,Receiver,ATT-168-A,ATT-168,Power transformer (KCU)
SX-838,Receiver,ATT-172-0,ATT-172,Power transformer (F)
SX-838,Receiver,ATT-181-0,ATT-181,Power transformer (GN)
SX-838,Receiver,AWE-041-A,AWE-041,Tuner assembly
SX-838,Receiver,AWF-011-0,AWF-011,Equalizer amplifier assembly
SX-838,Receiver,AWG-029-0,AWG-029,Control amplifier assembly
SX-838,Receiver,AWH-031-A,AWH-031,Power ampliﬁer assembly
SX-838,Receiver,AWM-025-C,AWM-025,Protection circuit assembly
SX-838,Receiver,AWM-064-0,AWM-064,Microphone amplifier assembly
SX-838,Receiver,AWR-055-A,AWR-055,"Power supply circuit assembly (KCU,F)"
SX-838,Receiver,AWR-064-0,AWR-064,Power supply circuit assembly (GN)
SX-838,Receiver,AWS-065-0,AWS-065,"Switch circuit assembly (mode, loudness)"
SX-838,Receiver,AWS-066-0,AWS-066,"Switch circuit assembly (filter,AF muting)"
SX-838,Receiver,AWS-073-0,AWS-073,Switch circuit assembly (function)
SX-838,Receiver,AWS-074-0,AWS-074,Switch circuit assembly (speakers)
SX-838,Receiver,AWS-075-0,AWS-075,Switch circuit assembly (FM muting]
SX-838,Receiver,AWX-062-0,AWX-062,5P connector assembly
SX-838,Receiver,AWX-069-0,AWX-069,Lamp board assembly
SX-838,Receiver,AWX-070-0,AWX-070,Switch & volume circuit assembly
SX-838,Receiver,AXA-015-A,AXA-015,Tuning pulley assembly
SX-838,Receiver,AXA-056-0,AXA-056,Tuning shaft assembly
SX-838,Receiver,AXB-001-A,AXB-001,Ferrite antenna holder assembly
SX-838,Receiver,B21-011-0,B21-011,Washer
SX-838,Receiver,B71-031-0,B71-031,Nut (insulator)
SX-838,Receiver,CKDYF 103Z 50,CKDYF 103Z 50,Ceramic  0.01  50V
SX-838,Receiver,CQMA 472J 50,CQMA 472J 50,Mylar  0.0007  50V
SX-838,Receiver,CQMA 472J 50,CQMA 472J 50,Mylar  0.0047  50V
SX-838,Receiver,K13-047-0,K13-047,Ground terminal strip
SX-838,Receiver,K13-048-0,K13-048,Ground terminal strip (2P)
SX-838,Receiver,K72-026-0,K72-026,Phone lack (Headphone)
SX-838,Receiver,M49-025-E,M49-025,Pulley shaft
SX-838,Receiver,M49-025-E,M49-025,Pulley shaft
SX-838,Receiver,M49-025-E,M49-025,Pulley shaft
SX-838,Receiver,RD½PS 225J,RD½PS 225J,Carbon film 2.2M ½W (KCU)
