model,category,part_number,normalized_part_number,description
PL-A45,Turntable,ART-008-A,ART-008,Service manual  PL-A45
PL-A45,Turntable,B11-054-C,B11-054,Screw
PL-A45,Turntable,B21-659-0,B21-659,Spacer
PL-A45,Turntable,B21-661-0,B21-661,Washer
PL-A45,Turntable,B22-026-0,B22-026,Washer
PL-A45,Turntable,B22-612-0,B22-612,Retaining washer E-type
PL-A45,Turntable,B22-612-0,B22-612,Washer (M)
PL-A45,Turntable,B22-642-0,B22-642,Washer
PL-A45,Turntable,B22-643-0,B22-643,Washer
PL-A45,Turntable,B22-650-0,B22-650,Washer
PL-A45,Turntable,B23-629-0,B23-629,Teflon washer
PL-A45,Turntable,B23-642-0,B23-642,Washer
PL-A45,Turntable,B23-642-0,B23-642,Washer
PL-A45,Turntable,B31-026-B,B31-026,Spring
PL-A45,Turntable,B31-028-B,B31-028,Spﬂng
PL-A45,Turntable,B31-029-B,B31-029,Spring
PL-A45,Turntable,B31-645-A,B31-645,Spring
PL-A45,Turntable,B31-745-B,B31-745,Spring
PL-A45,Turntable,B31-746-0,B31-746,Spring
PL-A45,Turntable,B31-748-0,B31-748,Spring
PL-A45,Turntable,B31-749-B,B31-749,Sprng
PL-A45,Turntable,B33-603-0,B33-603,Shaft
PL-A45,Turntable,B33-608-B,B33-608,Spring
PL-A45,Turntable,B33-609-A,B33-609,Spring
PL-A45,Turntable,B33-635-A,B33-635,Spring
PL-A45,Turntable,B71-625-A,B71-625,Nut
PL-A45,Turntable,B71-636-0,B71-636,Nut
PL-A45,Turntable,B71-656-B,B71-656,Nut
PL-A45,Turntable,E11-125-A,E11-125,Screwdriver
PL-A45,Turntable,E31-147-0,E31-147,Foot
PL-A45,Turntable,E31-173-A,E31-173,Rubber cushion
PL-A45,Turntable,E31-605-A,E31-605,Rubber cushion
PL-A45,Turntable,E31-736-A,E31-736,Rubber cushion
PL-A45,Turntable,E31-743-0,E31-743,Rubber grommet (A)
PL-A45,Turntable,E31-744-0,E31-744,Rubber grommet (B)
PL-A45,Turntable,E31-744-0,E31-744,Rubber grommet (B)
PL-A45,Turntable,E32-056-0,E32-056,AC cord grommet
PL-A45,Turntable,E33-625-0,E33-625,Buffer
PL-A45,Turntable,H52-632-0,H52-632,Cardboard
PL-A45,Turntable,H56-603-0,H56-603,Bag for unit
PL-A45,Turntable,K16-602-0,K16-602,Cable cramp
PL-A45,Turntable,K28-003-0,K28-003,Terminal (A)
PL-A45,Turntable,K28-005-A,K28-005,Terminal (C)
PL-A45,Turntable,KAA-008-A,KAA-008,Anti-skating knob
PL-A45,Turntable,KAH-003-0,KAH-003,Rubber mat ring
PL-A45,Turntable,KBA-022-0,KBA-022,Screw
PL-A45,Turntable,KBA-025-0,KBA-025,Motor set screw
PL-A45,Turntable,KBH-027-B,KBH-027,Spring
PL-A45,Turntable,KBH-040-0,KBH-040,Spring
PL-A45,Turntable,KDA-006-0,KDA-006,Cable
PL-A45,Turntable,KDE-022-B,KDE-022,Output cord
PL-A45,Turntable,KDE-022-B,KDE-022,Output cord
PL-A45,Turntable,KDG-007-0,KDG-007,AC cord
PL-A45,Turntable,KDG-007-0,KDG-007,Power cord
PL-A45,Turntable,KEB-006-0,KEB-006,Belt
PL-A45,Turntable,KEB-034-A,KEB-034,Rubber mat
PL-A45,Turntable,KEC-004-0,KEC-004,Capacitor 0.1uF AC 250V UL
PL-A45,Turntable,KEC-062-B,KEC-062,Dust cover
PL-A45,Turntable,KEK-002-0,KEK-002,Fuse (0.25A)
PL-A45,Turntable,KEM-001-A,KEM-001,Lubricator
PL-A45,Turntable,KEX-002-A,KEX-002,Screwdriver
PL-A45,Turntable,KHX-002-0,KHX-002,Parts box cover
PL-A45,Turntable,KHX-017-A,KHX-017,Miscellaneous parts box
PL-A45,Turntable,KKC-008-0,KKC-008,Terminal strip (1 L4P)
PL-A45,Turntable,KLA-068-A,KLA-068,Return lever hub
PL-A45,Turntable,KLA-159-0,KLA-159,Nut
PL-A45,Turntable,KLA-494-A,KLA-494,Sub-weight
PL-A45,Turntable,KMM-060-A,KMM-060,Wooden base
PL-A45,Turntable,KMS-069-0,KMS-069,Bottom cover
PL-A45,Turntable,KNA-097-0,KNA-097,Rubber washer
PL-A45,Turntable,KNA-099-B,KNA-099,Plate spring (D)
PL-A45,Turntable,KNA-100-A,KNA-100,Crank lever
PL-A45,Turntable,KNA-101-A,KNA-101,Actuator (Al
PL-A45,Turntable,KNA-102-B,KNA-102,Actuator (B)
PL-A45,Turntable,KNA-103-A,KNA-103,Break lever
PL-A45,Turntable,KNA-104-C,KNA-104,Return lever
PL-A45,Turntable,KNA-111-0,KNA-111,Function lever
PL-A45,Turntable,KNA-170-0,KNA-170,Washer
PL-A45,Turntable,KNA-217-0,KNA-217,Stop angle
PL-A45,Turntable,KNA-487-0,KNA-487,Metal plate
PL-A45,Turntable,KNA-487-0,KNA-487,Plate
PL-A45,Turntable,KNA-607-0,KNA-607,Angle plate
PL-A45,Turntable,KNH-078-0,KNH-078,Weight
PL-A45,Turntable,KNK-047-B,KNK-047,Plastic cover
PL-A45,Turntable,KNK-055-B,KNK-055,EP adaptor
PL-A45,Turntable,KNK-055-B,KNK-055,EP adaptor
PL-A45,Turntable,KNK-071-0,KNK-071,Pin
PL-A45,Turntable,KNK-120-0,KNK-120,Speed selector template
PL-A45,Turntable,KNK-122-0,KNK-122,Start lever knob
PL-A45,Turntable,KNK-143-0,KNK-143,Elevator knob
PL-A45,Turntable,KNK-164-0,KNK-164,Styrotector (L)
PL-A45,Turntable,KNK-165-F,KNK-165,Styrotector (R)
PL-A45,Turntable,KNK-186-0,KNK-186,Boss
PL-A45,Turntable,KNK-222-0,KNK-222,Terminal (B)
PL-A45,Turntable,KNK-244-0,KNK-244,Cord grommet
PL-A45,Turntable,KNK-297-0,KNK-297,Function lever template
PL-A45,Turntable,KNK-299-A,KNK-299,Control template
PL-A45,Turntable,KNP-032-A,KNP-032,Circuit board
PL-A45,Turntable,KPD-013-B,KPD-013,Tonearm assembly
PL-A45,Turntable,KRB-030-0,KRB-030,Operating instructions  PL-A45
PL-A45,Turntable,KSF-009-0,KSF-009,Microswitch
PL-A45,Turntable,KSF-009-0,KSF-009,Microswitch (A)
PL-A45,Turntable,KSF-010-0,KSF-010,Microswitch (B)
PL-A45,Turntable,KSH-002-0,KSH-002,Slide switch
PL-A45,Turntable,KSN-001-A,KSN-001,Switch
PL-A45,Turntable,KWM-005-0,KWM-005,Lock lever assembly
PL-A45,Turntable,KWM-010-0,KWM-010,Auto-return panel assembly
PL-A45,Turntable,KWM-011-A,KWM-011,Cam plate assembly
PL-A45,Turntable,KWM-012-B,KWM-012,Return lever assembly
PL-A45,Turntable,KWM-013-0,KWM-013,Starting lever assembly
PL-A45,Turntable,KWM-014-C,KWM-014,Cam unit
PL-A45,Turntable,KWM-015-A,KWM-015,Aluminum plate
PL-A45,Turntable,KWM-019-0,KWM-019,Function lever plate
PL-A45,Turntable,KXA-068-K,KXA-068,AUTO-RETURN ASSEMBLY
PL-A45,Turntable,KXA-084-C,KXA-084,FUNCTION LEVER ASSEMBLY
PL-A45,Turntable,KXA-126-0,KXA-126,SPEED SELECTOR ASSEMBLY
PL-A45,Turntable,KXA-158-B,KXA-158,Spring (C) assembly
PL-A45,Turntable,KXA-208-C,KXA-208,Spring (G) assembly
PL-A45,Turntable,KXA-241-A,KXA-241,Tonearm rest assembly
PL-A45,Turntable,KXA-392-0,KXA-392,Elevator arm Ass'y
PL-A45,Turntable,KXA-420-B,KXA-420,Lateral balance weight
PL-A45,Turntable,KXA-502-C,KXA-502,Anti-skating assembly
PL-A45,Turntable,KXA-516-A,KXA-516,PU-linking plate unit
PL-A45,Turntable,KXA-517-A,KXA-517,PU-LINKING PLATE ASSEMBLY
PL-A45,Turntable,KXA-566-A,KXA-566,Main weight
PL-A45,Turntable,KXA-566-A,KXA-566,Main weight
PL-A45,Turntable,KXA-631-0,KXA-631,Bottom cover assembly
PL-A45,Turntable,KXM-002-A,KXM-002,Warren motor
PL-A45,Turntable,M46-687-0,M46-687,Panel
PL-A45,Turntable,N11-006-0,N11-006,Phono motor
PL-A45,Turntable,N23-614-B,N23-614,Center shaft bearing
PL-A45,Turntable,N24-005-E,N24-005,Motor pulley 50Hz
PL-A45,Turntable,N24-005-E,N24-005,Motor pulley 50Hz
PL-A45,Turntable,N24-006-E,N24-006,Motor pulley 60Hz
PL-A45,Turntable,N24-006-E,N24-006,Motor pulley 60Hz
PL-A45,Turntable,N51-064-B,N51-064,Lever
PL-A45,Turntable,N51-065-0,N51-065,Screw
PL-A45,Turntable,N51-065-0,N51-065,Screw
PL-A45,Turntable,N51-073-A,N51-073,Elevation shaft
PL-A45,Turntable,N51-786-B,N51-786,Retaining collar
PL-A45,Turntable,N51-791-A,N51-791,Pin
PL-A45,Turntable,N51-794-0,N51-794,Washer
PL-A45,Turntable,N51-795-0,N51-795,Washer
PL-A45,Turntable,N54-048-0,N54-048,Screw
PL-A45,Turntable,N54-786-B,N54-786,Center shaft
PL-A45,Turntable,N61-017-0,N61-017,Motor cushion (A)
PL-A45,Turntable,N61-084-0,N61-084,Lock plate
PL-A45,Turntable,N62-770-0,N62-770,Lever (A) for tonearm elevator
PL-A45,Turntable,N62-799-B,N62-799,Elevation plate
PL-A45,Turntable,N64-013-0,N64-013,Lever (B) for tonearm elevator
PL-A45,Turntable,N64-018-0,N64-018,Motor cushion (B)
PL-A45,Turntable,N64-030-B,N64-030,Speed selector lever
PL-A45,Turntable,N64-031-A,N64-031,Washer
PL-A45,Turntable,N64-698-0,N64-698,Weight plate
PL-A45,Turntable,N91-602-0,N91-602,Punching
PL-A45,Turntable,N92-602-0,N92-602,Pin
PL-A45,Turntable,N93-007-A,N93-007,Adaptor catch
PL-A45,Turntable,N93-035-B,N93-035,Elevator cam
PL-A45,Turntable,RD½PS 333J,RD½PS 333J,Carbon film resistor 33k ½W
PL-A45,Turntable,W71-004-B,W71-004,CENTER SHAFT BEARING ASSEMBLY
PL-A45,Turntable,W71-033-0,W71-033,Turntable platter
PL-A45,Turntable,W71-755-0,W71-755,Stopper unit
PL-A45,Turntable,W71-757-0,W71-757,Start lever plate
PL-A45,Turntable,W71-763-B,W71-763,Lifter unit
PL-A45,Turntable,W72-040-E,W72-040,ELEVATION ASSEMBLY
PL-A45,Turntable,W72-041-0,W72-041,Elevator plate assembly
PL-A45,Turntable,W72-049-A,W72-049,Speed selector panel unit
PL-A45,Turntable,W72-050-A,W72-050,Speed selector plate unit
PL-A45,Turntable,W72-051-C,W72-051,Belt shifter
PL-A45,Turntable,W72-052-A,W72-052,Cam unit
PL-A45,Turntable,W72-055-C,W72-055,Selector lever unit
PL-A45,Turntable,W72-079-B,W72-079,Spring hinge
PL-A45,Turntable,W73-660-0,W73-660,Spacer
PL-A45D,Turntable,ART-058-0,ART-058,Service manual  PL-A45D
PL-A45D,Turntable,B11-044-C,B11-044,Screw
PL-A45D,Turntable,B11-055-C,B11-055,Screw
PL-A45D,Turntable,B11-657-C,B11-657,Screw
PL-A45D,Turntable,B21-659-0,B21-659,Spacer
PL-A45D,Turntable,B21-661-0,B21-661,Washer
PL-A45D,Turntable,B22-026-0,B22-026,Washer
PL-A45D,Turntable,B22-642-0,B22-642,Washer
PL-A45D,Turntable,B22-643-0,B22-643,Washer
PL-A45D,Turntable,B22-650-0,B22-650,Washer
PL-A45D,Turntable,B23-629-0,B23-629,Teflon washer
PL-A45D,Turntable,B23-642-0,B23-642,Washer
PL-A45D,Turntable,B23-642-0,B23-642,Washer
PL-A45D,Turntable,B31-026-B,B31-026,Spring
PL-A45D,Turntable,B31-028-B,B31-028,Spring
PL-A45D,Turntable,B31-029-B,B31-029,Spﬂng
PL-A45D,Turntable,B31-745-B,B31-745,Spring
PL-A45D,Turntable,B31-746-0,B31-746,Spring
PL-A45D,Turntable,B31-748-0,B31-748,Spring
PL-A45D,Turntable,B33-603-0,B33-603,Shaft
PL-A45D,Turntable,B33-608-B,B33-608,Spring
PL-A45D,Turntable,B33-609-A,B33-609,Spring
PL-A45D,Turntable,B33-635-C,B33-635,Spring
PL-A45D,Turntable,B71-636-0,B71-636,Nut
PL-A45D,Turntable,B71-653-A,B71-653,Nut
PL-A45D,Turntable,B71-656-B,B71-656,Nut
PL-A45D,Turntable,E11-125-A,E11-125,Screwdriver
PL-A45D,Turntable,E31-147-0,E31-147,Foot
PL-A45D,Turntable,E31-605-A,E31-605,Rubber cushion
PL-A45D,Turntable,E31-736-A,E31-736,Rubber cushion
PL-A45D,Turntable,E31-743-A,E31-743,Rubber grommet (A)
PL-A45D,Turntable,E31-744-0,E31-744,Rubber grommet (B)
PL-A45D,Turntable,E31-744-0,E31-744,Rubber grommet (B)
PL-A45D,Turntable,E32-056-0,E32-056,AC cord grommet
PL-A45D,Turntable,E33-001-0,E33-001,Buffer
PL-A45D,Turntable,H52-632-0,H52-632,Cardboard
PL-A45D,Turntable,H56-603-0,H56-603,Bag for unit
PL-A45D,Turntable,K16-602-0,K16-602,Cable cramp
PL-A45D,Turntable,K28-003-0,K28-003,Terminal (A)
PL-A45D,Turntable,K28-005-A,K28-005,Terminal (C)
PL-A45D,Turntable,KAA-013-0,KAA-013,Antlskating knob
PL-A45D,Turntable,KAH-003-0,KAH-003,Rubber mat ring
PL-A45D,Turntable,KBA-022-0,KBA-022,Screw
PL-A45D,Turntable,KBA-025-A,KBA-025,Motor set screw
PL-A45D,Turntable,KBA-043-0,KBA-043,Screw
PL-A45D,Turntable,KBA-044-0,KBA-044,Screw
PL-A45D,Turntable,KBA-045-0,KBA-045,Screw
PL-A45D,Turntable,KBH-002-0,KBH-002,Spring
PL-A45D,Turntable,KBH-027-B,KBH-027,Spﬂng
PL-A45D,Turntable,KBH-040-0,KBH-040,Spring
PL-A45D,Turntable,KDA-006-0,KDA-006,Cable
PL-A45D,Turntable,KDE-022-0,KDE-022,Output cord
PL-A45D,Turntable,KDE-022-D,KDE-022,Output cord
PL-A45D,Turntable,KDG-007-0,KDG-007,"AC cord (P,PV,PVT model)"
PL-A45D,Turntable,KDG-007-0,KDG-007,"AC cord (P,PV,PVT model)"
PL-A45D,Turntable,KDG-011-0,KDG-011,AC cord (KT model)
PL-A45D,Turntable,KDG-011-0,KDG-011,AC cord (KT model)
PL-A45D,Turntable,KEB-004-0,KEB-004,Belt
PL-A45D,Turntable,KEB-034-A,KEB-034,Rubber mat
PL-A45D,Turntable,KEC-004-0,KEC-004,Capacitor 0.1;1F AC 250V UL
PL-A45D,Turntable,KEK-008-0,KEK-008,Fuse (315 mA)
PL-A45D,Turntable,KEM-001-A,KEM-001,Lubricator
PL-A45D,Turntable,KEX-002-A,KEX-002,Screwdriver
PL-A45D,Turntable,KHC-059-0,KHC-059,Top cardboard
PL-A45D,Turntable,KHG-225-0,KHG-225,Packing case (P model)
PL-A45D,Turntable,KHG-235-0,KHG-235,Packing case (KT model)
PL-A45D,Turntable,KHK-204-0,KHK-204,Packing case (PV model)
PL-A45D,Turntable,KHK-252-0,KHK-252,Packing case (PVT model)
PL-A45D,Turntable,KHK-403-0,KHK-403,Packing ﬂap stopper
PL-A45D,Turntable,KHX-017-0,KHX-017,Miscellaneous parts box
PL-A45D,Turntable,KKC-008-0,KKC-008,Terminal strip (1L4P)
PL-A45D,Turntable,KKC-011-A,KKC-011,Lug terminal
PL-A45D,Turntable,KKR-001-0,KKR-001,Fuse holder
PL-A45D,Turntable,KLA-068-B,KLA-068,Return lever hub
PL-A45D,Turntable,KLA-159-0,KLA-159,Nut
PL-A45D,Turntable,KLA-494-A,KLA-494,Sub-weight
PL-A45D,Turntable,KMM-090-0,KMM-090,Wooden base
PL-A45D,Turntable,KNA-097-0,KNA-097,Rubber washer
PL-A45D,Turntable,KNA-099-B,KNA-099,Plate spring (D)
PL-A45D,Turntable,KNA-100-0,KNA-100,Crank lever
PL-A45D,Turntable,KNA-101-A,KNA-101,Actuator (A)
PL-A45D,Turntable,KNA-102-B,KNA-102,Actuator (B)
PL-A45D,Turntable,KNA-103-A,KNA-103,Break lever
PL-A45D,Turntable,KNA-104-C,KNA-104,Return lever
PL-A45D,Turntable,KNA-111-0,KNA-111,Function lever
PL-A45D,Turntable,KNA-170-0,KNA-170,Washer
PL-A45D,Turntable,KNA-217-0,KNA-217,Stop angle
PL-A45D,Turntable,KNA-487-0,KNA-487,Metal plate
PL-A45D,Turntable,KNA-487-0,KNA-487,Plate
PL-A45D,Turntable,KNH-078-0,KNH-078,Weight
PL-A45D,Turntable,KNK-047-C,KNK-047,Plastic cover
PL-A45D,Turntable,KNK-055-B,KNK-055,EP adaptor
PL-A45D,Turntable,KNK-055-B,KNK-055,EP adaptor
PL-A45D,Turntable,KNK-071-B,KNK-071,Pin
PL-A45D,Turntable,KNK-120-A,KNK-120,Speed selector template
PL-A45D,Turntable,KNK-122-0,KNK-122,Start lever knob
PL-A45D,Turntable,KNK-136-A,KNK-136,Boss
PL-A45D,Turntable,KNK-143-0,KNK-143,Elevator lever
PL-A45D,Turntable,KNK-222-0,KNK-222,Terminal (B)
PL-A45D,Turntable,KNK-226-B,KNK-226,Styrotector (Al
PL-A45D,Turntable,KNK-227-0,KNK-227,Styrotsctor (B)
PL-A45D,Turntable,KNK-244-0,KNK-244,Cord grommet
PL-A45D,Turntable,KNK-266-A,KNK-266,Dust cover
PL-A45D,Turntable,KNK-290-0,KNK-290,Overhang gauge
PL-A45D,Turntable,KNK-297-A,KNK-297,Function lever template
PL-A45D,Turntable,KNK-299-B,KNK-299,Control template
PL-A45D,Turntable,KNP-062-A,KNP-062,Circuit board
PL-A45D,Turntable,KPD-013-K,KPD-013,TONEARM ASSEMBLY
PL-A45D,Turntable,KRB-062-0,KRB-062,"Operating instructions (P,PV,PVT model)"
PL-A45D,Turntable,KRB-066-0,KRB-066,Operating instructions (KT model)
PL-A45D,Turntable,KSF-009-0,KSF-009,Microswitch
PL-A45D,Turntable,KSF-009-0,KSF-009,Microswitch (A)
PL-A45D,Turntable,KSF-010-0,KSF-010,Microswitch (B)
PL-A45D,Turntable,KSH-002-0,KSH-002,Slide switch
PL-A45D,Turntable,KSN-001-A,KSN-001,Switch
PL-A45D,Turntable,KWM-005-B,KWM-005,Lock lever assembly
PL-A45D,Turntable,KWM-010-G,KWM-010,Auto-return panel assembly
PL-A45D,Turntable,KWM-011-B,KWM-011,Cam plate assembly
PL-A45D,Turntable,KWM-012-C,KWM-012,Return lever assembly
PL-A45D,Turntable,KWM-013-0,KWM-013,Starting lever assembly
PL-A45D,Turntable,KWM-014-0,KWM-014,Carn unit
PL-A45D,Turntable,KWM-015-A,KWM-015,Aluminum plate assembly
PL-A45D,Turntable,KWM-019-0,KWM-019,Function lever plate
PL-A45D,Turntable,KXA-084-C,KXA-084,FUNCTION LEVER ASSEMBLY
PL-A45D,Turntable,KXA-126-0,KXA-126,SPEED SELECTOR ASSEMBLY
PL-A45D,Turntable,KXA-142-0,KXA-142,AUTO MECHANISM ASSEMBLY
PL-A45D,Turntable,KXA-158-B,KXA-158,Spring (C) assembly
PL-A45D,Turntable,KXA-208-C,KXA-208,Spring (G) assembly
PL-A45D,Turntable,KXA-241-A,KXA-241,Tonearm rest assembly
PL-A45D,Turntable,KXA-420-B,KXA-420,Lateral balance weight
PL-A45D,Turntable,KXA-516-A,KXA-516,PU-linking plate unit
PL-A45D,Turntable,KXA-517-A,KXA-517,PU-LINKING PLATE ASSEMBLY
PL-A45D,Turntable,KXA-566-A,KXA-566,Main weight
PL-A45D,Turntable,KXA-566-A,KXA-566,Main weight
PL-A45D,Turntable,KXA-603-A,KXA-603,Spring hinge
PL-A45D,Turntable,KXB-162-A,KXB-162,Anti-skating assembly
PL-A45D,Turntable,KXB-209-B,KXB-209,Bottom cover assembly
PL-A45D,Turntable,KXH-002-0,KXH-002,Parts box cover
PL-A45D,Turntable,KXM-037-0,KXM-037,Warren motor
PL-A45D,Turntable,KXX-392-A,KXX-392,Elevator arm assembly
PL-A45D,Turntable,M16-606-0,M16-606,Cord fixer
PL-A45D,Turntable,M46-687-0,M46-687,Stopper
PL-A45D,Turntable,M52-150-A,M52-150,Plate
PL-A45D,Turntable,N11-006-F,N11-006,Phono motor
PL-A45D,Turntable,N24-005-F,N24-005,Motor pulley 50Hz
PL-A45D,Turntable,N24-005-F,N24-005,Motor pulley 50Hz
PL-A45D,Turntable,N24-006-F,N24-006,Motor pulley 60Hz
PL-A45D,Turntable,N24-006-F,N24-006,Motor pulley 60Hz
PL-A45D,Turntable,N51-064-B,N51-064,Lever
PL-A45D,Turntable,N51-065-0,N51-065,Screw
PL-A45D,Turntable,N51-786-B,N51-786,Retaining collar
PL-A45D,Turntable,N51-794-0,N51-794,Washer
PL-A45D,Turntable,N51-795-0,N51-795,Washer
PL-A45D,Turntable,N54-048-0,N54-048,Screw
PL-A45D,Turntable,N61-017-0,N61-017,Motor cushion (A)
PL-A45D,Turntable,N61-063-B,N61-063,Angle plate
PL-A45D,Turntable,N61-084-0,N61-084,Lock plate
PL-A45D,Turntable,N62-770-0,N62-770,Lever (A) for tonearm elevator
PL-A45D,Turntable,N62-799-B,N62-799,Elevation plate
PL-A45D,Turntable,N64-013-0,N64-013,Lever (B) for tonearm elevator
PL-A45D,Turntable,N64-018-0,N64-018,Motor cushion (B)
PL-A45D,Turntable,N64-030-B,N64-030,Speed selector lever
PL-A45D,Turntable,N64-031-A,N64-031,Washer
PL-A45D,Turntable,N64-698-0,N64-698,Weight plate
PL-A45D,Turntable,N93-007-B,N93-007,Adaptor catch
PL-A45D,Turntable,N93-035-B,N93-035,Elevator cam
PL-A45D,Turntable,W71-004-B,W71-004,CENTER SHAFT BEARING ASSEMBLY
PL-A45D,Turntable,W71-033-0,W71-033,Turntable platter
PL-A45D,Turntable,W71-755-0,W71-755,Stopper unit
PL-A45D,Turntable,W71-757-0,W71-757,Start lever plate
PL-A45D,Turntable,W71-763-B,W71-763,Lifter unit
PL-A45D,Turntable,W72-040-E,W72-040,ELEVATION MECHANISM ASSEMBLY
PL-A45D,Turntable,W72-041-0,W72-041,Elevator plate assembly
PL-A45D,Turntable,W72-049-A,W72-049,Speed selector panel unit
PL-A45D,Turntable,W72-050-A,W72-050,Speed selector plate unit
PL-A45D,Turntable,W72-051-C,W72-051,Belt shifter
PL-A45D,Turntable,W72-052-A,W72-052,Cam unit
PL-A45D,Turntable,W72-055-C,W72-055,Selector lever unit
PL-A45D,Turntable,W73-640-0,W73-640,Kick pin
PL-A45D,Turntable,W73-660-0,W73-660,Spacer
PL-A505,Turntable,ART-015-0,ART-015,Service manual  PL-A505
PL-A505,Turntable,B11-055-C,B11-055,Screw
PL-A505,Turntable,B11-657-0,B11-657,Screw
PL-A505,Turntable,B11-657-C,B11-657,Screw
PL-A505,Turntable,B22-026-0,B22-026,Washer
PL-A505,Turntable,B23-642-0,B23-642,Washer
PL-A505,Turntable,B31-745-B,B31-745,Spring
PL-A505,Turntable,B31-745-B,B31-745,Spring
PL-A505,Turntable,B31-749-B,B31-749,Spring
PL-A505,Turntable,B71-652-A,B71-652,Nut
PL-A505,Turntable,E11-125-0,E11-125,Dirver
PL-A505,Turntable,E31-744-0,E31-744,Rubber bush
PL-A505,Turntable,E32-056-0,E32-056,Cord stopper
PL-A505,Turntable,E33-001-0,E33-001,Buffer
PL-A505,Turntable,KAK-013-C,KAK-013,Name plate C
PL-A505,Turntable,KAK-017-B,KAK-017,Name plate A
PL-A505,Turntable,KAK-037-0,KAK-037,Name plate B
PL-A505,Turntable,KAM-034-0,KAM-034,Name plate
PL-A505,Turntable,KAM-051-0,KAM-051,Name plate
PL-A505,Turntable,KBA-043-0,KBA-043,Screw
PL-A505,Turntable,KBA-044-0,KBA-044,Screw
PL-A505,Turntable,KBA-045-0,KBA-045,Screw
PL-A505,Turntable,KBE-014-0,KBE-014,Washer
PL-A505,Turntable,KBF-017-0,KBF-017,Teflon washer 4.2ɸx10ɸx0.5t
PL-A505,Turntable,KBH-048-B,KBH-048,Spring
PL-A505,Turntable,KBH-052-0,KBH-052,Spring
PL-A505,Turntable,KBH-053-B,KBH-053,Button spring
PL-A505,Turntable,KBH-054-0,KBH-054,Spring
PL-A505,Turntable,KBH-055-B,KBH-055,Spring
PL-A505,Turntable,KBH-061-A,KBH-061,Spring
PL-A505,Turntable,KBH-064-0,KBH-064,S pring
PL-A505,Turntable,KBH-065-0,KBH-065,Disk B spring
PL-A505,Turntable,KBH-087-A,KBH-087,Spring
PL-A505,Turntable,KBH-091-0,KBH-091,Spring
PL-A505,Turntable,KBH-092-A,KBH-092,Spring
PL-A505,Turntable,KBH-094-A,KBH-094,Spring
PL-A505,Turntable,KBH-124-0,KBH-124,Spring
PL-A505,Turntable,KBH-133-0,KBH-133,Spring
PL-A505,Turntable,KBK-008-A,KBK-008,Spring
PL-A505,Turntable,KBK-015-0,KBK-015,Spring
PL-A505,Turntable,KBK-019-A,KBK-019,Plate spring A
PL-A505,Turntable,KBK-020-A,KBK-020,Plate spring B
PL-A505,Turntable,KDE-037-C,KDE-037,Output cord
PL-A505,Turntable,KDE-039-0,KDE-039,Lead wire
PL-A505,Turntable,KDG-007-0,KDG-007,Power cord
PL-A505,Turntable,KEB-006-0,KEB-006,Belt
PL-A505,Turntable,KED-009-B,KED-009,Felt
PL-A505,Turntable,KEM-001-0,KEM-001,Oil
PL-A505,Turntable,KEX-002-0,KEX-002,Screw driver
PL-A505,Turntable,KHA-205-0,KHA-205,Corner pad
PL-A505,Turntable,KHA-280-0,KHA-280,Side pad
PL-A505,Turntable,KHK-240-0,KHK-240,Packing case
PL-A505,Turntable,KHK-240-0,KHK-240,Top card board
PL-A505,Turntable,KHX-026-0,KHX-026,Case
PL-A505,Turntable,KHX-026-A,KHX-026,Accessory box
PL-A505,Turntable,KHX-027-0,KHX-027,Box cover
PL-A505,Turntable,KHX-027-0,KHX-027,Plastic board
PL-A505,Turntable,KKC-101-A,KKC-101,Terminal
PL-A505,Turntable,KLA-068-B,KLA-068,Ring
PL-A505,Turntable,KLA-131-0,KLA-131,Sub weight A
PL-A505,Turntable,KLA-151-0,KLA-151,Sub weight B
PL-A505,Turntable,KLA-215-A,KLA-215,Nut
PL-A505,Turntable,KLA-217-0,KLA-217,Ring
PL-A505,Turntable,KLA-219-0,KLA-219,Shaft
PL-A505,Turntable,KLA-225-A,KLA-225,Shaft
PL-A505,Turntable,KLA-226-0,KLA-226,Pole
PL-A505,Turntable,KLA-231-0,KLA-231,Rod
PL-A505,Turntable,KLA-253-A,KLA-253,Pole A
PL-A505,Turntable,KLA-254-A,KLA-254,Pole B
PL-A505,Turntable,KLA-258-0,KLA-258,Single play spindle
PL-A505,Turntable,KLA-337-A,KLA-337,Button shaft
PL-A505,Turntable,KLA-457-0,KLA-457,Washer
PL-A505,Turntable,KLA-458-0,KLA-458,Shaft
PL-A505,Turntable,KLA-459-A,KLA-459,Center shaft
PL-A505,Turntable,KLA-488-0,KLA-488,Washer
PL-A505,Turntable,KLA-655-0,KLA-655,Shaft
PL-A505,Turntable,KMM-070-A,KMM-070,Wooden case
PL-A505,Turntable,KMS-089-0,KMS-089,Wooden board
PL-A505,Turntable,KNA-125-A,KNA-125,Cap
PL-A505,Turntable,KNA-241-B,KNA-241,Lever
PL-A505,Turntable,KNA-245-A,KNA-245,Washer
PL-A505,Turntable,KNA-247-A,KNA-247,Lever F
PL-A505,Turntable,KNA-248-A,KNA-248,Lever
PL-A505,Turntable,KNA-250-A,KNA-250,Lever
PL-A505,Turntable,KNA-251-0,KNA-251,Lever E angle
PL-A505,Turntable,KNA-252-0,KNA-252,Lever E
PL-A505,Turntable,KNA-267-A,KNA-267,Angle
PL-A505,Turntable,KNA-268-A,KNA-268,Angle
PL-A505,Turntable,KNA-270-B,KNA-270,Angle
PL-A505,Turntable,KNA-276-0,KNA-276,Washer
PL-A505,Turntable,KNA-309-B,KNA-309,Washer
PL-A505,Turntable,KNA-321-0,KNA-321,Angle
PL-A505,Turntable,KNA-368-B,KNA-368,Fling
PL-A505,Turntable,KNA-368-B,KNA-368,Ring
PL-A505,Turntable,KNA-438-A,KNA-438,Speed selector
PL-A505,Turntable,KNA-439-A,KNA-439,Plate
PL-A505,Turntable,KNA-452-A,KNA-452,Lever
PL-A505,Turntable,KNA-463-A,KNA-463,Lever D
PL-A505,Turntable,KNA-464-B,KNA-464,Lever
PL-A505,Turntable,KNA-466-0,KNA-466,Stand
PL-A505,Turntable,KNA-491-B,KNA-491,Plate A
PL-A505,Turntable,KNA-522-B,KNA-522,Angle
PL-A505,Turntable,KNA-646-0,KNA-646,Selector plate
PL-A505,Turntable,KNA-664-0,KNA-664,Ring
PL-A505,Turntable,KNA-667-0,KNA-667,Stand
PL-A505,Turntable,KNA-687-0,KNA-687,Plate
PL-A505,Turntable,KNA-689-0,KNA-689,Stand
PL-A505,Turntable,KNA-691-0,KNA-691,Lever C
PL-A505,Turntable,KNA-692-0,KNA-692,Metal case
PL-A505,Turntable,KNH-067-A,KNH-067,Balance weight
PL-A505,Turntable,KNH-078-0,KNH-078,Balance weight
PL-A505,Turntable,KNK-055-0,KNK-055,EP adaptor
PL-A505,Turntable,KNK-127-A,KNK-127,Pin assembly
PL-A505,Turntable,KNK-130-0,KNK-130,Washer
PL-A505,Turntable,KNK-132-A,KNK-132,Actuator C
PL-A505,Turntable,KNK-133-C,KNK-133,Actuator B
PL-A505,Turntable,KNK-134-0,KNK-134,Washer
PL-A505,Turntable,KNK-136-B,KNK-136,Shaft
PL-A505,Turntable,KNK-142-0,KNK-142,Button guide
PL-A505,Turntable,KNK-155-0,KNK-155,Spacer A(1.5 mm)
PL-A505,Turntable,KNK-157-A,KNK-157,Oil cap
PL-A505,Turntable,KNK-159-0,KNK-159,Rubber mat
PL-A505,Turntable,KNK-159-0,KNK-159,Rubber mat
PL-A505,Turntable,KNK-183-0,KNK-183,Washer
PL-A505,Turntable,KNK-186-A,KNK-186,Pin
PL-A505,Turntable,KNK-213-A,KNK-213,Wire clamp
PL-A505,Turntable,KNK-232-0,KNK-232,Spacer B(2.0 mm)
PL-A505,Turntable,KNK-233-0,KNK-233,Spacer C(3.0 mm)
PL-A505,Turntable,KNK-234-E,KNK-234,Disk A
PL-A505,Turntable,KNK-235-0,KNK-235,Ring
PL-A505,Turntable,KNK-238-0,KNK-238,Plate
PL-A505,Turntable,KNK-245-B,KNK-245,Cover
PL-A505,Turntable,KNK-250-B,KNK-250,Cap
PL-A505,Turntable,KNK-253-0,KNK-253,Name plate
PL-A505,Turntable,KNK-254-C,KNK-254,Name plate
PL-A505,Turntable,KNK-255-0,KNK-255,Overhang checker
PL-A505,Turntable,KNK-262-A,KNK-262,Tonearm packing L
PL-A505,Turntable,KNK-263-B,KNK-263,Tonearm packing R
PL-A505,Turntable,KNK-317-A,KNK-317,Tonearrn height adjustment lever
PL-A505,Turntable,KNK-320-A,KNK-320,Cover
PL-A505,Turntable,KNK-323-0,KNK-323,Dust cover
PL-A505,Turntable,KNK-323-0,KNK-323,Dust cover
PL-A505,Turntable,KNK-325-0,KNK-325,Insulator case
PL-A505,Turntable,KNK-336-0,KNK-336,Cover
PL-A505,Turntable,KNK-353-0,KNK-353,Disk B
PL-A505,Turntable,KNK-494-0,KNK-494,Lever
PL-A505,Turntable,KNP-050-B,KNP-050,Circuit board
PL-A505,Turntable,KPD-035-A,KPD-035,Tonearm
PL-A505,Turntable,KRB-042-0,KRB-042,Operating instructions
PL-A505,Turntable,KSF-009-0,KSF-009,Microswitch
PL-A505,Turntable,KSF-010-0,KSF-010,Microswitch
PL-A505,Turntable,KSF-019-0,KSF-019,"Microswitch (S1, S2, S3)"
PL-A505,Turntable,KSF-024-0,KSF-024,Microswitch
PL-A505,Turntable,KXA-219-0,KXA-219,Spindle holder
PL-A505,Turntable,KXA-224-A,KXA-224,Plate D
PL-A505,Turntable,KXA-225-A,KXA-225,Plate C
PL-A505,Turntable,KXA-226-0,KXA-226,Lever F angle
PL-A505,Turntable,KXA-229-B,KXA-229,Push button
PL-A505,Turntable,KXA-230-E,KXA-230,Control switch base
PL-A505,Turntable,KXA-233-C,KXA-233,Plate
PL-A505,Turntable,KXA-251-B,KXA-251,Knob
PL-A505,Turntable,KXA-252-B,KXA-252,Selector knob
PL-A505,Turntable,KXA-262-B,KXA-262,Lever
PL-A505,Turntable,KXA-263-E,KXA-263,Cam
PL-A505,Turntable,KXA-264-A,KXA-264,Lever
PL-A505,Turntable,KXA-270-H,KXA-270,Panel
PL-A505,Turntable,KXA-272-C,KXA-272,Switch (S7)
PL-A505,Turntable,KXA-283-C,KXA-283,Plate
PL-A505,Turntable,KXA-286-B,KXA-286,Angle
PL-A505,Turntable,KXA-287-B,KXA-287,Angle
PL-A505,Turntable,KXA-293-0,KXA-293,speed selector assembly
PL-A505,Turntable,KXA-308-0,KXA-308,Bearing assembly
PL-A505,Turntable,KXA-318-A,KXA-318,Actuator A
PL-A505,Turntable,KXA-320-E,KXA-320,Chassis
PL-A505,Turntable,KXA-420-B,KXA-420,Lateral balance weight
PL-A505,Turntable,KXA-420-B,KXA-420,Lateral balance weight
PL-A505,Turntable,KXA-433-J,KXA-433,Anti-skating assembly
PL-A505,Turntable,KXA-441-0,KXA-441,Lever D-connected angle eyeiet
PL-A505,Turntable,KXA-443-A,KXA-443,Lever A
PL-A505,Turntable,KXA-446-E,KXA-446,Disk A assembly
PL-A505,Turntable,KXA-449-B,KXA-449,Turntable platter
PL-A505,Turntable,KXA-449-B,KXA-449,Turntable platter assembly
PL-A505,Turntable,KXA-478-F,KXA-478,Arm A
PL-A505,Turntable,KXA-479-G,KXA-479,Arm A assembly
PL-A505,Turntable,KXA-480-F,KXA-480,Disk C
PL-A505,Turntable,KXA-487-0,KXA-487,Selector lever
PL-A505,Turntable,KXA-495-0,KXA-495,Knob
PL-A505,Turntable,KXA-524-0,KXA-524,Autochanger spindle
PL-A505,Turntable,KXA-524-E,KXA-524,Auto-changer spindle
PL-A505,Turntable,KXA-571-0,KXA-571,Terminal assembly
PL-A505,Turntable,KXA-698-A,KXA-698,Tonearm stand
PL-A505,Turntable,KXA-704-A,KXA-704,Arm B
PL-A505,Turntable,KXA-705-A,KXA-705,Arm B assembly
PL-A505,Turntable,KXA-706-A,KXA-706,Disk C assembly
PL-A505,Turntable,KXA-709-A,KXA-709,Panel spring C
PL-A505,Turntable,KXA-714-A,KXA-714,Disk size selector assembly
PL-A505,Turntable,KXA-715-A,KXA-715,Selector lever
PL-A505,Turntable,KXA-727-0,KXA-727,Insulator assembly
PL-A505,Turntable,KXA-752-0,KXA-752,Shaft
PL-A505,Turntable,KXA-753-A,KXA-753,Arm rest
PL-A505,Turntable,KXA-756-0,KXA-756,Main weight
PL-A505,Turntable,KXA-756-0,KXA-756,Main weight
PL-A505,Turntable,KXA-757-0,KXA-757,Spring hinge
PL-A505,Turntable,KXA-787-0,KXA-787,Elevation tip
PL-A505,Turntable,KXA-790-A,KXA-790,Control switch assembly
PL-A505,Turntable,KXA-791-0,KXA-791,Panel spring E
PL-A505,Turntable,KXA-792-0,KXA-792,Panel spring F
PL-A505,Turntable,KXB-014-0,KXB-014,Lever B
PL-A505,Turntable,KXB-016-0,KXB-016,Auto-changer mechanism
PL-A505,Turntable,KXM-034-A,KXM-034,Geared motor
PL-A505,Turntable,KXM-035-B,KXM-035,Phono motor
PL-A505,Turntable,M46-751-B,M46-751,Wire clamp
PL-A505,Turntable,N24-005-0,N24-005,Capstan 50Hz
PL-A505,Turntable,N24-005-F,N24-005,Motor pulley 50Hz
PL-A505,Turntable,N24-006-0,N24-006,Capstan 60Hz
PL-A505,Turntable,N24-006-F,N24-006,Motor pulley 60Hz
PL-A505,Turntable,N54-048-0,N54-048,Adjustable screw
PL-A505,Turntable,N61-063-A,N61-063,Angle
PL-A505,Turntable,N61-084-0,N61-084,Lock plate
PL-A505,Turntable,N64-698-A,N64-698,Weight plate
PL-A505,Turntable,N93-007-B,N93-007,Adaptor holder
PL-A505,Turntable,PC-50,PC-50,Cartridge PC-50
PL-A505,Turntable,W73-640-0,W73-640,Pin B
PL-L1000,Turntable,ART-517-0,ART-517,Service manual  PL-L1000
PL-L1000,Turntable,B22-026,B22-026,Washer
PL-L1000,Turntable,E32-056,E32-056,Strain relief (S/G)
PL-L1000,Turntable,GL-2PR1,GL-2PR1,LED
PL-L1000,Turntable,KEX-002,KEX-002,Screwdriver
PL-L1000,Turntable,N93-603,N93-603,EP Adapter
PL-L1000,Turntable,PAD-058,PAD-058,Push button unit A
PL-L1000,Turntable,PAD-059,PAD-059,Push button unit E
PL-L1000,Turntable,PAD-060,PAD-060,Push button unit C
PL-L1000,Turntable,PAD-061,PAD-061,Push button unit B
PL-L1000,Turntable,PAD-062,PAD-062,Push button unit D
PL-L1000,Turntable,PAD-063,PAD-063,Push button unit F
PL-L1000,Turntable,PAD-064,PAD-064,EV adjust screw
PL-L1000,Turntable,PAW-007,PAW-007,Level
PL-L1000,Turntable,PBH-169,PBH-169,Spring C
PL-L1000,Turntable,PBH-252,PBH-252,Spring
PL-L1000,Turntable,PBH-254,PBH-254,Spring
PL-L1000,Turntable,PBH-254,PBH-254,Spring
PL-L1000,Turntable,PBH-255,PBH-255,EV spring
PL-L1000,Turntable,PBH-257,PBH-257,Spring
PL-L1000,Turntable,PCX-051,PCX-051,Cds
PL-L1000,Turntable,PDA-013,PDA-013,Shield tube
PL-L1000,Turntable,PDE-065,PDE-065,Connector assembly
PL-L1000,Turntable,PDE-066,PDE-066,Connector assembly
PL-L1000,Turntable,PDE-067,PDE-067,Connector assembly
PL-L1000,Turntable,PDE-068,PDE-068,Connector assembly
PL-L1000,Turntable,PDE-071,PDE-071,Connector assembly
PL-L1000,Turntable,PDE-074,PDE-074,Output cord
PL-L1000,Turntable,PDG-004,PDG-004,AC power cord (S/G)
PL-L1000,Turntable,PDG-021,PDG-021,"AC power cord (HET, HBT)"
PL-L1000,Turntable,PEA-036,PEA-036,Rubber mat assembly
PL-L1000,Turntable,PEA-036,PEA-036,Rubber mat assembly
PL-L1000,Turntable,PEB-097,PEB-097,Belt
PL-L1000,Turntable,PEB-102,PEB-102,Rubber cushion A
PL-L1000,Turntable,PEB-155,PEB-155,Stopper cushion
PL-L1000,Turntable,PEB-158,PEB-158,Rubber cap
PL-L1000,Turntable,PEB-167,PEB-167,Tube
PL-L1000,Turntable,PEB-170,PEB-170,Tube
PL-L1000,Turntable,PEB-171,PEB-171,Rubber pad
PL-L1000,Turntable,PEC-012,PEC-012,Overhang gauge
PL-L1000,Turntable,PEC-051,PEC-051,Strain relief
PL-L1000,Turntable,PEC-051,PEC-051,"Strain relief (HET, HBT)"
PL-L1000,Turntable,PEC-052,PEC-052,"Insulator (HET, HBT)"
PL-L1000,Turntable,PEC-063,PEC-063,Nylon ball 3ɸ
PL-L1000,Turntable,PED-016,PED-016,Cleaning cloth
PL-L1000,Turntable,PEL-041,PEL-041,Lamp
PL-L1000,Turntable,PHA-109,PHA-109,Protector L
PL-L1000,Turntable,PHA-110,PHA-110,Protector R
PL-L1000,Turntable,PHC-049,PHC-049,Upper protector
PL-L1000,Turntable,PHG-382,PHG-382,Packing case  (S/G)
PL-L1000,Turntable,PHG-408,PHG-408,Packing case  (HET)
PL-L1000,Turntable,PHL-006,PHL-006,Cover
PL-L1000,Turntable,PHN-008,PHN-008,Headshell case  (HET)
PL-L1000,Turntable,PHN-009,PHN-009,Headshell case cover  (HET)
PL-L1000,Turntable,PLB-046,PLB-046,Roller
PL-L1000,Turntable,PLB-047,PLB-047,Shaft
PL-L1000,Turntable,PLB-050,PLB-050,Guide bar A
PL-L1000,Turntable,PLB-050,PLB-050,Guide bar A
PL-L1000,Turntable,PLB-051,PLB-051,Guide bar B
PL-L1000,Turntable,PLB-051,PLB-051,Guide bar B
PL-L1000,Turntable,PLB-059,PLB-059,Shaft holder A
PL-L1000,Turntable,PLB-060,PLB-060,Screw
PL-L1000,Turntable,PLB-067,PLB-067,EV bar
PL-L1000,Turntable,PLB-067,PLB-067,EV bar
PL-L1000,Turntable,PNB-105,PNB-105,Plate
PL-L1000,Turntable,PNC-145,PNC-145,Spacer
PL-L1000,Turntable,PNR-121,PNR-121,Turntable platter assembly
PL-L1000,Turntable,PNR-125,PNR-125,Panel
PL-L1000,Turntable,PNR-126,PNR-126,Panel
PL-L1000,Turntable,PNR-127,PNR-127,Base A
PL-L1000,Turntable,PNV-035,PNV-035,Dust cover
PL-L1000,Turntable,PNW-338,PNW-338,Plate L
PL-L1000,Turntable,PNW-339,PNW-339,Plate R
PL-L1000,Turntable,PNW-375,PNW-375,Spring holder
PL-L1000,Turntable,PNW-390,PNW-390,Cam
PL-L1000,Turntable,PNW-391,PNW-391,Collar
PL-L1000,Turntable,PNW-391,PNW-391,Collar
PL-L1000,Turntable,PNW-392,PNW-392,Motor pulley
PL-L1000,Turntable,PNW-393,PNW-393,Pulley
PL-L1000,Turntable,PNW-418,PNW-418,Gear F
PL-L1000,Turntable,PNW-483,PNW-483,Case C
PL-L1000,Turntable,PNW-485,PNW-485,Worm gear
PL-L1000,Turntable,PNX-092,PNX-092,Lever
PL-L1000,Turntable,PNX-094,PNX-094,Base
PL-L1000,Turntable,PNX-097,PNX-097,Spacer
PL-L1000,Turntable,PNX-098,PNX-098,Arm holder
PL-L1000,Turntable,PNX-102,PNX-102,Cupler base
PL-L1000,Turntable,PNX-103,PNX-103,Spacer
PL-L1000,Turntable,PNX-108,PNX-108,EV gear
PL-L1000,Turntable,PNX-108,PNX-108,EV gear
PL-L1000,Turntable,PNX-130,PNX-130,Control case B
PL-L1000,Turntable,PNX-135,PNX-135,Control case A
PL-L1000,Turntable,PPD-601,PPD-601,Tone arm assembly
PL-L1000,Turntable,PRB-156,PRB-156,Operating instructions  PL-L1000 (English)
PL-L1000,Turntable,PRD-051,PRD-051,"Operating instructions PL-L1000 (German/French - HET, HBT)"
PL-L1000,Turntable,PRW-046,PRW-046,Label
PL-L1000,Turntable,PRW-068,PRW-068,Caution label
PL-L1000,Turntable,PSB-002,PSB-002,"Line voltage selector (HET, HBT)"
PL-L1000,Turntable,PSB-007,PSB-007,Line voltage selector (S/G)
PL-L1000,Turntable,PSF-005,PSF-005,Microswitch
PL-L1000,Turntable,PSF-008,PSF-008,Microswitch (S/G)
PL-L1000,Turntable,PSF-012,PSF-012,"Microswitch (HET, HBT)"
PL-L1000,Turntable,PSG-017,PSG-017,Push switch
PL-L1000,Turntable,PTT-097,PTT-097,"Power transformer (HET, HBT)"
PL-L1000,Turntable,PTT-100,PTT-100,Power transformer (S/G)
PL-L1000,Turntable,PWM-032,PWM-032,Control assembly
PL-L1000,Turntable,PWR-057,PWR-057,POWER SUPPLY Ass'y
PL-L1000,Turntable,PWR-057,PWR-057,"Power supply assembly (HET, HBT)"
PL-L1000,Turntable,PWR-058,PWR-058,Power supply assembly (S/G)
PL-L1000,Turntable,PXA-463,PXA-463,Hinge assembly
PL-L1000,Turntable,PXA-804,PXA-804,Weight assembly
PL-L1000,Turntable,PXB-061,PXB-061,DD Motor assembly
PL-L1000,Turntable,PXB-116,PXB-116,EV sheet assembly
PL-L1000,Turntable,PXB-118,PXB-118,Coil assembly
PL-L1000,Turntable,PXB-119,PXB-119,Cramper assembly
PL-L1000,Turntable,PXB-120,PXB-120,Bearing
PL-L1000,Turntable,PXB-120,PXB-120,Bearing
PL-L1000,Turntable,PXB-121,PXB-121,Bearing
PL-L1000,Turntable,PXB-121,PXB-121,Bearing
PL-L1000,Turntable,PXB-125,PXB-125,Cartridge mounting part assembly
PL-L1000,Turntable,PXB-134,PXB-134,Screw
PL-L1000,Turntable,PXM-073,PXM-073,Motor
PL-L1000,Turntable,PXP-003,PXP-003,Solenoid assembly
PL-L1000,Turntable,PXT-391,PXT-391,Dial unit
PL-L1000,Turntable,PXT-392,PXT-392,Case unit
PL-L1000,Turntable,PXT-394,PXT-394,Shaft holder B unit
PL-L1000,Turntable,PXT-403,PXT-403,Motor
PL-L1000,Turntable,PXT-414,PXT-414,Screw
PL-L1000,Turntable,XWX-040,XWX-040,LAMP Assembly
PL-L1000,Turntable,XWX-041,XWX-041,CdS Assembly
PL-L1000,Turntable,XWX-042,XWX-042,LED Assembly
PL-L1000,Turntable,XWX-043,XWX-043,PHOTO Tr. Assembly
PL-L1000,Turntable,XWX-044,XWX-044,CONTROL (A) Assembly
PL-L1000,Turntable,XWX-045,XWX-045,CONTROL (B) Assembly
PL-L800,Turntable,ART-692-0,ART-692,Service manual  PL-L800
PL-L800,Turntable,B23-642,B23-642,Washer
PL-L800,Turntable,N93-603,N93-603,45 adaptor
PL-L800,Turntable,PAC-073,PAC-073,Push button (A)
PL-L800,Turntable,PAC-074,PAC-074,Push button (B)
PL-L800,Turntable,PAD-075,PAD-075,Start button unit
PL-L800,Turntable,PAD-076,PAD-076,Button unit (F)
PL-L800,Turntable,PAD-077,PAD-077,Button unit (R)
PL-L800,Turntable,PAD-078,PAD-078,Power button unit
PL-L800,Turntable,PAM-072,PAM-072,Panel name plate (A)
PL-L800,Turntable,PAM-073,PAM-073,Panel name plate (B)
PL-L800,Turntable,PAM-080,PAM-080,Sheet
PL-L800,Turntable,PBE-019,PBE-019,PU spring washer
PL-L800,Turntable,PBH-224,PBH-224,Start spring
PL-L800,Turntable,PBH-282,PBH-282,Spring
PL-L800,Turntable,PBH-288,PBH-288,Cramp snring
PL-L800,Turntable,PBH-289,PBH-289,EV spring
PL-L800,Turntable,PBH-290,PBH-290,Adjusting spring
PL-L800,Turntable,PBH-304,PBH-304,Spring
PL-L800,Turntable,PBH-305,PBH-305,Spring
PL-L800,Turntable,PBH-305,PBH-305,Spring
PL-L800,Turntable,PBH-306,PBH-306,EV plate spring
PL-L800,Turntable,PBK-047,PBK-047,Spring
PL-L800,Turntable,PBN-902,PBN-902,Nut
PL-L800,Turntable,PDA-018,PDA-018,Sealed tube assembly
PL-L800,Turntable,PDA-020,PDA-020,Lead
PL-L800,Turntable,PDE-073,PDE-073,PU cord
PL-L800,Turntable,PDF-542,PDF-542,Terminal chip unit
PL-L800,Turntable,PDG-023,PDG-023,Power cord
PL-L800,Turntable,PEA-052,PEA-052,Rubber mat assemby
PL-L800,Turntable,PEA-905,PEA-905,Screw
PL-L800,Turntable,PEB-171,PEB-171,Rubber pad
PL-L800,Turntable,PEB-192,PEB-192,Rubber bush
PL-L800,Turntable,PEB-197,PEB-197,Damper cushion
PL-L800,Turntable,PEC-053,PEC-053,Strain relief
PL-L800,Turntable,PEL-041,PEL-041,Lamp 8V 70 mA
PL-L800,Turntable,PHA-125,PHA-125,Protector (L)
PL-L800,Turntable,PHA-126,PHA-126,Protector (R)
PL-L800,Turntable,PHA-131,PHA-131,Tonearm protector
PL-L800,Turntable,PHG-436,PHG-436,Packing case
PL-L800,Turntable,PLB-100,PLB-100,Guide pipe
PL-L800,Turntable,PNC-204,PNC-204,Sensor shutter
PL-L800,Turntable,PNR-144,PNR-144,Turntable platter
PL-L800,Turntable,PNV-039,PNV-039,Dust cover
PL-L800,Turntable,PNW-592,PNW-592,Adjusting cam
PL-L800,Turntable,PNX-182,PNX-182,Switch lever
PL-L800,Turntable,PNX-190,PNX-190,Holder
PL-L800,Turntable,PNX-246,PNX-246,Stator base
PL-L800,Turntable,PNX-247,PNX-247,EV cam
PL-L800,Turntable,PNX-249,PNX-249,Pipe guide
PL-L800,Turntable,PNX-252,PNX-252,Carrier holder
PL-L800,Turntable,PNX-256,PNX-256,Lens
PL-L800,Turntable,PNX-257,PNX-257,Cramp knob
PL-L800,Turntable,PNX-258,PNX-258,Cramp lever
PL-L800,Turntable,PNX-260,PNX-260,Carrier base (B)
PL-L800,Turntable,PNX-262,PNX-262,Adiusting screw
PL-L800,Turntable,PNX-264,PNX-264,V slider
PL-L800,Turntable,PNX-294,PNX-294,Turntable platter packing
PL-L800,Turntable,PNX-295,PNX-295,Shell spacer
PL-L800,Turntable,PNX-345,PNX-345,Pipe guide
PL-L800,Turntable,PNX-360,PNX-360,Stemming pulley
PL-L800,Turntable,PPB-935,PPB-935,Cartridge assembly
PL-L800,Turntable,PPD-619,PPD-619,Tonearm assembly
PL-L800,Turntable,PRB-186,PRB-186,Operating instructions  PL-L800
PL-L800,Turntable,PSF-018,PSF-018,Microswitch
PL-L800,Turntable,PSG-017,PSG-017,Push switch
PL-L800,Turntable,PSG-018,PSG-018,Switch (POWER)
PL-L800,Turntable,PSG-025,PSG-025,"Switch (SPEED,DISC SIZE,REPEAT,ARM ELEVATION,START/STOP)"
PL-L800,Turntable,PSG-030,PSG-030,"Switch (ARM LOCATION <, ARM LOCATION >)"
PL-L800,Turntable,PSG-031,PSG-031,Switch (DOWN DETECTOR/UP DETECTOR)
PL-L800,Turntable,PTT-128,PTT-128,Power transformer (120V)
PL-L800,Turntable,PWM-063,PWM-063,Control assembly
PL-L800,Turntable,PXA-881,PXA-881,Headsheel assembly
PL-L800,Turntable,PXA-891,PXA-891,Weight shaft assembly
PL-L800,Turntable,PXA-893,PXA-893,Weight asssrnbly
PL-L800,Turntable,PXB-201,PXB-201,Hinge assembly
PL-L800,Turntable,PXB-212,PXB-212,Coil assembly
PL-L800,Turntable,PXB-233,PXB-233,Panel assembly
PL-L800,Turntable,PXB-234,PXB-234,Carrier base (A) assembly
PL-L800,Turntable,PXM-093,PXM-093,Motor
PL-L800,Turntable,PXM-096,PXM-096,Gear motor
PL-L800,Turntable,PXM-101,PXM-101,Dynamo
PL-L800,Turntable,PXT-440,PXT-440,Tracking shutter
PL-L800,Turntable,PXT-447,PXT-447,Shell spacer unit
PL-L800,Turntable,PXT-458,PXT-458,Rotor unit
PL-L800,Turntable,PYY-104,PYY-104,Carrier base (B) unit
PL-L800,Turntable,XWM-053,XWM-053,Control assembly
PL-L800,Turntable,XWM-058,XWM-058,Control unit
PL-L800,Turntable,XWR-010,XWR-010,Power supply assembly
PL-L800,Turntable,XWX-062,XWX-062,Photo transistor assembly
PL-L800,Turntable,XWX-063,XWX-063,LED assembly
PL-L800,Turntable,XWX-064,XWX-064,Lamp assembly
PL-L800,Turntable,XWX-065,XWX-065,CdS assembly
PL-L800,Turntable,XWX-066,XWX-066,Elevation assembly
PL-L800,Turntable,XWX-067,XWX-067,Connection assembly
PLC-590,Turntable,ART-223-0,ART-223,Service manual  PLC-590
PLC-590,Turntable,KDG-011,KDG-011,AC power cord
PLC-590,Turntable,KNK-055,KNK-055,45 rpm adaptor
PLC-590,Turntable,KSF-016,KSF-016,Microswitch (START)
PLC-590,Turntable,KSF-023,KSF-023,Microswitch (POWER)
PLC-590,Turntable,PAA-009,PAA-009,Knob (Speed adj)
PLC-590,Turntable,PAD-020,PAD-020,"Knob (Speed, QL)"
PLC-590,Turntable,PAT-007,PAT-007,Name plate
PLC-590,Turntable,PAT-024,PAT-024,Tone arm mounting board
PLC-590,Turntable,PAT-032,PAT-032,SME-3009/ll aluminum panel
PLC-590,Turntable,PAT-034,PAT-034,Control panel
PLC-590,Turntable,PAW-001,PAW-001,Meter assembly
PLC-590,Turntable,PBA-046,PBA-046,Screw (Control panel)
PLC-590,Turntable,PBA-052,PBA-052,Screw (Tonearm panel)
PLC-590,Turntable,PBF-002,PBF-002,Nylon washer
PLC-590,Turntable,PCS-003,PCS-003,Variable resistor (SPEED ADJ 10k-B)
PLC-590,Turntable,PEA-017,PEA-017,Rubber mat assembly
PLC-590,Turntable,PEB-046,PEB-046,Lamp holder (A - Speed)
PLC-590,Turntable,PEB-046,PEB-046,Lamp holder (Power)
PLC-590,Turntable,PEF-003,PEF-003,Hexagonal wrench
PLC-590,Turntable,PEL-016,PEL-016,Lamp (A - Speed)
PLC-590,Turntable,PEL-017,PEL-017,Lamp (B - Meter scale)
PLC-590,Turntable,PEL-018,PEL-018,Lamp (C - Quartz lock)
PLC-590,Turntable,PEL-020,PEL-020,Pilot lamp 8V 50mA (POWER)
PLC-590,Turntable,PMW-007,PMW-007,Tone arm mounting board AA)
PLC-590,Turntable,PMW-009,PMW-009,Tone arm mounting board (D)
PLC-590,Turntable,PNP-027,PNP-027,Speed detector assembly
PLC-590,Turntable,PNR-029,PNR-029,Turntable plater
PLC-590,Turntable,PNR-045,PNR-045,Panel (Top)
PLC-590,Turntable,PNT-008,PNT-008,Foot
PLC-590,Turntable,PNW-175,PNW-175,"Cover, Motor"
PLC-590,Turntable,PNW-293,PNW-293,Lens (Power)
PLC-590,Turntable,PNW-296,PNW-296,P.C. Board holder
PLC-590,Turntable,PNW-317,PNW-317,Bottom plate
PLC-590,Turntable,PRB-068,PRB-068,Operating instructions  PLC-590
PLC-590,Turntable,PRF-009,PRF-009,Tone arm mounting paper
PLC-590,Turntable,PSF-023,PSF-023,Microswitch (STOP)
PLC-590,Turntable,PSG-002,PSG-002,Push switch (Quartz Lock)
PLC-590,Turntable,PSG-003,PSG-003,Push switch (SPEED)
PLC-590,Turntable,PTT-026,PTT-026,Power transformer
PLC-590,Turntable,PWG-012,PWG-012,Drive control assembly
PLC-590,Turntable,PWX-006,PWX-006,Positinel detector assembly
PLC-590,Turntable,PWX-010,PWX-010,Meter drive circuit assembly
PLC-590,Turntable,PXA-171,PXA-171,Hinge
PLC-590,Turntable,PXA-211,PXA-211,START-STOP button ass'y
PLC-590,Turntable,PXA-236,PXA-236,Dust cover assembly
PLC-590,Turntable,PXA-272,PXA-272,Connector assembly (H)
PLC-590,Turntable,PXA-286,PXA-286,Arm rest assembly
PLC-590,Turntable,PXA-352,PXA-352,D.D Motor
PLC-590,Turntable,PXA-353,PXA-353,Connector assembly (J)
PLC-590,Turntable,PXA-373,PXA-373,Foot assembly
PLC-590,Turntable,PXT-127,PXT-127,Button unit (Power)
PLC-590,Turntable,PXT-129,PXT-129,"Button unit (Start,Stop)"
PLX-1000,Turntable,100-PNTT-3093,100-PNTT-3093,33/45 KNOB
PLX-1000,Turntable,100-PNTT-3094,100-PNTT-3094,TEMPO RESET BUTTON
PLX-1000,Turntable,100-PNTT-3095,100-PNTT-3095,TEMPO RANGE BUTTON
PLX-1000,Turntable,100-PNTT-3096,100-PNTT-3096,SPEED BUTTON
PLX-1000,Turntable,100-PNTT-3100,100-PNTT-3100,SHELL STAND
PLX-1000,Turntable,100-PNTT-3113,100-PNTT-3113,BUTTON BASE
PLX-1000,Turntable,200-PNTT-211A,200-PNTT-211A,45 RPM ADAPTOR(AL)
PLX-1000,Turntable,200-PNTT-693,200-PNTT-693,SUB WEIGHT
PLX-1000,Turntable,200-ST100-268,200-ST100-268,SHELL WEIGHT
PLX-1000,Turntable,406-PLX-1288,406-PLX-1288,1P GROUND WIRE(L=150)
PLX-1000,Turntable,408-PLX-140,408-PLX-140,2P SIGNAL WIRE(L=150)
PLX-1000,Turntable,409-HDJ7100-054D-HA,409-HDJ7100-054D-HA,POWER CORD WITH PLUG
PLX-1000,Turntable,411-PLX-912,411-PLX-912,TRANSFORMER(AC115/23
PLX-1000,Turntable,420-PLX-396,420-PLX-396,1P RCA JACK(T7543-AA
PLX-1000,Turntable,502-PX1000A-3365,502-PX1000A-3365,I/B
PLX-1000,Turntable,505-PNTT-248,505-PNTT-248,SLIP SHEET
PLX-1000,Turntable,505-S15-117,505-S15-117,"POLYBAG(PE,35*50MM)"
PLX-1000,Turntable,506-PNTT-662,506-PNTT-662,POLYFOAM
PLX-1000,Turntable,507-PNTT-3467,507-PNTT-3467,SPACER
PLX-1000,Turntable,604-DJ5500-262,604-DJ5500-262,RUBBER FOR BOTTOM BA
PLX-1000,Turntable,604-PNTT-638,604-PNTT-638,SIDE RUBBER
PLX-1000,Turntable,604-PNTT-639,604-PNTT-639,LONG RUBBER
PLX-1000,Turntable,604-PNTT-648,604-PNTT-648,RUBBER
PLX-1000,Turntable,612-PNTT-095,612-PNTT-095,SLIPMAT
PLX-1000,Turntable,612-ST150-159,612-ST150-159,CUSHION FOR TONEARM
PLX-1000,Turntable,701-PNTT-5415,701-PNTT-5415,FOOT ASS'Y
PLX-1000,Turntable,702-PNTT-075,702-PNTT-075,ALUMINUM PLATTER ASSY
PLX-1000,Turntable,702-PNTT-076,702-PNTT-076,COUNTER WEIGHT ADJUST
PLX-1000,Turntable,703-PNTT-1408,703-PNTT-1408,BACK BOARD ASS'Y
PLX-1000,Turntable,703-PNTT-1411,703-PNTT-1411,HEADSHELL ASS'Y
PLX-1000,Turntable,704-PLX-A787,704-PLX-A787,MAIN PCB ASS'Y
PLX-1000,Turntable,704-PLX-A790,704-PLX-A790,SPEED PCB ASS'Y
PLX-1000,Turntable,704-PLX-A791,704-PLX-A791,PHONO PCB ASS'Y
PLX-1000,Turntable,704-PLX-A795,704-PLX-A795,AC SOCKET ASS'Y
PLX-1000,Turntable,704-PLX-A796,704-PLX-A796,VOLTAGE SW ASS'Y
PLX-1000,Turntable,704-PLX-A800,704-PLX-A800,D.D.MOTOR ASS'Y
PLX-1000,Turntable,704-PLX-A802,704-PLX-A802,SEARCHLIGHT ASS'Y
PLX-1000,Turntable,704-PLX-A803,704-PLX-A803,STROBOSCOPE ASS'Y
PLX-1000,Turntable,704-PLX-A863,704-PLX-A863,AC&PLAY PCB ASS'Y
PLX-1000,Turntable,704-PNTT-B013,704-PNTT-B013,TONE ARM ASS'Y
PLX-1000,Turntable,705-DJ1900-078,705-DJ1900-078,RUBBER MAT PACKING
PLX-500K,Turntable,100-PLX500-2017,100-PLX500-2017,SPEED PUSH BUTTON K
PLX-500K,Turntable,200-DJ3000-211,200-DJ3000-211,45 RPM ADAPTOR (AL)
PLX-500K,Turntable,200-ST100-268,200-ST100-268,SHELL WEIGHT
PLX-500K,Turntable,200-TT100-232C,200-TT100-232C,ALUMINIUM PLATTER (15 MM)
PLX-500K,Turntable,408-PL50-068,408-PL50-068,SIGNAL WIRE
PLX-500K,Turntable,408-SUB-132,408-SUB-132,USB CABLE
PLX-500K,Turntable,409-DJ2-069A,409-DJ2-069A,AC CORD UL=1900
PLX-500K,Turntable,507-PNTT-3467,507-PNTT-3467,SPACER
PLX-500K,Turntable,612-PLX500K-095,612-PLX500K-095,SLIPMAT K
PLX-500K,Turntable,701-PLX500-5669,701-PLX500-5669,BASE ASSY K
PLX-500K,Turntable,701-PLX500-5673,701-PLX500-5673,FOOT & WASHER ASSY
PLX-500K,Turntable,701-PLX500-5704,701-PLX500-5704,HINGE ASSY
PLX-500K,Turntable,702-PLX500-098,702-PLX500-098,COUNTER WEIGHT ADJUSTOR ASSY
PLX-500K,Turntable,704-PLX500-B516,704-PLX500-B516,MAIN PCB ASSY
PLX-500K,Turntable,704-PLX500-B527,704-PLX500-B527,SINGALGNAL WIRE ASSY
PLX-500K,Turntable,704-PLX500-B534,704-PLX500-B534,STROBOSCOPE ASSY K
PLX-500K,Turntable,705-PLX500-1649,705-PLX500-1649,HEADSHEEL & CARTRIDGE ASSY
PLX-500K,Turntable,705-PLX500-1650,705-PLX500-1650,DUST COVER * HINGE ASSY K
PLX-500K,Turntable,705-PLX500-1653,705-PLX500-1653,TONE ARM PACKING ASSY
PLX-500K,Turntable,705-PLX500K-1655,705-PLX500K-1655,TOP PANEL PACKING ASSY K
PLX-500W,Turntable,100-PLX500W-2017,100-PLX500W-2017,SPEED PUSH BUTTON W
PLX-500W,Turntable,200-DJ3000-211,200-DJ3000-211,45 RPM ADAPTOR (AL)
PLX-500W,Turntable,200-ST100-268,200-ST100-268,SHELL WEIGHT
PLX-500W,Turntable,200-TT100-232C,200-TT100-232C,ALUMINIUM PLATTER (15 MM)
PLX-500W,Turntable,408-PL50-068,408-PL50-068,SIGNAL WIRE
PLX-500W,Turntable,408-SUB-132,408-SUB-132,USB CABLE
PLX-500W,Turntable,409-DJ2-069A,409-DJ2-069A,AC CORD UL=1900
PLX-500W,Turntable,507-PNTT-3467,507-PNTT-3467,SPACER
PLX-500W,Turntable,612-PLX500W-095,612-PLX500W-095,SLIPMAT W
PLX-500W,Turntable,701-PLX500-5673,701-PLX500-5673,FOOT & WASHER ASSY
PLX-500W,Turntable,701-PLX500-5704,701-PLX500-5704,HINGE ASSY
PLX-500W,Turntable,701-PLX500W-5669,701-PLX500W-5669,BASE ASS'Y W
PLX-500W,Turntable,702-PLX500-098,702-PLX500-098,COUNTER WEIGHT ADJUSTOR ASSY
PLX-500W,Turntable,704-PLX500-B516,704-PLX500-B516,MAIN PCB ASSY
PLX-500W,Turntable,704-PLX500-B527,704-PLX500-B527,SINGALGNAL WIRE ASSY
PLX-500W,Turntable,704-PLX500W-B535,704-PLX500W-B535,STROBOSCOPE ASSY W
PLX-500W,Turntable,705-PLX500-1649,705-PLX500-1649,HEADSHEEL & CARTRIDGE ASSY
PLX-500W,Turntable,705-PLX500-1653,705-PLX500-1653,TONE ARM PACKING ASSY
PLX-500W,Turntable,705-PLX500W-1656,705-PLX500W-1656,TOP PANEL PACKING ASSY W
QA-800,Integrated Amplifier,A12-229-A,A12-229,"Knob for volume, selector and mode"
QA-800,Integrated Amplifier,A12-232-A,A12-232,"Knob for bass, treble and speakers"
QA-800,Integrated Amplifier,A12-241-A,A12-241,Knob for level control
QA-800,Integrated Amplifier,A19-095-A,A19-095,Knob for lever switch
QA-800,Integrated Amplifier,AAM-003-A,AAM-003,Quadraphonic badge
QA-800,Integrated Amplifier,ACH-003-A,ACH-003,Electrolytic 4700 63V
QA-800,Integrated Amplifier,ACV-004-0,ACV-004,"Level control, 500k-B (CH.1)"
QA-800,Integrated Amplifier,ACV-004-0,ACV-004,"Level control, 500k-B (CH.2)"
QA-800,Integrated Amplifier,ACV-004-0,ACV-004,"Level control, 500k-B (CH.3)"
QA-800,Integrated Amplifier,ACV-004-0,ACV-004,"Level control, 500k-B (CH.4)"
QA-800,Integrated Amplifier,ACV-302-0,ACV-302,4 gang 500k-B (VOLUME)
QA-800,Integrated Amplifier,AEC-012-0,AEC-012,Foot
QA-800,Integrated Amplifier,AHD-017-0,AHD-017,Packing Case
QA-800,Integrated Amplifier,AKB-001-0,AKB-001,18P input terminal board
QA-800,Integrated Amplifier,AKR-001-0,AKR-001,Fuse holder
QA-800,Integrated Amplifier,AKR-012,AKR-012,FUSE HOLDER
QA-800,Integrated Amplifier,ANB-066-0,ANB-066,Front panel ass'y
QA-800,Integrated Amplifier,ARB-014-0,ARB-014,Operating instructions QA-800
QA-800,Integrated Amplifier,ASA-005-0,ASA-005,SPEAKERS/POWER switch
QA-800,Integrated Amplifier,ASC-005-0,ASC-005,MODE switch
QA-800,Integrated Amplifier,ASC-007-0,ASC-007,SELECTOR switch
QA-800,Integrated Amplifier,ASH-001-0,ASH-001,PRE & MAIN switch
QA-800,Integrated Amplifier,ASK-003-0,ASK-003,Lever switch (TAPE MON1)
QA-800,Integrated Amplifier,ASK-003-0,ASK-003,Lever switch (TAPE MON2)
QA-800,Integrated Amplifier,ASK-004-0,ASK-004,Lever switch (HI FILTER)
QA-800,Integrated Amplifier,ASK-004-0,ASK-004,Lever switch (LOUDNESS)
QA-800,Integrated Amplifier,ASK-004-0,ASK-004,Lever switch (MUTING)
QA-800,Integrated Amplifier,ASK-004-0,ASK-004,Lever switch (QUADRALIZER)
QA-800,Integrated Amplifier,ASK-004-0,ASK-004,Lever swtich (LO FILTER)
QA-800,Integrated Amplifier,ATT-013-A,ATT-013,Power transformer
QA-800,Integrated Amplifier,AWG-001-0,AWG-001,Control amp unit
QA-800,Integrated Amplifier,AWH-002-B,AWH-002,Main amp unit
QA-800,Integrated Amplifier,AWM-001-A,AWM-001,Q unit
QA-800,Integrated Amplifier,AWR-002-0,AWR-002,Power supply unit
QA-800,Integrated Amplifier,AWS-002-0,AWS-002,"Lever switch unit (TAPE1,TAPE2,QUADRALIZER,MUTING)"
QA-800,Integrated Amplifier,AWS-003-0,AWS-003,"Lever switch unit (LOUDNESS,FILTERS)"
QA-800,Integrated Amplifier,AWX-001-0,AWX-001,Volume unit
QA-800,Integrated Amplifier,AWX-005-0,AWX-005,R unit
QA-800,Integrated Amplifier,B11-012-A,B11-012,Screw for grounding
QA-800,Integrated Amplifier,B11-041-A,B11-041,Screw to fix wooden case
QA-800,Integrated Amplifier,C82-050-0,C82-050,"Bass control, 100k - B"
QA-800,Integrated Amplifier,C82-050-0,C82-050,"Treble control, 100k- B"
QA-800,Integrated Amplifier,D11-002-B,D11-002,AC power cord
QA-800,Integrated Amplifier,D51-003-B,D51-003,Connection cord (white)
QA-800,Integrated Amplifier,D51-004-B,D51-004,Connection cord (red)
QA-800,Integrated Amplifier,E21 -0060,E21 -0060,Fuse 3A
QA-800,Integrated Amplifier,E21-012-0,E21-012,Fuse 1.5A
QA-800,Integrated Amplifier,E21-020-0,E21-020,Fuse 1A for protection
QA-800,Integrated Amplifier,E21-035-A,E21-035,Fuse 2A for protection
QA-800,Integrated Amplifier,E22-020-0,E22-020,Pilot lamp
QA-800,Integrated Amplifier,H11-070-B,H11-070,Protector for packing
QA-800,Integrated Amplifier,K13-047-0,K13-047,4P ground terminal
QA-800,Integrated Amplifier,K21-010-E,K21-010,4P input terminal board
QA-800,Integrated Amplifier,K42-003-A,K42-003,Pilot lamp socket
QA-800,Integrated Amplifier,K71-028-0,K71-028,Short pin plug
QA-800,Integrated Amplifier,K72-007-B,K72-007,Speaker plug
QA-800,Integrated Amplifier,K72-015-A,K72-015,Pin plug
QA-800,Integrated Amplifier,K72-026-0,K72-026,Headphones jack
QA-800,Integrated Amplifier,K72-031-0,K72-031,Speaker socket
QA-800,Integrated Amplifier,K82-014-0,K82-014,Spare AC outlet
QA-800,Integrated Amplifier,K96-006-0,K96-006,Fuse holder
QA-800,Integrated Amplifier,M52-139-C,M52-139,Wooden case
QA-800,Integrated Amplifier,R42-188,R42-188,Service manual QA-800
QA-800,Integrated Amplifier,W15-032-0,W15-032,Head amp unit
QA-800A,Integrated Amplifier,AAB-024-0,AAB-024,"Knob, selector and mode"
QA-800A,Integrated Amplifier,AAB-028-0,AAB-028,"Knob, volume"
QA-800A,Integrated Amplifier,AAB-029-0,AAB-029,"Knob, bass. treble. and output selector"
QA-800A,Integrated Amplifier,AAB-030-0,AAB-030,"Knob, level control"
QA-800A,Integrated Amplifier,AAD-030-0,AAD-030,"Knob, tape mon. matrix, loudness, high filter, low filter, and muting"
QA-800A,Integrated Amplifier,AAM-003-A,AAM-003,Quadraphonic badge
QA-800A,Integrated Amplifier,ABA-010-0,ABA-010,Screw to fix wooden case
QA-800A,Integrated Amplifier,ACH-003-A,ACH-003,Electrolytic 4700 63V
QA-800A,Integrated Amplifier,ACV-007-0,ACV-007,"Level control, 500k-B (CH.1)"
QA-800A,Integrated Amplifier,ACV-007-0,ACV-007,"Level control, 500k-B (CH.2)"
QA-800A,Integrated Amplifier,ACV-007-0,ACV-007,"Level control, 500k-B (CH.3)"
QA-800A,Integrated Amplifier,ACV-007-0,ACV-007,"Level control, 500k-B (CH.4)"
QA-800A,Integrated Amplifier,ACV-302-0,ACV-302,4 gang 500k-B VOLUME
QA-800A,Integrated Amplifier,ADE-002-0,ADE-002,Connection cord
QA-800A,Integrated Amplifier,ADG-003-0,ADG-003,AC power cord (KLW)
QA-800A,Integrated Amplifier,AEC-057-0,AEC-057,Foot
QA-800A,Integrated Amplifier,AHD-100-0,AHD-100,Packing case (FVW)
QA-800A,Integrated Amplifier,AHD-101-0,AHD-101,Packing case (KLW)
QA-800A,Integrated Amplifier,AKB-007-0,AKB-007,6P input terminal board (A)
QA-800A,Integrated Amplifier,AKB-008-B,AKB-008,6P input terminal board (B)
QA-800A,Integrated Amplifier,AKB-010-0,AKB-010,4P input terminal board (A)
QA-800A,Integrated Amplifier,AKM-002-0,AKM-002,Jumper plug
QA-800A,Integrated Amplifier,AKP-002-0,AKP-002,Spare AC outlet
QA-800A,Integrated Amplifier,AKR-001-0,AKR-001,Line voltage selector
QA-800A,Integrated Amplifier,AMM-017,AMM-017,CABINET
QA-800A,Integrated Amplifier,ANB-147-0,ANB-147,Front panel ass'y
QA-800A,Integrated Amplifier,ARB-060-0,ARB-060,Operating instructions QA-800A
QA-800A,Integrated Amplifier,ASA-031-0,ASA-031,Output selector/Power (FVW)
QA-800A,Integrated Amplifier,ASA-031-0,ASA-031,Output selector/Power (KLW)
QA-800A,Integrated Amplifier,ASC-007-0,ASC-007,Input selector
QA-800A,Integrated Amplifier,ASC-025-0,ASC-025,Mode switch
QA-800A,Integrated Amplifier,ASK-003-0,ASK-003,Lever switch (TAPE MON1)
QA-800A,Integrated Amplifier,ASK-003-0,ASK-003,Lever switch (TAPE MON2)
QA-800A,Integrated Amplifier,ASK-004-0,ASK-004,Lever switch (HI FILTER)
QA-800A,Integrated Amplifier,ASK-004-0,ASK-004,Lever switch (LOUDNESS)
QA-800A,Integrated Amplifier,ASK-004-0,ASK-004,Lever switch (MATRIX)
QA-800A,Integrated Amplifier,ASK-004-0,ASK-004,Lever switch (MUTING)
QA-800A,Integrated Amplifier,ASK-004-0,ASK-004,Lever swtich (LO FILTER)
QA-800A,Integrated Amplifier,ATT-013-A,ATT-013,Power transformer (FVW)
QA-800A,Integrated Amplifier,ATT-091-A,ATT-091,Power transformer (KLW)
QA-800A,Integrated Amplifier,AWG-001-0,AWG-001,Control amp unit
QA-800A,Integrated Amplifier,AWH-002-0,AWH-002,Main amp unit
QA-800A,Integrated Amplifier,AWM-031-0,AWM-031,Decoder unit
QA-800A,Integrated Amplifier,AWM-032-A,AWM-032,Logic unit
QA-800A,Integrated Amplifier,AWR-018-0,AWR-018,Power supply unit
QA-800A,Integrated Amplifier,AWS-002-0,AWS-002,"Lever switch unit (TAPE1,TAPE2,MATRIX,MUTING)"
QA-800A,Integrated Amplifier,AWS-003-0,AWS-003,"Lever switch unit (LOUDNESS,FILTERS)"
QA-800A,Integrated Amplifier,AWX-001-0,AWX-001,Volume unit
QA-800A,Integrated Amplifier,AWX-005-0,AWX-005,R unit
QA-800A,Integrated Amplifier,B11-012-A,B11-012,Screw for grounding
QA-800A,Integrated Amplifier,B21-011-A,B21-011,Special washer (square)
QA-800A,Integrated Amplifier,C82-050-0,C82-050,100k-B Bass control
QA-800A,Integrated Amplifier,C82-050-0,C82-050,100k-B Treble control
QA-800A,Integrated Amplifier,D11-002-B,D11-002,AC power cord (FVW)
QA-800A,Integrated Amplifier,E21-006-0,E21-006,Fuse 3A
QA-800A,Integrated Amplifier,E21-012-0,E21-012,Fuse 1.5A
QA-800A,Integrated Amplifier,E21-020-0,E21-020,Fuse 1A for protection
QA-800A,Integrated Amplifier,E21-035-A,E21-035,Fuse 2A for protection
QA-800A,Integrated Amplifier,E22-020-0,E22-020,Pilot lamp
QA-800A,Integrated Amplifier,H11-070-C,H11-070,Styrotector
QA-800A,Integrated Amplifier,K13-047-0,K13-047,4P ground terminal
QA-800A,Integrated Amplifier,K42-003-A,K42-003,Pilot lamp socket
QA-800A,Integrated Amplifier,K72-007-B,K72-007,Speaker plug
QA-800A,Integrated Amplifier,K72-015-A,K72-015,Pin plug
QA-800A,Integrated Amplifier,K72-026-0,K72-026,Headphones jack
QA-800A,Integrated Amplifier,K72-031-0,K72-031,Speaker socket (2P)
QA-800A,Integrated Amplifier,K73-003-B,K73-003,Speaker socket
QA-800A,Integrated Amplifier,K96-007-C,K96-007,Fuse holder (protection)
QA-800A,Integrated Amplifier,R42-261,R42-261,Service manual QA-800A
QA-800A,Integrated Amplifier,W15-032-C,W15-032,Head amp unit
QC-800,Pre-Amplifier,A12-229-A,A12-229,"Knob for volume, selector and mode"
QC-800,Pre-Amplifier,A12-232-A,A12-232,Knob for bass and treble
QC-800,Pre-Amplifier,A12-241-B,A12-241,Knob for level control
QC-800,Pre-Amplifier,A19-095-A,A19-095,Knob for lever switch
QC-800,Pre-Amplifier,AAM-003-A,AAM-003,Quadraphonic badge
QC-800,Pre-Amplifier,ACV-004-0,ACV-004,"LEVEL control, 500k-B (CH.1)"
QC-800,Pre-Amplifier,ACV-004-0,ACV-004,"LEVEL control, 500k-B (CH.2)"
QC-800,Pre-Amplifier,ACV-004-0,ACV-004,"LEVEL control, 500k-B (CH.3)"
QC-800,Pre-Amplifier,ACV-004-0,ACV-004,"LEVEL control, 500k-B (CH.4)"
QC-800,Pre-Amplifier,ACV-301-0,ACV-301,"4 gang, VOLUME Control, 500k-B"
QC-800,Pre-Amplifier,AEC-012-0,AEC-012,Foot
QC-800,Pre-Amplifier,AHD-016-0,AHD-016,Packing case
QC-800,Pre-Amplifier,AKB-001 -0,AKB-001 ,18F input terminal board
QC-800,Pre-Amplifier,AKR-001-0,AKR-001,Line voltage selector
QC-800,Pre-Amplifier,AMN-002-0,AMN-002,Wooden case
QC-800,Pre-Amplifier,ANB-064-0,ANB-064,Front panel ass'y
QC-800,Pre-Amplifier,ARB-013-0,ARB-013,Operating instructions QC-800
QC-800,Pre-Amplifier,ASC-005-0,ASC-005,MODE switch
QC-800,Pre-Amplifier,ASC-006-0,ASC-006,SELECTOR switch
QC-800,Pre-Amplifier,ASK-003-0,ASK-003,Lever switch (OUTPUT)
QC-800,Pre-Amplifier,ASK-003-0,ASK-003,Lever switch (TAPE MON 1)
QC-800,Pre-Amplifier,ASK-003-0,ASK-003,Lever switch (TAPE MON 2)
QC-800,Pre-Amplifier,ASK-004-0,ASK-004,Lever switch (HIGH FILTER)
QC-800,Pre-Amplifier,ASK-004-0,ASK-004,Lever switch (LOW FILTER)
QC-800,Pre-Amplifier,ASK-004-0,ASK-004,Lever switch (MUTING)
QC-800,Pre-Amplifier,ASK-004-0,ASK-004,Lever switch (QUADRILIZER)
QC-800,Pre-Amplifier,ASK-007-A,ASK-007,POWER switch
QC-800,Pre-Amplifier,ATT-012-0,ATT-012,Power transformer
QC-800,Pre-Amplifier,AWF-002-0,AWF-002,Head amp unit
QC-800,Pre-Amplifier,AWG-002-0,AWG-002,Control amp unit
QC-800,Pre-Amplifier,AWK-001-A,AWK-001,Headphone amp unit
QC-800,Pre-Amplifier,AWM-001-A,AWM-001,Q unit
QC-800,Pre-Amplifier,AWR-003-0,AWR-003,Power supply unit
QC-800,Pre-Amplifier,AWS-001-0,AWS-001,"Lever switch unit (OUTPUT,FILTERS)"
QC-800,Pre-Amplifier,AWS-002-0,AWS-002,"Lever switch unit (TAPE1,TAPE2,QUADRALIZER,MUTING)"
QC-800,Pre-Amplifier,B11-012-A,B11-012,Screw for grounding
QC-800,Pre-Amplifier,B11-015-B,B11-015,Screw to fix wooden case
QC-800,Pre-Amplifier,D11-002-B,D11-002,AC power cord
QC-800,Pre-Amplifier,D51-003-B,D51-003,Connection cord (white)
QC-800,Pre-Amplifier,D51-004-B,D51-004,Connection cord (red)
QC-800,Pre-Amplifier,E21-016-0,E21-016,Fuse 0.2A
QC-800,Pre-Amplifier,E21-017-0,E21-017,Fuse 0.3A
QC-800,Pre-Amplifier,E21-020-0,E21-020,Fuse for protection (1A)
QC-800,Pre-Amplifier,E21-032-0,E21-032,Fuse for protection (0.3A)
QC-800,Pre-Amplifier,E22-020-0,E22-020,Pilot lamp
QC-800,Pre-Amplifier,H11-070-B,H11-070,Protector for Packing
QC-800,Pre-Amplifier,K13-047-0,K13-047,4P ground terminal
QC-800,Pre-Amplifier,K21-010-E,K21-010,4P input terminal board
QC-800,Pre-Amplifier,K42-003-A,K42-003,Pilot lamp socket
QC-800,Pre-Amplifier,K72-015-A,K72-015,Pin plug
QC-800,Pre-Amplifier,K72-026-0,K72-026,Headphones jack
QC-800,Pre-Amplifier,K82-014-0,K82-014,Spare AC outlet
QC-800,Pre-Amplifier,N/A,N/A,Service Manual QC-800
QC-800,Pre-Amplifier,S16-046-A,S16-046,TREBLE switch
QC-800,Pre-Amplifier,S16-046-A,S16-046,TREBLE switch
QC-800,Pre-Amplifier,S16-054-A,S16-054,BASS switch
QC-800,Pre-Amplifier,S16-054-A,S16-054,BASS switch
QC-800A,Pre-Amplifier,AAB-024-0,AAB-024,"Knob, selector and mode"
QC-800A,Pre-Amplifier,AAB-028-0,AAB-028,"Knob, volume"
QC-800A,Pre-Amplifier,AAB-029-0,AAB-029,"Knob, bass and treble"
QC-800A,Pre-Amplifier,AAB-030-0,AAB-030,"Knob, level control"
QC-800A,Pre-Amplifier,AAD-033-0,AAD-033,"Knob, tape mon, matrix, low filter, high filter, output, muting and power"
QC-800A,Pre-Amplifier,AAM-003-A,AAM-003,Quadraphonic badge
QC-800A,Pre-Amplifier,ABA-001-0,ABA-001,Screw to ﬁx wooden case
QC-800A,Pre-Amplifier,ACV-007-0,ACV-007,"LEVEL control, 500k-B (CH.1)"
QC-800A,Pre-Amplifier,ACV-007-0,ACV-007,"LEVEL control, 500k-B (CH.2)"
QC-800A,Pre-Amplifier,ACV-007-0,ACV-007,"LEVEL control, 500k-B (CH.3)"
QC-800A,Pre-Amplifier,ACV-007-0,ACV-007,"LEVEL control, 500k-B (CH.4)"
QC-800A,Pre-Amplifier,ACV-305-0,ACV-305,500k-B 4-gang volume
QC-800A,Pre-Amplifier,ADE-002-0,ADE-002,Connection cord
QC-800A,Pre-Amplifier,AEC-057-0,AEC-057,Foot
QC-800A,Pre-Amplifier,AHD-103-0,AHD-103,Packing case
QC-800A,Pre-Amplifier,AKB-007-0,AKB-007,6P input terminal board (B)
QC-800A,Pre-Amplifier,AKB-008-B,AKB-008,6P input terminal board (B)
QC-800A,Pre-Amplifier,AKB-010-0,AKB-010,4P input terminal board (Al
QC-800A,Pre-Amplifier,AKP-002-0,AKP-002,Spare AC outlet
QC-800A,Pre-Amplifier,AKR-001-0,AKR-001,Line voltage selector
QC-800A,Pre-Amplifier,AMM-018-0,AMM-018,Wooden case
QC-800A,Pre-Amplifier,ANB-148-0,ANB-148,Front panel ass'y
QC-800A,Pre-Amplifier,ARB-016-0,ARB-016,Operating instructions QC-800A
QC-800A,Pre-Amplifier,ASC-006-0,ASC-006,Input selector
QC-800A,Pre-Amplifier,ASC-025-0,ASC-025,Mode selector
QC-800A,Pre-Amplifier,ASK-003-0,ASK-003,Lever switch (OUTPUT)
QC-800A,Pre-Amplifier,ASK-003-0,ASK-003,Lever switch (TAPE MON 1)
QC-800A,Pre-Amplifier,ASK-003-0,ASK-003,Lever switch (TAPE MON 2)
QC-800A,Pre-Amplifier,ASK-004-0,ASK-004,Lever switch (HIGH FILTER)
QC-800A,Pre-Amplifier,ASK-004-0,ASK-004,Lever switch (LOW FILTER)
QC-800A,Pre-Amplifier,ASK-004-0,ASK-004,Lever switch (MATRIX)
QC-800A,Pre-Amplifier,ASK-004-0,ASK-004,Lever switch (MUTING)
QC-800A,Pre-Amplifier,ASK-022-0,ASK-022,Power switch
QC-800A,Pre-Amplifier,ATT-087-0,ATT-087,Power transformer
QC-800A,Pre-Amplifier,AWF-002-0,AWF-002,Head amp unit
QC-800A,Pre-Amplifier,AWG-002-0,AWG-002,Control amp unit
QC-800A,Pre-Amplifier,AWK-016-0,AWK-016,Headphone amp unit
QC-800A,Pre-Amplifier,AWM-031-0,AWM-031,Decoder unit
QC-800A,Pre-Amplifier,AWM-032-A,AWM-032,Logic unit
QC-800A,Pre-Amplifier,AWR-019-0,AWR-019,Power supply unit
QC-800A,Pre-Amplifier,AWS-001-0,AWS-001,"Lever switch unit (OUTPUT,FILTERS)"
QC-800A,Pre-Amplifier,AWS-002-0,AWS-002,"Lever switch unit (TAPE1,TAPE2,MATRIX,MUTING)"
QC-800A,Pre-Amplifier,B11-012-A,B11-012,Screw for grounding
QC-800A,Pre-Amplifier,B21-011-0,B21-011,Washer (square)
QC-800A,Pre-Amplifier,D11-002-B,D11-002,AC power cord
QC-800A,Pre-Amplifier,E21-016-0,E21-016,Fuse 0.2A
QC-800A,Pre-Amplifier,E21-017-0,E21-017,Fuse 0.3A
QC-800A,Pre-Amplifier,E21-020-0,E21-020,Fuse 1A for protection
QC-800A,Pre-Amplifier,E21-032-0,E21-032,Fuse 0.3A for protection
QC-800A,Pre-Amplifier,E22-020-0,E22-020,Pilot lamp
QC-800A,Pre-Amplifier,H11-070-C,H11-070,Styrotector
QC-800A,Pre-Amplifier,K13-047-0,K13-047,4P ground terminal
QC-800A,Pre-Amplifier,K42-003-A,K42-003,Pilot lamp socket
QC-800A,Pre-Amplifier,K72-015-A,K72-015,Pin plug
QC-800A,Pre-Amplifier,K72-026-0,K72-026,Headphones jack
QC-800A,Pre-Amplifier,R42-261,R42-261,Service Manual QC-800A
QC-800A,Pre-Amplifier,S16-046-A,S16-046,Treble switch
QC-800A,Pre-Amplifier,S16-046-A,S16-046,Treble switch
QC-800A,Pre-Amplifier,S16-054-A,S16-054,Bass switch
QC-800A,Pre-Amplifier,S16-054-A,S16-054,Bass switch
QD-210,Other,AAD-030,AAD-030,BUTTON
QD-210,Other,AMM-015,AMM-015,CABINET
QD-210,Other,ANB-133,ANB-133,FRONT PANEL
QD-210,Other,ARB-055,ARB-055,O/M QD-210
QD-210,Other,ASK-017,ASK-017,SWITCH(TAPE MONITOR)
QD-210,Other,ASK-018,ASK-018,SWITCH(POWER)
QD-210,Other,E21-030,E21-030,FUSE(.3 AMPS)
QD-210,Other,K41-002,K41-002,SOCKET
QD-210,Other,K96-007,K96-007,FUSE HOLDER
QD-210,Other,R42-257,R42-257,S/M QD-210
QD-240,Other,AAB-025,AAB-025,KNOB
QD-240,Other,AAB-056,AAB-056,KNOB(SEPARATION/CARRIER LEVEL)
QD-240,Other,AAD-040,AAD-040,BUTTON(ON/FF/TAPE-MON)
QD-240,Other,AAW-019,AAW-019,METER(SEPARATION)
QD-240,Other,ACG-001,ACG-001,CAPACITOR .01MF/250V
QD-240,Other,ACT-503,ACT-503,CONTROL(SEPARATION)
QD-240,Other,AKK-002,AKK-002,SOCKET
QD-240,Other,AKR-001,AKR-001,FUSE HOLDER
QD-240,Other,ANB-193,ANB-193,FRONT PANEL
QD-240,Other,ANE-027,ANE-027,METAL COVER
QD-240,Other,ARB-080,ARB-080,O/M QD-240
QD-240,Other,ART-002,ART-002,S/M QD-240/KL
QD-240,Other,ASC-048,ASC-048,SWITCH(MODE)
QD-240,Other,ASK-022,ASK-022,SWITCH(POWER)
QD-240,Other,ATT-131,ATT-131,PWR XFMR QD-240/F
QD-240,Other,E22-017,E22-017,LAMP(METER) 8V .3A
QL-600,Integrated Amplifier,A12-229-0,A12-229,Knob for Mode and Volume
QL-600,Integrated Amplifier,A12-631-A,A12-631,"Knob for Bass, Treble and Level"
QL-600,Integrated Amplifier,A19-095-A,A19-095,Knob for Lever Switch
QL-600,Integrated Amplifier,AAM-003-A,AAM-003,Quadraphonic Badge
QL-600,Integrated Amplifier,AAW-004-0,AAW-004,Level Meter
QL-600,Integrated Amplifier,ACH-008-0,ACH-008,Electrolytic 3300 50V
QL-600,Integrated Amplifier,ACV-005-0,ACV-005,LEVEL Control 250k-B (CH.1)
QL-600,Integrated Amplifier,ACV-005-0,ACV-005,LEVEL Control 250k-B (CH.2)
QL-600,Integrated Amplifier,ACV-005-0,ACV-005,LEVEL Control 250k-B (CH.3)
QL-600,Integrated Amplifier,ACV-005-0,ACV-005,LEVEL Control 250k-B (CH.4)
QL-600,Integrated Amplifier,ACV-304-0,ACV-304,VOLUME Control 10k-B
QL-600,Integrated Amplifier,AEL-015,AEL-015,LAMP(DIAL/POWER)
QL-600,Integrated Amplifier,AHA-006-0,AHA-006,Packing Spacer
QL-600,Integrated Amplifier,AHD-045-A,AHD-045,Packing Case
QL-600,Integrated Amplifier,AKP-001-A,AKP-001,Spare AC Outlet
QL-600,Integrated Amplifier,AKR-001-0,AKR-001,Line Voltage Selector
QL-600,Integrated Amplifier,AMM-005- D,AMM-005- D,Wooden Case
QL-600,Integrated Amplifier,ANB-082-0,ANB-082,Front Panel Ass'y
QL-600,Integrated Amplifier,ARB-035-0,ARB-035,Operating Instructions
QL-600,Integrated Amplifier,ASB-005-0,ASB-005,MODE Switch
QL-600,Integrated Amplifier,ASK-007-0,ASK-007,POWER Switch
QL-600,Integrated Amplifier,ASK-008-0,ASK-008,4 CH. TAPE MONITOR Switch
QL-600,Integrated Amplifier,ATT-029-0,ATT-029,Power Transformer
QL-600,Integrated Amplifier,AWG-009-0,AWG-009,Control Amp Unit
QL-600,Integrated Amplifier,AWH-005-A,AWH-005,Main Amp Unit
QL-600,Integrated Amplifier,AWM-001-A,AWM-001,Q Unit
QL-600,Integrated Amplifier,AWM-009-0,AWM-009,Output Unit
QL-600,Integrated Amplifier,AWM-012-A,AWM-012,Meter Amp Unit
QL-600,Integrated Amplifier,B11-012-A,B11-012,Screw for Grounding Washer (Square)
QL-600,Integrated Amplifier,C82-040-A,C82-040,"100k-B (BASS), dual"
QL-600,Integrated Amplifier,C82-040-A,C82-040,"100k-B (TREBLE), dual"
QL-600,Integrated Amplifier,D11-002-B,D11-002,AC Power Cord
QL-600,Integrated Amplifier,D51-003-A,D51-003,Connection Cord (white)
QL-600,Integrated Amplifier,D51-004-A,D51-004,Connection Cord (red)
QL-600,Integrated Amplifier,E11-034-A,E11-034,Vinyl Bag
QL-600,Integrated Amplifier,E21-004-C,E21-004,Fuse 1A
QL-600,Integrated Amplifier,E21-007-0,E21-007,Fuse 0.5A
QL-600,Integrated Amplifier,E21-026-0,E21-026,Fuse 2A for Protection
QL-600,Integrated Amplifier,E22-017-0,E22-017,Pilot Lamp for Level Meter
QL-600,Integrated Amplifier,H11-034-C,H11-034,Protector for Packing
QL-600,Integrated Amplifier,K13-047-0,K13-047,4P Ground Terminal
QL-600,Integrated Amplifier,K21-009-0,K21-009,2P Input Terminal Board
QL-600,Integrated Amplifier,K22-G13-D,K22-G13,SP Input Terminal Board
QL-600,Integrated Amplifier,K72-007-3,K72-007,Speaker Plug
QL-600,Integrated Amplifier,K72-015-A,K72-015,Pin Plug
QL-600,Integrated Amplifier,K72-028-0,K72-028,Speaker socket
QL-600,Integrated Amplifier,K91-005-A,K91-005,Fuse Holder
QL-600,Integrated Amplifier,K93-003-B,K93-003,Tape REC/PB Connector (DIN type)
QL-600,Integrated Amplifier,M52-010-0,M52-010,Screw to ﬁx Wooden Case M4 x 20
QL-600,Integrated Amplifier,R42-187,R42-187,Service manual QL-600
QL-600,Integrated Amplifier,S42-011-A,S42-011,2 CH. TAPE MONITOR Switch
QL-600,Integrated Amplifier,W52-004-0,W52-004,Compound Part for Rec Terminal
QL-600A,Integrated Amplifier,AAB-024-0,AAB-024,"Knob, mode and volume"
QL-600A,Integrated Amplifier,AAB-025-0,AAB-025,"Knob, bass, treble, and level"
QL-600A,Integrated Amplifier,AAD-033-0,AAD-033,"Knob, tape monitor and power"
QL-600A,Integrated Amplifier,AAM-003-A,AAM-003,Quadraphonic badge
QL-600A,Integrated Amplifier,AAW-009-0,AAW-009,Level meter
QL-600A,Integrated Amplifier,ACH-008-A,ACH-008,Electrolytic 3300 50V
QL-600A,Integrated Amplifier,ACV-005-0,ACV-005,"250k-B, level control"
QL-600A,Integrated Amplifier,ACV-005-0,ACV-005,"250k-B, level control"
QL-600A,Integrated Amplifier,ACV-005-0,ACV-005,"250k-B, level control"
QL-600A,Integrated Amplifier,ACV-005-0,ACV-005,"250k-B, level control"
QL-600A,Integrated Amplifier,ACV-304-0,ACV-304,"10k-B, 4-gang, volume control"
QL-600A,Integrated Amplifier,ADE-002-0,ADE-002,Connection cord
QL-600A,Integrated Amplifier,ADG-003-0,ADG-003,AC power cord (KLW)
QL-600A,Integrated Amplifier,AEL-015,AEL-015,LAMP(DIAL/POWER)
QL-600A,Integrated Amplifier,AHA-006-A,AHA-006,Styrol spacer
QL-600A,Integrated Amplifier,AHB-009-A,AHB-009,Protector
QL-600A,Integrated Amplifier,AHD-109-0,AHD-109,Packing case (KLW)
QL-600A,Integrated Amplifier,AHD-110-0,AHD-110,Packing case - FVW
QL-600A,Integrated Amplifier,AKB-008-0,AKB-008,6P input terminal board (BJ
QL-600A,Integrated Amplifier,AKB-009-0,AKB-009,2P input terminal board
QL-600A,Integrated Amplifier,AKP-002-0,AKP-002,Spare AC outlet
QL-600A,Integrated Amplifier,AKR-005-0,AKR-005,Fuse holder
QL-600A,Integrated Amplifier,AMM-016-B,AMM-016,Wooden case
QL-600A,Integrated Amplifier,ANB-139-B,ANB-139,Front panel ass‘y
QL-600A,Integrated Amplifier,ARB-057-0,ARB-057,Operating instructions
QL-600A,Integrated Amplifier,ASB-016-0,ASB-016,Mode switch
QL-600A,Integrated Amplifier,ASK-008-0,ASK-008,Lever switch (4 ch. tape mon.)
QL-600A,Integrated Amplifier,ASK-018-0,ASK-018,Lever switch (power) - KLW
QL-600A,Integrated Amplifier,ASK-022-0,ASK-022,Lever switch (POWER) - FVW
QL-600A,Integrated Amplifier,ATT-079-0,ATT-079,Power transformer (KLW)
QL-600A,Integrated Amplifier,ATT-080-0,ATT-080,Power transformer (FLW)
QL-600A,Integrated Amplifier,AWG-009-0,AWG-009,Control amp unit
QL-600A,Integrated Amplifier,AWH-005-A,AWH-005,Main amp unit
QL-600A,Integrated Amplifier,AWM-020-0,AWM-020,Meter amp unit
QL-600A,Integrated Amplifier,AWM-026-0,AWM-026,Input-output unit
QL-600A,Integrated Amplifier,AWM-031-0,AWM-031,Decoder unit
QL-600A,Integrated Amplifier,AWM-032-0,AWM-032,Logic unit
QL-600A,Integrated Amplifier,AWR-016-0,AWR-016,Power supply unit
QL-600A,Integrated Amplifier,B11-012-A,B11-012,Screw for grounding
QL-600A,Integrated Amplifier,C82-040,C82-040,"100k-B, dual variable (BASS,TREBLE)"
QL-600A,Integrated Amplifier,D11-002-B,D11-002,AC power cord - FVW
QL-600A,Integrated Amplifier,E21-004-0,E21-004,Fuse 1A - FVW
QL-600A,Integrated Amplifier,E21-005-0,E21-005,Fuse 2A for protection - FVW
QL-600A,Integrated Amplifier,E21-007-0,E21-007,Fuse 0.5A - FVW
QL-600A,Integrated Amplifier,E21-027-0,E21-027,Fuse 2A for protection (KLW)
QL-600A,Integrated Amplifier,E21-028-0,E21-028,Fuse 0.5A for protection
QL-600A,Integrated Amplifier,E21-033-0,E21-033,Fuse 1A
QL-600A,Integrated Amplifier,E22-017-0,E22-017,Pilot lamp for level meter
QL-600A,Integrated Amplifier,H11-034-0,H11-034,Styrotector
QL-600A,Integrated Amplifier,K13-047-0,K13-047,4P ground terminal
QL-600A,Integrated Amplifier,K72-007-B,K72-007,Speaker plug
QL-600A,Integrated Amplifier,K72-015-A,K72-015,Pin plug
QL-600A,Integrated Amplifier,K91-005A,K91-005A,Pilot lamp (for level meter) socket
QL-600A,Integrated Amplifier,K93-003B,K93-003B,5P connector (DIN)
QL-600A,Integrated Amplifier,M52-010-0,M52-010,Special washer (square)
QL-600A,Integrated Amplifier,R42-259-0,R42-259,Service manual  QL-600A
QL-600A,Integrated Amplifier,S42-011-A,S42-011,Lever switch (2 ch. tape mon.)
QL-600A,Integrated Amplifier,W52-004-0,W52-004,Compound part for REC terminal
QM-800,Amplifier,A12-229-A,A12-229,Knob for input level and meter level
QM-800,Amplifier,A19-095-A,A19-095,Knob for power
QM-800,Amplifier,A91-020-E,A91-020,Level meter
QM-800,Amplifier,AAM-003-A,AAM-003,Quadraphonic badge
QM-800,Amplifier,AEC-012-0,AEC-012,Foot
QM-800,Amplifier,AEL-015,AEL-015,LAMP(DIAL/POWER)
QM-800,Amplifier,AHD-038-0,AHD-038,Packing case
QM-800,Amplifier,AKR-001-0,AKR-001,Line Voltage Selector
QM-800,Amplifier,ANB-070-0,ANB-070,From panel ass'y
QM-800,Amplifier,ARB-018-0,ARB-018,Operating instructions QM-800
QM-800,Amplifier,ASB-001-A,ASB-001,lNPUT Level switch
QM-800,Amplifier,ASB-002-A,ASB-002,METER Level switch
QM-800,Amplifier,ASH-001-0,ASH-001,INPUT Selector switch
QM-800,Amplifier,ASK-007-0,ASK-007,POWER Switch
QM-800,Amplifier,ATT-025-0,ATT-025,Power Transformer
QM-800,Amplifier,AWM-003-0,AWM-003,Protection unit
QM-800,Amplifier,AWM-011-0,AWM-011,Protection unit
QM-800,Amplifier,AWR-001-0,AWR-001,Power supply unit
QM-800,Amplifier,B11-041-A,B11-041,Screw to fix wooden case
QM-800,Amplifier,C52-088-B,C52-088,Electrolytic 4700 50V
QM-800,Amplifier,C52-088-B,C52-088,Electrolytic 4700 50V
QM-800,Amplifier,C52-088-B,C52-088,Electrolytic 4700 50V
QM-800,Amplifier,C52-088-B,C52-088,Electrolytic 4700 50V
QM-800,Amplifier,D11-002-B,D11-002,AC power cord
QM-800,Amplifier,D51-003-B,D51-003,Connection cord (white)
QM-800,Amplifier,D51-004-B,D51-004,Connection cord (red)
QM-800,Amplifier,E21-005-0,E21-005,Fuse 2A
QM-800,Amplifier,E21-014-0,E21-014,Fuse 4A
QM-800,Amplifier,E21-020-0,E21-020,Fuse 1A for protection
QM-800,Amplifier,E22-017-0,E22-017,Pilot lamp
QM-800,Amplifier,H11-070-B,H11-070,Protector for packing
QM-800,Amplifier,K13-047-0,K13-047,4P ground terminal
QM-800,Amplifier,K21-010-E,K21-010,4P input terminal board
QM-800,Amplifier,K72-007-B,K72-007,Speaker plug
QM-800,Amplifier,K72-015-A,K72-015,Pin plug
QM-800,Amplifier,K72-028-0,K72-028,Speaker socket
QM-800,Amplifier,K72-031-0,K72-031,Speaker socket (dual)
QM-800,Amplifier,K82-012-A,K82-012,Spare AC outlet
QM-800,Amplifier,K82-014-0,K82-014,Spare AC outlet (dual)
QM-800,Amplifier,K91-005-0,K91-005,Fuse holder
QM-800,Amplifier,M52-139-C,M52-139,Wooden case
QM-800,Amplifier,R42-188,R42-188,Service manual QM-800
QM-800,Amplifier,S61-007-0,S61-007,Relay
QM-800,Amplifier,W23-009-A,W23-009,Main amp unit
QM-800A,Amplifier,AAB-024-0,AAB-024,"Knob, input level and meter level"
QM-800A,Amplifier,AAB-029-0,AAB-029,"Knob, speaker selector"
QM-800A,Amplifier,AAD-003-0,AAD-003,"Knob, power"
QM-800A,Amplifier,AAM-003-A,AAM-003,Quadraphonic badge
QM-800A,Amplifier,AAW-010-0,AAW-010,Level meter
QM-800A,Amplifier,ABA-010-0,ABA-010,Screw to fix wooden c
QM-800A,Amplifier,ADE-002-0,ADE-002,Connection cord
QM-800A,Amplifier,AEC-057-0,AEC-057,Foot
QM-800A,Amplifier,AEL-015,AEL-015,LAMP(DIAL/POWER)
QM-800A,Amplifier,AHD-098-0,AHD-098,Packing case
QM-800A,Amplifier,AKB-005-0,AKB-005,4P input terminal board
QM-800A,Amplifier,AKP-002-0,AKP-002,Spare AC outlet
QM-800A,Amplifier,AKR-001-0,AKR-001,Line voltage selector
QM-800A,Amplifier,AMM-017-0,AMM-017,Wooden case
QM-800A,Amplifier,ANB-145-0,ANB-145,Front panel ass'y
QM-800A,Amplifier,ARB-056-0,ARB-056,Operating instructions QM-800A
QM-800A,Amplifier,ASB-017-0,ASB-017,Selector switch (speaker selector)
QM-800A,Amplifier,ASB-017-0,ASB-017,Selector switch (speaker selector)
QM-800A,Amplifier,ASB-018-0,ASB-018,Selector switch (input level)
QM-800A,Amplifier,ASB-019-0,ASB-019,Selector switch (meter level)
QM-800A,Amplifier,ASH-001-0,ASH-001,Slide switch (input selector)
QM-800A,Amplifier,ASK-007-0,ASK-007,Lever switch (power)
QM-800A,Amplifier,ATT-086-0,ATT-086,Power transformer
QM-800A,Amplifier,AWH-015-A,AWH-015,Power amp unit
QM-800A,Amplifier,AWM-028-0,AWM-028,Protection unit
QM-800A,Amplifier,AWM-029-0,AWM-029,Protection unit
QM-800A,Amplifier,AWR-001-0,AWR-001,Power supply unit
QM-800A,Amplifier,B11-012-A,B11-012,Screw for grounding
QM-800A,Amplifier,B21-001-0,B21-001,Special washer
QM-800A,Amplifier,C52-088-C,C52-088,Electrolytic 4700 50V
QM-800A,Amplifier,C52-088-C,C52-088,Electrolytic 4700 50V
QM-800A,Amplifier,C52-088-C,C52-088,Electrolytic 4700 50V
QM-800A,Amplifier,C52-088-C,C52-088,Electrolytic 4700 50V
QM-800A,Amplifier,D11-002-B,D11-002,AC power cord
QM-800A,Amplifier,E21-005-0,E21-005,Fuse 2A
QM-800A,Amplifier,E21-014-0,E21-014,Fuse 4A
QM-800A,Amplifier,E21-020-0,E21-020,Fuse 1A for protection
QM-800A,Amplifier,E22-017-0,E22-017,Pilot lamp
QM-800A,Amplifier,H11-070-C,H11-070,Styrotector
QM-800A,Amplifier,K13-047-0,K13-047,4P ground terminal
QM-800A,Amplifier,K21-026-0,K21-026,Fuse 2A for protection
QM-800A,Amplifier,K72-007-B,K72-007,Speaker plug
QM-800A,Amplifier,K72-015-A,K72-015,Pin plug
QM-800A,Amplifier,K72-031-0,K72-031,Speaker socket (2P)
QM-800A,Amplifier,K91-005-0,K91-005,Fuse holder (Pilot lamp socket)
QM-800A,Amplifier,R42-261,R42-261,Service manual QM-800A
QM-800A,Amplifier,S61-007-0,S61-007,Relay
QT-2100,8-Track Tape,A12-232,A12-232,KNOB(FUNCTION-PWR/TONE...ETC.)
QT-2100,8-Track Tape,AEL-015,AEL-015,LAMP(DIAL/POWER)
QT-2100,8-Track Tape,E22-607,E22-607,IND LAMP
QT-2100,8-Track Tape,N11-412,N11-412,MOTOR
QT-2100,8-Track Tape,N28-414,N28-414,BELT
QT-2100,8-Track Tape,R42-227,R42-227,S/M QT-2100
QT-2100,8-Track Tape,RAA-007,RAA-007,"KNOB(PROGRAM ""FRONT"")"
QT-2100,8-Track Tape,RCV-003,RCV-003,CONTROL(VOLUME)
QT-2100,8-Track Tape,RPB-006,RPB-006,HEAD (PBH8-4)
QT-2100,8-Track Tape,RRB-007,RRB-007,O/M QT-2100
QT-2100,8-Track Tape,RTT-005,RTT-005,PWR XFMR QT-2100
QT-2100,8-Track Tape,S11-404,S11-404,SWITCH(PROGRAM REPEAT)
QT-2100,8-Track Tape,S21-404,S21-404,SWITCH(POWER/SHUT-OFF)
QT-2100,8-Track Tape,W73-408,W73-408,FLYWHEEL ASSY
QT-6100,Reel To Reel Tape,A12-232-A,A12-232,"Knob, MODE selector"
QT-6100,Reel To Reel Tape,A12-406-A,A12-406,"Knob, tape speed selector"
QT-6100,Reel To Reel Tape,A18-401-0,A18-401,"Knob, REC lever"
QT-6100,Reel To Reel Tape,A18-606-0,A18-606,"Knob, PAUSE lever"
QT-6100,Reel To Reel Tape,A61-406-B,A61-406,Aluminum frame (A)
QT-6100,Reel To Reel Tape,A66-402-B,A66-402,Counter escutcheon
QT-6100,Reel To Reel Tape,A66-852-A,A66-852,Finger rest
QT-6100,Reel To Reel Tape,AKR-001-0,AKR-001,Line voltage selector
QT-6100,Reel To Reel Tape,B11-012-A,B11-012,Screw for grouding
QT-6100,Reel To Reel Tape,B23-865-0,B23-865,Teflon washer
QT-6100,Reel To Reel Tape,B23-865-0,B23-865,Teflon washer
QT-6100,Reel To Reel Tape,B23-866-0,B23-866,Teflon washer
QT-6100,Reel To Reel Tape,B23-866-0,B23-866,Teflon Washer
QT-6100,Reel To Reel Tape,B28-851-0,B28-851,Slot pin
QT-6100,Reel To Reel Tape,B31 -865-0,B31 -865,Tension adjusting spring
QT-6100,Reel To Reel Tape,B31-443-A,B31-443,Pause lever spring
QT-6100,Reel To Reel Tape,B31-444-0,B31-444,Pause cam spring
QT-6100,Reel To Reel Tape,B31-854-0,B31-854,Contact lever spring
QT-6100,Reel To Reel Tape,B31-858-A,B31-858,Pinch roller return spring
QT-6100,Reel To Reel Tape,B31-860-0,B31-860,Brake roller spring
QT-6100,Reel To Reel Tape,B31-860-0,B31-860,Brake roller spring
QT-6100,Reel To Reel Tape,B31-864-0,B31-864,Slide metal spring
QT-6100,Reel To Reel Tape,B31-865-0,B31-865,Tension adjusting spring
QT-6100,Reel To Reel Tape,B32-853-0,B32-853,Slide stepper spring
QT-6100,Reel To Reel Tape,B71-004-0,B71-004,M9 Nut
QT-6100,Reel To Reel Tape,B71-403-A,B71-403,Special nut
QT-6100,Reel To Reel Tape,B71-403-A,B71-403,Special nut
QT-6100,Reel To Reel Tape,C22-403-A,C22-403,MP capacitor
QT-6100,Reel To Reel Tape,C43-003-0,C43-003,Ceramic capacitor 0.01uF DC 1.4kV
QT-6100,Reel To Reel Tape,D11-003-E,D11-003,AC power cord
QT-6100,Reel To Reel Tape,E17-401-0,E17-401,Take-up pulley (A) assembly
QT-6100,Reel To Reel Tape,E17-402-0,E17-402,Take-up pulley (B) assembly
QT-6100,Reel To Reel Tape,E17-403-0,E17-403,Reel mount base assembly
QT-6100,Reel To Reel Tape,E17-403-0,E17-403,Reel mount base assembly
QT-6100,Reel To Reel Tape,E17-408-0,E17-408,Reel mount pulley assembly
QT-6100,Reel To Reel Tape,E17-408-0,E17-408,Reel mount pulley assembly
QT-6100,Reel To Reel Tape,E17-409-0,E17-409,Pinch arm raising metal (B)
QT-6100,Reel To Reel Tape,E17-414-0,E17-414,Foot ass'y
QT-6100,Reel To Reel Tape,E17-452-0,E17-452,Flywheel ass'y
QT-6100,Reel To Reel Tape,E17-511-0,E17-511,Pinch roller ass‘y
QT-6100,Reel To Reel Tape,E22-851-B,E22-851,Pilot lamp
QT-6100,Reel To Reel Tape,E31-851-0,E31-851,Grommet
QT-6100,Reel To Reel Tape,E31-854-B,E31-854,Oil shielding washer (A)
QT-6100,Reel To Reel Tape,E31-857-0,E31-857,Oil shielding washer (B)
QT-6100,Reel To Reel Tape,E31-857-0,E31-857,Oil shielding Washer (B)
QT-6100,Reel To Reel Tape,E32-045-0,E32-045,Insulator washer
QT-6100,Reel To Reel Tape,E32-056-0,E32-056,AC cord stopper
QT-6100,Reel To Reel Tape,E34-004-0,E34-004,insulator washer
QT-6100,Reel To Reel Tape,E34-402-A,E34-402,Light-shielding plate
QT-6100,Reel To Reel Tape,E34-404-0,E34-404,M3 Spring washer
QT-6100,Reel To Reel Tape,K72-024-0,K72-024,Microphone jack
QT-6100,Reel To Reel Tape,K72-026-0,K72-026,Headphones jack
QT-6100,Reel To Reel Tape,K93-003-B,K93-003,DlN-type socket
QT-6100,Reel To Reel Tape,M44-851-0,M44-851,Shut-0ff switch mounting plate
QT-6100,Reel To Reel Tape,M45-408-0,M45-408,Power supply unit stay
QT-6100,Reel To Reel Tape,M46-025-B,M46-025,Cord fixer
QT-6100,Reel To Reel Tape,M48-401-A,M48-401,Panel holder
QT-6100,Reel To Reel Tape,M48-401-A,M48-401,Panel holder
QT-6100,Reel To Reel Tape,M49-128-A,M49-128,Mounting plate
QT-6100,Reel To Reel Tape,M52-010-0,M52-010,Special nut
QT-6100,Reel To Reel Tape,M98-855-0,M98-855,Insulator
QT-6100,Reel To Reel Tape,M98-855-0,M98-855,Insulator
QT-6100,Reel To Reel Tape,N15-852-0,N15-852,Plunger
QT-6100,Reel To Reel Tape,N23-608-A,N23-608,Nylon ball
QT-6100,Reel To Reel Tape,N28-851-0,N28-851,Drive belt
QT-6100,Reel To Reel Tape,N28-853-0,N28-853,Counter belt
QT-6100,Reel To Reel Tape,N28-853-0,N28-853,Counter belt
QT-6100,Reel To Reel Tape,N51-854-0,N51-854,Stepped washer (B)
QT-6100,Reel To Reel Tape,N51-855-A,N51-855,Stepped washer (C)
QT-6100,Reel To Reel Tape,N51-855-A,N51-855,Stepped washer (C)
QT-6100,Reel To Reel Tape,N51-855-A,N51-855,Stepped washer (C)
QT-6100,Reel To Reel Tape,N51-857-0,N51-857,Motor spacer
QT-6100,Reel To Reel Tape,N51-873-0,N51-873,Stepped washer (D)
QT-6100,Reel To Reel Tape,N54-493-C,N54-493,Pinch arm
QT-6100,Reel To Reel Tape,N54-494-0,N54-494,Nylon shaft (A)
QT-6100,Reel To Reel Tape,N54-856-A,N54-856,Contact lever shaft
QT-6100,Reel To Reel Tape,N54-862-0,N54-862,Arm shaft
QT-6100,Reel To Reel Tape,N54-862-0,N54-862,Arrn shaft
QT-6100,Reel To Reel Tape,N54-863-A,N54-863,Counter pulley shaft
QT-6100,Reel To Reel Tape,N54-864-0,N54-864,Counter pulley spacer
QT-6100,Reel To Reel Tape,N54-866-A,N54-866,Slide spacer
QT-6100,Reel To Reel Tape,N54-866-A,N54-866,Slide spacer
QT-6100,Reel To Reel Tape,N54-866-A,N54-866,Slide spacer
QT-6100,Reel To Reel Tape,N54-867-0,N54-867,Stepper arm spacer
QT-6100,Reel To Reel Tape,N61-863-0,N61-863,Slide stopper
QT-6100,Reel To Reel Tape,N62-524-A,N62-524,Pause lever
QT-6100,Reel To Reel Tape,N62-525-0,N62-525,Metal for pasue lever
QT-6100,Reel To Reel Tape,N62-528-0,N62-528,Pinch arm raising metal (A)
QT-6100,Reel To Reel Tape,N62-532-A,N62-532,Slide metal
QT-6100,Reel To Reel Tape,N64-853-0,N64-853,Slide metal
QT-6100,Reel To Reel Tape,N81-404-A,N81-404,Pause cam lever
QT-6100,Reel To Reel Tape,N83-401-A,N83-401,Speed selector arm (A)
QT-6100,Reel To Reel Tape,N83-402-A,N83-402,Speed selector arm (B)
QT-6100,Reel To Reel Tape,N92-851-0,N92-851,Nylon collar
QT-6100,Reel To Reel Tape,N93-438-0,N93-438,Capacitor cap
QT-6100,Reel To Reel Tape,N93-855-0,N93-855,Counter pulley
QT-6100,Reel To Reel Tape,N93-857-0,N93-857,Contact lever mounting base
QT-6100,Reel To Reel Tape,R42-251,R42-251,Service manual QT-6100
QT-6100,Reel To Reel Tape,RAA-003-A,RAA-003,Knob for power switch
QT-6100,Reel To Reel Tape,RAA-005-0,RAA-005,"Knob, REC level (L)"
QT-6100,Reel To Reel Tape,RAA-006-0,RAA-006,"Knob, REC level (R)"
QT-6100,Reel To Reel Tape,RAA-008-0,RAA-008,Push switch button ass'y
QT-6100,Reel To Reel Tape,RAA-010-0,RAA-010,"Knob, function lever"
QT-6100,Reel To Reel Tape,RAH -071-0,RAH -071,Deck panel
QT-6100,Reel To Reel Tape,RAH-063-0,RAH-063,Reel mount frame
QT-6100,Reel To Reel Tape,RAH-063-0,RAH-063,Reel mount frame
QT-6100,Reel To Reel Tape,RAL-039-0,RAL-039,Model name plate
QT-6100,Reel To Reel Tape,RAP-004-C,RAP-004,Amplifier panel
QT-6100,Reel To Reel Tape,RAP-017-0,RAP-017,Aluminum frame (B)
QT-6100,Reel To Reel Tape,RAP-017-0,RAP-017,Aluminum frame (B)
QT-6100,Reel To Reel Tape,RAW-001-0,RAW-001,Counter
QT-6100,Reel To Reel Tape,RAW-003-0,RAW-003,Level meter
QT-6100,Reel To Reel Tape,RBH -076-0,RBH -076,Head spring
QT-6100,Reel To Reel Tape,RBH-050-0,RBH-050,Speed selector cam sprlng
QT-6100,Reel To Reel Tape,RBH-076-0,RBH-076,Head spring
QT-6100,Reel To Reel Tape,RBK-055-0,RBK-055,Lock spring
QT-6100,Reel To Reel Tape,RBK-055-0,RBK-055,Lock spring
QT-6100,Reel To Reel Tape,RCN-001-0,RCN-001,Wire wound resistor 75Ω 10W
QT-6100,Reel To Reel Tape,RCV-004-0,RCV-004,REC level control
QT-6100,Reel To Reel Tape,REB-004-0,REB-004,Rubber cushion
QT-6100,Reel To Reel Tape,REB-014,REB-014,REEL CAP
QT-6100,Reel To Reel Tape,REB-021-0,REB-021,Insulator tip
QT-6100,Reel To Reel Tape,REB-022-0,REB-022,Pilot lamp tube
QT-6100,Reel To Reel Tape,REB-039-0,REB-039,Lamp grommet
QT-6100,Reel To Reel Tape,REB-051-0,REB-051,Take-up belt
QT-6100,Reel To Reel Tape,REB-051-0,REB-051,Take-up belt
QT-6100,Reel To Reel Tape,REB-068-0,REB-068,lnsulator tip
QT-6100,Reel To Reel Tape,REB-069-0,REB-069,Insulator tip (B)
QT-6100,Reel To Reel Tape,REB-069-0,REB-069,Insulator tip (B)
QT-6100,Reel To Reel Tape,REC-034-0,REC-034,Rubber cushion
QT-6100,Reel To Reel Tape,REC-037-0,REC-037,Meter cushion A
QT-6100,Reel To Reel Tape,REC-038-0,REC-038,Meter cushion B
QT-6100,Reel To Reel Tape,REC-038-0,REC-038,Meter cushion B
QT-6100,Reel To Reel Tape,REC-051-0,REC-051,Rubber cushion
QT-6100,Reel To Reel Tape,REL-002-0,REL-002,Pilot lamp
QT-6100,Reel To Reel Tape,REN-157-0,REN-157,P.C.B. holder
QT-6100,Reel To Reel Tape,RKB-003-A,RKB-003,6P input terminal board
QT-6100,Reel To Reel Tape,RKC-004-0,RKC-004,2P terminal strip
QT-6100,Reel To Reel Tape,RKC-008-0,RKC-008,2P terminal strip
QT-6100,Reel To Reel Tape,RKK-005-0,RKK-005,Lamp socket
QT-6100,Reel To Reel Tape,RLA-032-0,RLA-032,Fastforward cam collar
QT-6100,Reel To Reel Tape,RLA-036-0,RLA-036,Tape guide 8M
QT-6100,Reel To Reel Tape,RLA-036-0,RLA-036,Tape guide SM
QT-6100,Reel To Reel Tape,RLA-037-0,RLA-037,Tape guide 6M
QT-6100,Reel To Reel Tape,RLA-037-0,RLA-037,Tape guide BM
QT-6100,Reel To Reel Tape,RLA-070-0,RLA-070,Recording lever shaft
QT-6100,Reel To Reel Tape,RLA-102-0,RLA-102,Reel mount shaft
QT-6100,Reel To Reel Tape,RLA-102-0,RLA-102,Reel mount shaft
QT-6100,Reel To Reel Tape,RLA-197-0,RLA-197,Take-up pulley spacer
QT-6100,Reel To Reel Tape,RLA-197-0,RLA-197,Take-up pulley spacer
QT-6100,Reel To Reel Tape,RMM-015-0,RMM-015,Wooden cabinet ass'y
QT-6100,Reel To Reel Tape,RNB-015-B,RNB-015,Amplifier chassis
QT-6100,Reel To Reel Tape,RNC-025-B,RNC-025,Side chassis (E) ass'y
QT-6100,Reel To Reel Tape,RNC-038-0,RNC-038,Amp holder
QT-6100,Reel To Reel Tape,RNE -074-0,RNE -074,Spring lever
QT-6100,Reel To Reel Tape,RNE-034-0,RNE-034,Counter mounting plate
QT-6100,Reel To Reel Tape,RNE-064-0,RNE-064,P.C.B. stay
QT-6100,Reel To Reel Tape,RNE-065-0,RNE-065,Switch mounting plate
QT-6100,Reel To Reel Tape,RNE-069-0,RNE-069,Pinch roller holder
QT-6100,Reel To Reel Tape,RNE-083-0,RNE-083,Rotary switch holder
QT-6100,Reel To Reel Tape,RNE-131-0,RNE-131,Rotary switch holder (A)
QT-6100,Reel To Reel Tape,RNE-148-A,RNE-148,Recording lever
QT-6100,Reel To Reel Tape,RNE-167-0,RNE-167,Speed selector stopper
QT-6100,Reel To Reel Tape,RNE-209-0,RNE-209,Pinch arm bearing
QT-6100,Reel To Reel Tape,RNE-223-0,RNE-223,P.C.B. stay
QT-6100,Reel To Reel Tape,RNE-226-0,RNE-226,Amp stay
QT-6100,Reel To Reel Tape,RNE-230-0,RNE-230,Jack shield plate
QT-6100,Reel To Reel Tape,RNE-241-0,RNE-241,E head mounting metal (left side)
QT-6100,Reel To Reel Tape,RNE-356-0,RNE-356,Slide metal lever (A)
QT-6100,Reel To Reel Tape,RPB-005-A,RPB-005,E head
QT-6100,Reel To Reel Tape,RSB-003-0,RSB-003,MODE switch
QT-6100,Reel To Reel Tape,RSB-004-0,RSB-004,Rotary switch (EQ SELECTOR SW)
QT-6100,Reel To Reel Tape,RSK-011-0,RSK-011,Muting switch ass’y
QT-6100,Reel To Reel Tape,RTT-007-0,RTT-007,Power transformer
QT-6100,Reel To Reel Tape,RWA-004-0,RWA-004,OSC unit
QT-6100,Reel To Reel Tape,RWF-005-A,RWF-005,Amp unit (A)
QT-6100,Reel To Reel Tape,RWF-006-0,RWF-006,Amp unit (B)
QT-6100,Reel To Reel Tape,RWR-008 A,RWR-008 A,Power supply unit
QT-6100,Reel To Reel Tape,RWX-008-0,RWX-008,Equalizer switch unit
QT-6100,Reel To Reel Tape,RWX-009-0,RWX-009,Lamp unit
QT-6100,Reel To Reel Tape,RWX-010-0,RWX-010,Muting switch unit
QT-6100,Reel To Reel Tape,RXA-001-0,RXA-001,Brake arm (A) assembly
QT-6100,Reel To Reel Tape,RXA-002-0,RXA-002,Brake arm (B) assembly
QT-6100,Reel To Reel Tape,RXA-077-A,RXA-077,Mounting plate ass'y
QT-6100,Reel To Reel Tape,RXA-130-B,RXA-130,Slide lever assembly
QT-6100,Reel To Reel Tape,RXA-132-A,RXA-132,Chassis
QT-6100,Reel To Reel Tape,RXA-132-A,RXA-132,Chassis ass'y
QT-6100,Reel To Reel Tape,RXA-232-0,RXA-232,Side chassis (B) ass'y
QT-6100,Reel To Reel Tape,RXA-235-0,RXA-235,Motor pulley 50Hz
QT-6100,Reel To Reel Tape,RXA-238-0,RXA-238,Motor pulley 60Hz
QT-6100,Reel To Reel Tape,RXE-010-0,RXE-010,Push switch ass'y
QT-6100,Reel To Reel Tape,RXM-003-A,RXM-003,Motor
QT-6100,Reel To Reel Tape,RXX-001 -0,RXX-001 ,REC/P.B. head (4 channel) ass'y
QT-6100,Reel To Reel Tape,RXX-002-0,RXX-002,REC/P.B. head (2 channel) ass'y
QT-6100,Reel To Reel Tape,RXX-004-0,RXX-004,Head housing ass'y
QT-6100,Reel To Reel Tape,RXX-053-0,RXX-053,Speed selector ass'y
QT-6100,Reel To Reel Tape,S21-418-0,S21-418,Microswitch
QT-6100,Reel To Reel Tape,S21-851-0,S21-851,Shuboff swltch
QT-6100,Reel To Reel Tape,S21-851-0,S21-851,Shut-0ff switch
QT-6100,Reel To Reel Tape,S31-851-0,S31-851,Power switch
QT-6100,Reel To Reel Tape,S41-852-A,S41-852,Slide switch (FOR-REV SELECTOR SWITCH)
QT-6100,Reel To Reel Tape,S41-852-A,S41-852,Slide switch (REC-PB SELECTOR SWITCH)
QT-6100,Reel To Reel Tape,S42-403-A,S42-403,Switch
QT-6100,Reel To Reel Tape,S48-855-0,S48-855,Spring switch No. 5
QT-6100,Reel To Reel Tape,S61-853-0,S61-853,Relay (12V)
QT-6100,Reel To Reel Tape,W18-442-0,W18-442,REC switch unit
QT-6100,Reel To Reel Tape,W53-045-0,W53-045,Spark killer
QT-6100,Reel To Reel Tape,W53-045-0,W53-045,Spark killer
QT-6100,Reel To Reel Tape,W71-852-A,W71-852,Capstan bearing
QT-6100,Reel To Reel Tape,W72-474-0,W72-474,Stepper carn assembly
QT-6100,Reel To Reel Tape,W72-477-B,W72-477,Fast-forward cam
QT-6100,Reel To Reel Tape,W72-479-A,W72-479,Speed selector cam (B) assembly
QT-6100,Reel To Reel Tape,W72-851-0,W72-851,Contact lever arm (B)
QT-6100,Reel To Reel Tape,W72-855-0,W72-855,Contact lever arm lA)
QT-6100,Reel To Reel Tape,W72-862-0,W72-862,Pinch roller stopper ass'y
QT-6100,Reel To Reel Tape,W72-864-A,W72-864,Pinch cover ass'y
QT-6100,Reel To Reel Tape,W72-869-A,W72-869,Stepper arm assembly
QT-6100,Reel To Reel Tape,W72-871-B,W72-871,Tension adjusting assembly
QT-6100,Reel To Reel Tape,W72-871-B,W72-871,Tension adjusting assembly
QT-6100,Reel To Reel Tape,W72-883-0,W72-883,Tension adjusting plate holder assembly
QT-6100,Reel To Reel Tape,W72-883-0,W72-883,Tension adjusting plate holder assembly
QT-6100,Reel To Reel Tape,W72-886-A,W72-886,Auxiliary brake (A) assembly
QT-6100,Reel To Reel Tape,W72-887-A,W72-887,Auxiliary brake (B) assembly
QT-6100,Reel To Reel Tape,W72-888-B,W72-888,Motor shield cover ass'y
QT-6100,Reel To Reel Tape,W73-409-B,W73-409,Contact lever pole ass'y
QT-6600,Reel To Reel Tape,A12-229-0,A12-229,REC master level control knob
QT-6600,Reel To Reel Tape,A12-406-A,A12-406,Tape speed selector knob
QT-6600,Reel To Reel Tape,A18-401-0,A18-401,REC lever knob
QT-6600,Reel To Reel Tape,A18-606-0,A18-606,Pause lever knob
QT-6600,Reel To Reel Tape,A61-409-B,A61-409,Aluminum frame A (Top side)
QT-6600,Reel To Reel Tape,A66-852-A,A66-852,Finger rest
QT-6600,Reel To Reel Tape,AKR-001-0,AKR-001,Line voltage selector switch
QT-6600,Reel To Reel Tape,B11-012-A,B11-012,Screw for ground termianl
QT-6600,Reel To Reel Tape,B22-424-0,B22-424,Nylon washer
QT-6600,Reel To Reel Tape,B22-424-0,B22-424,Nylon washer
QT-6600,Reel To Reel Tape,B23-865-0,B23-865,Teflon wahser
QT-6600,Reel To Reel Tape,B23-865-0,B23-865,Teflon washer
QT-6600,Reel To Reel Tape,B23-866-0,B23-866,Teflon washer
QT-6600,Reel To Reel Tape,B23-866-0,B23-866,Teflon washer
QT-6600,Reel To Reel Tape,B28-851-0,B28-851,Slot pin
QT-6600,Reel To Reel Tape,B31 -858-A,B31 -858,Pinch roller return spring
QT-6600,Reel To Reel Tape,B31-443-A,B31-443,Pause lever spring
QT-6600,Reel To Reel Tape,B31-444-0,B31-444,Pause cam spring
QT-6600,Reel To Reel Tape,B31-854-0,B31-854,Contact lever spring
QT-6600,Reel To Reel Tape,B31-860-0,B31-860,Brake roller spring
QT-6600,Reel To Reel Tape,B31-860-0,B31-860,Brake roller spring
QT-6600,Reel To Reel Tape,B31-864-0,B31-864,Slide metal spring
QT-6600,Reel To Reel Tape,B31-865-0,B31-865,Tension adjusting spring
QT-6600,Reel To Reel Tape,B31-865-0,B31-865,Tension adjusting spring
QT-6600,Reel To Reel Tape,B32-419-0,B32-419,Slide metal lever (B)
QT-6600,Reel To Reel Tape,B32-853-0,B32-853,Slide stepper spring
QT-6600,Reel To Reel Tape,B71-403-A,B71-403,Special nut
QT-6600,Reel To Reel Tape,B71-403-A,B71-403,Special nut
QT-6600,Reel To Reel Tape,B71-856-0,B71-856,Special nut
QT-6600,Reel To Reel Tape,C22-403-A,C22-403,MP capacitor
QT-6600,Reel To Reel Tape,C43-003-0,C43-003,Ceramic capacitor 0.01uF DC 1.4kV
QT-6600,Reel To Reel Tape,CEB 101P 50,CEB 101P 50,Electrolytic capacitor 100uF  50V
QT-6600,Reel To Reel Tape,D11-003-E,D11-003,Power cord
QT-6600,Reel To Reel Tape,D53-851-0,D53-851,Connection cord
QT-6600,Reel To Reel Tape,E17-401-0,E17-401,Take-up pulley (A) assembly
QT-6600,Reel To Reel Tape,E17-402-0,E17-402,Takevup pulley (B) assembly
QT-6600,Reel To Reel Tape,E17-403-0,E17-403,Fleel mount base assembly
QT-6600,Reel To Reel Tape,E17-403-0,E17-403,Reel mount base assembly
QT-6600,Reel To Reel Tape,E17-408-0,E17-408,Reel mount pulley assembly
QT-6600,Reel To Reel Tape,E17-408-0,E17-408,Reel mount pulley assembly
QT-6600,Reel To Reel Tape,E17-409-0,E17-409,Pinch arm raising metal (B) assembly
QT-6600,Reel To Reel Tape,E17-452-0,E17-452,Flywheel assembly
QT-6600,Reel To Reel Tape,E17-511-0,E17-511,Pinch roller assembly
QT-6600,Reel To Reel Tape,E17-512-0,E17-512,Speed selector cam assembly
QT-6600,Reel To Reel Tape,E21-004-0,E21-004,1A fuse
QT-6600,Reel To Reel Tape,E22-851-B,E22-851,Pilot lamp
QT-6600,Reel To Reel Tape,E22-851-B,E22-851,Pilot lamp (push button)
QT-6600,Reel To Reel Tape,E31-851-0,E31-851,Grommet
QT-6600,Reel To Reel Tape,E31-856,E31-856,REEL CAP
QT-6600,Reel To Reel Tape,E31-857-0,E31-857,Oil shielding washer (B)
QT-6600,Reel To Reel Tape,E31-857-0,E31-857,Oil shielding washer (B)
QT-6600,Reel To Reel Tape,E32-045-0,E32-045,Insulator washer
QT-6600,Reel To Reel Tape,E32-056-0,E32-056,Cord stopper
QT-6600,Reel To Reel Tape,E33-427-0,E33-427,Cloth
QT-6600,Reel To Reel Tape,E34-004-0,E34-004,Insulator washer
QT-6600,Reel To Reel Tape,E34-404-0,E34-404,Switch cover
QT-6600,Reel To Reel Tape,E35-407-A,E35-407,Claw washer
QT-6600,Reel To Reel Tape,K72-024-0,K72-024,Microphone jack
QT-6600,Reel To Reel Tape,K72-026-0,K72-026,Headphones jack
QT-6600,Reel To Reel Tape,K93-003-B,K93-003,DIN type socket
QT-6600,Reel To Reel Tape,M44-851-0,M44-851,Shut-0ff switch mounting plate
QT-6600,Reel To Reel Tape,M45-408-0,M45-408,Power supply unit stay
QT-6600,Reel To Reel Tape,M46-025-5,M46-025,Cord fixer
QT-6600,Reel To Reel Tape,M46-025-B,M46-025,Cord fixer
QT-6600,Reel To Reel Tape,M48-401-A,M48-401,Panel holder
QT-6600,Reel To Reel Tape,M48-401-A,M48-401,Panel holder
QT-6600,Reel To Reel Tape,M98-855-0,M98-855,Insulator
QT-6600,Reel To Reel Tape,M98-855-0,M98-855,Insulator
QT-6600,Reel To Reel Tape,N11-852,N11-852,MOTOR
QT-6600,Reel To Reel Tape,N15-852-0,N15-852,Plunger
QT-6600,Reel To Reel Tape,N23-608-A,N23-608,Nylon ball
QT-6600,Reel To Reel Tape,N28-851-0,N28-851,Drive belt
QT-6600,Reel To Reel Tape,N28-853-0,N28-853,Counter belt
QT-6600,Reel To Reel Tape,N28-853-0,N28-853,Counter belt
QT-6600,Reel To Reel Tape,N51-854-0,N51-854,Stepped washer (B)
QT-6600,Reel To Reel Tape,N51-855-A,N51-855,Stepped washer (C)
QT-6600,Reel To Reel Tape,N51-855-A,N51-855,Stepped washer (C)
QT-6600,Reel To Reel Tape,N51-855-A,N51-855,Stepped washer (C)
QT-6600,Reel To Reel Tape,N51-857-0,N51-857,Motor spacer
QT-6600,Reel To Reel Tape,N51-873-0,N51-873,Stepped washer (D)
QT-6600,Reel To Reel Tape,N54-493-C,N54-493,Pinch arm
QT-6600,Reel To Reel Tape,N54-494-0,N54-494,Nylon shaft
QT-6600,Reel To Reel Tape,N54-856-A,N54-856,Contact lever shaft
QT-6600,Reel To Reel Tape,N54-862-0,N54-862,Arm shaft
QT-6600,Reel To Reel Tape,N54-862-0,N54-862,Arm shaft
QT-6600,Reel To Reel Tape,N54-863-A,N54-863,Counter pulley shaft
QT-6600,Reel To Reel Tape,N54-864-0,N54-864,Counter pulley spacer
QT-6600,Reel To Reel Tape,N54-866-A,N54-866,Slide spacer
QT-6600,Reel To Reel Tape,N54-866-A,N54-866,Slide spacer
QT-6600,Reel To Reel Tape,N54-866-A,N54-866,Slide spacer
QT-6600,Reel To Reel Tape,N54-867-0,N54-867,Stepper arm spacer
QT-6600,Reel To Reel Tape,N61-863-0,N61-863,Slide stopper
QT-6600,Reel To Reel Tape,N62-524-A,N62-524,Pause lever
QT-6600,Reel To Reel Tape,N62-525-0,N62-525,Metal for pause lever
QT-6600,Reel To Reel Tape,N62-528-0,N62-528,Pinch arm raising metal (A)
QT-6600,Reel To Reel Tape,N64-853-0,N64-853,Slide metal
QT-6600,Reel To Reel Tape,N81-404-A,N81-404,Pause cam lever
QT-6600,Reel To Reel Tape,N83-401-A,N83-401,Speed selector arm (A)
QT-6600,Reel To Reel Tape,N83-402-A,N83-402,Speed selector arm (B)
QT-6600,Reel To Reel Tape,N92-851-0,N92-851,Nylon collar
QT-6600,Reel To Reel Tape,N93-438-0,N93-438,Capacitor cap
QT-6600,Reel To Reel Tape,N93-855-0,N93-855,Counter pulley
QT-6600,Reel To Reel Tape,N93-857-0,N93-857,Contact lever mounting base
QT-6600,Reel To Reel Tape,R42-244,R42-244,Service manual QT-6600
QT-6600,Reel To Reel Tape,RAA-003-A,RAA-003,Knob for power switch
QT-6600,Reel To Reel Tape,RAA-004-A,RAA-004,Level control knob (REC)
QT-6600,Reel To Reel Tape,RAA-005-0,RAA-005,Level control knob (P.B.)
QT-6600,Reel To Reel Tape,RAA-008-0,RAA-008,Push switch button assembly
QT-6600,Reel To Reel Tape,RAA-010-0,RAA-010,Function lever knob
QT-6600,Reel To Reel Tape,RAH-016-A,RAH-016,Name plate
QT-6600,Reel To Reel Tape,RAH-023-A,RAH-023,Deck panel
QT-6600,Reel To Reel Tape,RAH-064-0,RAH-064,Reel mount frame
QT-6600,Reel To Reel Tape,RAH-064-0,RAH-064,Reel mount frame
QT-6600,Reel To Reel Tape,RAK-001-0,RAK-001,Terminal name plate
QT-6600,Reel To Reel Tape,RAL-037-0,RAL-037,Model name plate
QT-6600,Reel To Reel Tape,RAP-002-0,RAP-002,Aluminum frame (Right side)
QT-6600,Reel To Reel Tape,RAP-003-0,RAP-003,Aluminum frame (Left side)
QT-6600,Reel To Reel Tape,RAP-032-0,RAP-032,Counter escutcheon
QT-6600,Reel To Reel Tape,RAW-001-0,RAW-001,Counter
QT-6600,Reel To Reel Tape,RAW-002-B,RAW-002,Level meter
QT-6600,Reel To Reel Tape,RAW-002-B,RAW-002,Level meter
QT-6600,Reel To Reel Tape,RAX-001-B,RAX-001,Dust cover assembly
QT-6600,Reel To Reel Tape,RAX-001-B,RAX-001,Dust cover assembly
QT-6600,Reel To Reel Tape,RBH -076-0,RBH -076,Head spring
QT-6600,Reel To Reel Tape,RBH-050-0,RBH-050,Speed selector cam spring
QT-6600,Reel To Reel Tape,RBK-034-A,RBK-034,Spring lever
QT-6600,Reel To Reel Tape,RBK-035-0,RBK-035,Plate spring
QT-6600,Reel To Reel Tape,RBK-055-0,RBK-055,Lock spring
QT-6600,Reel To Reel Tape,RBK-055-0,RBK-055,Lock spring
QT-6600,Reel To Reel Tape,RCN-001-0,RCN-001,Wire wound 75  10W
QT-6600,Reel To Reel Tape,RCN-001-0,RCN-001,Wire wound 75  10W
QT-6600,Reel To Reel Tape,RCN-001-0,RCN-001,Wire wound resistor 75Ω  10W
QT-6600,Reel To Reel Tape,RCV-001-0,RCV-001,20k 4-gang (REC MASTER)
QT-6600,Reel To Reel Tape,RCV-001-0,RCV-001,20k 4-gang (REC MASTER)
QT-6600,Reel To Reel Tape,RCV-001-0,RCV-001,REC master level control
QT-6600,Reel To Reel Tape,RCV-002-0,RCV-002,20k dual (REC/P.B. level)
QT-6600,Reel To Reel Tape,RCV-002-0,RCV-002,20k dual (REC/P.B. level)
QT-6600,Reel To Reel Tape,RCV-002-0,RCV-002,20k dual (REC/P.B. level)
QT-6600,Reel To Reel Tape,RCV-002-0,RCV-002,20k dual (REC/P.B. level)
QT-6600,Reel To Reel Tape,RCV-002-0,RCV-002,REC/P.B. level control
QT-6600,Reel To Reel Tape,RD¼F'S 332K,RD¼F'S 332K,Carbon film 3.3k
QT-6600,Reel To Reel Tape,RD¼PS 332K,RD¼PS 332K,Carban film 3.3k
QT-6600,Reel To Reel Tape,RD¼PS 332K,RD¼PS 332K,Carbon film 3.3k
QT-6600,Reel To Reel Tape,RD¼PS 332K,RD¼PS 332K,Carbon film 3.3k
QT-6600,Reel To Reel Tape,RD¼PS 333K,RD¼PS 333K,Carbon film 33k
QT-6600,Reel To Reel Tape,RD¼PS 333K,RD¼PS 333K,Carbon film 33k
QT-6600,Reel To Reel Tape,RD¼PS 334K,RD¼PS 334K,Carbon film 330k
QT-6600,Reel To Reel Tape,RD¼PS 334K,RD¼PS 334K,Carbon film 330k
QT-6600,Reel To Reel Tape,RD¼PS 334K,RD¼PS 334K,Carbon film 330k
QT-6600,Reel To Reel Tape,RD¼PS 334K,RD¼PS 334K,Carbon film 330k
QT-6600,Reel To Reel Tape,RD½PS 562J,RD½PS 562J,Carbon film resistor  5.6Ω  ½W
QT-6600,Reel To Reel Tape,REB-004-0,REB-004,Rubber cushion
QT-6600,Reel To Reel Tape,REB-022-0,REB-022,Pilot lamp tube
QT-6600,Reel To Reel Tape,REB-039-0,REB-039,Lamp grommet
QT-6600,Reel To Reel Tape,REB-051-0,REB-051,Take-up belt
QT-6600,Reel To Reel Tape,REB-051-0,REB-051,Take-up belt
QT-6600,Reel To Reel Tape,REB-052-0,REB-052,Oil shielding washer (A)
QT-6600,Reel To Reel Tape,REB-068-0,REB-068,Insulator tip
QT-6600,Reel To Reel Tape,REB-069-0,REB-069,Insulator tip
QT-6600,Reel To Reel Tape,REL-002-0,REL-002,Pilot lamp (Lever rneter)
QT-6600,Reel To Reel Tape,RHA-003-A,RHA-003,Styrotector A
QT-6600,Reel To Reel Tape,RHA-015-0,RHA-015,Styrotector B
QT-6600,Reel To Reel Tape,RHK-058-0,RHK-058,Packing case
QT-6600,Reel To Reel Tape,RHL-001-0,RHL-001,Vinyl bag
QT-6600,Reel To Reel Tape,RHX-004-A,RHX-004,Accessories parts box
QT-6600,Reel To Reel Tape,RKB-001-A,RKB-001,4P input terminal
QT-6600,Reel To Reel Tape,RKC-002-0,RKC-002,1P terminal strip
QT-6600,Reel To Reel Tape,RKC-003-A,RKC-003,4P terminal strip
QT-6600,Reel To Reel Tape,RKC-004-0,RKC-004,2P terminal strip
QT-6600,Reel To Reel Tape,RKK-005-0,RKK-005,Lamp socket
QT-6600,Reel To Reel Tape,RLA-032-0,RLA-032,Fast-forward cam collar
QT-6600,Reel To Reel Tape,RLA-035-0,RLA-035,E. head spacer
QT-6600,Reel To Reel Tape,RLA-036-0,RLA-036,Tape guide 8lVl .
QT-6600,Reel To Reel Tape,RLA-037-0,RLA-037,Tape guide 6M
QT-6600,Reel To Reel Tape,RLA-038-0,RLA-038,Recording lever shaft
QT-6600,Reel To Reel Tape,RLA-040-0,RLA-040,Slide pole
QT-6600,Reel To Reel Tape,RLA-102-0,RLA-102,Reel mount shaft
QT-6600,Reel To Reel Tape,RLA-102-0,RLA-102,Reel mount shaft
QT-6600,Reel To Reel Tape,RLA-197-0,RLA-197,Take-up pulley spacer
QT-6600,Reel To Reel Tape,RLA-197-0,RLA-197,Take-up pulley spacer
QT-6600,Reel To Reel Tape,RMM-022-0,RMM-022,Wooden cabient assembly
QT-6600,Reel To Reel Tape,RNB-007-G,RNB-007,AMP. chassis
QT-6600,Reel To Reel Tape,RNB-008-C,RNB-008,Front chassis
QT-6600,Reel To Reel Tape,RNC-020-A,RNC-020,Side chassis (Left side)
QT-6600,Reel To Reel Tape,RNE-034-0,RNE-034,Counter mounting plate
QT-6600,Reel To Reel Tape,RNE-064-0,RNE-064,P.C.B. stay
QT-6600,Reel To Reel Tape,RNE-065-0,RNE-065,Switch mounting plate
QT-6600,Reel To Reel Tape,RNE-069-0,RNE-069,Pinch roller holder
QT-6600,Reel To Reel Tape,RNE-083-0,RNE-083,Rotary switch holder
QT-6600,Reel To Reel Tape,RNE-088-A,RNE-088,Recording lever
QT-6600,Reel To Reel Tape,RNE-089-0,RNE-089,Washer (t = 2)
QT-6600,Reel To Reel Tape,RNE-091-0,RNE-091,Bracket
QT-6600,Reel To Reel Tape,RNE-092-0,RNE-092,Slide metal
QT-6600,Reel To Reel Tape,RNE-093-A,RNE-093,P.C.B. protector
QT-6600,Reel To Reel Tape,RNE-119-0,RNE-119,Mounting plate
QT-6600,Reel To Reel Tape,RNE-131-0,RNE-131,Rotary switch holder (A)
QT-6600,Reel To Reel Tape,RNE-142-0,RNE-142,Unit holder (Left sidel
QT-6600,Reel To Reel Tape,RNE-143-0,RNE-143,Unit holder (Right side)
QT-6600,Reel To Reel Tape,RNE-167-0,RNE-167,Speed selector Stopper
QT-6600,Reel To Reel Tape,RNE-209-0,RNE-209,Pinch arm bearing
QT-6600,Reel To Reel Tape,RNE-213-A,RNE-213,Plate
QT-6600,Reel To Reel Tape,RNE-214-A,RNE-214,Spring lever mounting plate
QT-6600,Reel To Reel Tape,RNE-215-0,RNE-215,Slide metal (B)
QT-6600,Reel To Reel Tape,RNE-240-0,RNE-240,E head mounting metal (Right side)
QT-6600,Reel To Reel Tape,RNE-241 -0,RNE-241 ,E. head mounting metal (Left side)
QT-6600,Reel To Reel Tape,RNE-356-0,RNE-356,Slide metal lever (A)
QT-6600,Reel To Reel Tape,RPB-003-0,RPB-003,REC/P.B. head (4 channel)
QT-6600,Reel To Reel Tape,RPB-004-0,RPB-004,REC/P.B. head (2 channel)
QT-6600,Reel To Reel Tape,RPB-005-A,RPB-005,E. head
QT-6600,Reel To Reel Tape,RPB-005-A,RPB-005,E. head
QT-6600,Reel To Reel Tape,RRB-005,RRB-005,Operating instructions QT-6600
QT-6600,Reel To Reel Tape,RSB-004,RSB-004,SWITCH(EQ SELECTOR)
QT-6600,Reel To Reel Tape,RSH-002,RSH-002,SWITCH(REC/PLAYBACK/PB POS)
QT-6600,Reel To Reel Tape,RSH-003,RSH-003,SWITCH(MODE/4 CHNL. POS)
QT-6600,Reel To Reel Tape,RSH-004,RSH-004,SWITCH(REC/PLAYBACK/REC POS)
QT-6600,Reel To Reel Tape,RSK-008,RSK-008,SWITCH(MUTING/PLAY POS)
QT-6600,Reel To Reel Tape,RTT-007-A,RTT-007,Power transformer
QT-6600,Reel To Reel Tape,RWA-002-B,RWA-002,OSC. unit
QT-6600,Reel To Reel Tape,RWF-003-B,RWF-003,AMP. unit (A)
QT-6600,Reel To Reel Tape,RWF-004-B,RWF-004,AMP. unit (B)
QT-6600,Reel To Reel Tape,RWR-008-A,RWR-008,Power supply unit
QT-6600,Reel To Reel Tape,RWX-001-A,RWX-001,Mode switch unit
QT-6600,Reel To Reel Tape,RWX-002-0,RWX-002,REC. SW. unit
QT-6600,Reel To Reel Tape,RWX-003-0,RWX-003,Muting SW.unit
QT-6600,Reel To Reel Tape,RWX-004-0,RWX-004,Lamp unit
QT-6600,Reel To Reel Tape,RWX-008-0,RWX-008,Equalizer switch unit
QT-6600,Reel To Reel Tape,RXA-001-0,RXA-001,Brake arm (A) assembly
QT-6600,Reel To Reel Tape,RXA-002-0,RXA-002,Brake arm (B) assembly
QT-6600,Reel To Reel Tape,RXA-077-A,RXA-077,Mounting plate assembly
QT-6600,Reel To Reel Tape,RXA-080-A,RXA-080,Joint lever assembly
QT-6600,Reel To Reel Tape,RXA-103-A,RXA-103,Chassis assembly
QT-6600,Reel To Reel Tape,RXA-130-B,RXA-130,Slide lever assembly
QT-6600,Reel To Reel Tape,RXA-132-A,RXA-132,Chassis
QT-6600,Reel To Reel Tape,RXA-232-0,RXA-232,Side chassis (Right side)
QT-6600,Reel To Reel Tape,RXA-235-0,RXA-235,Motor pulley 50Hz
QT-6600,Reel To Reel Tape,RXA-238-0,RXA-238,Motor pulley 60Hz
QT-6600,Reel To Reel Tape,RXE-010-0,RXE-010,Push switch assembly
QT-6600,Reel To Reel Tape,RXM-003-A,RXM-003,Motor
QT-6600,Reel To Reel Tape,RXX-001-0,RXX-001,REC/P.B. head (4 channel) assamblv
QT-6600,Reel To Reel Tape,RXX-002-0,RXX-002,REC/P.B. head (2 channel) assembly
QT-6600,Reel To Reel Tape,RXX-003-0,RXX-003,Amplifier panel
QT-6600,Reel To Reel Tape,RXX-004-0,RXX-004,Head housing assembly
QT-6600,Reel To Reel Tape,RXX-053-0,RXX-053,Speed selector assembly
QT-6600,Reel To Reel Tape,S21-418-0,S21-418,Microswitch
QT-6600,Reel To Reel Tape,S21-851-0,S21-851,Shut-0ff switch
QT-6600,Reel To Reel Tape,S21-851-0,S21-851,Shut-0ff switch
QT-6600,Reel To Reel Tape,S31-851-0,S31-851,Power switch
QT-6600,Reel To Reel Tape,S42-403-A,S42-403,Switch
QT-6600,Reel To Reel Tape,S48-855-0,S48-855,Spring switch No. 5
QT-6600,Reel To Reel Tape,S61-853,S61-853,SWITCH(FF/REW/RELAY CONTACT/FF)
QT-6600,Reel To Reel Tape,W53-045-0,W53-045,Spark killer
QT-6600,Reel To Reel Tape,W53-045-0,W53-045,Spark killer
QT-6600,Reel To Reel Tape,W71-852-A,W71-852,Capstan bearing
QT-6600,Reel To Reel Tape,W72-474-0,W72-474,Stepper cam assembly
QT-6600,Reel To Reel Tape,W72-477-B,W72-477,Fast-fon/vard cam
QT-6600,Reel To Reel Tape,W72-479-A,W72-479,Speed selector cam (B) assembly
QT-6600,Reel To Reel Tape,W72-851-0,W72-851,Contact lever arm (B)
QT-6600,Reel To Reel Tape,W72-855-0,W72-855,Contact lever arm (A)
QT-6600,Reel To Reel Tape,W72-862-0,W72-862,Pinch roller stopper assembly
QT-6600,Reel To Reel Tape,W72-864-A,W72-864,Pinch cover assembly
QT-6600,Reel To Reel Tape,W72-869-A,W72-869,Stepper arm assembly
QT-6600,Reel To Reel Tape,W72-871-B,W72-871,Tension adjusting assembly
QT-6600,Reel To Reel Tape,W72-871-B,W72-871,Tension adjusting assembly
QT-6600,Reel To Reel Tape,W72-883-0,W72-883,Tension adjusting plate holder assembly
QT-6600,Reel To Reel Tape,W72-883-0,W72-883,Tension adjusting plate holder assembly
QT-6600,Reel To Reel Tape,W72-886-A,W72-886,Auxiliary brake (A) assembly
QT-6600,Reel To Reel Tape,W72-887-A,W72-887,Auxiliary brake (B) assembly
QT-6600,Reel To Reel Tape,W72-888-B,W72-888,Motor shield cover
QT-6600,Reel To Reel Tape,W73-409-B,W73-409,Contact lever pole assembly
QT-74,Reel To Reel Tape,A18-606-0,A18-606,Knob (PAUSE lever)
QT-74,Reel To Reel Tape,A66-852-A,A66-852,Finger rest
QT-74,Reel To Reel Tape,AKR-001-0,AKR-001,Line voltage selector (Fuse holder)
QT-74,Reel To Reel Tape,ART-011,ART-011,Service manual QT-74/F
QT-74,Reel To Reel Tape,B11-012-A,B11-012,Screw for grounding
QT-74,Reel To Reel Tape,B22-420-0,B22-420,Washer (3ɸ) BN 1
QT-74,Reel To Reel Tape,B22-423-0,B22-423,Washer (5ɸ) BN 2
QT-74,Reel To Reel Tape,B22-423-0,B22-423,Washer (5ɸ) BN2
QT-74,Reel To Reel Tape,B22-424-0,B22-424,Washer (54)) BN 1
QT-74,Reel To Reel Tape,B22-424-0,B22-424,Washer (5ɸ) BN 1
QT-74,Reel To Reel Tape,B22-424-0,B22-424,Washer (5ɸ) BN1
QT-74,Reel To Reel Tape,B23-854-0,B23-854,Teflon washer 6.5x4.2x0.3(t)mm
QT-74,Reel To Reel Tape,B23-854-0,B23-854,Teflon washer 6.5x4.2x0.3(t)mm
QT-74,Reel To Reel Tape,B23-865-0,B23-865,Teflon washer 7x5.2x0.8(t)mm
QT-74,Reel To Reel Tape,B28-851-0,B28-851,Slot pin
QT-74,Reel To Reel Tape,B31-443-A,B31-443,Pause lever spring
QT-74,Reel To Reel Tape,B31-444-0,B31-444,Pause cam spring
QT-74,Reel To Reel Tape,B31-854-0,B31-854,Contact lever spring
QT-74,Reel To Reel Tape,B31-858-A,B31-858,Pinch roller return spring
QT-74,Reel To Reel Tape,B31-864-0,B31-864,Slide metal spring
QT-74,Reel To Reel Tape,B31-865-0,B31-865,Tension adjusting spring
QT-74,Reel To Reel Tape,B32-853-0,B32-853,Slide stopper spring
QT-74,Reel To Reel Tape,B71-403-A,B71-403,Special nut (U)
QT-74,Reel To Reel Tape,B71-403-A,B71-403,Special nut (U)
QT-74,Reel To Reel Tape,B71-856-0,B71-856,Special nut
QT-74,Reel To Reel Tape,C22-403-A,C22-403,MP capacitor 1uF+3uF 250V
QT-74,Reel To Reel Tape,C43-003-0,C43-003,Ceramic capacitor 0.01uF 1.4kV
QT-74,Reel To Reel Tape,CEB 101P 50,CEB 101P 50,Electrolytic capacitor 100uF 50V
QT-74,Reel To Reel Tape,D11-003-E,D11-003,Power cord
QT-74,Reel To Reel Tape,E17-409-0,E17-409,Pinch arm raising metal (A) assembly
QT-74,Reel To Reel Tape,E17-452-0,E17-452,Flywheel assembly
QT-74,Reel To Reel Tape,E17-511-0,E17-511,Pinch roller assembly
QT-74,Reel To Reel Tape,E17-512-0,E17-512,Speed selector cam assembly
QT-74,Reel To Reel Tape,E22-851-B,E22-851,Pilot lamp
QT-74,Reel To Reel Tape,E31-851-0,E31-851,Motor cushion
QT-74,Reel To Reel Tape,E32-045-0,E32-045,Insulator washer
QT-74,Reel To Reel Tape,E32-056-0,E32-056,Power cord grommet
QT-74,Reel To Reel Tape,E33-427-0,E33-427,Cloth
QT-74,Reel To Reel Tape,E34-004-0,E34-004,Insulator washer
QT-74,Reel To Reel Tape,E34-404-0,E34-404,Switch cover
QT-74,Reel To Reel Tape,E34-852-0,E34-852,Mask (A)
QT-74,Reel To Reel Tape,E34-852-0,E34-852,Shading plate (A)
QT-74,Reel To Reel Tape,E34-853-0,E34-853,Shading plate (B)
QT-74,Reel To Reel Tape,E35-407-A,E35-407,Claw washer
QT-74,Reel To Reel Tape,K13-042-A,K13-042,Terminal strip (4P)
QT-74,Reel To Reel Tape,K72-024-0,K72-024,Phonejack (MIC)
QT-74,Reel To Reel Tape,K93-003-B,K93-003,"REC./P.B. connector (DIN type, 5P)"
QT-74,Reel To Reel Tape,M16-624-B,M16-624,Cord fixer
QT-74,Reel To Reel Tape,M44-851-0,M44-851,Shut-off switch mounting plate
QT-74,Reel To Reel Tape,M45-408-0,M45-408,P.C. board stay
QT-74,Reel To Reel Tape,M46-857-0,M46-857,Slide switch mounting plate
QT-74,Reel To Reel Tape,M48-401-A,M48-401,Panel holder
QT-74,Reel To Reel Tape,M48-401-A,M48-401,Panel holder
QT-74,Reel To Reel Tape,M98-855-0,M98-855,Insulator
QT-74,Reel To Reel Tape,M98-855-0,M98-855,Insulator
QT-74,Reel To Reel Tape,N15-852-0,N15-852,Plunger
QT-74,Reel To Reel Tape,N28-608-A,N28-608,Nylon ball
QT-74,Reel To Reel Tape,N28-851-0,N28-851,Drive belt
QT-74,Reel To Reel Tape,N28-853-0,N28-853,Counter belt
QT-74,Reel To Reel Tape,N28-853-0,N28-853,Counter belt
QT-74,Reel To Reel Tape,N51-854-0,N51-854,Stepped washer (B)
QT-74,Reel To Reel Tape,N51-854-0,N51-854,Stepped washer (B)
QT-74,Reel To Reel Tape,N51-855-A,N51-855,Stepped washer (C)
QT-74,Reel To Reel Tape,N51-855-A,N51-855,Stepped washer (C)
QT-74,Reel To Reel Tape,N51-857-0,N51-857,Motor grommet
QT-74,Reel To Reel Tape,N51-873-0,N51-873,Stepped washer (D)
QT-74,Reel To Reel Tape,N54-493-C,N54-493,Pinch arm
QT-74,Reel To Reel Tape,N54-494-0,N54-494,Nylon shaft
QT-74,Reel To Reel Tape,N54-856-A,N54-856,Contact lever shaft
QT-74,Reel To Reel Tape,N54-862-0,N54-862,Arm shaft
QT-74,Reel To Reel Tape,N54-862-0,N54-862,Arm shaft
QT-74,Reel To Reel Tape,N54-863-A,N54-863,Counter pulley shaft
QT-74,Reel To Reel Tape,N54-864-0,N54-864,Counter pulley spacer
QT-74,Reel To Reel Tape,N54-866-A,N54-866,Side spacer
QT-74,Reel To Reel Tape,N54-866-A,N54-866,Slide spacer
QT-74,Reel To Reel Tape,N54-867-0,N54-867,Stepper arm spacer
QT-74,Reel To Reel Tape,N61-863-0,N61-863,Slide stopper
QT-74,Reel To Reel Tape,N61-878-A,N61-878,Slide metal lever (B)
QT-74,Reel To Reel Tape,N62-524-A,N62-524,Pause lever
QT-74,Reel To Reel Tape,N62-525-A,N62-525,Pause lever metal
QT-74,Reel To Reel Tape,N62-528-0,N62-528,Pinch arm raising metal
QT-74,Reel To Reel Tape,N62-529-0,N62-529,Pinch arm raising metal
QT-74,Reel To Reel Tape,N62-569-0,N62-569,Head base plate (B)
QT-74,Reel To Reel Tape,N64-853-0,N64-853,Slide metal cam
QT-74,Reel To Reel Tape,N81-404-A,N81-404,Pause cam lever
QT-74,Reel To Reel Tape,N83-401-A,N83-401,Speed selector arm (A)
QT-74,Reel To Reel Tape,N83-402-A,N83-402,Speed selector arm (B)
QT-74,Reel To Reel Tape,N92-851-0,N92-851,Nylon collar
QT-74,Reel To Reel Tape,N93-438-0,N93-438,Capacitor cap
QT-74,Reel To Reel Tape,N93-855-0,N93-855,Counter pulley
QT-74,Reel To Reel Tape,N93-857-0,N93-857,Contact lever mounting base
QT-74,Reel To Reel Tape,RAA-003-A,RAA-003,Knob (POWER)
QT-74,Reel To Reel Tape,RAA-004-A,RAA-004,Knob (REC. Level control)
QT-74,Reel To Reel Tape,RAA-034-0,RAA-034,Knob (REC lever)
QT-74,Reel To Reel Tape,RAA-035-C,RAA-035,Knob (TAPE SPEED SELECTOR)
QT-74,Reel To Reel Tape,RAA-036-0,RAA-036,Push button assembly
QT-74,Reel To Reel Tape,RAA-045-C,RAA-045,Knob (FUNCTION lever)
QT-74,Reel To Reel Tape,RAA-055-A,RAA-055,Knob (REC MASTER level control)
QT-74,Reel To Reel Tape,RAA-057-A,RAA-057,Knob (PB. Level control)
QT-74,Reel To Reel Tape,RAH-014-0,RAH-014,Aluminum disk
QT-74,Reel To Reel Tape,RAH-019-A,RAH-019,Name plate
QT-74,Reel To Reel Tape,RAH-058-0,RAH-058,Reel mount frame
QT-74,Reel To Reel Tape,RAH-058-0,RAH-058,Reel mount frame
QT-74,Reel To Reel Tape,RAH-060-B,RAH-060,Deck panel
QT-74,Reel To Reel Tape,RAH-075-0,RAH-075,REC./P.B. head template A2
QT-74,Reel To Reel Tape,RAH-076-0,RAH-076,REC./P.B. head template B2
QT-74,Reel To Reel Tape,RAK-001-0,RAK-001,Terminal name plate
QT-74,Reel To Reel Tape,RAL-100-0,RAL-100,Model name plate
QT-74,Reel To Reel Tape,RAP-024-0,RAP-024,Aluminum frame (A)
QT-74,Reel To Reel Tape,RAP-032-0,RAP-032,Counter escutcheon
QT-74,Reel To Reel Tape,RAP-033-0,RAP-033,Aluminum frame
QT-74,Reel To Reel Tape,RAP-034-0,RAP-034,Aluminum frame
QT-74,Reel To Reel Tape,RAW-001-0,RAW-001,Counter
QT-74,Reel To Reel Tape,RAW-013-A,RAW-013,Level meter
QT-74,Reel To Reel Tape,RAX-001-C,RAX-001,Dust cover assembly
QT-74,Reel To Reel Tape,RBE-005-0,RBE-005,Damper washer
QT-74,Reel To Reel Tape,RBG-003-0,RBG-003,Special retaining washer
QT-74,Reel To Reel Tape,RBH-050-0,RBH-050,Speed selector cam spring
QT-74,Reel To Reel Tape,RBH-055-0,RBH-055,Brake spring
QT-74,Reel To Reel Tape,RBH-076-0,RBH-076,Head spring
QT-74,Reel To Reel Tape,RBH-080-0,RBH-080,Damper spring
QT-74,Reel To Reel Tape,RBH-081-0,RBH-081,Back tension Spring
QT-74,Reel To Reel Tape,RBH-121-0,RBH-121,Tension pulley spring
QT-74,Reel To Reel Tape,RBK-034-A,RBK-034,Spring lever
QT-74,Reel To Reel Tape,RBK-035-0,RBK-035,Plate spring
QT-74,Reel To Reel Tape,RBK-055-0,RBK-055,Lock spring
QT-74,Reel To Reel Tape,RCN -001-0,RCN -001,Wire wound resistor 75Ω 10W
QT-74,Reel To Reel Tape,RCV-001-0,RCV-001,REC MASTER 4-gang level control 20k-B
QT-74,Reel To Reel Tape,RCV-002-0,RCV-002,REC./P.B. dual level control  20k-A (P.B. level) 20k-B (REC. level)
QT-74,Reel To Reel Tape,RD½PS 5R6J,RD½PS 5R6J,Carbon film resistor 5.6Ω ½W
QT-74,Reel To Reel Tape,REB-0040,REB-0040,Rubber cushion
QT-74,Reel To Reel Tape,REB-014,REB-014,REEL CAP
QT-74,Reel To Reel Tape,REB-022-0,REB-022,Pilot lamp tube
QT-74,Reel To Reel Tape,REB-039-0,REB-039,Rubber bush
QT-74,Reel To Reel Tape,REB-051-A,REB-051,Take-up belt
QT-74,Reel To Reel Tape,REB-052-0,REB-052,Oil shielding washer (A)
QT-74,Reel To Reel Tape,REB-068-0,REB-068,Insulator tip
QT-74,Reel To Reel Tape,REB-069-0,REB-069,Insulator tip
QT-74,Reel To Reel Tape,REC-017-0,REC-017,Meter cushion (A)
QT-74,Reel To Reel Tape,REC-017-0,REC-017,Meter cushion (A)
QT-74,Reel To Reel Tape,REC-018-0,REC-018,Meter cushion (B)
QT-74,Reel To Reel Tape,REC-035-0,REC-035,Capstan cover
QT-74,Reel To Reel Tape,RED-045-0,RED-045,Back tension felt
QT-74,Reel To Reel Tape,RED-050-0,RED-050,Cloth
QT-74,Reel To Reel Tape,REL-002-0,REL-002,Pilot lamp
QT-74,Reel To Reel Tape,RKB-001-A,RKB-001,Phono jack (4 Jacks)
QT-74,Reel To Reel Tape,RKC-002-0,RKC-002,Terminal strip (1P)
QT-74,Reel To Reel Tape,RKC-003-A,RKC-003,Terminal Strip (4P)
QT-74,Reel To Reel Tape,RKC-004-0,RKC-004,Terminal strip (2P)
QT-74,Reel To Reel Tape,RKK-002-0,RKK-002,Lamp socket
QT-74,Reel To Reel Tape,RKN-002-A,RKN-002,Phonejack (HEADPHONE)
QT-74,Reel To Reel Tape,RLA-035-0,RLA-035,Erase head spacer
QT-74,Reel To Reel Tape,RLA-036-0,RLA-036,Tape guide 8M
QT-74,Reel To Reel Tape,RLA-037-0,RLA-037,Tape guide 6M
QT-74,Reel To Reel Tape,RLA-038-0,RLA-038,Recording lever shaft
QT-74,Reel To Reel Tape,RLA-040-0,RLA-040,Slide pole
QT-74,Reel To Reel Tape,RLA-077-B,RLA-077,Reel mount shaft
QT-74,Reel To Reel Tape,RLA-077-B,RLA-077,Reel mount shaft
QT-74,Reel To Reel Tape,RLA-197-0,RLA-197,Take-up pulley spacer
QT-74,Reel To Reel Tape,RLA-328-0,RLA-328,Fast-forward cam collar
QT-74,Reel To Reel Tape,RMM-022-0,RMM-022,Wooden cabinet assembly
QT-74,Reel To Reel Tape,RNB-007-G,RNB-007,Amplifier chassis
QT-74,Reel To Reel Tape,RNB-023-0,RNB-023,From chassis
QT-74,Reel To Reel Tape,RNC-020-A,RNC-020,Side chassis
QT-74,Reel To Reel Tape,RNE-034-0,RNE-034,Counter mounting plate
QT-74,Reel To Reel Tape,RNE-064-0,RNE-064,P.C. board stay
QT-74,Reel To Reel Tape,RNE-065-0,RNE-065,Switch mounting plate
QT-74,Reel To Reel Tape,RNE-069-0,RNE-069,Pinch roller holder
QT-74,Reel To Reel Tape,RNE-081-0,RNE-081,Shield case
QT-74,Reel To Reel Tape,RNE-081-0,RNE-081,Shield case
QT-74,Reel To Reel Tape,RNE-082-0,RNE-082,Spacer
QT-74,Reel To Reel Tape,RNE-082-0,RNE-082,Spacer
QT-74,Reel To Reel Tape,RNE-083-0,RNE-083,Rotary switch holder
QT-74,Reel To Reel Tape,RNE-088-A,RNE-088,Recording lever
QT-74,Reel To Reel Tape,RNE-089-0,RNE-089,Washer
QT-74,Reel To Reel Tape,RNE-091-0,RNE-091,Bracket
QT-74,Reel To Reel Tape,RNE-092-0,RNE-092,Slide metal
QT-74,Reel To Reel Tape,RNE-093-A,RNE-093,P.C. board protector
QT-74,Reel To Reel Tape,RNE-098-0,RNE-098,MS plate
QT-74,Reel To Reel Tape,RNE-119-0,RNE-119,Mounting plate
QT-74,Reel To Reel Tape,RNE-131-0,RNE-131,Rotary switch holder (A)
QT-74,Reel To Reel Tape,RNE-142-0,RNE-142,P.C. board holder (L)
QT-74,Reel To Reel Tape,RNE-143-0,RNE-143,P.C. board holder (Rl
QT-74,Reel To Reel Tape,RNE-151-0,RNE-151,Head base plate (A)
QT-74,Reel To Reel Tape,RNE-158-0,RNE-158,Head spacer A
QT-74,Reel To Reel Tape,RNE-209-0,RNE-209,Pinch arm bearing
QT-74,Reel To Reel Tape,RNE-213-A,RNE-213,Plate
QT-74,Reel To Reel Tape,RNE-214-A,RNE-214,Spring lever mounting plate
QT-74,Reel To Reel Tape,RNE-215-0,RNE-215,Slide metal (B)
QT-74,Reel To Reel Tape,RNE-240-0,RNE-240,Erase head mounting metal (R)
QT-74,Reel To Reel Tape,RNE-241-0,RNE-241,Erase head mounting metal (L)
QT-74,Reel To Reel Tape,RNE-308-0,RNE-308,Speed selector stopper
QT-74,Reel To Reel Tape,RNE-356-0,RNE-356,Slide metal lever (A)
QT-74,Reel To Reel Tape,RNE-356-0,RNE-356,Slide metal lever (A)
QT-74,Reel To Reel Tape,RNE-562-A,RNE-562,Plate
QT-74,Reel To Reel Tape,RNK-039-0,RNK-039,Thrust pulley
QT-74,Reel To Reel Tape,RPB-003-0,RPB-003,REC./P.B. head (4ch)
QT-74,Reel To Reel Tape,RPB-004-0,RPB-004,REC./P.B. head (2ch)
QT-74,Reel To Reel Tape,RPB-005-A,RPB-005,Erase head
QT-74,Reel To Reel Tape,RPB-005-A,RPB-005,Erase head
QT-74,Reel To Reel Tape,RRB-022,RRB-022,Operating instructions QT-74
QT-74,Reel To Reel Tape,RSA-009-0,RSA-009,Push switch (POWER)
QT-74,Reel To Reel Tape,RSB-004-0,RSB-004,Rotary switch - Equalizer selector
QT-74,Reel To Reel Tape,RSH-002-0,RSH-002,Slide switch (REC/PB)
QT-74,Reel To Reel Tape,RSH-003-0,RSH-003,Rotary switch (MODE)
QT-74,Reel To Reel Tape,RSH-004-0,RSH-004,Slide switch (REC/PB)
QT-74,Reel To Reel Tape,RSH-006-0,RSH-006,Slide switch (TAPE SELECTOR)
QT-74,Reel To Reel Tape,RSK-001-0,RSK-001,Lever switch (Muting)
QT-74,Reel To Reel Tape,RSR-013-0,RSR-013,Relay (12V)
QT-74,Reel To Reel Tape,RTT-007-A,RTT-007,Power transformer
QT-74,Reel To Reel Tape,RWA-002-B,RWA-002,Oscillator assembly
QT-74,Reel To Reel Tape,RWF-003-B,RWF-003,Amplifier-A assembly
QT-74,Reel To Reel Tape,RWF-004-B,RWF-004,Amplifier-B assembly
QT-74,Reel To Reel Tape,RWR-020-A,RWR-020,Power supply circuit assembly
QT-74,Reel To Reel Tape,RWX-001-A,RWX-001,Mode switch circuit assembly
QT-74,Reel To Reel Tape,RWX-002-0,RWX-002,REC switch assembly
QT-74,Reel To Reel Tape,RWX-003-0,RWX-003,Muting switch assembly
QT-74,Reel To Reel Tape,RWX-004-0,RWX-004,Lamp board
QT-74,Reel To Reel Tape,RWX-008-A,RWX-008,Equalizer switch assembly
QT-74,Reel To Reel Tape,RWX-030-0,RWX-030,Spark killer
QT-74,Reel To Reel Tape,RWX-030-0,RWX-030,Spark killer
QT-74,Reel To Reel Tape,RXA-077-A,RXA-077,Mounting plate assembly
QT-74,Reel To Reel Tape,RXA-080-A,RXA-080,Joint lever assembly
QT-74,Reel To Reel Tape,RXA-103-B,RXA-103,Chassis
QT-74,Reel To Reel Tape,RXA-103-B,RXA-103,Chassis
QT-74,Reel To Reel Tape,RXA-183-0,RXA-183,Back tension pulley assembly
QT-74,Reel To Reel Tape,RXA-232-0,RXA-232,Side chassis (B) assembly
QT-74,Reel To Reel Tape,RXA-235-0,RXA-235,Motor pulley 50Hz
QT-74,Reel To Reel Tape,RXA-238-0,RXA-238,Motor pulley 60Hz
QT-74,Reel To Reel Tape,RXA-241-0,RXA-241,Speed selector cam (B) assembly
QT-74,Reel To Reel Tape,RXA-294-0,RXA-294,Brake arm lL) assembly
QT-74,Reel To Reel Tape,RXA-295-0,RXA-295,Brake arm (R) assembly
QT-74,Reel To Reel Tape,RXA-327-0,RXA-327,Back tension plate (L) assembly
QT-74,Reel To Reel Tape,RXA-328-0,RXA-328,Back tension plate (R) assembly
QT-74,Reel To Reel Tape,RXA-371-0,RXA-371,Tension adjusting plate assembly
QT-74,Reel To Reel Tape,RXA-435-0,RXA-435,Slide lever assembly
QT-74,Reel To Reel Tape,RXA-439-0,RXA-439,Capstan bearing
QT-74,Reel To Reel Tape,RXE-010-0,RXE-010,Push switch assembly
QT-74,Reel To Reel Tape,RXM-003-A,RXM-003,Motor
QT-74,Reel To Reel Tape,RXX-049-0,RXX-049,Brake arm assembly (L)
QT-74,Reel To Reel Tape,RXX-050-0,RXX-050,Brake arm assembly (R)
QT-74,Reel To Reel Tape,RXX-051-0,RXX-051,Tension pulley assembly
QT-74,Reel To Reel Tape,RXX-052-0,RXX-052,Reel mount pulley assembly
QT-74,Reel To Reel Tape,RXX-053-0,RXX-053,Speed selector assembly
QT-74,Reel To Reel Tape,RXX-054-0,RXX-054,Clutch cam pulley assembly (A)
QT-74,Reel To Reel Tape,RXX-055-0,RXX-055,Clutch cam pulley assembly (B)
QT-74,Reel To Reel Tape,RXX-056-0,RXX-056,Reel mount base assembly
QT-74,Reel To Reel Tape,RXX-062-0,RXX-062,Deck panel assembly
QT-74,Reel To Reel Tape,RXX-077-0,RXX-077,Reel base assembly (L)
QT-74,Reel To Reel Tape,RXX-078-0,RXX-078,Reel base assembly (R)
QT-74,Reel To Reel Tape,RXX-079-0,RXX-079,Back tension assembly (L)
QT-74,Reel To Reel Tape,RXX-080-0,RXX-080,Back tension assembly (R)
QT-74,Reel To Reel Tape,RXX-085-0,RXX-085,Amplifier panel assembly
QT-74,Reel To Reel Tape,RXX-086-0,RXX-086,Head cover assembly
QT-74,Reel To Reel Tape,S21-411-0,S21-411,Microswitch
QT-74,Reel To Reel Tape,S21-418-0,S21-418,Microswitch
QT-74,Reel To Reel Tape,S21-851-0,S21-851,Microswitch
QT-74,Reel To Reel Tape,S41-852-A,S41-852,Slide switch (FWD/REW)
QT-74,Reel To Reel Tape,S41-852-A,S41-852,Slide switch (REC/PB)
QT-74,Reel To Reel Tape,S41-854-0,S41-854,Slide switch
QT-74,Reel To Reel Tape,S41-856-B,S41-856,Slide switch (FWD/REV)
QT-74,Reel To Reel Tape,S42-403-A,S42-403,Switch (Contact point off)
QT-74,Reel To Reel Tape,S48-855-0,S48-855,Spring switch
QT-74,Reel To Reel Tape,W72-474-0,W72-474,Stepper cam assembly
QT-74,Reel To Reel Tape,W72-477-B,W72-477,Fast-forward cam
QT-74,Reel To Reel Tape,W72-851-0,W72-851,Contact lever arm (B)
QT-74,Reel To Reel Tape,W72-855-0,W72-855,Contact lever arrn (Al
QT-74,Reel To Reel Tape,W72-862-0,W72-862,Pinch roller stopper assembly
QT-74,Reel To Reel Tape,W72-864-A,W72-864,Pinch cover assembly
QT-74,Reel To Reel Tape,W72-869-A,W72-869,Stepper arm assembly
QT-74,Reel To Reel Tape,W72-883-0,W72-883,Adjusting plate holder assembly
QT-74,Reel To Reel Tape,W72-888-B,W72-888,Motor shield assembly
QT-74,Reel To Reel Tape,W73-409-B,W73-409,Contact lever pole assembly
QX-4000,Receiver,AAA-011-A,AAA-011,"Knob, tuning"
QX-4000,Receiver,AAB-026-A,AAB-026,"Knob, selector and mode"
QX-4000,Receiver,AAB-027-A,AAB-027,"Knob, power, balances, and volume"
QX-4000,Receiver,AAB-032-0,AAB-032,"Knob, bass and treble (L)"
QX-4000,Receiver,AAB-033-0,AAB-033,"Knob, bass and treble (R)"
QX-4000,Receiver,AAD-011-A,AAD-011,"Knob, push switch (SPKR/LOUD/TAPE MON)"
QX-4000,Receiver,AAF-020-0,AAF-020,Dial pointer ass'y
QX-4000,Receiver,AAG-036-A,AAG-036,Dial scale
QX-4000,Receiver,AAM-003-0,AAM-003,Quadraphonic badge
QX-4000,Receiver,AAW-003-0,AAW-003,Tuning meter
QX-4000,Receiver,ABA-010-0,ABA-010,Screw to fix wooden case
QX-4000,Receiver,ACV-008-0,ACV-008,"500k-B, balance (FRONT)"
QX-4000,Receiver,ACV-008-0,ACV-008,"500k-B, balance (REAR)"
QX-4000,Receiver,ACV-109-0,ACV-109,"500k-B, dual, balance (FRONT/REAR)"
QX-4000,Receiver,ACV-306-0,ACV-306,"Potentiometer 4-gang, volume 250K"
QX-4000,Receiver,ACV-401-0,ACV-401,4-gang volume (BASS)
QX-4000,Receiver,ACV-401-0,ACV-401,4-gang volume (TREBLE)
QX-4000,Receiver,AEB-018-0,AEB-018,Insulating spacer
QX-4000,Receiver,AEC-032-0,AEC-032,AC cord stopper
QX-4000,Receiver,AEC-036-A,AEC-036,Canoe clip
QX-4000,Receiver,AEC-058-0,AEC-058,Fuse cover
QX-4000,Receiver,AEC-058-0,AEC-058,Fuse cover
QX-4000,Receiver,AEC-061-0,AEC-061,Foot
QX-4000,Receiver,AEK-004-0,AEK-004,Fuse 1A for protection
QX-4000,Receiver,AEK-009-0,AEK-009,Fuse 1.5A for protection
QX-4000,Receiver,AEK-009-0,AEK-009,Fuse 1.5A for protection
QX-4000,Receiver,AEK-009-0,AEK-009,Fuse 1.5A for protection
QX-4000,Receiver,AEK-009-0,AEK-009,Fuse 1.5A for protection
QX-4000,Receiver,AEK-009-0,AEK-009,Fuse 1.5A for protection
QX-4000,Receiver,AEL-007-0,AEL-007,Pilot lamp for program and channel indicators
QX-4000,Receiver,AEL-015,AEL-015,LAMP(DIAL/POWER)
QX-4000,Receiver,AHA-007-A,AHA-007,Styrotector
QX-4000,Receiver,AHD-116,AHD-116,PACKING CASE (KLUW)
QX-4000,Receiver,AKB-006-0,AKB-006,6P input terminal board
QX-4000,Receiver,AKB-008-B,AKB-008,6P input terminal board
QX-4000,Receiver,AKB-009-0,AKB-009,2P input terminal board
QX-4000,Receiver,AKC-016-0,AKC-016,4P lug terminal
QX-4000,Receiver,AKC-016-0,AKC-016,4P lug terminal
QX-4000,Receiver,AKC-016-0,AKC-016,4P lug terminal
QX-4000,Receiver,AKE-007-0,AKE-007,Metal sleeve
QX-4000,Receiver,AKP-002-0,AKP-002,Spare AC outlet KLUW model
QX-4000,Receiver,AKP-004-0,AKP-004,Spare AC outlet FW model
QX-4000,Receiver,AKR-001-0,AKR-001,Line voltage selector FW model
QX-4000,Receiver,AKR-006-0,AKR-006,Fuse holder KLUW model
QX-4000,Receiver,AKR-011-0,AKR-011,Fuse holder
QX-4000,Receiver,AKR-011-0,AKR-011,Fuse holder
QX-4000,Receiver,AMD-118,AMD-118,PACKING CASE (FW)
QX-4000,Receiver,AMM-020,AMM-020,CABINET
QX-4000,Receiver,ANA-027-0,ANA-027,Chassis
QX-4000,Receiver,ANB-150-0,ANB-150,Front panel ass'v
QX-4000,Receiver,ANF-070-0,ANF-070,Switch holder FW model
QX-4000,Receiver,ANF-082-0,ANF-082,Shield cover
QX-4000,Receiver,ANG-006-0,ANG-006,Meter-heId metal
QX-4000,Receiver,ANG-095-0,ANG-095,Lamp box
QX-4000,Receiver,ANH-096-0,ANH-096,Switch cover
QX-4000,Receiver,ANH-097-0,ANH-097,Shield cover
QX-4000,Receiver,ANK-026-0,ANK-026,Wire cover metal
QX-4000,Receiver,ARB-063-0,ARB-063,Operating instructions QX-4000
QX-4000,Receiver,ASA-032-0,ASA-032,Power switch KLUW model
QX-4000,Receiver,ASC-030-0,ASC-030,Input Selector switch
QX-4000,Receiver,ASC-031-0,ASC-031,Mode selector switch
QX-4000,Receiver,ASG-026-0,ASG-026,Mini-switch (SPEAKERS)
QX-4000,Receiver,ASG-027-0,ASG-027,"Mini-switch (3-gang LOUDNESS,TAPE MONITOR MUTING)"
QX-4000,Receiver,ATB-006-0,ATB-006,AM ferrite loopstick antenna
QX-4000,Receiver,ATT-095-A,ATT-095,Power transformer KLUW model
QX-4000,Receiver,ATT-096-A,ATT-096,Power transformer FW model
QX-4000,Receiver,AWE-003-D,AWE-003,Tuner unit
QX-4000,Receiver,AWF-003-0,AWF-003,Head amp unit
QX-4000,Receiver,AWG-015-0,AWG-015,Control amp unit
QX-4000,Receiver,AWH-019-C,AWH-019,Main amp unit
QX-4000,Receiver,AWH-019-C,AWH-019,Main amp unit
QX-4000,Receiver,AWM -033-0,AWM -033,Muting unit
QX-4000,Receiver,AWM-031-0,AWM-031,Decoder unit
QX-4000,Receiver,AWR-021-0,AWR-021,Power supply unit
QX-4000,Receiver,AWS-023-0,AWS-023,Switch unit
QX-4000,Receiver,AWS-024-0,AWS-024,SP switch unit
QX-4000,Receiver,AWX-004-C,AWX-004,CR unit FW model
QX-4000,Receiver,AWX-012-A,AWX-012,CR unit KLUW model
QX-4000,Receiver,AWX-028-0,AWX-028,Volume unit
QX-4000,Receiver,AWX-029-0,AWX-029,Lamp unit
QX-4000,Receiver,AXA-003-B,AXA-003,Tuning pulley ass'y
QX-4000,Receiver,AXB-001-0,AXB-001,AM ferrite loopstick antenna holder ass'y
QX-4000,Receiver,B11-012-A,B11-012,Screw for grounding
QX-4000,Receiver,B21-008-0,B21-008,Boss
QX-4000,Receiver,B21-008-0,B21-008,Boss
QX-4000,Receiver,B21-008-0,B21-008,Boss
QX-4000,Receiver,B21-008-0,B21-008,Boss
QX-4000,Receiver,B21-008-A,B21-008,Boss
QX-4000,Receiver,B21-008-A,B21-008,Boss
QX-4000,Receiver,B22-032-0,B22-032,Pilot lamp
QX-4000,Receiver,C52-088-C,C52-088,Electrolytic capacitor 4700uF 50V
QX-4000,Receiver,D11-002-B,D11-002,AC power cord
QX-4000,Receiver,D52-013-0,D52-013,FM T-type antenna
QX-4000,Receiver,E21-004-0,E21-004,Fuse 1A
QX-4000,Receiver,E21-005-0,E21-005,Fuse 2A
QX-4000,Receiver,E21-020-0,E21-020,Fuse 1A for protection
QX-4000,Receiver,E21-022-0,E21-022,Fuse 3A for protection
QX-4000,Receiver,E32-056-0,E32-056,AC cord stopper
QX-4000,Receiver,E33-009-B,E33-009,Polishing cloth
QX-4000,Receiver,K11-043-0,K11-043,Antenna input terminal board
QX-4000,Receiver,K72-007-B,K72-007,Speaker plug
QX-4000,Receiver,K72-015-A,K72-015,Pin plug
QX-4000,Receiver,K72-026-0,K72-026,Headphones jack
QX-4000,Receiver,K72-028-0,K72-028,Speaker socket
QX-4000,Receiver,K72-031-0,K72-031,Speaker socket
QX-4000,Receiver,K91-005-A,K91-005,1P fuse holder
QX-4000,Receiver,K93-003-B,K93-003,5P connector socket (DlN)
QX-4000,Receiver,M42-071-G,M42-071,Tuning shaft ass’y
QX-4000,Receiver,R42-278,R42-278,Service manual QX-4000
QX-4000,Receiver,S11-016-A,S11-016,Power switch FW model
QX-4000,Receiver,S41-022-A,S41-022,De-emphasis switch FW model
QX-4000,Receiver,T22-025-A,T22-025,Balun
QX-4000,Receiver,T24-030-0,T24-030,Choke coil
QX-4000,Receiver,W52-004-0,W52-004,Compound part for REC jack
QX-646,Receiver,AAA-020-0,AAA-020,Knob (TUNING)
QX-646,Receiver,AAB-055- B,AAB-055- B,Knob (SEPARATION)
QX-646,Receiver,AAB-057-0,AAB-057,Knob (MODE/FUNCTION/VOLUME/REAR BALANCE/BALANCE/FRONT BALANCE/POWER)
QX-646,Receiver,AAB-058-0,AAB-058,Double knob Inner (FRONT BASS/FRONT TREBLE)
QX-646,Receiver,AAB-059-0,AAB-059,Double knob Outer (REAR BASS/REAR TREBLE)
QX-646,Receiver,AAD-050-0,AAD-050,Knob Push Switch (SPEAKERS/LOUDNESS/TAPE MON/FM MUTING)
QX-646,Receiver,AAF-020-0,AAF-020,Dial pointer
QX-646,Receiver,AAG-048-B,AAG-048,Dial scale
QX-646,Receiver,AAL-154-0,AAL-154,Model name plate  (KUW model)
QX-646,Receiver,AAL-159-0,AAL-159,Model name plate (FW model)
QX-646,Receiver,AAW-003-0,AAW-003,Signal meter
QX-646,Receiver,ABA-010-A,ABA-010,Color-plated wide shoulder screw
QX-646,Receiver,ACE-002-0,ACE-002,Metallized mylar 0.01 800V (KUW model)
QX-646,Receiver,ACG-001-0,ACG-001,Ceramic 0.01 250V (FW model only)
QX-646,Receiver,ACG-001-0,ACG-001,Ceramic 0.01 250V (FW model)
QX-646,Receiver,ACG-001-0,ACG-001,Ceramic 0.01 250V (FW model)
QX-646,Receiver,ACG-002-0,ACG-002,Ceramic 0.01 150V (KUW model)
QX-646,Receiver,ACT-108-0,ACT-108,Potentiometer (CARRIER LEVEL CONTROL)10k-B
QX-646,Receiver,ACV -013-0,ACV -013,L channel separation control (CD-4) 10k-C
QX-646,Receiver,ACV-008,ACV-008,"CONTROL(BALANCE ""FRONT""/""REAR"")"
QX-646,Receiver,ACV-013-0,ACV-013,R channel separation control (CD-4) 10k-C
QX-646,Receiver,ACV-109,ACV-109,CONTROL(BALANCE)
QX-646,Receiver,ACV-306-0,ACV-306,Volume control 250k-B1
QX-646,Receiver,ACV-401-0,ACV-401,"Bass control, 100k-B"
QX-646,Receiver,ACV-401-0,ACV-401,"Treble control, 100k-B"
QX-646,Receiver,ADG-003-0,ADG-003,AC power cord (KUW model)
QX-646,Receiver,AEB-018-0,AEB-018,Insulating spacer
QX-646,Receiver,AEB-019-0,AEB-019,P.C. Board holder
QX-646,Receiver,AEB-040-0,AEB-040,Pilot lamp bracket
QX-646,Receiver,AEC-027-B,AEC-027,Foot
QX-646,Receiver,AEC-079-0,AEC-079,AC cord grommet
QX-646,Receiver,AEC-090-0,AEC-090,Spacer
QX-646,Receiver,AEC-090-0,AEC-090,Spacer
QX-646,Receiver,AEF-002-B,AEF-002,Coil spring
QX-646,Receiver,AEK-003-0,AEK-003,Fuse 3A (Protection - KUW model)
QX-646,Receiver,AEK-004-0,AEK-004,Fuse 1A (Protection - KUW model)
QX-646,Receiver,AEK-004-0,AEK-004,Fuse 1A (Protection - KUW model)
QX-646,Receiver,AEK-009-0,AEK-009,Fuse 1.5A (Protection)
QX-646,Receiver,AEL-006-0,AEL-006,Pilot lamp (CD-4 indicator)
QX-646,Receiver,AEL-007-0,AEL-007,Pilot lamp (Program and mode indicators)
QX-646,Receiver,AHA-035-0,AHA-035,Side pad (L)
QX-646,Receiver,AHA-036-0,AHA-036,Side pad (R)
QX-646,Receiver,AHB-014-0,AHB-014,Top pad
QX-646,Receiver,AHC-001-0,AHC-001,Accessory box
QX-646,Receiver,AHD-171-0,AHD-171,Packing case
QX-646,Receiver,AKB-014-0,AKB-014,Phono jack - A (4 jacks)
QX-646,Receiver,AKB-014-0,AKB-014,Phonojack - A (4 lacks)
QX-646,Receiver,AKB-015-0,AKB-015,Phono jack - B (4 jacks)
QX-646,Receiver,AKC-01 6-0,AKC-01 6,Terminal strip (4P)
QX-646,Receiver,AKC-016-0,AKC-016,Terminal strip (4P)
QX-646,Receiver,AKC-016-0,AKC-016,Terminal strip (4P)
QX-646,Receiver,AKC-018-0,AKC-018,Terminal strip (2P)
QX-646,Receiver,AKE-003-0,AKE-003,Fuse 3A (Protection - KUW model)
QX-646,Receiver,AKE-004-0,AKE-004,Fuse 1A (Protection - KUW model)
QX-646,Receiver,AKE-010-0,AKE-010,Speaker output terminal (Rear)
QX-646,Receiver,AKE-012-A,AKE-012,Binding post (Ground)
QX-646,Receiver,AKE-016-0,AKE-016,Speaker output terminal (Front)
QX-646,Receiver,AKP-002-0,AKP-002,Chassis mounting AC socket (KUW model)
QX-646,Receiver,AKP-004-0,AKP-004,Chassis mounting AC socket (FW model)
QX-646,Receiver,AKR-001-0,AKR-001,Fuse holder (AC power - FW model)
QX-646,Receiver,AKR-006-0,AKR-006,Fuse holder (AC power - KUW model)
QX-646,Receiver,AKR-012-0,AKR-012,Fuse holder (Protection)
QX-646,Receiver,AMM-025-A,AMM-025,Wooden case
QX-646,Receiver,ANA-044-A,ANA-044,Chassis
QX-646,Receiver,ANA-045-A,ANA-045,Sub chassis
QX-646,Receiver,ANB-197-A,ANB-197,Front panel assembly
QX-646,Receiver,ANC-084-A,ANC-084,Rear panel
QX-646,Receiver,AND-061-A,AND-061,Sub panel
QX-646,Receiver,ANE-028-0,ANE-028,Bottom plate
QX-646,Receiver,ANF-133-0,ANF-133,Volume holder
QX-646,Receiver,ANF-135-0,ANF-135,Mode indicater held metal
QX-646,Receiver,ANG-066-0,ANG-066,Meter held metal
QX-646,Receiver,ANH-095-0,ANH-095,Lamp box
QX-646,Receiver,ANH-096-0,ANH-096,Selector cover
QX-646,Receiver,ANH-097-A,ANH-097,Shield cover (Rear)
QX-646,Receiver,ANK-026-A,ANK-026,Wire cover
QX-646,Receiver,ANK-042-0,ANK-042,Side plate
QX-646,Receiver,ANK-044-0,ANK-044,Mode indicater
QX-646,Receiver,ARB-081-0,ARB-081,Operating instructions QX-646
QX-646,Receiver,ASA-032-0,ASA-032,Power switch (KUW model)
QX-646,Receiver,ASC-049-B,ASC-049,Selector switch (FUNCTION)
QX-646,Receiver,ASC-050-A,ASC-050,Selector switch (MODE)
QX-646,Receiver,ASG-025-0,ASG-025,Mini-switch (SPEAKERS/REAR)
QX-646,Receiver,ASG-026,ASG-026,SWITCH(SPEAKER)
QX-646,Receiver,ASG-027-0,ASG-027,"Mini-switch (3-gang, LOUDNESS/MUTING/TAPE)"
QX-646,Receiver,ATB-006-0,ATB-006,AM ferrite loopstick antenna
QX-646,Receiver,ATT-095-B,ATT-095,Power transformer (KUW model)
QX-646,Receiver,ATT-096-B,ATT-096,Power transformer (FW model)
QX-646,Receiver,AWE-003-E,AWE-003,Tuner assembly
QX-646,Receiver,AWG-015-0,AWG-015,Control amplifier assembly
QX-646,Receiver,AWH-019-F,AWH-019,Power amplifier assembly
QX-646,Receiver,AWK-025-0,AWK-025,AF amplifier assembly
QX-646,Receiver,AWM -045-0,AWM -045,Equalizer and matrix circuit assembly
QX-646,Receiver,AWM-031-A,AWM-031,Decoder circuit assembly
QX-646,Receiver,AWM-045-0,AWM-045,Equalizer and matrix circuit assembly
QX-646,Receiver,AWM-046-0,AWM-046,Muting circuit assembly
QX-646,Receiver,AWR-035-0,AWR-035,Power supply circuit assembly
QX-646,Receiver,AWS-023-0,AWS-023,Switch circuit assembly
QX-646,Receiver,AWS-024-0,AWS-024,Speaker switch circuit assembly
QX-646,Receiver,AWX-028-0,AWX-028,Balance volume assembly
QX-646,Receiver,AWX-029-0,AWX-029,Lamp board assembly
QX-646,Receiver,AWX-051-A,AWX-051,Sub channel circuit assembly
QX-646,Receiver,AXA-003-B,AXA-003,Dial pulley assembly
QX-646,Receiver,AXB-001-0,AXB-001,AM antenna holder assembly
QX-646,Receiver,B-21-011-0,B-21-011,External tooth lock washer
QX-646,Receiver,C52-088-C,C52-088,"Electrolytic capacitor 4,700 uF 50V"
QX-646,Receiver,CEA 101 P 16,CEA 101 P 16,Electrolytic 100 16V
QX-646,Receiver,CEA 101 P 16,CEA 101 P 16,Electrolytic 100 16V
QX-646,Receiver,CKDYF 103Z 50,CKDYF 103Z 50,Ceramic 0.01 50V
QX-646,Receiver,CQMA 332J 50,CQMA 332J 50,Mylar 0.0033 50V
QX-646,Receiver,CQMA 332J 50,CQMA 332J 50,Mylar 0.0033 50V
QX-646,Receiver,D11-002-B,D11-002,AC power cord (FW model)
QX-646,Receiver,D52-013-0,D52-013,FM T-type antenna
QX-646,Receiver,E-21-022-0,E-21-022,Fuse 1A (Protection - FW model)
QX-646,Receiver,E21-004-0,E21-004,Fuse 1A (AC power - FW model)
QX-646,Receiver,E21-020-0,E21-020,Fuse 1A (Protection - FW model)
QX-646,Receiver,E21-022-0,E21-022,Fuse 3A (Protection - FW model)
QX-646,Receiver,E21-027-0,E21-027,Fuse 2A (AC power - KUW model)
QX-646,Receiver,E22-032-0,E22-032,Lamp (Signal meter)
QX-646,Receiver,E22-032-0,E22-032,Pilot lamp (Dial scale and signal meter)
QX-646,Receiver,E33-009-B,E33-009,Polishing cloth
QX-646,Receiver,K11-043-D,K11-043,Antenna input terminal board
QX-646,Receiver,K72-026-0,K72-026,Headphone jack
QX-646,Receiver,K91-005-A,K91-005,Fuse holder (1P)
QX-646,Receiver,K93-003-B,K93-003,5P connector (DIN type)
QX-646,Receiver,M42-071,M42-071,TUNING SHAFT
QX-646,Receiver,M42-071-H,M42-071,Dial shaft assembly
QX-646,Receiver,M45-105-C,M45-105,Wire supporter
QX-646,Receiver,M49-127-A,M49-127,AC socket holder (KUW model only)
QX-646,Receiver,PQX-1011,PQX-1011,Test record
QX-646,Receiver,R42-341,R42-341,Service Manual QX-646
QX-646,Receiver,RD¼PS 154J,RD¼PS 154J,Carbon film 150k
QX-646,Receiver,RD¼PS 154J,RD¼PS 154J,Carbon film 150k
QX-646,Receiver,RD¼PS 820J,RD¼PS 820J,Carbon film 82
QX-646,Receiver,RD½PS 225J,RD½PS 225J,Carbon film 2.2M ½W
QX-646,Receiver,S11-016-B,S11-016,Power switch (FW model)
QX-646,Receiver,S41-022-A,S41-022,De-emphasis switch (FW model only)
QX-646,Receiver,SII-016-B,SII-016,POWER switch (FW model)
QX-646,Receiver,T22-025-A,T22-025,Balun
QX-646,Receiver,T24-030-0,T24-030,Choke coil
QX-646,Receiver,W52-004-0,W52-004,Compound part (for REC terminal)
QX-747,Receiver,AAA-023-0,AAA-023,Knob (tuning)
QX-747,Receiver,AAB-055-B,AAB-055,Knob (separation)
QX-747,Receiver,AAB-064-A,AAB-064,Knob (level)
QX-747,Receiver,AAB-065-0,AAB-065,"Knob (volume, bass, treble, mode,function)"
QX-747,Receiver,AAD-054-0,AAD-054,Knob (push switch)
QX-747,Receiver,AAD-055-0,AAD-055,Knob (power)
QX-747,Receiver,AAE-007-0,AAE-007,Coupler (knob-to-switch)
QX-747,Receiver,AAE-008-0,AAE-008,Coupler (knob-to-switch)
QX-747,Receiver,AAF-020-0,AAF-020,Dial pointer assembly
QX-747,Receiver,AAG-055-B,AAG-055,Dial scale
QX-747,Receiver,AAL-169-0,AAL-169,Model name plate
QX-747,Receiver,AAW-018-A,AAW-018,AM-FM meter
QX-747,Receiver,AAW-021-0,AAW-021,4-channel level indicator
QX-747,Receiver,ABA-010-0,ABA-010,Screw M4x15
QX-747,Receiver,ACE-002-0,ACE-002,Metalized mylar 0.01 250V
QX-747,Receiver,ACE-004-0,ACE-004,Wire clip
QX-747,Receiver,ACG-001-0,ACG-001,Ceramic 0.01 250V
QX-747,Receiver,ACG-001-0,ACG-001,Ceramic 0.01 250V
QX-747,Receiver,ACH-028-0,ACH-028,"Electrolytic 15,000 50V"
QX-747,Receiver,ACH-028-0,ACH-028,"Electrolytic 15,000 50V"
QX-747,Receiver,ACK-005,ACK-005,CAPACITOR (ELE)
QX-747,Receiver,ACT-008-0,ACT-008,Variable resistor 500k-B2 (level)
QX-747,Receiver,ACV-014-0,ACV-014,Variable resistor 10kΩ-C (separation-L)
QX-747,Receiver,ACV-014-0,ACV-014,Variable resistor 10kΩ-C (separation-R)
QX-747,Receiver,ACV-110-0,ACV-110,Variable Resistor 10k-B (TREBLE/BASS)
QX-747,Receiver,ACV-122-0,ACV-122,Variable resistor 10kΩ-B2 (carrier level)
QX-747,Receiver,ACV-310-0,ACV-310,Variable resistor 500kΩ-B1 (volume)
QX-747,Receiver,ADG-003-0,ADG-003,AC power cord
QX-747,Receiver,ADX-005-A,ADX-005,Sockets with cords
QX-747,Receiver,AEB-042-0,AEB-042,Rubber bracket
QX-747,Receiver,AEB-043-0,AEB-043,Rubber bracket
QX-747,Receiver,AEB-044-0,AEB-044,Rubber bracket
QX-747,Receiver,AEC-027-B,AEC-027,Foot
QX-747,Receiver,AEC-064-0,AEC-064,Wire clip
QX-747,Receiver,AEC-079-0,AEC-079,AC cord grommet
QX-747,Receiver,AEC-101-0,AEC-101,Pulley
QX-747,Receiver,AEC-110-A,AEC-110,Switch cover assembly
QX-747,Receiver,AEC-111-0,AEC-111,Insulator
QX-747,Receiver,AEC-120-0,AEC-120,Shading plate
QX-747,Receiver,AEC-121-0,AEC-121,Bracket (CD-4 indicator)
QX-747,Receiver,AEK-028-0,AEK-028,Fuse 4A (AC power)
QX-747,Receiver,AEK-035-0,AEK-035,Fuse 4A (protection)
QX-747,Receiver,AEL-006-0,AEL-006,"Pilot lamp 6V, 30mA (stereo indicator)"
QX-747,Receiver,AEL-007-0,AEL-007,Pilot lamp 8V 50mA (program indicator)
QX-747,Receiver,AEL-015-0,AEL-015,Pilot lamp 8V 0.3A (meter)
QX-747,Receiver,AEL-015-0,AEL-015,"Pilot lamp 8V, 0.3A"
QX-747,Receiver,AHA-040-A,AHA-040,Side pad (L)
QX-747,Receiver,AHA-041-A,AHA-041,Side pad (R)
QX-747,Receiver,AHB-012-0,AHB-012,Reinforced cardboard
QX-747,Receiver,AHC-007-0,AHC-007,Inside packing
QX-747,Receiver,AHD-188-0,AHD-188,Packing case with cord number printed
QX-747,Receiver,AHD-189-0,AHD-189,Packing case
QX-747,Receiver,AKA-002-0,AKA-002,Antenna terminal board
QX-747,Receiver,AKB-014-0,AKB-014,Phono jack (4 jacks)-A
QX-747,Receiver,AKB-015-0,AKB-015,Phono jack (4 jacks)-B
QX-747,Receiver,AKB-019-0,AKB-019,Phono jack (1 jack)
QX-747,Receiver,AKC-017-0,AKC-017,Terminal strip (6P)
QX-747,Receiver,AKC-018-0,AKC-018,Terminal strip (1L2P)
QX-747,Receiver,AKE-010-0,AKE-010,Speaker output terminal
QX-747,Receiver,AKE-012-A,AKE-012,Binding post for ground
QX-747,Receiver,AKE-016-0,AKE-016,Speaker output terminal
QX-747,Receiver,AKK-002-0,AKK-002,Fuse holder (1P)
QX-747,Receiver,AKM-006-0,AKM-006,Multi-plug
QX-747,Receiver,AKM-007-0,AKM-007,3P plug
QX-747,Receiver,AKM-008-0,AKM-008,3P plug
QX-747,Receiver,AKM-010-0,AKM-010,3P Plug
QX-747,Receiver,AKN-002-0,AKN-002,Headphones jack
QX-747,Receiver,AKP-005-0,AKP-005,AC socket
QX-747,Receiver,AKP-006-0,AKP-006,Multi-socket
QX-747,Receiver,AKR-015-0,AKR-015,Fuse holder (AC power)
QX-747,Receiver,AMM-026-A,AMM-026,Wooden cabinet assembly
QX-747,Receiver,ANA-049-B,ANA-049,Chassis
QX-747,Receiver,ANB-214-A,ANB-214,Front panel assembly
QX-747,Receiver,ANC-087-B,ANC-087,Rear panel
QX-747,Receiver,AND-063-A,AND-063,Sub-panel
QX-747,Receiver,ANE-030-0,ANE-030,Bottom plate
QX-747,Receiver,ANF-140-A,ANF-140,Lamp-held metal
QX-747,Receiver,ANF-141-0,ANF-141,Variable resistor-held metal
QX-747,Receiver,ANF-142-0,ANF-142,Switch-held metal
QX-747,Receiver,ANF-145-0,ANF-145,Heat sink-held metal
QX-747,Receiver,ANF-145-0,ANF-145,Heat sink-held metal
QX-747,Receiver,ANF-146-0,ANF-146,P.C. board holder
QX-747,Receiver,ANF-153-0,ANF-153,Switch-held metal
QX-747,Receiver,ANF-157-A,ANF-157,P.C. board holder (A)
QX-747,Receiver,ANF-158-A,ANF-158,P.C. board holder (B)
QX-747,Receiver,ANF-159-0,ANF-159,P.C. board holder
QX-747,Receiver,ANF-159-0,ANF-159,P.C. board holder
QX-747,Receiver,ANF-159-0,ANF-159,P.C. board holder
QX-747,Receiver,ANF-159-0,ANF-159,P.C. board holder
QX-747,Receiver,ANF-162-0,ANF-162,Dial scale holder
QX-747,Receiver,ANF-163-0,ANF-163,Dial scale holder
QX-747,Receiver,ANF-164-0,ANF-164,Rubber bracket holder
QX-747,Receiver,ANF-167-0,ANF-167,Shield plate
QX-747,Receiver,ANG-088-A,ANG-088,Pulley-held metal
QX-747,Receiver,ANH-152-A,ANH-152,Shield cover
QX-747,Receiver,ANH-154-0,ANH-154,Shield cover
QX-747,Receiver,ANH-155-0,ANH-155,Shield plate
QX-747,Receiver,ANH-156-A,ANH-156,Lamp-box
QX-747,Receiver,ANH-157-0,ANH-157,Heat sink
QX-747,Receiver,ANH-162-0,ANH-162,Lamp box
QX-747,Receiver,ANH-168-A,ANH-168,Shield plate
QX-747,Receiver,ANH-169-0,ANH-169,Shield plate
QX-747,Receiver,ANH-170-A,ANH-170,Shield plate
QX-747,Receiver,ANK-052-0,ANK-052,Wire supporter
QX-747,Receiver,ANK-053-0,ANK-053,P.C. board cover
QX-747,Receiver,ANK-054-0,ANK-054,Wire cover
QX-747,Receiver,ANK-056-A,ANK-056,Reinforced metal (L)
QX-747,Receiver,ANK-057-A,ANK-057,Reinforced metal (R)
QX-747,Receiver,ARB-088-0,ARB-088,OPERATING INSTRUCTIONS QX-747
QX-747,Receiver,ART-005,ART-005,Service manual QX-747
QX-747,Receiver,ASC-052-A,ASC-052,Rotary Selector switch (Mode)
QX-747,Receiver,ASC-053-0,ASC-053,Rotary switch (function)
QX-747,Receiver,ASF-001-0,ASF-001,Microswitch
QX-747,Receiver,ASG-043-0,ASG-043,Push switch (power)
QX-747,Receiver,ASG-044-0,ASG-044,Push Switch (speakers)
QX-747,Receiver,ASG-045-0,ASG-045,"Push switch (FM muting, dolby, tape,mon., loudness)"
QX-747,Receiver,ASH-008-0,ASH-008,Slide switch (FM de-emphasis)
QX-747,Receiver,ASR-003-0,ASR-003,Relay
QX-747,Receiver,ATB-015-A,ATB-015,AM ferrite loopstick antenna
QX-747,Receiver,ATF-016-0,ATF-016,Low pass filter
QX-747,Receiver,ATT-145-0,ATT-145,Power transformer
QX-747,Receiver,AWE-028-0,AWE-028,Tuner assembly
QX-747,Receiver,AWF-010-0,AWF-010,Equalizer amplifier assembly
QX-747,Receiver,AWG-024-0,AWG-024,Control amplifier assembly
QX-747,Receiver,AWG-024-0,AWG-024,Control amplifier assembly
QX-747,Receiver,AWH-028-0,AWH-028,Power amplifier assembly
QX-747,Receiver,AWM-031-0,AWM-031,Decoder circuit assembly
QX-747,Receiver,AWM-048-0,AWM-048,Matrix circuit assembly
QX-747,Receiver,AWM-049-A,AWM-049,Protection circuit assembly
QX-747,Receiver,AWR-040-0,AWR-040,Power supply circuit assembly
QX-747,Receiver,AWS-049-A,AWS-049,Switch circuit assembly
QX-747,Receiver,AWX-051-B,AWX-051,Sub-channel circuit assembly
QX-747,Receiver,AWX-052-0,AWX-052,Lamp assembly
QX-747,Receiver,AWX-054-0,AWX-054,Headphone jack assembly
QX-747,Receiver,AXA-015-A,AXA-015,Tuning pulley
QX-747,Receiver,AXA-039-0,AXA-039,Tuning shaft assembly
QX-747,Receiver,AXB-001-0,AXB-001,Ferrite loopstick antenna holder assembly
QX-747,Receiver,B21-008-A,B21-008,Boss
QX-747,Receiver,B21-008-A,B21-008,P.C. board holder
QX-747,Receiver,B21-011-0,B21-011,Washer
QX-747,Receiver,CEB 102P 25,CEB 102P 25,"Electrolytic 1,000 25V"
QX-747,Receiver,CEB 102P 50,CEB 102P 50,"Electrolytic 1,000 50V"
QX-747,Receiver,CKDYF 103Z 50,CKDYF 103Z 50,Ceramic 0.01 50V
QX-747,Receiver,CQMA 332K 50,CQMA 332K 50,Mylar 0.0033 50V
QX-747,Receiver,CQMA 332K 50,CQMA 332K 50,Mylar 0.0033 50V
QX-747,Receiver,CQMA 392K 50,CQMA 392K 50,Mylar 0.0039 50V
QX-747,Receiver,CQMA 392K 50,CQMA 392K 50,Mylar 0.0039 50V
QX-747,Receiver,CSSA 2R2M 16,CSSA 2R2M 16,Electrolytic 2.2 16V
QX-747,Receiver,D52-013-0,D52-013,FM T-type antenna
QX-747,Receiver,E22-032-0,E22-032,Pilot lamp 8V 0.3A (dial scale)
QX-747,Receiver,E22-032-0,E22-032,"Pilot lamp 8V, 0.3A"
QX-747,Receiver,E22-032-0,E22-032,"Pilot lamp 8V, 0.3A"
QX-747,Receiver,E22-032-0,E22-032,"Pilot lamp 8V, 0.3A"
QX-747,Receiver,E22-032-0,E22-032,"Pilot lamp 8V, 0.3A"
QX-747,Receiver,E22-032-0,E22-032,"Pilot lamp 8V, 0.3A"
QX-747,Receiver,K13-047-0,K13-047,Ground terminal strip (4P)
QX-747,Receiver,M45-105-C,M45-105,Wire holder
QX-747,Receiver,M49-025-E,M49-025,Pulley shaft
QX-747,Receiver,PQX-101,PQX-101,Test record
QX-747,Receiver,RD¼PS 103J,RD¼PS 103J,Carbon film 10k
QX-747,Receiver,RD¼PS 104J,RD¼PS 104J,Carbon film 100k
QX-747,Receiver,RD¼PS 104J,RD¼PS 104J,Carbon film 100k
QX-747,Receiver,RD¼PS 274J,RD¼PS 274J,Carbon film 270k
QX-747,Receiver,RD¼PS 820.1,RD¼PS 820.1,Carbon film 82
QX-747,Receiver,RD½PS 225J,RD½PS 225J,Carbon film 2.2M ½W
QX-747,Receiver,RS2P 332J,RS2P 332J,Metal oxide 3.3k 2W
QX-747,Receiver,RS2P 332J,RS2P 332J,Metal oxide 3.3k 2W
QX-747,Receiver,S31-028-0,S31-028,Push switch (level indicator sensitivity)
QX-747,Receiver,T22-025-A,T22-025,Balun
QX-747,Receiver,T24-028-A,T24-028,RF choke coil
