model,category,part_number,normalized_part_number,description
SA-3000,Integrated Amplifier,ACG-004,ACG-004,Ceramic capacitor
SX-939,Receiver,ACG-004-0,ACG-004,Ceramic  0.01  150V
RG-9,Dynamic Range Expander,ACG-009,ACG-009,CAPACITOR(CERAMIC .047 UFD)
SX-1980,Receiver,ACG-009,ACG-009,Ceramic  0.047  150V
SX-1980,Receiver,ACG-009,ACG-009,Ceramic  0.047  150V
SX-1980,Receiver,ACG-009,ACG-009,Ceramic  0.047  150V
SX-1980,Receiver,ACG-009,ACG-009,Ceramic  0.047  150V
SX-1980,Receiver,ACG-009,ACG-009,Ceramic  0.047  150V
SA-6700,Integrated Amplifier,ACG-014,ACG-014,Ceramic 0.01 125V (KC)
SA-6700,Integrated Amplifier,ACG-014,ACG-014,Ceramic 0.01 125V (KC)
SA-7700,Integrated Amplifier,ACG-014,ACG-014,Ceramic 0.01 125V (KC)
SA-7700,Integrated Amplifier,ACG-014,ACG-014,Ceramic 0.01 125V (KC)
SX-1280,Receiver,ACG-014,ACG-014,Ceramic (For KC type)  0.01  125V
A-90,Integrated Amplifier,ACG-017,ACG-017,Ceramic (0.01/630V)
SA-530,Integrated Amplifier,ACG-017,ACG-017,Ceramic capacitor (0.01/AC125V) - KU
SA-930,Integrated Amplifier,ACG-017,ACG-017,Ceramic capacitor (0.01/AC125V) - KU
SG-9,Equalizer,ACG-017,ACG-017,Ceramic capacitor (0.01/AC125V) - KC
SX-202,Receiver,ACG-017,ACG-017,Ceramic (0.01/AC125V)
SX-3400,Receiver,ACG-017,ACG-017,Capacitor  0.01/125V (KU)
SX-3500,Receiver,ACG-017,ACG-017,Ceramic capacitor 0.01/125V
SX-3600/720,Receiver,ACG-017,ACG-017,Ceramic capacitor (0.01 /1 25V)
SX-4,Receiver,ACG-017,ACG-017,Ceramic capacitor
SX-4,Receiver,ACG-017,ACG-017,Ceramic capacitor
SX-5,Receiver,ACG-017,ACG-017,Ceramic capacitor
SX-6,Receiver,ACG-017,ACG-017,Ceramic capacitor
SX-8,Receiver,ACG-017,ACG-017,Ceramic capacitor  KU-type
SX-D5000,Receiver,ACG-017,ACG-017,Ceramic capacitor (0.01/125V) - KU
SX-D7000,Receiver,ACG-017,ACG-017,Ceramic capacitor (KC)
A-6,Integrated Amplifier,ACG-019,ACG-019,Ceramic capacitor (0.01/AC150V) - KU
SA-1040,Integrated Amplifier,ACG-501,ACG-501,Capacitor (0.01) - KU
SA-1050,Integrated Amplifier,ACG-501,ACG-501,Capacitor (0.01) - KU
A-60,Integrated Amplifier,ACG-502,ACG-502,Capacitor (0.01/AC125V) - HB
A-60,Integrated Amplifier,ACG-502,ACG-502,Capacitor (0.01/AC125V) - HE
A-60,Integrated Amplifier,ACG-502,ACG-502,Capacitor (0.01/AC125V) - YP
A-66X,Integrated Amplifier,ACG-502,ACG-502,Ceramic capacitor 0.01/AC250V
A-77X,Integrated Amplifier,ACG-502,ACG-502,Capacitor (0.01/AC250V)
SA-1040,Integrated Amplifier,ACG-502,ACG-502,Capacitor (0.01) - S/G
SA-1040,Integrated Amplifier,ACG-502,ACG-502,Capacitor (0.01/AC125V) - KU
SA-1050,Integrated Amplifier,ACG-502,ACG-502,Capacitor (0.01) - S/G
SA-1050,Integrated Amplifier,ACG-502,ACG-502,Capacitor (0.01/AC125V) - KU
SA-940,Integrated Amplifier,ACG-502,ACG-502,(0.01/AC125V) - KU
SA-950,Integrated Amplifier,ACG-502,ACG-502,(0.01/AC125V) - KU
SG-90,Equalizer,ACG-502,ACG-502,Ceramic 0.01/AC125V (KU)
SX-50,Receiver,ACG-502,ACG-502,Ceramic (0.01/AC 125V)
SX-828,Receiver,ACH 001-C,ACH 001,Electrolytic  1000  63V
SA-1000,Integrated Amplifier,ACH-001-B,ACH-001,Electrolytic 1000 63V
SA-800,Integrated Amplifier,ACH-001-B,ACH-001,Electrolytic 1000 63V (FVW)
SX-1010,Receiver,ACH-001-0,ACH-001,Ceramic 0.01 250V (F)
SX-727,Receiver,ACH-001-C,ACH-001,Electrolytic  1000  63V
SX-838,Receiver,ACH-001-C,ACH-001,Electrolytic  1000  63V
SX-838,Receiver,ACH-001-C,ACH-001,"Electrolytic capacitor 1,000uF 63V"
QA-800,Integrated Amplifier,ACH-003-A,ACH-003,Electrolytic 4700 63V
QA-800A,Integrated Amplifier,ACH-003-A,ACH-003,Electrolytic 4700 63V
SX-6000,Receiver,ACH-005-0,ACH-005,Electrolytic 3300 80V
QX-8000A,Receiver,ACH-007-0,ACH-007,Electrolytic 4700 63V
QL-600,Integrated Amplifier,ACH-008-0,ACH-008,Electrolytic 3300 50V
QL-600A,Integrated Amplifier,ACH-008-A,ACH-008,Electrolytic 3300 50V
SX-525,Receiver,ACH-011-A,ACH-011,Electrolytic 3300  63V
SX-626 (1971),Receiver,ACH-011-A,ACH-011,Electrolytic 3300 63V
SX-626 (1973),Receiver,ACH-011-A,ACH-011,"Electrolytic capacitor 3,300uF, 63V"
SX-727,Receiver,ACH-014-0,ACH-014,Electrolytic  6800  50V
SX-727,Receiver,ACH-014-0,ACH-014,Electrolytic  6800  50V
SX-737,Receiver,ACH-014-0,ACH-014,Electrolytic  6800  50V
SX-737,Receiver,ACH-014-0,ACH-014,Electrolytic  6800  50V
SX-737,Receiver,ACH-014-0,ACH-014,"Electrolytic capacitor 6,800uF 50V"
SX-828,Receiver,ACH-015-0,ACH-015,Electrolytic  8000  50V
SX-828,Receiver,ACH-015-0,ACH-015,Electrolytic  8000  50V
SX-838,Receiver,ACH-015-0,ACH-015,Electrolytic  8000  50V
SX-838,Receiver,ACH-015-0,ACH-015,Electrolytic  8000  50V
SX-838,Receiver,ACH-015-0,ACH-015,"Electrolytic capacitor 8,000uF 50V"
QX-9900,Receiver,ACH-016-A,ACH-016,Electrolytic capacitor 4700uF 50V
QX-9900,Receiver,ACH-016-A,ACH-016,Electrolytic capacitor 4700uF 50V
QX-9900,Receiver,ACH-016-A,ACH-016,Electrolytic capacitor 4700uF 50V
QX-9900,Receiver,ACH-016-A,ACH-016,Electrolytic capacitor 4700uF 50v
SD-1100,Other,ACH-017-0,ACH-017,Electrolytic capacitor 40+40gF 315V
SA-7100,Integrated Amplifier,ACH-018-0,ACH-018,Electrolytic  6800  35V
SA-7100,Integrated Amplifier,ACH-018-0,ACH-018,Electrolytic  6800  35V
SA-7500,Integrated Amplifier,ACH-019-0,ACH-019,"Electrolytic capacitor (C3, C4) 10,000uF, 50V"
SA-8100,Integrated Amplifier,ACH-019-0,ACH-019,Electrolytic capacitor 10000uF 50V
SA-8100,Integrated Amplifier,ACH-019-0,ACH-019,Electrolytic capacitor 10000uF 50V
SX-939,Receiver,ACH-019-0,ACH-019,"Electrolytic  10,000  50V"
SX-939,Receiver,ACH-019-0,ACH-019,"Electrolytic  10,000  50V"
SX-939,Receiver,ACH-019-0,ACH-019,"Electrolytic capacitor l0,000uF 50V"
SA-9100,Integrated Amplifier,ACH-020-0,ACH-020,Electrolytic capacitor 15000 uF 50V
SA-9100,Integrated Amplifier,ACH-020-0,ACH-020,Electrolytic capacitor 15000 uF 50V
SA-5200,Integrated Amplifier,ACH-022-0,ACH-022,"Electrolytic capacitor 4,700uF 50V"
QX-747,Receiver,ACH-028-0,ACH-028,"Electrolytic 15,000 50V"
QX-747,Receiver,ACH-028-0,ACH-028,"Electrolytic 15,000 50V"
QX-747A,Receiver,ACH-029,ACH-029,"Electrolytic capacitor 10,000uF 50V"
QX-747A,Receiver,ACH-029,ACH-029,"Electrolytic capacitor 10,000uF 50V"
QX-949,Receiver,ACH-029-0,ACH-029,Electrolytic 10000 50V
QX-949,Receiver,ACH-029-0,ACH-029,Electrolytic 10000 50V
QX-949,Receiver,ACH-029-0,ACH-029,Electrolytic 10000 50V
QX-949,Receiver,ACH-029-0,ACH-029,Electrolytic 10000 50V
QX-949A,Receiver,ACH-029,ACH-029,"Electrolytic capacitor 10,000/1F 50V"
QX-949A,Receiver,ACH-029,ACH-029,"Electrolytic capacitor 10,000uF 50V"
QX-949A,Receiver,ACH-029,ACH-029,"Electrolytic capacitor 10,000uF 50V"
QX-949A,Receiver,ACH-029,ACH-029,"Electrolytic capacitor 10,000uF 50V"
Exclusive M3,Amplifier,ACH-035-0,ACH-035,Electrolytic 33000 80V
Exclusive M3,Amplifier,ACH-035-0,ACH-035,Electrolytic 33000 80V
Exclusive M3,Amplifier,ACH-035-0,ACH-035,"Electrolytic capacitor 33,000pF 80V"
SX-1010,Receiver,ACH-037-0,ACH-037,Electrolytic 18000 63V
SX-1010,Receiver,ACH-037-0,ACH-037,Electrolytic 18000 63V
SX-434,Receiver,ACH-040-0,ACH-040,"Electrolytic capacitor 3,300 uF, 25V"
SX-636,Receiver,ACH-041-0,ACH-041,Electrolytic  6800  35V
SX-636,Receiver,ACH-041-0,ACH-041,Electrolytic  6800  35V
SX-636,Receiver,ACH-041-0,ACH-041,"Electrolytic capacitor 6,800pF, 35V"
SX-535,Receiver,ACH-042-0,ACH-042,"Electrolytic capacitor 4,700uF 35V"
SX-450,Receiver,ACH-043,ACH-043,Electrolytic capacitor 4700/uF 35V
SA-9900,Integrated Amplifier,ACH-046-0,ACH-046,"Electrolytic capacitor 22,000uF 63V (C1, C2)"
SA-9500,Integrated Amplifier,ACH-047-0,ACH-047,"Electrolytic 18,000 63V"
SA-9500,Integrated Amplifier,ACH-047-0,ACH-047,"Electrolytic 18,000 63V"
SX-980,Receiver,ACH-047,ACH-047,Capacitor
SX-980,Receiver,ACH-047,ACH-047,"Electrolytic 18,000  63V"
SX-980,Receiver,ACH-047,ACH-047,"Electrolytic 18,000  63V"
SA-8500,Integrated Amplifier,ACH-048-0,ACH-048,Electrolytic capacitor 15000uF 50V
SPEC-2,Amplifier,ACH-052,ACH-052,Electrolytic 15000 100V
SPEC-2,Amplifier,ACH-052,ACH-052,Electrolytic 15000 100V
SPEC-2,Amplifier,ACH-052,ACH-052,Electrolytic 15000 100V
SPEC-2,Amplifier,ACH-052,ACH-052,Electrolytic 15000 100V
SX-550,Receiver,ACH-055,ACH-055,"Electrolytic 6,800 35V"
SX-550,Receiver,ACH-055,ACH-055,"Electrolytic 6,800 35V"
SPEC-4,Amplifier,ACH-056,ACH-056,"Electrolytic capacitor 22,000uF/80V"
SX-1050,Receiver,ACH-056,ACH-056,Electrolytic 22000 80V
SX-1050,Receiver,ACH-056,ACH-056,Electrolytic 22000 80V
SX-1250,Receiver,ACH-056,ACH-056,"Electrolytic, 22000 uf, 80V"
SX-1250,Receiver,ACH-056,ACH-056,"Electrolytic, 22000 uf, 80V"
SX-1250,Receiver,ACH-056,ACH-056,"Electrolytic, 22000 uf, 80V"
SX-1250,Receiver,ACH-056,ACH-056,"Electrolytic, 22000 uf, 80V"
M-22,Amplifier,ACH-057,ACH-057,Electrolytic capacitor
SX-750,Receiver,ACH-057,ACH-057,"Electrolytic 15,000 50V"
SX-750,Receiver,ACH-057,ACH-057,"Electrolytic 15,000 50V"
SA-6500,Integrated Amplifier,ACH-058,ACH-058,"Electrolytic capacitor 8,200uF 35V"
SX-950,Receiver,ACH-059,ACH-059,Electrolytic 22000 63V
SX-950,Receiver,ACH-059,ACH-059,Electrolytic 22000 63V
SA-7500II,Integrated Amplifier,ACH-062,ACH-062,"Electrolytic capacitor 10,000uF 50v"
QX-949,Receiver,ACH-064,ACH-064,CAPACITOR(ALUMINUM) SUB ACH-233
SA-8500II,Integrated Amplifier,ACH-064,ACH-064,Electrolytic 10000 50V
SA-8500II,Integrated Amplifier,ACH-064,ACH-064,Electrolytic 10000 50V
SA-8500II,Integrated Amplifier,ACH-064,ACH-064,Electrolytic 10000 50V
SA-8500II,Integrated Amplifier,ACH-064,ACH-064,Electrolytic 10000 50V
SA-8500II,Integrated Amplifier,ACH-064,ACH-064,"Electrolytic capacitor 10,000uF 50V"
SA-9500II,Integrated Amplifier,ACH-065,ACH-065,Electrolytic 12000 63V
SA-9500II,Integrated Amplifier,ACH-065,ACH-065,Electrolytic 12000 63V
SA-9500II,Integrated Amplifier,ACH-065,ACH-065,Electrolytic 12000 63V
SA-9500II,Integrated Amplifier,ACH-065,ACH-065,Electrolytic 12000 63V
SX-850,Receiver,ACH-068,ACH-068,"Electrolytic 15,000 50V"
SX-850,Receiver,ACH-068,ACH-068,"Electrolytic 15,000 50V"
SX-850,Receiver,ACH-068,ACH-068,"Electrolytic capacitor (15,000uF, 50V)"
SX-650,Receiver,ACH-071,ACH-071,"Electrolytic 8,000 50V"
SX-650,Receiver,ACH-071,ACH-071,"Electrolytic 8,000 50V"
SA-6500II,Integrated Amplifier,ACH-073,ACH-073,"Electrolytic capacitor 6,800uF 42V"
SA-6800/608,Integrated Amplifier,ACH-082,ACH-082,"Electrolytic 8,000uF 50V"
SA-6800/608,Integrated Amplifier,ACH-082,ACH-082,"Electrolytic 8,000uF 50V"
SA-7800,Integrated Amplifier,ACH-082,ACH-082,Electrolytic 8000uF/50V
SA-7800,Integrated Amplifier,ACH-082,ACH-082,Electrolytic 8000uF/50V
SA-7800,Integrated Amplifier,ACH-082,ACH-082,Electrolytic 8000uF/50V
SA-7800,Integrated Amplifier,ACH-082,ACH-082,Electrolytic 8000uF/50V
SA-706,Integrated Amplifier,ACH-083,ACH-083,"Electrolytic 12,000 63V"
SA-706,Integrated Amplifier,ACH-083,ACH-083,"Electrolytic 12,000 83V"
SA-7700,Integrated Amplifier,ACH-083,ACH-083,"Electrolytic 12,000 63V"
SA-7700,Integrated Amplifier,ACH-083,ACH-083,"Electrolytic 12,000 83V"
SX-1980,Receiver,ACH-084,ACH-084,Electrolytic  22000  100V
SX-1980,Receiver,ACH-084,ACH-084,Electrolytic  22000  100V
SX-1980,Receiver,ACH-084,ACH-084,Electrolytic  22000  100V
SX-1980,Receiver,ACH-084,ACH-084,Electrolytic  22000  100V
SX-1080,Receiver,ACH-085,ACH-085,Electrolytic  22000  71V
SX-1080,Receiver,ACH-085,ACH-085,Electrolytic  22000  71V
SX-1280,Receiver,ACH-089,ACH-089,Electrolytic  15000  100V
SX-1280,Receiver,ACH-089,ACH-089,Electrolytic  15000  100V
SX-1280,Receiver,ACH-089,ACH-089,Electrolytic  15000  100V
SX-1280,Receiver,ACH-089,ACH-089,Electrolytic  15000  100V
M-25,Amplifier,ACH-093,ACH-093,"Electrolytic capacitor 22,000/80"
SX-880/890,Receiver,ACH-094,ACH-094,"Electrolytic 15,000/50v"
A-27,Integrated Amplifier,ACH-095,ACH-095,Electrolytic capacitor (18000uF 71V)
A-88X,Integrated Amplifier,ACH-106,ACH-106,Electrolytic capacitor (10000/71Vl
A-77X,Integrated Amplifier,ACH-107,ACH-107,Electrolytic capacitor (8200/63V)
A-27,Integrated Amplifier,ACH-202,ACH-202,CAPACITOR
A-8,Integrated Amplifier,ACH-209,ACH-209,CAPA(12000/63V)
SA-8800,Integrated Amplifier,ACH-209,ACH-209,"Electrolytic capacitor (12,000uF 63V)"
SX-8,Receiver,ACH-209,ACH-209,Electrolytic capacitor (1200V/63V)
A-9,Integrated Amplifier,ACH-210,ACH-210,Electrolytic capacitor (15000/71V)
SA-9800,Integrated Amplifier,ACH-210,ACH-210,"Electrolytic 15,000/71 V"
SX-3900,Receiver,ACH-210,ACH-210,"Electrolytic capacitor 15,000uF, 71V"
A-5,Integrated Amplifier,ACH-211,ACH-211,CAPACITOR(5600 MFD/50 VOLTS)
A-6,Integrated Amplifier,ACH-212,ACH-212,Electrolytic (12000/56V)
SX-700,Receiver,ACH-215,ACH-215,Electrolytic (8200/50V)
SX-700L,Receiver,ACH-215,ACH-215,Electrolytic (8200/50V)
SA-420,Integrated Amplifier,ACH-217,ACH-217,Electrolytic capacitor (4700/35V)
SX-600L,Receiver,ACH-218,ACH-218,Electrolytic (3300/35V)
SX-5,Receiver,ACH-224,ACH-224,Electrolytic (8000/42V)
A-7,Integrated Amplifier,ACH-230,ACH-230,CAPACITOR
A-40,Integrated Amplifier,ACH-238,ACH-238,CAPA(8200/56V)SA1060
SA-940,Integrated Amplifier,ACH-238,ACH-238,Electrolytic Capacitor (8200/56V)
SA-950,Integrated Amplifier,ACH-238,ACH-238,Electrolytic Capacitor (8200/56V)
SA-970,Integrated Amplifier,ACH-238,ACH-238,Electrolytic Capacitor (8200/56V)
SA-530,Integrated Amplifier,ACH-239,ACH-239,Electrolytic capacitor (5600/42V)
A-70,Integrated Amplifier,ACH-247,ACH-247,"Electrolytic (10,000/80V)"
A-70,Integrated Amplifier,ACH-254,ACH-254,Electrolytic (1000/63V)
A-90,Integrated Amplifier,ACH-255,ACH-255,Electrolytic (22000/71V)
A-90,Integrated Amplifier,ACH-256,ACH-256,Electrolytic (22000/71V)
SX-50,Receiver,ACH-257,ACH-257,Electroiytic (8200/50)
SA-1040,Integrated Amplifier,ACH-259,ACH-259,Electrolytic capacitor(8200/56V)
SA-1050,Integrated Amplifier,ACH-259,ACH-259,Electrolytic capacitor(8200/56V)
SA-1040,Integrated Amplifier,ACH-260,ACH-260,"Electrolytic capacitor (10,000/80V)"
SA-1050,Integrated Amplifier,ACH-260,ACH-260,"Electrolytic capacitor (10,000/80V)"
A-60,Integrated Amplifier,ACH-263,ACH-263,CAPACITOR A60 (8200UF/56V)
A-60,Integrated Amplifier,ACH-264,ACH-264,CAPACITOR A60 (10000UF/80V)
A-717,Integrated Amplifier,ACH-268,ACH-268,CAP(12000/71V)A-80
A-80,Integrated Amplifier,ACH-268,ACH-268,"Electrolytic (12,000/71V)"
A-717,Integrated Amplifier,ACH-269,ACH-269,CAP(1000/100V)A-80
A-80,Integrated Amplifier,ACH-269,ACH-269,"Electrolytic (10,000/100V)"
TX-555Z,Tuner,ACH-389,ACH-389,CAPACITOR(3300/10V)TX555Z
A-717,Integrated Amplifier,ACH1045,ACH1045,CAPACITOR A717(22000/63V)
A-757,Integrated Amplifier,ACH1045,ACH1045,CAPACITOR A717(22000/63V)
A-91D,Integrated Amplifier,ACH1046,ACH1046,CAPACITOR A91(27000/80V)
QX-747,Receiver,ACK-005,ACK-005,CAPACITOR (ELE)
QX-747A,Receiver,ACK-005,ACK-005,CAPACITOR (ELE)
SX-450,Receiver,ACK-012,ACK-012,Tuning Capacitor
SX-550,Receiver,ACK-012,ACK-012,Tuning Capacitor
SX-580/590,Receiver,ACK-012,ACK-012,Tuning Capacitor
SX-650,Receiver,ACK-012,ACK-012,Tuning Capacitor
SX-680/690,Receiver,ACK-012,ACK-012,Tuning Capacitor
SX-780,Receiver,ACK-012,ACK-012,Tuning Capacitor
SX-880/890,Receiver,ACK-012,ACK-012,Tuning Capacitor
SX-750,Receiver,ACK-015,ACK-015,Tuning Capacitor
SX-1050,Receiver,ACK-016,ACK-016,Tuning Capacitor
SX-950,Receiver,ACK-016,ACK-016,Tuning Capacitor
SX-1080,Receiver,ACK-022,ACK-022,Tuning Capacitor
SX-1280,Receiver,ACK-022,ACK-022,Tuning Capacitor
SX-980,Receiver,ACK-022,ACK-022,Tuning Capacitor
TX-530,Tuner,ACK-027,ACK-027,VARIABLE CAPACITOR
SD-1100,Other,ACL-001-0,ACL-001,Oil paper capacitor 0.2uF 1.5kV
Exclusive M3,Amplifier,ACN-003-0,ACN-003,Wire wound 3.3 20W
Exclusive M3,Amplifier,ACN-003-0,ACN-003,Wire wound resistor 3.3 ohm 20W
A-27,Integrated Amplifier,ACN-020,ACN-020,RESISTOR
A-27,Integrated Amplifier,ACN-022,ACN-022,Wire wound resistor 10Ω 10W - S
A-27,Integrated Amplifier,ACN-022,ACN-022,Wire wound resistor 10Ω 10W - S/G
SX-1980,Receiver,ACN-026,ACN-026,Wire wound 360 10W
SX-1980,Receiver,ACN-027,ACN-027,Wire wound 470 10W
SX-3800,Receiver,ACN-029,ACN-029,Resistor 2.2M (KU)
SX-6,Receiver,ACN-029,ACN-029,Carbon composition resistor
SX-780,Receiver,ACN-029,ACN-029,Carbon composition resistor 2.2MΩ
SX-8,Receiver,ACN-029,ACN-029,"Carbon composition resistor (2.2M,1/2W) KU-type"
SX-880/890,Receiver,ACN-029,ACN-029,Carbon composition 2.2M/½W
SX-D5000,Receiver,ACN-029,ACN-029,Carbon composition resistor
SX-D5000,Receiver,ACN-029,ACN-029,Resistor (2.2M/½W) - KU
SA-9800,Integrated Amplifier,ACN-031,ACN-031,Wire wound 220/5W
SX-780,Receiver,ACN-031,ACN-031,Wire wound resistor 220Ω
SX-880/890,Receiver,ACN-031,ACN-031,Wire wound 220/5w
A-70,Integrated Amplifier,ACN-039,ACN-039,RESISTOR(.22 OHMS/2 WATTS)
SA-9800,Integrated Amplifier,ACN-044,ACN-044,Wire wound 150/5W
A-70,Integrated Amplifier,ACN-064,ACN-064,RESISTOR A70
SX-3800,Receiver,ACN-115,ACN-115,Resistor (4.7/10W)
SX-3700,Receiver,ACN-116,ACN-116,"Resistor (200Ω, 10w)"
SX-820,Receiver,ACN-116,ACN-116,"Resistor (200Ω, 10w)"
SX-3700,Receiver,ACN-117,ACN-117,"Resistor (82Ω, 5W)"
SX-820,Receiver,ACN-117,ACN-117,"Resistor (82Ω, 5W)"
A-71,Integrated Amplifier,ACN-130,ACN-130,RESISTOR(.47 OHMS/5 WATT X 2)
A-858,Integrated Amplifier,ACN-130,ACN-130,RESISTOR(.47 OHMS/5 WATT X 2)
A-40,Integrated Amplifier,ACN-131,ACN-131,RESISTOR(.22 OHMS/2 WATT X 2)
SX-202,Receiver,ACN-131,ACN-131,"Wire-wound (0.22x2,2W)"
A-60,Integrated Amplifier,ACN-139,ACN-139,RESISTOR(.33X2/5W)
A-717,Integrated Amplifier,ACN-139,ACN-139,RESISTOR(.33X2/5W)
SX-202,Receiver,ACN-140,ACN-140,"Carbon composition (2.2M, 1/2W)"
A-717,Integrated Amplifier,ACN-144,ACN-144,RESISTOR(150 OHMS/10 WATTS)
A-80,Integrated Amplifier,ACN-144,ACN-144,RESISTOR(150 OHMS/10 WATTS)
A-717,Integrated Amplifier,ACN-146,ACN-146,RESISTOR A-80 .22/5WX2
A-80,Integrated Amplifier,ACN-146,ACN-146,RESISTOR A-80 .22/5WX2
SX-50,Receiver,ACN-147,ACN-147,Wire wound (75/10W)
A-88X,Integrated Amplifier,ACN-190,ACN-190,Cement resistor
TX-7800,Tuner,ACP-025,ACP-025,Gain adj 33k
TX-7800,Tuner,ACP-025,ACP-025,Muting Level Adjust 33k
M-25,Amplifier,ACP-033,ACP-033,Input Level Control 470
TX-7800,Tuner,ACP-056,ACP-056,Pilot auto canceller adjust 22k
TX-7800,Tuner,ACP-057,ACP-057,Separation adjust 150
A-7,Integrated Amplifier,ACP-078,ACP-078,Variable-resistor (LEVEL ADJ)
C-72,Pre-Amplifier,ACS1061,ACS1061,"Variable resistor 250k X 2 (TREBLE, BASS)"
C-72,Pre-Amplifier,ACS1062,ACS1062,Variable resistor (BALANCE)
SD-1000,Other,ACT-001-0,ACT-001,"50k B,POSITION"
SD-1000,Other,ACT-001-0,ACT-001,"50k B,POSITION"
SD-1100,Other,ACT-001-0,ACT-001,Volume (Horiz position) 50k-B
SD-1100,Other,ACT-001-0,ACT-001,Volume (Vert position) 50k-B
SD-1000,Other,ACT-002-O,ACT-002,"250k A2, HORIZ GAIN"
SD-1000,Other,ACT-002-O,ACT-002,"250k A2, VERT GAIN"
SD-1100,Other,ACT-002-0,ACT-002,Volume (Horiz gain) 250k-A
SD-1100,Other,ACT-002-0,ACT-002,Volume (Vert gain) 250k-A
SD-1000,Other,ACT-003-O,ACT-003,"500k B,SWEEP VARIABLE"
SD-1100,Other,ACT-003-0,ACT-003,Volume (Sweep variable) 500k-B
QX-747,Receiver,ACT-008-0,ACT-008,Variable resistor 500k-B2 (level)
QX-747A,Receiver,ACT-008,ACT-008,Variable resistor 500k-B2 (LEFT FRONT)
QX-747A,Receiver,ACT-008,ACT-008,Variable resistor 500k-B2 (LEFT REAR)
QX-747A,Receiver,ACT-008,ACT-008,Variable resistor 500k-B2 (RIGHT FRONT)
QX-747A,Receiver,ACT-008,ACT-008,Variable resistor 500k-B2 (RIGHT REAR)
QX-949,Receiver,ACT-009-0,ACT-009,Variable resistor 250k-B2 (Level control)
QX-949,Receiver,ACT-009-0,ACT-009,Variable resistor 250k-B2 (Level control)
QX-949,Receiver,ACT-009-0,ACT-009,Variable resistor 250k-B2 (Level control)
QX-949,Receiver,ACT-009-0,ACT-009,Variable resistor 250k-B2 (Level control)
QX-949A,Receiver,ACT-009,ACT-009,Variable resistor 250k-B2 (LEVEL LEFT FRONT)
QX-949A,Receiver,ACT-009,ACT-009,Variable resistor 250k-B2 (LEVEL LEFT REAR)
QX-949A,Receiver,ACT-009,ACT-009,Variable resistor 250k-B2 (LEVEL RIGHT FRONT)
QX-949A,Receiver,ACT-009,ACT-009,Variable resistor 250k-B2 (LEVEL RIGHT REAR)
SX-580/590,Receiver,ACT-019,ACT-019,Variable resistor (BALANCE)
SX-680/690,Receiver,ACT-019,ACT-019,Variable resistor (BALANCE)
SX-780,Receiver,ACT-019,ACT-019,Variable 1M (BALANCE)
SX-880/890,Receiver,ACT-019,ACT-019,Variable resistor (BALANCE)
SA-420,Integrated Amplifier,ACT-021,ACT-021,Variable resistor (BALANCE)
SX-3700,Receiver,ACT-021,ACT-021,Variable resistor 1M (BALANCE)
SX-3800,Receiver,ACT-021,ACT-021,Variable resistor 1M (BALANCE)
SX-820,Receiver,ACT-021,ACT-021,Variable resistor 1M (BALANCE)
SX-600,Receiver,ACT-022,ACT-022,"Variable resistor (1M, BALANCE)"
SX-600L,Receiver,ACT-022,ACT-022,"Variable resistor (1M, BALANCE)"
SX-700,Receiver,ACT-022,ACT-022,"Variable resistor (1M, BALANCE)"
SX-700L,Receiver,ACT-022,ACT-022,"Variable resistor (1M, BALANCE)"
SX-3400,Receiver,ACT-023,ACT-023,Variable resistor 1M (BALANCE)
SX-3500,Receiver,ACT-023,ACT-023,Variable resistor 1M (BALANCE)
SX-3600/720,Receiver,ACT-023,ACT-023,Variable resistor 1M (BALANCE)
SX-4,Receiver,ACT-023,ACT-023,Variable resistor 1M (BALANCE)
SX-5,Receiver,ACT-023,ACT-023,Variable resistor 1M (BALANCE)
SA-530,Integrated Amplifier,ACT-027,ACT-027,Variable 100k (BALANCE)
SX-6,Receiver,ACT-028,ACT-028,Variable (BALANCE)
SX-7,Receiver,ACT-028,ACT-028,Variable resistor 100k (BALANCE)
QX-8000,Receiver,ACT-102-0,ACT-102,"500k HB, dual (BALANCE-FRONT)"
QX-8000,Receiver,ACT-102-0,ACT-102,"500k HB, dual (BALANCE-REAR)"
QX-8000A,Receiver,ACT-102-0,ACT-102,"500k HB, dual (BALANCE-FRONT)"
QX-8000A,Receiver,ACT-102-0,ACT-102,"500k HB, dual (BALANCE-REAR)"
SD-1100,Other,ACT-103-0,ACT-103,4 CH display volume (L) Dual 500k-B
SD-1100,Other,ACT-103-0,ACT-103,4 CH display volume (R) Dual 500k-B
SA-8100,Integrated Amplifier,ACT-104-0,ACT-104,Level control for AUX 2    100k-B2
SA-9100,Integrated Amplifier,ACT-104-0,ACT-104,Level control (100k-B2 x 2) AUX 2
SA-9100,Integrated Amplifier,ACT-104-0,ACT-104,Level control (100k-B2 x 2) SPEAKER B
SA-8100,Integrated Amplifier,ACT-105-A,ACT-105,Level control for PHONO 2   2k-B2
SA-8500,Integrated Amplifier,ACT-105-A,ACT-105,Variable resistor 2k-B (MIC/PHON0 2 LEVEL)
QX-646,Receiver,ACT-108-0,ACT-108,Potentiometer (CARRIER LEVEL CONTROL)10k-B
Exclusive M3,Amplifier,ACT-112-0,ACT-112,"Variable resistor, dual 20k-A(speaker A)"
Exclusive M3,Amplifier,ACT-112-0,ACT-112,"Variable resistor, dual 20k-A(speaker B)"
Exclusive M3,Amplifier,ACT-112-0,ACT-112,"Variable resistor, dual 20k-A(speaker C)"
SA-5800/508,Integrated Amplifier,ACT-117,ACT-117,Variable resistor 100k (BASS)
SA-5800/508,Integrated Amplifier,ACT-117,ACT-117,Variable resistor 100k (TREBLE)
SA-606,Integrated Amplifier,ACT-117,ACT-117,Variable resistor 100kΩ (BASS)
SA-606,Integrated Amplifier,ACT-117,ACT-117,Variable resistor 100kΩ (TREBLE)
SA-6700,Integrated Amplifier,ACT-117,ACT-117,Variable resistor 100kΩ (BASS)
SA-6700,Integrated Amplifier,ACT-117,ACT-117,Variable resistor 100kΩ (TREBLE)
SA-6800/608,Integrated Amplifier,ACT-117,ACT-117,Variable resistor (BASS)
SA-6800/608,Integrated Amplifier,ACT-117,ACT-117,Variable resistor (TREBLE)
SA-706,Integrated Amplifier,ACT-117,ACT-117,"Variable resistor (BASS, TREBLE)"
SA-708,Integrated Amplifier,ACT-117,ACT-117,"Variable resistor (BASS, TREBLE)"
SA-7700,Integrated Amplifier,ACT-117,ACT-117,"Variable resistor (BASS, TREBLE)"
SA-3000,Integrated Amplifier,ACT-118,ACT-118,Variable 500k (BALANCE)
SA-5800/508,Integrated Amplifier,ACT-118,ACT-118,Variable resistor 500k (BALANCE)
SA-606,Integrated Amplifier,ACT-118,ACT-118,Variable resistor 500kΩ-HB (BALANCE)
SA-6700,Integrated Amplifier,ACT-118,ACT-118,Variable resistor 500kΩ-HB (BALANCE)
SA-6800/608,Integrated Amplifier,ACT-118,ACT-118,Variable resistor (BALANCE)
SA-706,Integrated Amplifier,ACT-118,ACT-118,Variable resistor (BALANCE)
SA-708,Integrated Amplifier,ACT-118,ACT-118,Variable resistor (BALANCE)
SA-7700,Integrated Amplifier,ACT-118,ACT-118,Variable resistor (BALANCE)
F-28,Tuner,ACT-121,ACT-121,Variable resistor 10kΩ (OUTPUT LEVEL)
TX-7800,Tuner,ACT-121,ACT-121,Output level 10k dual
SA-3000,Integrated Amplifier,ACT-122,ACT-122,Variable 100k (BASS)
SA-3000,Integrated Amplifier,ACT-123,ACT-123,Variable 100k (TREBLE)
SA-420,Integrated Amplifier,ACT-126,ACT-126,Variable resistor (VOLUME)
SX-3700,Receiver,ACT-126,ACT-126,Variable resistor 250k (VOLUME)
SX-820,Receiver,ACT-126,ACT-126,Variable resistor 250k (VOLUME)
SA-420,Integrated Amplifier,ACT-127,ACT-127,Variable resistor (BASS)
SA-420,Integrated Amplifier,ACT-127,ACT-127,Variable resistor (TREBLE)
SA-710,Integrated Amplifier,ACT-127,ACT-127,"Variable resistor 100k (BASS, TREBLE)"
SX-3700,Receiver,ACT-127,ACT-127,Variable 100K (BASS)
SX-3700,Receiver,ACT-127,ACT-127,Variable 100K (TREBLE)
SX-820,Receiver,ACT-127,ACT-127,Variable 100K (BASS)
SX-820,Receiver,ACT-127,ACT-127,Variable 100K (TREBLE)
SX-3400,Receiver,ACT-128,ACT-128,Variable resistor 250k (VOLUME)
SX-3500,Receiver,ACT-128,ACT-128,Variable resistor 250k (VOLUME)
SX-3600/720,Receiver,ACT-128,ACT-128,Variable resistor 250k (VOLUME)
SX-4,Receiver,ACT-128,ACT-128,Variable 250k (VOLUME)
SX-5,Receiver,ACT-128,ACT-128,Variable resistor 250k (VOLUME)
SX-600,Receiver,ACT-128,ACT-128,"Variable resistor (250k, VOLUME)"
SX-600L,Receiver,ACT-128,ACT-128,"Variable resistor (250k, VOLUME)"
SX-700,Receiver,ACT-128,ACT-128,"Variable resistor (250k, VOLUME)"
SX-700L,Receiver,ACT-128,ACT-128,"Variable resistor (250k, VOLUME)"
SX-3400,Receiver,ACT-129,ACT-129,"Variable resistor 100k (BASS, TREBLE)"
SX-600,Receiver,ACT-129,ACT-129,"Variable resistor (100k, BASS, TREBLE)"
SX-600L,Receiver,ACT-129,ACT-129,"Variable resistor (100k, BASS, TREBLE)"
SX-700,Receiver,ACT-129,ACT-129,"Variable resistor (100k, BASS, TREBLE)"
SX-700L,Receiver,ACT-129,ACT-129,"Variable resistor (100k, BASS, TREBLE)"
SA-710,Integrated Amplifier,ACT-130,ACT-130,Variable resistor 500k (BALANCE)
A-88X,Integrated Amplifier,ACT-132,ACT-132,Variable resistor 68k (VOLUME)
SX-3900,Receiver,ACT-133,ACT-133,2-gang variable resistor (BALANCE)
SX-3900,Receiver,ACT-134,ACT-134,2-gang variable resistor (BASS)
SX-3900,Receiver,ACT-134,ACT-134,2-gang variable resistor (TREBLE)
SX-3800,Receiver,ACT-135,ACT-135,Variable 10k (BASS)
SX-3800,Receiver,ACT-136,ACT-136,Variable 10k (TREBLE)
SX-6,Receiver,ACT-138,ACT-138,Variable (BASS)
SX-7,Receiver,ACT-138,ACT-138,Variable resistor 100k (BASS)
SX-6,Receiver,ACT-139,ACT-139,Variable (TREBLE)
SX-7,Receiver,ACT-139,ACT-139,Variable resistor 100k (TREBLE)
A-5,Integrated Amplifier,ACT-140,ACT-140,CONTROL(BASS/TREBLE)
A-6,Integrated Amplifier,ACT-140,ACT-140,Variable resistor 100K (BASS)
A-6,Integrated Amplifier,ACT-140,ACT-140,Variable resistor 100K (TREBLE)
SX-3500,Receiver,ACT-140,ACT-140,"Variable resistor 150k (BASS, TREBLE)"
SX-3600/720,Receiver,ACT-140,ACT-140,"Variable resistor 100k (BASS, TREBLE)"
SX-4,Receiver,ACT-140,ACT-140,Variable resistor 100k (BASS)
SX-4,Receiver,ACT-140,ACT-140,Variable resistor 100k (TREBLE)
SX-5,Receiver,ACT-140,ACT-140,Variable resistor 100k (BASS)
SX-5,Receiver,ACT-140,ACT-140,Variable resistor 100k (TREBLE)
A-7,Integrated Amplifier,ACT-143,ACT-143,Variable 10k (BALANCE)
A-8,Integrated Amplifier,ACT-143,ACT-143,Variable 10k (BALANCE)
A-7,Integrated Amplifier,ACT-144,ACT-144,Variable 100k (BASS)
A-7,Integrated Amplifier,ACT-144,ACT-144,Variable 100k (TREBLE)
A-70,Integrated Amplifier,ACT-145,ACT-145,Variable dual 250k (BALANCE)
SA-930,Integrated Amplifier,ACT-148,ACT-148,Variable resistor (BALANCE)
SA-530,Integrated Amplifier,ACT-149,ACT-149,"Variable 100k (BASS,TREBLE)"
SA-530,Integrated Amplifier,ACT-149,ACT-149,Variable resistor (BASS)
SA-530,Integrated Amplifier,ACT-149,ACT-149,Variable resistor (TREBLE)
SA-930,Integrated Amplifier,ACT-149,ACT-149,Variable resistor (BASS)
SA-930,Integrated Amplifier,ACT-149,ACT-149,Variable resistor (TREBLE)
SX-202,Receiver,ACT-162,ACT-162,Volume (250k)
A-90,Integrated Amplifier,ACT-163,ACT-163,"Volume (100k, BASS)"
A-90,Integrated Amplifier,ACT-163,ACT-163,"Volume (10k,TREBLE)"
A-90,Integrated Amplifier,ACT-166,ACT-166,"Volume (10k, BALANCE)"
SA-1040,Integrated Amplifier,ACT-168,ACT-168,Variable resistor 100k (TREBLE)
SA-1050,Integrated Amplifier,ACT-168,ACT-168,Variable resistor 100k (TREBLE)
SA-940,Integrated Amplifier,ACT-168,ACT-168,Variable resistor 100k (TREBLE)
SA-950,Integrated Amplifier,ACT-168,ACT-168,Variable resistor 100k (TREBLE)
SA-1040,Integrated Amplifier,ACT-169,ACT-169,Variable resistor 100k (BASS)
SA-1050,Integrated Amplifier,ACT-169,ACT-169,Variable resistor 100k (BASS)
SA-940,Integrated Amplifier,ACT-169,ACT-169,Variable resistor 100k (BASS)
SA-950,Integrated Amplifier,ACT-169,ACT-169,Variable resistor 100k (BASS)
SA-1040,Integrated Amplifier,ACT-170,ACT-170,Variable resistor 100k (BALANCE)
SA-1050,Integrated Amplifier,ACT-170,ACT-170,Variable resistor 100k (BALANCE)
SA-940,Integrated Amplifier,ACT-170,ACT-170,Variable resistor 250k (BALANCE)
SA-950,Integrated Amplifier,ACT-170,ACT-170,Variable resistor 250k (BALANCE)
SA-1040,Integrated Amplifier,ACT-171,ACT-171,Variable resistor 100k (VOLUME)
SA-1050,Integrated Amplifier,ACT-171,ACT-171,Variable resistor 100k (VOLUME)
SA-940,Integrated Amplifier,ACT-171,ACT-171,Variable resistor 100k (VOLUME)
SA-950,Integrated Amplifier,ACT-171,ACT-171,Variable resistor 100k (VOLUME)
A-60,Integrated Amplifier,ACT-177,ACT-177,Variable resistor dual 100k (BASS)
A-60,Integrated Amplifier,ACT-177,ACT-177,Variable resistor dual 100k (TREBLE)
A-77X,Integrated Amplifier,ACT-179,ACT-179,Varable resistor 250k (BALANCE)
A-80,Integrated Amplifier,ACT-179,ACT-179,Volume resistor 250k (BALANCE)
A-88X,Integrated Amplifier,ACT-179,ACT-179,Variable resistor 250k (BALANCE)
A-80,Integrated Amplifier,ACT-180,ACT-180,"Variable resistor 100k (TREBLE, BASS)"
A-60,Integrated Amplifier,ACT-184,ACT-184,Variable resistor dual 250k (BALANCE)
SG-90,Equalizer,ACT-185,ACT-185,Variable 10k (INPUT LEVEL)
RG-60,Dynamic Range Expander,ACT-187,ACT-187,Variable 100k (INPUT)
A-88X,Integrated Amplifier,ACT-189,ACT-189,"Variable 50k-X2 (TREBLE, BASS)"
A-66X,Integrated Amplifier,ACT-190,ACT-190,"(TONE BASS,TREBLE)"
A-77X,Integrated Amplifier,ACT-190,ACT-190,"Variable resistor (TREBLE, BASS)"
A-66X,Integrated Amplifier,ACT-200,ACT-200,(MAIN VOLUME)
SX-60,Receiver,ACT-209,ACT-209,"Variable 250k, 50k X 2 (VOLUME, BALANCE)"
SX-50,Receiver,ACT-210,ACT-210,"100k x 2,50k (VOLUME, BALANCE)"
QX-8000,Receiver,ACT-301-A,ACT-301,"500k HB, 4-gang (BALANCE-FRONT/REAR)"
QX-8000A,Receiver,ACT-301-A,ACT-301,"500k HB, 4-gang (BALANCE-FRONT/REAR)"
SA-9100,Integrated Amplifier,ACT-302-A,ACT-302,Level control (10k-B2 x 2 / 2.2k-B2 x 2)  PHONO 2
SA-9500,Integrated Amplifier,ACT-304-0,ACT-304,Impedance selection 233kΩ (PHONO 2 IMPEDANCE)
SA-9900,Integrated Amplifier,ACT-304-0,ACT-304,Variable Resistor (PHONO 2/MIC LEVEL) 4-gang 2K-HB/10K-HB
SPEC-1,Pre-Amplifier,ACT-305,ACT-305,"Variable resistor 10kΩ-HB, 2kΩ-HB (PHONO 2 LEVEL)"
SD-1000,Other,ACT-501-O,ACT-501,"5k A2, FREQUENCY"
SD-1100,Other,ACT-501-0,ACT-501,Volume (Frequency) 5k-A
SD-1000,Other,ACT-502-O,ACT-502,"10k B,OSC LEVEL"
SD-1100,Other,ACT-502-0,ACT-502,Volume (Osc level) 10k-B
QD-240,Other,ACT-503,ACT-503,CONTROL(SEPARATION)
A-9,Integrated Amplifier,ACT-507,ACT-507,Variable resistor with switch (BALANCE)
SX-202,Receiver,ACT-602,ACT-602,"Volume assembly (100kx2,1M)"
A-7,Integrated Amplifier,ACT-706,ACT-706,Variable (VOLUME)
A-858,Integrated Amplifier,ACT1053,ACT1053,Variable resistor (BALANCE) (250k×2)
A-858,Integrated Amplifier,ACT1054,ACT1054,"Variable resistor (BASS, TREBLE) (100k-20A×2)"
GR-551,Equalizer,ACU1017,ACU1017,Slide variable resistor (GRAPHIC EQUALIZER)
GR-555,Equalizer,ACU1017,ACU1017,Slide variable resistor (GRAPHIC EQUALIZER)
QX-646,Receiver,ACV -013-0,ACV -013,L channel separation control (CD-4) 10k-C
SA-8800,Integrated Amplifier,ACV 199,ACV 199,Variable resistor (TREBLE)
SR-202W,Reverb,ACV-001-0,ACV-001,50kΩ Reverberation time control
SD-1000,Other,ACV-002-O,ACV-002,"1M B,INTENSITY"
SD-1100,Other,ACV-002-0,ACV-002,Volume (Focus) 250k-B
SD-1000,Other,ACV-003-0,ACV-003,"250k B, FOCUS"
SD-1100,Other,ACV-003-0,ACV-003,Volume (Intensity) 100k-B
QA-800,Integrated Amplifier,ACV-004-0,ACV-004,"Level control, 500k-B (CH.1)"
QA-800,Integrated Amplifier,ACV-004-0,ACV-004,"Level control, 500k-B (CH.2)"
QA-800,Integrated Amplifier,ACV-004-0,ACV-004,"Level control, 500k-B (CH.3)"
QA-800,Integrated Amplifier,ACV-004-0,ACV-004,"Level control, 500k-B (CH.4)"
QC-800,Pre-Amplifier,ACV-004-0,ACV-004,"LEVEL control, 500k-B (CH.1)"
QC-800,Pre-Amplifier,ACV-004-0,ACV-004,"LEVEL control, 500k-B (CH.2)"
QC-800,Pre-Amplifier,ACV-004-0,ACV-004,"LEVEL control, 500k-B (CH.3)"
QC-800,Pre-Amplifier,ACV-004-0,ACV-004,"LEVEL control, 500k-B (CH.4)"
QL-600,Integrated Amplifier,ACV-005-0,ACV-005,LEVEL Control 250k-B (CH.1)
QL-600,Integrated Amplifier,ACV-005-0,ACV-005,LEVEL Control 250k-B (CH.2)
QL-600,Integrated Amplifier,ACV-005-0,ACV-005,LEVEL Control 250k-B (CH.3)
QL-600,Integrated Amplifier,ACV-005-0,ACV-005,LEVEL Control 250k-B (CH.4)
QL-600A,Integrated Amplifier,ACV-005-0,ACV-005,"250k-B, level control"
QL-600A,Integrated Amplifier,ACV-005-0,ACV-005,"250k-B, level control"
QL-600A,Integrated Amplifier,ACV-005-0,ACV-005,"250k-B, level control"
QL-600A,Integrated Amplifier,ACV-005-0,ACV-005,"250k-B, level control"
QA-800A,Integrated Amplifier,ACV-007-0,ACV-007,"Level control, 500k-B (CH.1)"
QA-800A,Integrated Amplifier,ACV-007-0,ACV-007,"Level control, 500k-B (CH.2)"
QA-800A,Integrated Amplifier,ACV-007-0,ACV-007,"Level control, 500k-B (CH.3)"
QA-800A,Integrated Amplifier,ACV-007-0,ACV-007,"Level control, 500k-B (CH.4)"
QC-800A,Pre-Amplifier,ACV-007-0,ACV-007,"LEVEL control, 500k-B (CH.1)"
QC-800A,Pre-Amplifier,ACV-007-0,ACV-007,"LEVEL control, 500k-B (CH.2)"
QC-800A,Pre-Amplifier,ACV-007-0,ACV-007,"LEVEL control, 500k-B (CH.3)"
QC-800A,Pre-Amplifier,ACV-007-0,ACV-007,"LEVEL control, 500k-B (CH.4)"
QX-4000,Receiver,ACV-008-0,ACV-008,"500k-B, balance (FRONT)"
QX-4000,Receiver,ACV-008-0,ACV-008,"500k-B, balance (REAR)"
QX-646,Receiver,ACV-008,ACV-008,"CONTROL(BALANCE ""FRONT""/""REAR"")"
SPEC-2,Amplifier,ACV-009,ACV-009,Variable resistor 100k-B (LEFT LEVEL)
SPEC-2,Amplifier,ACV-009,ACV-009,Variable resistor 100k-B (RIGHT LEVEL)
TX-7100,Tuner,ACV-009-0,ACV-009,Potentiometer 100k-B2 (AM)
TX-8100,Tuner,ACV-009-0,ACV-009,Potentiometer (AM LEVEL) 100k-B2
TX-6200,Tuner,ACV-011-0,ACV-011,AM LEVEL 10k-A2
QX-646,Receiver,ACV-013-0,ACV-013,R channel separation control (CD-4) 10k-C
QX-747,Receiver,ACV-014-0,ACV-014,Variable resistor 10kΩ-C (separation-L)
QX-747,Receiver,ACV-014-0,ACV-014,Variable resistor 10kΩ-C (separation-R)
QX-949,Receiver,ACV-014-0,ACV-014,Variable resistor 10k-C (CD4 separation)
QX-949,Receiver,ACV-014-0,ACV-014,Variable resistor 10k-C (CD4 separation)
QX-747A,Receiver,ACV-017,ACV-017,Variable resistor 3k-B (CD-4 SEPARATION LEFT)
QX-747A,Receiver,ACV-017,ACV-017,Variable resistor 3k-B (CD-4 SEPARATION RIGHT)
QX-949A,Receiver,ACV-017,ACV-017,Variable resistor 3k-B (CD-4 SEPARATION LEFT)
QX-949A,Receiver,ACV-017,ACV-017,Variable resistor 3k-B (CD-4 SEPARATION RIGHT)
C-21,Pre-Amplifier,ACV-019,ACV-019,"Variable resistor 1kΩ, 22-step (GAIN)"
SX-450,Receiver,ACV-020,ACV-020,Variable resistor (BALANCE)
SPEC-4,Amplifier,ACV-021,ACV-021,Variable resistor 100kΩ ( RIGHT LEVEL)
SPEC-4,Amplifier,ACV-021,ACV-021,Variable resistor 100kΩ LEFT (LEVEL)
SX-626 (1971),Receiver,ACV-103-0,ACV-103,500k-B1 dual (Volume)
SX-626 (1973),Receiver,ACV-103-0,ACV-103,Variable resistor 500k-B1 (Volume)
SX-626 (1971),Receiver,ACV-104-0,ACV-104,500k-HB dual (Balance)
SX-626 (1973),Receiver,ACV-104-0,ACV-104,Variable resistor 500k-H B (Balance)
SX-525,Receiver,ACV-105-0,ACV-105,"Dual, volume"
SX-727,Receiver,ACV-105-0,ACV-105,Dual  500k-B (Volume)
SX-828,Receiver,ACV-105-0,ACV-105,"500k, dual, Volume"
SX-525,Receiver,ACV-106-0,ACV-106,"Dual, balance"
QX-4000,Receiver,ACV-109-0,ACV-109,"500k-B, dual, balance (FRONT/REAR)"
QX-646,Receiver,ACV-109,ACV-109,CONTROL(BALANCE)
QX-747,Receiver,ACV-110-0,ACV-110,Variable Resistor 10k-B (TREBLE/BASS)
QX-747A,Receiver,ACV-110,ACV-110,"Variable resistor 100k-B, dual (FRONT BASS)"
QX-747A,Receiver,ACV-110,ACV-110,"Variable resistor 100k-B, dual (FRONT TREBLE)"
QX-747A,Receiver,ACV-110,ACV-110,"Variable resistor 100k-B, dual (REAR BASS)"
QX-747A,Receiver,ACV-110,ACV-110,"Variable resistor 100k-B, dual (REAR TREBLE)"
QX-949,Receiver,ACV-110-0,ACV-110,Variable resistor dual 100K-B (FRONT BASS)
QX-949,Receiver,ACV-110-0,ACV-110,Variable resistor dual 100K-B (FRONT TREBLE)
QX-949,Receiver,ACV-110-0,ACV-110,Variable resistor dual 100K-B (REAR BASS)
QX-949,Receiver,ACV-110-0,ACV-110,Variable resistor dual 100K-B (REAR TREBLE)
QX-949A,Receiver,ACV-110,ACV-110,"Variable resistor 100k-B, dual (FRONT BASS)"
QX-949A,Receiver,ACV-110,ACV-110,"Variable resistor 100k-B, dual (FRONT TREBLE)"
QX-949A,Receiver,ACV-110,ACV-110,"Variable resistor 100k-B, dual (REAR BASS)"
QX-949A,Receiver,ACV-110,ACV-110,"Variable resistor 100k-B, dual (REAR TREBLE)"
QX-949A,Receiver,ACV-110-0,ACV-110,Variable resistor dual 100k-B  (FRONT BASS)
QX-949A,Receiver,ACV-110-0,ACV-110,Variable resistor dual 100k-B  (REAR BASS)
QX-949A,Receiver,ACV-110-0,ACV-110,Variable resistor dual 100k-B (FRONT TREBLE)
QX-949A,Receiver,ACV-110-0,ACV-110,Variable resistor dual 100k-B (REAR TREBLE)
SA-7100,Integrated Amplifier,ACV-110-0,ACV-110,100k-B Bass control
SA-7100,Integrated Amplifier,ACV-110-0,ACV-110,100k-B Treble control
SA-7100,Integrated Amplifier,ACV-111-B,ACV-111,Balance control 250k-AC
SA-8100,Integrated Amplifier,ACV-111-B,ACV-111,Balance control  250k(HB)
SA-9100,Integrated Amplifier,ACV-111-A,ACV-111,Balance control 250k-HB
SX-434,Receiver,ACV-111-B,ACV-111,Variable resistor 250k-HB (Balance)
SA-7100,Integrated Amplifier,ACV-112-0,ACV-112,VOLUME control. 250k-B1
TX-710,Tuner,ACV-113,ACV-113,CONTROL(FM OUTPUT/HEADPHONE LEV
TX-7100,Tuner,ACV-113-0,ACV-113,Potentiometer (dual - FM LEVEL) 100k-B2
TX-8100,Tuner,ACV-113-0,ACV-113,Potentiometer (dual - FM LEVEL) 100k-B2
TX-8100,Tuner,ACV-113-0,ACV-113,Potentiometer (dual - HEADPHONE) 100k-B2
TX-9500,Tuner,ACV-113-0,ACV-113,Dual control 100kΩ-B2 (OUTPUT)
TX-9100,Tuner,ACV-115-0,ACV-115,"Potentiometer (dual) 100k-B2. (OUTPUT LEVEL - AM,FM,PHONES)"
SA-5200,Integrated Amplifier,ACV-117-0,ACV-117,Volume control(250k-B1)
SA-5200,Integrated Amplifier,ACV-118-0,ACV-118,"Potentiometer, dual (100k-A2) Bass"
SA-5200,Integrated Amplifier,ACV-118-0,ACV-118,"Potentiometer, dual (100k-A2) Treble"
TX-6200,Tuner,ACV-119-0,ACV-119,FM LEVEL 10k-A2
QX-747,Receiver,ACV-122-0,ACV-122,Variable resistor 10kΩ-B2 (carrier level)
QX-949,Receiver,ACV-122-0,ACV-122,Variable resistor 10k-B2 dual (Carrier level)
SX-434,Receiver,ACV-124-0,ACV-124,Variable resistor 250k-B1 (Volume)
SR-303,Reverb,ACV-125,ACV-125,Variable resistor (DEPTH)
SA-5500II,Integrated Amplifier,ACV-126,ACV-126,Variable resistor (BALANCE)
SX-550,Receiver,ACV-126,ACV-126,Variable resistor (BALANCE)
SX-1010,Receiver,ACV-130-0,ACV-130,Variable resistor (Bass-main)
SX-939,Receiver,ACV-130-0,ACV-130,Variable resistor (Bass-main)
SX-1010,Receiver,ACV-131-0,ACV-131,Variable resistor (Treble-main)
SX-939,Receiver,ACV-131-0,ACV-131,Variable resistor (Treble-main)
SX-1010,Receiver,ACV-132-0,ACV-132,Variable resistor (Bass-sub)
SX-939,Receiver,ACV-132-0,ACV-132,Variable resistor (Bass-sub]
SX-1010,Receiver,ACV-133-0,ACV-133,Variable resistor (Treble-sub)
SX-939,Receiver,ACV-133-0,ACV-133,Variable resistor (Treble-sub]
SX-1010,Receiver,ACV-134-0,ACV-134,Variable resistor 250k-B1 (Volume)
SX-737,Receiver,ACV-134-0,ACV-134,Variable resistor 250k-B1 (volume)
SX-838,Receiver,ACV-134-0,ACV-134,Variable resistor 250k-B1 (Volume)
SX-939,Receiver,ACV-134-0,ACV-134,Variable resistor 250k-B1 (Volume)
SA-6500,Integrated Amplifier,ACV-135,ACV-135,Variable 250k-HB (BALANCE)
SA-6500II,Integrated Amplifier,ACV-135,ACV-135,Variable 250k-HB (BALANCE)
SA-7500II,Integrated Amplifier,ACV-135,ACV-135,Variable resistor 100k-HB (BALANCE)
SX-1010,Receiver,ACV-135-0,ACV-135,Variable resistor 250k-HB (Balance)
SX-535,Receiver,ACV-135-0,ACV-135,Variable resistor  250k-HB (BALANCE)
SX-636,Receiver,ACV-135-0,ACV-135,Variable resistor 250k-HB (BALANCE)
SX-650,Receiver,ACV-135,ACV-135,Variable resistor (BALANCE)
SX-737,Receiver,ACV-135-0,ACV-135,Variable resistor 250k-HB (balance)
SX-750,Receiver,ACV-135,ACV-135,Variable resistor (BALANCE)
SX-838,Receiver,ACV-135-0,ACV-135,Variable resistor 250k-HB (Balance)
SX-939,Receiver,ACV-135-0,ACV-135,Variable resistor 250k-HB (Balance)
SA-7500,Integrated Amplifier,ACV-136-0,ACV-136,Variable resistor (BASS) 100kΩ-B
SA-7500,Integrated Amplifier,ACV-136-0,ACV-136,Variable resistor (TREBLE) 100kΩ.-B
SA-8500II,Integrated Amplifier,ACV-136,ACV-136,Variable resistor (BASS)
SA-8500II,Integrated Amplifier,ACV-136,ACV-136,Variable resistor (TREBLE)
SX-1080,Receiver,ACV-136,ACV-136,"Variable resistor (BASS, TREBLE)"
SX-636,Receiver,ACV-136-0,ACV-136,Variable resistor 100k-B (BASS)
SX-636,Receiver,ACV-136-0,ACV-136,Variable resistor 100k-B (TREBLE)
SX-737,Receiver,ACV-136-0,ACV-136,Variable resistor 100k-B(bass)
SX-737,Receiver,ACV-136-0,ACV-136,Variable resistor 100k-B(treble]
SX-838,Receiver,ACV-136-0,ACV-136,Variable resistor (100k-B) Bass
SX-838,Receiver,ACV-136-0,ACV-136,Variable resistor (100k-B) Treble
SX-850,Receiver,ACV-136,ACV-136,Variable resistor 100k-B (BASS)
SX-850,Receiver,ACV-136,ACV-136,Variable resistor 100k-B (TREBLE)
SX-950,Receiver,ACV-136,ACV-136,"Variable resistor (100k-B, TREBLE)"
SX-950,Receiver,ACV-136,ACV-136,"Variable resistor(100k-B, BASS)"
SX-980,Receiver,ACV-136,ACV-136,Variable resistor (BASS)
SX-980,Receiver,ACV-136,ACV-136,Variable resistor (TREBLE)
SX-434,Receiver,ACV-137-0,ACV-137,Variable resistor 100k-A2 (Bass)
SX-434,Receiver,ACV-137-0,ACV-137,Variable resistor 100k-A2 (Treble)
SA-7500II,Integrated Amplifier,ACV-138,ACV-138,Variable resistor 100k-A (BASS)
SA-7500II,Integrated Amplifier,ACV-138,ACV-138,Variable resistor 100k-A (TREBLE)
SX-535,Receiver,ACV-138-0,ACV-138,Variable resistor  100k-A2 (BASS)
SX-535,Receiver,ACV-138-0,ACV-138,Variable resistor  100k-A2 (TREBLE)
SX-550,Receiver,ACV-138,ACV-138,"Variable resistor (BASS, TREBLE)"
SX-750,Receiver,ACV-138,ACV-138,Variable resistor (BASS)
SX-750,Receiver,ACV-138,ACV-138,Variable resistor (TREBLE)
SX-535,Receiver,ACV-139-0,ACV-139,Variable resistor  250k-B1 (VOLUME)
SX-636,Receiver,ACV-139-0,ACV-139,Variable resistor 250k-B1 (VOLUME)
A-7,Integrated Amplifier,ACV-143,ACV-143,Variable (BALANCE)
SA-6500,Integrated Amplifier,ACV-143,ACV-143,Variable resistor 100kΩ-A (BASS)
SA-6500,Integrated Amplifier,ACV-143,ACV-143,Variable resistor 100kΩZ-A (TREBLE)
SA-6500II,Integrated Amplifier,ACV-143,ACV-143,Variable resistor 100kΩ-A (BASS)
SA-6500II,Integrated Amplifier,ACV-143,ACV-143,Variable resistor 100kΩ-A (TREBLE)
SA-9500,Integrated Amplifier,ACV-144-A,ACV-144,Variable resistor (VOLUME)
SA-9900,Integrated Amplifier,ACV-144-A,ACV-144,Variable resistor - VOLUME (Early production?)
SA-9900,Integrated Amplifier,ACV-145-0,ACV-145,Variable Resistor 50K-AC (BALANCE)
SPEC-1,Pre-Amplifier,ACV-145,ACV-145,Variable resistor 50kΩ-AC (BALANCE)
SA-9500,Integrated Amplifier,ACV-146-A,ACV-146,Variable resistor 2kΩ-HB / 10kΩ-HB (PHONO 2/MIC LEVEL)
SA-9900,Integrated Amplifier,ACV-146-0,ACV-146,Impedance Selector 233K (PHONO 2 IMPEDANCE)
SA-9500,Integrated Amplifier,ACV-148-0,ACV-148,Variable resistor (BALANCE) 250kΩ-HB
SA-8500,Integrated Amplifier,ACV-149-A,ACV-149,Switch type variable resistor (SUB TREBLE)
SA-8500,Integrated Amplifier,ACV-150-A,ACV-150,Switch type variable resistor (MAIN TREBLE)
SA-8500,Integrated Amplifier,ACV-151-A,ACV-151,Switch type variable resistor (MAIN BASS)
SA-8500,Integrated Amplifier,ACV-152-A,ACV-152,Switch type variable resistor (SUB BASS)
SA-6500,Integrated Amplifier,ACV-154,ACV-154,Variable resistor 100kΩZ-A (VOLUME)
SA-6500II,Integrated Amplifier,ACV-154,ACV-154,Variable resistor 100kΩ-A (VOLUME)
RG-1,Dynamic Range Expander,ACV-155,ACV-155,"Variable resistor 100k-B2, dual (INPUT LEVEL)"
RG-2,Dynamic Range Expander,ACV-155,ACV-155,Variable resistor 100k-B (INPUT LEVEL)
RG-9,Dynamic Range Expander,ACV-155,ACV-155,CONTROL(INPUT LEVEL)
SX-650,Receiver,ACV-159,ACV-159,Variable resistor (BASS)
SX-650,Receiver,ACV-160,ACV-160,Variable resistor (TREBLE)
SX-450,Receiver,ACV-161,ACV-161,Variable resistor (VOLUME)
SX-550,Receiver,ACV-161,ACV-161,Variabie resistor (VOLUME)
SX-580/590,Receiver,ACV-161,ACV-161,Variable resistor (VOLUME)
SX-680/690,Receiver,ACV-161,ACV-161,Variable resistor (VOLUME)
SX-780,Receiver,ACV-161,ACV-161,Variable 100k-B (VOLUME)
SX-880/890,Receiver,ACV-161,ACV-161,Variable resistor (VOLUME)
SA-7500II,Integrated Amplifier,ACV-162,ACV-162,Variable resistor 100k 32 step (VOLUME)
SX-1080,Receiver,ACV-162,ACV-162,Variable resistor (VOLUME)
SX-980,Receiver,ACV-162,ACV-162,Variable resistor (VOLUME)
SX-1050,Receiver,ACV-163,ACV-163,Variable resistor (BALANCE) 100kΩ-HB
SX-1250,Receiver,ACV-163,ACV-163,Variable (100k-HB BALANCE)
SX-850,Receiver,ACV-163,ACV-163,Variable resistor 100k-HB (BALANCE)
SX-950,Receiver,ACV-163,ACV-163,Variable resistor (100k-HB/ BALANCE)
SX-850,Receiver,ACV-164,ACV-164,Variable resistor 50k-B2 (VOLUME)
SX-950,Receiver,ACV-164,ACV-164,Variabie resistor (50k-B2/VOLUME)
SX-1050,Receiver,ACV-165,ACV-165,Variable resistor (BASS 50Hz) 102kΩ
SX-1250,Receiver,ACV-165,ACV-165,"Variable resistor (102k, 5-step, BASS 50Hz)"
SX-1050,Receiver,ACV-166,ACV-166,Variable resistor (BASS 100Hz) 102.6kΩ
SX-1250,Receiver,ACV-166,ACV-166,"Variable resistor (102.6k, 11-step, BASS 100Hz)"
SX-1050,Receiver,ACV-167,ACV-167,Variable resistor (TREBLE 10kHz) 99kΩ
SX-1250,Receiver,ACV-167,ACV-167,"Variable resistor (99k,11-step,TREBLE 10kHz)"
SX-1050,Receiver,ACV-168,ACV-168,Variable resistor (TREBLE 20kHz) 102kΩ
SX-1250,Receiver,ACV-168,ACV-168,"Variable resistor (102k, 5-step, TREBLE 20kHz)"
SX-1050,Receiver,ACV-169,ACV-169,Variable resistor (VOLUME) 50kΩ
SX-1250,Receiver,ACV-169,ACV-169,Variable (50k-B2 VOLUME)
SA-8500II,Integrated Amplifier,ACV-171,ACV-171,Variable resisior (VOLUME)
SA-9500II,Integrated Amplifier,ACV-171,ACV-171,Variable resistor 100k 32-step (VOLUME)
SA-8500II,Integrated Amplifier,ACV-172,ACV-172,Variable resistor (BALANCE)
SA-9500II,Integrated Amplifier,ACV-172,ACV-172,Variable resistor (BALANCE)
SA-9500II,Integrated Amplifier,ACV-173,ACV-173,Variable resistor (TREBLE 20kHz)
SA-9500II,Integrated Amplifier,ACV-174,ACV-174,Variable resistor (TREBLE 10kHz)
SA-9500II,Integrated Amplifier,ACV-175,ACV-175,Variable resistor (BASS 100Hz)
SA-9500II,Integrated Amplifier,ACV-176,ACV-176,Variable resistor (BASS 50Hz)
C-21,Pre-Amplifier,ACV-177,ACV-177,"Variable resistor 100kΩZ, 32-step (VOLUME)"
TX-8500II,Tuner,ACV-178,ACV-178,Variable resistor 10k (OUTPUT LEVEL)
TX-9500II,Tuner,ACV-178,ACV-178,Variable resistor 10k (OUTPUT LEVEL)
SX-650,Receiver,ACV-179,ACV-179,Variable resistor 100k (VOLUME)
SX-750,Receiver,ACV-179,ACV-179,Variable resistor 100k (VOLUME)
SX-450,Receiver,ACV-180,ACV-180,Variable resistor (BASS)
SX-450,Receiver,ACV-180,ACV-180,Variable resistor (TREBLE)
SA-5500II,Integrated Amplifier,ACV-181,ACV-181,Variable resistor (VOLUME)
SA-708,Integrated Amplifier,ACV-181,ACV-181,Variable resistor (VOLUME)
SA-710,Integrated Amplifier,ACV-181,ACV-181,Variable resistor 100k (VOLUME)
SX-3800,Receiver,ACV-181,ACV-181,Variable resistor 100k (VOLUME)
SA-5500II,Integrated Amplifier,ACV-182,ACV-182,Variable resistor (BASS)
SA-5500II,Integrated Amplifier,ACV-182,ACV-182,Variable resistor (TREBLE)
SA-3000,Integrated Amplifier,ACV-184,ACV-184,Variable 250k (VOLUME)
SA-5800/508,Integrated Amplifier,ACV-184,ACV-184,Variable resistor 250k (VOLUME)
SA-606,Integrated Amplifier,ACV-184,ACV-184,Variable resistor 250kΩ (VOLUME)
SA-6700,Integrated Amplifier,ACV-184,ACV-184,Variable resistor 250kΩ (VOLUME)
SA-6800/608,Integrated Amplifier,ACV-184,ACV-184,Variable resistor (VOLUME)
SA-706,Integrated Amplifier,ACV-184,ACV-184,Variable resistor (VOLUME)
SA-7700,Integrated Amplifier,ACV-184,ACV-184,Variable resistor (VOLUME)
SX-580/590,Receiver,ACV-186,ACV-186,Variable resistor (BASS)
SX-580/590,Receiver,ACV-186,ACV-186,Variable resistor (TREBLE)
SX-680/690,Receiver,ACV-186,ACV-186,"Variable resistor (BASS, TREBLE)"
SA-7800,Integrated Amplifier,ACV-187,ACV-187,Variable resistor (BALANCE)
SA-8800,Integrated Amplifier,ACV-187,ACV-187,Variable resistor (BALANCE)
SA-9800,Integrated Amplifier,ACV-187,ACV-187,Variable resistor (BALANCE)
SX-1080,Receiver,ACV-190,ACV-190,Variable resistor (BALANCE)
SX-1280,Receiver,ACV-190,ACV-190,Variable resistor (BALANCE)
SX-1980,Receiver,ACV-190,ACV-190,Variable resistor (BALANCE)
SX-980,Receiver,ACV-190,ACV-190,Variable resistor (BALANCE)
A-27,Integrated Amplifier,ACV-191,ACV-191,Variable dual 10k (BALANCE)
SX-780,Receiver,ACV-193,ACV-193,Variable 100k (BASS)
SX-780,Receiver,ACV-194,ACV-194,Variable 100k (TREBLE)
SX-880/890,Receiver,ACV-195 (ACV-193),ACV-195 (ACV-193),Variable resistor (BASS)
SX-880/890,Receiver,ACV-196 (ACV-194),ACV-196 (ACV-194),Variable resistor (TREBLE)
SA-7800,Integrated Amplifier,ACV-198,ACV-198,Variable resistor (BASS)
SA-8800,Integrated Amplifier,ACV-198,ACV-198,Variable resistor (BASS)
SA-7800,Integrated Amplifier,ACV-199,ACV-199,Variable resistor (TREBLE)
SA-500A,Integrated Amplifier,ACV-201-O,ACV-201,"Volume Control, 250k-B1"
SX-727,Receiver,ACV-202-A,ACV-202,Dual  100k-B (Bass)
SX-828,Receiver,ACV-202-A,ACV-202,"100k, dual, Treble"
SX-828,Receiver,ACV-202-A,ACV-202,"100k,dual, Bass"
SX-727,Receiver,ACV-202 A,ACV-202 A,Dual  100k-B (Treble)
QC-800,Pre-Amplifier,ACV-301-0,ACV-301,"4 gang, VOLUME Control, 500k-B"
QA-800,Integrated Amplifier,ACV-302-0,ACV-302,4 gang 500k-B (VOLUME)
QA-800A,Integrated Amplifier,ACV-302-0,ACV-302,4 gang 500k-B VOLUME
QX-8000,Receiver,ACV-303,ACV-303,CONTROL(VOLUME)
QX-8000,Receiver,ACV-303-0,ACV-303,"4-gang, VOLUME"
QX-8000A,Receiver,ACV-303-0,ACV-303,4-gang VOLUME
QL-600,Integrated Amplifier,ACV-304-0,ACV-304,VOLUME Control 10k-B
QL-600A,Integrated Amplifier,ACV-304-0,ACV-304,"10k-B, 4-gang, volume control"
QC-800A,Pre-Amplifier,ACV-305-0,ACV-305,500k-B 4-gang volume
QX-4000,Receiver,ACV-306-0,ACV-306,"Potentiometer 4-gang, volume 250K"
QX-646,Receiver,ACV-306-0,ACV-306,Volume control 250k-B1
QX-9900,Receiver,ACV-307-0,ACV-307,"4-gang,volume"
QX-9900,Receiver,ACV-308-0,ACV-308,"500k-B 4-gang, balance (FRONT/REAR)"
QX-747,Receiver,ACV-310-0,ACV-310,Variable resistor 500kΩ-B1 (volume)
QX-747A,Receiver,ACV-310,ACV-310,"Variable resistor 500k-B1, 4-gang (VOLUME)"
QX-949,Receiver,ACV-311-0,ACV-311,Variable resistor 250k-B1 4-gang (Volume)
QX-949A,Receiver,ACV-311,ACV-311,"Variable resistor 250k-B1, 4-gang (VOLUME)"
SPEC-1,Pre-Amplifier,ACV-314,ACV-314,Variable resistor 50kΩ (VOLUME)
SA-9900,Integrated Amplifier,ACV-315-0,ACV-315,"Variable resistor (VR2, VOLUME)"
QX-4000,Receiver,ACV-401-0,ACV-401,4-gang volume (BASS)
QX-4000,Receiver,ACV-401-0,ACV-401,4-gang volume (TREBLE)
QX-646,Receiver,ACV-401-0,ACV-401,"Bass control, 100k-B"
QX-646,Receiver,ACV-401-0,ACV-401,"Treble control, 100k-B"
QX-9900,Receiver,ACV-402-0,ACV-402,"100k 4-gang, bass"
QX-9900,Receiver,ACV-403-0,ACV-403,"50k-B 4-gang, treble"
SA-7500,Integrated Amplifier,ACV-407-0,ACV-407,"Variable resistor 250kΩ-HB/100kΩ-B1 (BALANCE, VOLUME)"
SA-8500,Integrated Amplifier,ACV-407-0,ACV-407,"Variable resistor 100K-B, 250K-HB (VOLUME & BALANCE)"
A-6,Integrated Amplifier,ACV-410,ACV-410,"Variable resistor (VOLUME 100K, BALANCE 500K)"
QX-9900,Receiver,ACV-506-A,ACV-506,"50k-HB 3-gang, Reverberation time"
QX-9900,Receiver,ACV-506-A,ACV-506,Reverberation time control
SPEC-1,Pre-Amplifier,ACV-507,ACV-507,"Variable resistor with pull-push switch 50kΩ-20A,50kΩ-20C (MIC MIXING)"
SR-303,Reverb,ACV-508,ACV-508,Variable resistor with switch (REVERB TIME)
SA-9800,Integrated Amplifier,ACV-701,ACV-701,Variable resistor (BASS)
SA-9800,Integrated Amplifier,ACV-702,ACV-702,Variable resistor (TREBLE)
A-7,Integrated Amplifier,ACV-706,ACV-706,Volume dual 68k
SX-1280,Receiver,ACW-101 (ACV-165),ACW-101 (ACV-165),Variable resistor (BASS 50Hz)
SX-1980,Receiver,ACW-101 (ACV-165),ACW-101 (ACV-165),Variable resistor (BASS 50Hz)
SX-1280,Receiver,ACW-102 (ACV-166),ACW-102 (ACV-166),Variable resistor (BASS 100Hz)
SX-1980,Receiver,ACW-102 (ACV-166),ACW-102 (ACV-166),Variable resistor (BASS 100Hz)
SX-1280,Receiver,ACW-103 (ACV-167),ACW-103 (ACV-167),Variable resistor (TREBLE 10kHz)
SX-1980,Receiver,ACW-103 (ACV-167),ACW-103 (ACV-167),Variable resistor (TREBLE 10kHz)
SX-1280,Receiver,ACW-104 (ACV-168),ACW-104 (ACV-168),Variable resistor (TREBLE 20kHz)
SX-1980,Receiver,ACW-104 (ACV-168),ACW-104 (ACV-168),Variable resistor (TREBLE 20kHz)
A-27,Integrated Amplifier,ACW-109,ACW-109,Variable 100k (SUB BASS - 50Hz)
A-27,Integrated Amplifier,ACW-110,ACW-110,Variable 100k (MAlN BASS - 100Hz)
A-27,Integrated Amplifier,ACW-111,ACW-111,Variable 10k (MAlN TREBLE - 10kHz)
A-27,Integrated Amplifier,ACW-112,ACW-112,Variable 10k (SUB TREBLE - 20kHz)
SA-7800,Integrated Amplifier,ACW-113,ACW-113,Variable resistor (VOLUME)
SA-8800,Integrated Amplifier,ACW-113,ACW-113,Variable resistor (VOLUME)
SX-1280,Receiver,ACW-116 (ACV-162),ACW-116 (ACV-162),Variable resistor (VOLUME)
SX-1980,Receiver,ACW-116 (ACV-162),ACW-116 (ACV-162),Variable resistor (VOLUME)
A-27,Integrated Amplifier,ACW-117,ACW-117,Variable dual 50k (VOLUME)
SA-9800,Integrated Amplifier,ACW-119,ACW-119,Variable resistor (VOLUME)
A-9,Integrated Amplifier,ACW-128,ACW-128,Variable resistor (VOLUME)
A-70,Integrated Amplifier,ACW-129,ACW-129,Variable dual 68k (VOLUME)
A-90,Integrated Amplifier,ACW-131,ACW-131,"Volume (68K, VOLUME)"
A-60,Integrated Amplifier,ACW-132,ACW-132,Variable resistor 68k (VOLUME)
A-77X,Integrated Amplifier,ACW-132,ACW-132,Variable resistor 68k (VOLUME)
A-80,Integrated Amplifier,ACW-132,ACW-132,Variable resistor 68k (VOLUME)
A-66X,Integrated Amplifier,ACW-136,ACW-136,(BALANCE)
SX-3900,Receiver,ACW-304,ACW-304,4-gang variable resistor (VOLUME)
SX-D7000,Receiver,ACW-501,ACW-501,Volume/Balance 100k
SX-D5000,Receiver,ACW-502,ACW-502,"2-ganged variable resistor  100k, 1M (VOLUME, BALANCE)"
A-858,Integrated Amplifier,ACW1007,ACW1007,Variable resistor (VOLUME) (60kx2)
C-72,Pre-Amplifier,ACW1008,ACW1008,Variable resistor (VOLUME)
SG-9500,Equalizer,ACX-004,ACX-004,"Variable resistor (10k-B, slide-type)"
SG-9,Equalizer,ACX-005,ACX-005,Variable resistor 8k (with LED)
SG-9,Equalizer,ACX-005,ACX-005,Variable resistor 8k (with LED)
SG-9800,Equalizer,ACX-005,ACX-005,Variable resistor (with LED)
SG-90,Equalizer,ACX-017,ACX-017,"Variable 300k (GRAPHIC EQUALIZER CONTROLS L,R)"
SX-D5000,Receiver,ACX-107,ACX-107,"Variable resistor (slide type) 10k (BASS, TREBLE)"
SX-D7000,Receiver,ACX-107,ACX-107,"Variable 10k (BASS, TREBLE)"
SA-530,Integrated Amplifier,ACX-109,ACX-109,Variable 250k (VOLUME)
SA-930,Integrated Amplifier,ACX-109,ACX-109,Variable resistor (VOLUME)
A-70,Integrated Amplifier,ACX-117,ACX-117,"Slide variable dual 100K (BASS, TREBLE)"
SX-50,Receiver,ACX-122,ACX-122,"10k (BASS, TREBLE)"
SX-60,Receiver,ACX-122,ACX-122,"Slide variable 10k X 2 (BASS, TREBLE)"
SA-970,Integrated Amplifier,ACX-137,ACX-137,Variable resistor 100k (BASS)
SA-970,Integrated Amplifier,ACX-137,ACX-137,Variable resistor 100k (TREBLE)
SX-600,Receiver,ACX-201,ACX-201,Tuning resistor
SX-600L,Receiver,ACX-201,ACX-201,Tuning resistor
SX-700,Receiver,ACX-201,ACX-201,Tuning resistor
SX-700L,Receiver,ACX-201,ACX-201,Tuning resistor
C-72,Pre-Amplifier,ACX1045,ACX1045,Volume control (MOTOR)
SX-737,Receiver,ADD-040-B,ADD-040,"Knob (power, tape monitor,filter,loudness)"
SX-737,Receiver,ADD-082-B,ADD-082,Knob (Speakers)
A-90,Integrated Amplifier,ADD-584,ADD-584,Knob D
SD-1000,Other,ADE-001-O,ADE-001,Cord W. plug
SD-1100,Other,ADE-001-0,ADE-001,Cord with plug
QA-800A,Integrated Amplifier,ADE-002-0,ADE-002,Connection cord
QC-800A,Pre-Amplifier,ADE-002-0,ADE-002,Connection cord
QL-600A,Integrated Amplifier,ADE-002-0,ADE-002,Connection cord
QM-800A,Amplifier,ADE-002-0,ADE-002,Connection cord
Exclusive M3,Amplifier,ADE-005-0,ADE-005,Connection cord
RG-2,Dynamic Range Expander,ADE-005,ADE-005,Connection cord
SA-5200,Integrated Amplifier,ADE-005-0,ADE-005,Cord with pin plug
SA-7100,Integrated Amplifier,ADE-005-0,ADE-005,Stereo cable (Phono plug to phone plug)
SA-8100,Integrated Amplifier,ADE-005-0,ADE-005,Connection cord
SG-9,Equalizer,ADE-005,ADE-005,Connection cord
SR-303,Reverb,ADE-005,ADE-005,Connection cord
TX-5500II,Tuner,ADE-005,ADE-005,CORD
TX-6200,Tuner,ADE-005,ADE-005,CORD
TX-6200,Tuner,ADE-005-0,ADE-005,Connection cord
TX-6500II,Tuner,ADE-005,ADE-005,Connection cord
TX-6800/608,Tuner,ADE-005,ADE-005,Connection cord
TX-7100,Tuner,ADE-005-0,ADE-005,Connection cord
TX-8100,Tuner,ADE-005-0,ADE-005,Connection cord
TX-9100,Tuner,ADE-005-0,ADE-005,Connection cord with pin plugs
TX-9500,Tuner,ADE-005-0,ADE-005,Connection cord with pin plugs
F-7,Tuner,ADE-015,ADE-015,Connection cord
F-90,Tuner,ADE-015,ADE-015,Connection cord
TX-130L,Tuner,ADE-015,ADE-015,Cord
TX-530L,Tuner,ADE-015,ADE-015,Cord
TX-930,Tuner,ADE-051,ADE-051,Connection cord
GR-551,Equalizer,ADE-072,ADE-072,Connection cord
GR-555,Equalizer,ADE-072,ADE-072,Connection cord
GR-777,Equalizer,ADE-072,ADE-072,Connection cord with pin plug
RG-60,Dynamic Range Expander,ADE-072,ADE-072,Connection cord (Gray)
GR-551,Equalizer,ADE-073,ADE-073,Connection cord
GR-555,Equalizer,ADE-073,ADE-073,Connection cord
GR-777,Equalizer,ADE-073,ADE-073,Connection cord with pin plug
RG-60,Dynamic Range Expander,ADE-073,ADE-073,Connection cord (Black)
TX-950,Tuner,ADE-074,ADE-074,Connection cord
C-21,Pre-Amplifier,ADF-124,ADF-124,Connection cord
SA-9500II,Integrated Amplifier,ADF-125,ADF-125,Connection cord
TX-8500II,Tuner,ADF-125,ADF-125,Connection cord
TX-9500II,Tuner,ADF-125,ADF-125,CORD SET
Exclusive M3,Amplifier,ADG-002-A,ADG-002,AC power cord
Exclusive M3,Amplifier,ADG-002-A,ADG-002,AC power cord
QX-9900,Receiver,ADG-002-0,ADG-002,AC power cord
SX-450,Receiver,ADG-002,ADG-002,AC powercord (S)
SX-550,Receiver,ADG-002,ADG-002,AC power cord (S)
SX-650,Receiver,ADG-002,ADG-002,AC power cord - S
SX-939,Receiver,ADG-002-A,ADG-002,AC power cord (F)
QA-800A,Integrated Amplifier,ADG-003-0,ADG-003,AC power cord (KLW)
QL-600A,Integrated Amplifier,ADG-003-0,ADG-003,AC power cord (KLW)
QX-646,Receiver,ADG-003-0,ADG-003,AC power cord (KUW model)
QX-747,Receiver,ADG-003-0,ADG-003,AC power cord
QX-8000A,Receiver,ADG-003-0,ADG-003,AC power cord
QX-949,Receiver,ADG-003-0,ADG-003,AC power cord
SA-5200,Integrated Amplifier,ADG-003-0,ADG-003,"AC power cord (KU, KC model)"
SA-7100,Integrated Amplifier,ADG-003-0,ADG-003,AC power cord for KUW model
SA-8100,Integrated Amplifier,ADG-003-0,ADG-003,AC power cord for KUW model
SA-9100,Integrated Amplifier,ADG-003-0,ADG-003,AC power cord for KUW model
SD-1100,Other,ADG-003-0,ADG-003,AC power cord
TX-6200,Tuner,ADG-003-0,ADG-003,AC power cord KU model
TX-7100,Tuner,ADG-003-0,ADG-003,"AC power cord (KUW, KCW model)"
TX-8100,Tuner,ADG-003-0,ADG-003,"AC power cord (KUW, KCW model)"
TX-9100,Tuner,ADG-003-0,ADG-003,"AC power cord (KUW, KCW model)"
CT-F6161,Cassette Tape,ADG-004-0,ADG-004,AC power cord   (FV model)
CT-F7171,Cassette Tape,ADG-004-0,ADG-004,AC power cord  (FV model)
CT-F9191,Cassette Tape,ADG-004,ADG-004,AC power cord (FV model)
QX-949A,Receiver,ADG-004,ADG-004,AC Power Cord (QX-949A/F)
RT-1011L,Reel To Reel Tape,ADG-004-0,ADG-004,Power cord (FV model)
SA-5200,Integrated Amplifier,ADG-004-0,ADG-004,AC power cord (FV model)
SA-8100,Integrated Amplifier,ADG-004-0,ADG-004,AC power cord for FVW model
SA-9100,Integrated Amplifier,ADG-004-0,ADG-004,AC power cord for FVW model
SX-434,Receiver,ADG-004-0,ADG-004,AC power cord (FV)
SX-535,Receiver,ADG-004-0,ADG-004,AC power cord (FV)
SX-626 (1973),Receiver,ADG-004-0,ADG-004,AC power cord    FVZW
SX-636,Receiver,ADG-004-0,ADG-004,AC power cord (FV)
SX-737,Receiver,ADG-004-0,ADG-004,AC power cord (F)
SX-838,Receiver,ADG-004-0,ADG-004,AC power cord (F)
TX-5300,Tuner,ADG-004-0,ADG-004,AC power cord
TX-6200,Tuner,ADG-004-0,ADG-004,AC power cord F and FVZ model
TX-7100,Tuner,ADG-004-0,ADG-004,"AC power cord (FVZW, FW model)"
TX-8100,Tuner,ADG-004-0,ADG-004,"AC power cord (FVZW, FW model)"
TX-9100,Tuner,ADG-004-0,ADG-004,"AC power cord (FVZW, FW model)"
TX-9500,Tuner,ADG-004-0,ADG-004,Line cord
SA-7100,Integrated Amplifier,ADG-0040,ADG-0040,AC power cord for FVW model
QX-949A,Receiver,ADG-005,ADG-005,AC Power Cord (QX-949A/KCU)
RG-1,Dynamic Range Expander,ADG-005,ADG-005,AC power cord
SA-6500II,Integrated Amplifier,ADG-005,ADG-005,AC cord
SA-6700,Integrated Amplifier,ADG-005,ADG-005,AC power cord
SA-7500II,Integrated Amplifier,ADG-005,ADG-005,AC power cord
SA-7700,Integrated Amplifier,ADG-005,ADG-005,AC power cord
SA-8500II,Integrated Amplifier,ADG-005,ADG-005,AC power cord-KC
SA-8500II,Integrated Amplifier,ADG-005,ADG-005,AC power cord-KU
SA-9500II,Integrated Amplifier,ADG-005,ADG-005,AC power cord (KU/KC)
SG-9500,Equalizer,ADG-005,ADG-005,AC power cord
SX-1010,Receiver,ADG-005-A,ADG-005,"AC power cord (KCU, F)"
SX-434,Receiver,ADG-005-A,ADG-005,AC power cord (KCU)
SX-450,Receiver,ADG-005,ADG-005,AC cord (KU)
SX-535,Receiver,ADG-005-A,ADG-005,AC power cord (KCU)
SX-550,Receiver,ADG-005,ADG-005,AC power cord (KC)
SX-636,Receiver,ADG-005-A,ADG-005,AC power cord (KCU)
SX-650,Receiver,ADG-005,ADG-005,AC power cord - KCU
SX-680/690,Receiver,ADG-005,ADG-005,AC power cord (KC type)
SX-737,Receiver,ADG-005-A,ADG-005,AC power cord (KCU)
SX-750,Receiver,ADG-005,ADG-005,AC power cord
SX-838,Receiver,ADG-005-0,ADG-005,AC power cord (KCU)
SX-939,Receiver,ADG-005-A,ADG-005,AC power cord (KCU)
SX-950,Receiver,ADG-005,ADG-005,AC power cord
SX-980,Receiver,ADG-005,ADG-005,Power cord
TX-606,Tuner,ADG-005,ADG-005,CORD
TX-6500II,Tuner,ADG-005,ADG-005,"AC power cord (KU,KC)"
TX-8500II,Tuner,ADG-005,ADG-005,"AC power cord - KU,KC"
TX-9500II,Tuner,ADG-005,ADG-005,AC power cord (KU/KC)
M-22,Amplifier,ADG-010,ADG-010,AC power cord (N-type)
SA-9900,Integrated Amplifier,ADG-010-0,ADG-010,AC Power cord (D)
M-22,Amplifier,ADG-011,ADG-011,AC power cord (KL-type)
SA-9900,Integrated Amplifier,ADG-011-0,ADG-011,AC power cord (KCU)
SX-450,Receiver,ADG-011,ADG-011,AC cord (KC)
SX-880/890,Receiver,ADG-011,ADG-011,AC Power cord (SX-880/KC)
C-21,Pre-Amplifier,ADG-013,ADG-013,AC power cord (KL)
RT-701,Reel To Reel Tape,ADG-013,ADG-013,AC cord
SPEC-4,Amplifier,ADG-013,ADG-013,AC power cord
SX-1050,Receiver,ADG-013,ADG-013,AC power cord
SX-1080,Receiver,ADG-013,ADG-013,Power cord
SX-1250,Receiver,ADG-013,ADG-013,AC powercord (KCU)
SX-1280,Receiver,ADG-013,ADG-013,AC power cord (KU/S)
SX-1980,Receiver,ADG-013,ADG-013,AC power cord (KU)
A-27,Integrated Amplifier,ADG-015,ADG-015,AC power cord - S
A-27,Integrated Amplifier,ADG-015,ADG-015,AC power cord - S/G
C-21,Pre-Amplifier,ADG-015,ADG-015,AC power cord (S)
SX-1250,Receiver,ADG-015,ADG-015,AC powercord (S)
SX-1280,Receiver,ADG-015,ADG-015,AC power cord (SG)
SX-1980,Receiver,ADG-015,ADG-015,AC power cord (S/SG)
F-28,Tuner,ADG-016,ADG-016,AC power cord (S/G)
SA-606,Integrated Amplifier,ADG-016,ADG-016,"AC power cord (S,S/G)"
SA-706,Integrated Amplifier,ADG-016,ADG-016,"AC power cord (S,S/G)"
SX-680/690,Receiver,ADG-016,ADG-016,AC power cord (S/SG type)
TX-6500II,Tuner,ADG-016,ADG-016,AC power cord (S)
TX-8500II,Tuner,ADG-016,ADG-016,AC power cord - S
TX-9500II,Tuner,ADG-016,ADG-016,AC power cord (S)
SA-8500II,Integrated Amplifier,ADG-017,ADG-017,AC power cord-S
SA-9500II,Integrated Amplifier,ADG-017,ADG-017,AC power cord (S)
SA-9800,Integrated Amplifier,ADG-017,ADG-017,"AC power cord (S, S/G)"
SX-880/890,Receiver,ADG-017,ADG-017,AC Power cord (SX-880/S)
SX-880/890,Receiver,ADG-017,ADG-017,AC Power cord (SX-880/SG)
F-28,Tuner,ADG-023,ADG-023,AC power cord (KU)
RG-2,Dynamic Range Expander,ADG-023,ADG-023,AC power cord
SA-3000,Integrated Amplifier,ADG-023,ADG-023,AC power cord (KU)
SA-5800/508,Integrated Amplifier,ADG-023,ADG-023,AC power cord
SA-6800/608,Integrated Amplifier,ADG-023,ADG-023,AC powercord
SA-710,Integrated Amplifier,ADG-023,ADG-023,AC power cord - KU
SA-7800,Integrated Amplifier,ADG-023,ADG-023,AC power cord
SA-9800,Integrated Amplifier,ADG-023,ADG-023,AC power cord (KU)
SG-9800,Equalizer,ADG-023,ADG-023,AC power cord
SR-303,Reverb,ADG-023,ADG-023,AC power cord
SX-3400,Receiver,ADG-023,ADG-023,Power cord (KU)
SX-3500,Receiver,ADG-023,ADG-023,AC power cord
SX-3600/720,Receiver,ADG-023,ADG-023,AC power cord
SX-3700,Receiver,ADG-023,ADG-023,AC power cord
SX-3800,Receiver,ADG-023,ADG-023,AC power cord (KU)
SX-580/590,Receiver,ADG-023,ADG-023,AC power cord (SX-580/KU)
SX-600,Receiver,ADG-023,ADG-023,AC power cord - KU
SX-680/690,Receiver,ADG-023,ADG-023,AC power cord (SX -680/KU)
SX-700,Receiver,ADG-023,ADG-023,AC power cord
SX-780,Receiver,ADG-023,ADG-023,AC power cord
SX-820,Receiver,ADG-023,ADG-023,AC power cord
SX-880/890,Receiver,ADG-023,ADG-023,AC Power cord (SX-880/KU)
SX-D5000,Receiver,ADG-023,ADG-023,AC power cord - KU
TX-6800/608,Tuner,ADG-023,ADG-023,AC power curd
SA-8800,Integrated Amplifier,ADG-023 (ADG-022),ADG-023 (ADG-022),AC power cord
A-27,Integrated Amplifier,ADG-029,ADG-029,AC power cord - KU
M-25,Amplifier,ADG-029,ADG-029,AC Power cord
SX-3900,Receiver,ADG-029,ADG-029,AC power cord (KU)
SX-D7000,Receiver,ADG-029,ADG-029,AC power cord
SA-3000,Integrated Amplifier,ADG-032,ADG-032,AC power cord (HE)
SA-3000,Integrated Amplifier,ADG-033,ADG-033,AC power cord (HB)
A-6,Integrated Amplifier,ADG-041,ADG-041,AC power cord - HE
A-66X,Integrated Amplifier,ADG-041,ADG-041,AC power cord (HE)
A-7,Integrated Amplifier,ADG-041,ADG-041,AC power cord (HE)
A-77X,Integrated Amplifier,ADG-041,ADG-041,AC power cord - HE
A-8,Integrated Amplifier,ADG-041,ADG-041,"AC power cord (HE, HB)"
A-80,Integrated Amplifier,ADG-041,ADG-041,AC power cord - HE
A-9,Integrated Amplifier,ADG-041,ADG-041,AC power cord (for HE type)
F-7,Tuner,ADG-041,ADG-041,AC power cord (HG/HE)
SA-710,Integrated Amplifier,ADG-041,ADG-041,AC power cord - HE
SX-600L,Receiver,ADG-041,ADG-041,AC power cord - HE
SX-700L,Receiver,ADG-041,ADG-041,AC power cord - HE
SA-420,Integrated Amplifier,ADG-043,ADG-043,AC power cord - YP
SX-600,Receiver,ADG-043,ADG-043,AC power cord - YP
A-8,Integrated Amplifier,ADG-046,ADG-046,"AC power cord (S, S/G)"
SA-420,Integrated Amplifier,ADG-046,ADG-046,AC power cord - S
SG-9,Equalizer,ADG-046,ADG-046,AC power cord - R
SG-9,Equalizer,ADG-046,ADG-046,AC power cord - R/G
SX-3400,Receiver,ADG-046,ADG-046,Power cord (S)
SX-3800,Receiver,ADG-046,ADG-046,"AC power cord (S,S/G)"
A-80,Integrated Amplifier,ADG-049,ADG-049,AC power cord - S
A-80,Integrated Amplifier,ADG-049,ADG-049,AC power cord - S/G
SX-3900,Receiver,ADG-049,ADG-049,AC power cord (S/G)
SX-8,Receiver,ADG-049,ADG-049,AC power cord S/SG-type
A-6,Integrated Amplifier,ADG-051,ADG-051,AC power cord - HB
A-66X,Integrated Amplifier,ADG-051,ADG-051,AC power cord (HB)
A-7,Integrated Amplifier,ADG-051,ADG-051,AC power cord (HB)
A-77X,Integrated Amplifier,ADG-051,ADG-051,AC power cord - HB
A-80,Integrated Amplifier,ADG-051,ADG-051,AC power cord - HB
A-9,Integrated Amplifier,ADG-051,ADG-051,AC power cord (for HB type)
F-7,Tuner,ADG-051,ADG-051,AC power cord (HB)
SA-710,Integrated Amplifier,ADG-051,ADG-051,AC power cord - HB
SX-600L,Receiver,ADG-051,ADG-051,AC power cord - HB
SX-700L,Receiver,ADG-051,ADG-051,AC power cord - HB
A-5,Integrated Amplifier,ADG-052,ADG-052,POWER CORD
A-6,Integrated Amplifier,ADG-052,ADG-052,AC power cord - KU
A-70,Integrated Amplifier,ADG-052,ADG-052,AC power cord
A-8,Integrated Amplifier,ADG-052,ADG-052,"AC power cord (KU, KC)"
A-9,Integrated Amplifier,ADG-052,ADG-052,"AC power cord - S,S/G"
F-7,Tuner,ADG-052,ADG-052,"Power cord (KU, KC)"
F-90,Tuner,ADG-052,ADG-052,AC Power cord (KU)
SA-420,Integrated Amplifier,ADG-052,ADG-052,AC power cord - KU
SA-530,Integrated Amplifier,ADG-052,ADG-052,AC power cord - KU
SA-930,Integrated Amplifier,ADG-052,ADG-052,AC power cord - KU
SG-9,Equalizer,ADG-052,ADG-052,AC power cord - KC
SG-9,Equalizer,ADG-052,ADG-052,AC power cord - KU
SG-90,Equalizer,ADG-052,ADG-052,AC power cord (KU)
SX-4,Receiver,ADG-052,ADG-052,AC Power cord
SX-5,Receiver,ADG-052,ADG-052,AC power cord
SX-6,Receiver,ADG-052,ADG-052,AC power cord
SX-7,Receiver,ADG-052,ADG-052,AC power cord
SX-8,Receiver,ADG-052,ADG-052,AC power cord  KU-type
TX-930,Tuner,ADG-052,ADG-052,AC power cord
A-90,Integrated Amplifier,ADG-054,ADG-054,AC power card
A-60,Integrated Amplifier,ADG-060,ADG-060,AC power cord - S
RG-60,Dynamic Range Expander,ADG-060,ADG-060,"AC power cord - S,S/G"
SA-1040,Integrated Amplifier,ADG-060,ADG-060,AC power cord - S
SA-1040,Integrated Amplifier,ADG-060,ADG-060,AC power cord - S/G
SA-1050,Integrated Amplifier,ADG-060,ADG-060,AC power cord - S
SA-1050,Integrated Amplifier,ADG-060,ADG-060,AC power cord - S/G
SA-530,Integrated Amplifier,ADG-060,ADG-060,AC power cord - S
SA-930,Integrated Amplifier,ADG-060,ADG-060,AC power cord - S/SG
SA-940,Integrated Amplifier,ADG-060,ADG-060,AC power cord - S
SA-940,Integrated Amplifier,ADG-060,ADG-060,AC power cord - S/G
SA-950,Integrated Amplifier,ADG-060,ADG-060,AC power cord - S
SA-950,Integrated Amplifier,ADG-060,ADG-060,AC power cord - S/G
SG-90,Equalizer,ADG-060,ADG-060,"AC power cord (S,S/G)"
TX-130L,Tuner,ADG-062,ADG-062,AC power cord (HE type)
TX-530L,Tuner,ADG-062,ADG-062,AC power cord
A-60,Integrated Amplifier,ADG-063,ADG-063,AC power cord - HB
F-90,Tuner,ADG-063,ADG-063,AC Power cord (HB)
SA-530,Integrated Amplifier,ADG-063,ADG-063,AC power cord - HB
SA-930,Integrated Amplifier,ADG-063,ADG-063,AC power cord - HB
SA-940,Integrated Amplifier,ADG-063,ADG-063,AC power cord - HB
TX-130L,Tuner,ADG-063,ADG-063,AC power cord (HB type)
A-60,Integrated Amplifier,ADG-064,ADG-064,AC power cord - YP
SA-1040,Integrated Amplifier,ADG-064,ADG-064,AC power cord - YP
SA-1050,Integrated Amplifier,ADG-064,ADG-064,AC power cord - YP
SA-940,Integrated Amplifier,ADG-064,ADG-064,AC power cord - YP
SA-950,Integrated Amplifier,ADG-064,ADG-064,AC Power cord - YP
TX-950,Tuner,ADG-064,ADG-064,AC power cord - YP
SA-530,Integrated Amplifier,ADG-065,ADG-065,AC power cord - HE
SA-530,Integrated Amplifier,ADG-065,ADG-065,AC power cord - HEZ
SA-930,Integrated Amplifier,ADG-065,ADG-065,AC power cord - HE
SA-930,Integrated Amplifier,ADG-065,ADG-065,AC power cord - HEZ
SA-530,Integrated Amplifier,ADG-067,ADG-067,AC power cord - YP
SA-930,Integrated Amplifier,ADG-067,ADG-067,AC power cord - YP
A-60,Integrated Amplifier,ADG-068,ADG-068,AC power cord - HE
F-90,Tuner,ADG-068,ADG-068,AC Power cord (HE)
SA-940,Integrated Amplifier,ADG-068,ADG-068,AC power cord - HE
SA-950,Integrated Amplifier,ADG-068,ADG-068,AC power cord - HE
SA-950,Integrated Amplifier,ADG-068,ADG-068,AC Power cord - HEZ
SA-970,Integrated Amplifier,ADG-068,ADG-068,AC power cord
SA-950,Integrated Amplifier,ADG-069,ADG-069,AC power cord - KC
TX-950,Tuner,ADG-071,ADG-071,AC power cord - HEZ
TX-950,Tuner,ADG-072,ADG-072,AC power cord - S
TX-950,Tuner,ADG-072,ADG-072,AC power cord - S/G
TX-950,Tuner,ADG-072,ADG-072,AC power cord - SS
A-60,Integrated Amplifier,ADG-073,ADG-073,AC power cord - KU
F-90,Tuner,ADG-073,ADG-073,AC power cord ????
SA-1040,Integrated Amplifier,ADG-073,ADG-073,AC power cord - KU
SA-1050,Integrated Amplifier,ADG-073,ADG-073,AC power cord - KU
SA-940,Integrated Amplifier,ADG-073,ADG-073,AC power cord - KU
SA-950,Integrated Amplifier,ADG-073,ADG-073,AC power cord - KU
SX-202,Receiver,ADG-073,ADG-073,AC power card
SX-50,Receiver,ADG-073,ADG-073,AC power cord
SX-60,Receiver,ADG-073,ADG-073,AC power cord
TX-950,Tuner,ADG-073,ADG-073,AC power cord - KU
A-77X,Integrated Amplifier,ADG-087,ADG-087,AC power cord - S
A-77X,Integrated Amplifier,ADG-087,ADG-087,AC power cord - S/G
GR-551,Equalizer,ADG-088,ADG-088,AC Power cord - KUC
GR-551,Equalizer,ADG-088,ADG-088,AC power cord - KUC
GR-555,Equalizer,ADG-088,ADG-088,AC Power cord - KUC
GR-777,Equalizer,ADG-088,ADG-088,AC power cord - KUC
A-77X,Integrated Amplifier,ADG-089,ADG-089,AC power cord - KU
A-88X,Integrated Amplifier,ADG-089,ADG-089,AC Power cord
GR-551,Equalizer,ADG-096,ADG-096,AC power cord - HB
GR-555,Equalizer,ADG-096,ADG-096,AC Power cord - HB
A-66X,Integrated Amplifier,ADG-097,ADG-097,AC power cord (HEZ)
GR-551,Equalizer,ADG1015,ADG1015,AC power cord - SD
GR-551,Equalizer,ADG1015,ADG1015,AC power cord - SD/G
GR-555,Equalizer,ADG1015,ADG1015,AC Power cord  - SD
GR-555,Equalizer,ADG1015,ADG1015,AC Power cord - SD/G
GR-777,Equalizer,ADG1015,ADG1015,AC power cord - SD
GR-777,Equalizer,ADG1015,ADG1015,AC power cord - SD/G
GR-551,Equalizer,ADG1022,ADG1022,AC power cord - HEZ
GR-555,Equalizer,ADG1022,ADG1022,AC Power cord - HEZ
GR-777,Equalizer,ADG1022,ADG1022,AC power cord - HEZ
A-858,Integrated Amplifier,ADG1036,ADG1036,AC power cord
C-72,Pre-Amplifier,ADG1051,ADG1051,AC POWER CORD - SD
C-72,Pre-Amplifier,ADG1076,ADG1076,AC POWER CORD - KU/CA
C-72,Pre-Amplifier,ADG1077,ADG1077,AC POWER CORD - SD
SX-202,Receiver,ADH -005,ADH -005,T-type antenna
SX-3700,Receiver,ADH-002,ADH-002,T-type FM antenna
SX-3800,Receiver,ADH-002,ADH-002,Type FM antenna
SX-3900,Receiver,ADH-002,ADH-002,T-type FM amenna
SX-434,Receiver,ADH-002-0,ADH-002,FM T-type antenna
SX-535,Receiver,ADH-002-0,ADH-002,FM T-type antenna
SX-636,Receiver,ADH-002-0,ADH-002,FM T-type antenna
SX-680/690,Receiver,ADH-002,ADH-002,T-type FM antenna
SX-737,Receiver,ADH-002-0,ADH-002,FM T-type antenna
SX-820,Receiver,ADH-002,ADH-002,T-type FM antenna
SX-939,Receiver,ADH-002-0,ADH-002,FM T-type antenna
TX-6500II,Tuner,ADH-002,ADH-002,FM T-type antenna
TX-6800/608,Tuner,ADH-002,ADH-002,T-type FM antenna
TX-8500II,Tuner,ADH-002,ADH-002,FM T-type antenna
TX-9500,Tuner,ADH-002-0,ADH-002,FM T-type antenna
F-7,Tuner,ADH-004,ADH-004,FM T-type antenna
SX-3400,Receiver,ADH-004,ADH-004,FM antenna
SX-3600/720,Receiver,ADH-004,ADH-004,T-type FM antenna
SX-4,Receiver,ADH-004,ADH-004,T-type FM antenna
SX-5,Receiver,ADH-004,ADH-004,T-type FM antenna
SX-6,Receiver,ADH-004,ADH-004,FM T-type antenna
SX-600,Receiver,ADH-004,ADH-004,FM antenna
SX-600L,Receiver,ADH-004,ADH-004,T-type FM antenna
SX-7,Receiver,ADH-004,ADH-004,T-type FM antenna
SX-700,Receiver,ADH-004,ADH-004,FM antenna
SX-700L,Receiver,ADH-004,ADH-004,T-type FM antenna
SX-8,Receiver,ADH-004,ADH-004,T-type FM antenna
SX-D5000,Receiver,ADH-004,ADH-004,T-type FM antenna
TX-130L,Tuner,ADH-004,ADH-004,T-type FM antenna
TX-530L,Tuner,ADH-004,ADH-004,T-type FM antenna
F-90,Tuner,ADH-005,ADH-005,FM antenna
SX-50,Receiver,ADH-005,ADH-005,FM antenna
SX-60,Receiver,ADH-005,ADH-005,FM antenna
TX-930,Tuner,ADH-005,ADH-005,T-type FM antenna
TX-950,Tuner,ADH-005,ADH-005,FM antenna
SA-7500,Integrated Amplifier,ADK-084-B,ADK-084,Lever switch (DUPLICATE)
QX-949,Receiver,ADX-004-B,ADX-004,Connection cord
QX-747,Receiver,ADX-005-A,ADX-005,Sockets with cords
SX-1000TA (Early),Receiver,AE4102,AE4102,Dial Spring
TX-930,Tuner,AEA-054,AEA-054,Loop annenna holder
SX-6000,Receiver,AEB-002-0,AEB-002,Rubber Cushion
SX-434,Receiver,AEB-014-A,AEB-014,Rubber bracket
QX-4000,Receiver,AEB-018-0,AEB-018,Insulating spacer
QX-646,Receiver,AEB-018-0,AEB-018,Insulating spacer
QX-646,Receiver,AEB-019-0,AEB-019,P.C. Board holder
QX-949,Receiver,AEB-019-0,AEB-019,P.C. board holder
SA-8100,Integrated Amplifier,AEB-019-0,AEB-019,Boss
SA-8100,Integrated Amplifier,AEB-019-0,AEB-019,Boss
SA-8100,Integrated Amplifier,AEB-019-0,AEB-019,Boss
SA-9100,Integrated Amplifier,AEB-019-3,AEB-019,Boss
SX-1010,Receiver,AEB-019-0,AEB-019,P.C. board holder
SX-535,Receiver,AEB-019-0,AEB-019,P.C. board holder
SX-626 (1973),Receiver,AEB-019-0,AEB-019,P.C. board holder    KUW
SX-626 (1973),Receiver,AEB-019-0,AEB-019,P.C. board holder    KUW
SX-626 (1973),Receiver,AEB-019-0,AEB-019,P.C. board holder    KUW
SX-626 (1973),Receiver,AEB-019-0,AEB-019,P.C. board holder    KUW
SX-626 (1973),Receiver,AEB-019-0,AEB-019,P.C. board holder    KUW
SX-626 (1973),Receiver,AEB-019-0,AEB-019,P.C. board holder    KUW
SX-636,Receiver,AEB-019-0,AEB-019,P. C. board holder
SX-737,Receiver,AEB-019-0,AEB-019,P.C. board holder
SX-838,Receiver,AEB-019-0,AEB-019,P.C. board holder
SX-939,Receiver,AEB-019-0,AEB-019,P.C. board holder
TX-7100,Tuner,AEB-019-0,AEB-019,P.C. board holder
TX-8100,Tuner,AEB-019-0,AEB-019,P.C. board holder
TX-9100,Tuner,AEB-019-0,AEB-019,P.C. board holder
TX-9500,Tuner,AEB-019-0,AEB-019,PC board spacer
QX-9900,Receiver,AEB-021-A,AEB-021,Cushion rubber
SA-8100,Integrated Amplifier,AEB-030-0,AEB-030,Cushion
SA-9100,Integrated Amplifier,AEB-030-0,AEB-030,Cushion
SX-1010,Receiver,AEB-031-0,AEB-031,Rubber bracket
SX-838,Receiver,AEB-031-A,AEB-031,Rubber bracket
SX-939,Receiver,AEB-031-0,AEB-031,Rubber bracket
TX-6200,Tuner,AEB-031-0,AEB-031,Cushion
RG-1,Dynamic Range Expander,AEB-034,AEB-034,Rubber bracket
SA-5200,Integrated Amplifier,AEB-034-0,AEB-034,Grommet (rubber)
QX-646,Receiver,AEB-040-0,AEB-040,Pilot lamp bracket
QX-747,Receiver,AEB-042-0,AEB-042,Rubber bracket
QX-949,Receiver,AEB-042-0,AEB-042,Rubber bracket
QX-949A,Receiver,AEB-042,AEB-042,Rubber Bracket
QX-747,Receiver,AEB-043-0,AEB-043,Rubber bracket
QX-949,Receiver,AEB-043-0,AEB-043,Rubber bracket
QX-949A,Receiver,AEB-043,AEB-043,Rubber Bracket
QX-747,Receiver,AEB-044-0,AEB-044,Rubber bracket
QX-949,Receiver,AEB-044-0,AEB-044,Rubber bracket
QX-949A,Receiver,AEB-044,AEB-044,Rubber Bracket
Exclusive M3,Amplifier,AEB-048-0,AEB-048,Rubber bracket
SA-9900,Integrated Amplifier,AEB-051-A,AEB-051,Lamp holder
SX-1010,Receiver,AEB-057-A,AEB-057,Rubber bracket
SX-838,Receiver,AEB-057-A,AEB-057,Rubber bracket
SX-838,Receiver,AEB-057-A,AEB-057,Rubber bracket
SX-939,Receiver,AEB-057-A,AEB-057,Rubber bracket
SX-939,Receiver,AEB-057-A,AEB-057,Rubber bracket
SX-1010,Receiver,AEB-058-A,AEB-058,Rubber bracket
SX-636,Receiver,AEB-060-0,AEB-060,Rubber bracket
SX-737,Receiver,AEB-060-0,AEB-060,Rubber bracket
SX-535,Receiver,AEB-062-0,AEB-062,Rubber bracket
SG-9500,Equalizer,AEB-064,AEB-064,Rubber bracket
TX-5300,Tuner,AEB-065-0,AEB-065,Rubber tube
TX-5300,Tuner,AEB-066-A,AEB-066,Dial scale plate holder
TX-9500,Tuner,AEB-068-0,AEB-068,Rubber bracket
SPEC-1,Pre-Amplifier,AEB-075,AEB-075,Spacer
SPEC-2,Amplifier,AEB-075,AEB-075,Spacer
SX-650,Receiver,AEB-075,AEB-075,Rubber mat - KCU
SX-650,Receiver,AEB-077,AEB-077,Rubber mat - HG
SX-650,Receiver,AEB-077,AEB-077,Rubber mat - S
TX-8500II,Tuner,AEB-091,AEB-091,Lamp holder
SA-8500II,Integrated Amplifier,AEB-092,AEB-092,Rubber bracket
SA-9500II,Integrated Amplifier,AEB-092,AEB-092,Rubber bracket
SA-7500II,Integrated Amplifier,AEB-100,AEB-100,Rubber bracket
A-27,Integrated Amplifier,AEB-106,AEB-106,Rubber bracket
F-28,Tuner,AEB-116,AEB-116,Lamp holder
SR-303,Reverb,AEB-151,AEB-151,Cap
A-77X,Integrated Amplifier,AEB-257,AEB-257,Lamp holder
GR-777,Equalizer,AEC- 510,AEC- 510,Nylon rivet
QX-9900,Receiver,AEC-004-0,AEC-004,Wire clip
SA-8100,Integrated Amplifier,AEC-004-0,AEC-004,Wire clip A
SA-9100,Integrated Amplifier,AEC-004-0,AEC-004,Wire clip-A
SX-1010,Receiver,AEC-004-0,AEC-004,Wire clip
SX-434,Receiver,AEC-004-0,AEC-004,Wire clip
SX-434,Receiver,AEC-004-0,AEC-004,Wire clip
SX-535,Receiver,AEC-004-0,AEC-004,Wire clip
SX-626 (1973),Receiver,AEC-004-0,AEC-004,Wire clip
SX-626 (1973),Receiver,AEC-004-0,AEC-004,Wire clip
SX-636,Receiver,AEC-004-0,AEC-004,Wire clip
SX-737,Receiver,AEC-004-0,AEC-004,Wire clip-A
SX-838,Receiver,AEC-004-0,AEC-004,Wire clip A
SX-939,Receiver,AEC-004-0,AEC-004,Wire clip (A)
TX-7100,Tuner,AEC-004-0,AEC-004,Wire clip (A)
TX-7100,Tuner,AEC-004-0,AEC-004,Wire clip (A)
TX-7100,Tuner,AEC-004-0,AEC-004,Wire clip (A)
TX-8100,Tuner,AEC-004-0,AEC-004,Wire clip (A)
TX-8100,Tuner,AEC-004-0,AEC-004,Wire clip (A)
TX-8100,Tuner,AEC-004-0,AEC-004,Wire clip (A)
TX-8100,Tuner,AEC-004-0,AEC-004,Wire clip (A)
TX-9100,Tuner,AEC-004-0,AEC-004,Wire clip (A)
SX-535,Receiver,AEC-005-0,AEC-005,Wire clip
SX-626 (1973),Receiver,AEC-005-0,AEC-005,Wire clip (B)
SX-626 (1973),Receiver,AEC-005-0,AEC-005,Wire clip (B)
SX-636,Receiver,AEC-005-0,AEC-005,Wire clip
SX-737,Receiver,AEC-005-0,AEC-005,Wire clip-B
SX-838,Receiver,AEC-005-0,AEC-005,Wire clip B
TX-5300,Tuner,AEC-005-0,AEC-005,Wire clip (Bl
TX-7100,Tuner,AEC-005-0,AEC-005,Wire clip (B)
TX-7100,Tuner,AEC-005-0,AEC-005,Wire clip (B)
TX-7100,Tuner,AEC-005-0,AEC-005,Wire clip (B)
TX-7100,Tuner,AEC-005-0,AEC-005,Wire clip (B)
TX-7100,Tuner,AEC-005-0,AEC-005,Wire clip (B)
TX-7100,Tuner,AEC-005-0,AEC-005,Wire clip (B)
TX-8100,Tuner,AEC-005-0,AEC-005,Wire clip (B)
TX-8100,Tuner,AEC-005-0,AEC-005,Wire clip (B)
TX-8100,Tuner,AEC-005-0,AEC-005,Wire clip (B)
TX-8100,Tuner,AEC-005-0,AEC-005,Wire clip (B)
TX-8100,Tuner,AEC-005-0,AEC-005,Wire clip (B)
TX-9500,Tuner,AEC-005-0,AEC-005,Wire clip (B)
QX-9900,Receiver,AEC-006-0,AEC-006,Pulley
QX-9900,Receiver,AEC-006-0,AEC-006,Small pulley
SX-626 (1973),Receiver,AEC-006-0,AEC-006,Pulley
SX-626 (1973),Receiver,AEC-006-0,AEC-006,Pulley
SX-626 (1973),Receiver,AEC-006-0,AEC-006,Pulley
TX-6200,Tuner,AEC-006-0,AEC-006,Pulley
TX-6200,Tuner,AEC-006-0,AEC-006,Pulley
TX-7100,Tuner,AEC-006-0,AEC-006,Pulley
TX-7100,Tuner,AEC-006-0,AEC-006,Pulley
TX-7100,Tuner,AEC-006-0,AEC-006,Pulley
TX-7100,Tuner,AEC-006-0,AEC-006,Pulley
TX-7100,Tuner,AEC-006-0,AEC-006,Pulley
TX-8100,Tuner,AEC-006-0,AEC-006,Pulley
TX-8100,Tuner,AEC-006-0,AEC-006,Pulley
TX-8100,Tuner,AEC-006-0,AEC-006,Pulley
TX-8100,Tuner,AEC-006-0,AEC-006,Pulley
TX-9100,Tuner,AEC-006-0,AEC-006,Pulley
QX-949,Receiver,AEC-007-0,AEC-007,Wire clip (C)
SX-535,Receiver,AEC-007-0,AEC-007,Wire clip
SX-636,Receiver,AEC-007-0,AEC-007,Wire clip
SX-737,Receiver,AEC-007-0,AEC-007,Wire clip-C
SX-838,Receiver,AEC-007-0,AEC-007,Wire clip C
SX-939,Receiver,AEC-007-0,AEC-007,Wire clip (C)
SA-9900,Integrated Amplifier,AEC-009-0,AEC-009,Wire clip (A)
QA-800,Integrated Amplifier,AEC-012-0,AEC-012,Foot
QC-800,Pre-Amplifier,AEC-012-0,AEC-012,Foot
QM-800,Amplifier,AEC-012-0,AEC-012,Foot
SA-1000,Integrated Amplifier,AEC-012-0,AEC-012,Foot
SA-600,Integrated Amplifier,AEC-012-C,AEC-012,Foot
SA-800,Integrated Amplifier,AEC-012-0,AEC-012,Foot
SX-424,Receiver,AEC-012-0,AEC-012,Foot
SX-525,Receiver,AEC-012-0,AEC-012,Foot
SX-626 (1971),Receiver,AEC-012-0,AEC-012,Foot
TX-1000,Tuner,AEC-012,AEC-012,FOOT
SX-626 (1973),Receiver,AEC-014-A,AEC-014,Lamp box
QX-949A,Receiver,AEC-017,AEC-017,Pulley
QX-9900,Receiver,AEC-017-0,AEC-017,Small pulley
SX-737,Receiver,AEC-017-0,AEC-017,Small pulley
TX-5300,Tuner,AEC-017-0,AEC-017,Pulley (small)
TX-6200,Tuner,AEC-017-0,AEC-017,Pulley
TX-6200,Tuner,AEC-017-0,AEC-017,Pulley
QX-949,Receiver,AEC-024-0,AEC-024,Wire clip (D)
SA-9100,Integrated Amplifier,AEC-024-0,AEC-024,Wire clip-0
SA-9900,Integrated Amplifier,AEC-024-0,AEC-024,Wire clip (D)
QX-646,Receiver,AEC-027-B,AEC-027,Foot
QX-747,Receiver,AEC-027-B,AEC-027,Foot
QX-949,Receiver,AEC-027-B,AEC-027,Foot
QX-949A,Receiver,AEC-027,AEC-027,Foot
QX-9900,Receiver,AEC-027-B,AEC-027,Foot
SX-1010,Receiver,AEC-027-B,AEC-027,Foot
SX-727,Receiver,AEC-027-B,AEC-027,Foot
SX-828,Receiver,AEC-027-B,AEC-027,Foot
SX-838,Receiver,AEC-027-0,AEC-027,Foot
SX-939,Receiver,AEC-027-B,AEC-027,Foot
SX-535,Receiver,AEC-031-0,AEC-031,Nylon sheet
TX-7100,Tuner,AEC-031-0,AEC-031,Smoothing nylon
QX-4000,Receiver,AEC-032-0,AEC-032,AC cord stopper
QX-9900,Receiver,AEC-032-0,AEC-032,AC cord stopper
Exclusive M3,Amplifier,AEC-036-A,AEC-036,Clip
QX-4000,Receiver,AEC-036-A,AEC-036,Canoe clip
QX-949,Receiver,AEC-036-A,AEC-036,Clip (P.C. Board holder)
TX-9500,Tuner,AEC-036-A,AEC-036,Acrylic board clip
SA-5200,Integrated Amplifier,AEC-037-0,AEC-037,Wire clip-S
SA-9900,Integrated Amplifier,AEC-037-0,AEC-037,Wire clip (S)
TX-6200,Tuner,AEC-037-0,AEC-037,Wire clip S
TX-6200,Tuner,AEC-037-0,AEC-037,Wire clip S
TX-6200,Tuner,AEC-037-0,AEC-037,Wire clip S
TX-6200,Tuner,AEC-037-0,AEC-037,Wire clip S
TX-6200,Tuner,AEC-037-0,AEC-037,Wire clip S
TX-6200,Tuner,AEC-037-0,AEC-037,Wire clip S
TX-7100,Tuner,AEC-037-0,AEC-037,Wire clip S
TX-9100,Tuner,AEC-037-0,AEC-037,Wire clip (S)
TX-9500,Tuner,AEC-037-0,AEC-037,Wire clip IS)
SA-9100,Integrated Amplifier,AEC-043-A,AEC-043,Foot
QA-800A,Integrated Amplifier,AEC-057-0,AEC-057,Foot
QC-800A,Pre-Amplifier,AEC-057-0,AEC-057,Foot
QM-800A,Amplifier,AEC-057-0,AEC-057,Foot
SD-1100,Other,AEC-057-0,AEC-057,Foot assembly
QX-4000,Receiver,AEC-058-0,AEC-058,Fuse cover
QX-4000,Receiver,AEC-058-0,AEC-058,Fuse cover
SA-5200,Integrated Amplifier,AEC-058-0,AEC-058,Fuse holder (protection) cover (FV model)
SX-434,Receiver,AEC-058-0,AEC-058,Plastic cover
SX-535,Receiver,AEC-058-0,AEC-058,Plastic cover
SX-636,Receiver,AEC-058-0,AEC-058,Plastic cover
QX-4000,Receiver,AEC-061-0,AEC-061,Foot
SA-5200,Integrated Amplifier,AEC-061-A,AEC-061,Foot
SX-434,Receiver,AEC-061-A,AEC-061,Foot
SX-535,Receiver,AEC-061-A,AEC-061,Foot assembly
SX-636,Receiver,AEC-061-A,AEC-061,Foot assembly
SX-737,Receiver,AEC-061-A,AEC-061,Foot assembly
TX-6200,Tuner,AEC-061-A,AEC-061,Foot
TX-6200,Tuner,AEC-061-A,AEC-061,Foot
TX-6200,Tuner,AEC-061-A,AEC-061,Foot
QX-9900,Receiver,AEC-063-0,AEC-063,Wire clip
QX-747,Receiver,AEC-064-0,AEC-064,Wire clip
SA-8100,Integrated Amplifier,AEC-064-0,AEC-064,Wire clip
SX-1010,Receiver,AEC-064-0,AEC-064,Wire clip
SX-737,Receiver,AEC-064-0,AEC-064,Wire clip
SX-838,Receiver,AEC-064-0,AEC-064,Wire clip
SX-939,Receiver,AEC-064-0,AEC-064,Wire clip
QX-9900,Receiver,AEC-069-A,AEC-069,Wire clip
Exclusive M3,Amplifier,AEC-070-0,AEC-070,Push knob spacer
QX-949A,Receiver,AEC-076,AEC-076,Insulation Wafer
SX-939,Receiver,AEC-076-0,AEC-076,Spacer (insulator)
Exclusive M3,Amplifier,AEC-079-0,AEC-079,AC cord grommet
QX-646,Receiver,AEC-079-0,AEC-079,AC cord grommet
QX-747,Receiver,AEC-079-0,AEC-079,AC cord grommet
QX-949,Receiver,AEC-079-0,AEC-079,AC cord grommet
QX-949A,Receiver,AEC-079,AEC-079,Strain Relief
SA-5200,Integrated Amplifier,AEC-079-0,AEC-079,AC cord stopper
SA-8100,Integrated Amplifier,AEC-079-0,AEC-079,AC cord stopper
SA-9100,Integrated Amplifier,AEC-079-0,AEC-079,AC cord stopper
SA-9900,Integrated Amplifier,AEC-079-0,AEC-079,Cord grommet
SX-1010,Receiver,AEC-079-0,AEC-079,"AC cord grommet (KCU, F)"
SX-434,Receiver,AEC-079-0,AEC-079,"AC cord grommet (KCU,FV)"
SX-535,Receiver,AEC-079-0,AEC-079,"Cord grommet (KCU,FV)"
SX-626 (1973),Receiver,AEC-079-0,AEC-079,AC cord grommet
SX-636,Receiver,AEC-079-0,AEC-079,AC cord grommet
SX-636,Receiver,AEC-079-0,AEC-079,"AC cord grommet (KCU,FV)"
SX-737,Receiver,AEC-079-0,AEC-079,AC cord grommet
SX-737,Receiver,AEC-079-0,AEC-079,"AC cord grommet (KCU,F)"
SX-838,Receiver,AEC-079-0,AEC-079,AC cord grommet
SX-838,Receiver,AEC-079-0,AEC-079,"AC cord grommet (KCU,F)"
SX-939,Receiver,AEC-079-0,AEC-079,AC cord grommet
SX-939,Receiver,AEC-079-0,AEC-079,"AC cord grommet (KCU,F)"
TX-5300,Tuner,AEC-079-0,AEC-079,Cord grommet
TX-6200,Tuner,AEC-079-0,AEC-079,AC cord stopper
TX-7100,Tuner,AEC-079-0,AEC-079,AC cord stopper
TX-7100,Tuner,AEC-079-0,AEC-079,AC cord stopper
TX-8100,Tuner,AEC-079-0,AEC-079,AC cord stopper
TX-8100,Tuner,AEC-079-0,AEC-079,AC cord stopper
TX-9100,Tuner,AEC-079-0,AEC-079,Cord grommet
TX-9100,Tuner,AEC-079-0,AEC-079,Cord grommet
TX-9500,Tuner,AEC-079-0,AEC-079,Strain relief
A-7,Integrated Amplifier,AEC-083,AEC-083,Foot assembly
A-9,Integrated Amplifier,AEC-083,AEC-083,Cabinet bumper
C-21,Pre-Amplifier,AEC-083,AEC-083,Foot
SA-7100,Integrated Amplifier,AEC-083-A,AEC-083,Foot
SA-8100,Integrated Amplifier,AEC-083-A,AEC-083,Foot
SX-7,Receiver,AEC-083,AEC-083,Foot assembly
SX-8,Receiver,AEC-083,AEC-083,Foot assembly
TX-5300,Tuner,AEC-083-A,AEC-083,Foot
TX-7100,Tuner,AEC-083-A,AEC-083,Foot assembly
TX-8100,Tuner,AEC-083-A,AEC-083,Foot ass'y
TX-9100,Tuner,AEC-083-A,AEC-083,Foot assembly
SX-838,Receiver,AEC-084-C,AEC-084,Wire supporter
TX-6200,Tuner,AEC-084-0,AEC-084,Wire support arm
TX-7100,Tuner,AEC-084-C,AEC-084,Wire supporter
SA-9900,Integrated Amplifier,AEC-085-0,AEC-085,Nut (insulator)
SX-1010,Receiver,AEC-085-0,AEC-085,Nut (insulator)
SX-535,Receiver,AEC-085-0,AEC-085,Insulator nut
SX-636,Receiver,AEC-085-0,AEC-085,Nut (insulator)
SX-737,Receiver,AEC-085-0,AEC-085,Nut (insulator)
SX-939,Receiver,AEC-085-0,AEC-085,Nut (insulator)
SA-8100,Integrated Amplifier,AEC-086-0,AEC-086,Switch stopper
SA-9100,Integrated Amplifier,AEC-086-0,AEC-086,Switch stopper
TX-8100,Tuner,AEC-089-0,AEC-089,Wire holder
TX-9100,Tuner,AEC-089-0,AEC-089,Wire holder
QX-646,Receiver,AEC-090-0,AEC-090,Spacer
QX-646,Receiver,AEC-090-0,AEC-090,Spacer
SX-434,Receiver,AEC-090-0,AEC-090,Spacer
SA-5200,Integrated Amplifier,AEC-095-0,AEC-095,Spacer (A)
TX-6200,Tuner,AEC-095-A,AEC-095,Spacer (A)
SA-5200,Integrated Amplifier,AEC-096-0,AEC-096,Spacer (B)
TX-6200,Tuner,AEC-096-0,AEC-096,Spacer (B)
SA-5200,Integrated Amplifier,AEC-097-A,AEC-097,Lens (power indicator)
A-27,Integrated Amplifier,AEC-099,AEC-099,Capacitor cover (for C2) - S
A-27,Integrated Amplifier,AEC-099,AEC-099,Capacitor cover (for C2) - S/G
SA-3000,Integrated Amplifier,AEC-099,AEC-099,Cover
SA-606,Integrated Amplifier,AEC-099,AEC-099,Cover (for C1 - HG)
SA-606,Integrated Amplifier,AEC-099,AEC-099,"Cover (for C1 - S,S/G)"
SA-606,Integrated Amplifier,AEC-099,AEC-099,"Cover (for C2 - S,S/G)"
SA-706,Integrated Amplifier,AEC-099,AEC-099,Capacitor cover (for C1 - HG)
SA-706,Integrated Amplifier,AEC-099,AEC-099,"Capacitor cover (for C1 - S,S/G)"
SA-706,Integrated Amplifier,AEC-099,AEC-099,"Capacitor cover (for C2 - S,S/G)"
SX-1980,Receiver,AEC-099,AEC-099,Capacitor cover (HG)/S/SG
SX-550,Receiver,AEC-099,AEC-099,Capacitor cover (HG)
SX-550,Receiver,AEC-099,AEC-099,Capacitor cover (S)
SX-580/590,Receiver,AEC-099,AEC-099,Cover (for C1) (SX-590/HG)
SX-580/590,Receiver,AEC-099,AEC-099,Cover (for C1) (SX-590/HGW4)
SX-650,Receiver,AEC-099,AEC-099,Capacitor cover - HG
SX-650,Receiver,AEC-099,AEC-099,Capacitor cover - S
SX-680/690,Receiver,AEC-099,AEC-099,Capacitor cover (for C1 S/SG)
SX-680/690,Receiver,AEC-099,AEC-099,Capacitor cover (for C1) (SX -680/HG)
SX-680/690,Receiver,AEC-099,AEC-099,Capacitor cover (for C1) (SX -680/HGW4)
SX-680/690,Receiver,AEC-099,AEC-099,Capacitor cover (for C2 S/SG)
H-R9000,8-Track Tape,AEC-101-0,AEC-101,Pulley
QX-747,Receiver,AEC-101-0,AEC-101,Pulley
QX-949,Receiver,AEC-101-0,AEC-101,Pulley
QX-949A,Receiver,AEC-101,AEC-101,Pulley
SX-1010,Receiver,AEC-101-0,AEC-101,Pulley
SX-434,Receiver,AEC-101-0,AEC-101,Pulley
SX-535,Receiver,AEC-101-0,AEC-101,Pulley
SX-636,Receiver,AEC-101-0,AEC-101,Pulley (small)
SX-737,Receiver,AEC-101-0,AEC-101,Pulley (large)
SX-838,Receiver,AEC-101-0,AEC-101,Pulley
SX-838,Receiver,AEC-101-0,AEC-101,Pulley
SX-939,Receiver,AEC-101-0,AEC-101,Pulley (small)
SX-939,Receiver,AEC-101-0,AEC-101,Pulley (srnall)
SX-950,Receiver,AEC-101,AEC-101,Pulley
TX-5300,Tuner,AEC-101-0,AEC-101,Pulley (large)
TX-9500,Tuner,AEC-101-0,AEC-101,Pulley
QX-747,Receiver,AEC-110-A,AEC-110,Switch cover assembly
QX-747A,Receiver,AEC-110,AEC-110,Switch cover assembly
QX-949,Receiver,AEC-110-A,AEC-110,Switch cover assembly
QX-949A,Receiver,AEC-110,AEC-110,Switch cover assembly
QX-747,Receiver,AEC-111-0,AEC-111,Insulator
QX-949,Receiver,AEC-111-A,AEC-111,lnsulator
QX-949,Receiver,AEC-116-0,AEC-116,Spacer
SX-535,Receiver,AEC-116-0,AEC-116,Spacer
SX-636,Receiver,AEC-116-0,AEC-116,Spacer
SX-737,Receiver,AEC-116-0,AEC-116,Spacer
QX-949A,Receiver,AEC-119,AEC-119,Sponge
SX-535,Receiver,AEC-119-0,AEC-119,Sponge gum
SX-737,Receiver,AEC-119-0,AEC-119,Sponge rubber
QX-747,Receiver,AEC-120-0,AEC-120,Shading plate
QX-949,Receiver,AEC-120-0,AEC-120,Shading plate
QX-949A,Receiver,AEC-120,AEC-120,Shading Sponge Ring
QX-747,Receiver,AEC-121-0,AEC-121,Bracket (CD-4 indicator)
QX-949,Receiver,AEC-121-0,AEC-121,Lens (for CD-4 indicator)
QX-949A,Receiver,AEC-121,AEC-121,Acrylic Cap
Exclusive M3,Amplifier,AEC-131-0,AEC-131,Socket cover
QX-949A,Receiver,AEC-136,AEC-136,Clip
Exclusive M3,Amplifier,AEC-137-0,AEC-137,Plastic plate
Exclusive M3,Amplifier,AEC-138-0,AEC-138,Plastic plate (small)
Exclusive M3,Amplifier,AEC-139-0,AEC-139,Terminal board
Exclusive M3,Amplifier,AEC-149-0,AEC-149,Push switch spacer
SX-1010,Receiver,AEC-151-0,AEC-151,Wire supporter
TX-9500,Tuner,AEC-151-B,AEC-151,Wire supporter
SX-1010,Receiver,AEC-152-A,AEC-152,Spacer
SX-535,Receiver,AEC-152-A,AEC-152,Spacer
SX-636,Receiver,AEC-152-0,AEC-152,Knob spacer
SX-737,Receiver,AEC-152-B,AEC-152,Spacer
SX-838,Receiver,AEC-152-A,AEC-152,Spacer
SX-939,Receiver,AEC-152-A,AEC-152,Spacer (push knob)
SX-1010,Receiver,AEC-153-0,AEC-153,Pulley
SX-535,Receiver,AEC-153-0,AEC-153,Pulley
SX-636,Receiver,AEC-153-0,AEC-153,Pulley
SX-737,Receiver,AEC-153-0,AEC-153,Pulley (small)
SX-750,Receiver,AEC-153,AEC-153,Pully
SX-838,Receiver,AEC-153-0,AEC-153,Pulley
SX-939,Receiver,AEC-153-0,AEC-153,Pulley
SX-535,Receiver,AEC-154-A,AEC-154,Antenna clamper
SX-636,Receiver,AEC-154-A,AEC-154,Antenna clamper
SX-737,Receiver,AEC-154-0,AEC-154,Antenna clamper
SX-838,Receiver,AEC-154-0,AEC-154,Antenna clamper
SX-939,Receiver,AEC-154-0,AEC-154,Antenna clamper
TX-5300,Tuner,AEC-154-B,AEC-154,Amena clamper
SX-1010,Receiver,AEC-160-0,AEC-160,Bush
SX-535,Receiver,AEC-160-0,AEC-160,Bush
SX-636,Receiver,AEC-160-0,AEC-160,Bush
SX-737,Receiver,AEC-160-0,AEC-160,Bush
TX-5300,Tuner,AEC-163-B,AEC-163,Panel stay
SX-535,Receiver,AEC-164-0,AEC-164,Spacer
SX-636,Receiver,AEC-164-0,AEC-164,Spacer
TX-5300,Tuner,AEC-166-0,AEC-166,Spacer attached 9
TX-5300,Tuner,AEC-168-0,AEC-168,Spacer attached 9
TX-5300,Tuner,AEC-170-B,AEC-170,Insulator (L)
TX-5300,Tuner,AEC-173-B,AEC-173,Insulator (R)
CT-F8282,Cassette Tape,AEC-178,AEC-178,Foot assembly
CT-F9191,Cassette Tape,AEC-178,AEC-178,Foot assembly
SA-9900,Integrated Amplifier,AEC-178-0,AEC-178,Foot assembly
SG-9,Equalizer,AEC-178,AEC-178,Foot assembly
SX-3400,Receiver,AEC-178,AEC-178,Foot assembly
SX-3800,Receiver,AEC-178,AEC-178,Foot assembly
SX-6,Receiver,AEC-178,AEC-178,Foot assembly
TX-9500,Tuner,AEC-178-0,AEC-178,Foot
SA-9900,Integrated Amplifier,AEC-181-0,AEC-181,"Cover, AC outlet"
SA-9900,Integrated Amplifier,AEC-182-0,AEC-182,"Cover, phono jack"
SA-9900,Integrated Amplifier,AEC-183-0,AEC-183,Boss
TX-9500,Tuner,AEC-191-0,AEC-191,Nylon sheet
TX-9500,Tuner,AEC-192-B,AEC-192,Acrylic board
SA-9900,Integrated Amplifier,AEC-193-0,AEC-193,Lock plate
TX-5300,Tuner,AEC-199-0,AEC-199,Lock plate
TX-9500,Tuner,AEC-199-0,AEC-199,Lock plate
SA-9900,Integrated Amplifier,AEC-209-0,AEC-209,AC socket cover (D)
SX-450,Receiver,AEC-240,AEC-240,Acrylic board
SX-550,Receiver,AEC-240,AEC-240,Acrylic board
SX-750,Receiver,AEC-241,AEC-241,"INDICATOR (POWER, STEREO)"
SX-450,Receiver,AEC-249,AEC-249,Fuse cover
SX-550,Receiver,AEC-249,AEC-249,Fuse cover
SX-650,Receiver,AEC-251,AEC-251,Dial scale plate
SX-750,Receiver,AEC-251,AEC-251,Acrylic board
SX-750,Receiver,AEC-254,AEC-254,Shaft cover
SX-750,Receiver,AEC-255,AEC-255,"INDICATOR (AM, FM, PHONO, AUX)"
SX-850,Receiver,AEC-256,AEC-256,Pulley (small)
SX-950,Receiver,AEC-256,AEC-256,Pully (small)
SX-950,Receiver,AEC-260,AEC-260,Acrylic board
TX-6500II,Tuner,AEC-262,AEC-262,Antenna clamper
TX-8500II,Tuner,AEC-262,AEC-262,Antenna clamper
TX-9500II,Tuner,AEC-262,AEC-262,Antenna clamper
CT-F6262,Cassette Tape,AEC-264,AEC-264,Lever guard
A-27,Integrated Amplifier,AEC-279,AEC-279,Capacitor cover (for C2) - KU
M-25,Amplifier,AEC-279,AEC-279,Capacitor cover
SA-5500II,Integrated Amplifier,AEC-279,AEC-279,Capacitor cover
SA-7700,Integrated Amplifier,AEC-279,AEC-279,Capacitor cover for C1 (KU)
SX-1980,Receiver,AEC-279,AEC-279,Capacitor cover (KU)
SX-580/590,Receiver,AEC-279,AEC-279,Cover (for C2) (SX-580/KU)
SX-650,Receiver,AEC-279,AEC-279,Capacitor cover - KCU
SX-680/690,Receiver,AEC-279,AEC-279,Capacitor cover (for C2) (SX -680/KU)
SA-3000,Integrated Amplifier,AEC-288,AEC-288,Insulator
SX-3600/720,Receiver,AEC-288,AEC-288,Mica wafer
A-27,Integrated Amplifier,AEC-294,AEC-294,Capacitor cover (for C1) - KU
M-25,Amplifier,AEC-294,AEC-294,Capacitor cover
SA-7700,Integrated Amplifier,AEC-294,AEC-294,Capacitor cover for C2 (KU)
SX-580/590,Receiver,AEC-294,AEC-294,Cover (for C1) (SX-580/KU)
SX-650,Receiver,AEC-294,AEC-294,Capacitor cover - KU
SX-680/690,Receiver,AEC-294,AEC-294,Capacitor cover (for C1) (SX -680/KU)
SX-880/890,Receiver,AEC-294,AEC-294,Capacitor cover (for C1) SX-880/KU
SX-880/890,Receiver,AEC-294,AEC-294,Capacitor cover (for C1) SX-880/S
SX-880/890,Receiver,AEC-294,AEC-294,Capacitor cover (for C1) SX-880/SG
SX-880/890,Receiver,AEC-294,AEC-294,Capacitor cover (for C4) SX-880/S
SX-880/890,Receiver,AEC-294,AEC-294,Capacitor cover (for C4) SX-880/SG
TX-8500II,Tuner,AEC-296,AEC-296,Acrylic board
SA-530,Integrated Amplifier,AEC-318,AEC-318,Mica wafer
A-27,Integrated Amplifier,AEC-327,AEC-327,Strain reIief
A-6,Integrated Amplifier,AEC-327,AEC-327,Strain relief
A-66X,Integrated Amplifier,AEC-327,AEC-327,Strain relief (HEZ)
A-7,Integrated Amplifier,AEC-327,AEC-327,Strain relief
A-70,Integrated Amplifier,AEC-327,AEC-327,Strain relief
A-80,Integrated Amplifier,AEC-327,AEC-327,Strain relief
A-9,Integrated Amplifier,AEC-327,AEC-327,Strain relief
A-90,Integrated Amplifier,AEC-327,AEC-327,Strain ralief
F-7,Tuner,AEC-327,AEC-327,Strain relief
F-90,Tuner,AEC-327,AEC-327,Strain relief
RG-2,Dynamic Range Expander,AEC-327,AEC-327,Strain relief
SA-3000,Integrated Amplifier,AEC-327,AEC-327,Strain relief
SA-530,Integrated Amplifier,AEC-327,AEC-327,Strain relief
SA-710,Integrated Amplifier,AEC-327,AEC-327,Strein relief
SA-930,Integrated Amplifier,AEC-327,AEC-327,Strain relief - KU
SG-9,Equalizer,AEC-327,AEC-327,Strain relief
SR-303,Reverb,AEC-327,AEC-327,Strain relief
SX-3600/720,Receiver,AEC-327,AEC-327,Strain relief
SX-6,Receiver,AEC-327,AEC-327,Strain relief
SX-7,Receiver,AEC-327,AEC-327,Strain relief
SX-700,Receiver,AEC-327,AEC-327,Strain relief
SX-700L,Receiver,AEC-327,AEC-327,Strain relief
SX-8,Receiver,AEC-327,AEC-327,Strain relief
SX-980,Receiver,AEC-327,AEC-327,AC cord stopper
SX-D5000,Receiver,AEC-327,AEC-327,Strain relief - KU
TX-6800/608,Tuner,AEC-327,AEC-327,Strain relief
TX-930,Tuner,AEC-327,AEC-327,Strain relief
SX-3400,Receiver,AEC-337,AEC-337,Strain relief (S)
RG-2,Dynamic Range Expander,AEC-351,AEC-351,Foot assembly
RG-60,Dynamic Range Expander,AEC-351,AEC-351,Leg assembly
SA-3000,Integrated Amplifier,AEC-351,AEC-351,Foot assembly
SR-303,Reverb,AEC-351,AEC-351,Font
A-7,Integrated Amplifier,AEC-352,AEC-352,Nylon revet
A-9,Integrated Amplifier,AEC-352,AEC-352,Nylon rivet
SX-50,Receiver,AEC-352,AEC-352,Nylon rivet
TX-6800/608,Tuner,AEC-352,AEC-352,Nylon rivet
SA-6700,Integrated Amplifier,AEC-355,AEC-355,Cover for C1 (KC)
SX-3400,Receiver,AEC-358,AEC-358,Strain relief (KU)
SX-4,Receiver,AEC-358,AEC-358,Strain relief
SX-5,Receiver,AEC-358,AEC-358,Strain relief
SA-6700,Integrated Amplifier,AEC-365,AEC-365,Cover for C2 (KC)
SA-7700,Integrated Amplifier,AEC-365,AEC-365,Capacitor cover for C1 (KC)
SA-7700,Integrated Amplifier,AEC-365,AEC-365,Capacitor cover for C2 (KC)
SX-680/690,Receiver,AEC-365,AEC-365,Capacitor cover (for C1 KC)
SX-680/690,Receiver,AEC-365,AEC-365,Capacitor cover (for C2 KC)
SPEC-4,Amplifier,AEC-379,AEC-379,Spacer
SX-1980,Receiver,AEC-379,AEC-379,Terminal Guard (Spacer)
A-6,Integrated Amplifier,AEC-383,AEC-383,Foot assembly
A-60,Integrated Amplifier,AEC-383,AEC-383,Foot ass’y
A-90,Integrated Amplifier,AEC-384,AEC-384,Rivet
TX-930,Tuner,AEC-384,AEC-384,Nylon rivet
SX-880/890,Receiver,AEC-385,AEC-385,Capacitor cover (for C1) SX-880/KC
A-27,Integrated Amplifier,AEC-410,AEC-410,Transistor cover
RG-60,Dynamic Range Expander,AEC-426,AEC-426,LED (ORN)
F-28,Tuner,AEC-434,AEC-434,Dial pointer
SX-3400,Receiver,AEC-441,AEC-441,Rivet
SX-3400,Receiver,AEC-441,AEC-441,Rivet
SA-708,Integrated Amplifier,AEC-446,AEC-446,Foot assembly
SA-3000,Integrated Amplifier,AEC-451,AEC-451,Side panel L
SA-3000,Integrated Amplifier,AEC-452,AEC-452,Side panel R
A-90,Integrated Amplifier,AEC-471,AEC-471,Rivet
SA-1040,Integrated Amplifier,AEC-471,AEC-471,Nylon rivet
SA-1050,Integrated Amplifier,AEC-471,AEC-471,Nylon rivet
SX-202,Receiver,AEC-471,AEC-471,Nylon rivet
A-27,Integrated Amplifier,AEC-485,AEC-485,Foot assembly
SX-D5000,Receiver,AEC-485,AEC-485,Foot assembly
A-9,Integrated Amplifier,AEC-488,AEC-488,Insulator wafer
SA-708,Integrated Amplifier,AEC-488,AEC-488,Insulator spacer
SX-7,Receiver,AEC-488,AEC-488,Mica wafer
SA-1040,Integrated Amplifier,AEC-510,AEC-510,Nylon rivet
SA-1050,Integrated Amplifier,AEC-510,AEC-510,Nylon rivet
A-60,Integrated Amplifier,AEC-525,AEC-525,Nylon rivet
RG-60,Dynamic Range Expander,AEC-525,AEC-525,Nylon rivet
SA-3000,Integrated Amplifier,AEC-527,AEC-527,Insulator
TX-6800/608,Tuner,AEC-546,AEC-546,Foot assembly
TX-6800/608,Tuner,AEC-554,AEC-554,P.C. board holder
GR-551,Equalizer,AEC-558,AEC-558,Nylon rivet
GR-555,Equalizer,AEC-558,AEC-558,Nylon rivet
A-7,Integrated Amplifier,AEC-564,AEC-564,Knob holder (A)
A-9,Integrated Amplifier,AEC-564,AEC-564,Knob holder
SX-D5000,Receiver,AEC-564,AEC-564,Stopper A
SX-D5000,Receiver,AEC-565,AEC-565,Stopper B
SA-5800/508,Integrated Amplifier,AEC-570,AEC-570,Foot assembly
SX-3400,Receiver,AEC-579,AEC-579,Small pulley
TX-410,Tuner,AEC-609,AEC-609,FOOT ASSY
TX-610,Tuner,AEC-609,AEC-609,FOOT ASSY
TX-710,Tuner,AEC-609,AEC-609,FOOT ASSY
A-717,Integrated Amplifier,AEC-613,AEC-613,FOOT ASSY
A-80,Integrated Amplifier,AEC-613,AEC-613,FOOT ASSY
A-90,Integrated Amplifier,AEC-613,AEC-613,Bumper
F-7,Tuner,AEC-613,AEC-613,Cabinet bumper
SA-420,Integrated Amplifier,AEC-672,AEC-672,Foot assembly
SX-600,Receiver,AEC-672,AEC-672,Foot assembly
SX-600L,Receiver,AEC-672,AEC-672,Foot assembly
SX-700,Receiver,AEC-672,AEC-672,Foot assembly
SX-700L,Receiver,AEC-672,AEC-672,Foot assembly
SX-3500,Receiver,AEC-702,AEC-702,Foot assembly
SX-3600/720,Receiver,AEC-702,AEC-702,Foot assembly
A-77X,Integrated Amplifier,AEC-716,AEC-716,Lamp cap
A-88X,Integrated Amplifier,AEC-716,AEC-716,Lamp cap (Green)
F-90,Tuner,AEC-743,AEC-743,Flexible ring
A-7,Integrated Amplifier,AEC-782,AEC-782,Spacer
A-88X,Integrated Amplifier,AEC-783,AEC-783,Lamp cap (Red)
GR-551,Equalizer,AEC-784,AEC-784,Leg assembly
GR-555,Equalizer,AEC-784,AEC-784,Leg assembly
SA-530,Integrated Amplifier,AEC-784,AEC-784,Foot assembly
SX-202,Receiver,AEC-784,AEC-784,Cabinet bumper
TX-130L,Tuner,AEC-784,AEC-784,Foot assembly
TX-930,Tuner,AEC-784,AEC-784,Foot assembly
A-60,Integrated Amplifier,AEC-800,AEC-800,Flexible ring
A-77X,Integrated Amplifier,AEC-800,AEC-800,Flexible ring
A-88X,Integrated Amplifier,AEC-800,AEC-800,Flexible ring
SX-6,Receiver,AEC-818,AEC-818,Insulator
SX-4,Receiver,AEC-838,AEC-838,Foot assembly
SX-5,Receiver,AEC-838,AEC-838,Foot assembly
SA-1040,Integrated Amplifier,AEC-847,AEC-847,Leg ass‘y
SA-1050,Integrated Amplifier,AEC-847,AEC-847,Leg ass‘y
SX-8,Receiver,AEC-875,AEC-875,Stopper
A-66X,Integrated Amplifier,AEC-882,AEC-882,Strain relief (HB)
A-66X,Integrated Amplifier,AEC-882,AEC-882,Strain relief (HE)
A-77X,Integrated Amplifier,AEC-882,AEC-882,Strain relief - HB
A-77X,Integrated Amplifier,AEC-882,AEC-882,Strain relief - HE
C-72,Pre-Amplifier,AEC-882,AEC-882,STRAIN RELIEF - SD
TX-950,Tuner,AEC-903,AEC-903,Leg assembly
A-90,Integrated Amplifier,AEC-936,AEC-936,Stopper A
SA-1040,Integrated Amplifier,AEC-982,AEC-982,Volume escutcheon
SA-1050,Integrated Amplifier,AEC-982,AEC-982,Volume escutcheon
SA-940,Integrated Amplifier,AEC-982,AEC-982,Volume escutcheon
SA-950,Integrated Amplifier,AEC-982,AEC-982,Volume escutcheon
SA-8100,Integrated Amplifier,AED-018-0,AED-018,Light shade
SA-9100,Integrated Amplifier,AED-018-0,AED-018,Light shade
SX-1010,Receiver,AED-018-0,AED-018,Shading plate
SX-838,Receiver,AED-018-0,AED-018,Shading plate
TX-8100,Tuner,AED-018-0,AED-018,Shading plate
TX-8100,Tuner,AED-018-0,AED-018,Shading plate
TX-9100,Tuner,AED-018-0,AED-018,Shading plate
SX-939,Receiver,AED-01B-0,AED-01B,Shading plate
SX-737,Receiver,AED-025-A,AED-025,Shading plate
SX-535,Receiver,AED-036-A,AED-036,Mask
TX-6200,Tuner,AEE-007-A,AEE-007,Shading plate
QX-949A,Receiver,AEE-008,AEE-008,lnsulater
QX-949A,Receiver,AEE-009,AEE-009,Insulate Board
Exclusive M3,Amplifier,AEF-002-B,AEF-002,Spring
QX-646,Receiver,AEF-002-B,AEF-002,Coil spring
SX-434,Receiver,AEF-002-C,AEF-002,Spring
SX-535,Receiver,AEF-004-0,AEF-004,Spacer
A-7,Integrated Amplifier,AEK- 405,AEK- 405,Fuse T1 .6A FU2
GR-555,Equalizer,AEK- 512,AEK- 512,Fuse (T2.5A/260V) - HB
QX-646,Receiver,AEK-003-0,AEK-003,Fuse 3A (Protection - KUW model)
QX-8000A,Receiver,AEK-003-0,AEK-003,Fuse 3A for protection
SX-737,Receiver,AEK-003-0,AEK-003,Fuse 3A (protection -KCU)
QX-4000,Receiver,AEK-004-0,AEK-004,Fuse 1A for protection
QX-646,Receiver,AEK-004-0,AEK-004,Fuse 1A (Protection - KUW model)
QX-646,Receiver,AEK-004-0,AEK-004,Fuse 1A (Protection - KUW model)
SA-1000,Integrated Amplifier,AEK-004-O,AEK-004,Fuse 1A (KUW model)
SA-600,Integrated Amplifier,AEK-004-0,AEK-004,1A fuse for UL (KUW)
SA-800,Integrated Amplifier,AEK-004-0,AEK-004,"Fuse 1A, for protection (KUW/KCW)"
SA-9100,Integrated Amplifier,AEK-004-0,AEK-004,Fuse 1A (protection) for KUW model
QX-8000A,Receiver,AEK-005-0,AEK-005,Fuse 0.5A for protection
SX-626 (1971),Receiver,AEK-008-0,AEK-008,Fuse 3A for protection
TX-7100,Tuner,AEK-008-0,AEK-008,Fuse 3A (protection - KCW model)
TX-8100,Tuner,AEK-008-0,AEK-008,Fuse 3A (protection - KCW model)
TX-9100,Tuner,AEK-008-0,AEK-008,Fuse 3A (protection) (KCW model)
QX-4000,Receiver,AEK-009-0,AEK-009,Fuse 1.5A for protection
QX-4000,Receiver,AEK-009-0,AEK-009,Fuse 1.5A for protection
QX-4000,Receiver,AEK-009-0,AEK-009,Fuse 1.5A for protection
QX-4000,Receiver,AEK-009-0,AEK-009,Fuse 1.5A for protection
QX-4000,Receiver,AEK-009-0,AEK-009,Fuse 1.5A for protection
QX-646,Receiver,AEK-009-0,AEK-009,Fuse 1.5A (Protection)
SA-5200,Integrated Amplifier,AEK-009-0,AEK-009,Fuse 1.5A (protection)
SA-8100,Integrated Amplifier,AEK-009-0,AEK-009,Fuse 1.5A   FVW model
SX-434,Receiver,AEK-009-0,AEK-009,Fuse  1.5A (AC power - FV)
SX-525,Receiver,AEK-009-0,AEK-009,Fuse 1.5A for protection
SX-737,Receiver,AEK-013-0,AEK-013,Fuse 1.6A (protection- GN)
SX-535,Receiver,AEK-014-0,AEK-014,Fuse (protection)  500mA (GN)
SX-636,Receiver,AEK-014-0,AEK-014,Fuse 500mA (protection - GN)
A-9,Integrated Amplifier,AEK-015,AEK-015,Fuse (5A) 220/240V - HE
SA-5200,Integrated Amplifier,AEK-016-0,AEK-016,"Fuse 0.5A (AC power, protection) (FV model)"
TX-5300,Tuner,AEK-016-0,AEK-016,Fuse 0.5A
TX-5300,Tuner,AEK-016-0,AEK-016,Fuse 0.5A (primary)
TX-5300,Tuner,AEK-016-0,AEK-016,Fuse 0.5A (secondary)
TX-6200,Tuner,AEK-016-0,AEK-016,Fuse (Primary) F and FVZ model 0.5A
TX-7100,Tuner,AEK-016-0,AEK-016,"Fuse 0.5A (AC power - FVZW, FW model)"
TX-8100,Tuner,AEK-016-0,AEK-016,"Fuse 0.5A (AC power - FVZW, FW model)"
TX-9100,Tuner,AEK-016-0,AEK-016,"Fuse 0.5A (AC power) (FVZW, FW model)"
TX-9100,Tuner,AEK-016-0,AEK-016,"Fuse 0.5A (protection) (FVZW, FW model)"
TX-9100,Tuner,AEK-016-0,AEK-016,"Fuse 0.5A (protection) (FVZW, FW model)"
TX-9100,Tuner,AEK-016-0,AEK-016,"Fuse 0.5A (protection) (FVZW, FW model)"
TX-9100,Tuner,AEK-016-0,AEK-016,"Fuse 0.5A (protection) (FVZW, FW model)"
A-6,Integrated Amplifier,AEK-017,AEK-017,Fuse (T2A/AC250V) - HB
A-6,Integrated Amplifier,AEK-017,AEK-017,Fuse (T2A/AC250V) - HE
A-77X,Integrated Amplifier,AEK-017,AEK-017,Fuse (T2A) - HE
SA-710,Integrated Amplifier,AEK-017,AEK-017,Fuse - HB  (T2A)
SA-710,Integrated Amplifier,AEK-017,AEK-017,Fuse - HE  (T2A)
SA-930,Integrated Amplifier,AEK-017,AEK-017,Fuse (T2A) - HB
SA-930,Integrated Amplifier,AEK-017,AEK-017,Fuse (T2A) - HE
SA-930,Integrated Amplifier,AEK-017,AEK-017,Fuse (T2A) - HEZ
SA-930,Integrated Amplifier,AEK-017,AEK-017,Fuse (T2A) - YP
SA-940,Integrated Amplifier,AEK-017,AEK-017,Fuse (2A) - YP
SA-940,Integrated Amplifier,AEK-017,AEK-017,Fuse (T2A) - HB
SA-940,Integrated Amplifier,AEK-017,AEK-017,Fuse (T2A) - HE
SA-950,Integrated Amplifier,AEK-017,AEK-017,Fuse (2A) - HE
SA-950,Integrated Amplifier,AEK-017,AEK-017,FUSE (2A) - HEZ
SA-950,Integrated Amplifier,AEK-017,AEK-017,Fuse (2A) - YP
SA-970,Integrated Amplifier,AEK-017,AEK-017,Fuse (T2A)
SX-550,Receiver,AEK-017,AEK-017,Fuse 2A (HG)
SX-600L,Receiver,AEK-017,AEK-017,Fuse (2A)
TX-9500II,Tuner,AEK-017,AEK-017,Fuse 2A (Secondary - HG)
F-7,Tuner,AEK-018,AEK-018,Fuse (T1.25A 250V - HG)
SA-3000,Integrated Amplifier,AEK-018,AEK-018,Fuse 1.25A
SA-606,Integrated Amplifier,AEK-018,AEK-018,Fuse 1.25A (HG)
TX-7100,Tuner,AEK-019-0,AEK-019,Fuse 1.2A (protection - KCW model)
TX-8100,Tuner,AEK-019-0,AEK-019,Fuse 1.2A (protection - KCW model)
TX-9100,Tuner,AEK-019-0,AEK-019,Fuse 1.2A (protection) (KCW model)
QX-9900,Receiver,AEK-020-0,AEK-020,Fuse 2.5A
SA-9100,Integrated Amplifier,AEK-020-0,AEK-020,Fuse 2.5A (AC power) for FVW model
QX-9900,Receiver,AEK-021-0,AEK-021,Fuse 5A
SX-939,Receiver,AEK-021-0,AEK-021,Fuse 5A (AC power - KCU)
SA-9100,Integrated Amplifier,AEK-022-0,AEK-022,Fuse 1A (protection) for FVW model
TX-7100,Tuner,AEK-022-0,AEK-022,Fuse 1A (protection - KCW model)
TX-7100,Tuner,AEK-022-0,AEK-022,Fuse 1A (protection - KCW model)
TX-8100,Tuner,AEK-022-0,AEK-022,Fuse 1A (protection - KCW model)
TX-8100,Tuner,AEK-022-0,AEK-022,Fuse 1A (protection - KCW model)
TX-9100,Tuner,AEK-024-0,AEK-024,Fuse 0.5A (protection) (KCW model)
TX-9100,Tuner,AEK-024-0,AEK-024,Fuse 0.5A (protection) (KCW model)
TX-9100,Tuner,AEK-024-0,AEK-024,Fuse 0.5A (protection) (KCW model)
TX-9100,Tuner,AEK-024-0,AEK-024,Fuse 0.5A (protection) (KCW model)
SA-9100,Integrated Amplifier,AEK-025-0,AEK-025,Fuse 4A (AC power) for KUW model
QX-747,Receiver,AEK-028-0,AEK-028,Fuse 4A (AC power)
F-7,Tuner,AEK-031,AEK-031,Fuse (T800mA 250V - HG)
SX-434,Receiver,AEK-031-0,AEK-031,Fuse  0.8A (protection - GN)
SX-650,Receiver,AEK-031,AEK-031,Fuse 0.8A (HG)
SX-650,Receiver,AEK-031,AEK-031,Fuse 0.8A (HG)
TX-9500II,Tuner,AEK-031,AEK-031,Fuse 800mA (Secondary - HG)
TX-9500II,Tuner,AEK-031,AEK-031,Fuse 800mA (Secondary - HG)
QX-949,Receiver,AEK-033-0,AEK-033,Fuse 6A (AC power)
QX-949,Receiver,AEK-034-0,AEK-034,Fuse 6A (protection)
QX-747,Receiver,AEK-035-0,AEK-035,Fuse 4A (protection)
A-80,Integrated Amplifier,AEK-036,AEK-036,Fuse (T0.2A) - HE
C-72,Pre-Amplifier,AEK-037,AEK-037,FUSE (T250mA) - SD
C-72,Pre-Amplifier,AEK-037,AEK-037,FUSE (T250mA) - SD
C-72,Pre-Amplifier,AEK-037,AEK-037,FUSE (T250mA) - SD
C-72,Pre-Amplifier,AEK-037,AEK-037,FUSE (T250mA) - SD
SX-600L,Receiver,AEK-037,AEK-037,Fuse (250mA)
SX-700L,Receiver,AEK-037,AEK-037,Fuse T250mA 250V
SX-939,Receiver,AEK-039-0,AEK-039,Fuse 5A (protection - KCU)
M-22,Amplifier,AEK-040,AEK-040,Fuse 6A (KL-type)
A-60,Integrated Amplifier,AEK-042,AEK-042,Fuse (T3.15A) - HB
A-60,Integrated Amplifier,AEK-042,AEK-042,Fuse (T3.15A) - HE
A-60,Integrated Amplifier,AEK-042,AEK-042,Fuse (T3.15A) - YP
SA-1040,Integrated Amplifier,AEK-042,AEK-042,Fuse (T3.15A) - YP
SX-434,Receiver,AEK-042-0,AEK-042,Fuse  3.15A (protection - GN)
SX-434,Receiver,AEK-042-0,AEK-042,Fuse  3.15A (protection - GN)
SX-434,Receiver,AEK-042-0,AEK-042,Fuse  3.15A (protection - GN)
SX-434,Receiver,AEK-042-0,AEK-042,Fuse  3.15A (protection - GN)
SX-434,Receiver,AEK-042-0,AEK-042,Fuse  3.15A (protection - GN)
SX-434,Receiver,AEK-042-0,AEK-042,Fuse 3.15A (protection - GN)
SX-535,Receiver,AEK-042-0,AEK-042,Fuse (protection)  3.15A (GN)
SX-636,Receiver,AEK-042-0,AEK-042,Fuse 3.15A (protection - GN)
SX-636,Receiver,AEK-042-0,AEK-042,Fuse 3.15A (protection - GN))
SX-700L,Receiver,AEK-042,AEK-042,Fuse T3.15A 250V
SX-737,Receiver,AEK-042-0,AEK-042,Fuse 3.15A (protection - GN)
QX-747A,Receiver,AEK-100,AEK-100,"Fuse 4A (110V,120V,130V,primary)"
SA-6500,Integrated Amplifier,AEK-100,AEK-100,Fuse 4A (Primary)
SA-6500II,Integrated Amplifier,AEK-100,AEK-100,Fuse (Primary) 4A
SA-6800/608,Integrated Amplifier,AEK-100,AEK-100,Fuse 4A
SA-9500II,Integrated Amplifier,AEK-100,AEK-100,Fuse 4A
SA-9500II,Integrated Amplifier,AEK-100,AEK-100,Fuse 4A
SA-9500II,Integrated Amplifier,AEK-100,AEK-100,Fuse 4A (for 220V or 240V - S)
SA-9500II,Integrated Amplifier,AEK-100,AEK-100,Fuse 4A (for 220V or 240V-S)
SA-9900,Integrated Amplifier,AEK-100-0,AEK-100,"Fuse 4A (F1, primary) - D"
SX-3400,Receiver,AEK-100,AEK-100,Fuse 4A
SX-3600/720,Receiver,AEK-100,AEK-100,Fuse (4A)
SX-3700,Receiver,AEK-100,AEK-100,Fuse (4A)
SX-450,Receiver,AEK-100,AEK-100,"FU4  Fuse  4A (KU,KC)"
SX-450,Receiver,AEK-100,AEK-100,"FU5  Fuse  4A (KU,KC)"
SX-450,Receiver,AEK-100,AEK-100,Fuse 4A (S)
SX-450,Receiver,AEK-100,AEK-100,Fuse 4A (S)
SX-5,Receiver,AEK-100,AEK-100,"Fuse (4A,FU101)"
SX-535,Receiver,AEK-100-0,AEK-100,"Fuse (protection)  4A (KCU,FV)"
SX-550,Receiver,AEK-100,AEK-100,Fuse 4A
SX-550,Receiver,AEK-100,AEK-100,Fuse 4A
SX-550,Receiver,AEK-100,AEK-100,Fuse 4A
SX-550,Receiver,AEK-100,AEK-100,"Fuse 4A (110V, 120V - S)"
SX-580/590,Receiver,AEK-100,AEK-100,Fuse 4A
SX-636,Receiver,AEK-100-0,AEK-100,"Fuse 4A (protection - KCU,FV)"
SX-680/690,Receiver,AEK-100,AEK-100,Fuse 4A
SX-700,Receiver,AEK-100,AEK-100,Fuse (4A)
SX-750,Receiver,AEK-100,AEK-100,Fuse 4A
SX-780,Receiver,AEK-100,AEK-100,Fuse 4A
SX-8,Receiver,AEK-100,AEK-100,Fuse (4A) 220/240V S/SG-type
SX-820,Receiver,AEK-100,AEK-100,Fuse (4A)
A-5,Integrated Amplifier,AEK-101,AEK-101,FUSE(3 AMPS/125 VOLTS)
M-22,Amplifier,AEK-101,AEK-101,Fuse 3A (N-type)
QX-747A,Receiver,AEK-101,AEK-101,Fuse 3A (lamp circuit)
QX-949A,Receiver,AEK-101,AEK-101,Fuse 3A
QX-949A,Receiver,AEK-101,AEK-101,"Fuse 3A (220V,240V,primary - F type)"
SA-606,Integrated Amplifier,AEK-101,AEK-101,"Fuse 3A (S,S/G)"
SA-606,Integrated Amplifier,AEK-101,AEK-101,"Fuse 3A (S,S/G)"
SA-6700,Integrated Amplifier,AEK-101,AEK-101,Fuse 3A
SX-3500,Receiver,AEK-101,AEK-101,Fuse (3A)
SX-3600/720,Receiver,AEK-101,AEK-101,Fuse (3A)
SX-3700,Receiver,AEK-101,AEK-101,Fuse (3A)
SX-3800,Receiver,AEK-101,AEK-101,Fuse (S)
SX-3800,Receiver,AEK-101,AEK-101,Fuse (S/G)
SX-4,Receiver,AEK-101,AEK-101,Fuse (3A)
SX-434,Receiver,AEK-101 -0,AEK-101 ,Fuse  3A (protection - KCU)
SX-434,Receiver,AEK-101-0,AEK-101,Fuse  3A (protection - KCU)
SX-434,Receiver,AEK-101-0,AEK-101,Fuse  3A (protection - KCU)
SX-450,Receiver,AEK-101,AEK-101,"FU6  Fuse  3A (KU,KC)"
SX-535,Receiver,AEK-101-0,AEK-101,"Fuse (protection)  3A (KCU,FV)"
SX-580/590,Receiver,AEK-101,AEK-101,Fuse 3A
SX-636,Receiver,AEK-101-0,AEK-101,"Fuse 3A (protection - KCU,FV)"
SX-650,Receiver,AEK-101,AEK-101,Fuse 3A (KCU)
SX-737,Receiver,AEK-101-0,AEK-101,Fuse 3A (AC power - KCU)
SX-737,Receiver,AEK-101-0,AEK-101,"Fuse 3A (protection - KCU,F)"
SX-820,Receiver,AEK-101,AEK-101,Fuse (3A)
SX-939,Receiver,AEK-101-0,AEK-101,Fuse 3A (AC power - F)
SX-939,Receiver,AEK-101-0,AEK-101,Fuse 3A (protection)
SA-420,Integrated Amplifier,AEK-102,AEK-102,Fuse (2.5A) - KU
SA-5800/508,Integrated Amplifier,AEK-102,AEK-102,Fuse (2.5A)
SA-706,Integrated Amplifier,AEK-102,AEK-102,"Fuse (2.5A - S,S/G)"
SA-706,Integrated Amplifier,AEK-102,AEK-102,"Fuse (2.5A for 220V/240V - S,S/G)"
SX-3900,Receiver,AEK-102,AEK-102,Fuse 2.5A
SX-880/890,Receiver,AEK-102,AEK-102,Fuse 2.5A (SX-880/S)
SX-880/890,Receiver,AEK-102,AEK-102,Fuse 2.5A (SX-880/SG)
QX-747A,Receiver,AEK-103,AEK-103,"Fuse 2A (220V, 240V, primary)"
SA-606,Integrated Amplifier,AEK-103,AEK-103,"Fuse 2A (S,S/G)"
SA-606,Integrated Amplifier,AEK-103,AEK-103,"Fuse 2A (S,S/G)"
SPEC-2,Amplifier,AEK-103,AEK-103,Fuse 2A (Secondary)
SPEC-2,Amplifier,AEK-103,AEK-103,Fuse 2A (Secondary)
SPEC-2,Amplifier,AEK-103,AEK-103,Fuse 2A (Secondary)
SX-1280,Receiver,AEK-103,AEK-103,Fuse  2A
SX-1980,Receiver,AEK-103,AEK-103,Fuse  2A
SX-3400,Receiver,AEK-103,AEK-103,Fuse 2A
SX-550,Receiver,AEK-103,AEK-103,"2A (220V, 240V - S)"
SX-550,Receiver,AEK-103,AEK-103,Fuse 2A (S)
SX-6,Receiver,AEK-103,AEK-103,Fuse (2A)
SX-600,Receiver,AEK-103,AEK-103,Fuse (2A) - KU
SX-7,Receiver,AEK-103,AEK-103,Fuse (2A. FU2)
SX-780,Receiver,AEK-103,AEK-103,Fuse 2A
SX-880/890,Receiver,AEK-103,AEK-103,Fuse 2A
TX-8500II,Tuner,AEK-103,AEK-103,Fuse 2A (FU3)
TX-9500,Tuner,AEK-103-0,AEK-103,"Fuse 2A (F3, lamps)"
TX-9500,Tuner,AEK-103-0,AEK-103,Fuse 2A (lamps)
TX-9500II,Tuner,AEK-103,AEK-103,Fuse 2A (Secondary - KU/KC)
A-9,Integrated Amplifier,AEK-104,AEK-104,Fuse (1.5A) - S
A-9,Integrated Amplifier,AEK-104,AEK-104,Fuse (1.5A) - S/G
SPEC-4,Amplifier,AEK-104,AEK-104,Fuse 1.5A
SX-1050,Receiver,AEK-104,AEK-104,Fuse 1.5A
SX-1080,Receiver,AEK-104,AEK-104,FUSE (1.5A)
SX-1250,Receiver,AEK-104,AEK-104,1.5A Lamp circuits (KCU)
SX-1250,Receiver,AEK-104,AEK-104,1.5A Lamp circuits (S)
SX-1250,Receiver,AEK-104,AEK-104,Fuse 1.5A
SX-1980,Receiver,AEK-104,AEK-104,Fuse  1.5A
SX-1980,Receiver,AEK-104,AEK-104,Fuse  1.5A
SX-450,Receiver,AEK-104,AEK-104,"Fuse  1.5A (KU,KC)"
SX-450,Receiver,AEK-104,AEK-104,Fuse 1.5A (S)
SX-450,Receiver,AEK-104,AEK-104,Fuse 1.6A (S)
SX-535,Receiver,AEK-104-0,AEK-104,Fuse (primary)  l.5A (FV)
SX-550,Receiver,AEK-104,AEK-104,Fuse 1.5A
SX-580/590,Receiver,AEK-104,AEK-104,Fuse 1.5A
SX-650,Receiver,AEK-104,AEK-104,Fuse 1.5A (KCU/S)
SX-650,Receiver,AEK-104,AEK-104,Fuse 1.5A (S)
SX-680/690,Receiver,AEK-104,AEK-104,Fuse 1.5A
SX-737,Receiver,AEK-104-0,AEK-104,Fuse 1.5A (AC power -F)
SX-750,Receiver,AEK-104,AEK-104,Fuse 1.5A
SX-850,Receiver,AEK-104,AEK-104,Fuse 1.5A (FU6)
SX-850,Receiver,AEK-104,AEK-104,Fuse 1.5A (lamp circuit)
SX-950,Receiver,AEK-104,AEK-104,Fuse 1.5A (lamp circuit)
SX-980,Receiver,AEK-104,AEK-104,Fuse  1.5A
TX-6500II,Tuner,AEK-104,AEK-104,"Fuse 1.5A (Secondary - KC,KU)"
A-9,Integrated Amplifier,AEK-106,AEK-106,Fuse (1A) - S
A-9,Integrated Amplifier,AEK-106,AEK-106,Fuse (1A) - S/G
C-21,Pre-Amplifier,AEK-106,AEK-106,Fuse 1A (for KL-type)
F-28,Tuner,AEK-106,AEK-106,Fuse 1A (S/G)
QX-747A,Receiver,AEK-106,AEK-106,Fuse 1A (secondary)
QX-747A,Receiver,AEK-106,AEK-106,Fuse 1A (secondary)
QX-747A,Receiver,AEK-106,AEK-106,Fuse 1A (secondary)
QX-949A,Receiver,AEK-106,AEK-106,Fuse 1A
QX-949A,Receiver,AEK-106,AEK-106,Fuse 1A
QX-949A,Receiver,AEK-106,AEK-106,Fuse 1A
RG-1,Dynamic Range Expander,AEK-106,AEK-106,Fuse 1A (FU 1)
RG-1,Dynamic Range Expander,AEK-106,AEK-106,Fuse 1A (primary)
SA-420,Integrated Amplifier,AEK-106,AEK-106,Fuse (1A) - S
SA-420,Integrated Amplifier,AEK-106,AEK-106,Fuse (1A) - YP
SA-6500,Integrated Amplifier,AEK-106,AEK-106,Fuse 1A (Secondary)
SA-6500II,Integrated Amplifier,AEK-106,AEK-106,Fuse (Secondary) 1A
SA-7500II,Integrated Amplifier,AEK-106,AEK-106,"Fuse 1A (FU2, FU3)"
SA-9500,Integrated Amplifier,AEK-106-0,AEK-106,Fuse IA
SA-9900,Integrated Amplifier,AEK-106-0,AEK-106,"Fuse 1A (F2, F3, secondary) - D"
SA-9900,Integrated Amplifier,AEK-106-0,AEK-106,"Fuse 1A (F4, lamp)"
SA-9900,Integrated Amplifier,AEK-106-0,AEK-106,"Fuse 1A (F4, lamp) - D"
SA-9900,Integrated Amplifier,AEK-106-0,AEK-106,"Fuse 1A (FL F3, secondary)"
SPEC-2,Amplifier,AEK-106,AEK-106,Fuse 1A (Secondary)
SPEC-2,Amplifier,AEK-106,AEK-106,Fuse 1A (Secondary)
SPEC-4,Amplifier,AEK-106,AEK-106,Fuse 1A
SX-1050,Receiver,AEK-106,AEK-106,Fuse 1A
SX-1050,Receiver,AEK-106,AEK-106,Fuse 1A (FU1~FU4)
SX-1080,Receiver,AEK-106,AEK-106,Fuse (1A)
SX-1080,Receiver,AEK-106,AEK-106,Fuse (1A)
SX-1080,Receiver,AEK-106,AEK-106,Fuse (IA)
SX-1080,Receiver,AEK-106,AEK-106,Fuse (IA)
SX-1250,Receiver,AEK-106,AEK-106,1A Fuse Secondary (KCU)
SX-1250,Receiver,AEK-106,AEK-106,1A Fuse Secondary (S)
SX-1250,Receiver,AEK-106,AEK-106,Fuse 1A
SX-1250,Receiver,AEK-106,AEK-106,Fuse 1A
SX-1250,Receiver,AEK-106,AEK-106,Fuse 1A
SX-1250,Receiver,AEK-106,AEK-106,Fuse 1A
SX-1280,Receiver,AEK-106,AEK-106,Fuse  1A
SX-1280,Receiver,AEK-106,AEK-106,Fuse  1A
SX-1980,Receiver,AEK-106,AEK-106,Fuse  1A
SX-1980,Receiver,AEK-106,AEK-106,Fuse  1A
SX-3900,Receiver,AEK-106,AEK-106,Fuse 1A
SX-3900,Receiver,AEK-106,AEK-106,Fuse 1A
SX-434,Receiver,AEK-106-0,AEK-106,Fuse  1A (protection - KCU)
SX-600,Receiver,AEK-106,AEK-106,Fuse (1 A) - YP
SX-737,Receiver,AEK-106-0,AEK-106,"Fuse 1A (protection - KCU,F)"
SX-737,Receiver,AEK-106-0,AEK-106,"Fuse 1A (protection - KCU,F)"
SX-737,Receiver,AEK-106-0,AEK-106,"Fuse 1A (protection - KCU,F)"
SX-780,Receiver,AEK-106,AEK-106,Fuse 1A
SX-850,Receiver,AEK-106,AEK-106,Fuse 1A (FU2)
SX-850,Receiver,AEK-106,AEK-106,Fuse 1A (FU4)
SX-850,Receiver,AEK-106,AEK-106,Fuse 1A (FU5)
SX-850,Receiver,AEK-106,AEK-106,Fuse 1A (secondary)
SX-850,Receiver,AEK-106,AEK-106,Fuse 1A (secondary)
SX-850,Receiver,AEK-106,AEK-106,Fuse 1A (secondary)
SX-850,Receiver,AEK-106,AEK-106,Fuse 1A (secondary)
SX-850,Receiver,AEK-106,AEK-106,Fuse IA (FU3)
SX-880/890,Receiver,AEK-106,AEK-106,Fuse 1A
SX-939,Receiver,AEK-106-0,AEK-106,Fuse 1A (protection)
SX-950,Receiver,AEK-106,AEK-106,Fuse 1A
SX-950,Receiver,AEK-106,AEK-106,Fuse 1A
SX-950,Receiver,AEK-106,AEK-106,Fuse 1A
SX-950,Receiver,AEK-106,AEK-106,Fuse 1A
SX-980,Receiver,AEK-106,AEK-106,Fuse  1A
SX-980,Receiver,AEK-106,AEK-106,Fuse  1A
SX-980,Receiver,AEK-106,AEK-106,Fuse  1A
SX-980,Receiver,AEK-106,AEK-106,Fuse  1A
TX-5300,Tuner,AEK-106-0,AEK-106,Fuse 1A (lamps)
TX-6800/608,Tuner,AEK-106,AEK-106,Fuse (1 A)
TX-710,Tuner,AEK-106,AEK-106,FUSE(1 AMP)
TX-8500II,Tuner,AEK-106,AEK-106,Accessory fuse 1A - S
TX-9500,Tuner,AEK-106-0,AEK-106,Fuse 1A
TX-9500,Tuner,AEK-106-0,AEK-106,Fuse 1A(primary) 220 or 240V
TX-9500II,Tuner,AEK-106,AEK-106,Fuse 1A (Primary - KU/KC)
F-28,Tuner,AEK-107,AEK-107,Fuse 0.5A
M-22,Amplifier,AEK-107,AEK-107,Fuse 0.5A (KL-type)
M-22,Amplifier,AEK-107,AEK-107,Fuse 0.5A (KL-type)
M-22,Amplifier,AEK-107,AEK-107,Fuse 0.5A (KL-type)
M-22,Amplifier,AEK-107,AEK-107,Fuse 0.5A (KL-type)
M-22,Amplifier,AEK-107,AEK-107,Fuse 0.5A (N-type)
M-22,Amplifier,AEK-107,AEK-107,Fuse 0.5A (N-type)
M-22,Amplifier,AEK-107,AEK-107,Fuse 0.5A (N-type)
M-22,Amplifier,AEK-107,AEK-107,Fuse 0.5A (N-type)
M-25,Amplifier,AEK-107,AEK-107,FU2-FU5
SA-706,Integrated Amplifier,AEK-107,AEK-107,Fuse (0.5A)
SA-706,Integrated Amplifier,AEK-107,AEK-107,"Fuse (500mA - S,S/G)"
SA-7700,Integrated Amplifier,AEK-107,AEK-107,Fuse (0.5A)
SG-9500,Equalizer,AEK-107,AEK-107,Fuse 0.5A (lamp circuit)
SG-9500,Equalizer,AEK-107,AEK-107,Fuse 0.5A (primary)
SG-9500,Equalizer,AEK-107,AEK-107,Fuse 0.5A (secondary)
SPEC-1,Pre-Amplifier,AEK-107,AEK-107,Fuse 0.5A (FU1)
SPEC-1,Pre-Amplifier,AEK-107,AEK-107,Fuse 0.5A (FU2)
SPEC-1,Pre-Amplifier,AEK-107,AEK-107,Fuse 0.5A (FU3)
SPEC-1,Pre-Amplifier,AEK-107,AEK-107,Fuse 0.5A (FU4)
SPEC-1,Pre-Amplifier,AEK-107,AEK-107,Fuse 0.5A (FU5)
SX-3700,Receiver,AEK-107,AEK-107,Fuse (0.5A)
SX-3800,Receiver,AEK-107,AEK-107,Fuse (S)
SX-450,Receiver,AEK-107,AEK-107,"FU1  Fuse  0.5A (KU,KC)"
SX-450,Receiver,AEK-107,AEK-107,"FU2  Fuse  0.5A (KU,KC)"
SX-450,Receiver,AEK-107,AEK-107,Fuse 0.5A (S)
SX-450,Receiver,AEK-107,AEK-107,Fuse 0.5A (S)
SX-535,Receiver,AEK-107-0,AEK-107,"Fuse (protection)  0.5A (KCU,FV)"
SX-600,Receiver,AEK-107,AEK-107,Fuse (0.5A)
SX-636,Receiver,AEK-107-0,AEK-107,"Fuse 0.5A (protection - KCU,FV)"
SX-700,Receiver,AEK-107,AEK-107,Fuse (0.5A)
SX-750,Receiver,AEK-107,AEK-107,Fuse 0.5A
SX-820,Receiver,AEK-107,AEK-107,Fuse (0.5A)
TX-6500II,Tuner,AEK-107,AEK-107,Accessory fuse 500mA (S)
TX-6500II,Tuner,AEK-107,AEK-107,"Fuse 500mA (Primary - KC,KU)"
TX-6500II,Tuner,AEK-107,AEK-107,Fuse 500mA (Primary - S)
TX-6500II,Tuner,AEK-107,AEK-107,"Fuse 500mA (Secondary - KC,KU)"
TX-6500II,Tuner,AEK-107,AEK-107,"Fuse 500mA (Secondary - KC,KU)"
TX-8500II,Tuner,AEK-107,AEK-107,Accessory fuse 500mA - S
TX-9500,Tuner,AEK-107-0,AEK-107,"Fuse 0.5A (F4, primary)"
TX-9500,Tuner,AEK-107-0,AEK-107,"Fuse 0.5A (primary) 110,120 or130V"
TX-9500II,Tuner,AEK-107,AEK-107,Fuse 500mA (Primary - S)
A-27,Integrated Amplifier,AEK-108,AEK-108,Fuse 5A - KU
A-27,Integrated Amplifier,AEK-108,AEK-108,Fuse 5A - KU
A-6,Integrated Amplifier,AEK-108,AEK-108,Fuse (5A) - KU
A-6,Integrated Amplifier,AEK-108,AEK-108,Fuse (5A/125V)
A-9,Integrated Amplifier,AEK-108,AEK-108,Fuse (5A) 220/240V - S
A-9,Integrated Amplifier,AEK-108,AEK-108,Fuse (5A) 220/240V - S/G
SA-6500,Integrated Amplifier,AEK-108,AEK-108,Fuse 5A  (Secondary)
SA-6500,Integrated Amplifier,AEK-108,AEK-108,Fuse 5A (Secondary)
SA-6500II,Integrated Amplifier,AEK-108,AEK-108,Fuse (Secondary) 5A
SA-6500II,Integrated Amplifier,AEK-108,AEK-108,Fuse (Secondary) 5A
SA-706,Integrated Amplifier,AEK-108,AEK-108,"Fuse (5A - S,S/G)"
SA-706,Integrated Amplifier,AEK-108,AEK-108,"Fuse (5A, for 110V/120V - S,S/G)"
SA-710,Integrated Amplifier,AEK-108,AEK-108,Fuse - KU  (5A)
SA-7500II,Integrated Amplifier,AEK-108,AEK-108,Fuse 5A (FU 1)
SA-7700,Integrated Amplifier,AEK-108,AEK-108,Fuse (5A)
SA-9800,Integrated Amplifier,AEK-108,AEK-108,Fuse (5A)
SX-3500,Receiver,AEK-108,AEK-108,Fuse (5A)
SX-4,Receiver,AEK-108,AEK-108,Fuse (5A)
SX-6,Receiver,AEK-108,AEK-108,Fuse (5A)
SX-600,Receiver,AEK-108,AEK-108,Fuse (5A)
SX-636,Receiver,AEK-108-0,AEK-108,Fuse 1.5A (AC power -FV)
SX-636,Receiver,AEK-108-0,AEK-108,"Fuse 5A (protection - KCU,FV)"
SX-680/690,Receiver,AEK-108,AEK-108,Fuse 5A
SX-7,Receiver,AEK-108,AEK-108,"Fuse (5A, FU1)"
SX-850,Receiver,AEK-108,AEK-108,Fuse SA (primary)
SX-880/890,Receiver,AEK-108,AEK-108,Fuse 5A
SX-880/890,Receiver,AEK-108,AEK-108,Fuse 5A (SX-880/S)
SX-880/890,Receiver,AEK-108,AEK-108,Fuse 5A (SX-880/SG)
A-27,Integrated Amplifier,AEK-109,AEK-109,"Fuse 6A (for 220, 240V) - S"
A-27,Integrated Amplifier,AEK-109,AEK-109,"Fuse 6A (for 220, 240V) - S/G"
Exclusive M3,Amplifier,AEK-109-0,AEK-109,Fuse 6A (AC power)
QX-949A,Receiver,AEK-109,AEK-109,Fuse 6A (primary - KSC)
QX-949A,Receiver,AEK-109,AEK-109,"Fuse 6A(110V,120V,130V, primary) - F type"
SA-7800,Integrated Amplifier,AEK-109,AEK-109,Fuse 6A
SA-8800,Integrated Amplifier,AEK-109,AEK-109,Fuse (6A)
SA-9500,Integrated Amplifier,AEK-109-0,AEK-109,Fuse 6A
SPEC-4,Amplifier,AEK-109,AEK-109,Fuse 6A
SX-1250,Receiver,AEK-109,AEK-109,6A Primary voltage : 220V/240V (S)
SX-3600/720,Receiver,AEK-109,AEK-109,Fuse (6A)
SX-3800,Receiver,AEK-109,AEK-109,Fuse (KU)
SX-3800,Receiver,AEK-109,AEK-109,Fuse (S/G)
SX-3800,Receiver,AEK-109,AEK-109,Fuse 6A
SX-5,Receiver,AEK-109,AEK-109,"Fuse (6A,FU102,FU103l"
SX-700,Receiver,AEK-109,AEK-109,Fuse (6A)
SX-950,Receiver,AEK-109,AEK-109,Fuse 6A (primary)
SX-980,Receiver,AEK-109,AEK-109,Fuse  6A
A-80,Integrated Amplifier,AEK-110,AEK-110,Fuse (8A/125V) - S
A-80,Integrated Amplifier,AEK-110,AEK-110,Fuse (8A/125V) - S/G
SA-9500II,Integrated Amplifier,AEK-110,AEK-110,Fuse 8A (for 110V or 120V-S)
SA-9500II,Integrated Amplifier,AEK-110,AEK-110,Fuse BA (for 110V or 120V - S)
SA-7800,Integrated Amplifier,AEK-111,AEK-111,Fuse 0.8A
SA-8800,Integrated Amplifier,AEK-111,AEK-111,Fuse (0.8A)
SA-9500II,Integrated Amplifier,AEK-111,AEK-111,Fuse 0.8A
SA-9500II,Integrated Amplifier,AEK-111,AEK-111,Fuse 0.8A
SA-9800,Integrated Amplifier,AEK-111,AEK-111,Fuse (0.8A)
SX-550,Receiver,AEK-111,AEK-111,Fuse 0.8A
SX-550,Receiver,AEK-111,AEK-111,Fuse 0.8A
SX-650,Receiver,AEK-111,AEK-111,Fuse 0.8A (KCU/S)
SX-650,Receiver,AEK-111,AEK-111,Fuse 0.8A (KCU/S)
SX-750,Receiver,AEK-111,AEK-111,Fuse 0.8A
SX-750,Receiver,AEK-111,AEK-111,Fuse 0.8A
TX-9500,Tuner,AEK-111-0,AEK-111,"Fuse 0.8A (F1, F2 secondary)"
TX-9500,Tuner,AEK-111-0,AEK-111,"Fuse 0.8A (F2, secondary)"
TX-9500,Tuner,AEK-111-0,AEK-111,Fuse 0.8A (secondary)
TX-9500,Tuner,AEK-111-0,AEK-111,Fuse 0.8A (secondary)
TX-9500II,Tuner,AEK-111,AEK-111,Fuse 800mA (Secondary - KC/KU)
TX-9500II,Tuner,AEK-111,AEK-111,Fuse 800mA (Secondary - KU/KC)
A-27,Integrated Amplifier,AEK-113,AEK-113,"Fuse 12A (for 110, 120V) - S"
A-27,Integrated Amplifier,AEK-113,AEK-113,"Fuse 12A (for 110, 120V) - S/G"
A-9,Integrated Amplifier,AEK-114,AEK-114,Fuse (10A) 110/120V - S
A-9,Integrated Amplifier,AEK-114,AEK-114,Fuse (10A) 110/120V - S/G
GR-777,Equalizer,AEK-118,AEK-118,Fuse (800mA/125V) - KUC
TX-905,Tuner,AEK-118,AEK-118,FUSE (800MA/125V)
TX-950,Tuner,AEK-118,AEK-118,Fuse (0.8A/125V) - KU
A-80,Integrated Amplifier,AEK-119,AEK-119,Fuse (8A/125V) - S
A-80,Integrated Amplifier,AEK-119,AEK-119,Fuse (8A/125V) - S/G
SX-8,Receiver,AEK-119,AEK-119,Fuse (1A)
SA-530,Integrated Amplifier,AEK-121,AEK-121,Fuse (1.6A) - S
SX-202,Receiver,AEK-121,AEK-121,Fuse (T1.6A)
SX-8,Receiver,AEK-122,AEK-122,Fuse (2A)
SA-930,Integrated Amplifier,AEK-123,AEK-123,Fuse (2.5A) - S/SG
SA-940,Integrated Amplifier,AEK-123,AEK-123,Fuse (2.5A) - S
SA-940,Integrated Amplifier,AEK-123,AEK-123,Fuse (2.5A) - S
SA-940,Integrated Amplifier,AEK-123,AEK-123,Fuse (2.5A) - S/G
SA-940,Integrated Amplifier,AEK-123,AEK-123,Fuse (2.5A) - S/G
SA-950,Integrated Amplifier,AEK-123,AEK-123,Fuse (2.5A) - S
SA-950,Integrated Amplifier,AEK-123,AEK-123,Fuse (2.5A) - S
SA-950,Integrated Amplifier,AEK-123,AEK-123,Fuse (2.5A) - S/G
SA-950,Integrated Amplifier,AEK-123,AEK-123,Fuse (2.5A) - S/G
A-60,Integrated Amplifier,AEK-124,AEK-124,Fuse (3.15A) - S
A-60,Integrated Amplifier,AEK-124,AEK-124,Fuse (3.15A) - S
A-77X,Integrated Amplifier,AEK-124,AEK-124,Fuse (3.15A) - S
A-77X,Integrated Amplifier,AEK-124,AEK-124,Fuse (3.15A) - S/G
SA-1040,Integrated Amplifier,AEK-124,AEK-124,Fuse (3.15A) - S
SA-1040,Integrated Amplifier,AEK-124,AEK-124,Fuse (3.15A) - S
SA-1040,Integrated Amplifier,AEK-124,AEK-124,Fuse (3.15A) - S/G
SA-1040,Integrated Amplifier,AEK-124,AEK-124,Fuse (3.15A) - S/G
SA-1050,Integrated Amplifier,AEK-124,AEK-124,Fuse (3.15A) - S
SA-1050,Integrated Amplifier,AEK-124,AEK-124,Fuse (3.15A) - S
SA-1050,Integrated Amplifier,AEK-124,AEK-124,Fuse (3.15A) - S/G
SA-1050,Integrated Amplifier,AEK-124,AEK-124,Fuse (3.15A) - S/G
SA-530,Integrated Amplifier,AEK-124,AEK-124,Fuse (3.15A)
SA-530,Integrated Amplifier,AEK-124,AEK-124,Fuse (3.15A) - KU
A-51,Integrated Amplifier,AEK-125,AEK-125,FUSE 4A * REK1066
SA-530,Integrated Amplifier,AEK-125,AEK-125,Fuse (5A) - S
SX-50,Receiver,AEK-125,AEK-125,Fuse (4A)
SA-530,Integrated Amplifier,AEK-126,AEK-126,Fuse (5A) - KU
SA-950,Integrated Amplifier,AEK-126,AEK-126,Fuse (5A) - KC
GR-777,Equalizer,AEK-136,AEK-136,Fuse (500mA/125V) - KUC
SX-434,Receiver,AEK-200-0,AEK-200,Fuse  3A (AC power - KCU)
SX-535,Receiver,AEK-200-0,AEK-200,Fuse (primary)  3A (KCU)
SX-636,Receiver,AEK-202-0,AEK-202,Fuse 4A (protection - KCU)
QX-949A,Receiver,AEK-205,AEK-205,Fuse 6A (with leads - KCU type)
M-25,Amplifier,AEK-300,AEK-300,Fuse
SA-9900,Integrated Amplifier,AEK-300-0,AEK-300,"Fuse 8A (F1, primary)"
SPEC-2,Amplifier,AEK-301,AEK-301,Fuse 12A (Primary)
SX-1250,Receiver,AEK-301,AEK-301,12A Primary voltage : 110V/120V (KCU)
SX-1250,Receiver,AEK-301,AEK-301,12A Primary voltage : 110V/120V (S)
SX-1250,Receiver,AEK-301,AEK-301,Fuse 12A (primary)
SX-1280,Receiver,AEK-301,AEK-301,Fuse 12A
SX-1050,Receiver,AEK-302,AEK-302,Fuse 10A
SX-1080,Receiver,AEK-302,AEK-302,FUSE (10A)
SX-1980,Receiver,AEK-303,AEK-303,Fuse  15A
A-88X,Integrated Amplifier,AEK-304,AEK-304,"Fuse (FU1, FU2)"
SX-8,Receiver,AEK-304,AEK-304,Fuse (8A) 110/120V KU-type
SX-8,Receiver,AEK-304,AEK-304,Fuse (8A) 110/120V S/SG-type
SX-D5000,Receiver,AEK-304,AEK-304,Fuse (8A)
SX-3900,Receiver,AEK-305,AEK-305,Fuse 10A
A-90,Integrated Amplifier,AEK-306,AEK-306,Fuse (15A)
SA-930,Integrated Amplifier,AEK-308,AEK-308,Fuse (5A)
SA-930,Integrated Amplifier,AEK-308,AEK-308,Fuse (5A) - KU
SA-940,Integrated Amplifier,AEK-308,AEK-308,Fuse (5A) - KU
SA-950,Integrated Amplifier,AEK-308,AEK-308,Fuse (5A) - KU
A-60,Integrated Amplifier,AEK-309,AEK-309,Fuse (6.3A) - KU
A-71,Integrated Amplifier,AEK-309,AEK-309,FUSE 6.3A
A-77X,Integrated Amplifier,AEK-309,AEK-309,Fuse (6.3A)
A-77X,Integrated Amplifier,AEK-309,AEK-309,Fuse (6.3A) - KU
SA-1040,Integrated Amplifier,AEK-309,AEK-309,Fuse (6.3A) - KU
SA-1050,Integrated Amplifier,AEK-309,AEK-309,Fuse (6.3A) - KU
SX-60,Receiver,AEK-309,AEK-309,Fuse (6.3A)
A-7,Integrated Amplifier,AEK-400,AEK-400,Fuse T4A FU1
SA-9900,Integrated Amplifier,AEK-400-0,AEK-400,"Fuse 4A (F1, primary) - GN"
SX-450,Receiver,AEK-400,AEK-400,Fuse 4A (HG)
SX-450,Receiver,AEK-400,AEK-400,Fuse 4A (HG)
SX-535,Receiver,AEK-400-0,AEK-400,Fuse (protection)  4A (GN)
SX-550,Receiver,AEK-400,AEK-400,Fuse 4A (HG)
SX-550,Receiver,AEK-400,AEK-400,Fuse 4A (HG)
SX-636,Receiver,AEK-400-0,AEK-400,Fuse 4A (protection - GN)
A-60,Integrated Amplifier,AEK-401,AEK-401,Fuse (T500mA) - HB
A-60,Integrated Amplifier,AEK-401,AEK-401,Fuse (T500mA) - HB
A-60,Integrated Amplifier,AEK-401,AEK-401,Fuse (T500mA) - HE
A-60,Integrated Amplifier,AEK-401,AEK-401,Fuse (T500mA) - HE
A-66X,Integrated Amplifier,AEK-401,AEK-401,Fuse (0.5A)
A-77X,Integrated Amplifier,AEK-401,AEK-401,Fuse (T500mA) - HE
SA-706,Integrated Amplifier,AEK-401,AEK-401,Fuse (500rnA - HG)
SX-450,Receiver,AEK-401,AEK-401,Fuse 0.5A (HG)
SX-450,Receiver,AEK-401,AEK-401,Fuse 0.5A (HG)
TX-6500II,Tuner,AEK-401,AEK-401,Fuse 500mA (Primary - HG)
TX-6500II,Tuner,AEK-401,AEK-401,Fuse 500mA (Secondary - HG)
TX-6500II,Tuner,AEK-401,AEK-401,Fuse 500mA (Secondary - HG)
TX-9500II,Tuner,AEK-401,AEK-401,Fuse 500mA (Primary - HG)
A-80,Integrated Amplifier,AEK-402,AEK-402,Fuse (T1A) - HE
A-9,Integrated Amplifier,AEK-402,AEK-402,Fuse (1A) - HE
SA-530,Integrated Amplifier,AEK-402,AEK-402,Fuse (T1A) - HB
SA-530,Integrated Amplifier,AEK-402,AEK-402,Fuse (T1A) - HE
SA-530,Integrated Amplifier,AEK-402,AEK-402,Fuse (T1A) - HEZ
SA-530,Integrated Amplifier,AEK-402,AEK-402,Fuse (T1A) - YP
SA-9900,Integrated Amplifier,AEK-402-0,AEK-402,"Fuse 1A (F2, F3, secondary) - GN"
SA-9900,Integrated Amplifier,AEK-402-0,AEK-402,"Fuse 1A (F4, lamp) - GN"
SX-1250,Receiver,AEK-402,AEK-402,1A Fuse Secondary (HG)
SX-550,Receiver,AEK-402,AEK-402,Fuse 1A (HG)
SX-550,Receiver,AEK-402,AEK-402,Fuse 1A (HG)
TX-530L,Tuner,AEK-402,AEK-402,Fuse
A-6,Integrated Amplifier,AEK-403,AEK-403,Fuse (T2.5A/AC250V) - HE
A-66X,Integrated Amplifier,AEK-403,AEK-403,Fuse (2.5A)
GR-551,Equalizer,AEK-403,AEK-403,Fuse (T2.5A/250V) - HEZ
GR-555,Equalizer,AEK-403,AEK-403,Fuse (T2.5A/260V) - HEZ
GR-777,Equalizer,AEK-403,AEK-403,Fuse (T2.5A/250V) - HEZ
SA-1050,Integrated Amplifier,AEK-403,AEK-403,Fuse (T2.5A) - YP
SA-530,Integrated Amplifier,AEK-403,AEK-403,Fuse (T2.5A) - HB
SA-530,Integrated Amplifier,AEK-403,AEK-403,Fuse (T2.5A) - HE
SA-530,Integrated Amplifier,AEK-403,AEK-403,Fuse (T2.5A) - HEZ
SA-530,Integrated Amplifier,AEK-403,AEK-403,Fuse (T2.5A) - HEZ
SA-530,Integrated Amplifier,AEK-403,AEK-403,Fuse (T2.5A) - YP
SA-706,Integrated Amplifier,AEK-403,AEK-403,Fuse (2.5A for 220V/240V - HG)
SA-708,Integrated Amplifier,AEK-403,AEK-403,Fuse (2.5A)
SA-710,Integrated Amplifier,AEK-403,AEK-403,Fuse - HE  (T2.5A)
SA-930,Integrated Amplifier,AEK-403,AEK-403,Fuse (T2.5A) - HE
SA-930,Integrated Amplifier,AEK-403,AEK-403,Fuse (T2.5A) - HEZ
SA-940,Integrated Amplifier,AEK-403,AEK-403,Fuse (T2.5A) - HB
SA-940,Integrated Amplifier,AEK-403,AEK-403,Fuse (T2.5A) - HE
SA-950,Integrated Amplifier,AEK-403,AEK-403,Fuse (2.5A) - HE
SA-950,Integrated Amplifier,AEK-403,AEK-403,Fuse (2.5A) - HEZ
SX-600L,Receiver,AEK-403,AEK-403,Fuse (2.5A) - HE
SX-700L,Receiver,AEK-403,AEK-403,Fuse T2.5A 250V - HE
A-80,Integrated Amplifier,AEK-404,AEK-404,Fuse (T6.3A) - HE
SX-1250,Receiver,AEK-404,AEK-404,6.3A Primary voltage : 220V/240V (HG)
SX-700L,Receiver,AEK-404,AEK-404,Fuse T2.5A 250V
A-9,Integrated Amplifier,AEK-405,AEK-405,Fuse(T1.6A 250V)
SX-1250,Receiver,AEK-405,AEK-405,1.6A Lamp circuits (HG)
SX-450,Receiver,AEK-405,AEK-405,Fuse 1.6A (HG)
SX-450,Receiver,AEK-405,AEK-405,Fuse 1.6A (HG)
SX-550,Receiver,AEK-405,AEK-405,Fuse 1.6A (HG)
SX-650,Receiver,AEK-405,AEK-405,Fuse 1.6A (HG)
SX-650,Receiver,AEK-405,AEK-405,Fuse 1.6A (HG)
SX-700L,Receiver,AEK-405,AEK-405,Fuse T1.6A 250V
TX-6500II,Tuner,AEK-405,AEK-405,Fuse 1.6A (Secondary - HG)
GR-777,Equalizer,AEK-406,AEK-406,Fuse (T630mA/250V) - HEZ
GR-777,Equalizer,AEK-406,AEK-406,Fuse (T630mA/250V) - SD
GR-777,Equalizer,AEK-406,AEK-406,Fuse (T630mA/250V) - SD/G
SX-600L,Receiver,AEK-406,AEK-406,Fuse (630mA)
TX-130L,Tuner,AEK-406,AEK-406,Fuse (T630mA)
A-80,Integrated Amplifier,AEK-407,AEK-407,Fuse (T0.4A) - HE
GR-777,Equalizer,AEK-407,AEK-407,Fuse (T400mA/260V) - HEZ
GR-777,Equalizer,AEK-407,AEK-407,Fuse (T400mA/260V) - SD
GR-777,Equalizer,AEK-407,AEK-407,Fuse (T400mA/260V) - SD/G
TX-950,Tuner,AEK-407,AEK-407,Fuse (T400mA/250V) - HEZ
TX-950,Tuner,AEK-407,AEK-407,Fuse (T400mA/250V) - YP
SA-3000,Integrated Amplifier,AEK-408,AEK-408,Fuse 160mA
SA-606,Integrated Amplifier,AEK-408,AEK-408,Fuse 160mA (HG)
SA-6700,Integrated Amplifier,AEK-408,AEK-408,Fuse 160mA (KC)
SA-706,Integrated Amplifier,AEK-408,AEK-408,Fuse (160mA - HG)
SA-7700,Integrated Amplifier,AEK-408,AEK-408,Fuse 160mA (KC)
SA-3000,Integrated Amplifier,AEK-409,AEK-409,Fuse 125mA
A-77X,Integrated Amplifier,AEK-505,AEK-505,Fuse (T500mA) - HB
A-77X,Integrated Amplifier,AEK-511,AEK-511,Fuse (T2A) - HB
GR-551,Equalizer,AEK-512,AEK-512,Fuse (T2.5A/250V) - HB
SA-9500,Integrated Amplifier,AEK-I06-0,AEK-I06,Fuse 1A
SA-9500,Integrated Amplifier,AEK-I06-0,AEK-I06,Fuse 1A
A-717,Integrated Amplifier,AEK1002,AEK1002,FUSE 8A
QX-8000,Receiver,AEL-001-A,AEL-001,Lamp Ass'y
QX-8000A,Receiver,AEL-001-A,AEL-001,Lamp ass’y
TX-1000,Tuner,AEL-002,AEL-002,PILOT LAMP AEL-019
TX-6200,Tuner,AEL-004-0,AEL-004,Pilot lamp (for dial scale)
TX-8100,Tuner,AEL-004-0,AEL-004,Wire clip (A)
QX-646,Receiver,AEL-006-0,AEL-006,Pilot lamp (CD-4 indicator)
QX-747,Receiver,AEL-006-0,AEL-006,"Pilot lamp 6V, 30mA (stereo indicator)"
QX-949,Receiver,AEL-006-0,AEL-006,Pilot lamp 6V 30mA (Stereo indicator)
SX-424,Receiver,AEL-006-0,AEL-006,Pilot lamp for signal meter
SX-525,Receiver,AEL-006-0,AEL-006,Pilot lamp for FM stereo indicator
SX-626 (1973),Receiver,AEL-006-0,AEL-006,"Pilot lamp 6V, 30mA (stereo indicator)"
TX-6200,Tuner,AEL-006-0,AEL-006,Pilot lamp
QX-4000,Receiver,AEL-007-0,AEL-007,Pilot lamp for program and channel indicators
QX-646,Receiver,AEL-007-0,AEL-007,Pilot lamp (Program and mode indicators)
QX-747,Receiver,AEL-007-0,AEL-007,Pilot lamp 8V 50mA (program indicator)
QX-8000A,Receiver,AEL-007-0,AEL-007,Pilot lamp for program indicator
QX-8000A,Receiver,AEL-007-0,AEL-007,Pilot lamp for program indicator
QX-8000A,Receiver,AEL-007-0,AEL-007,Pilot lamp for program indicator
QX-8000A,Receiver,AEL-007-0,AEL-007,Pilot lamp for program indicator
QX-8000A,Receiver,AEL-007-0,AEL-007,Pilot lamp for program indicator
QX-949,Receiver,AEL-007-0,AEL-007,Pilot lamp 6V 50mA (Program indicator)
QX-9900,Receiver,AEL-007-0,AEL-007,Pilot lamp for program indicator
QX-9900,Receiver,AEL-007-0,AEL-007,Pilot lamp for reverberation indicator
SA-5200,Integrated Amplifier,AEL-007-0,AEL-007,Pilot lamp (power indicator)
SA-7100,Integrated Amplifier,AEL-007-0,AEL-007,Pilot lamp
SA-8100,Integrated Amplifier,AEL-007-0,AEL-007,Pilot lamp for indicator
SA-9100,Integrated Amplifier,AEL-007-0,AEL-007,Pilot lamp for indicator
SX-525,Receiver,AEL-007-0,AEL-007,Pilot lamp for program indicator
SX-626 (1971),Receiver,AEL-007-0,AEL-007,Pilot lamp for program indicator
SX-727,Receiver,AEL-007-0,AEL-007,Pilot lamp for program indicator
SX-828,Receiver,AEL-007-0,AEL-007,Pilot lamp for program indicator and speaker indicator
TX-7100,Tuner,AEL-007-0,AEL-007,Pilot lamp (program indicator)
TX-8100,Tuner,AEL-007-0,AEL-007,Pilot lamp (program indicator)
TX-9100,Tuner,AEL-007-0,AEL-007,Pilot lamp (for program indicator)
TX-9100,Tuner,AEL-007-0,AEL-007,Pilot lamp (for program indicator)
QX-9900,Receiver,AEL-011-0,AEL-011,Pilot lamp for speaker switch
QX-9900,Receiver,AEL-012-0,AEL-012,Channel indicator
Exclusive M3,Amplifier,AEL-014-0,AEL-014,"Pilot lamp 8V, 50mA"
SA-7100,Integrated Amplifier,AEL-014-0,AEL-014,Pilot lamp (Protection)
SA-8100,Integrated Amplifier,AEL-014-0,AEL-014,Pilot lamp for protection   KUW model
SA-9100,Integrated Amplifier,AEL-014-0,AEL-014,Pilot lamp for protection
SX-1010,Receiver,AEL-014-0,AEL-014,"Pilot lamp 6V, 30mA (stereo indicator)"
SX-838,Receiver,AEL-014-0,AEL-014,"Pilot lamp 6V, 30mA (Stereo indicator)"
SX-939,Receiver,AEL-014-0,AEL-014,"Pilot lamp 8V, 50mA"
SX-939,Receiver,AEL-014-0,AEL-014,"Pilot lamp BV, 50mA (stereo indicator)"
QL-600,Integrated Amplifier,AEL-015,AEL-015,LAMP(DIAL/POWER)
QL-600A,Integrated Amplifier,AEL-015,AEL-015,LAMP(DIAL/POWER)
QM-800,Amplifier,AEL-015,AEL-015,LAMP(DIAL/POWER)
QM-800A,Amplifier,AEL-015,AEL-015,LAMP(DIAL/POWER)
QT-2100,8-Track Tape,AEL-015,AEL-015,LAMP(DIAL/POWER)
QX-4000,Receiver,AEL-015,AEL-015,LAMP(DIAL/POWER)
QX-747,Receiver,AEL-015-0,AEL-015,Pilot lamp 8V 0.3A (meter)
QX-747,Receiver,AEL-015-0,AEL-015,"Pilot lamp 8V, 0.3A"
QX-747A,Receiver,AEL-015,AEL-015,"Lamp 8V, 300rnA, bar type (Meter illumination)"
QX-8000,Receiver,AEL-015,AEL-015,LAMP(DIAL/POWER)
QX-8000A,Receiver,AEL-015,AEL-015,LAMP(DIAL/POWER)
QX-949,Receiver,AEL-015-0,AEL-015,Pilot lamp 8V 0.3A (twin meter)
QX-949A,Receiver,AEL-015,AEL-015,"Lamp 8V, 300mA, bar type (Meter illumination)"
QX-9900,Receiver,AEL-015,AEL-015,LAMP(DIAL/POWER)
SX-1010,Receiver,AEL-015-0,AEL-015,"Pilot lamp 8V, 0.3A (meter)"
SX-838,Receiver,AEL-015-0,AEL-015,"Pilot lamp 8V, 0.3A (meter)"
SX-939,Receiver,AEL-015-0,AEL-015,"Pilot lamp 8V, 0.3A (meter)"
TX-1000,Tuner,AEL-015,AEL-015,LAMP(DIAL/POWER)
TX-500,Tuner,AEL-015,AEL-015,LAMP(DIAL/POWER)
TX-5300,Tuner,AEL-015,AEL-015,LAMP(DIAL/POWER)
TX-700,Tuner,AEL-015,AEL-015,LAMP(DIAL/POWER)
TX-7100,Tuner,AEL-015-0,AEL-015,Pilot lamp (tuning and signal meters)
TX-800,Tuner,AEL-015,AEL-015,LAMP(DIAL/POWER)
TX-8100,Tuner,AEL-015-0,AEL-015,Pilot lamp (tuning and signal meter)
TX-900,Tuner,AEL-015,AEL-015,LAMP(DIAL/POWER)
TX-9100,Tuner,AEL-015-0,AEL-015,Pilot lamp (for meter)
SX-434,Receiver,AEL-017-0,AEL-017,"Pilot lamp 6V, 30mA (stereo indicator)"
TX-5300,Tuner,AEL-017-A,AEL-017,"Lamp 6V, 30mA (PL1, stereo ind.)"
QX-8000,Receiver,AEL-019,AEL-019,PILOT LAMP(FUNCTIONS INDICATOR)
TX-710,Tuner,AEL-019,AEL-019,PILOT LAMP(FUNCTIONS INDICATOR)
Exclusive M3,Amplifier,AEL-020-0,AEL-020,"Pilot lamp 8V,0.3A (Meter)"
QX-747A,Receiver,AEL-022,AEL-022,"Lamp 8V, 50mA, with leads (Program indicator)"
QX-949A,Receiver,AEL-022,AEL-022,"Lamp 8V, 50mA, with leads (Program indicator)"
SA-9900,Integrated Amplifier,AEL-022-A,AEL-022,"Lamp (with leads, PL1, 8V 50mA)"
SX-636,Receiver,AEL-022-0,AEL-022,"Pilot lamp 8V, 50mA (Program indicator)"
SX-636,Receiver,AEL-022-0,AEL-022,"Pilot lamp 8V, 50mA (program indicator)"
SX-737,Receiver,AEL-022-0,AEL-022,"Pilot lamp 8V, 50mA (program indicator)"
SX-737,Receiver,AEL-022-0,AEL-022,"Pilot lamp 8V, 50mA (program indicator)"
SX-838,Receiver,AEL-022-0,AEL-022,"Pilot lamp 8V,50mA(program indicator)"
SX-939,Receiver,AEL-022-0,AEL-022,"Pilot lamp 8V, 50mA"
SX-939,Receiver,AEL-022-0,AEL-022,"Pilot lamp 8V, 50mA (program indicator)"
SX-1010,Receiver,AEL-023-0,AEL-023,Pilot lamp 8V 50 mA (Position)
SX-737,Receiver,AEL-023-0,AEL-023,"Pilot lamp BV,50mA(program indicator)"
SX-838,Receiver,AEL-023-0,AEL-023,"Pilot lamp 8V,50mA (program indicator)"
SX-939,Receiver,AEL-023-0,AEL-023,"Pilot lamp 8V, 50mA"
SX-939,Receiver,AEL-023-0,AEL-023,"Pilot lamp 8V, 50mA (program indicator)"
QX-747A,Receiver,AEL-025,AEL-025,"Lamp 6V, 30mA, with leads (CD-4 indicator)"
QX-949A,Receiver,AEL-025,AEL-025,"Lamp 6V, 30mA, with leads (CD-4 indicator)"
SX-535,Receiver,AEL-025-0,AEL-025,Lamp - dial pointer 8V 50mA
SX-535,Receiver,AEL-025-0,AEL-025,"Pilot lamp 8V, 50mA (Stereo indicator)"
SX-636,Receiver,AEL-025-0,AEL-025,"Pilot lamp 6V, 30mA (stereo indicator)"
TX-7500,Tuner,AEL-025,AEL-025,PILOT LAMP(STEREO INDICATOR)
TX-7800,Tuner,AEL-025,AEL-025,Lamp 8V 300mA
TX-9500,Tuner,AEL-025-0,AEL-025,"Lamp 6V (STEREO INDICATOR), 30mA (with leads)"
TX-5300,Tuner,AEL-026-0,AEL-026,Lamp 8V 50mA (AM/FM meter) with leads
TX-5300,Tuner,AEL-026-0,AEL-026,"Lamp 8V, 50mA (PL2, meter) with leads"
TX-7500,Tuner,AEL-026,AEL-026,PILOT LAMP
SX-1080,Receiver,AEL-029,AEL-029,Wedge typa pilot lamp (Dial scale)
SX-1080,Receiver,AEL-029,AEL-029,Wedge type pilot lamp (Dial scale)
SX-1080,Receiver,AEL-029,AEL-029,Wedge type pilot lamp (Dial scale)
SX-1280,Receiver,AEL-029,AEL-029,Lamp (wedge type)  0.3A
SX-1280,Receiver,AEL-029,AEL-029,Lamp (wedge type)  0.3A
SX-1280,Receiver,AEL-029,AEL-029,Lamp (wedge type)  0.3A
SX-1280,Receiver,AEL-029,AEL-029,Lamp (wedge type)  0.3A
SX-1980,Receiver,AEL-029,AEL-029,Lamp (wedge type) 8V  0.3A
SX-1980,Receiver,AEL-029,AEL-029,Lamp (wedge type) 8V  0.3A
SX-1980,Receiver,AEL-029,AEL-029,Lamp (wedge type) 8V  0.3A
SX-1980,Receiver,AEL-029,AEL-029,Lamp (wedge type) 8V  0.3A
SX-3500,Receiver,AEL-029,AEL-029,Lamp (wedge type)
SX-3600/720,Receiver,AEL-029,AEL-029,Lamp (wedge type)
SX-3700,Receiver,AEL-029,AEL-029,Lamp (wedge type)
SX-3900,Receiver,AEL-029,AEL-029,Lamp (wedge type)
SX-580/590,Receiver,AEL-029,AEL-029,"Lamp (wedge type, 8V 0.3A)"
SX-680/690,Receiver,AEL-029,AEL-029,"Lamp (wedge type, 8v 0.3A)"
SX-780,Receiver,AEL-029,AEL-029,Lamp (wedge type) 8V/0.3A
SX-820,Receiver,AEL-029,AEL-029,Lamp (wedge type)
SX-850,Receiver,AEL-029,AEL-029,"Lamp (8V, 0.3A, wedge-type)"
SX-880/890,Receiver,AEL-029,AEL-029,"Lamp (wedge type 8V,0.3A)"
SX-950,Receiver,AEL-029,AEL-029,"Lamp (8V, 0.3A, wedge-type)"
SX-980,Receiver,AEL-029,AEL-029,Wedge type pilot lamp
TX-6800/608,Tuner,AEL-029,AEL-029,Lamp (wedge type)
TX-8500II,Tuner,AEL-029,AEL-029,"Lamp (Wedge type) 8V, 300mA"
TX-9500,Tuner,AEL-029-0,AEL-029,"Lamp 8V, 300mA (wedge type)"
TX-9500II,Tuner,AEL-029,AEL-029,"Lamp (Wedge type 8V, 300mA"
TX-9500II,Tuner,AEL-029,AEL-029,"Lamp (Wedge type) 8V, 300mA"
TX-9500II,Tuner,AEL-029,AEL-029,"Lamp (Wedge type) 8V, 300mA"
TX-9500II,Tuner,AEL-029,AEL-029,"Lamp (Wedge type) 8V, 300mA"
RG-1,Dynamic Range Expander,AEL-042,AEL-042,Lamp with lead 8V 50mA (Power indicator)
RG-1,Dynamic Range Expander,AEL-042,AEL-042,"Lamp with leads, 8V 50mA  (PL1, Power Indicator)"
SPEC-2,Amplifier,AEL-042,AEL-042,"Lamp with wire 8V, 50mA"
SA-7500II,Integrated Amplifier,AEL-044,AEL-044,"Lamp with leads 8V, 50mA"
A-27,Integrated Amplifier,AEL-047,AEL-047,Lamp with wires (8V 50mA)
C-21,Pre-Amplifier,AEL-047,AEL-047,PILOT LAMP(SPEAKER)
SA-6500,Integrated Amplifier,AEL-047,AEL-047,"Lamp with wire (8V, 50rnA)"
SA-6500II,Integrated Amplifier,AEL-047,AEL-047,"Lamp with wire (8V, 50mA)"
SA-6500II,Integrated Amplifier,AEL-047,AEL-047,Lamp with wire 8V 50mA
SA-8800,Integrated Amplifier,AEL-047,AEL-047,Lamp with wires
SX-3900,Receiver,AEL-047,AEL-047,Lamp with wires (SPEAKERS)
SA-9500,Integrated Amplifier,AEL-051-0,AEL-051,Lamp with wire 8V 50mA
SA-9500,Integrated Amplifier,AEL-051-0,AEL-051,"Lamp with wire 8V, 50mA"
SX-1050,Receiver,AEL-056,AEL-056,PL1 Lamp assembly 8V
SX-1050,Receiver,AEL-056,AEL-056,PL2 Lamp assembly 8V
SX-1050,Receiver,AEL-056,AEL-056,PL3 Lamp assembly 8V
SX-1050,Receiver,AEL-056,AEL-056,PL4 Lamp assembly 8V
SX-1250,Receiver,AEL-056,AEL-056,"Lamp assembly (8V, 0.3A)"
SX-1250,Receiver,AEL-056,AEL-056,"Lamp assembly (8V, 0.3A)"
SX-1250,Receiver,AEL-056,AEL-056,"Lamp assembly (8V, 0.3Al"
SX-1250,Receiver,AEL-056,AEL-056,"Lamp assembly (8V, 0.3A]"
SX-850,Receiver,AEL-056,AEL-056,"Lamp assembly - Lamp(8V, 0.3A,wedge-type AEL-029) / Lamp socket (wedge-type AKK-004)"
SX-850,Receiver,AEL-056,AEL-056,"Lamp assembly - Lamp(8V, 0.3A,wedge-type AEL-029) / Lamp socket (wedge-type AKK-004)"
SX-850,Receiver,AEL-056,AEL-056,"Lamp assembly - Lamp(8V, 0.3A,wedge-type AEL-029) / Lamp socket (wedge-type AKK-004)"
SX-850,Receiver,AEL-056,AEL-056,"Lamp assembly - Lamp(8V, 0.3A,wedge-type AEL-029) / Lamp socket (wedge-type AKK-004)"
SX-950,Receiver,AEL-056,AEL-056,Lamp assembly (PL1—PL4)
SX-950,Receiver,AEL-056,AEL-056,"Lamp assembly - Lamp(8V, 0.3A,wedge-type AEL-029) / Lamp socket (wedge-type AKK-004)"
SX-950,Receiver,AEL-056,AEL-056,"Lamp assembly - Lamp(8V, 0.3A,wedge-type AEL-029) / Lamp socket (wedge-type AKK-004)"
SX-950,Receiver,AEL-056,AEL-056,"Lamp assembly - Lamp(8V, 0.3A,wedge-type AEL-029) / Lamp socket (wedge-type AKK-004)"
SX-950,Receiver,AEL-056,AEL-056,"Lamp assembly - Lamp(8V, 0.3A,wedge-type AEL-029) / Lamp socket (wedge-type AKK-004)"
SPEC-1,Pre-Amplifier,AEL-057,AEL-057,Lamp with wire 8V 50mA (PL1)
RG-1,Dynamic Range Expander,AEL-058,AEL-058,Lamp (bar type) 8V 0.3A (Meter illumination)
RG-1,Dynamic Range Expander,AEL-058,AEL-058,Lamp (bar type) 8V 0.3A (Meter illumination)
RG-1,Dynamic Range Expander,AEL-058,AEL-058,"Lamp, bar-type, 8V 0.3A - (PL2, Meter illumination)"
SPEC-2,Amplifier,AEL-058,AEL-058,"Lamp (bar type) 8V, 0.3A"
SPEC-2,Amplifier,AEL-058,AEL-058,"Lamp (bar type) 8V, 0.3A"
SPEC-2,Amplifier,AEL-058,AEL-058,"Lamp (bar type) 8V, 0.3A"
SPEC-2,Amplifier,AEL-058,AEL-058,Lamp (bar type) 8V. 0.3A
TX-6500II,Tuner,AEL-059,AEL-059,"Lamp with wire 6V, 30mA"
TX-6500II,Tuner,AEL-059,AEL-059,"Lamp with wire 8V, 30mA"
SX-450,Receiver,AEL-060,AEL-060,"Lamp assembly (KU,KC)"
SX-450,Receiver,AEL-060,AEL-060,"Lamp assembly (KU,KC)"
SX-450,Receiver,AEL-060,AEL-060,"Lamp assembly (KU,KC)"
SX-550,Receiver,AEL-060,AEL-060,Lamp assembly 8V 300mA
SX-550,Receiver,AEL-060,AEL-060,Lamp assembly 8V 300mA
SX-550,Receiver,AEL-060,AEL-060,Lamp assembly 8V 300mA
SX-650,Receiver,AEL-060,AEL-060,Lamp assembly 8V 300mA
SX-650,Receiver,AEL-060,AEL-060,Lamp assembly 8V 300mA
SX-650,Receiver,AEL-060,AEL-060,Lamp assembly 8V 300mA
SX-750,Receiver,AEL-060,AEL-060,Lamp assembly
SX-750,Receiver,AEL-060,AEL-060,"Lamp assembly (8V, 0.3A)"
SX-750,Receiver,AEL-060,AEL-060,"Lamp assembly (8V, 0.3A)"
SX-750,Receiver,AEL-060,AEL-060,"Lamp assembly (8V, 0.3A)"
TX-6500II,Tuner,AEL-060,AEL-060,"Lamp assembly 8V, 300mA - KU"
TX-6500II,Tuner,AEL-060,AEL-060,"Lamp assembly 8V, 300mA - KU"
TX-6500II,Tuner,AEL-060,AEL-060,"Lamp assembly 8V, 300mA - KU"
SX-450,Receiver,AEL-061,AEL-061,"Lamp with leads (KU,KC)"
SX-550,Receiver,AEL-061,AEL-061,Lamp with leads 6V 50mA
SX-650,Receiver,AEL-061,AEL-061,Lamp with leads 8V 50mA
C-21,Pre-Amplifier,AEL-062,AEL-062,Lamp with wires (POWER)
SX-450,Receiver,AEL-062,AEL-062,"Lamp with leads (KU,KC)"
SX-550,Receiver,AEL-062,AEL-062,Lamp with leads 6V 50mA
SG-9500,Equalizer,AEL-063,AEL-063,Lamp with leads (8V 50mA)
SX-750,Receiver,AEL-064,AEL-064,"Lamp with leads (8V, 50mA)"
A-88X,Integrated Amplifier,AEL-065,AEL-065,Pilot lamp (Blue lead)
SX-3900,Receiver,AEL-065,AEL-065,Lamp wlth wires
SX-750,Receiver,AEL-066,AEL-066,"Lamp with leads (8V, 50mA)"
A-88X,Integrated Amplifier,AEL-067,AEL-067,Pilot lamp (Black lead)
SX-1080,Receiver,AEL-067,AEL-067,Piiot lamp with wire (AM)
SX-1080,Receiver,AEL-067,AEL-067,Pilot lamp with wire (AUX)
SX-1080,Receiver,AEL-067,AEL-067,Pilot lamp with wire (PHONO)
SX-1280,Receiver,AEL-067,AEL-067,Lamp with wires  50mA
SX-1280,Receiver,AEL-067,AEL-067,Lamp with wires  50mA
SX-1280,Receiver,AEL-067,AEL-067,Lamp with wires  50mA
SX-1980,Receiver,AEL-067,AEL-067,Lamn with wires 8V  50mA
SX-1980,Receiver,AEL-067,AEL-067,Lamp (wedge type) 8V  50mA
SX-1980,Receiver,AEL-067,AEL-067,Lamp with wires 8V  50m A
SX-1980,Receiver,AEL-067,AEL-067,Lamp with wires 8V  50mA
SX-1980,Receiver,AEL-067,AEL-067,Lamp with wires 8V  50mA
SX-750,Receiver,AEL-067,AEL-067,"Lamp with leads (8V, 50mA)"
SX-980,Receiver,AEL-067,AEL-067,Pilot lamp with wire
