model,category,part_number,normalized_part_number,description
PLX-500K,Turntable,100-PLX500-2017,100-PLX500-2017,SPEED PUSH BUTTON K
PLX-500W,Turntable,100-PLX500W-2017,100-PLX500W-2017,SPEED PUSH BUTTON W
PLX-1000,Turntable,100-PNTT-3093,100-PNTT-3093,33/45 KNOB
PLX-1000,Turntable,100-PNTT-3094,100-PNTT-3094,TEMPO RESET BUTTON
PLX-1000,Turntable,100-PNTT-3095,100-PNTT-3095,TEMPO RANGE BUTTON
PLX-1000,Turntable,100-PNTT-3096,100-PNTT-3096,SPEED BUTTON
PLX-1000,Turntable,100-PNTT-3100,100-PNTT-3100,SHELL STAND
PLX-1000,Turntable,100-PNTT-3113,100-PNTT-3113,BUTTON BASE
SX-535,Receiver,1S2473,1S2473,Diode
PLX-500K,Turntable,200-DJ3000-211,200-DJ3000-211,45 RPM ADAPTOR (AL)
PLX-500W,Turntable,200-DJ3000-211,200-DJ3000-211,45 RPM ADAPTOR (AL)
PLX-1000,Turntable,200-PNTT-211A,200-PNTT-211A,45 RPM ADAPTOR(AL)
PLX-1000,Turntable,200-PNTT-693,200-PNTT-693,SUB WEIGHT
PLX-1000,Turntable,200-ST100-268,200-ST100-268,SHELL WEIGHT
PLX-500K,Turntable,200-ST100-268,200-ST100-268,SHELL WEIGHT
PLX-500W,Turntable,200-ST100-268,200-ST100-268,SHELL WEIGHT
PLX-500K,Turntable,200-TT100-232C,200-TT100-232C,ALUMINIUM PLATTER (15 MM)
PLX-500W,Turntable,200-TT100-232C,200-TT100-232C,ALUMINIUM PLATTER (15 MM)
SX-1280,Receiver,"258706-R, S or Q","258706-R, S or Q",Transistor
SA-9800,Integrated Amplifier,28432526-G,28432526,Transistor
SA-9800,Integrated Amplifier,28432526-G,28432526,Transistor
SA-9800,Integrated Amplifier,28432526-G,28432526,Transistor
SA-9800,Integrated Amplifier,28432526-G,28432526,Transistor
SX-850,Receiver,288531A-R,288531A,Transistor
SX-850,Receiver,288531A-R,288531A,Transistor
SX-3700,Receiver,2SA1075-G (2SA1075-B),2SA1075-G (2SA1075-B),Transistor
SX-820,Receiver,2SA1075-G (2SA1075-B),2SA1075-G (2SA1075-B),Transistor
SA-7800,Integrated Amplifier,2SA1075/A,2SA1075/A,Transistor
SA-7800,Integrated Amplifier,2SA1075/A,2SA1075/A,Transistor
SA-708,Integrated Amplifier,2SA1075/A/-G,2SA1075/A/,Transistor
SA-8800,Integrated Amplifier,2SA1075/A/-G,2SA1075/A/,Transistor
SA-8800,Integrated Amplifier,2SA1075/A/-G,2SA1075/A/,Transistor
SA-8800,Integrated Amplifier,2SA1075/A/-G,2SA1075/A/,Transistor
SA-8800,Integrated Amplifier,2SA1075/A/-G,2SA1075/A/,Transistor
SA-710,Integrated Amplifier,2SA1075A/,2SA1075A/,Transistor
SA-9800,Integrated Amplifier,2SA1076-G,2SA1076,Transistor
SA-9800,Integrated Amplifier,2SA1076-G,2SA1076,Transistor
SA-9800,Integrated Amplifier,2SA1076-G,2SA1076,Transistor
SA-9800,Integrated Amplifier,2SA1076-G,2SA1076,Transistor
SX-3900,Receiver,2SA1076,2SA1076,Transistor
A-9,Integrated Amplifier,2SA1076/A/-B (2SA1076/A/-G),2SA1076/A/-B (2SA1076/A/-G),Transistor
SX-6,Receiver,2SA1104/A/-Y (2SA1104/A/-O) (2SA1104/A/-P),2SA1104/A/-Y (2SA1104/A/-O) (2SA1104/A/-P),Power transistor  (hfe of 2SA1104/A/ and 2SC2579/A/ should have the same value.)
A-90,Integrated Amplifier,2SA1186/A/,2SA1186/A/,Power transistor (Q11)
A-90,Integrated Amplifier,2SA1186/A/,2SA1186/A/,Power transistor (Q12)
A-90,Integrated Amplifier,2SA1294/A/-0 (2SA1294/A/-Y),2SA1294/A/-0 (2SA1294/A/-Y),"Power transistor (Q8, Q10)"
A-90,Integrated Amplifier,2SA1294/A/-0 (2SA1294/A/-Y),2SA1294/A/-0 (2SA1294/A/-Y),"Power transistor (Q9, Q7)"
QX-949A,Receiver,"2SA679-R or Y (2SA747-R, O or Y)","2SA679-R or Y (2SA747-R, O or Y)",Transistor
SA-9900,Integrated Amplifier,"2SA679S-V or R (2SA747A-R, O or Y)","2SA679S-V or R (2SA747A-R, O or Y)",Transistor
SA-9900,Integrated Amplifier,"2SA679S-V or R (2SA747A-R, O or Y)","2SA679S-V or R (2SA747A-R, O or Y)",Transistor
SA-9900,Integrated Amplifier,"2SA679S-Y or R (2SA747A-R, O or Y)","2SA679S-Y or R (2SA747A-R, O or Y)",Transistor
SA-9900,Integrated Amplifier,"2SA679S-Y or R (2SA747A-R, O or Y)","2SA679S-Y or R (2SA747A-R, O or Y)",Transistor
M-22,Amplifier,2SA744-R or O,2SA744-R or O,Transistor
M-22,Amplifier,2SA744-R or O,2SA744-R or O,Transistor
M-22,Amplifier,2SA744-R or O,2SA744-R or O,Transistor
M-22,Amplifier,2SA744-R or O,2SA744-R or O,Transistor
SX-1010,Receiver,"2SA747A-R, O or Y/2SA679S-R or Y/2SB539P-K, L or M","2SA747A-R, O or Y/2SA679S-R or Y/2SB539P-K, L or M",Transistor
SX-1010,Receiver,"2SA747A-R, O or Y/2SA679S-R or Y/2SB539P-K, L or M","2SA747A-R, O or Y/2SA679S-R or Y/2SB539P-K, L or M",Transistor
SX-1010,Receiver,"2SA747A-R, O or Y/2SA679S-R or Y/2SB539P-K, L or M","2SA747A-R, O or Y/2SA679S-R or Y/2SB539P-K, L or M",Transistor
SX-1010,Receiver,"2SA747A-R, O or Y/2SA679S-R or Y/2SB539P-K, L or M","2SA747A-R, O or Y/2SA679S-R or Y/2SB539P-K, L or M",Transistor
SX-750,Receiver,2SB 541-R,2SB 541,Transistor
SX-750,Receiver,2SB 541-R,2SB 541,Transistor
QX-747A,Receiver,2SB530-R or O (2SA745-R or O),2SB530-R or O (2SA745-R or O),Transistor
QX-747A,Receiver,2SB530-R or O (2SA745-R or O),2SB530-R or O (2SA745-R or O),Transistor
QX-949A,Receiver,"2SB530-R or O (2SA745-R, O or Y)","2SB530-R or O (2SA745-R, O or Y)",Transistor
SX-850,Receiver,2SB531A-R,2SB531A,Transistor
SX-850,Receiver,2SB531A-R,2SB531A,Transistor
QX-747A,Receiver,2SB531S-R or O (2SA756S-B or C),2SB531S-R or O (2SA756S-B or C),Transistor
QX-747A,Receiver,2SB531S-R or O (2SA756S-B or C),2SB531S-R or O (2SA756S-B or C),Transistor
SX-1050,Receiver,2SB539C-S,2SB539C,Transistor
SX-1050,Receiver,2SB539C-S,2SB539C,Transistor
SX-1050,Receiver,2SB539C-S,2SB539C,Transistor
SX-1050,Receiver,2SB539C-S,2SB539C,Transistor
SX-939,Receiver,"2SB541P-L or M (2SA745A-R, O or Y) (2SB530S-R, O or Y)","2SB541P-L or M (2SA745A-R, O or Y) (2SB530S-R, O or Y)",Transistor
SX-939,Receiver,"2SB541P-L or M (2SA745A-R, O or Y) (2SB530S-R, O or Y)","2SB541P-L or M (2SA745A-R, O or Y) (2SB530S-R, O or Y)",Transistor
SX-939,Receiver,"2SB541P-L or M (2SA745A-R, O or Y) (2SB530S-R, O or Y)","2SB541P-L or M (2SA745A-R, O or Y) (2SB530S-R, O or Y)",Transistor
SX-939,Receiver,"2SB541P-L or M (2SA745A-R, O or Y) (2SB530S-R, O or Y)","2SB541P-L or M (2SA745A-R, O or Y) (2SB530S-R, O or Y)",Transistor
SA-9500,Integrated Amplifier,"2SB541P-S or R (2SB530S-R, O or Y) (2SA745A-R, O or Y)","2SB541P-S or R (2SB530S-R, O or Y) (2SA745A-R, O or Y)",Transistor
SA-9500,Integrated Amplifier,"2SB541P-S or R (2SB530S-R, O or Y) (2SA745A-R, O or Y)","2SB541P-S or R (2SB530S-R, O or Y) (2SA745A-R, O or Y)",Transistor
SA-9500,Integrated Amplifier,"2SB541P-S or R (2SB530S-R, O or Y) (2SA745A-R, O or Y)","2SB541P-S or R (2SB530S-R, O or Y) (2SA745A-R, O or Y)",Transistor
SA-9500,Integrated Amplifier,"2SB541P-S or R (2SB530S-R, O or Y) (2SA745A-R, O or Y)","2SB541P-S or R (2SB530S-R, O or Y) (2SA745A-R, O or Y)",Transistor
SPEC-4,Amplifier,2SB554-H or O (2SB600-R or S),2SB554-H or O (2SB600-R or S),Transistor
SPEC-4,Amplifier,2SB554-R or O (2SB600-R or S),2SB554-R or O (2SB600-R or S),Transistor
SPEC-4,Amplifier,2SB554-R or O (2SB600-R or S),2SB554-R or O (2SB600-R or S),Transistor
SPEC-4,Amplifier,2SB554-R or O (2SB600-R or S),2SB554-R or O (2SB600-R or S),Transistor
SX-950,Receiver,2SB557-R,2SB557,Transistor
SX-950,Receiver,2SB557-R,2SB557,Transistor
SX-950,Receiver,2SB557-R,2SB557,Transistor
SX-950,Receiver,2SB557- R,2SB557- R,Transistor
SX-1250,Receiver,2SB600-R,2SB600,Transistor
SX-1250,Receiver,2SB600-R,2SB600,Transistor
SX-1250,Receiver,2SB600-R,2SB600,Transistor
SX-1250,Receiver,2SB600-R,2SB600,Transistor
SX-3500,Receiver,2SB616A40 or 2SB616A-R,2SB616A40 or 2SB616A,Transistor
SA-8500II,Integrated Amplifier,2SB617A/A/-R or Q,2SB617A/A/-R or Q,Transistor
SA-606,Integrated Amplifier,2SB618A-R or Q,2SB618A-R or Q,Transistor
SA-606,Integrated Amplifier,2SB618A-R or Q,2SB618A-R or Q,Transistor
SA-6700,Integrated Amplifier,2SB618A-R or Q,2SB618A-R or Q,Transistor
SA-6700,Integrated Amplifier,2SB618A-R or Q,2SB618A-R or Q,Transistor
SA-9500II,Integrated Amplifier,2SB618A/A/-R or Q,2SB618A/A/-R or Q,Transistor
SX-1080,Receiver,2SB701/A/-5 or C,2SB701/A/-5 or C,Transistor
SX-1080,Receiver,2SB701/A/-B or C,2SB701/A/-B or C,Transistor
SX-1080,Receiver,2SB701/A/-B or C,2SB701/A/-B or C,Transistor
SX-1080,Receiver,2SB701/A/-B or C,2SB701/A/-B or C,Transistor
SA-706,Integrated Amplifier,2SB701S-B or C,2SB701S-B or C,Transistor
SA-706,Integrated Amplifier,2SB701S-B or C,2SB701S-B or C,Transistor
SA-7700,Integrated Amplifier,2SB701S-B or C,2SB701S-B or C,Transistor
SA-7700,Integrated Amplifier,2SB701S-B or C,2SB701S-B or C,Transistor
SA-6800/608,Integrated Amplifier,2SB705A-R,2SB705A,Transistor
SA-6800/608,Integrated Amplifier,2SB705A-R,2SB705A,Transistor
SX-880/890,Receiver,2SB705A/A-R or S,2SB705A/A-R or S,Transistor
SX-980,Receiver,"2SB706-Q or R, S","2SB706-Q or R, S",Transistor
SX-980,Receiver,"2SB706-Q or R, S","2SB706-Q or R, S",Transistor
SX-1280,Receiver,"2SB706-R, S or Q","2SB706-R, S or Q",Transistor
SX-1280,Receiver,"2SB706-R, S or Q","2SB706-R, S or Q",Transistor
SX-1280,Receiver,"2SB706-R, S or Q","2SB706-R, S or Q",Transistor
SX-1980,Receiver,"2SB706A-R,S or Q","2SB706A-R,S or Q",Transistor
SX-1980,Receiver,"2SB706A-R,S or Q","2SB706A-R,S or Q",Transistor
SX-1980,Receiver,"2SB706A-R,S or Q","2SB706A-R,S or Q",Transistor
SX-1980,Receiver,"2SB706A-R,S or Q","2SB706A-R,S or Q",Transistor
SX-1980,Receiver,"2SB706A-R,S or Q","2SB706A-R,S or Q",Transistor
SX-1980,Receiver,"2SB706A-R,S or Q","2SB706A-R,S or Q",Transistor
SA-3000,Integrated Amplifier,2SB758A,2SB758A,Transistor
SX-3600/720,Receiver,2SB773A-Q (2SB773A-R),2SB773A-Q (2SB773A-R),Transistor
QX-949A,Receiver,"2SC1079-R or Y (2SC1116-R, O or Y)","2SC1079-R or Y (2SC1116-R, O or Y)",Transistor
SA-9900,Integrated Amplifier,"2SC1079S-Y or R (2SC1116A-R, O or V)","2SC1079S-Y or R (2SC1116A-R, O or V)",Transistor
SA-9900,Integrated Amplifier,"2SC1079S-Y or R (2SC1116A-R, O or V)","2SC1079S-Y or R (2SC1116A-R, O or V)",Transistor
SA-9900,Integrated Amplifier,"2SC1079S-Y or R (2SC111GA-R, O or V)","2SC1079S-Y or R (2SC111GA-R, O or V)",Transistor
SA-9900,Integrated Amplifier,"2SC1079S-Y or R (2SC111GA-R, O or V)","2SC1079S-Y or R (2SC111GA-R, O or V)",Transistor
SX-1010,Receiver,"2SC1116A-R, O or Y/2SC1079S-R or Y/2SD287P-K, L or M","2SC1116A-R, O or Y/2SC1079S-R or Y/2SD287P-K, L or M",Transistor
SX-1010,Receiver,"2SC1116A-R, O or Y/2SC1079S-R or Y/2SD287P-K, L or M","2SC1116A-R, O or Y/2SC1079S-R or Y/2SD287P-K, L or M",Transistor
SX-1010,Receiver,"2SC1116A-R, O or Y/2SC1079S-R or Y/2SD287P-K, L or M","2SC1116A-R, O or Y/2SC1079S-R or Y/2SD287P-K, L or M",Transistor
SX-1010,Receiver,"2SC1116A-R, O or Y/2SC1079S-R or Y/2SD287P-K, L or M","2SC1116A-R, O or Y/2SC1079S-R or Y/2SD287P-K, L or M",Transistor
M-22,Amplifier,2SC1402-R or O,2SC1402-R or O,Transistor
M-22,Amplifier,2SC1402-R or O,2SC1402-R or O,Transistor
M-22,Amplifier,2SC1402-R or O,2SC1402-R or O,Transistor
M-22,Amplifier,2SC1402-R or O,2SC1402-R or O,Transistor
RT-1020L,Reel To Reel Tape,2SC1444-O or Y,2SC1444-O or Y,Transistor
RT-1020L,Reel To Reel Tape,2SC1444-O or Y,2SC1444-O or Y,Transistor
SX-3700,Receiver,2SC2525-G (2SC2525-B),2SC2525-G (2SC2525-B),Transistor
SX-820,Receiver,2SC2525-G (2SC2525-B),2SC2525-G (2SC2525-B),Transistor
SA-710,Integrated Amplifier,2SC2525/A,2SC2525/A,Transistor
SA-7800,Integrated Amplifier,2SC2525/A,2SC2525/A,Transistor
SA-7800,Integrated Amplifier,2SC2525/A,2SC2525/A,Transistor
SA-708,Integrated Amplifier,2SC2525/A/-G,2SC2525/A/,Transistor
SA-8800,Integrated Amplifier,2SC2525/A/-G,2SC2525/A/,Transistor
SA-8800,Integrated Amplifier,2SC2525/A/-G,2SC2525/A/,Transistor
SA-8800,Integrated Amplifier,2SC2525/A/-G,2SC2525/A/,Transistor
SA-8800,Integrated Amplifier,2SC2525/A/-G,2SC2525/A/,Transistor
SX-3900,Receiver,2SC2526,2SC2526,Transistor
A-9,Integrated Amplifier,2SC2526/A/-B (2SC2526/A/-G),2SC2526/A/-B (2SC2526/A/-G),Transistor
SX-6,Receiver,2SC2579/A/-Y (2SC2579/A/-O) (2SC2579/A/-P),2SC2579/A/-Y (2SC2579/A/-O) (2SC2579/A/-P),Power transistor  (hfe of 2SA1104/A/ and 2SC2579/A/ should have the same value.)
A-90,Integrated Amplifier,2SC2837/A/,2SC2837/A/,Power transistor (Q1)
A-90,Integrated Amplifier,2SC2837/A/,2SC2837/A/,Power transistor (Q2)
A-90,Integrated Amplifier,2SC3263/A/-0 (2SC3263/A/-Y),2SC3263/A/-0 (2SC3263/A/-Y),"Power transistor (Q3, Q5)"
A-90,Integrated Amplifier,2SC3263/A/O (2SC3263/A/-Y),2SC3263/A/O (2SC3263/A/-Y),"Power transistor (Q4, Q6)"
RT-1011L,Reel To Reel Tape,2SC789,2SC789,Transistor
RT-1011L,Reel To Reel Tape,2SC789-0 or Y,2SC789-0 or Y,Transistor
SX-750,Receiver,2SD 338-H,2SD 338,Transistor
SX-750,Receiver,2SD 338-H,2SD 338,Transistor
SX-440,Receiver,2SD226 or 2SD130,2SD226 or 2SD130,Transistor
SX-440,Receiver,2SD226 or 2SD130,2SD226 or 2SD130,Transistor
SX-440,Receiver,2SD226 or 2SD130,2SD226 or 2SD130,Transistor
SX-440,Receiver,2SD226 or 2SD130,2SD226 or 2SD130,Transistor
SX-1050,Receiver,2SD287C-S,2SD287C,Transistor
SX-1050,Receiver,2SD287C-S,2SD287C,Transistor
SX-1050,Receiver,2SD287C-S,2SD287C,Transistor
SX-1050,Receiver,2SD287C-S,2SD287C,Transistor
QX-949A,Receiver,"2SD370-R or 0 (2SC1403-R, O or Y)","2SD370-R or 0 (2SC1403-R, O or Y)",Transistor
QX-747A,Receiver,2SD370-R or O (2SC1403-R or O),2SD370-R or O (2SC1403-R or O),Transistor
QX-747A,Receiver,2SD370-R or O (2SC1403-R or O),2SD370-R or O (2SC1403-R or O),Transistor
SX-850,Receiver,2SD371A-R,2SD371A,Transistor
SX-850,Receiver,2SD371A-R,2SD371A,Transistor
SX-850,Receiver,2SD371A-R,2SD371A,Transistor
SX-850,Receiver,2SD371A-R,2SD371A,Transistor
QX-747A,Receiver,2SD371S-R or O (2SC1030S-B or C),2SD371S-R or O (2SC1030S-B or C),Transistor
QX-747A,Receiver,2SD371S-R or O (2SC1030S-B or C),2SD371S-R or O (2SC1030S-B or C),Transistor
SX-939,Receiver,"2SD388P-L or M (2SC1403A-R, O or Y) (2SD370S-R, O or Y)","2SD388P-L or M (2SC1403A-R, O or Y) (2SD370S-R, O or Y)",Transistor
SX-939,Receiver,"2SD388P-L or M (2SC1403A-R, O or Y) (2SD370S-R, O or Y)","2SD388P-L or M (2SC1403A-R, O or Y) (2SD370S-R, O or Y)",Transistor
SX-939,Receiver,"2SD388P-L or M (2SC1403A-R, O or Y) (2SD370S-R, O or Y)","2SD388P-L or M (2SC1403A-R, O or Y) (2SD370S-R, O or Y)",Transistor
SX-939,Receiver,"2SD388P-L or M (2SC1403A-R, O or Y) (2SD370S-R, O or Y)","2SD388P-L or M (2SC1403A-R, O or Y) (2SD370S-R, O or Y)",Transistor
SA-9500,Integrated Amplifier,"2SD388P-S or R (2SD370S-R, O or Y) (2SC1403A-R, O or Y)","2SD388P-S or R (2SD370S-R, O or Y) (2SC1403A-R, O or Y)",Transistor
SA-9500,Integrated Amplifier,"2SD388P-S or R (2SD370S-R, O or Y) (2SC1403A-R, O or Y)","2SD388P-S or R (2SD370S-R, O or Y) (2SC1403A-R, O or Y)",Transistor
SA-9500,Integrated Amplifier,"2SD388P-S or R (2SD370S-R, O or Y) (2SC1403A-R, O or Y)","2SD388P-S or R (2SD370S-R, O or Y) (2SC1403A-R, O or Y)",Transistor
SA-9500,Integrated Amplifier,"2SD388P-S or R (2SD370S-R, O or Y) (2SC1403A-R, O or Y)","2SD388P-S or R (2SD370S-R, O or Y) (2SC1403A-R, O or Y)",Transistor
SPEC-4,Amplifier,2SD424-H or O (2SD555-R or S),2SD424-H or O (2SD555-R or S),Transistor
SPEC-4,Amplifier,2SD424-R or O (2SD555-R or S),2SD424-R or O (2SD555-R or S),Transistor
SPEC-4,Amplifier,2SD424-R or O (2SD555-R or S),2SD424-R or O (2SD555-R or S),Transistor
SPEC-4,Amplifier,2SD424-R or O (2SD555-R or S),2SD424-R or O (2SD555-R or S),Transistor
SX-950,Receiver,2SD427-R,2SD427,Transistor
SX-950,Receiver,2SD427-R,2SD427,Transistor
SX-950,Receiver,2SD427-R,2SD427,Transistor
SX-950,Receiver,2SD427-R,2SD427,Transistor
SX-1250,Receiver,2SD555-R,2SD555,Transistor
SX-1250,Receiver,2SD555-R,2SD555,Transistor
SX-1250,Receiver,2SD555-R,2SD555,Transistor
SX-1250,Receiver,2SD555-R,2SD555,Transistor
SX-3500,Receiver,2SD586A-Q or 2SD586A-R,2SD586A-Q or 2SD586A,Transistor
SA-8500II,Integrated Amplifier,2SD587A/A/-R or Q,2SD587A/A/-R or Q,Transistor
SA-606,Integrated Amplifier,2SD588A-R or Q,2SD588A-R or Q,Transistor
SA-606,Integrated Amplifier,2SD588A-R or Q,2SD588A-R or Q,Transistor
SA-6700,Integrated Amplifier,2SD588A-R or Q,2SD588A-R or Q,Transistor
SA-6700,Integrated Amplifier,2SD588A-R or Q,2SD588A-R or Q,Transistor
SA-9500II,Integrated Amplifier,2SD588A/A/-R or Q,2SD588A/A/-R or Q,Transistor
SX-1080,Receiver,2SD737/A/-B or C,2SD737/A/-B or C,Transistor
SX-1080,Receiver,2SD737/A/-B Or C,2SD737/A/-B Or C,Transistor
SX-1080,Receiver,2SD737/A/-B Or C,2SD737/A/-B Or C,Transistor
SX-1080,Receiver,2SD737/A/-B or C,2SD737/A/-B or C,Transistor
SA-706,Integrated Amplifier,2SD737S-B or C,2SD737S-B or C,Transistor
SA-706,Integrated Amplifier,2SD737S-B or C,2SD737S-B or C,Transistor
SA-7700,Integrated Amplifier,2SD737S-B or C,2SD737S-B or C,Transistor
SA-7700,Integrated Amplifier,2SD737S-B or C,2SD737S-B or C,Transistor
SA-6800/608,Integrated Amplifier,2SD745A-R,2SD745A,Transistor
SA-6800/608,Integrated Amplifier,2SD745A-R,2SD745A,Transistor
SX-880/890,Receiver,2SD745A/A-R or S,2SD745A/A-R or S,Transistor
SX-980,Receiver,"2SD746-Q or R, S","2SD746-Q or R, S",Transistor
SX-980,Receiver,"2SD746-Q or R, S","2SD746-Q or R, S",Transistor
SX-1280,Receiver,"2SD746-R, S or Q","2SD746-R, S or Q",Transistor
SX-1280,Receiver,"2SD746-R, S or Q","2SD746-R, S or Q",Transistor
SX-1280,Receiver,"2SD746-R, S or Q","2SD746-R, S or Q",Transistor
SX-1280,Receiver,"2SD746-R, S or Q","2SD746-R, S or Q",Transistor
SX-1980,Receiver,"2SD746A-R,S or Q","2SD746A-R,S or Q",Transisior
SX-1980,Receiver,"2SD746A-R,S or Q","2SD746A-R,S or Q",Transistor
SX-1980,Receiver,"2SD746A-R,S or Q","2SD746A-R,S or Q",Transistor
SX-1980,Receiver,"2SD746A-R,S or Q","2SD746A-R,S or Q",Transistor
SX-1980,Receiver,"2SD746A-R,S or Q","2SD746A-R,S or Q",Transistor
SX-1980,Receiver,"2SD746A-R,S or Q","2SD746A-R,S or Q",Transistor
SA-3000,Integrated Amplifier,2SD848A,2SD848A,Transistor
SX-3600/720,Receiver,2SD883A-Q (2SD883A-R),2SD883A-Q (2SD883A-R),Transistor
PLX-1000,Turntable,406-PLX-1288,406-PLX-1288,1P GROUND WIRE(L=150)
PLX-500K,Turntable,408-PL50-068,408-PL50-068,SIGNAL WIRE
PLX-500W,Turntable,408-PL50-068,408-PL50-068,SIGNAL WIRE
PLX-1000,Turntable,408-PLX-140,408-PLX-140,2P SIGNAL WIRE(L=150)
PLX-500K,Turntable,408-SUB-132,408-SUB-132,USB CABLE
PLX-500W,Turntable,408-SUB-132,408-SUB-132,USB CABLE
PLX-500K,Turntable,409-DJ2-069A,409-DJ2-069A,AC CORD UL=1900
PLX-500W,Turntable,409-DJ2-069A,409-DJ2-069A,AC CORD UL=1900
PLX-1000,Turntable,409-HDJ7100-054D-HA,409-HDJ7100-054D-HA,POWER CORD WITH PLUG
PLX-1000,Turntable,411-PLX-912,411-PLX-912,TRANSFORMER(AC115/23
PLX-1000,Turntable,420-PLX-396,420-PLX-396,1P RCA JACK(T7543-AA
PLX-1000,Turntable,502-PX1000A-3365,502-PX1000A-3365,I/B
PLX-1000,Turntable,505-PNTT-248,505-PNTT-248,SLIP SHEET
PLX-1000,Turntable,505-S15-117,505-S15-117,"POLYBAG(PE,35*50MM)"
PLX-1000,Turntable,506-PNTT-662,506-PNTT-662,POLYFOAM
PLX-1000,Turntable,507-PNTT-3467,507-PNTT-3467,SPACER
PLX-500K,Turntable,507-PNTT-3467,507-PNTT-3467,SPACER
PLX-500W,Turntable,507-PNTT-3467,507-PNTT-3467,SPACER
PLX-1000,Turntable,604-DJ5500-262,604-DJ5500-262,RUBBER FOR BOTTOM BA
PLX-1000,Turntable,604-PNTT-638,604-PNTT-638,SIDE RUBBER
PLX-1000,Turntable,604-PNTT-639,604-PNTT-639,LONG RUBBER
PLX-1000,Turntable,604-PNTT-648,604-PNTT-648,RUBBER
PLX-500K,Turntable,612-PLX500K-095,612-PLX500K-095,SLIPMAT K
PLX-500W,Turntable,612-PLX500W-095,612-PLX500W-095,SLIPMAT W
PLX-1000,Turntable,612-PNTT-095,612-PNTT-095,SLIPMAT
PLX-1000,Turntable,612-ST150-159,612-ST150-159,CUSHION FOR TONEARM
PLX-500K,Turntable,701-PLX500-5669,701-PLX500-5669,BASE ASSY K
PLX-500K,Turntable,701-PLX500-5673,701-PLX500-5673,FOOT & WASHER ASSY
PLX-500W,Turntable,701-PLX500-5673,701-PLX500-5673,FOOT & WASHER ASSY
PLX-500K,Turntable,701-PLX500-5704,701-PLX500-5704,HINGE ASSY
PLX-500W,Turntable,701-PLX500-5704,701-PLX500-5704,HINGE ASSY
PLX-500W,Turntable,701-PLX500W-5669,701-PLX500W-5669,BASE ASS'Y W
PLX-1000,Turntable,701-PNTT-5415,701-PNTT-5415,FOOT ASS'Y
PLX-500K,Turntable,702-PLX500-098,702-PLX500-098,COUNTER WEIGHT ADJUSTOR ASSY
PLX-500W,Turntable,702-PLX500-098,702-PLX500-098,COUNTER WEIGHT ADJUSTOR ASSY
PLX-1000,Turntable,702-PNTT-075,702-PNTT-075,ALUMINUM PLATTER ASSY
PLX-1000,Turntable,702-PNTT-076,702-PNTT-076,COUNTER WEIGHT ADJUST
PLX-1000,Turntable,703-PNTT-1408,703-PNTT-1408,BACK BOARD ASS'Y
PLX-1000,Turntable,703-PNTT-1411,703-PNTT-1411,HEADSHELL ASS'Y
PLX-1000,Turntable,704-PLX-A787,704-PLX-A787,MAIN PCB ASS'Y
PLX-1000,Turntable,704-PLX-A790,704-PLX-A790,SPEED PCB ASS'Y
PLX-1000,Turntable,704-PLX-A791,704-PLX-A791,PHONO PCB ASS'Y
PLX-1000,Turntable,704-PLX-A795,704-PLX-A795,AC SOCKET ASS'Y
PLX-1000,Turntable,704-PLX-A796,704-PLX-A796,VOLTAGE SW ASS'Y
PLX-1000,Turntable,704-PLX-A800,704-PLX-A800,D.D.MOTOR ASS'Y
PLX-1000,Turntable,704-PLX-A802,704-PLX-A802,SEARCHLIGHT ASS'Y
PLX-1000,Turntable,704-PLX-A803,704-PLX-A803,STROBOSCOPE ASS'Y
PLX-1000,Turntable,704-PLX-A863,704-PLX-A863,AC&PLAY PCB ASS'Y
PLX-500K,Turntable,704-PLX500-B516,704-PLX500-B516,MAIN PCB ASSY
PLX-500W,Turntable,704-PLX500-B516,704-PLX500-B516,MAIN PCB ASSY
PLX-500K,Turntable,704-PLX500-B527,704-PLX500-B527,SINGALGNAL WIRE ASSY
PLX-500W,Turntable,704-PLX500-B527,704-PLX500-B527,SINGALGNAL WIRE ASSY
PLX-500K,Turntable,704-PLX500-B534,704-PLX500-B534,STROBOSCOPE ASSY K
PLX-500W,Turntable,704-PLX500W-B535,704-PLX500W-B535,STROBOSCOPE ASSY W
PLX-1000,Turntable,704-PNTT-B013,704-PNTT-B013,TONE ARM ASS'Y
PLX-1000,Turntable,705-DJ1900-078,705-DJ1900-078,RUBBER MAT PACKING
PLX-500K,Turntable,705-PLX500-1649,705-PLX500-1649,HEADSHEEL & CARTRIDGE ASSY
PLX-500W,Turntable,705-PLX500-1649,705-PLX500-1649,HEADSHEEL & CARTRIDGE ASSY
PLX-500K,Turntable,705-PLX500-1650,705-PLX500-1650,DUST COVER * HINGE ASSY K
PLX-500K,Turntable,705-PLX500-1653,705-PLX500-1653,TONE ARM PACKING ASSY
PLX-500W,Turntable,705-PLX500-1653,705-PLX500-1653,TONE ARM PACKING ASSY
PLX-500K,Turntable,705-PLX500K-1655,705-PLX500K-1655,TOP PANEL PACKING ASSY K
PLX-500W,Turntable,705-PLX500W-1656,705-PLX500W-1656,TOP PANEL PACKING ASSY W
SPEC-2,Amplifier,75104Y31,75104Y31,Service Manual SPEC-2 (75104Y31F)
SD-1100,Other,75AKB1,75AKB1,CRT
SX-1000TA (Later),Receiver,A11-109-0,A11-109,"Knob, Selector"
SX-1000TD,Receiver,A11-109-0,A11-109,Knob Selector
SX-1000TW,Receiver,A11-109-0,A11-109,Knob Selector
SX-700T,Receiver,A11-109-0,A11-109,Knob Selector
SX-1000TA (Later),Receiver,A11-112-0,A11-112,"Knob, Volume, Balance, Power"
SX-1000TD,Receiver,A11-112-A,A11-112,"Knob. Volume, Balance"
SX-1000TW,Receiver,A11-112-A,A11-112,"Knob, Volume. Balance"
SX-700T,Receiver,A11-112-A,A11-112,"Knob, Volume, Balance, Power"
SX-1000TA (Later),Receiver,A11-115-0,A11-115,"Knob, Mode"
SX-1000TD,Receiver,A11-115-A,A11-115,"Knob, Mode Output Selector"
SX-1000TW,Receiver,A11-115-A,A11-115,"Knob. Mode, Output Selector"
SX-700T,Receiver,A11-115-A,A11-115,Knob Mode Output Selector
SX-1000TA (Later),Receiver,A11-119-0,A11-119,"Knob, Tuning"
SX-1000TD,Receiver,A11-119-0,A11-119,Knob Tuning
SX-1000TW,Receiver,A11-119-0,A11-119,Knob Tuning
SX-700T,Receiver,A11-119-0,A11-119,Knob Tuning
SX-1000TA (Later),Receiver,A11-135-0,A11-135,"Knob, Bass. Treble(L)"
SX-1000TD,Receiver,A11-135-0,A11-135,"Knob, Bass, Treble (L)"
SX-1000TW,Receiver,A11-135-0,A11-135,"Knob, Bass. Treble (L)"
SX-700T,Receiver,A11-135-0,A11-135,Knob Bass Treble (L)
SX-1000TA (Later),Receiver,A11-138-0,A11-138,"Knob, Bass. Treble(R)"
SX-1000TD,Receiver,A11-138-0,A11-138,"Knob, Bass, Treble (R)"
SX-1000TW,Receiver,A11-138-0,A11-138,"Knob, Bass Treble (R)"
SX-700T,Receiver,A11-138-0,A11-138,Knob Bass Treble (R)
SX-990,Receiver,A12-016-0,A12-016,"Knob, Bass, Treble (R)"
SA-900,Integrated Amplifier,A12-065-0,A12-065,"Knob, Tape Monitor. Muting"
SX-1500T,Receiver,A12-095-A,A12-095,"Knob, Tuning"
SX-1500T,Receiver,A12-098-A,A12-098,"Knob, Selector"
SX-1500T,Receiver,A12-100-A,A12-100,"Knob, Volume, Mode, Balance, Output Selector"
SX-1500T,Receiver,A12-103-B,A12-103,"Knob, Bass, Treble (L)"
SA-500,Integrated Amplifier,A12-120-A,A12-120,"Knob, for Selector, Mode, Bass, and Treble"
SA-700,Integrated Amplifier,A12-120-A,A12-120,"Knob, Selector, Volume, Bass,Treble, Output Selector"
SA-900,Integrated Amplifier,A12-120-A,A12-120,"Knob, Bass, Treble (L,R)"
SX-990,Receiver,A12-120-B,A12-120,"Knob, Speakers, Volume, Balance, Mode"
SX-440,Receiver,A12-131-0,A12-131,"Knob Bass, Treble, Power"
SX-770,Receiver,A12-131-A,A12-131,"Knob, Volume, Balance, Bass Treble,Output Selector"
SX-440,Receiver,A12-134-0,A12-134,Knob Volume (L)
SX-440,Receiver,A12-136-0,A12-136,Knob Selector
SX-770,Receiver,A12-136-A,A12-136,"Knob, Selector"
SX-440,Receiver,A12-139-0,A12-139,Knob Tuning
SX-770,Receiver,A12-139-A,A12-139,"Knob, Tuning"
SA-700,Integrated Amplifier,A12-141-0,A12-141,"Knob, Mode, Balance"
SA-900,Integrated Amplifier,A12-142-B,A12-142,"Knob, Volume. Selector. Mode"
SA-500,Integrated Amplifier,A12-144-O,A12-144,"Knob, for Balance"
SA-900,Integrated Amplifier,A12-144-A,A12-144,"Knob, Balance, Speaker Selector, Power"
SR-202W,Reverb,A12-144-0,A12-144,"Knob, Reverberation Mode and Tape Mode and Power"
TX-500,Tuner,A12-144,A12-144,KNOB(PWR/FUNCT/BAL/SELECT/SPKR)
TX-700,Tuner,A12-144,A12-144,KNOB(PWR/FUNCT/BAL/SELECT/SPKR)
TX-900,Tuner,A12-144,A12-144,KNOB(PWR/FUNCT/BAL/SELECT/SPKR)
SX-2500,Receiver,A12-146-0,A12-146,Knob lor TUNING
TX-500,Tuner,A12-146,A12-146,KNOB(TUNING)
TX-900,Tuner,A12-146,A12-146,KNOB(TUNING)
SA-500,Integrated Amplifier,A12-150-O,A12-150,"Knob, Volume (R)"
SA-500,Integrated Amplifier,A12-151-O,A12-151,"Knob, Volume (L)"
SX-1500TD,Receiver,A12-163-0,A12-163,Knob. Selector
SX-990,Receiver,A12-163-0,A12-163,Knob Selector
SX-1500TD,Receiver,A12-165-0,A12-165,Knob. Tuning
SX-990,Receiver,A12-165-0,A12-165,Knob Tuning
SX-1500TD,Receiver,A12-168-B,A12-168,"Knob. Bass(L), Treble(L), Volume"
SX-2500,Receiver,A12-168-0,A12-168,Knob for VOLUME
SX-990,Receiver,A12-168-0,A12-168,"Knob, Bass, Treble (L)"
TX-700,Tuner,A12-169,A12-169,KNOB(TUNING)
SX-9000,Receiver,A12-195-B,A12-195,"Knob for BASS, TREBLE, REVERB, BALANCE,MIC A, and MIC B"
SX-9000,Receiver,A12-196-A,A12-196,Knob for TUNING
SX-9000,Receiver,A12-197-B,A12-197,"Knob for SELECTOR, TONE COLOR"
SR-202W,Reverb,A12-201-0,A12-201,"Knob, Reverberation Time"
SX-9000,Receiver,A12-203-B,A12-203,Knob for MODE
SD-1000,Other,A12-204-A,A12-204,Knob (without marking)
SX-2500,Receiver,A12-204-A,A12-204,Knob for FM MUTING
SX-2500,Receiver,A12-217-0,A12-217,"Knob for SPEAKERS,MODE and SELECTOR"
QA-800,Integrated Amplifier,A12-229-A,A12-229,"Knob for volume, selector and mode"
QC-800,Pre-Amplifier,A12-229-A,A12-229,"Knob for volume, selector and mode"
QL-600,Integrated Amplifier,A12-229-0,A12-229,Knob for Mode and Volume
QM-800,Amplifier,A12-229-A,A12-229,Knob for input level and meter level
QT-6600,Reel To Reel Tape,A12-229-0,A12-229,REC master level control knob
SA-600,Integrated Amplifier,A12-229-0,A12-229,"Knobs for Volume control, Selector switch"
SA-800,Integrated Amplifier,A12-229-A,A12-229,"Knob for VOLUME, MODE and SELECTOR"
TX-500A,Tuner,A12-229,A12-229,KNOB(PWR/SEL/VOL/MODE)
QA-800,Integrated Amplifier,A12-232-A,A12-232,"Knob for bass, treble and speakers"
QC-800,Pre-Amplifier,A12-232-A,A12-232,Knob for bass and treble
QT-2100,8-Track Tape,A12-232,A12-232,KNOB(FUNCTION-PWR/TONE...ETC.)
QT-6100,Reel To Reel Tape,A12-232-A,A12-232,"Knob, MODE selector"
SA-1000,Integrated Amplifier,A12-232-A,A12-232,Middle knob
SA-600,Integrated Amplifier,A12-232-A,A12-232,"Knobs for Power switch, Tone, Balance controls"
SA-800,Integrated Amplifier,A12-232-A,A12-232,"Knob for POWER, BASS, TREBLE, SPEAKERS and BALANCE"
T-6600,Reel To Reel Tape,A12-232,A12-232,KNOB(FUNCTION-PWR/TONE...ETC.)
TX-600,Tuner,A12-232,A12-232,KNOB(FUNCTION-PWR/TONE...ETC.)
TX-800,Tuner,A12-232,A12-232,KNOB(FUNCTION-PWR/TONE...ETC.)
TX-1000,Tuner,A12-235,A12-235,KNOB(TUNING/AM/FM AUTO)
TX-600,Tuner,A12-235,A12-235,KNOB(TUNING/AM/FM AUTO)
TX-800,Tuner,A12-235,A12-235,KNOB(TUNING/AM/FM AUTO)
SD-1000,Other,A12-237-A,A12-237,"Knob (small, with marking)"
TX-1000,Tuner,A12-237,A12-237,KNOB(AM/FM/OUTPUT LEVEL)
TX-800,Tuner,A12-237,A12-237,KNOB(AM/FM/OUTPUT LEVEL)
TX-1000,Tuner,A12-238,A12-238,KNOB(POWER/SELECTOR)
SA-1000,Integrated Amplifier,A12-240-0,A12-240,Knob for Imp. switch
QA-800,Integrated Amplifier,A12-241-A,A12-241,Knob for level control
QC-800,Pre-Amplifier,A12-241-B,A12-241,Knob for level control
SD-1100,Other,A12-241-B,A12-241,"Knob (Focus, Intensity, 4-CH display)"
SX-2500,Receiver,A12-244-0,A12-244,Knob for BASS and TREBLE
SA-1000,Integrated Amplifier,A12-299-A,A12-299,Large knob
T-6100,Reel To Reel Tape,A12-403,A12-403,KNOB(REC LEVEL/MODE)
T-6600,Reel To Reel Tape,A12-403,A12-403,KNOB(REC LEVEL/MODE)
QT-6100,Reel To Reel Tape,A12-406-A,A12-406,"Knob, tape speed selector"
QT-6600,Reel To Reel Tape,A12-406-A,A12-406,Tape speed selector knob
T-6100,Reel To Reel Tape,A12-406,A12-406,KNOB(TAPE SPEED SELECTOR)
T-6600,Reel To Reel Tape,A12-406,A12-406,KNOB(TAPE SPEED SELECTOR)
T-6600,Reel To Reel Tape,A12-412,A12-412,KNOB(PLAYBACK LEVEL)
T-8800,Reel To Reel Tape,A12-412,A12-412,KNOB(PLAYBACK LEVEL)
T-8800,Reel To Reel Tape,A12-416,A12-416,KNOB(MODE/CYCLE)
T-8800,Reel To Reel Tape,A12-417,A12-417,KNOB(MIC/LINE)
T-8800,Reel To Reel Tape,A12-418,A12-418,KNOB(BIAS SELECTOR)
QL-600,Integrated Amplifier,A12-631-A,A12-631,"Knob for Bass, Treble and Level"
SA-500A,Integrated Amplifier,A12-631-A,A12-631,"Knob for Bass, Treble and Speakers"
SD-1000,Other,A12-631-O,A12-631,"Knob (large, with marking)"
SX-1500T,Receiver,A13-011-A,A13-011,"Knob, Bass, Treble (R)"
SX-440,Receiver,A13-013-0,A13-013,Knob Volume (R)
SX-1500TD,Receiver,A13-016-C,A13-016,"Knob. Bass(R), Treble(R), Balance"
SX-2500,Receiver,A13-016-A,A13-016,Knob for BALANCE
SX-9000,Receiver,A13-020-B,A13-020,Knob for MASTER VOLUME
SX-9000,Receiver,A13-021-A,A13-021,Knob for SOURCE VOLUME
T-8800,Reel To Reel Tape,A17-401,A17-401,KNOB(POWER)
T-6100,Reel To Reel Tape,A17-402,A17-402,KNOB(POWER)
T-6100,Reel To Reel Tape,A17-854,A17-854,KNOB(FUNCTION LEVER)
T-6600,Reel To Reel Tape,A17-854,A17-854,KNOB(FUNCTION LEVER)
SX-2500,Receiver,A18-003-A,A18-003,Button for AUTO TUNING swltch
QT-6100,Reel To Reel Tape,A18-401-0,A18-401,"Knob, REC lever"
QT-6600,Reel To Reel Tape,A18-401-0,A18-401,REC lever knob
T-6600,Reel To Reel Tape,A18-401,A18-401,KNOB(REC LEVER)
PL-A25,Turntable,A18-606-0,A18-606,Function lever knob
QT-6100,Reel To Reel Tape,A18-606-0,A18-606,"Knob, PAUSE lever"
QT-6600,Reel To Reel Tape,A18-606-0,A18-606,Pause lever knob
QT-74,Reel To Reel Tape,A18-606-0,A18-606,Knob (PAUSE lever)
T-6100,Reel To Reel Tape,A18-606,A18-606,KNOB(PAUSE)
T-6600,Reel To Reel Tape,A18-606,A18-606,KNOB(PAUSE)
SX-9000,Receiver,A19-038-0,A19-038,Knob for POWER SWITCH
QX-8000,Receiver,A19-077-0,A19-077,Knob for Mini switch (SPEAKER)
SA-900,Integrated Amplifier,A19-077-0,A19-077,"Knob, Loudness, Low ﬁlter, High filter"
SD-1000,Other,A19-077-0,A19-077,Knob (push switch)
SX-6000,Receiver,A19-077-0,A19-077,Knob for Push button switch
SX-9000,Receiver,A19-077-0,A19-077,"Knob for LOW FILTEFLHIGH FlLTER,FM MUTING,LOUDNESS"
TX-900,Tuner,A19-077,A19-077,KNOB(FUNCTION-LOUD/FILT...ETC.)
SX-9000,Receiver,A19-078-0,A19-078,"Knob ior TAPE MONITOR A,TAPE MONITOR B (DEMI SWITCH)"
QX-8000,Receiver,A19-079-0,A19-079,Knob for Mini switch (QUADRILIZER)
SX-1500TD,Receiver,A19-079-0,A19-079,Knob for Push Switch
SX-2500,Receiver,A19-085-0,A19-085,"Knob for LOW, HIGH FlLTER,TAPE MONITOR A, B, LOUDNESS.MPX NOISE FlLTER,PHDNO SELECTOR. FM STEREO STATION and LOCAL STATION switch"
QA-800,Integrated Amplifier,A19-095-A,A19-095,Knob for lever switch
QC-800,Pre-Amplifier,A19-095-A,A19-095,Knob for lever switch
QL-600,Integrated Amplifier,A19-095-A,A19-095,Knob for Lever Switch
QM-800,Amplifier,A19-095-A,A19-095,Knob for power
SA-500A,Integrated Amplifier,A19-095-A,A19-095,Knob for Lever Switch
SA-600,Integrated Amplifier,A19-095-0,A19-095,Knobs for Lever switches
SA-800,Integrated Amplifier,A19-095-A,A19-095,"Knob for MUTING, FILTERS, TAPE MONITORS and PHONO 2"
TX-500A,Tuner,A19-095,A19-095,BUTTON(FUNCTION-MODE/TAPE...ETC
TX-600,Tuner,A19-095,A19-095,BUTTON(FUNCTION-MODE/TAPE...ETC
TX-800,Tuner,A19-095,A19-095,BUTTON(FUNCTION-MODE/TAPE...ETC
SA-1000,Integrated Amplifier,A19-096-0,A19-096,Lever switch knob
PL-A35,Turntable,A19-618-A,A19-618,Elevator knob
SX-1000TA (Later),Receiver,A31-080-0,A31-080,Dial Pointer
SX-1000TD,Receiver,A31-080-A,A31-080,Dial Pointer
SX-1000TW,Receiver,A31-080-A,A31-080,Dlal Pointer
SX-1500T,Receiver,A31-080-A,A31-080,Diat Pointer
SX-700T,Receiver,A31-080-A,A31-080,Dlal Pointer
SX-770,Receiver,A31-087-A,A31-087,Dial Pointer
SX-440,Receiver,A31-087 0,A31-087 0,Dial Pointer
SX-1500TD,Receiver,A31-090-A,A31-090,Dial Pointer
SX-990,Receiver,A31-090-A,A31-090,Dial Pointer
TX-700,Tuner,A31-092,A31-092,DIAL POINTER
SX-2500,Receiver,A31-095-0,A31-095,Dial Pointer
SX-1000TA (Later),Receiver,A33-023-0,A33-023,Dial Scale
SX-700T,Receiver,A33-036-C,A33-036,Dial Scale
SX-1500T,Receiver,A33-050-A,A33-050,Dial Scale
SX-1000TD,Receiver,A33-065-0,A33-065,Dial Scale
SX-1000TW,Receiver,A33-065-0,A33-065,Dlal Scale
SX-440,Receiver,A33-074-0,A33-074,Dial Glass
SX-1500TD,Receiver,A33-084-A,A33-084,Dial Glass
SX-990,Receiver,A33-084-A,A33-084,Dial Glass
SX-770,Receiver,A33-088-B,A33-088,Dial Glass
SX-9000,Receiver,A33-110-A,A33-110,Dial Board for Tuning
SX-2500,Receiver,A33-124-A,A33-124,Dial Glass
PL-A25,Turntable,A41-628-A,A41-628,Function lever templet
PL-A25,Turntable,A41-629-B,A41-629,Speed selector templet
PL-25/F,Turntable,A42-607-0,A42-607,Power nameplate
PL-50,Turntable,A42-607-0,A42-607,Line voltage nameplate
PL-A25,Turntable,A42-609-0,A42-609,Frequency templet
PL-25/F,Turntable,A45-603-0,A45-603,Speed selector nameplate
PL-A25,Turntable,A45-607-0,A45-607,Nameplate (B)
PL-25/F,Turntable,A45-635-0,A45-635,Nameplate
PL-25/F,Turntable,A45-670-3,A45-670,Elevator nameplate
PL-A25,Turntable,A45-670-B,A45-670,Tonearm elevator templet
PL-A25,Turntable,A45-678-A,A45-678,Nameplate (A)
PL-A35,Turntable,A51-008-0,A51-008,Elevator lever template
PL-A35,Turntable,A51-009-0,A51-009,Speed selector template
SX-9000,Receiver,A55-008-A,A55-008,Paper for Dial Pulley In Reverberation
PL-12E,Turntable,A55-013-A,A55-013,Name plate
PL-15D,Turntable,A55-013-A,A55-013,Name plate
PL-55/55D,Turntable,A55-013-A,A55-013,Name plate
PL-71,Turntable,A55-013-A,A55-013,Name plate B
PL-15D,Turntable,A55-014-A,A55-014,Name plate
SR-202W,Reverb,A59-026-0,A59-026,Lens (Red) for Power
SX-1000TA (Later),Receiver,A59-030-0,A59-030,Bracket (Orange)
SX-1000TD,Receiver,A59-030-0,A59-030,Bracket
SX-1000TW,Receiver,A59-030-0,A59-030,Bracket
SX-1500T,Receiver,A59-030-0,A59-030,Bracket
SX-700T,Receiver,A59-030-0,A59-030,Bracket (Orange)
SR-202W,Reverb,A59-040-A,A59-040,Lens for Indicatur
SX-9000,Receiver,A59-051-0,A59-051,Pulley for Reverberation
PL-A25,Turntable,A61-032-C,A61-032,Pionner's nameplate
PL-15D,Turntable,A61-206-B,A61-206,Name plate
SX-2500,Receiver,A61-216-0,A61-216,Meter Frame
SX-9000,Receiver,A61-216-0,A61-216,Meter Escutcheon
SX-9000,Receiver,A61-217-A,A61-217,Escutcheon
PL-50,Turntable,A61-224-0,A61-224,Rubber mat ring
QT-6100,Reel To Reel Tape,A61-406-B,A61-406,Aluminum frame (A)
QT-6600,Reel To Reel Tape,A61-409-B,A61-409,Aluminum frame A (Top side)
PL-12DII,Turntable,A61-602-0,A61-602,Ring
PL-12E,Turntable,A61-602-A,A61-602,Rubber mat ring
PL-12E,Turntable,A61-602-A,A61-602,Rubber mat ring
PL-15D,Turntable,A61-602-A,A61-602,Ring
PL-15D,Turntable,A61-602-A,A61-602,Ring
PL-25/F,Turntable,A61-602-0,A61-602,Rubbermat ring
PL-A25,Turntable,A61-602-0,A61-602,Center ring plate
PL-A35,Turntable,A61-602-A,A61-602,Center ring plate
SX-9000,Receiver,A62-039-B,A62-039,Lens for Program Indicator Lamp (RED)
SX-9000,Receiver,A62-040-B,A62-040,Lens for Program Indicator Lemo (BLUE)
SX-9000,Receiver,A62-041-B,A62-041,Lens for Program indicator Lamp (GREEN)
SX-9000,Receiver,A62-042-B,A62-042,Lens for Program indicator Lamp (WHITE)
SX-9000,Receiver,A62-043-B,A62-043,Lens for Program Indicator Lamp (PINK)
SR-202W,Reverb,A62-044-0,A62-044,Indicator Board
SA-500,Integrated Amplifier,A62-045-O,A62-045,Lens. for Pilot Lamp
SA-700,Integrated Amplifier,A62-045-0,A62-045,Lens for Pilot Lamp
SA-900,Integrated Amplifier,A62-045-0,A62-045,Lens for Pilot Lamp
SX-770,Receiver,A62-045-0,A62-045,Bracket for FM Stereo
SX-9000,Receiver,A62-054-0,A62-054,Lens for Pilot Lamp
SX-9000,Receiver,A62-055-B,A62-055,Dial Board
SX-2500,Receiver,A66-026-A,A66-026,Switch Frame
QT-6100,Reel To Reel Tape,A66-402-B,A66-402,Counter escutcheon
T-6600,Reel To Reel Tape,A66-404,A66-404,DUST COVER
T-8800,Reel To Reel Tape,A66-409,A66-409,BUTTON(RECORD)
QT-6100,Reel To Reel Tape,A66-852-A,A66-852,Finger rest
QT-6600,Reel To Reel Tape,A66-852-A,A66-852,Finger rest
QT-74,Reel To Reel Tape,A66-852-A,A66-852,Finger rest
T-6100,Reel To Reel Tape,A66-852,A66-852,BUTTON(RESET)
SX-1000TA (Later),Receiver,A91-005-D,A91-005,Tuning Meter
SX-700T,Receiver,A91-005-D,A91-005,Tuning Meter
SX-1000TD,Receiver,A91-007-0,A91-007,Tuning Meter
SX-1000TW,Receiver,A91-007-0,A91-007,Tumng Meter
SX-1500T,Receiver,A91-007-0,A91-007,Tuning Meter
SX-440,Receiver,A91-007-0,A91-007,Tuning Meter
SX-1500TD,Receiver,A91-008-D,A91-008,Tuning Meter (Upper)
SX-2500,Receiver,A91-008-0,A91-008,FM Tuning Meter
SX-9000,Receiver,A91-008-0,A91-008,Meter for FM Tuning
SX-990,Receiver,A91-008-B,A91-008,Tunlng Meter (Upper)
TX-900,Tuner,A91-008,A91-008,METER(TUNING/FM)
SX-1500TD,Receiver,A91-009-D,A91-009,Tuning Meter (Lower)
SX-2500,Receiver,A91-009-0,A91-009,Signal Meter
SX-770,Receiver,A91-009-A,A91-009,Tuning Meter
SX-9000,Receiver,A91-009-0,A91-009,Meter for Signal
SX-990,Receiver,A91-009-B,A91-009,Tuning Meter (Lower)
TX-700,Tuner,A91-009,A91-009,METER(SIGNAL)
TX-900,Tuner,A91-009,A91-009,METER(SIGNAL)
T-3300,Cassette Tape,A91-014,A91-014,LEVEL METER
T-6100,Reel To Reel Tape,A91-014,A91-014,LEVEL METER
TX-1000,Tuner,A91-016,A91-016,METER
TX-800,Tuner,A91-016,A91-016,METER
SX-626 (1971),Receiver,A91-017-B,A91-017,Signal meter
TX-1000,Tuner,A91-017,A91-017,METER
TX-800,Tuner,A91-017,A91-017,METER
SD-1000,Other,A91-019-O,A91-019,Level meter
QM-800,Amplifier,A91-020-E,A91-020,Level meter
T-6600,Reel To Reel Tape,A91-402,A91-402,METER
T-8800,Reel To Reel Tape,A91-403,A91-403,METER
T-6100,Reel To Reel Tape,A92-401,A92-401,COUNTER
T-6600,Reel To Reel Tape,A92-401,A92-401,COUNTER
SX-1000TA (Early),Receiver,AA11009,AA11009,Knob Selector
SX-1000TA (Early),Receiver,AA11012,AA11012,"Knob Volume, Balance P0wer"
SX-1000TA (Early),Receiver,AA11015,AA11015,Knob Mode
SX-1000TA (Early),Receiver,AA11019,AA11019,Knob Tuning
SX-1000TA (Early),Receiver,AA11035,AA11035,Knob Bass Treble(L)
SX-1000TA (Early),Receiver,AA11038,AA11038,Knob Bass Treble(R)
SX-1000TA (Early),Receiver,AA3180,AA3180,Dial Pointer
SX-1000TA (Early),Receiver,AA3323,AA3323,Dial Scale
SX-1000TA (Early),Receiver,AA5030,AA5030,Bracket (Orange)
SX-1000TA (Early),Receiver,AA9105,AA9105,Tuning Meter
QX-8000,Receiver,AAA-001-B,AAA-001,Knob for TUNING
QX-8000A,Receiver,AAA-001-A,AAA-001,"Knob, TUNING"
SX-6000,Receiver,AAA-001-B,AAA-001,Knob for Tuning
TX-500A,Tuner,AAA-003,AAA-003,KNOB(TUNING)
SX-424,Receiver,AAA-004-B,AAA-004,Knob for tuning
SX-525,Receiver,AAA-004-B,AAA-004,Knob for tuning
SX-626 (1971),Receiver,AAA-004-B,AAA-004,Knob for tuning
SX-626 (1973),Receiver,AAA-004-B,AAA-004,Knob (Tuning)
SX-727,Receiver,AAA-006-0,AAA-006,Knob for tuning
SX-828,Receiver,AAA-006-0,AAA-006,Knob for tuning
QX-4000,Receiver,AAA-011-A,AAA-011,"Knob, tuning"
QX-9900,Receiver,AAA-014-0,AAA-014,Knob (TUNING)
TX-7100,Tuner,AAA-015-0,AAA-015,Knob (TUNING)
TX-8100,Tuner,AAA-015-0,AAA-015,Knob (TUNING)
TX-9100,Tuner,AAA-017-A,AAA-017,Knob (TUNING)
TX-6200,Tuner,AAA-018-A,AAA-018,Knob (TUNING)
QX-646,Receiver,AAA-020-0,AAA-020,Knob (TUNING)
QX-747,Receiver,AAA-023-0,AAA-023,Knob (tuning)
QX-747A,Receiver,AAA-023,AAA-023,Knob (TUNING)
QX-949,Receiver,AAA-023-0,AAA-023,Knob (Tuning)
QX-949A,Receiver,AAA-023,AAA-023,Knob (TUNING)
SX-434,Receiver,AAA-024-0,AAA-024,Knob (Tuning)
SX-535,Receiver,AAA-024-0,AAA-024,Knob (TUNING)
SX-636,Receiver,AAA-024-0,AAA-024,Knob (tuning)
SX-737,Receiver,AAA-024-0,AAA-024,Knob (tuning)
SX-1010,Receiver,AAA-026-0,AAA-026,Knob (Tuning)
SX-838,Receiver,AAA-026-0,AAA-026,Knob (Tuning)
SX-939,Receiver,AAA-026-A,AAA-026,Knob (Tuning)
TX-5300,Tuner,AAA-027-A,AAA-027,Knob (TUNING)
TX-7500,Tuner,AAA-028,AAA-028,KNOB(TUNING)
TX-9500,Tuner,AAA-028-0,AAA-028,Knob (TUNING)
SX-1050,Receiver,AAA-034,AAA-034,Knob (TUNING)
SX-1250,Receiver,AAA-034,AAA-034,Knob (TUNING)
SX-850,Receiver,AAA-034,AAA-034,Knob (TUNlNG)
SX-950,Receiver,AAA-034,AAA-034,Knob (TUNING)
TX-6500II,Tuner,AAA-035,AAA-035,Knob (TUNING)
SX-450,Receiver,AAA-036,AAA-036,Knob (TUNlNG)
SX-550,Receiver,AAA-036,AAA-036,Knob (TUNING)
SX-650,Receiver,AAA-036,AAA-036,Knob (TUNING)
SX-750,Receiver,AAA-036,AAA-036,Knob (TUNING)
TX-8500II,Tuner,AAA-038,AAA-038,Knob (TUNING)
TX-9500II,Tuner,AAA-038,AAA-038,Knob (TUNING)
F-28,Tuner,AAA-045,AAA-045,Knob (TUNING)
SX-1980,Receiver,AAA-046,AAA-046,Knob (TUNING)
SX-1080,Receiver,AAA-047,AAA-047,Knob (TUNING)
SX-1280,Receiver,AAA-047,AAA-047,Knob (TUNING)
SX-980,Receiver,AAA-047,AAA-047,Knob (TUNING)
SX-580/590,Receiver,AAA-050,AAA-050,Knob (TUNING)
SX-680/690,Receiver,AAA-050,AAA-050,Knob (TUNING)
SX-780,Receiver,AAA-050,AAA-050,Knob (TUNING)
SX-880/890,Receiver,AAA-050,AAA-050,Knob (TUNING)
TX-7800,Tuner,AAA-057,AAA-057,KNOB(TUNING)
TX-9800,Tuner,AAA-057,AAA-057,KNOB(TUNING)
TX-6800/608,Tuner,AAA-058,AAA-058,Knob (TUNING)
SX-3400,Receiver,AAA-061,AAA-061,Tuning knob
SX-3700,Receiver,AAA-065,AAA-065,Knob (TUNING)
SX-3900,Receiver,AAA-065,AAA-065,Knob (TUNING)
SX-820,Receiver,AAA-065,AAA-065,Knob (TUNING)
SX-3800,Receiver,AAA-066,AAA-066,Knob (TUNING)
SX-3500,Receiver,AAA-068,AAA-068,Knob (TUNING)
SX-3600/720,Receiver,AAA-068,AAA-068,Tuning knob
SX-600,Receiver,AAA-069,AAA-069,Knob (TUNING)
SX-600,Receiver,AAA-069,AAA-069,Knob (VOLUME)
SX-600L,Receiver,AAA-069,AAA-069,Knob (TUNING)
SX-700,Receiver,AAA-069,AAA-069,Knob (TUNING)
SX-700L,Receiver,AAA-069,AAA-069,Knob (TUNING)
TX-130L,Tuner,AAA-079,AAA-079,Knob (TUNING)
TX-530L,Tuner,AAA-079,AAA-079,Knob (TUNING)
SX-202,Receiver,AAA-084,AAA-084,Tuning knob
M-25,Amplifier,AAB -152,AAB -152,Knob (POWER)
QX-8000,Receiver,AAB-001-0,AAB-001,"Knob for BASS, TREBLE and BALANCE"
SX-6000,Receiver,AAB-001-0,AAB-001,"Knob for Power, Speakers, Bass,Treble, Mode and Balance"
QX-8000,Receiver,AAB-003-A,AAB-003,"Knob for VOLUME, MODE and SELECTOR"
SX-6000,Receiver,AAB-003-A,AAB-003,Knob for Selector and Volume
SA-500A,Integrated Amplifier,AAB-004-B,AAB-004,Knob for Selector
SA-500A,Integrated Amplifier,AAB-005-A,AAB-005,Knob for Volume (R)
SA-500A,Integrated Amplifier,AAB-006-B,AAB-006,Knob for Volume (L)
SX-424,Receiver,AAB-007-B,AAB-007,"Knob for selector, output selector, bass, and treble"
SX-525,Receiver,AAB-007-B,AAB-007,"Knob for speakers, bass, treble, balance, volume and selector"
SX-626 (1971),Receiver,AAB-007-B,AAB-007,"Knob for speakers, bass, treble, balance, volume and selector"
SX-626 (1973),Receiver,AAB-007-C,AAB-007,Knob (Balance. Volume)
SX-626 (1973),Receiver,AAB-007-C,AAB-007,Knob (Selector)
SX-626 (1973),Receiver,AAB-007-C,AAB-007,"Knob (Speakers, Bass, Treble)"
SX-727,Receiver,AAB-007-B,AAB-007,"Knob for volume, balance, selector speakers and mode"
SX-828,Receiver,AAB-007-B,AAB-007,"Knob for power, selector, mode, volume and balance"
SX-424,Receiver,AAB-013-0,AAB-013,Knob for volume (L)
SX-727,Receiver,AAB-013-0,AAB-013,Knob for bass and treble (L)
SX-828,Receiver,AAB-013-0,AAB-013,Knob for bass and treble (L)
SX-424,Receiver,AAB-014-0,AAB-014,Knob for volume (R)
SX-727,Receiver,AAB-014-0,AAB-014,Knob for bass and treble (R)
SX-828,Receiver,AAB-014-0,AAB-014,Knob for bass and treble (R)
QA-800A,Integrated Amplifier,AAB-024-0,AAB-024,"Knob, selector and mode"
QC-800A,Pre-Amplifier,AAB-024-0,AAB-024,"Knob, selector and mode"
QL-600A,Integrated Amplifier,AAB-024-0,AAB-024,"Knob, mode and volume"
QM-800A,Amplifier,AAB-024-0,AAB-024,"Knob, input level and meter level"
QD-240,Other,AAB-025,AAB-025,KNOB
QL-600A,Integrated Amplifier,AAB-025-0,AAB-025,"Knob, bass, treble, and level"
QX-9900,Receiver,AAB-025-0,AAB-025,Knob (BALANCE)
SD-1100,Other,AAB-025-0,AAB-025,"Knob (Frequency, function, meter range, sweep range)"
QX-4000,Receiver,AAB-026-A,AAB-026,"Knob, selector and mode"
QX-8000A,Receiver,AAB-026-A,AAB-026,"Knob, VOLUME, MODE and SELECTOR"
QX-4000,Receiver,AAB-027-A,AAB-027,"Knob, power, balances, and volume"
QX-8000A,Receiver,AAB-027-A,AAB-027,"Knob, BASS, TREBLE and BALANCE"
QA-800A,Integrated Amplifier,AAB-028-0,AAB-028,"Knob, volume"
QC-800A,Pre-Amplifier,AAB-028-0,AAB-028,"Knob, volume"
QA-800A,Integrated Amplifier,AAB-029-0,AAB-029,"Knob, bass. treble. and output selector"
QC-800A,Pre-Amplifier,AAB-029-0,AAB-029,"Knob, bass and treble"
QM-800A,Amplifier,AAB-029-0,AAB-029,"Knob, speaker selector"
QA-800A,Integrated Amplifier,AAB-030-0,AAB-030,"Knob, level control"
QC-800A,Pre-Amplifier,AAB-030-0,AAB-030,"Knob, level control"
QX-9900,Receiver,AAB-030-0,AAB-030,Knob (MIC MIXING)
QX-4000,Receiver,AAB-032-0,AAB-032,"Knob, bass and treble (L)"
QX-4000,Receiver,AAB-033-0,AAB-033,"Knob, bass and treble (R)"
QX-9900,Receiver,AAB-035-0,AAB-035,"Knob (SELECTOR, MODE, and REVERB MODE)"
QX-9900,Receiver,AAB-036-A,AAB-036,Knob (REVERB TlME)
QX-9900,Receiver,AAB-037-0,AAB-037,Knob (VOLUME)
SD-1100,Other,AAB-038-0,AAB-038,"Knob (Gain, Sweep variable)"
SD-1100,Other,AAB-038-0,AAB-038,Knob (Level)
SD-1100,Other,AAB-038-0,AAB-038,Knob (Position)
SA-7100,Integrated Amplifier,AAB-039-0,AAB-039,Knob for VOLUME
SA-7100,Integrated Amplifier,AAB-040-0,AAB-040,Knob for FUNCTION
SA-8100,Integrated Amplifier,AAB-040-0,AAB-040,"Knob, function"
SA-9100,Integrated Amplifier,AAB-040-0,AAB-040,KNOB FOR FUNCTION
SA-7100,Integrated Amplifier,AAB-041-0,AAB-041,"Knob for BASS, TREBLE, SPEAKERS"
SA-8100,Integrated Amplifier,AAB-041-0,AAB-041,"Knob, speaker, bass (100Hz) / treble (10kHz)"
SA-9100,Integrated Amplifier,AAB-041-0,AAB-041,KNOB FOR BALANCE
SA-9100,Integrated Amplifier,AAB-041-0,AAB-041,KNOB FOR MODE
TX-7100,Tuner,AAB-041-0,AAB-041,Knob (FUNCTION)
TX-8100,Tuner,AAB-041-0,AAB-041,Knob (FUNCTION)
TX-9100,Tuner,AAB-041-0,AAB-041,Knob (FUNCTION)
SA-7100,Integrated Amplifier,AAB-042-0,AAB-042,Knob for BALANCE
SA-8100,Integrated Amplifier,AAB-042-0,AAB-042,"Knob, balance, mode"
SA-9100,Integrated Amplifier,AAB-042-0,AAB-042,KNOB FOR BASS 100HZ)
SA-9100,Integrated Amplifier,AAB-042-0,AAB-042,KNOB FOR SPEAKERS
SA-9100,Integrated Amplifier,AAB-042-0,AAB-042,KNOB FOR TREBLE (10kHZ)
SA-8100,Integrated Amplifier,AAB-043-0,AAB-043,"Knob, bass (50Hz) / treble (20kHz)"
SA-9100,Integrated Amplifier,AAB-043-0,AAB-043,KNOB FOR BASS (50Hz)
SA-9100,Integrated Amplifier,AAB-043-0,AAB-043,KNOB FOR TREBLE (20kHz)
TX-7100,Tuner,AAB-043-0,AAB-043,Knob (OUTPUT LEVEL)
TX-8100,Tuner,AAB-043-0,AAB-043,Knob (OUTPUT and HEADPHONE LEVEL)
TX-9100,Tuner,AAB-043-0,AAB-043,Knob (OUTPUT LEVELS - AM/FM/PHONES)
SA-8100,Integrated Amplifier,AAB-044-0,AAB-044,"Knob, level set"
SA-9100,Integrated Amplifier,AAB-044-0,AAB-044,KNOB FOR LEVEL SET (VOLUME)
SA-8100,Integrated Amplifier,AAB-045-0,AAB-045,"Knob, volume"
SA-8100,Integrated Amplifier,AAB-046-A,AAB-046,Knob for level control
SA-9100,Integrated Amplifier,AAB-046-A,AAB-046,Knob for level control
SA-9900,Integrated Amplifier,AAB-046-A,AAB-046,"Knob (PHONO 2 LEVEL, lMPEDANCE)"
SA-5200,Integrated Amplifier,AAB-051-0,AAB-051,"Knob (FUNCTION, BASS, TREBLE)"
TX-6200,Tuner,AAB-051,AAB-051,KNOB(FUNCTION-AM/FM/BASS/TREBLE
SA-5200,Integrated Amplifier,AAB-052-0,AAB-052,Knob (VOLUME ..... outer)
SA-5200,Integrated Amplifier,AAB-053-A,AAB-053,Knob (VOLUME ..... inner)
QX-747,Receiver,AAB-055-B,AAB-055,Knob (separation)
QX-949,Receiver,AAB-055-B,AAB-055,Knob (CD-4 Separation)
QX-646,Receiver,AAB-055- B,AAB-055- B,Knob (SEPARATION)
QD-240,Other,AAB-056,AAB-056,KNOB(SEPARATION/CARRIER LEVEL)
QX-646,Receiver,AAB-057-0,AAB-057,Knob (MODE/FUNCTION/VOLUME/REAR BALANCE/BALANCE/FRONT BALANCE/POWER)
QX-646,Receiver,AAB-058-0,AAB-058,Double knob Inner (FRONT BASS/FRONT TREBLE)
QX-646,Receiver,AAB-059-0,AAB-059,Double knob Outer (REAR BASS/REAR TREBLE)
QX-747,Receiver,AAB-064-A,AAB-064,Knob (level)
QX-949,Receiver,AAB-064-A,AAB-064,Knob (Level)
QX-747,Receiver,AAB-065-0,AAB-065,"Knob (volume, bass, treble, mode,function)"
QX-747A,Receiver,AAB-065,AAB-065,Knob (FRONT BASS)
QX-747A,Receiver,AAB-065,AAB-065,Knob (FRONT TREBLE)
QX-747A,Receiver,AAB-065,AAB-065,Knob (FUNCTION)
QX-747A,Receiver,AAB-065,AAB-065,Knob (MODE)
QX-747A,Receiver,AAB-065,AAB-065,Knob (REAR BASS)
QX-747A,Receiver,AAB-065,AAB-065,Knob (REAR TREBLE)
QX-747A,Receiver,AAB-065,AAB-065,Knob (VOLUME)
QX-949,Receiver,AAB-065-0,AAB-065,"Knob (Volume, Bass, Treble, Mode, Function)"
QX-949A,Receiver,AAB-065,AAB-065,Knob (FRONT BASS)
QX-949A,Receiver,AAB-065,AAB-065,Knob (FRONT TREBLE)
QX-949A,Receiver,AAB-065,AAB-065,Knob (FUNCTION)
QX-949A,Receiver,AAB-065,AAB-065,Knob (MODE)
QX-949A,Receiver,AAB-065,AAB-065,Knob (REAR BASS)
QX-949A,Receiver,AAB-065,AAB-065,Knob (REAR TREBLE)
QX-949A,Receiver,AAB-065,AAB-065,Knob (VOLUME)
RG-1,Dynamic Range Expander,AAB-067,AAB-067,Knob (DYNAMIC EXPANSlON)
RG-1,Dynamic Range Expander,AAB-067,AAB-067,Knob (INPUT LEVEL)
SX-1010,Receiver,AAB-068-A,AAB-068,Knob (Bass-main)
SX-1010,Receiver,AAB-068-A,AAB-068,"Knob (Treble-main, Volume, Balance)"
SX-434,Receiver,AAB-068-A,AAB-068,"Knob (Speaker, Bass, Treble, Balance,Volume, Function)"
SX-535,Receiver,AAB-068-A,AAB-068,"Knob (BASS, TREBLE, BALANCE,VOLUME, FUNCTION)"
SX-636,Receiver,AAB-068-A,AAB-068,"Knob (bass. treble, balance, volume, function)"
SX-737,Receiver,AAB-068-0,AAB-068,"Knob (volume, balance, bass, treble, function, rec selector)"
SX-838,Receiver,AAB-068-A,AAB-068,Knob (Bass)
SX-838,Receiver,AAB-068-A,AAB-068,"Knob (Treble, Volume, Balance, Rec selector)"
SX-939,Receiver,AAB-068-A,AAB-068,"Knob (Bass-main, Volume, Balance)"
SX-939,Receiver,AAB-068-A,AAB-068,Knob (Treble-main)
SX-1010,Receiver,AAB-069-A,AAB-069,Knob (Bass-sub)
SX-1010,Receiver,AAB-069-A,AAB-069,Knob (Treble-sub)
SX-939,Receiver,AAB-069-B,AAB-069,Knob (Bass-sub)
SX-939,Receiver,AAB-069-B,AAB-069,Knob (Treble-sub)
MA-62A,Other,AAB-072,AAB-072,PAN-POT KNOB
Exclusive M3,Amplifier,AAB-073-0,AAB-073,Knob (speaker level)
QX-747A,Receiver,AAB-079,AAB-079,Knob (LEFT FRONT)
QX-747A,Receiver,AAB-079,AAB-079,Knob (LEFT REAR)
QX-747A,Receiver,AAB-079,AAB-079,Knob (RIGHT FRONT)
QX-747A,Receiver,AAB-079,AAB-079,Knob (RIGHT REAR)
QX-949A,Receiver,AAB-079,AAB-079,Knob (IND LEVEL LEFT REAR)
QX-949A,Receiver,AAB-079,AAB-079,Knob (IND LEVEL RIGHT FRONT)
QX-949A,Receiver,AAB-079,AAB-079,Knob (IND LEVEL RIGHT REAR)
QX-949A,Receiver,AAB-079,AAB-079,Knob (IND LEVELLEFT FRONT)
QX-747A,Receiver,AAB-080,AAB-080,Knob (CD-4 SEPARATION LEFT)
QX-747A,Receiver,AAB-080,AAB-080,Knob (CD-4 SEPARATION RIGHT)
QX-949A,Receiver,AAB-080,AAB-080,Knob (CD-4 SEPARATION LEFT)
QX-949A,Receiver,AAB-080,AAB-080,Knob (CD-4 SEPARATION RIGHT)
SA-7500,Integrated Amplifier,AAB-084-0,AAB-084,Knob (FUNCTION)
SA-8500,Integrated Amplifier,AAB-084-0,AAB-084,Knob (FUNCTION)
SA-9500,Integrated Amplifier,AAB-084-0,AAB-084,Knob (FUNCTION)
SA-9900,Integrated Amplifier,AAB-084-0,AAB-084,Knob (FUNCTION)
SA-9900,Integrated Amplifier,AAB-085-A,AAB-085,Knob (VOLUME)
SA-9500,Integrated Amplifier,AAB-086-0,AAB-086,Knob (BALANCE)
SA-9500,Integrated Amplifier,AAB-086-0,AAB-086,Knob (BASS TURN OVER)
SA-9500,Integrated Amplifier,AAB-086-0,AAB-086,Knob (BASS)
SA-9500,Integrated Amplifier,AAB-086-0,AAB-086,Knob (MODE)
SA-9500,Integrated Amplifier,AAB-086-0,AAB-086,Knob (SPEAKERS)
SA-9500,Integrated Amplifier,AAB-086-0,AAB-086,Knob (TREBLE TURN OVER)
SA-9500,Integrated Amplifier,AAB-086-0,AAB-086,Knob (TREBLE)
SA-9900,Integrated Amplifier,AAB-086-0,AAB-086,"Knob (BASS-50HZ, BASS-100HZ,TREBLE-10kHZ, TREBLE-20kHZ,SPEAKERS, MODE, BALANCE)"
SA-7500,Integrated Amplifier,AAB-087-0,AAB-087,Knob (VOLUME)
SA-8500,Integrated Amplifier,AAB-087-0,AAB-087,Knob (VOLUME)
SA-9500,Integrated Amplifier,AAB-089-A,AAB-089,Knob (VOLUME)
SA-8500,Integrated Amplifier,AAB-090-A,AAB-090,Knob (MIC/PHONO 2 LEVEL)
SA-7500,Integrated Amplifier,AAB-091-0,AAB-091,"Knob (BASS,BASS TURNOVER,TREBLE,TREBLE TURNOVER,SPEAKERS,MODE"
SA-8500,Integrated Amplifier,AAB-091-0,AAB-091,"Knob (MODE,SPEAKERS)"
SA-8500,Integrated Amplifier,AAB-091-0,AAB-091,"Knob (TREBLE,BASS)"
TX-7500,Tuner,AAB-091,AAB-091,KNOB(BASS/TREBLE/SPKR) AAB-086
TX-9500,Tuner,AAB-091-0,AAB-091,"Knob (OUTPUT LEVEL, FUNCTION)"
SA-7500,Integrated Amplifier,AAB-094-A,AAB-094,Knob (BALANCE)
SA-8500,Integrated Amplifier,AAB-094-0,AAB-094,Knob (BALANCE)
SPEC-1,Pre-Amplifier,AAB-095,AAB-095,Knob (VOLUME)
SPEC-1,Pre-Amplifier,AAB-096,AAB-096,Knob (FUNCTION)
SPEC-1,Pre-Amplifier,AAB-097,AAB-097,Knob (BALANCE)
SPEC-1,Pre-Amplifier,AAB-097,AAB-097,Knob (BASS 100Hz)
SPEC-1,Pre-Amplifier,AAB-097,AAB-097,Knob (BASS 50Hz)
SPEC-1,Pre-Amplifier,AAB-097,AAB-097,Knob (MODE)
SPEC-1,Pre-Amplifier,AAB-097,AAB-097,Knob (SPEAKERS)
SPEC-1,Pre-Amplifier,AAB-097,AAB-097,Knob (TREBLE 10kHz)
SPEC-1,Pre-Amplifier,AAB-097,AAB-097,Knob (TREBLE 20kHz)
SPEC-2,Amplifier,AAB-097,AAB-097,Knob (LEFT LEVEL)
SPEC-1,Pre-Amplifier,AAB-098,AAB-098,Knob (MIC MIXING)
SPEC-1,Pre-Amplifier,AAB-098,AAB-098,Knob (PHONO 2 LEVEL)
SX-450,Receiver,AAB-099,AAB-099,Knob (BALANCE)
SX-450,Receiver,AAB-099,AAB-099,Knob (BASS)
SX-450,Receiver,AAB-099,AAB-099,Knob (TREBLE)
SX-550,Receiver,AAB-099,AAB-099,Knob (BALANCE)
SX-550,Receiver,AAB-099,AAB-099,"Knob (BASS, TREBLE)"
SX-650,Receiver,AAB-099,AAB-099,Knob (BALANCE)
SX-650,Receiver,AAB-099,AAB-099,Knob (BASS)
SX-650,Receiver,AAB-099,AAB-099,Knob (TREBLE)
SX-750,Receiver,AAB-099,AAB-099,Knob (BALANCE)
SX-750,Receiver,AAB-099,AAB-099,Knob (BASS)
SX-750,Receiver,AAB-099,AAB-099,Knob (TREBLE)
SX-1050,Receiver,AAB-100,AAB-100,Knob (BALANCE)
SX-1050,Receiver,AAB-100,AAB-100,Knob (BASS 100HZ)
SX-1050,Receiver,AAB-100,AAB-100,Knob (BASS 50Hz)
SX-1050,Receiver,AAB-100,AAB-100,Knob (TREBLE 10kHz)
SX-1050,Receiver,AAB-100,AAB-100,Knob (TREBLE 20kHz)
SX-1250,Receiver,AAB-100,AAB-100,Knob (BALANCE)
SX-1250,Receiver,AAB-100,AAB-100,"Knob (BASS 50Hz, 100Hz)"
SX-1250,Receiver,AAB-100,AAB-100,"Knob (TREBLE 10kHz, 20kHz)"
SX-450,Receiver,AAB-100,AAB-100,Knob (FUNCTION)
SX-450,Receiver,AAB-100,AAB-100,Knob (SPEAKER)
SX-450,Receiver,AAB-100,AAB-100,Knob (VOLUME)
SX-550,Receiver,AAB-100,AAB-100,Knob (FUNCTION)
SX-550,Receiver,AAB-100,AAB-100,Knob (SPEAKER)
SX-650,Receiver,AAB-100,AAB-100,Knob (FUNCTION)
SX-650,Receiver,AAB-100,AAB-100,Knob (SPEAKERS)
SX-650,Receiver,AAB-100,AAB-100,Knob (VOLUME)
SX-750,Receiver,AAB-100,AAB-100,Knob (FUNCTION)
SX-750,Receiver,AAB-100,AAB-100,Knob (SPEAKERS)
SX-750,Receiver,AAB-100,AAB-100,Knob (VOLUME)
SX-850,Receiver,AAB-100,AAB-100,Knob (BALANCE)
SX-850,Receiver,AAB-100,AAB-100,Knob (BASS)
SX-850,Receiver,AAB-100,AAB-100,Knob (TREBLE)
SX-950,Receiver,AAB-100,AAB-100,Knob (BALANCE)
SX-950,Receiver,AAB-100,AAB-100,Knob (BASS)
SX-950,Receiver,AAB-100,AAB-100,Knob (TREBLE)
SX-850,Receiver,AAB-103,AAB-103,Knob (VOLUME)
SX-950,Receiver,AAB-103,AAB-103,Knob (VOLUME)
SX-1050,Receiver,AAB-104,AAB-104,Knob (VOLUME)
SX-1250,Receiver,AAB-104,AAB-104,Knob (VOLUME)
SA-6500,Integrated Amplifier,AAB-105,AAB-105,Knob (VOLUME)
SA-6500,Integrated Amplifier,AAB-106,AAB-106,Knob (BASS)
SA-6500,Integrated Amplifier,AAB-106,AAB-106,Knob (FUNCTION)
SA-6500,Integrated Amplifier,AAB-106,AAB-106,Knob (SPEAKERS)
SA-6500,Integrated Amplifier,AAB-106,AAB-106,Knob (TREBLE)
SA-6500,Integrated Amplifier,AAB-107,AAB-107,Knob (BALANCE)
SX-550,Receiver,AAB-110,AAB-110,Knob (VOLUME)
SA-8500II,Integrated Amplifier,AAB-114,AAB-114,Knob (VOLUME)
SA-9500II,Integrated Amplifier,AAB-114,AAB-114,Knob (VOLUME)
SA-8500II,Integrated Amplifier,AAB-115,AAB-115,Knob (FUNCTION)
SA-9500II,Integrated Amplifier,AAB-115,AAB-115,Knob (FUNCTION)
SA-8500II,Integrated Amplifier,AAB-116,AAB-116,Knob (BALANCE)
SA-8500II,Integrated Amplifier,AAB-116,AAB-116,Knob (BASS)
SA-8500II,Integrated Amplifier,AAB-116,AAB-116,Knob (MODE)
SA-8500II,Integrated Amplifier,AAB-116,AAB-116,Knob (SPEAKERS)
SA-8500II,Integrated Amplifier,AAB-116,AAB-116,Knob (TREBLE)
SA-9500II,Integrated Amplifier,AAB-116,AAB-116,Knob (BALANCE)
SA-9500II,Integrated Amplifier,AAB-116,AAB-116,Knob (BASS)
SA-9500II,Integrated Amplifier,AAB-116,AAB-116,Knob (MODE)
SA-9500II,Integrated Amplifier,AAB-116,AAB-116,Knob (SPEAKERS)
SA-9500II,Integrated Amplifier,AAB-116,AAB-116,Knob (TREBLE)
TX-8500II,Tuner,AAB-116,AAB-116,Knob (FUNCTION)
TX-8500II,Tuner,AAB-116,AAB-116,Knob (OUTPUT LEVEL)
TX-9500II,Tuner,AAB-116,AAB-116,Knob (FUNCTION)
TX-9500II,Tuner,AAB-116,AAB-116,Knob (OUTPUT LEVEL)
SA-8500II,Integrated Amplifier,AAB-117,AAB-117,Knob (CARTRIDGE LOAD)
SA-9500II,Integrated Amplifier,AAB-117,AAB-117,Knob (CARTRIDGE LOAD)
C-21,Pre-Amplifier,AAB-122,AAB-122,Knob (VOLUME)
C-21,Pre-Amplifier,AAB-123,AAB-123,Knob (FUNCTION)
C-21,Pre-Amplifier,AAB-124,AAB-124,Knob (GAIN)
C-21,Pre-Amplifier,AAB-125,AAB-125,Knob (CARTRIDGE LOAD)
SA-5500II,Integrated Amplifier,AAB-129,AAB-129,Knob (VOLUME)
SA-5500II,Integrated Amplifier,AAB-130,AAB-130,Knob (BALANCE)
SA-5500II,Integrated Amplifier,AAB-130,AAB-130,Knob (FUNCTION)
SA-5500II,Integrated Amplifier,AAB-130,AAB-130,"Knob (TREBLE, BASS)"
SA-6500II,Integrated Amplifier,AAB-144,AAB-144,Knob (VOLUME)
SA-6500II,Integrated Amplifier,AAB-145,AAB-145,Knob (BASS)
SA-6500II,Integrated Amplifier,AAB-145,AAB-145,Knob (FUNCTION)
SA-6500II,Integrated Amplifier,AAB-145,AAB-145,Knob (SPEAKERS)
SA-6500II,Integrated Amplifier,AAB-145,AAB-145,Knob (TREBLE)
SA-7500II,Integrated Amplifier,AAB-145,AAB-145,Knob (BASS)
SA-7500II,Integrated Amplifier,AAB-145,AAB-145,Knob (SPEAKERS)
SA-7500II,Integrated Amplifier,AAB-145,AAB-145,Knob (TREBLE)
SA-6500II,Integrated Amplifier,AAB-146,AAB-146,Knob (BALANCE)
SA-7500II,Integrated Amplifier,AAB-146,AAB-146,Knob (BALANCE)
SA-7500II,Integrated Amplifier,AAB-147,AAB-147,Knob (VOLUME)
M-22,Amplifier,AAB-152,AAB-152,Knob (POWER)
SPEC-4,Amplifier,AAB-153,AAB-153,Knob (LEFT LEVEL)
SPEC-4,Amplifier,AAB-153,AAB-153,Knob (RIGHT LEVEL)
A-27,Integrated Amplifier,AAB-165,AAB-165,Knob (VOLUME)
A-27,Integrated Amplifier,AAB-167,AAB-167,Knob (FUNCTION)
A-27,Integrated Amplifier,AAB-171,AAB-171,"Knob (SPEAKERS, BASS, TREBLE, BALANCE, MODE, DUPLICATE, CARTRIDGE LOAD)"
F-28,Tuner,AAB-173,AAB-173,Knob (OUTPUT LEVEL)
SX-1080,Receiver,AAB-174,AAB-174,Knob (VOLUME)
SX-1280,Receiver,AAB-174,AAB-174,Knob (VOLUME)
SX-1980,Receiver,AAB-174,AAB-174,Knob (VOLUME)
SX-980,Receiver,AAB-174,AAB-174,Knob (VOLUME)
SX-1080,Receiver,AAB-175,AAB-175,Knob (BASS)
SX-1080,Receiver,AAB-175,AAB-175,Knob (TREBLE)
SX-1280,Receiver,AAB-175,AAB-175,Knob (BASS)
SX-1280,Receiver,AAB-175,AAB-175,Knob (TREBLE)
SX-1980,Receiver,AAB-175,AAB-175,"Knob (BASS, TREBLE)"
SX-580/590,Receiver,AAB-175,AAB-175,Knob (BASS)
SX-580/590,Receiver,AAB-175,AAB-175,Knob (FUNCTION)
SX-580/590,Receiver,AAB-175,AAB-175,Knob (TREBLE)
SX-580/590,Receiver,AAB-175,AAB-175,Knob (VOLUME)
SX-680/690,Receiver,AAB-175,AAB-175,"Knob (BASS, TREBLE)"
SX-680/690,Receiver,AAB-175,AAB-175,Knob (FUNCTION)
SX-680/690,Receiver,AAB-175,AAB-175,Knob (VOLUME)
SX-780,Receiver,AAB-175,AAB-175,Knob (BASS)
SX-780,Receiver,AAB-175,AAB-175,Knob (FUNCTION)
SX-780,Receiver,AAB-175,AAB-175,Knob (TREBLE)
SX-880/890,Receiver,AAB-175,AAB-175,"Knob (BASS, TREBLE)"
SX-880/890,Receiver,AAB-175,AAB-175,Knob (FUNCTION)
SX-980,Receiver,AAB-175,AAB-175,"Knob (TONE, TURNOVER)"
SX-1080,Receiver,AAB-176,AAB-176,Knob (BALANCE)
SX-1280,Receiver,AAB-176,AAB-176,"Knob (BALANCE, PHONO1,CARTRIDGE LOAD)"
SX-1980,Receiver,AAB-176,AAB-176,"Knob (BALANCE, CARTRIDGE - LOAD)"
SX-580/590,Receiver,AAB-176,AAB-176,Knob (BALANCE)
SX-680/690,Receiver,AAB-176,AAB-176,Knob (BALANCE)
SX-780,Receiver,AAB-176,AAB-176,Knob (BALANCE)
SX-880/890,Receiver,AAB-176,AAB-176,Knob (BALANCE)
SX-980,Receiver,AAB-176,AAB-176,Knob (BALANCE)
SA-606,Integrated Amplifier,AAB-178,AAB-178,Knob (VOLUME)
SA-6700,Integrated Amplifier,AAB-178,AAB-178,Knob (VOLUME)
SA-706,Integrated Amplifier,AAB-178,AAB-178,Knob (VOLUME)
SA-7700,Integrated Amplifier,AAB-178,AAB-178,Knob (VOLUME)
SA-606,Integrated Amplifier,AAB-179,AAB-179,Knob (BASS)
SA-6700,Integrated Amplifier,AAB-179,AAB-179,Knob (BASS)
SA-706,Integrated Amplifier,AAB-179,AAB-179,"Knob (BASS, TREBLE)"
SA-7700,Integrated Amplifier,AAB-179,AAB-179,"Knob (BASS, TREBLE)"
SA-606,Integrated Amplifier,AAB-180,AAB-180,Knob (FUNCTION)
SA-606,Integrated Amplifier,AAB-180,AAB-180,Knob (SPEAKERS)
SA-6700,Integrated Amplifier,AAB-180,AAB-180,Knob (FUNCTION)
SA-6700,Integrated Amplifier,AAB-180,AAB-180,Knob (SPEAKERS)
SA-706,Integrated Amplifier,AAB-180,AAB-180,"Knob (BALANCE, FUNCTION)"
SA-706,Integrated Amplifier,AAB-180,AAB-180,Knob (SPEAKERS)
SA-7700,Integrated Amplifier,AAB-180,AAB-180,"Knob (BALANCE, FUNCTION)"
SA-7700,Integrated Amplifier,AAB-180,AAB-180,Knob (SPEAKERS)
SX-780,Receiver,AAB-185,AAB-185,Knob (VOLUME)
SX-880/890,Receiver,AAB-185,AAB-185,Knob (VOLUME)
SA-3000,Integrated Amplifier,AAB-189,AAB-189,Knob (VOLUME)
SA-3000,Integrated Amplifier,AAB-190,AAB-190,Knob (FUNCTION)
SA-3000,Integrated Amplifier,AAB-191,AAB-191,"Knob (BASS, TREBLE)"
SA-3000,Integrated Amplifier,AAB-192,AAB-192,Knob (BALANCE)
SA-7800,Integrated Amplifier,AAB-194,AAB-194,Knob (VOLUME)
SA-8800,Integrated Amplifier,AAB-194,AAB-194,Knob (VOLUME)
SA-9800,Integrated Amplifier,AAB-194,AAB-194,Knob (VOLUME)
SA-7800,Integrated Amplifier,AAB-195,AAB-195,Knob (FUNCTION)
SA-8800,Integrated Amplifier,AAB-195,AAB-195,Knob (FUNCTION)
SA-9800,Integrated Amplifier,AAB-195,AAB-195,Knob (FUNCTION)
SA-7800,Integrated Amplifier,AAB-196,AAB-196,Knob (BALANCE)
SA-7800,Integrated Amplifier,AAB-196,AAB-196,Knob (BASS)
SA-7800,Integrated Amplifier,AAB-196,AAB-196,Knob (MODE)
SA-7800,Integrated Amplifier,AAB-196,AAB-196,Knob (SPEAKERS)
SA-7800,Integrated Amplifier,AAB-196,AAB-196,Knob (TREBLE)
SA-8800,Integrated Amplifier,AAB-196,AAB-196,Knob (BALANCE)
SA-8800,Integrated Amplifier,AAB-196,AAB-196,"Knob (BASS, TREBLE)"
SA-8800,Integrated Amplifier,AAB-196,AAB-196,"Knob (MODE, CARTRIDGE LOAD)"
SA-8800,Integrated Amplifier,AAB-196,AAB-196,Knob (SPEAKERS)
SA-9800,Integrated Amplifier,AAB-196,AAB-196,Knob (BASS)
SA-9800,Integrated Amplifier,AAB-196,AAB-196,"Knob (MODE, CARTRIDGE LOAD)"
SA-9800,Integrated Amplifier,AAB-196,AAB-196,Knob (SPEAKERS)
SA-9800,Integrated Amplifier,AAB-196,AAB-196,"Knob (TREBLE, BALANCE)"
TX-7800,Tuner,AAB-196,AAB-196,KNOB(SPKR/BASS/TREBLE/BAL
TX-9800,Tuner,AAB-196,AAB-196,KNOB(SPKR/BASS/TREBLE/BAL
RG-2,Dynamic Range Expander,AAB-201,AAB-201,Knob (DYNAMIC EXPANSION)
RG-2,Dynamic Range Expander,AAB-201,AAB-201,Knob (INPUT LEVEL)
SR-303,Reverb,AAB-201,AAB-201,"Knob (TIME, DEPTH)"
SA-5800/508,Integrated Amplifier,AAB-202,AAB-202,Knob (VOLUME)
SA-6800/608,Integrated Amplifier,AAB-202,AAB-202,Knob (Volume)
SA-708,Integrated Amplifier,AAB-202,AAB-202,Knob (VOLUME)
SA-5800/508,Integrated Amplifier,AAB-203,AAB-203,Knob (FUNCTION)
SA-6800/608,Integrated Amplifier,AAB-203,AAB-203,Knob (Function)
SA-708,Integrated Amplifier,AAB-203,AAB-203,Knob (FUNCTION)
SA-5800/508,Integrated Amplifier,AAB-204,AAB-204,"Knob (BASS, TREBLE, BALANCE)"
SA-5800/508,Integrated Amplifier,AAB-204,AAB-204,Knob (SPEAKERS)
SA-6800/608,Integrated Amplifier,AAB-204,AAB-204,Knob (Balance)
SA-6800/608,Integrated Amplifier,AAB-204,AAB-204,Knob (Bass)
SA-6800/608,Integrated Amplifier,AAB-204,AAB-204,Knob (Speakers)
SA-6800/608,Integrated Amplifier,AAB-204,AAB-204,Knob (Treble)
SA-708,Integrated Amplifier,AAB-204,AAB-204,"Knob (BASS, TREBLE, BALANCE)"
SA-708,Integrated Amplifier,AAB-204,AAB-204,Knob (SPEAKER SELECTOR)
SX-3400,Receiver,AAB-214,AAB-214,"Knob (BASS, TREBLE, BALANCE)"
SA-710,Integrated Amplifier,AAB-221,AAB-221,Knob (VOLUME)
SA-710,Integrated Amplifier,AAB-222,AAB-222,Knob (FUNCTION)
SA-710,Integrated Amplifier,AAB-222,AAB-222,"Knob (SPEAKERS, BASS, TREBLE)"
SA-710,Integrated Amplifier,AAB-223,AAB-223,Knob (BALANCE)
SX-3900,Receiver,AAB-238,AAB-238,Knob (VOLUME)
SX-3700,Receiver,AAB-239,AAB-239,"Knob (POWER, BASS, TREBLE)"
SX-3700,Receiver,AAB-239,AAB-239,"Knob (VOLUME, BALANCE)"
SX-3800,Receiver,AAB-239,AAB-239,"Knob (BASS, TREBLE, BALANCE)"
SX-3900,Receiver,AAB-239,AAB-239,Knob (BALANCE)
SX-3900,Receiver,AAB-239,AAB-239,"Knob (BASS, TREBLE, TURN0VER)"
SX-820,Receiver,AAB-239,AAB-239,"Knob (BASS, TREBLE)"
SX-820,Receiver,AAB-239,AAB-239,"Knob (VOLUME, BALANCE)"
SX-3800,Receiver,AAB-240,AAB-240,Knob (VOLUME)
SX-3500,Receiver,AAB-243,AAB-243,"Knob (POWER, VOLUME)"
SX-3600/720,Receiver,AAB-243,AAB-243,Rotary knob
SX-600,Receiver,AAB-244,AAB-244,"Knob (BASS,TREBLE,BALANCE,VOLUME,FUNCTION)"
SX-600L,Receiver,AAB-244,AAB-244,"Knob (BASS,TREBLE,BALANCE,VOLUME,FUNCTION)"
SX-700,Receiver,AAB-244,AAB-244,"Knob (BASS,TREBLE,BALANCE,VOLUME,FUNCTION)"
SX-700L,Receiver,AAB-244,AAB-244,"Knob (BASS,TREBLE,BALANCE,VOLUME,FUNCTION)"
SX-D5000,Receiver,AAB-245,AAB-245,Knob (VOLUME)
SX-D5000,Receiver,AAB-246,AAB-246,Knob (BALANCE)
SX-D5000,Receiver,AAB-246,AAB-246,Knob (BALANCE)
SA-420,Integrated Amplifier,AAB-250,AAB-250,"Knob (BASS, TREBLE, BALANCE)"
SA-420,Integrated Amplifier,AAB-251,AAB-251,"Knob (FUNCTION,VOLUME)"
A-7,Integrated Amplifier,AAB-258,AAB-258,Knob (A - VOLUME)
A-9,Integrated Amplifier,AAB-258,AAB-258,Knob (VOLUME)
A-7,Integrated Amplifier,AAB-259,AAB-259,"Knob (B - TREBLE, BASS)"
A-8,Integrated Amplifier,AAB-259,AAB-259,KNOB(BASS/TREBLE)
A-7,Integrated Amplifier,AAB-260,AAB-260,"Knob (C - REC OUT, BALANCE)"
A-9,Integrated Amplifier,AAB-260,AAB-260,"Knob (BALANCE, REC CUT SELECTOR)"
A-9,Integrated Amplifier,AAB-261,AAB-261,"Knob (BASS, TREBLE)"
A-9,Integrated Amplifier,AAB-262,AAB-262,Knob (5k/2.5k)
A-9,Integrated Amplifier,AAB-263,AAB-263,Knob (200/400)
A-6,Integrated Amplifier,AAB-270,AAB-270,Knob (VOLUME)
A-6,Integrated Amplifier,AAB-271,AAB-271,"Knob (BASS, TREBLE, REC-OUT SELECTOR)"
A-6,Integrated Amplifier,AAB-272,AAB-272,Knob (BALANCE)
SX-4,Receiver,AAB-273,AAB-273,Knob (VOLUME)
SX-5,Receiver,AAB-273,AAB-273,Knob (VOLUME)
SX-4,Receiver,AAB-274,AAB-274,"Knob (BASS,TREBLE,BALANCE)"
SX-5,Receiver,AAB-274,AAB-274,"Knob (BASS,TREBLE,BALANCE)"
SX-6,Receiver,AAB-274,AAB-274,"Knob (BASS, TREBLE, BALANCE)"
SX-7,Receiver,AAB-274,AAB-274,"Knob (BASS,TREBLE,BALANCE)"
SA-530,Integrated Amplifier,AAB-283,AAB-283,"Rotary knob (SPEAKERS, BASS, TREBLE, BALANCE)"
SA-930,Integrated Amplifier,AAB-283,AAB-283,"Rotary knob (SPEAKERS, BASS. TREBLE, BALANCE)"
A-60,Integrated Amplifier,AAB-308,AAB-308,Rotary knob A (VOLUME)
A-70,Integrated Amplifier,AAB-308,AAB-308,Knob A (VOLUME)
A-70,Integrated Amplifier,AAB-309,AAB-309,Knob B (BALANCE)
A-90,Integrated Amplifier,AAB-310,AAB-310,Knob A (VOLUME)
A-80,Integrated Amplifier,AAB-311,AAB-311,Rotary knob B (BALANCE)
A-90,Integrated Amplifier,AAB-311,AAB-311,Knob B (BALANCE)
A-90,Integrated Amplifier,AAB-311,AAB-311,"Knob B (BASS, TREBLE, TURN0VER)"
A-90,Integrated Amplifier,AAB-312,AAB-312,"Knob C (MODE, SPEAKERS)"
A-80,Integrated Amplifier,AAB-313,AAB-313,Rotary knob D (PHONO SEL)
A-90,Integrated Amplifier,AAB-313,AAB-313,Knob D (PHONO SELECTOR)
SX-202,Receiver,AAB-316,AAB-316,Knob A (VOLUME)
SX-202,Receiver,AAB-317,AAB-317,"Knob B (BASS, TREBLE, BALANCE)"
SA-1040,Integrated Amplifier,AAB-324,AAB-324,Rotary knob A
SA-1050,Integrated Amplifier,AAB-324,AAB-324,Rotary knob A
SA-940,Integrated Amplifier,AAB-324,AAB-324,Rotary knob A (VOLUME)
SA-950,Integrated Amplifier,AAB-324,AAB-324,Rotary knob A (VOLUME)
SA-1040,Integrated Amplifier,AAB-325,AAB-325,Rotary knob B
SA-1050,Integrated Amplifier,AAB-325,AAB-325,Rotary knob B
SA-940,Integrated Amplifier,AAB-325,AAB-325,"Rotary knob B (BASS, TREBLE, BALANCE)"
SA-950,Integrated Amplifier,AAB-325,AAB-325,"Rotary knob B (BASS, TREBLE, BALANCE)"
A-60,Integrated Amplifier,AAB-331,AAB-331,"Rotary knob S (BASS, TREBLE, BALANCE)"
A-80,Integrated Amplifier,AAB-337,AAB-337,Rotary knob A (VOLUME)
A-80,Integrated Amplifier,AAB-338,AAB-338,"Rotary knob E (BASS, TREBLE)"
SX-60,Receiver,AAB-340,AAB-340,Knob (VOLUME)
SX-60,Receiver,AAB-341,AAB-341,Knob (BALANCE)
SX-50,Receiver,AAB-342,AAB-342,Knob (VOLUME)
SX-50,Receiver,AAB-343,AAB-343,Knob (BALANCE)
SG-90,Equalizer,AAB-345,AAB-345,Knob (INPUT LEVEL)
A-80,Integrated Amplifier,AAB-346,AAB-346,"Rotary knob C (SPEAKERS, MODE, TAPE COPY, TAPE MON)"
RG-60,Dynamic Range Expander,AAB-351,AAB-351,"Rotary knob (DYNAMIC EXPANSION SELECTOR,INPUT LEVEL)"
A-77X,Integrated Amplifier,AAB-377,AAB-377,Knob (VOLUME)
A-77X,Integrated Amplifier,AAB-378,AAB-378,Rotary knob (PHONO-SELECTOR)
A-88X,Integrated Amplifier,AAB-378,AAB-378,Rotary knob PHONO-SELECTOR)
A-88X,Integrated Amplifier,AAB-379,AAB-379,Rotary knob
A-77X,Integrated Amplifier,AAB-380,AAB-380,Rotary knob (BALANCE)
A-88X,Integrated Amplifier,AAB-380,AAB-380,Rotary knob (BALANCE)
A-77X,Integrated Amplifier,AAB-381,AAB-381,"Rotary knob (BASS, TREBLE)"
A-88X,Integrated Amplifier,AAB-381,AAB-381,"Rotary knob (BASS, TREBLE)"
A-88X,Integrated Amplifier,AAB-400,AAB-400,Knob (VOLUME)
A-66X,Integrated Amplifier,AAB-421,AAB-421,Rotary knob (VOLUME)(Black)
A-66X,Integrated Amplifier,AAB-422,AAB-422,Rotary knob (SPEAKERS) (Black)
A-66X,Integrated Amplifier,AAB-423,AAB-423,Rotary knob (BALANCE)(Black)
A-66X,Integrated Amplifier,AAB-424,AAB-424,Rotary knob (VOLUME)(Silver)
A-66X,Integrated Amplifier,AAB-425,AAB-425,Rotary knob (SPEAKERS)(Silver)
A-66X,Integrated Amplifier,AAB-426,AAB-426,Rotary knob (BALANCE)(Silver)
A-77X,Integrated Amplifier,AAB-427,AAB-427,Rotary knob (PHONO-SELECTOR) (Silver) - HE
A-77X,Integrated Amplifier,AAB-429,AAB-429,Rotary knob (BALANCE) (Silver) - HE
A-77X,Integrated Amplifier,AAB-430,AAB-430,"Rotary knob (BASS, TREBLE) (Silver) - HE"
A-77X,Integrated Amplifier,AAB-432,AAB-432,Knob (VOLUME) (Silver) - HE
SA-7500II,Integrated Amplifier,AAB-445,AAB-445,Knob (FUNCTION)
A-9,Integrated Amplifier,AAB-662,AAB-662,Knob (5k/2.5k)
SX-3400,Receiver,AAB-714,AAB-714,"Knob (VOLUME, FUNCTION)"
QX-9900,Receiver,AAC-023-A,AAC-023,Knob (BASS and TREBLE-FRONT)
QX-9900,Receiver,AAC-024-0,AAC-024,Knob (BASS and TREBLE-REAR)
SX-1010,Receiver,AAC-034-A,AAC-034,Ornamental ring
SX-838,Receiver,AAC-034-0,AAC-034,Ornamental ring
SX-939,Receiver,AAC-034-A,AAC-034,Ornamental ring
TX-950,Tuner,AAC-059,AAC-059,Knob (POWER)
QX-8000,Receiver,AAD-001-0,AAD-001,Knob for POWER
QX-8000A,Receiver,AAD-001-A,AAD-001,"Knob, POWER"
QM-800A,Amplifier,AAD-003-0,AAD-003,"Knob, power"
QX-4000,Receiver,AAD-011-A,AAD-011,"Knob, push switch (SPKR/LOUD/TAPE MON)"
QX-8000A,Receiver,AAD-011-0,AAD-011,"Knob, push switch (SPKR/LOUD/TAPE MON)"
SD-1100,Other,AAD-011-0,AAD-011,"Knob (Front, Rear)"
SD-1100,Other,AAD-011-0,AAD-011,"Knob (Waveform & Display, Display)"
SR-303,Reverb,AAD-015,AAD-015,Knob (ATTENUATOR)
SX-626 (1971),Receiver,AAD-023-0,AAD-023,"Knob for filter, FM muting, loudness, tape monitor and mode switch"
SX-626 (1973),Receiver,AAD-023-0,AAD-023,Knob (push switch)
SX-626 (1973),Receiver,AAD-023-0,AAD-023,Knob (push switch)
SX-525,Receiver,AAD-024-A,AAD-024,"Knob for loudness, FM muting, tape monitor, and mode"
SX-727,Receiver,AAD-026-0,AAD-026,Knob for push switch
SX-828,Receiver,AAD-026-0,AAD-026,Knob for push switch
SX-828,Receiver,AAD-028-0,AAD-028,Knob for lever switch
SX-424,Receiver,AAD-029-0,AAD-029,"Knob for mode, tape monitor and loudness"
QA-800A,Integrated Amplifier,AAD-030-0,AAD-030,"Knob, tape mon. matrix, loudness, high filter, low filter, and muting"
QD-210,Other,AAD-030,AAD-030,BUTTON
QC-800A,Pre-Amplifier,AAD-033-0,AAD-033,"Knob, tape mon, matrix, low filter, high filter, output, muting and power"
QL-600A,Integrated Amplifier,AAD-033-0,AAD-033,"Knob, tape monitor and power"
QX-9900,Receiver,AAD-036-A,AAD-036,Knob (PUSH SWITCH)
QX-9900,Receiver,AAD-037-0,AAD-037,Knob (POWER)
QX-9900,Receiver,AAD-038-0,AAD-038,Knob (AUDIO MUTING)
SA-7100,Integrated Amplifier,AAD-039-0,AAD-039,Knob for LOUDNESS
SA-8100,Integrated Amplifier,AAD-039-0,AAD-039,"Knob, push switch"
QD-240,Other,AAD-040,AAD-040,BUTTON(ON/FF/TAPE-MON)
RG-1,Dynamic Range Expander,AAD-040,AAD-040,Knob (POWER)
RG-1,Dynamic Range Expander,AAD-040,AAD-040,Knob (PROCESSOR)
RG-1,Dynamic Range Expander,AAD-040,AAD-040,Knob (TAPE MONITOR)
SA-7100,Integrated Amplifier,AAD-040-0,AAD-040,Knob for lever switches
SA-7500,Integrated Amplifier,AAD-040-B,AAD-040,"Knob (DUPLICATE,TAPE MONITOR,LOUDNESS,MUTING)"
SA-7500,Integrated Amplifier,AAD-040-B,AAD-040,"Knob (POWER,LOW FILTER,HIGH FILTER)"
SA-8100,Integrated Amplifier,AAD-040-B,AAD-040,"Knob, lever switch"
SA-8500,Integrated Amplifier,AAD-040-B,AAD-040,"Knob (DUPLICATE,MONITOR,LOUDNESS,MUTING)"
SA-8500,Integrated Amplifier,AAD-040-B,AAD-040,"Knob (POWER, LOW FILTER, HIGH FILTER)"
SA-9100,Integrated Amplifier,AAD-040-B,AAD-040,KNOB FOR LEVER SWITCHES
SA-9500,Integrated Amplifier,AAD-040-B,AAD-040,Knob (ATTENUATOR)
SA-9500,Integrated Amplifier,AAD-040-B,AAD-040,Knob (HIGH FILTER)
SA-9500,Integrated Amplifier,AAD-040-B,AAD-040,Knob (LOW FILTER)
SA-9500,Integrated Amplifier,AAD-040-B,AAD-040,Knob (TAPE DUPLICATE)
SA-9500,Integrated Amplifier,AAD-040-B,AAD-040,Knob (TAPE MONITOR)
SA-9500,Integrated Amplifier,AAD-040-B,AAD-040,Knob (TONE)
SA-9900,Integrated Amplifier,AAD-040-B,AAD-040,"Knob (TONE, LOW FILTER, HIGH FILTER, ATTENUATOR, TAPE MONITOR, TAPE DUPLICATE)"
SG-9500,Equalizer,AAD-040,AAD-040,Knob (EQUALIZER)
SG-9500,Equalizer,AAD-040,AAD-040,Knob (POWER)
SG-9500,Equalizer,AAD-040,AAD-040,Knob (TAPE MONITOR)
SX-1010,Receiver,AAD-040-0,AAD-040,"Knob (Power, Tone, Duplicate, Monitor,4 CH adaptor, NR adaptor)"
SX-737,Receiver,AAD-040-B,AAD-040,"Knob (power, filter, tape monitor,loudness)"
SX-838,Receiver,AAD-040-0,AAD-040,"Knob (Power. Turn over, Tape monitor, NR adaptor)"
SX-939,Receiver,AAD-040-0,AAD-040,"Knob (Power, Tone, Duplicate,Monitor, 4-CH adaptor)"
TX-7100,Tuner,AAD-040-B,AAD-040,"Knob (MPX NOISE FILTER,MUTING, POWER)"
TX-7500,Tuner,AAD-040,AAD-040,BUTTON(ON/FF/TAPE-MON)
TX-8100,Tuner,AAD-040-B,AAD-040,"Knob (MPX NOISE FILTER,MUTING, POWER)"
TX-9100,Tuner,AAD-040-B,AAD-040,"Knob (POWER,MUTING,NOISE FILTER,PULSE NOISE)"
TX-9500,Tuner,AAD-040-B,AAD-040,"Knob (POWER, MPX NOISE FILTER,FM MUTING)"
MA-62A,Other,AAD-045,AAD-045,KNOB(POWER)
SA-5200,Integrated Amplifier,AAD-045-0,AAD-045,Knob (POWER)
TX-6200,Tuner,AAD-045-0,AAD-045,Knob (POWER)
SA-5200,Integrated Amplifier,AAD-046-B,AAD-046,"Knob (SPEAKERS, MODE, TAPE MONITOR, LOUDNESS)"
TX-6200,Tuner,AAD-046,AAD-046,BUTTON(FUNCTION-SPKR/MODE...ETC)
QX-646,Receiver,AAD-050-0,AAD-050,Knob Push Switch (SPEAKERS/LOUDNESS/TAPE MON/FM MUTING)
SX-434,Receiver,AAD-050-B,AAD-050,"Knob (FM muting, Mono, Tape monitor,Loudness)"
QX-747,Receiver,AAD-054-0,AAD-054,Knob (push switch)
QX-949,Receiver,AAD-054-0,AAD-054,Knob (Push switch)
SX-535,Receiver,AAD-054-B,AAD-054,"Knob (SPEAKERS, MONO, TAPE, MONITOR, LOUDNESS)"
SX-636,Receiver,AAD-054-B,AAD-054,"Knob (speakers, ﬁlter, mode, loudness, tape monitor)"
SX-737,Receiver,AAD-054-0,AAD-054,"Knob (mode, FM muting)"
QX-747,Receiver,AAD-055-0,AAD-055,Knob (power)
QX-747A,Receiver,AAD-055,AAD-055,Knob (POWER)
QX-949,Receiver,AAD-055-0,AAD-055,Knob (Power)
QX-949A,Receiver,AAD-055,AAD-055,Knob (POWER)
Exclusive M3,Amplifier,AAD-061-0,AAD-061,"Knob (speaker, input, ﬁlter)"
Exclusive M3,Amplifier,AAD-063-0,AAD-063,Knob (power)
SX-1010,Receiver,AAD-064-A,AAD-064,"Knob (SPKR A,B,C)"
SX-838,Receiver,AAD-064-A,AAD-064,"Knob (SPKR A, B, C)"
SX-939,Receiver,AAD-064-A,AAD-064,"Knob (SPKR A, B, C)"
SX-1010,Receiver,AAD-065-A,AAD-065,"Knob (Low cut, High cut, -20dB)"
SX-838,Receiver,AAD-065-A,AAD-065,"Knob (Low cut, High cut, -20dB)"
SX-939,Receiver,AAD-065-A,AAD-065,"Knob (Low cut, High cut, -20dB)"
SX-1010,Receiver,AAD-066-A,AAD-066,Knob (Function)
SX-838,Receiver,AAD-066-A,AAD-066,Knob (Function)
SX-939,Receiver,AAD-066-A,AAD-066,Knob (Function)
SX-1010,Receiver,AAD-067-A,AAD-067,"Knob (Mode, Loudness)"
SX-838,Receiver,AAD-067-A,AAD-067,"Knob (Mode, Loudness)"
SX-939,Receiver,AAD-067-A,AAD-067,"Knob (Mode, Loudness)"
SX-1010,Receiver,AAD-082-A,AAD-082,"Knob (Dimmer, FM muting)"
SX-535,Receiver,AAD-082-B,AAD-082,Knob (FM MUTlNG)
SX-636,Receiver,AAD-082-B,AAD-082,Knob (FM muting)
SX-737,Receiver,AAD-082-B,AAD-082,Knob (speakers)
SX-838,Receiver,AAD-082-A,AAD-082,Knob (FM muting)
SX-939,Receiver,AAD-082-A,AAD-082,"Knob (Dimmer, FM muting)"
SX-535,Receiver,AAD-084-A,AAD-084,Knob (POWER)
SX-636,Receiver,AAD-084-A,AAD-084,Knob (power)
TX-5300,Tuner,AAD-085-0,AAD-085,"Knob (FUNCTION, POWER)"
SA-9500,Integrated Amplifier,AAD-086-0,AAD-086,Knob (POWER)
SA-9900,Integrated Amplifier,AAD-086-0,AAD-086,Knob (POWER)
SX-550,Receiver,AAD-100,AAD-100,"Knob (LOUDNESS, TAPE MONITOR 1,2)"
QX-747A,Receiver,AAD-108,AAD-108,Knob (DOLBY NR ADAPTOR)
QX-747A,Receiver,AAD-108,AAD-108,Knob (FM MUTING)
QX-747A,Receiver,AAD-108,AAD-108,Knob (INDICATOR LEVEL -10dB)
QX-747A,Receiver,AAD-108,AAD-108,Knob (INDICATOR LEVEL -20dB)
QX-747A,Receiver,AAD-108,AAD-108,Knob (LOUDNESS)
QX-747A,Receiver,AAD-108,AAD-108,Knob (SPEAKERS ALL OFF)
QX-747A,Receiver,AAD-108,AAD-108,Knob (SPEAKERS FRONT)
QX-747A,Receiver,AAD-108,AAD-108,Knob (TAPE MONITOR 2CH)
QX-747A,Receiver,AAD-108,AAD-108,Knob (TAPE MONITOR 4CH)
QX-949A,Receiver,AAD-108,AAD-108,Knob (DOLBY NR ADAPTOR)
QX-949A,Receiver,AAD-108,AAD-108,Knob (FM MUTING)
QX-949A,Receiver,AAD-108,AAD-108,Knob (HIGH FILTER)
QX-949A,Receiver,AAD-108,AAD-108,Knob (INDICATOR LEVEL -10dB)
QX-949A,Receiver,AAD-108,AAD-108,Knob (INDICATOR LEVEL -20dB)
QX-949A,Receiver,AAD-108,AAD-108,Knob (LOUDNESS)
QX-949A,Receiver,AAD-108,AAD-108,Knob (LOW FILTER)
QX-949A,Receiver,AAD-108,AAD-108,Knob (MPX NOISE FILTER)
QX-949A,Receiver,AAD-108,AAD-108,Knob (SPEAKERS FRONT A)
QX-949A,Receiver,AAD-108,AAD-108,Knob (SPEAKERS FRONT B)
QX-949A,Receiver,AAD-108,AAD-108,Knob (SPEAKERS REAR A)
QX-949A,Receiver,AAD-108,AAD-108,Knob (SPEAKERS REAR B)
QX-949A,Receiver,AAD-108,AAD-108,Knob (TAPE MONITOR 2CH)
QX-949A,Receiver,AAD-108,AAD-108,Knob (TAPE MONITOR 4CH-1)
QX-949A,Receiver,AAD-108,AAD-108,Knob (TAPE MONITOR 4CH-2)
SPEC-1,Pre-Amplifier,AAD-109,AAD-109,Knob (ATTENUATOR)
SPEC-1,Pre-Amplifier,AAD-109,AAD-109,Knob (HIGH FILTER)
SPEC-1,Pre-Amplifier,AAD-109,AAD-109,Knob (LOW FILTER)
SPEC-1,Pre-Amplifier,AAD-109,AAD-109,Knob (POWER)
SPEC-1,Pre-Amplifier,AAD-109,AAD-109,Knob (TAPE DUPLICATE)
SPEC-1,Pre-Amplifier,AAD-109,AAD-109,Knob (TAPE MONITOR)
SPEC-1,Pre-Amplifier,AAD-109,AAD-109,Knob (TONE)
SPEC-2,Amplifier,AAD-109,AAD-109,KNOB(POWER)
SPEC-4,Amplifier,AAD-109,AAD-109,KNOB(POWER)
SPEC-4,Amplifier,AAD-109,AAD-109,Lever knob assembly (POWER)
SX-450,Receiver,AAD-110,AAD-110,Knob (FM MUTING)
SX-450,Receiver,AAD-110,AAD-110,Knob (LOUDNESS)
SX-450,Receiver,AAD-110,AAD-110,Knob (MONO)
SX-450,Receiver,AAD-110,AAD-110,Knob (TAPE MONITOR)
SX-550,Receiver,AAD-110,AAD-110,"Knob (FM MUTING, MONO)"
SX-780,Receiver,AAD-110,AAD-110,Knob (SPEAKERS)
SX-880/890,Receiver,AAD-110,AAD-110,"Knob (SPEAKERS A, B)"
SG-9500,Equalizer,AAD-111,AAD-111,Knob (LEFT octave control)
SG-9500,Equalizer,AAD-111,AAD-111,Knob (RIGHT octave control)
SX-750,Receiver,AAD-112,AAD-112,Knob (FM MUTING)
SX-1050,Receiver,AAD-113,AAD-113,Knob (ADAPTOR)
SX-1050,Receiver,AAD-113,AAD-113,Knob (LOUDNESS)
SX-1050,Receiver,AAD-113,AAD-113,Knob (MODE)
SX-1050,Receiver,AAD-113,AAD-113,Knob (MUTING)
SX-1050,Receiver,AAD-113,AAD-113,Knob (POWER)
SX-1050,Receiver,AAD-113,AAD-113,Knob (TAPE DUPLICATE)
SX-1050,Receiver,AAD-113,AAD-113,Knob (TAPE MONITOR 1)
SX-1050,Receiver,AAD-113,AAD-113,Knob (TAPE MONITOR 2)
SX-1050,Receiver,AAD-113,AAD-113,Knob (TONE)
SX-1250,Receiver,AAD-113,AAD-113,"Knob (MUTING, LOUDNESS, MODE)"
SX-1250,Receiver,AAD-113,AAD-113,"Knob (POWER, TONE, ADAPTOR)"
SX-1250,Receiver,AAD-113,AAD-113,"Knob (TAPE DUPLICATE, MONITOR)"
SX-650,Receiver,AAD-113,AAD-113,"Knob (HIGH FILTER,FM MUTING,LOUDNESS,MODE,TAPE 1,TAPE 2)"
SX-750,Receiver,AAD-113,AAD-113,Knob (DUPLICATE)
SX-750,Receiver,AAD-113,AAD-113,Knob (HIGH FILTER)
SX-750,Receiver,AAD-113,AAD-113,Knob (LOUDNESS)
SX-750,Receiver,AAD-113,AAD-113,Knob (MODE)
SX-750,Receiver,AAD-113,AAD-113,Knob (TAPE MONITOR)
SX-750,Receiver,AAD-113,AAD-113,Knob (TONE)
SX-850,Receiver,AAD-113,AAD-113,Knob (ADAPTOR)
SX-850,Receiver,AAD-113,AAD-113,Knob (BASS TURNOVER)
SX-850,Receiver,AAD-113,AAD-113,Knob (HIGH FILTER)
SX-850,Receiver,AAD-113,AAD-113,Knob (LOUDNESS)
SX-850,Receiver,AAD-113,AAD-113,Knob (LOW FILTER)
SX-850,Receiver,AAD-113,AAD-113,Knob (MODE)
SX-850,Receiver,AAD-113,AAD-113,Knob (MUTING)
SX-850,Receiver,AAD-113,AAD-113,Knob (POWER)
SX-850,Receiver,AAD-113,AAD-113,Knob (TAPE DUPLICATE)
SX-850,Receiver,AAD-113,AAD-113,Knob (TAPE MONITOR 1)
SX-850,Receiver,AAD-113,AAD-113,Knob (TAPE MONITOR 2)
SX-850,Receiver,AAD-113,AAD-113,Knob (TONE)
SX-850,Receiver,AAD-113,AAD-113,Knob (TREBLE TURNOVER)
SX-950,Receiver,AAD-113,AAD-113,Knob (ADAPTOR)
SX-950,Receiver,AAD-113,AAD-113,Knob (BASS TURNOVER)
SX-950,Receiver,AAD-113,AAD-113,Knob (DUPLICATE)
SX-950,Receiver,AAD-113,AAD-113,Knob (HIGH FILTER)
SX-950,Receiver,AAD-113,AAD-113,Knob (LOUDNESS)
SX-950,Receiver,AAD-113,AAD-113,Knob (LOW FILTER)
SX-950,Receiver,AAD-113,AAD-113,Knob (MODE)
SX-950,Receiver,AAD-113,AAD-113,Knob (MUTING)
SX-950,Receiver,AAD-113,AAD-113,Knob (POWER)
SX-950,Receiver,AAD-113,AAD-113,Knob (TAPE MONITOR 1)
SX-950,Receiver,AAD-113,AAD-113,Knob (TAPE MONITOR 2)
SX-950,Receiver,AAD-113,AAD-113,Knob (TONE)
SX-950,Receiver,AAD-113,AAD-113,Knob (TREBLE TURNOVER)
SX-1050,Receiver,AAD-114,AAD-114,Knob (AM)
SX-1050,Receiver,AAD-114,AAD-114,Knob (AUX)
SX-1050,Receiver,AAD-114,AAD-114,Knob (FILTER 80HZ)
SX-1050,Receiver,AAD-114,AAD-114,Knob (FILTER 8kHz)
SX-1050,Receiver,AAD-114,AAD-114,Knob (FM MULTIPATH)
SX-1050,Receiver,AAD-114,AAD-114,Knob (FM MUTING OFF)
SX-1050,Receiver,AAD-114,AAD-114,Knob (FM)
SX-1050,Receiver,AAD-114,AAD-114,Knob (PHONO 1)
SX-1050,Receiver,AAD-114,AAD-114,Knob (PHONO 2/MIC)
SX-1050,Receiver,AAD-114,AAD-114,Knob (SPEAKERS A)
SX-1050,Receiver,AAD-114,AAD-114,Knob (SPEAKERS B)
SX-1050,Receiver,AAD-114,AAD-114,Knob (SPEAKERS C)
SX-1250,Receiver,AAD-114,AAD-114,"Knob (AM FM PHONO 1 PHONO 2/MIC,AUX)"
SX-1250,Receiver,AAD-114,AAD-114,"Knob (FILTER 30HZ, 8kHz)"
SX-1250,Receiver,AAD-114,AAD-114,"Knob (FM MULTIPATH, MUTING)"
SX-1250,Receiver,AAD-114,AAD-114,"Knob (SPEAKERS A, B, C)"
SX-850,Receiver,AAD-114,AAD-114,Knob (AM)
SX-850,Receiver,AAD-114,AAD-114,Knob (AUX)
SX-850,Receiver,AAD-114,AAD-114,Knob (FM MPX NOISE FILTER)
SX-850,Receiver,AAD-114,AAD-114,Knob (FM MUTING)
SX-850,Receiver,AAD-114,AAD-114,Knob (FM)
SX-850,Receiver,AAD-114,AAD-114,Knob (PHONO 1)
SX-850,Receiver,AAD-114,AAD-114,Knob (PHONO 2/MIC)
SX-850,Receiver,AAD-114,AAD-114,Knob (SPEAKERS A)
SX-850,Receiver,AAD-114,AAD-114,Knob (SPEAKERS B)
SX-950,Receiver,AAD-114,AAD-114,Knob (AM)
SX-950,Receiver,AAD-114,AAD-114,Knob (AUX)
SX-950,Receiver,AAD-114,AAD-114,Knob (FM MPX NOISE FIL)
SX-950,Receiver,AAD-114,AAD-114,Knob (FM MUTING)
SX-950,Receiver,AAD-114,AAD-114,Knob (FM)
SX-950,Receiver,AAD-114,AAD-114,Knob (PHONO 1)
SX-950,Receiver,AAD-114,AAD-114,Knob (PHONO 2/MIC)
SX-950,Receiver,AAD-114,AAD-114,Knob (SPEAKERS A)
SX-950,Receiver,AAD-114,AAD-114,Knob (SPEAKERS B)
SX-950,Receiver,AAD-114,AAD-114,Knob (SPEAKERS C)
SA-6500,Integrated Amplifier,AAD-115,AAD-115,Knob (LOUDNESS)
SA-6500,Integrated Amplifier,AAD-115,AAD-115,Knob (POWER)
SA-6500,Integrated Amplifier,AAD-115,AAD-115,Knob (TAPE MONITOR 1)
SA-6500,Integrated Amplifier,AAD-115,AAD-115,Knob (TAPE MONITOR 2)
SA-6500,Integrated Amplifier,AAD-115,AAD-115,Knob (TONE)
SA-6500II,Integrated Amplifier,AAD-115,AAD-115,Knob (LOUDNESS)
SA-6500II,Integrated Amplifier,AAD-115,AAD-115,Knob (POWER)
SA-6500II,Integrated Amplifier,AAD-115,AAD-115,Knob (TAPE MONITOR 1)
SA-6500II,Integrated Amplifier,AAD-115,AAD-115,Knob (TAPE MONITOR 2)
SA-6500II,Integrated Amplifier,AAD-115,AAD-115,Knob (TONE)
SA-7500II,Integrated Amplifier,AAD-115,AAD-115,Knob (LOUDNESS)
SA-7500II,Integrated Amplifier,AAD-115,AAD-115,Knob (LOW FILTER)
SA-7500II,Integrated Amplifier,AAD-115,AAD-115,Knob (MODE)
SA-7500II,Integrated Amplifier,AAD-115,AAD-115,Knob (POWER)
SA-7500II,Integrated Amplifier,AAD-115,AAD-115,Knob (TAPE DUPLICATE)
SA-7500II,Integrated Amplifier,AAD-115,AAD-115,Knob (TAPE MONITOR)
SA-7500II,Integrated Amplifier,AAD-115,AAD-115,Knob (TONE)
TX-6500,Tuner,AAD-115,AAD-115,BUTTON
TX-6500II,Tuner,AAD-115,AAD-115,BUTTON
TX-6500II,Tuner,AAD-115,AAD-115,Knob (FUNCTION)
TX-6500II,Tuner,AAD-115,AAD-115,Knob (POWER)
SA-8500II,Integrated Amplifier,AAD-117,AAD-117,Knob (FILTER)
SA-8500II,Integrated Amplifier,AAD-117,AAD-117,Knob (LOUDNESS)
SA-8500II,Integrated Amplifier,AAD-117,AAD-117,Knob (MUTING)
SA-8500II,Integrated Amplifier,AAD-117,AAD-117,Knob (POWER)
SA-8500II,Integrated Amplifier,AAD-117,AAD-117,Knob (TAPE)
SA-8500II,Integrated Amplifier,AAD-117,AAD-117,Knob (TONE)
SA-9500II,Integrated Amplifier,AAD-117,AAD-117,Knob (FILTER)
SA-9500II,Integrated Amplifier,AAD-117,AAD-117,Knob (LOUDNESS)
SA-9500II,Integrated Amplifier,AAD-117,AAD-117,Knob (MUTING)
SA-9500II,Integrated Amplifier,AAD-117,AAD-117,Knob (POWER)
SA-9500II,Integrated Amplifier,AAD-117,AAD-117,Knob (TAPE)
SA-9500II,Integrated Amplifier,AAD-117,AAD-117,Knob (TONE)
TX-8500II,Tuner,AAD-117,AAD-117,Knob (IF BAND)
TX-8500II,Tuner,AAD-117,AAD-117,Knob (MUTING)
TX-8500II,Tuner,AAD-117,AAD-117,Knob (POWER)
TX-8500II,Tuner,AAD-117,AAD-117,Knob (REC LEVEL CHECK)
TX-9500II,Tuner,AAD-117,AAD-117,Knob (IF BAND)
TX-9500II,Tuner,AAD-117,AAD-117,Knob (MODE)
TX-9500II,Tuner,AAD-117,AAD-117,Knob (MUTING)
TX-9500II,Tuner,AAD-117,AAD-117,Knob (POWER)
C-21,Pre-Amplifier,AAD-120,AAD-120,Knob (POWER)
C-21,Pre-Amplifier,AAD-120,AAD-120,Knob (TAPE)
SA-5500II,Integrated Amplifier,AAD-123,AAD-123,Knob (LOUDNESS)
SA-5500II,Integrated Amplifier,AAD-123,AAD-123,Knob (POWER)
SA-5500II,Integrated Amplifier,AAD-123,AAD-123,Knob (TAPE MONITOR)
SA-5500II,Integrated Amplifier,AAD-126,AAD-126,Knob (SPEAKERS)
SA-606,Integrated Amplifier,AAD-129,AAD-129,"Lever knob assembly (LOUDNESS,TAPE MONITOR)"
SA-606,Integrated Amplifier,AAD-129,AAD-129,Lever knob assembly (POWER)
SA-6700,Integrated Amplifier,AAD-129,AAD-129,"Lever knob assembly (LOUDNESS,TAPE MONITOR)"
SA-6700,Integrated Amplifier,AAD-129,AAD-129,Lever knob assembly (POWER)
SA-706,Integrated Amplifier,AAD-129,AAD-129,"Knob (LOUDNESS, TAPE MONITOR,DUPLICATE)"
SA-706,Integrated Amplifier,AAD-129,AAD-129,Knob (POWER)
SA-7700,Integrated Amplifier,AAD-129,AAD-129,"Knob (LOUDNESS, TAPE MONITOR,DUPLICATE)"
SA-7700,Integrated Amplifier,AAD-129,AAD-129,Knob (POWER)
A-27,Integrated Amplifier,AAD-136,AAD-136,"Knob (POWER, TONE, SUBSONIC, MUTING)"
A-27,Integrated Amplifier,AAD-136,AAD-136,"Knob (TAPE MONITOR, PHONO)"
SX-1080,Receiver,AAD-138,AAD-138,"Lever knob (DUPLICATE, MONITOR 1, 2,MODE, LOUDNESS)"
SX-1080,Receiver,AAD-138,AAD-138,Lever knob (MUTING)
SX-1080,Receiver,AAD-138,AAD-138,Lever knob (TONE)
SX-1280,Receiver,AAD-138,AAD-138,Knob (MUTING)
SX-1280,Receiver,AAD-138,AAD-138,"Knob (TAPE, ADAPTOR, MODE,LOUDNESS)"
SX-1280,Receiver,AAD-138,AAD-138,Knob (TONE)
SX-1980,Receiver,AAD-138,AAD-138,Knob for lever switch
SX-780,Receiver,AAD-138,AAD-138,Knob (FM MUTING)
SX-780,Receiver,AAD-138,AAD-138,Knob (LOUDNESS)
SX-780,Receiver,AAD-138,AAD-138,Knob (LOW FILTER)
SX-780,Receiver,AAD-138,AAD-138,Knob (MODE)
SX-780,Receiver,AAD-138,AAD-138,Knob (TAPE MONITOR)
SX-880/890,Receiver,AAD-138,AAD-138,"Knob (FM MUTING, LOW FILTER)"
SX-880/890,Receiver,AAD-138,AAD-138,Knob (LOUDNESS)
SX-880/890,Receiver,AAD-138,AAD-138,"Knob (MODE, DUPLICATE)"
SX-980,Receiver,AAD-138,AAD-138,Lever knob (DUPLICATE)
SX-980,Receiver,AAD-138,AAD-138,Lever knob (MUTING)
SX-1080,Receiver,AAD-139,AAD-139,Lever knob assembly (POWER)
SX-1280,Receiver,AAD-139,AAD-139,Lever knob assembly (POWER)
SX-1980,Receiver,AAD-139,AAD-139,Knob (POWER)
SX-3700,Receiver,AAD-139,AAD-139,"Lever knob assembly (LOW FILTER, TAPE MONITOR, MODE/FM MUTING)"
SX-3800,Receiver,AAD-139,AAD-139,"Lever knob (POWER, MUTING, LOUDNESS)"
SX-3900,Receiver,AAD-139,AAD-139,"Knob (MODE, MUTING)"
SX-3900,Receiver,AAD-139,AAD-139,"Knob (POWER, TONE, ADAPTOR,DUPLICATE, TAPE MONITOR)"
SX-780,Receiver,AAD-139,AAD-139,Knob (POWER)
SX-820,Receiver,AAD-139,AAD-139,"Lever knob assembly (LOW FILTER, TAPE MONITOR, MODE/FM MUTING)"
SX-880/890,Receiver,AAD-139,AAD-139,Knob (POWER)
SX-880/890,Receiver,AAD-139,AAD-139,Knob (TAPE MONITOR)
SX-980,Receiver,AAD-139,AAD-139,Lever knob assembly (POWER)
SX-1080,Receiver,AAD-140,AAD-140,"Push knob (FM, AM, AUX, PHONO 2,MIC, PHONO 1)"
SX-1080,Receiver,AAD-140,AAD-140,"Push knob (SPEAKERS, FILTER, FM)"
SX-1280,Receiver,AAD-140,AAD-140,Knob (FILTER)
SX-1280,Receiver,AAD-140,AAD-140,Knob (FM)
SX-1280,Receiver,AAD-140,AAD-140,"Knob (FM, AM, AUX, PHONO 2/MIC,PHONO 1)"
SX-1280,Receiver,AAD-140,AAD-140,Knob (SPEAKERS)
SX-1980,Receiver,AAD-140,AAD-140,Knob for push button
SX-980,Receiver,AAD-140,AAD-140,Push knob
TX-3000,Tuner,AAD-146,AAD-146,BUTTON(AM/FM/MUTING/MONO)
TX-3000,Tuner,AAD-147,AAD-147,BUTTON(POWER)
SA-3000,Integrated Amplifier,AAD-150,AAD-150,Knob (LOUDNESS)
SA-3000,Integrated Amplifier,AAD-150,AAD-150,Knob (POWER)
SA-3000,Integrated Amplifier,AAD-150,AAD-150,Knob (SPEAKERS)
SA-3000,Integrated Amplifier,AAD-150,AAD-150,Knob (TAPE MONITOR)
F-28,Tuner,AAD-151,AAD-151,Push knob (POWER)
F-28,Tuner,AAD-152,AAD-152,Push knob (IF BAND)
F-28,Tuner,AAD-152,AAD-152,Push knob (MODE)
F-28,Tuner,AAD-152,AAD-152,Push knob (MPX NOISE FlLTER)
F-28,Tuner,AAD-152,AAD-152,Push knob (MUTING)
F-28,Tuner,AAD-152,AAD-152,Push knob (REC LEVEL CHECK)
SX-580/590,Receiver,AAD-154,AAD-154,Knob (LOUDNESS)
SX-580/590,Receiver,AAD-154,AAD-154,Knob (MODE/FM MUTE)
SX-580/590,Receiver,AAD-154,AAD-154,Knob (SPEAKERS)
SX-580/590,Receiver,AAD-154,AAD-154,Knob (TAPE MONITOR)
SX-680/690,Receiver,AAD-154,AAD-154,Knob (LOUDNESS)
SX-680/690,Receiver,AAD-154,AAD-154,Knob (MODE/FM MUTE)
SX-680/690,Receiver,AAD-154,AAD-154,Knob (SPEAKERS)
SX-680/690,Receiver,AAD-154,AAD-154,Knob (TAPE MONITOR)
SX-580/590,Receiver,AAD-155,AAD-155,Knob (POWER)
SX-680/690,Receiver,AAD-155,AAD-155,Knob (POWER)
SA-7800,Integrated Amplifier,AAD-172,AAD-172,Knob (LOUDNESS)
SA-7800,Integrated Amplifier,AAD-172,AAD-172,Knob (MUTING)
SA-7800,Integrated Amplifier,AAD-172,AAD-172,Knob (POWER)
SA-7800,Integrated Amplifier,AAD-172,AAD-172,Knob (SUBSONIC Fl LTER)
SA-7800,Integrated Amplifier,AAD-172,AAD-172,Knob (TAPE DUPLICATE)
SA-7800,Integrated Amplifier,AAD-172,AAD-172,Knob (TAPE MONITOR)
SA-7800,Integrated Amplifier,AAD-172,AAD-172,Knob (TONE)
SA-8800,Integrated Amplifier,AAD-172,AAD-172,Knob (FlLTER)
SA-8800,Integrated Amplifier,AAD-172,AAD-172,"Knob (LOUDNESS, MUTING)"
SA-8800,Integrated Amplifier,AAD-172,AAD-172,Knob (POWER)
SA-8800,Integrated Amplifier,AAD-172,AAD-172,Knob (TAPE)
SA-8800,Integrated Amplifier,AAD-172,AAD-172,Knob (TONE)
SA-9800,Integrated Amplifier,AAD-172,AAD-172,Knob (FILTER)
SA-9800,Integrated Amplifier,AAD-172,AAD-172,"Knob (LOUDNESS, MUTING)"
SA-9800,Integrated Amplifier,AAD-172,AAD-172,Knob (POWER)
SA-9800,Integrated Amplifier,AAD-172,AAD-172,Knob (TAPE)
SA-9800,Integrated Amplifier,AAD-172,AAD-172,"Knob (TONE, TURNOVER)"
SA-9800,Integrated Amplifier,AAD-173,AAD-173,Knob (METER)
RG-2,Dynamic Range Expander,AAD-178,AAD-178,Push knob A (POWER)
SG-9,Equalizer,AAD-178,AAD-178,Knob (POWER)
SG-9800,Equalizer,AAD-178,AAD-178,Knob A (POWER)
SR-303,Reverb,AAD-178,AAD-178,Knob (POWER)
RG-2,Dynamic Range Expander,AAD-179,AAD-179,Push knob B (PROCESSOR)
RG-2,Dynamic Range Expander,AAD-179,AAD-179,Push knob B (TAPE MONITOR)
SG-9,Equalizer,AAD-179,AAD-179,"Knob (ATTENUATOR,EQUALIZER,TAPE MONITOR)"
SG-9800,Equalizer,AAD-179,AAD-179,Knob B (ATTENUATOR)
SG-9800,Equalizer,AAD-179,AAD-179,Knob B (EQUALIZER)
SG-9800,Equalizer,AAD-179,AAD-179,Knob B (TAPE MONITOR)
SR-303,Reverb,AAD-179,AAD-179,"Knob (REVERB, MONITOR)"
SX-600,Receiver,AAD-179,AAD-179,"Push knob (FM MUTING,LOUDNESS,TAPE MON)"
SX-600L,Receiver,AAD-179,AAD-179,"Push knob (FM MUTING,LOUDNESS,TAPE MON)"
SX-700,Receiver,AAD-179,AAD-179,"Knob B (FM MUTING,LOUDNESS)"
SX-700L,Receiver,AAD-179,AAD-179,"Knob B (FM MUTING,LOUDNESS)"
SG-9,Equalizer,AAD-181,AAD-181,Knob (OCTAVE CONTROL)
SG-9800,Equalizer,AAD-181,AAD-181,Knob assembly (octave control)
SA-5800/508,Integrated Amplifier,AAD-183,AAD-183,Lever knob (LOUDNESS)
SA-5800/508,Integrated Amplifier,AAD-183,AAD-183,Lever knob (POWER)
SA-5800/508,Integrated Amplifier,AAD-183,AAD-183,Lever knob (SUBSONIC FILTER)
SA-5800/508,Integrated Amplifier,AAD-183,AAD-183,Lever knob (TAPE MON)
SA-6800/608,Integrated Amplifier,AAD-183,AAD-183,Knob (Loudness)
SA-6800/608,Integrated Amplifier,AAD-183,AAD-183,Knob (Power)
SA-6800/608,Integrated Amplifier,AAD-183,AAD-183,Knob (Subsonic)
SA-6800/608,Integrated Amplifier,AAD-183,AAD-183,Knob (Tape Monitor 1)
SA-6800/608,Integrated Amplifier,AAD-183,AAD-183,Knob (Tape Monitor 2)
SA-6800/608,Integrated Amplifier,AAD-183,AAD-183,Knob (Tone)
SA-708,Integrated Amplifier,AAD-183,AAD-183,Lever knob (DUPLICATE)
SA-708,Integrated Amplifier,AAD-183,AAD-183,Lever knob (LOUDNESS)
SA-708,Integrated Amplifier,AAD-183,AAD-183,Lever knob (MODE)
SA-708,Integrated Amplifier,AAD-183,AAD-183,Lever knob (MUTING)
SA-708,Integrated Amplifier,AAD-183,AAD-183,Lever knob (POWER)
SA-708,Integrated Amplifier,AAD-183,AAD-183,Lever knob (SUBSONIC)
SA-708,Integrated Amplifier,AAD-183,AAD-183,Lever knob (TAPE MON)
SA-708,Integrated Amplifier,AAD-183,AAD-183,Lever knob (TONE)
TX-6800/608,Tuner,AAD-183,AAD-183,"Knob (POWER, FUNCTION, MUTING)"
SA-710,Integrated Amplifier,AAD-200,AAD-200,"Lever knob (LOUDNESS, TAPE2)"
SA-710,Integrated Amplifier,AAD-200,AAD-200,Lever knob (POWER)
SA-710,Integrated Amplifier,AAD-200,AAD-200,"Lever knob (SUBSONIC, TONE, MODE)"
SX-600,Receiver,AAD-200,AAD-200,Lever knob (POWER)
SX-600L,Receiver,AAD-200,AAD-200,Lever knob (POWER)
SX-700,Receiver,AAD-200,AAD-200,Lever knob (POWER)
SX-700L,Receiver,AAD-200,AAD-200,Lever knob (POWER)
SX-3700,Receiver,AAD-226,AAD-226,"Push knob (SPEAKERS FM, AM, AUX PHONO)"
SX-3800,Receiver,AAD-226,AAD-226,"Push knob A (SPEAKERS, FUNCTION SELECTOR)"
SX-3900,Receiver,AAD-226,AAD-226,Knob (FUNCTION)
SX-3900,Receiver,AAD-226,AAD-226,Knob (SPEAKERS)
SX-820,Receiver,AAD-226,AAD-226,"Push knob (SPEAKERS FM, AM, AUX PHONO)"
SX-3800,Receiver,AAD-227,AAD-227,"Push knob B (BRIGHTNESS, FM MUTING)"
SX-3900,Receiver,AAD-227,AAD-227,"Knob (FILTER, FM,BRIGHT/DIM)"
SX-3900,Receiver,AAD-227,AAD-227,Knob (LOUDNESS)
SX-D5000,Receiver,AAD-243,AAD-243,"Knob A (LOUDNESS, MUTING, TUNING MODE, FM 25us, AM/FM MUTE, MEMORY)"
SX-D5000,Receiver,AAD-243,AAD-243,STATION CALL
SX-D5000,Receiver,AAD-246,AAD-246,"Knob (BASS, TREBLE)"
SX-D5000,Receiver,AAD-248,AAD-248,Push knob assembly
SX-D5000,Receiver,AAD-253,AAD-253,Knob B (TUNING UP/DOWN)
SA-420,Integrated Amplifier,AAD-264,AAD-264,Knob (POWER)
SA-420,Integrated Amplifier,AAD-265,AAD-265,"Knob (SPEAKERS, TAPE/ADAPTOR,LOUDNESS)"
SX-3400,Receiver,AAD-297,AAD-297,"Push knob (MODE/FM MUTE, LOUDNESS)"
SX-3400,Receiver,AAD-297,AAD-297,Push knob (TAPE MONITOR)
SX-3500,Receiver,AAD-297,AAD-297,"Knob (SPEAKERS, TAPE MON, MODE, LOUDNESS)"
SX-3600/720,Receiver,AAD-297,AAD-297,Push knob
SX-600,Receiver,AAD-298,AAD-298,Push knob (PRESET)
SX-600L,Receiver,AAD-298,AAD-298,Push knob (PRESET)
SX-700,Receiver,AAD-298,AAD-298,Push knob (PRESETS)
SX-700L,Receiver,AAD-298,AAD-298,Push knob (PRESETS 1-7)
SX-600,Receiver,AAD-299,AAD-299,"Push knob (MEMORY,MANUAL)"
SX-600L,Receiver,AAD-299,AAD-299,"Push knob (MEMORY,MANUAL)"
SX-700,Receiver,AAD-299,AAD-299,"Push knob (MEMORY,MANUAL)"
SX-700L,Receiver,AAD-299,AAD-299,"Push knob (MEMORY,MANUAL)"
SX-3400,Receiver,AAD-300,AAD-300,Push knob A (POWER)
SG-90,Equalizer,AAD-302,AAD-302,"Knob (EQ LEVEL,EQ CHRACTER)"
F-7,Tuner,AAD-332,AAD-332,Knob (FM)
F-7,Tuner,AAD-333,AAD-333,Knob (AM)
F-7,Tuner,AAD-334,AAD-334,Knob (STATION CALL)
F-7,Tuner,AAD-335,AAD-335,"Knob (REC LEVEL CHECK, MODE, MEMORY, TUNING MODE)"
F-7,Tuner,AAD-336,AAD-336,Knob (POWER)
F-7,Tuner,AAD-337,AAD-337,"Knob (UP,DOWN)"
A-6,Integrated Amplifier,AAD-338,AAD-338,Knob (POWER)
A-7,Integrated Amplifier,AAD-338,AAD-338,Push knob (A - MUTING)
A-9,Integrated Amplifier,AAD-338,AAD-338,Knob (POWER)
A-7,Integrated Amplifier,AAD-339,AAD-339,Push knob (B)
A-9,Integrated Amplifier,AAD-339,AAD-339,Knob (MUTING)
A-7,Integrated Amplifier,AAD-340,AAD-340,"Push knob (C - MODE, LINE STRAIGHT, PHONO MM/MC)"
A-7,Integrated Amplifier,AAD-340,AAD-340,"Push knob (C - SPEAKERS, SUBSONIC FILTER, LOUDNESS)"
A-9,Integrated Amplifier,AAD-340,AAD-340,Push knob C
A-7,Integrated Amplifier,AAD-341,AAD-341,Function knob (A - PHONO)
A-7,Integrated Amplifier,AAD-342,AAD-342,Function knob (B - TUNER)
A-7,Integrated Amplifier,AAD-343,AAD-343,Function knob (C - AUX)
A-7,Integrated Amplifier,AAD-344,AAD-344,Function knob (D - TAPE1)
A-7,Integrated Amplifier,AAD-345,AAD-345,Function knob (E - TAPE2)
A-9,Integrated Amplifier,AAD-346,AAD-346,Knob (PHONO)
A-9,Integrated Amplifier,AAD-347,AAD-347,knob (TUNER)
A-9,Integrated Amplifier,AAD-348,AAD-348,Knob (AUX)
A-9,Integrated Amplifier,AAD-349,AAD-349,knob (TAPE 1)
A-9,Integrated Amplifier,AAD-350,AAD-350,Knob (TAPE 2)
SX-4,Receiver,AAD-399,AAD-399,Knob (INPUT)
SX-5,Receiver,AAD-399,AAD-399,Knob (INPUT)
SX-4,Receiver,AAD-400,AAD-400,Knob (TUNING)
SX-5,Receiver,AAD-400,AAD-400,Knob (TUNING)
SX-6,Receiver,AAD-401,AAD-401,Knob (TUNING)
SX-7,Receiver,AAD-401,AAD-401,Knob (TUNING)
SX-4,Receiver,AAD-402,AAD-402,Knob (FM)
SX-5,Receiver,AAD-402,AAD-402,Knob (FM)
SX-6,Receiver,AAD-402,AAD-402,Knob (FM)
SX-7,Receiver,AAD-402,AAD-402,Knob (FM)
SX-4,Receiver,AAD-403,AAD-403,Knob (AM)
SX-5,Receiver,AAD-403,AAD-403,Knob (AM)
SX-6,Receiver,AAD-403,AAD-403,Knob (AM)
SX-7,Receiver,AAD-403,AAD-403,Knob (AM)
SX-4,Receiver,AAD-404,AAD-404,Knob (MEMORY/STOP)
SX-5,Receiver,AAD-404,AAD-404,Knob (MEMORY/STOP)
SX-6,Receiver,AAD-404,AAD-404,Knob (MEMORY/STOP)
SX-7,Receiver,AAD-404,AAD-404,Knob (MEMORY/STOP)
SX-4,Receiver,AAD-405,AAD-405,"Knob  (TAPE/ADPT, MONO, LOUDNESS)"
SX-5,Receiver,AAD-405,AAD-405,"Knob  (TAPE/ADPT,TUNlNG,MONO,LOUDNESS)"
SX-6,Receiver,AAD-405,AAD-405,"Knob (SPEAKERS, AUTO/MANUAL, SCAN/SEARCH, TAPE, MUTING, SUBSONIC, LOUDNESS)"
SX-7,Receiver,AAD-405,AAD-405,"Knob (CLOCK,SPEAKERS,TUNING,TAPE,MUTE,MONO,SUBSONIC,LOUDNESS,PHONO MM/MC)"
SX-4,Receiver,AAD-406,AAD-406,Knob (POWER)
SX-5,Receiver,AAD-406,AAD-406,Knob (POWER)
SX-6,Receiver,AAD-406,AAD-406,Knob (POWER)
SX-7,Receiver,AAD-406,AAD-406,Knob (POWER)
SX-6,Receiver,AAD-407,AAD-407,"Knob array (VOLUME, PRESET, MUTING, INPUT)"
SX-7,Receiver,AAD-407,AAD-407,"Knob array (INPUT SELECTOR,PRESET VOLUME,MUTING,VOLUME UP/DOWN)"
SA-530,Integrated Amplifier,AAD-417,AAD-417,Push knob A (POWER)
SA-930,Integrated Amplifier,AAD-417,AAD-417,Push knob A (POWER)
TX-130L,Tuner,AAD-417,AAD-417,Knob A (POWER)
TX-530L,Tuner,AAD-417,AAD-417,Push knob A (POWER)
TX-930,Tuner,AAD-417,AAD-417,Knob (POWER)
SA-530,Integrated Amplifier,AAD-418,AAD-418,"Push knob B (LOUDNESS, TAPE2/ADAPTOR)"
SA-930,Integrated Amplifier,AAD-418,AAD-418,"Push knob B (SUBSONIC, LOUDNESS, TAPE2/ADAPTOR)"
SX-8,Receiver,AAD-457,AAD-457,Knob (FM)
SX-8,Receiver,AAD-458,AAD-458,Knob (AM)
SX-8,Receiver,AAD-459,AAD-459,Knob (PHONO)
SX-8,Receiver,AAD-460,AAD-460,Knob (AUX/VIDEO)
SX-8,Receiver,AAD-461,AAD-461,Knob (TAPE 1)
SX-8,Receiver,AAD-462,AAD-462,Knob (TAPE 2)
SX-8,Receiver,AAD-463,AAD-463,Knob (PRESET A)
SX-8,Receiver,AAD-464,AAD-464,Knob (PRESET B)
SX-8,Receiver,AAD-466,AAD-466,Knob (LOUDNESS)
SX-8,Receiver,AAD-467,AAD-467,Knob (POWER)
SX-8,Receiver,AAD-469,AAD-469,Knob (MUTlNG)
SX-8,Receiver,AAD-470,AAD-470,Knob (MEMORY)
SX-8,Receiver,AAD-471,AAD-471,"Knob (TONE, TUNING)"
SX-8,Receiver,AAD-472,AAD-472,Knob (FLAT)
SX-8,Receiver,AAD-473,AAD-473,Knob (STOP)
SX-8,Receiver,AAD-474,AAD-474,Knob (BALANCE L)
SX-8,Receiver,AAD-475,AAD-475,Knob (BALANCE R)
SX-8,Receiver,AAD-476,AAD-476,Knob (VOLUME)
TX-130L,Tuner,AAD-480,AAD-480,Knob B (FM MUTING)
TX-530L,Tuner,AAD-480,AAD-480,Push knob B (FM MUTING)
TX-930,Tuner,AAD-481,AAD-481,"Knob (FM, AM)"
TX-930,Tuner,AAD-482,AAD-482,Knob (FM MUTING)
SX-8,Receiver,AAD-484,AAD-484,"Knob (MONO, TUNlNG)"
SX-8,Receiver,AAD-484,AAD-484,"Knob (SPEAKERS, CLOCK)"
SX-8,Receiver,AAD-484,AAD-484,"Knob (SUBSONIC, PHONO)"
A-60,Integrated Amplifier,AAD-544,AAD-544,Push knob A (POWER)
A-70,Integrated Amplifier,AAD-544,AAD-544,Knob A (POWER)
F-90,Tuner,AAD-544,AAD-544,Push knob A
A-70,Integrated Amplifier,AAD-545,AAD-545,"Knob B (LINE STRAIGHT, SUBSONIC, TAPE COPY, TAPE MON, LOUDNESS)"
A-70,Integrated Amplifier,AAD-546,AAD-546,Knob C (MUTING)
A-90,Integrated Amplifier,AAD-546,AAD-546,Knob C (MUTING)
A-70,Integrated Amplifier,AAD-547,AAD-547,Knob D (RANGE)
A-70,Integrated Amplifier,AAD-548,AAD-548,Knob SP A
A-70,Integrated Amplifier,AAD-549,AAD-549,Knob SP B
A-70,Integrated Amplifier,AAD-550,AAD-550,Knob (M/C)
A-70,Integrated Amplifier,AAD-551,AAD-551,Knob (PHONO)
A-70,Integrated Amplifier,AAD-552,AAD-552,Knob (TUNER)
A-70,Integrated Amplifier,AAD-553,AAD-553,Knob (AUX)
A-60,Integrated Amplifier,AAD-555,AAD-555,"Push knob B ass'y (LOUDNESS, SUBSONIC, TAPE1, TAPE2, MON OFF)"
A-80,Integrated Amplifier,AAD-556,AAD-556,Push knob C assembly (MUTING)
A-60,Integrated Amplifier,AAD-559,AAD-559,"Function knob ass'y (MC/MM, PHONO, TUNER, CD/AUX)"
F-90,Tuner,AAD-572,AAD-572,Push knob REC
F-90,Tuner,AAD-573,AAD-573,Push knob IF
F-90,Tuner,AAD-574,AAD-574,Tuning knob
A-90,Integrated Amplifier,AAD-578,AAD-578,Knob (PHONO)
A-90,Integrated Amplifier,AAD-579,AAD-579,Knob (TUNER)
A-90,Integrated Amplifier,AAD-580,AAD-580,Knob (CD/AUX 1)
A-90,Integrated Amplifier,AAD-581,AAD-581,Knob (AUX 2)
A-90,Integrated Amplifier,AAD-582,AAD-582,Knob A (TAPE MONlTOR)
A-90,Integrated Amplifier,AAD-583,AAD-583,"Knob B (LINE STRAIGHT, SUBSONIC, TAPE COPY)"
A-90,Integrated Amplifier,AAD-584,AAD-584,Knob D (RANGE)
A-80,Integrated Amplifier,AAD-585,AAD-585,Push knob E (POWER)
A-90,Integrated Amplifier,AAD-585,AAD-585,Knob E (POWER)
A-80,Integrated Amplifier,AAD-589,AAD-589,Push knob D assembly (RANGE)
SX-202,Receiver,AAD-605,AAD-605,Power knob
SX-202,Receiver,AAD-606,AAD-606,"Function knob A (TAPE, LOUDNESS)"
SX-202,Receiver,AAD-607,AAD-607,"Function knob B (PHONO, FM, AM)"
SX-202,Receiver,AAD-608,AAD-608,Speaker knob
SA-1050,Integrated Amplifier,AAD-634,AAD-634,"Push knob A (POWER, FUNCTION)"
SA-950,Integrated Amplifier,AAD-634,AAD-634,"Push knob A (POWER, FUNCTION) - HE"
SA-950,Integrated Amplifier,AAD-634,AAD-634,"Push knob A (POWER, FUNCTION) - HEZ"
SA-950,Integrated Amplifier,AAD-634,AAD-634,"Push knob A (POWER, FUNCTION) - KC"
SA-950,Integrated Amplifier,AAD-634,AAD-634,"Push knob A (POWER, FUNCTION) - KU"
SA-950,Integrated Amplifier,AAD-634,AAD-634,"Push knob A (POWER, FUNCTION) - S"
SA-950,Integrated Amplifier,AAD-634,AAD-634,"Push knob A (POWER, FUNCTION) - S/G"
SA-950,Integrated Amplifier,AAD-634,AAD-634,"Push knob A (POWER, FUNCTION) - YP"
SA-1050,Integrated Amplifier,AAD-635,AAD-635,Push knob B (SPEAKERS)
SA-950,Integrated Amplifier,AAD-635,AAD-635,Push knob B (SPEAKERS) - HE
SA-950,Integrated Amplifier,AAD-635,AAD-635,Push knob B (SPEAKERS) - HEZ
SA-950,Integrated Amplifier,AAD-635,AAD-635,Push knob B (SPEAKERS) - KC
SA-950,Integrated Amplifier,AAD-635,AAD-635,Push knob B (SPEAKERS) - KU
SA-950,Integrated Amplifier,AAD-635,AAD-635,Push knob B (SPEAKERS) - S
SA-950,Integrated Amplifier,AAD-635,AAD-635,Push knob B (SPEAKERS) - S/G
SA-950,Integrated Amplifier,AAD-635,AAD-635,Push knob B (SPEAKERS) - YP
SA-1050,Integrated Amplifier,AAD-636,AAD-636,"Push knob C (LOUDNESS, SUBSONIC, ADAPTER/TAPE2)"
SA-950,Integrated Amplifier,AAD-636,AAD-636,"Push knob C (LOUDNESS, ADAPTOR/TAPE 2) - HE"
SA-950,Integrated Amplifier,AAD-636,AAD-636,"Push knob C (LOUDNESS, ADAPTOR/TAPE 2) - HEZ"
SA-950,Integrated Amplifier,AAD-636,AAD-636,"Push knob C (LOUDNESS, ADAPTOR/TAPE 2) - YP"
SA-950,Integrated Amplifier,AAD-636,AAD-636,"Push knob D (LOUDNESS, ADAPTOR/TAPE 2) - KC"
SA-950,Integrated Amplifier,AAD-636,AAD-636,"Push knob D (LOUDNESS, ADAPTOR/TAPE 2) - KU"
SA-950,Integrated Amplifier,AAD-636,AAD-636,"Push knob D (LOUDNESS, ADAPTOR/TAPE 2) - S"
SA-950,Integrated Amplifier,AAD-636,AAD-636,"Push knob D (LOUDNESS, ADAPTOR/TAPE 2) - S/G"
SA-1050,Integrated Amplifier,AAD-637,AAD-637,Push knob D (CD/VIDEO)
SA-950,Integrated Amplifier,AAD-637,AAD-637,Push knob C (CD/VIDEO) - KC
SA-950,Integrated Amplifier,AAD-637,AAD-637,Push knob C (CD/VIDEO) - KU
SA-950,Integrated Amplifier,AAD-637,AAD-637,Push knob C (CD/VIDEO) - S
SA-950,Integrated Amplifier,AAD-637,AAD-637,Push knob C (CD/VIDEO) - S/G
SA-950,Integrated Amplifier,AAD-637,AAD-637,Push knob D (CD/VIDEO) - HE
SA-950,Integrated Amplifier,AAD-637,AAD-637,Push knob D (CD/VIDEO) - HEZ
SA-950,Integrated Amplifier,AAD-637,AAD-637,Push knob D (CD/VIDEO) - YP
SA-1040,Integrated Amplifier,AAD-645,AAD-645,Push knob ass‘y C
SA-940,Integrated Amplifier,AAD-646,AAD-646,"Push knob ass’y C (LOUDNESS, ADAPTOR/TAPE2)"
A-60,Integrated Amplifier,AAD-658,AAD-658,Push knob LS ass'y(LINE/STRAIGHT)
A-60,Integrated Amplifier,AAD-659,AAD-659,Push knob SP ass'y(SPEAKER)
A-80,Integrated Amplifier,AAD-674,AAD-674,"Push knob A assembly (PHONO, TUNER)"
A-80,Integrated Amplifier,AAD-675,AAD-675,"Push knob B assembly (CD/AUX1, AUX2)"
A-80,Integrated Amplifier,AAD-676,AAD-676,"Push knob E assembly (LINE STRAIGHT, SUBSONIC)"
SA-1040,Integrated Amplifier,AAD-677,AAD-677,Push knob ass'y A
SA-940,Integrated Amplifier,AAD-677,AAD-677,"Push knob ass'y A (POWER, SPEAKERS)"
SX-60,Receiver,AAD-679,AAD-679,"Knob A (SPEAKERS A/B,SIM STEREO,SUBSONIC,MM/MC,MONO,LOUDNESS)"
SX-60,Receiver,AAD-680,AAD-680,"Knob A (TUNING MODE,MEMORY)"
SX-60,Receiver,AAD-681,AAD-681,Knob (STATION CALL)
SX-60,Receiver,AAD-682,AAD-682,Knob (UP)
SX-60,Receiver,AAD-683,AAD-683,Knob (DOWN)
SX-60,Receiver,AAD-684,AAD-684,Knob (POWER)
SX-60,Receiver,AAD-685,AAD-685,Knob A (TREBLE)
SX-60,Receiver,AAD-686,AAD-686,Knob B (BASS)
SX-50,Receiver,AAD-691,AAD-691,Knob A (TREBLE)
SX-50,Receiver,AAD-692,AAD-692,Knob B (BASS)
SA-1040,Integrated Amplifier,AAD-693,AAD-693,Push knob ass'y B
SA-940,Integrated Amplifier,AAD-694,AAD-694,Push knob ass‘y B (FUNCTION)
F-90,Tuner,AAD-697,AAD-697,Push knob MON
SG-90,Equalizer,AAD-700,AAD-700,Knob (POWER)
SG-90,Equalizer,AAD-701,AAD-701,"Knob A (LINE OUT SELECTOR, INPUT SELCTOR)"
SG-90,Equalizer,AAD-702,AAD-702,Knob B (AUTO FADER)
SG-90,Equalizer,AAD-703,AAD-703,Knob (SLIDER)
SX-60,Receiver,AAD-704,AAD-704,Knob C (TAPE 1)
SX-60,Receiver,AAD-705,AAD-705,Knob D (TAPE 2/ADPT)
SX-50,Receiver,AAD-711,AAD-711,Knob (POWER)
RG-60,Dynamic Range Expander,AAD-750,AAD-750,Push knob A (TAPE/VIDEO)
RG-60,Dynamic Range Expander,AAD-753,AAD-753,Push knob (POWER)
TX-950,Tuner,AAD-778,AAD-778,Knob cap
A-77X,Integrated Amplifier,AAD-851,AAD-851,Push knob (CD)
A-88X,Integrated Amplifier,AAD-851,AAD-851,Push knob (CD)
A-77X,Integrated Amplifier,AAD-852,AAD-852,Push knob (PHONO)
A-88X,Integrated Amplifier,AAD-852,AAD-852,Push knob (PHONO)
A-77X,Integrated Amplifier,AAD-853,AAD-853,Push knob (TUNER)
A-88X,Integrated Amplifier,AAD-853,AAD-853,Push knob (TUNER)
A-77X,Integrated Amplifier,AAD-855,AAD-855,Push knob (VIDEO/AUX1)
A-88X,Integrated Amplifier,AAD-855,AAD-855,Push knob (VIDEO/AUX1)
A-77X,Integrated Amplifier,AAD-856,AAD-856,Push knob (AUX2)
A-88X,Integrated Amplifier,AAD-856,AAD-856,Push knob (AUX2)
A-88X,Integrated Amplifier,AAD-858,AAD-858,Push knob (LINE STRAIGHT)
A-77X,Integrated Amplifier,AAD-859,AAD-859,Push knob (MU)
A-88X,Integrated Amplifier,AAD-859,AAD-859,Push knob (MUTlNG)
A-77X,Integrated Amplifier,AAD-860,AAD-860,Push knob (SUB)
A-88X,Integrated Amplifier,AAD-860,AAD-860,Push knob (SUBSONlC)
A-88X,Integrated Amplifier,AAD-861,AAD-861,Push knob (POWER)
A-77X,Integrated Amplifier,AAD-862,AAD-862,Push knob (TAPE)
A-77X,Integrated Amplifier,AAD-864,AAD-864,Push knob (LINE STRAIGHT)
A-77X,Integrated Amplifier,AAD-866,AAD-866,Push knob (SP-A)
A-77X,Integrated Amplifier,AAD-867,AAD-867,Push knob (SP-B)
A-77X,Integrated Amplifier,AAD-868,AAD-868,Push knob (POWER)
SA-970,Integrated Amplifier,AAD1018,AAD1018,Function knob (CD/VIDEO)
SA-970,Integrated Amplifier,AAD1018,AAD1018,Function knob (PHONO)
SA-970,Integrated Amplifier,AAD1018,AAD1018,Function knob (TAPE 1)
SA-970,Integrated Amplifier,AAD1018,AAD1018,Function knob (TUNER)
SA-970,Integrated Amplifier,AAD1018,AAD1018,Function knob (VIDEO/AUX)
SA-970,Integrated Amplifier,AAD1038,AAD1038,Push knob (SPEAKERS - SILVER)
SA-970,Integrated Amplifier,AAD1039,AAD1039,Power knob (SILVER)
GR-551,Equalizer,AAD1072,AAD1072,Push rod
GR-555,Equalizer,AAD1072,AAD1072,Push rod
GR-551,Equalizer,AAD1170,AAD1170,Knob (POWER)
GR-555,Equalizer,AAD1170,AAD1170,Knob (POWER)
GR-777,Equalizer,AAD1343,AAD1343,Knob (POWER)
GR-777,Equalizer,AAD1370,AAD1370,Tact knob (A)
GR-777,Equalizer,AAD1371,AAD1371,Tact knob (B)
QX-9900,Receiver,AAE-001-A,AAE-001,Knob (SPEAKER SWITCH A ass'y)
QX-9900,Receiver,AAE-002-A,AAE-002,Knob (SPEAKER SWITCH B ass'y)
QX-747,Receiver,AAE-007-0,AAE-007,Coupler (knob-to-switch)
QX-949,Receiver,AAE-007-0,AAE-007,Coupler (Knob-to switch)
QX-949A,Receiver,AAE-007,AAE-007,KNOB (COUPLER)
SX-1010,Receiver,AAE-007-0,AAE-007,Coupler (knob-to-switch)
SX-535,Receiver,AAE-007-0,AAE-007,Sub-knob
SX-636,Receiver,AAE-007-0,AAE-007,Coupler (knob-to-switch)
SX-737,Receiver,AAE-007-0,AAE-007,Coupler (knob-to-switch)
SX-838,Receiver,AAE-007-0,AAE-007,Coupler (Knob-to-switch)
SX-939,Receiver,AAE-007-0,AAE-007,Coupler (knob-to-switch)
QX-747,Receiver,AAE-008-0,AAE-008,Coupler (knob-to-switch)
QX-949,Receiver,AAE-008-0,AAE-008,Coupler (knob-to-switch)
SX-535,Receiver,AAE-008-0,AAE-008,Sub-knob
SX-636,Receiver,AAE-008-0,AAE-008,Coupler (knob-to-switch)
Exclusive M3,Amplifier,AAE-010-0,AAE-010,Magnet catch
SA-970,Integrated Amplifier,AAE1014,AAE1014,Slide knob (BASS - BLACK)
SA-970,Integrated Amplifier,AAE1014,AAE1014,Slide knob (TREBLE - BLACK)
SA-970,Integrated Amplifier,AAE1015,AAE1015,Slide knob (BALANCE - BLACK)
SA-970,Integrated Amplifier,AAE1016,AAE1016,Slide knob (BASS - SILVER)
SA-970,Integrated Amplifier,AAE1016,AAE1016,Slide knob (TREBLE - SILVER)
SA-970,Integrated Amplifier,AAE1017,AAE1017,Slide knob (BALANCE - SILVER)
QX-8000,Receiver,AAF-002-B,AAF-002,Dial Pointer
SX-6000,Receiver,AAF-002-B,AAF-002,Dial Pointer
TX-1000,Tuner,AAF-004,AAF-004,DIAL POINTER
SX-424,Receiver,AAF-007-B,AAF-007,Dial pointer
SX-525,Receiver,AAF-007-C,AAF-007,Dial pointer ass'y
SX-626 (1971),Receiver,AAF-007-C,AAF-007,Dial pointer ass'y
SX-626 (1973),Receiver,AAF-007-C,AAF-007,Dial pointer assembly
SX-727,Receiver,AAF-011-A,AAF-011,Dial pointer ass'y
SX-828,Receiver,AAF-011-A,AAF-011,Dial pointer ass’y
QX-8000A,Receiver,AAF-013-0,AAF-013,Dial pointer
QX-4000,Receiver,AAF-020-0,AAF-020,Dial pointer ass'y
QX-646,Receiver,AAF-020-0,AAF-020,Dial pointer
QX-747,Receiver,AAF-020-0,AAF-020,Dial pointer assembly
QX-949,Receiver,AAF-020-0,AAF-020,Dial pointer assembly
SX-535,Receiver,AAF-020-0,AAF-020,Dial pointer assembly
SX-636,Receiver,AAF-020-0,AAF-020,Dial pointer
SX-737,Receiver,AAF-020-0,AAF-020,Dial pointer
QX-9900,Receiver,AAF-024-A,AAF-024,Dial pointer
TX-710,Tuner,AAF-025,AAF-025,DIAL POINTER
TX-7100,Tuner,AAF-025-0,AAF-025,Dial pointer
TX-8100,Tuner,AAF-025-0,AAF-025,Dial pointer
TX-9100,Tuner,AAF-025-0,AAF-025,Dial pointer assembly
SX-434,Receiver,AAF-028-0,AAF-028,Dial pointer
TX-6200,Tuner,AAF-028-0,AAF-028,Dial pointer
SX-1010,Receiver,AAF-031-A,AAF-031,Dial pointer
SX-838,Receiver,AAF-031-A,AAF-031,Dial pointer assembly
SX-939,Receiver,AAF-031-A,AAF-031,Dial pointer assembly
TX-5300,Tuner,AAF-032-0,AAF-032,Dial pointer
QX-747A,Receiver,AAF-036,AAF-036,Dial pointer assembly
QX-949,Receiver,AAF-036,AAF-036,DIAL POINTER (AAF-020)
QX-949A,Receiver,AAF-036,AAF-036,Dial pointer assembly (AAF-020)
TX-9500,Tuner,AAF-040-0,AAF-040,Dial pointer
SX-450,Receiver,AAF-046,AAF-046,Dial pointer assembly
TX-6500,Tuner,AAF-046,AAF-046,DIAL POINTER ASSY
TX-6500II,Tuner,AAF-046,AAF-046,Dial pointer
SX-650,Receiver,AAF-048,AAF-048,Dial pointer assembly
SX-750,Receiver,AAF-048,AAF-048,Dial pointer assembly
SX-1050,Receiver,AAF-051,AAF-051,Dial pointer
SX-1250,Receiver,AAF-051,AAF-051,Dial pointer
TX-8500II,Tuner,AAF-054,AAF-054,Dial pointer
TX-9500II,Tuner,AAF-054,AAF-054,Dial pointer
SX-1080,Receiver,AAF-065,AAF-065,Dial pointer assembly
SX-1280,Receiver,AAF-065,AAF-065,Dial ponter assembly
SX-980,Receiver,AAF-065,AAF-065,Dial pointer assembly
SX-580/590,Receiver,AAF-074,AAF-074,Dial pointer assembly
SX-680/690,Receiver,AAF-074,AAF-074,Dial pointer assembly
SX-780,Receiver,AAF-074,AAF-074,Dial pointer assembly
SX-880/890,Receiver,AAF-074,AAF-074,Dial pointer
TX-130L,Tuner,AAF-117,AAF-117,Dial pointer assembly
SX-202,Receiver,AAF-118,AAF-118,Pointer
QX-8000,Receiver,AAG-003-B,AAG-003,Dial Glass
QX-8000A,Receiver,AAG-003-B,AAG-003,Dial scale
SX-6000,Receiver,AAG-005-0,AAG-005,Dial Glass
SD-1000,Other,AAG-018-O,AAG-018,Dial scale
SX-626 (1971),Receiver,AAG-023-B,AAG-023,Dial scale
SX-525,Receiver,AAG-027-A,AAG-027,Dial scale
SX-727,Receiver,AAG-029-0,AAG-029,Dial scale
SX-828,Receiver,AAG-031-A,AAG-031,Dial scale
SX-424,Receiver,AAG-035-0,AAG-035,Dial scale
QX-4000,Receiver,AAG-036-A,AAG-036,Dial scale
QX-9900,Receiver,AAG-038-B,AAG-038,Dial scale
SD-1100,Other,AAG-039-B,AAG-039,Dial plate
TX-7100,Tuner,AAG-045-0,AAG-045,Dial scale
TX-8100,Tuner,AAG-045-0,AAG-045,Dial scale
TX-9100,Tuner,AAG-046-0,AAG-046,Dial scale (Used with AWB-013-0)
TX-6200,Tuner,AAG-047-0,AAG-047,Dial scale
QX-646,Receiver,AAG-048-B,AAG-048,Dial scale
TX-9100,Tuner,AAG-050-0,AAG-050,Dial scale (Used with AWB-015-0)
QX-747,Receiver,AAG-055-B,AAG-055,Dial scale
SX-626 (1973),Receiver,AAG-057-0,AAG-057,Dial scale
QX-949,Receiver,AAG-063-A,AAG-063,Dial scale
SX-1010,Receiver,AAG-072-A,AAG-072,Dial scale
SX-939,Receiver,AAG-074-A,AAG-074,Dial scale
SX-838,Receiver,AAG-075-A,AAG-075,Dial scale
SX-434,Receiver,AAG-076-A,AAG-076,Dial scale
SX-737,Receiver,AAG-079-A,AAG-079,Dial scale
SX-636,Receiver,AAG-081-B,AAG-081,Dial scale
SX-535,Receiver,AAG-083-A,AAG-083,Dial scale
TX-9500,Tuner,AAG-089-A,AAG-089,Dial panel assembly
TX-5300,Tuner,AAG-090-0,AAG-090,Dial scale
QX-747A,Receiver,AAG-094,AAG-094,Dial scale plate
SX-1050,Receiver,AAG-105,AAG-105,Dial panel
SX-950,Receiver,AAG-105,AAG-105,Dial scale board
SX-1250,Receiver,AAG-106,AAG-106,Dial scale board
TX-6500II,Tuner,AAG-107,AAG-107,Dial panel assembly
SX-450,Receiver,AAG-113,AAG-113,Dial scale board
SX-750,Receiver,AAG-114,AAG-114,Dial panel
SX-850,Receiver,AAG-116,AAG-116,Dial scale board
SX-650,Receiver,AAG-117,AAG-117,Dial scale assembly
TX-8500II,Tuner,AAG-130,AAG-130,Dial panel assembly
TX-9500II,Tuner,AAG-131,AAG-131,Dial panel assembly
SX-1980,Receiver,AAG-144,AAG-144,Dial panel
SX-1280,Receiver,AAG-148,AAG-148,Dial panel
SX-580/590,Receiver,AAG-158,AAG-158,Dial panel (SX-580/KU)
SX-680/690,Receiver,AAG-158,AAG-158,Dial scale board (SX -680/KU)
SX-580/590,Receiver,AAG-160,AAG-160,Dial panel (SX-590/HG)
SX-580/590,Receiver,AAG-160,AAG-160,Dial panel (SX-590/HGW4)
SX-680/690,Receiver,AAG-160,AAG-160,Dial scale board (SX -680/HG)
SX-680/690,Receiver,AAG-160,AAG-160,Dial scale board (SX -680/HGW4)
SX-780,Receiver,AAG-161,AAG-161,Dial panel
SX-880/890,Receiver,AAG-162,AAG-162,Dial panel (SX-880/KU)
SX-880/890,Receiver,AAG-167,AAG-167,Dial panel (SX-890/KU)
F-28,Tuner,AAG-170,AAG-170,Dial scale
F-28,Tuner,AAG-171,AAG-171,Code pattern panel
SX-680/690,Receiver,AAG-172,AAG-172,Dial panel (SX-690/KU)
TX-130L,Tuner,AAG-237,AAG-237,Dial scale
QX-949,Receiver,AAH-008-A,AAH-008,Indicator plate
TX-9500,Tuner,AAH-020-0,AAH-020,Side screen (L)
TX-9500,Tuner,AAH-021-0,AAH-021,Side screen (R)
SA-970,Integrated Amplifier,AAK1046,AAK1046,Sheet panel A (BLACK)
SA-970,Integrated Amplifier,AAK1047,AAK1047,Sheet panel B
SA-970,Integrated Amplifier,AAK1062,AAK1062,Sheet panel A (SILVER)
GR-551,Equalizer,AAK1280,AAK1280,Sheet panel - KUC
GR-555,Equalizer,AAK1280,AAK1280,Sheet panel
GR-551,Equalizer,AAK1281,AAK1281,FL filler - KUC
GR-551,Equalizer,AAK1281,AAK1281,FL filter - HB
GR-551,Equalizer,AAK1281,AAK1281,FL filter - HEZ
GR-551,Equalizer,AAK1281,AAK1281,FL filter - KUC
GR-555,Equalizer,AAK1281,AAK1281,FL filler - HB
GR-555,Equalizer,AAK1281,AAK1281,FL filler - HEZ
GR-551,Equalizer,AAK1314,AAK1314,FL filter - SD
GR-551,Equalizer,AAK1314,AAK1314,FL filter - SD/G
GR-777,Equalizer,AAK1333,AAK1333,Sensor acrylic window
GR-777,Equalizer,AAK1478,AAK1478,FL Filter - HEZ
GR-777,Equalizer,AAK1480,AAK1480,Display seat
GR-777,Equalizer,AAK1488,AAK1488,lndicator lens
GR-777,Equalizer,AAK1496,AAK1496,Display panel
GR-777,Equalizer,AAK1523,AAK1523,FL Filter - KUC
GR-777,Equalizer,AAK1523,AAK1523,FL Filter - SD
GR-777,Equalizer,AAK1523,AAK1523,FL Filter - SD/G
GR-555,Equalizer,AAK1551,AAK1551,Sheet panel  - SD
GR-555,Equalizer,AAK1551,AAK1551,Sheet panel - HB
GR-555,Equalizer,AAK1551,AAK1551,Sheet panel - HEZ
GR-555,Equalizer,AAK1551,AAK1551,Sheet panel - KUC
GR-555,Equalizer,AAK1551,AAK1551,Sheet panel - SD/G
GR-555,Equalizer,AAK1588,AAK1588,FL filler  - SD
GR-555,Equalizer,AAK1588,AAK1588,FL filler - KUC
GR-555,Equalizer,AAK1588,AAK1588,FL filler - SD/G
SX-626 (1973),Receiver,AAL-047-A,AAL-047,"Model name plate    KUW, KCW"
SX-626 (1973),Receiver,AAL-048-A,AAL-048,"Model name plate    FW, FVZW"
TX-9100,Tuner,AAL-118-0,AAL-118,"Model name plate (KUW, KCW model)"
TX-9100,Tuner,AAL-119-0,AAL-119,"Model name plate (FVZW, FW model)"
TX-8100,Tuner,AAL-138-0,AAL-138,"Model name plate (KUW, KCW model)"
TX-8100,Tuner,AAL-139-0,AAL-139,"Model name plate (FVZW, FW model)"
TX-6200,Tuner,AAL-141-0,AAL-141,Model name plate KU model
TX-6200,Tuner,AAL-142-0,AAL-142,Model name plate F and FVZ model
QX-646,Receiver,AAL-154-0,AAL-154,Model name plate  (KUW model)
QX-646,Receiver,AAL-159-0,AAL-159,Model name plate (FW model)
QX-949,Receiver,AAL-168-0,AAL-168,Model name plate
QX-747,Receiver,AAL-169-0,AAL-169,Model name plate
SX-939,Receiver,AAL-180-A,AAL-180,Model name plate (KCU)
SX-737,Receiver,AAL-183-0,AAL-183,Model name plate (KCU)
SX-737,Receiver,AAL-185-0,AAL-185,Model name plate (GN)
SX-838,Receiver,AAL-186-0,AAL-186,Model name plate (KCU)
SX-838,Receiver,AAL-188-0,AAL-188,Model name plate (GN)
SX-1010,Receiver,AAL-200-A,AAL-200,Model name plate (KCU)
SX-939,Receiver,AAL-201-0,AAL-201,Model name plate (F)
SX-838,Receiver,AAL-202-0,AAL-202,Model name plate (F)
SX-737,Receiver,AAL-203-0,AAL-203,Model name plate (F)
SX-1010,Receiver,AAL-204-0,AAL-204,Model name plate (F)
SX-1010,Receiver,AAL-205-0,AAL-205,Model name plate (GN)
SX-636,Receiver,AAL-208-0,AAL-208,Model name plate (KCU)
SX-636,Receiver,AAL-209-A,AAL-209,Model name plate (GN)
SX-636,Receiver,AAL-210-0,AAL-210,Model name plate (FV)
SX-434,Receiver,AAL-211-0,AAL-211,Model name plate (KCU)
SX-434,Receiver,AAL-212-0,AAL-212,Model name plate (GN)
SX-434,Receiver,AAL-213-0,AAL-213,Model name plate (FV)
SX-535,Receiver,AAL-218-0,AAL-218,Model name plate (KCU)
SX-535,Receiver,AAL-219-0,AAL-219,Model name plate (FV)
SX-535,Receiver,AAL-220-0,AAL-220,Model name plate (GN)
Exclusive M3,Amplifier,AAL-224-0,AAL-224,Model name plate
QA-800,Integrated Amplifier,AAM-003-A,AAM-003,Quadraphonic badge
QA-800A,Integrated Amplifier,AAM-003-A,AAM-003,Quadraphonic badge
QC-800,Pre-Amplifier,AAM-003-A,AAM-003,Quadraphonic badge
QC-800A,Pre-Amplifier,AAM-003-A,AAM-003,Quadraphonic badge
QL-600,Integrated Amplifier,AAM-003-A,AAM-003,Quadraphonic Badge
QL-600A,Integrated Amplifier,AAM-003-A,AAM-003,Quadraphonic badge
QM-800,Amplifier,AAM-003-A,AAM-003,Quadraphonic badge
QM-800A,Amplifier,AAM-003-A,AAM-003,Quadraphonic badge
QX-4000,Receiver,AAM-003-0,AAM-003,Quadraphonic badge
GR-777,Equalizer,AAM-030,AAM-030,Name plate
QX-9900,Receiver,AAN -002-0,AAN -002,Reverberation time indicator B
QX-9900,Receiver,AAN-001-0,AAN-001,Reverberation time indicator A
SX-6,Receiver,AAN-028,AAN-028,Station card
SX-7,Receiver,AAN-028,AAN-028,Station card set
SX-8,Receiver,AAN-028,AAN-028,Station card set KU-type
SX-3700,Receiver,AAN-029,AAN-029,Resistor (2.2MΩ)
SX-8,Receiver,AAN-029,AAN-029,Station card set S-type
SX-8,Receiver,AAN-029,AAN-029,Station card set S/G-type
SX-820,Receiver,AAN-029,AAN-029,Resistor (2.2MΩ)
TX-930,Tuner,AAN-047,AAN-047,Station card set
SD-1100,Other,AAP-022-B,AAP-022,CRT flame
SX-1050,Receiver,AAT-025,AAT-025,Shaft cover
SX-950,Receiver,AAT-026,AAT-026,"Indicator (SP-A, SP-B, SP-C)"
SX-850,Receiver,AAT-027,AAT-027,"Indicator (AM, FM, PHONO 1, PHONO 2/MIC, AUX)"
SX-950,Receiver,AAT-027,AAT-027,"Indicator (AM, FM, PH-1, PH-2, AUX)"
SX-850,Receiver,AAT-028,AAT-028,Indicator (STEREO)
SX-950,Receiver,AAT-028,AAT-028,Indicator (STEREO)
M-25,Amplifier,AAT-036,AAT-036,Lens
SX-850,Receiver,AAT-037,AAT-037,"Indicator (SP A, B)"
TX-8500II,Tuner,AAT-043,AAT-043,Indicator lens
SA-6700,Integrated Amplifier,AAT-483,AAT-483,Power transformer
SA-9800,Integrated Amplifier,AAV-001,AAV-001,Fluorescent indicator tube
SA-7800,Integrated Amplifier,AAV-002,AAV-002,Fluorescent indicator tube
SA-8800,Integrated Amplifier,AAV-002,AAV-002,Fluorescent indicator tube
RG-2,Dynamic Range Expander,AAV-003,AAV-003,Flourescent lndlcator tube
RG-60,Dynamic Range Expander,AAV-003,AAV-003,Fluorescent indicator tube
SA-5800/508,Integrated Amplifier,AAV-004,AAV-004,Fluorescent indicator tube
SA-6800/608,Integrated Amplifier,AAV-004,AAV-004,Fluorescent indicator tube
SA-708,Integrated Amplifier,AAV-004,AAV-004,Fluorescent indicator tube
SX-3800,Receiver,AAV-007,AAV-007,Fluorescent indicator tube
SX-3900,Receiver,AAV-007,AAV-007,Fluorescent indicator tube
SX-D5000,Receiver,AAV-007,AAV-007,FL indicator tube (Frequency)
SX-3900,Receiver,AAV-008,AAV-008,Fluorescent indicator tube
SX-3700,Receiver,AAV-009,AAV-009,Fluorescent indicator tube (POWER)
SX-3800,Receiver,AAV-009,AAV-009,Fluorescent indicator tube
SX-D5000,Receiver,AAV-009,AAV-009,FL indicator tube (Power)
SX-3500,Receiver,AAV-010,AAV-010,Fluorescent indicator tube
TX-710,Tuner,AAV-012,AAV-012,FLUORESCENT TUBE
DT-32,Timer,AAV-014,AAV-014,FLUORESCENT TUBE
DT-500,Timer,AAV-014,AAV-014,FLUORESCENT TUBE
TX-950,Tuner,AAV-017,AAV-017,Flourescent display tube
SX-60,Receiver,AAV-021,AAV-021,FL Tube
SX-50,Receiver,AAV-022,AAV-022,FL tube
A-7,Integrated Amplifier,AAV-301,AAV-301,Power indicator
A-8,Integrated Amplifier,AAV-301,AAV-301,"LED meter module (KU, KC)"
A-9,Integrated Amplifier,AAV-302,AAV-302,LED level meter module
SA-530,Integrated Amplifier,AAV-303,AAV-303,LED level meter module
SA-930,Integrated Amplifier,AAV-304,AAV-304,LED level meter module
SX-6,Receiver,AAV-305,AAV-305,Level meter assembly
SX-7,Receiver,AAV-305,AAV-305,LED level meter module
SX-8,Receiver,AAV-306,AAV-306,LED level meter module
SX-8,Receiver,AAV-307,AAV-307,LED array
SA-1040,Integrated Amplifier,AAV-311,AAV-311,LED level display
SA-1050,Integrated Amplifier,AAV-311,AAV-311,LED level display
SA-940,Integrated Amplifier,AAV-312,AAV-312,LED level display
SA-950,Integrated Amplifier,AAV-312,AAV-312,LED level display
GR-551,Equalizer,AAV1016 (AAV1015),AAV1016 (AAV1015),Fluorescent tube
GR-555,Equalizer,AAV1016 (AAV1015),AAV1016 (AAV1015),Fluorescent tube
GR-777,Equalizer,AAV1056,AAV1056,Fluorescent Indicator tube
QX-8000,Receiver,AAW-001-A,AAW-001,Signal Meter
QX-8000A,Receiver,AAW-001-A,AAW-001,Signal meter
SX-6000,Receiver,AAW-001-A,AAW-001,Signal Meter
QX-8000,Receiver,AAW-002-A,AAW-002,Tuning Meter
QX-8000A,Receiver,AAW-002-A,AAW-002,Tuning meter
SX-6000,Receiver,AAW-002-A,AAW-002,Tuning Meter
TX-9800,Tuner,AAW-002,AAW-002,METER(TUNING)
QX-4000,Receiver,AAW-003-0,AAW-003,Tuning meter
QX-646,Receiver,AAW-003-0,AAW-003,Signal meter
SX-424,Receiver,AAW-003-A,AAW-003,Signal meter
QL-600,Integrated Amplifier,AAW-004-0,AAW-004,Level Meter
SX-525,Receiver,AAW-005-0,AAW-005,Signal meter
SX-626 (1973),Receiver,AAW-005-0,AAW-005,Signal meter
SX-727,Receiver,AAW-006-0,AAW-006,Signal meter
SX-828,Receiver,AAW-006-0,AAW-006,Signal meter
SX-727,Receiver,AAW-007-0,AAW-007,Tuning meter
SX-828,Receiver,AAW-007-0,AAW-007,Tuning meter
QL-600A,Integrated Amplifier,AAW-009-0,AAW-009,Level meter
QM-800A,Amplifier,AAW-010-0,AAW-010,Level meter
QX-9900,Receiver,AAW-011-0,AAW-011,Signal meter
QX-9900,Receiver,AAW-012-0,AAW-012,Tuning meter
QX-9900,Receiver,AAW-013-0,AAW-013,Level meter
SD-1100,Other,AAW-014-0,AAW-014,Level meter
TX-710,Tuner,AAW-015,AAW-015,METER
TX-7100,Tuner,AAW-015-0,AAW-015,Signal meter
TX-8100,Tuner,AAW-015-0,AAW-015,Signal meter
TX-9100,Tuner,AAW-015-0,AAW-015,Signal meter
TX-710,Tuner,AAW-016,AAW-016,METER
TX-7100,Tuner,AAW-016-A,AAW-016,Tuning rneter
TX-8100,Tuner,AAW-016-A,AAW-016,Tuning meter
TX-9100,Tuner,AAW-016-A,AAW-016,Tuning meter
QX-747,Receiver,AAW-018-A,AAW-018,AM-FM meter
TX-6200,Tuner,AAW-018-0,AAW-018,AM/FM meter
QD-240,Other,AAW-019,AAW-019,METER(SEPARATION)
QX-949,Receiver,AAW-020-0,AAW-020,Twin meter (Signal and Tuning)
QX-747,Receiver,AAW-021-0,AAW-021,4-channel level indicator
QX-747A,Receiver,AAW-021,AAW-021,4-channel level indicator
QX-949,Receiver,AAW-021-0,AAW-021,4-Channel level indicator
QX-949A,Receiver,AAW-021,AAW-021,4-channel level indicator
Exclusive M3,Amplifier,AAW-025-0,AAW-025,Peak meter
SX-434,Receiver,AAW-026-A,AAW-026,Tuning meter
SX-1010,Receiver,AAW-029-0,AAW-029,Meter (Signal Bt tuning)
SX-838,Receiver,AAW-029-0,AAW-029,Meter (Signal & Tuning)
SX-939,Receiver,AAW-029-0,AAW-029,Meter (Tuning & Signal)
SX-737,Receiver,AAW-032-0,AAW-032,Meter (signal & tuning)
SX-535,Receiver,AAW-033-0,AAW-033,Meter (Signal & Tuning)
SX-636,Receiver,AAW-033-0,AAW-033,Meter (signal & tuning)
TX-5300,Tuner,AAW-035-A,AAW-035,AM/FM mater
SX-1050,Receiver,AAW-040,AAW-040,Double meter (SIGNAL/TUNING)
SX-1250,Receiver,AAW-040,AAW-040,Double meter (SIGNAL/TUNING)
SX-650,Receiver,AAW-040,AAW-040,Meter
SX-750,Receiver,AAW-040,AAW-040,Double meter
SX-850,Receiver,AAW-040,AAW-040,Double meter (SIGNAL/TUNING)
SX-950,Receiver,AAW-040,AAW-040,Double meter (SIGNAL/TUNING)
TX-9500,Tuner,AAW-040-0,AAW-040,Double meter (SIGNAL/TUNING)
QX-949A,Receiver,AAW-042,AAW-042,Twin meter (TUNING/SIGNAL)
QX-747A,Receiver,AAW-046,AAW-046,AM-FM meter
SPEC-2,Amplifier,AAW-051,AAW-051,Peak level meter (LEFT CHANNEL)
SPEC-2,Amplifier,AAW-051,AAW-051,Peak level meter (RIGHT CHANNEL)
RG-1,Dynamic Range Expander,AAW-052,AAW-052,Meter (Dynamic expansion)
RG-1,Dynamic Range Expander,AAW-052,AAW-052,"Meter (L, Dynamic Expansion)"
RG-1,Dynamic Range Expander,AAW-052,AAW-052,"Meter (R, Dynamic Expansion)"
SX-450,Receiver,AAW-053,AAW-053,Meter (AM/FM)
SX-550,Receiver,AAW-053,AAW-053,Meter
TX-6500II,Tuner,AAW-053,AAW-053,AM-FM meter
TX-8500II,Tuner,AAW-054,AAW-054,Signal meter
TX-9500II,Tuner,AAW-054,AAW-054,Signal meter
TX-8500II,Tuner,AAW-055,AAW-055,Tuning meter
TX-9500II,Tuner,AAW-055,AAW-055,Tuning meter
SPEC-4,Amplifier,AAW-068,AAW-068,Peak meter (LEFT)
SPEC-4,Amplifier,AAW-068,AAW-068,Peak meter (RIGHT)
SA-6700,Integrated Amplifier,AAW-069,AAW-069,Power meter
SA-7700,Integrated Amplifier,AAW-069,AAW-069,Meter (POWER)
SX-1080,Receiver,AAW-074,AAW-074,Power meter
SX-1080,Receiver,AAW-075,AAW-075,Double meter
SX-1280,Receiver,AAW-075,AAW-075,Double meter
SX-880/890,Receiver,AAW-075,AAW-075,Twin meter (SIGNAL/TUNING)
SX-980,Receiver,AAW-075,AAW-075,Double meter
SX-1980,Receiver,AAW-076,AAW-076,Meter (SIGNAL)
SX-1980,Receiver,AAW-077,AAW-077,Meter (TUNING)
SX-1980,Receiver,AAW-078,AAW-078,Meter (WATTS 8Ω)
SX-980,Receiver,AAW-079,AAW-079,Power meter
SX-1280,Receiver,AAW-080,AAW-080,Power meter
F-28,Tuner,AAW-081,AAW-081,Signal meter
SA-606,Integrated Amplifier,AAW-087,AAW-087,Power meter (HG)
SA-606,Integrated Amplifier,AAW-087,AAW-087,"Power meter (S,S/G)"
SA-706,Integrated Amplifier,AAW-087,AAW-087,Meter (WATTS/8Ω - HG)
SA-706,Integrated Amplifier,AAW-087,AAW-087,"Meter (WATTS/8Ω) - S,S/G)"
SX-580/590,Receiver,AAW-089,AAW-089,AM-FM meter
SX-680/690,Receiver,AAW-089,AAW-089,AM/FM meter
SX-580/590,Receiver,AAW-090,AAW-090,Power meter
SX-680/690,Receiver,AAW-091,AAW-091,POWER meter
SX-780,Receiver,AAW-092,AAW-092,Power meter
SX-780,Receiver,AAW-093,AAW-093,AM-FM meter
SX-880/890,Receiver,AAW-094,AAW-094,Twin meter (POWER)
TX-6800/608,Tuner,AAW-102,AAW-102,Twin meter (SIGNAL/TUNING)
TX-7800,Tuner,AAW-102,AAW-102,Signal/Tuning meter
TX-410,Tuner,AAW-122,AAW-122,TUNING METER
SX-3500,Receiver,AAW-124,AAW-124,SIGNAL/TUNING meter
SX-3600/720,Receiver,AAW-124,AAW-124,Signal/Tuning meter (SX-3600 KU)
SX-600L,Receiver,AAW-126,AAW-126,Signal meter
SX-700L,Receiver,AAW-126,AAW-126,Signal meter
SX-600,Receiver,AAW-127,AAW-127,Signal meter
SX-700,Receiver,AAW-127,AAW-127,Signal meter
SX-3400,Receiver,AAW-128,AAW-128,Signal meter
SX-3600/720,Receiver,AAW-129,AAW-129,Signal /Tuning meter (SX-3600 KU)
A-80,Integrated Amplifier,AAX-192,AAX-192,label (240V)
F-7,Tuner,AAX-192,AAX-192,240V label
A-80,Integrated Amplifier,AAX-193,AAX-193,label (220V)
F-7,Tuner,AAX-193,AAX-193,220V label
SA-970,Integrated Amplifier,AAY-161,AAY-161,Push knob (ADAPTOR/TAPE 2)
SA-970,Integrated Amplifier,AAY-161,AAY-161,Push knob (LOUDNESS)
SA-970,Integrated Amplifier,AAY-161,AAY-161,Push knob (SPEAKERS - BLACK)
A-66X,Integrated Amplifier,AAY-232,AAY-232,Push knob (PHONO)(Silver)
A-66X,Integrated Amplifier,AAY-233,AAY-233,Push knob (TUNER)(Silver)
A-66X,Integrated Amplifier,AAY-234,AAY-234,Push knob (CD)(Silver)
A-66X,Integrated Amplifier,AAY-235,AAY-235,Push knob (AUX11)(Silver)
A-66X,Integrated Amplifier,AAY-236,AAY-236,Push knob (AUX2)(Silver)
A-66X,Integrated Amplifier,AAY-237,AAY-237,Push knob (AUX3)(Silver)
A-66X,Integrated Amplifier,AAY-238,AAY-238,Power knob (Silver)
A-66X,Integrated Amplifier,AAY-239,AAY-239,Push knob (A)(Silver)
A-66X,Integrated Amplifier,AAY-240,AAY-240,Push knob (B)(Silver)
A-66X,Integrated Amplifier,AAY-244,AAY-244,Push knob (PHONO)(Black)
A-66X,Integrated Amplifier,AAY-245,AAY-245,Push knob (TUNER)(Black)
A-66X,Integrated Amplifier,AAY-246,AAY-246,Push knob (CD)(Black)
A-66X,Integrated Amplifier,AAY-247,AAY-247,Push knob (AUX11)(Black)
A-66X,Integrated Amplifier,AAY-248,AAY-248,Push knob (AUX2)(Black)
A-66X,Integrated Amplifier,AAY-249,AAY-249,Push knob (AUX3)(Black)
A-66X,Integrated Amplifier,AAY-250,AAY-250,Power knob (Black)
A-66X,Integrated Amplifier,AAY-251,AAY-251,Push knob (A) (Black)
A-66X,Integrated Amplifier,AAY-252,AAY-252,Push knob (B) (Black)
A-77X,Integrated Amplifier,AAY-277,AAY-277,Push knob (POWER) (Silver) - HE
SA-970,Integrated Amplifier,AAY-404,AAY-404,Power knob (BLACK)
SX-1000TA (Early),Receiver,AB1016,AB1016,"Screw, to fix metal cover"
QC-800A,Pre-Amplifier,ABA-001-0,ABA-001,Screw to ﬁx wooden case
TX-9500,Tuner,ABA-002-0,ABA-002,Tapping screw MSXB
H-R9000,8-Track Tape,ABA-003-0,ABA-003,Special Screw
SR-303,Reverb,ABA-003,ABA-003,Screw 3x10
TX-9500,Tuner,ABA-003-0,ABA-003,Round head screw M3x10
SX-939,Receiver,ABA-004-0,ABA-004,Pulley shaft
CT-F7171,Cassette Tape,ABA-010-0,ABA-010,Screw M4x15
QA-800A,Integrated Amplifier,ABA-010-0,ABA-010,Screw to fix wooden case
QM-800A,Amplifier,ABA-010-0,ABA-010,Screw to fix wooden c
QX-4000,Receiver,ABA-010-0,ABA-010,Screw to fix wooden case
QX-646,Receiver,ABA-010-A,ABA-010,Color-plated wide shoulder screw
QX-747,Receiver,ABA-010-0,ABA-010,Screw M4x15
QX-949,Receiver,ABA-010-A,ABA-010,Screw M4 x 15
QX-9900,Receiver,ABA-010-0,ABA-010,Screw to fix wooden case
RT-1011L,Reel To Reel Tape,ABA-010-0,ABA-010,Special screw M4 x 15
RT-1011L,Reel To Reel Tape,ABA-010-0,ABA-010,Special screw M4 x 15
RT-909,Reel To Reel Tape,ABA-010,ABA-010,Flange screw M4x5
SA-8100,Integrated Amplifier,ABA-010-A,ABA-010,Screw to fix wooden case
SD-1100,Other,ABA-010-0,ABA-010,Screw to fix wooden case
SX-1010,Receiver,ABA-010-A,ABA-010,Screw M4X15
SX-434,Receiver,ABA-010-A,ABA-010,Screw M4x15
SX-535,Receiver,ABA-010-A,ABA-010,Screw M4 x 15
SX-626 (1973),Receiver,ABA-010-A,ABA-010,Screw M4x15
SX-636,Receiver,ABA-010-A,ABA-010,Screw M4x15
SX-737,Receiver,ABA-010-A,ABA-010,Screw M4X15
SX-939,Receiver,ABA-010-A,ABA-010,Screw M4 x 15
TX-7100,Tuner,ABA-010-A,ABA-010,Screw to fix wooden cabinet
TX-8100,Tuner,ABA-010-A,ABA-010,Screw to fix wooden cabinet
TX-9100,Tuner,ABA-010-A,ABA-010,Screw to fix wooden case
CT-F6161,Cassette Tape,ABA-011-0,ABA-011,Screw M4x 26
Exclusive M3,Amplifier,ABA-011-A,ABA-011,Screw M4X26
RT-1020L,Reel To Reel Tape,ABA-011-0,ABA-011,Special screw M4 x 26
RT-1020L,Reel To Reel Tape,ABA-011-0,ABA-011,Special screw M4x 26
SX-838,Receiver,ABA-011-A,ABA-011,Screw M4X26
QX-9900,Receiver,ABA-012-0,ABA-012,Speaker to fix bottom plate
RG-1,Dynamic Range Expander,ABA-012,ABA-012,SCREW(STEEL)
SX-737,Receiver,ABA-012-0,ABA-012,Screw
TX-9100,Tuner,ABA-012-0,ABA-012,Screw to fix bottom plate
TX-9500,Tuner,ABA-012-0,ABA-012,Tapping screw 4x8
SA-5200,Integrated Amplifier,ABA-013-0,ABA-013,Sideboard fixing screw
Exclusive M3,Amplifier,ABA-016-0,ABA-016,Screw (switch holder)
Exclusive M3,Amplifier,ABA-017-B,ABA-017,Special screw
Exclusive M3,Amplifier,ABA-018-0,ABA-018,Screw (switch holder)
TX-5300,Tuner,ABA-021-A,ABA-021,"Screw, front panel"
TX-6800/608,Tuner,ABA-025,ABA-025,Fan head screw 3x4
TX-6800/608,Tuner,ABA-034,ABA-034,Pan head screw 3x4
SR-303,Reverb,ABA-048,ABA-048,Screw 3x6
TX-6800/608,Tuner,ABA-048,ABA-048,Screw 3x6
TX-6800/608,Tuner,ABA-048,ABA-048,Screw 3x6
SR-303,Reverb,ABA-049,ABA-049,Screw 3x8
TX-6800/608,Tuner,ABA-049,ABA-049,Screw 3x8
SR-303,Reverb,ABA-050,ABA-050,Screw 3x10
SR-303,Reverb,ABA-065,ABA-065,Screw 3x6
SR-303,Reverb,ABA-069,ABA-069,Screw 4x8
SR-303,Reverb,ABA-071,ABA-071,Screw 4x16
SA-9800,Integrated Amplifier,ABA-076,ABA-076,Screw (for top cover - S)
TX-9500,Tuner,ABA-078-A,ABA-078,Collar head tapping screw M3x8
SA-606,Integrated Amplifier,ABA-079,ABA-079,Screw (for top cover - HG)
SA-606,Integrated Amplifier,ABA-079,ABA-079,"Screw (for top cover - S,S/G)"
SA-706,Integrated Amplifier,ABA-079,ABA-079,Screw (for Top cover - HG)
SA-706,Integrated Amplifier,ABA-079,ABA-079,"Screw (for Top cover - S,S/G)"
SA-9900,Integrated Amplifier,ABA-079-A,ABA-079,Tapping screw 4X3
TX-5300,Tuner,ABA-079-A,ABA-079,"Screw, bonnet, M4x8"
TX-9500,Tuner,ABA-079-A,ABA-079,Collar head tapping screw 4x8
SR-303,Reverb,ABA-082,ABA-082,Screw 3x10
TX-6800/608,Tuner,ABA-082,ABA-082,Screw 3x10
SA-9900,Integrated Amplifier,ABA-083-0,ABA-083,Tapping screw 4X12
A-9,Integrated Amplifier,ABA-100,ABA-100,Screw 5X12
SA-930,Integrated Amplifier,ABA-115,ABA-115,Tapping screw (for SPEAKERS terminal) - HEZ
SR-303,Reverb,ABA-115,ABA-115,Special screw
TX-6800/608,Tuner,ABA-115,ABA-115,Special screw
TX-930,Tuner,ABA-115,ABA-115,Screw with bar
A-90,Integrated Amplifier,ABA-140,ABA-140,Screw
A-66X,Integrated Amplifier,ABA-176,ABA-176,Screw
A-7,Integrated Amplifier,ABA-176,ABA-176,Screw
A-90,Integrated Amplifier,ABA-176,ABA-176,Screw
F-7,Tuner,ABA-176,ABA-176,Screw
SX-50,Receiver,ABA-176,ABA-176,Screw
SX-6,Receiver,ABA-176,ABA-176,Screw
SX-7,Receiver,ABA-176,ABA-176,Terminal screw
TX-6800/608,Tuner,ABA-180,ABA-180,Screw 4 x 6 (for bonnet case - TX-608/KU)
SX-3600/720,Receiver,ABA-187,ABA-187,Screw
A-7,Integrated Amplifier,ABA-193,ABA-193,Screw
A-9,Integrated Amplifier,ABA-193,ABA-193,Screw
SX-6,Receiver,ABA-193,ABA-193,Screw
SX-3400,Receiver,ABA-204,ABA-204,Tapping screw
SX-3600/720,Receiver,ABA-204,ABA-204,Screw (3 X 6)
SA-9800,Integrated Amplifier,ABA-206,ABA-206,"Screw (for top cover - KU, S/G)"
TX-6800/608,Tuner,ABA-206,ABA-206,Screw 4 x 25 (for side panels - TX-6800/KU)
TX-6800/608,Tuner,ABA-206,ABA-206,Washerfaced screw 4x25
A-7,Integrated Amplifier,ABA-214,ABA-214,Screw
A-9,Integrated Amplifier,ABA-214,ABA-214,Screw
SR-303,Reverb,ABA-228,ABA-228,Screw 3x6
TX-6800/608,Tuner,ABA-228,ABA-228,Screw 3x6
SX-6,Receiver,ABA-234,ABA-234,Screw (3X12)
TX-130L,Tuner,ABA-252,ABA-252,Screw
A-66X,Integrated Amplifier,ABA-258,ABA-258,Screw
A-7,Integrated Amplifier,ABA-258,ABA-258,Screw
A-9,Integrated Amplifier,ABA-258,ABA-258,Screw
SX-6,Receiver,ABA-258,ABA-258,Screw (for heat sink of D25)
A-7,Integrated Amplifier,ABA-261,ABA-261,Screw
A-9,Integrated Amplifier,ABA-261,ABA-261,Brazier head screw
A-66X,Integrated Amplifier,ABA-283,ABA-283,PWB Screw
A-88X,Integrated Amplifier,ABA-283,ABA-283,Screw
SA-1000,Integrated Amplifier,ABE-001-O,ABE-001,Tooth washer
SA-9900,Integrated Amplifier,ABE-001-0,ABE-001,Claw washer
SX-535,Receiver,ABE-001-0,ABE-001,Claw washer
SX-535,Receiver,ABE-005-0,ABE-005,Washer
SA-9900,Integrated Amplifier,ABE-006-0,ABE-006,Claw washer
TX-6800/608,Tuner,ABE-035,ABE-035,Washer
SX-4,Receiver,ABE-072,ABE-072,CS-type washer
QX-9900,Receiver,ABF-003-0,ABF-003,Washer
SX-D5000,Receiver,ABH-043,ABH-043,Coiled spring
A-7,Integrated Amplifier,ABH-045,ABH-045,Spring
A-9,Integrated Amplifier,ABH-045,ABH-045,Coiled spring
GR-777,Equalizer,ABH-052,ABH-052,Coil spring
SX-D5000,Receiver,ABH-058,ABH-058,Coiled spring
A-7,Integrated Amplifier,ABH-069,ABH-069,Spring
A-9,Integrated Amplifier,ABH-069,ABH-069,Coiled spring
F-7,Tuner,ABH-069,ABH-069,Coiled spring
F-7,Tuner,ABH-070,ABH-070,Coiled spring
SX-4,Receiver,ABH-088,ABH-088,Coiled spring
SX-5,Receiver,ABH-088,ABH-088,Coiled spring
SX-6,Receiver,ABH-088,ABH-088,Coiled spring
SX-7,Receiver,ABH-088,ABH-088,Coiled spring
A-90,Integrated Amplifier,ABH-091,ABH-091,Spring
SX-8,Receiver,ABH-091,ABH-091,Coiled spring
SX-8,Receiver,ABH-092,ABH-092,Coiled spring
SX-8,Receiver,ABH-093,ABH-093,Coiled spring
F-90,Tuner,ABH-095,ABH-095,Coiled spring
A-66X,Integrated Amplifier,ABH-099,ABH-099,Coil spring
A-90,Integrated Amplifier,ABH-099,ABH-099,Spring
A-90,Integrated Amplifier,ABH-100,ABH-100,Spring
A-90,Integrated Amplifier,ABH-102,ABH-102,Spring
TX-950,Tuner,ABH-134,ABH-134,Coiled spring
A-77X,Integrated Amplifier,ABH-135,ABH-135,Spring
A-88X,Integrated Amplifier,ABH-135,ABH-135,Spring
A-66X,Integrated Amplifier,ABH-159,ABH-159,Coil spring
A-66X,Integrated Amplifier,ABH-169,ABH-169,Coil spring
A-7,Integrated Amplifier,ABH-230,ABH-230,Capacitor
GR-551,Equalizer,ABH1021,ABH1021,Coll spring
GR-555,Equalizer,ABH1021,ABH1021,Coll spring
GR-777,Equalizer,ABH1036,ABH1036,Coll spring
TX-9500,Tuner,ABK-003-0,ABK-003,Hold plate
SX-626 (1973),Receiver,ABL-069-0,ABL-069,Model name plate    NBW
SA-9900,Integrated Amplifier,ABN-009-0,ABN-009,Special nut
SX-650,Receiver,ABN-018,ABN-018,Boss
SX-750,Receiver,ABN-018,ABN-018,Special Nut
SA-7800,Integrated Amplifier,ABN-024,ABN-024,Nut M9
SA-8500II,Integrated Amplifier,ABN-024,ABN-024,Washer faced nut M9
SA-8800,Integrated Amplifier,ABN-024,ABN-024,Nut M9
SA-9500II,Integrated Amplifier,ABN-024,ABN-024,Washer faced nut M9
SA-9800,Integrated Amplifier,ABN-024,ABN-024,Washer faced nut
SX-1050,Receiver,ABN-024,ABN-024,Washer faced nut 9ɸ
SX-1250,Receiver,ABN-024,ABN-024,Washer faced nut
SX-3400,Receiver,ABN-024,ABN-024,Washer faced nut
SX-3500,Receiver,ABN-024,ABN-024,Nut M9
SX-3600/720,Receiver,ABN-024,ABN-024,Nut M9
SX-850,Receiver,ABN-024,ABN-024,Flange nut 9ɸ
SX-950,Receiver,ABN-024,ABN-024,Washer faced nut
SX-450,Receiver,ABN-025,ABN-025,Boss
SX-550,Receiver,ABN-025,ABN-025,Union Nut
A-66X,Integrated Amplifier,ABN-028,ABN-028,Nut
A-88X,Integrated Amplifier,ABN-028,ABN-028,Special nut
A-90,Integrated Amplifier,ABN-028,ABN-028,Nut
RG-2,Dynamic Range Expander,ABN-028,ABN-028,Special nut
SX-6,Receiver,ABN-028,ABN-028,Nut
SX-7,Receiver,ABN-028,ABN-028,Union nut
A-7,Integrated Amplifier,ABN-046,ABN-046,Boss
A-9,Integrated Amplifier,ABN-046,ABN-046,Union nut
SX-3400,Receiver,ABN-047,ABN-047,Boss
SX-3600/720,Receiver,ABN-047,ABN-047,Union unit
SX-4,Receiver,ABN-047,ABN-047,Union nut
SX-5,Receiver,ABN-047,ABN-047,Union nut
A-7,Integrated Amplifier,ABN-048,ABN-048,Washerfaced nut
A-9,Integrated Amplifier,ABN-048,ABN-048,Washerlacrzd nut
A-90,Integrated Amplifier,ABN-048,ABN-048,Nut
SX-6,Receiver,ABN-048,ABN-048,Nut (M9)
SX-7,Receiver,ABN-048,ABN-048,Washerfaced nut
SA-708,Integrated Amplifier,ABN-049,ABN-049,Union nut
SA-708,Integrated Amplifier,ABN-050,ABN-050,Union nut
A-9,Integrated Amplifier,ABN-066,ABN-066,Union nut
SA-1040,Integrated Amplifier,ABN-074,ABN-074,Guide nut A
SA-1050,Integrated Amplifier,ABN-074,ABN-074,Guide nut A
SA-1040,Integrated Amplifier,ABN-075,ABN-075,Guide nut B
SA-1050,Integrated Amplifier,ABN-075,ABN-075,Guide nut B
SX-50,Receiver,ABN-080,ABN-080,Nut
RG-60,Dynamic Range Expander,ABN-082,ABN-082,Guide boss
SX-1000TA (Early),Receiver,AC6433,AC6433,Variable Capacitor
SX-525,Receiver,ACE -001-0,ACE -001,Oil paper 0.01  800V
SA-500A,Integrated Amplifier,ACE-001-0,ACE-001,Oil paper 0.01 800V (KU/KC)
SA-800,Integrated Amplifier,ACE-001-A,ACE-001,Oil 0.01 800V (KUW)
SX-424,Receiver,ACE-001-A,ACE-001,Oil paper  0.01  800V (KUW)
SX-626 (1971),Receiver,ACE-001-A,ACE-001,Oil paper 0.01 800V
SX-727,Receiver,ACE-001-A,ACE-001,Oil paper  0.01  800V (KUW)
SX-828,Receiver,ACE-001-A,ACE-001,Oil paper  0.01  800V (KUW)
QX-646,Receiver,ACE-002-0,ACE-002,Metallized mylar 0.01 800V (KUW model)
QX-747,Receiver,ACE-002-0,ACE-002,Metalized mylar 0.01 250V
QX-949,Receiver,ACE-002-0,ACE-002,Metallized mylar 0.01 250V
SA-7100,Integrated Amplifier,ACE-002-0,ACE-002,Metallized mylar 0.01  0.01  800V KUW model
SA-8100,Integrated Amplifier,ACE-002-0,ACE-002,Metallized mylar 0.01 800V  KUW model only
SR-202W,Reverb,ACE-003-0,ACE-003,Screen Board
QX-747,Receiver,ACE-004-0,ACE-004,Wire clip
A-60,Integrated Amplifier,ACE-214,ACE-214,Capacitor (0.22/AC125V) - KU
SA-1040,Integrated Amplifier,ACE-214,ACE-214,Capacitor (0.22/AC125V) - KU
SA-1050,Integrated Amplifier,ACE-214,ACE-214,Capacitor (0.22/AC125V) - KU
SA-940,Integrated Amplifier,ACE-214,ACE-214,(0.22/AC125V) - KU
SA-950,Integrated Amplifier,ACE-214,ACE-214,(0.22/AC125V) - KU
A-60,Integrated Amplifier,ACE-215,ACE-215,Capacitor (0.22/AC250V) - HB
A-60,Integrated Amplifier,ACE-215,ACE-215,Capacitor (0.22/AC250V) - HE
A-60,Integrated Amplifier,ACE-215,ACE-215,Capacitor (0.22/AC250V) - S
A-60,Integrated Amplifier,ACE-215,ACE-215,Capacitor (0.22/AC250V) - YP
SA-1040,Integrated Amplifier,ACE-215,ACE-215,Capacitor (0.22) - S
SA-1040,Integrated Amplifier,ACE-215,ACE-215,Capacitor (0.22) - S/G
SA-1040,Integrated Amplifier,ACE-215,ACE-215,Capacitor (0.22) - YP
SA-1050,Integrated Amplifier,ACE-215,ACE-215,Capacitor (0.22) - S
SA-1050,Integrated Amplifier,ACE-215,ACE-215,Capacitor (0.22) - S/G
SA-1050,Integrated Amplifier,ACE-215,ACE-215,Capacitor (0.22) - YP
SA-940,Integrated Amplifier,ACE-215,ACE-215,(0.22/AC250V) - HB
SA-940,Integrated Amplifier,ACE-215,ACE-215,(0.22/AC250V) - HE
SA-940,Integrated Amplifier,ACE-215,ACE-215,(0.22/AC250V) - S
SA-940,Integrated Amplifier,ACE-215,ACE-215,(0.22/AC250V) - S/G
SA-950,Integrated Amplifier,ACE-215,ACE-215,(0.22/AC250V) - S
SA-950,Integrated Amplifier,ACE-215,ACE-215,(0.22/AC250V) - S/G
A-88X,Integrated Amplifier,ACE-216,ACE-216,Capacitor (0.1/AC125V)
SA-530,Integrated Amplifier,ACE-327,ACE-327,Strain relief - KU
A-66X,Integrated Amplifier,ACE-506,ACE-506,Ceramic capacitor 0.01/AC250V
A-60,Integrated Amplifier,ACG-001,ACG-001,Capacitor (0.01/AC250V) - KU
A-66X,Integrated Amplifier,ACG-001,ACG-001,Ceramic capacitor 0.01/250V
Exclusive M3,Amplifier,ACG-001-0,ACG-001,Ceramic 0.01 250V
Exclusive M3,Amplifier,ACG-001-0,ACG-001,Ceramic 0.01 250V
Exclusive M3,Amplifier,ACG-001-0,ACG-001,Ceramic 0.01 250V
M-22,Amplifier,ACG-001,ACG-001,Ceramic 0.01 250V
M-22,Amplifier,ACG-001,ACG-001,Ceramic 0.01 250V
M-22,Amplifier,ACG-001,ACG-001,Ceramic 0.01 250V
M-22,Amplifier,ACG-001,ACG-001,Ceramic 0.01 250V
M-22,Amplifier,ACG-001,ACG-001,Ceramic 0.01 250V
M-22,Amplifier,ACG-001,ACG-001,Ceramic 0.01 250V (N-type)
M-25,Amplifier,ACG-001,ACG-001,Capacitor
QD-240,Other,ACG-001,ACG-001,CAPACITOR .01MF/250V
QX-646,Receiver,ACG-001-0,ACG-001,Ceramic 0.01 250V (FW model only)
QX-646,Receiver,ACG-001-0,ACG-001,Ceramic 0.01 250V (FW model)
QX-646,Receiver,ACG-001-0,ACG-001,Ceramic 0.01 250V (FW model)
QX-747,Receiver,ACG-001-0,ACG-001,Ceramic 0.01 250V
QX-747,Receiver,ACG-001-0,ACG-001,Ceramic 0.01 250V
QX-747A,Receiver,ACG-001,ACG-001,Ceramic 0.01 250V
QX-747A,Receiver,ACG-001,ACG-001,Ceramic 0.01 250V
QX-747A,Receiver,ACG-001,ACG-001,Ceramic 0.01 250V
QX-747A,Receiver,ACG-001,ACG-001,Ceramic 0.01 250V
QX-949,Receiver,ACG-001-0,ACG-001,Ceramic 0.01 250V
QX-949,Receiver,ACG-001-0,ACG-001,Ceramic 0.01 250V
QX-949,Receiver,ACG-001-0,ACG-001,Ceramic 0.01 250V
QX-949A,Receiver,ACG-001,ACG-001,Ceramic capacitor 0.01uF 250V
RG-1,Dynamic Range Expander,ACG-001,ACG-001,Ceramic capacitor 0.01 250V
SA-1040,Integrated Amplifier,ACG-001,ACG-001,Capacitor (0.01) - S
SA-1040,Integrated Amplifier,ACG-001,ACG-001,Capacitor (0.01) - YP
SA-1050,Integrated Amplifier,ACG-001,ACG-001,Capacitor (0.01) - S
SA-1050,Integrated Amplifier,ACG-001,ACG-001,Capacitor (0.01) - YP
SA-420,Integrated Amplifier,ACG-001,ACG-001,Ceramic capacitor (0.01/AC 250V) - S
SA-530,Integrated Amplifier,ACG-001,ACG-001,Ceramic capacitor (0.01/AC220V) - HB
SA-530,Integrated Amplifier,ACG-001,ACG-001,Ceramic capacitor (0.01/AC220V) - HE
SA-530,Integrated Amplifier,ACG-001,ACG-001,Ceramic capacitor (0.01/AC220V) - HEZ
SA-530,Integrated Amplifier,ACG-001,ACG-001,Ceramic capacitor (0.01/AC220V) - S
SA-530,Integrated Amplifier,ACG-001,ACG-001,Ceramic capacitor (0.01/AC220V) - YP
SA-606,Integrated Amplifier,ACG-001,ACG-001,"Ceramic 0.01 250V (S,S/G)"
SA-606,Integrated Amplifier,ACG-001,ACG-001,"Ceramic 0.01 250V (S,S/G,HG)"
SA-6700,Integrated Amplifier,ACG-001,ACG-001,Ceramic 0.01 250V
SA-6800/608,Integrated Amplifier,ACG-001,ACG-001,Ceramic capacitor
SA-706,Integrated Amplifier,ACG-001,ACG-001,Ceramic 0.01 250V (HG)
SA-706,Integrated Amplifier,ACG-001,ACG-001,Ceramic 0.01 250V (S)
SA-706,Integrated Amplifier,ACG-001,ACG-001,Ceramic 0.01 250V (S)
SA-706,Integrated Amplifier,ACG-001,ACG-001,Ceramic 0.01 250V (S/G)
SA-706,Integrated Amplifier,ACG-001,ACG-001,Ceramic 0.01 250V (S/G)
SA-710,Integrated Amplifier,ACG-001,ACG-001,Capacitor - KU
SA-7500II,Integrated Amplifier,ACG-001,ACG-001,Ceramic 0.01 250V
SA-7700,Integrated Amplifier,ACG-001,ACG-001,Ceramic 0.01 250V (KU)
SA-8500II,Integrated Amplifier,ACG-001,ACG-001,Ceramic 0.01 250V
SA-930,Integrated Amplifier,ACG-001,ACG-001,Ceramic capacitor (0.01/AC250V) - HB
SA-930,Integrated Amplifier,ACG-001,ACG-001,Ceramic capacitor (0.01/AC250V) - HE
SA-930,Integrated Amplifier,ACG-001,ACG-001,Ceramic capacitor (0.01/AC250V) - HEZ
SA-930,Integrated Amplifier,ACG-001,ACG-001,Ceramic capacitor (0.01/AC250V) - S/SG
SA-930,Integrated Amplifier,ACG-001,ACG-001,Ceramic capacitor (0.01/AC250V) - YP
SA-940,Integrated Amplifier,ACG-001,ACG-001,(0.01/AC250V) - S
SA-940,Integrated Amplifier,ACG-001,ACG-001,(0.01/AC250V) - S/G
SA-940,Integrated Amplifier,ACG-001,ACG-001,(0.01/AC250V) - YP
SA-950,Integrated Amplifier,ACG-001,ACG-001,(0.01/AC250V) - S
SA-950,Integrated Amplifier,ACG-001,ACG-001,(0.01/AC250V) - S/G
SA-950,Integrated Amplifier,ACG-001,ACG-001,(0.01/AC250V) - YP
SA-9500,Integrated Amplifier,ACG-001-0,ACG-001,Ceramic 0.01 250V
SA-9500II,Integrated Amplifier,ACG-001,ACG-001,Ceramic 0.01 250V
SA-9800,Integrated Amplifier,ACG-001,ACG-001,Ceramic 0.01/250V
SA-9800,Integrated Amplifier,ACG-001,ACG-001,"Ceramic 0.01/250V (S, S/G)"
SG-9,Equalizer,ACG-001,ACG-001,Ceramic capacitor (0.01/AC 250V) - KU
SG-9,Equalizer,ACG-001,ACG-001,Ceramic capacitor (0.01/AC 250V) - R
SG-9,Equalizer,ACG-001,ACG-001,Ceramic capacitor (0.01/AC 250V) - R/G
SG-90,Equalizer,ACG-001,ACG-001,"Ceramic 0.01/AC250V (S,S/G)"
SG-9500,Equalizer,ACG-001,ACG-001,"Ceramic capacitor (C1, 0.01/1F 250V)"
SG-9800,Equalizer,ACG-001,ACG-001,Ceramic capacitor (0.01/250V)
SPEC-2,Amplifier,ACG-001,ACG-001,Ceramic 0.01 150V
SPEC-2,Amplifier,ACG-001,ACG-001,Ceramic 0.01 150V
SPEC-2,Amplifier,ACG-001,ACG-001,Ceramic 0.01 150V
SPEC-2,Amplifier,ACG-001,ACG-001,Ceramic 0.01 150V
SPEC-4,Amplifier,ACG-001,ACG-001,Ceramic 0.01 250V
SPEC-4,Amplifier,ACG-001,ACG-001,Ceramic capacitor 0.01uF/250V
SPEC-4,Amplifier,ACG-001,ACG-001,Ceramlc 0.01 250V
SX-1010,Receiver,ACG-001-0,ACG-001,Ceramic 0.01 250V
SX-1010,Receiver,ACG-001-0,ACG-001,Ceramic 0.01 250V (F)
SX-1080,Receiver,ACG-001,ACG-001,Ceramic  0.01  250V
SX-1250,Receiver,ACG-001,ACG-001,Ceramic 0.01 250V (HG/S)
SX-3400,Receiver,ACG-001,ACG-001,Capacitor  0.01/250V (S)
SX-3900,Receiver,ACG-001,ACG-001,Ceramic capacitor 0.01/250V
SX-434,Receiver,ACG-001-0,ACG-001,Ceramic  0.01  250V (FV)
SX-434,Receiver,ACG-001-0,ACG-001,Ceramic  0.01  250V (FV)
SX-434,Receiver,ACG-001-0,ACG-001,"Ceramic  0.01  250V (KCU,FV)"
SX-450,Receiver,ACG-001,ACG-001,Ceramic 0.01 125V (KC)
SX-450,Receiver,ACG-001,ACG-001,Ceramic 0.01 250V (KU)
SX-450,Receiver,ACG-001,ACG-001,Ceramic 0.01 250V (KU/HG/S)
SX-450,Receiver,ACG-001,ACG-001,Ceramic 0.01 250V (S)
SX-535,Receiver,ACG-001-0,ACG-001,Ceramic  0.01  250 (FV)
SX-535,Receiver,ACG-001-0,ACG-001,Ceramic  0.01  250V (FV)
SX-535,Receiver,ACG-001-0,ACG-001,"Ceramic  0.01  250V (KCU,FV)"
SX-550,Receiver,ACG-001,ACG-001,Ceramic 0.01 150V (DC1 .4kV) (KU)
SX-580/590,Receiver,ACG-001,ACG-001,Ceramic 0.01/250V (SX-580/KU)
SX-580/590,Receiver,ACG-001,ACG-001,Ceramic 0.01/250V (SX-590/HG)
SX-580/590,Receiver,ACG-001,ACG-001,Ceramic 0.01/250V (SX-590/HGW4)
SX-6,Receiver,ACG-001,ACG-001,Ceramic capacitor
SX-636,Receiver,ACG-001-0,ACG-001,Ceramic  0.01  250V (FV)
SX-636,Receiver,ACG-001-0,ACG-001,"Ceramic  0.01  250V (KCU,FV)"
SX-650,Receiver,ACG-001,ACG-001,Ceramic 0.01 150V (DC1 .4kV) (KU)
SX-650,Receiver,ACG-001,ACG-001,Ceramic 0.01 150V (DC1.4kV) (KU/S)
SX-650,Receiver,ACG-001,ACG-001,Ceramic 0.01 250V (HG/S)
SX-680/690,Receiver,ACG-001,ACG-001,Ceramic 0.01/250V
SX-7,Receiver,ACG-001,ACG-001,Ceramic capacitor
SX-737,Receiver,ACG-001-0,ACG-001,"Ceramic  0.01  250V (F,GN)"
SX-737,Receiver,ACG-001-0,ACG-001,"Ceramic  0.01  250V (KCU,F)"
SX-750,Receiver,ACG-001,ACG-001,Ceramic 0.01 150V (DC1 .4kV)
SX-780,Receiver,ACG-001,ACG-001,Ceramic 0.01 /250V
SX-8,Receiver,ACG-001,ACG-001,Ceramic capacitor S/SG-type
SX-838,Receiver,ACG-001-0,ACG-001,Ceramic  0.01  250V
SX-838,Receiver,ACG-001-0,ACG-001,Ceramic  0.01  250V (F)
SX-880/890,Receiver,ACG-001,ACG-001,Ceramic 0.01/250v
SX-939,Receiver,ACG-001-0,ACG-001,Ceramic  0.01  250V
SX-939,Receiver,ACG-001-0,ACG-001,Ceramic  0.01  250V (F)
SX-980,Receiver,ACG-001,ACG-001,Ceramic 0.01  250V
SX-D5000,Receiver,ACG-001,ACG-001,Ceramic capacitor (0.01/250V) - HG
SX-D5000,Receiver,ACG-001,ACG-001,Ceramic capacitor (0.01/250V) - KU
SX-D7000,Receiver,ACG-001,ACG-001,Ceramic capacitor (KU)
TX-6500II,Tuner,ACG-001,ACG-001,Ceramic 0.01 250V (S)
TX-6500II,Tuner,ACG-001,ACG-001,Ceramic 0.01 250V (S)
TX-9500,Tuner,ACG-001-0,ACG-001,Ceramic capacitor 0.01 250V
TX-9500,Tuner,ACG-001-0,ACG-001,Ceramic capacitor 0.01 250V
TX-9500II,Tuner,ACG-001,ACG-001,Ceramic 0.01 250V
QX-646,Receiver,ACG-002-0,ACG-002,Ceramic 0.01 150V (KUW model)
SA-7100,Integrated Amplifier,ACG-002-0,ACG-002,Ceramic  0.01  1 50V KUW model
SA-8100,Integrated Amplifier,ACG-002-0,ACG-002,Ceramic 0.01 150V  KUW model only
M-22,Amplifier,ACG-003,ACG-003,Ceramic 0.01 125V (KL-type)
SA-5500II,Integrated Amplifier,ACG-003,ACG-003,Capacitor
SA-6500II,Integrated Amplifier,ACG-003,ACG-003,Ceramic 0.01 125V
SA-6500II,Integrated Amplifier,ACG-003,ACG-003,Ceramic 0.01 125V
SA-6700,Integrated Amplifier,ACG-003,ACG-003,Ceramic 0.01 125V
SA-7500II,Integrated Amplifier,ACG-003,ACG-003,Ceramic 0.01 125V
SA-7500II,Integrated Amplifier,ACG-003,ACG-003,Ceramic capacitor 0.01uF 125V
SA-7700,Integrated Amplifier,ACG-003,ACG-003,Ceramic 0.01 125V (KU)
SA-8800,Integrated Amplifier,ACG-003,ACG-003,Ceramic capacitor (0.01 uF 125V)
SA-9500,Integrated Amplifier,ACG-003-0,ACG-003,Ceramic 0.01 150V
SG-9500,Equalizer,ACG-003,ACG-003,Ceramic capacitor (0.01uF 150V)
SPEC-1,Pre-Amplifier,ACG-003,ACG-003,Ceramic 0.01 150V
SPEC-2,Amplifier,ACG-003,ACG-003,Ceramic 0.01 150V
SPEC-2,Amplifier,ACG-003,ACG-003,Ceramic 0.01 150V
SX-1010,Receiver,ACG-003-0,ACG-003,Ceramic 0.01 250V (KCU)
SX-1050,Receiver,ACG-003,ACG-003,Ceramic 0.01 150V
SX-1050,Receiver,ACG-003,ACG-003,Ceramic 0.01 150V
SX-1080,Receiver,ACG-003,ACG-003,Ceramic  0.01  125V
SX-1250,Receiver,ACG-003,ACG-003,Ceramic 0.01 150V  DC 1.4kV (KCU)
SX-1250,Receiver,ACG-003,ACG-003,Ceramic 0.01 150V  DC 1.4kV (KCU)
SX-1250,Receiver,ACG-003,ACG-003,"Ceramic, 0.01 uf, 150V(DC1.4kV)"
SX-1250,Receiver,ACG-003,ACG-003,"Ceramic, 0.01 uf, 150V(DC1.4kV)"
SX-1280,Receiver,ACG-003,ACG-003,Ceramic (For KU type)  0.01  125V
SX-1980,Receiver,ACG-003,ACG-003,Ceramic  0.01  125V
SX-1980,Receiver,ACG-003,ACG-003,Ceramic  0.01  125V
SX-1980,Receiver,ACG-003,ACG-003,Ceramic  0.01  125V
SX-434,Receiver,ACG-003-0,ACG-003,Ceramic  0.01  250V (KCU)
SX-450,Receiver,ACG-003,ACG-003,Ceramic 0.01 125V
SX-450,Receiver,ACG-003,ACG-003,Ceramic 0.01 125V (KC)
SX-450,Receiver,ACG-003,ACG-003,Ceramic 0.01 125V (KC/KU)
SX-535,Receiver,ACG-003-0,ACG-003,Ceramic  0.01  250V (KCU)
SX-550,Receiver,ACG-003,ACG-003,Ceramic 0.01 150V (DC1 .4kV)
SX-580/590,Receiver,ACG-003,ACG-003,Ceramic 0.01/125V (SX-580/KU)
SX-636,Receiver,ACG-003-0,ACG-003,Ceramic  0.01  250V (KCU)
SX-650,Receiver,ACG-003,ACG-003,Ceramic 0.01 150V (DC1.4kV - KCU)
SX-650,Receiver,ACG-003,ACG-003,Ceramic 0.01 150V (DC1.4kV) (KC)
SX-680/690,Receiver,ACG-003,ACG-003,Ceramic 0.01/125V
SX-737,Receiver,ACG-003-0,ACG-003,Ceramic  0.01  250V (KCU)
SX-750,Receiver,ACG-003,ACG-003,Ceramic 0.01 150V (DC1 .4kV)
SX-838,Receiver,ACG-003-0,ACG-003,Ceramic  0.01  250V (KCU)
SX-850,Receiver,ACG-003,ACG-003,Ceramic 0.01 150V (DC1.4kV)
SX-850,Receiver,ACG-003,ACG-003,Ceramic 0.01 150V (DC1.4kV)
SX-939,Receiver,ACG-003-0,ACG-003,Ceramic  0.01  250V (KCU)
SX-950,Receiver,ACG-003,ACG-003,Ceramic 0.01 150V (DC1.4kV)
SX-950,Receiver,ACG-003,ACG-003,Ceramic 0.01 150V (DC1.4kV)
SX-950,Receiver,ACG-003,ACG-003,"Ceramic capacitor (0.01pF 150V,DC1.4kV)"
SX-950,Receiver,ACG-003,ACG-003,"Ceramic capacitor(0.01uF 150V, DC1.4kV)"
SX-980,Receiver,ACG-003,ACG-003,Ceramic 0.01  125V
SA-3000,Integrated Amplifier,ACG-004,ACG-004,Ceramic capacitor
SX-939,Receiver,ACG-004-0,ACG-004,Ceramic  0.01  150V
RG-9,Dynamic Range Expander,ACG-009,ACG-009,CAPACITOR(CERAMIC .047 UFD)
SX-1980,Receiver,ACG-009,ACG-009,Ceramic  0.047  150V
SX-1980,Receiver,ACG-009,ACG-009,Ceramic  0.047  150V
SX-1980,Receiver,ACG-009,ACG-009,Ceramic  0.047  150V
SX-1980,Receiver,ACG-009,ACG-009,Ceramic  0.047  150V
SX-1980,Receiver,ACG-009,ACG-009,Ceramic  0.047  150V
SA-6700,Integrated Amplifier,ACG-014,ACG-014,Ceramic 0.01 125V (KC)
SA-6700,Integrated Amplifier,ACG-014,ACG-014,Ceramic 0.01 125V (KC)
SA-7700,Integrated Amplifier,ACG-014,ACG-014,Ceramic 0.01 125V (KC)
SA-7700,Integrated Amplifier,ACG-014,ACG-014,Ceramic 0.01 125V (KC)
SX-1280,Receiver,ACG-014,ACG-014,Ceramic (For KC type)  0.01  125V
A-90,Integrated Amplifier,ACG-017,ACG-017,Ceramic (0.01/630V)
SA-530,Integrated Amplifier,ACG-017,ACG-017,Ceramic capacitor (0.01/AC125V) - KU
SA-930,Integrated Amplifier,ACG-017,ACG-017,Ceramic capacitor (0.01/AC125V) - KU
SG-9,Equalizer,ACG-017,ACG-017,Ceramic capacitor (0.01/AC125V) - KC
SX-202,Receiver,ACG-017,ACG-017,Ceramic (0.01/AC125V)
SX-3400,Receiver,ACG-017,ACG-017,Capacitor  0.01/125V (KU)
SX-3500,Receiver,ACG-017,ACG-017,Ceramic capacitor 0.01/125V
SX-3600/720,Receiver,ACG-017,ACG-017,Ceramic capacitor (0.01 /1 25V)
SX-4,Receiver,ACG-017,ACG-017,Ceramic capacitor
SX-4,Receiver,ACG-017,ACG-017,Ceramic capacitor
SX-5,Receiver,ACG-017,ACG-017,Ceramic capacitor
SX-6,Receiver,ACG-017,ACG-017,Ceramic capacitor
SX-8,Receiver,ACG-017,ACG-017,Ceramic capacitor  KU-type
SX-D5000,Receiver,ACG-017,ACG-017,Ceramic capacitor (0.01/125V) - KU
SX-D7000,Receiver,ACG-017,ACG-017,Ceramic capacitor (KC)
A-6,Integrated Amplifier,ACG-019,ACG-019,Ceramic capacitor (0.01/AC150V) - KU
SA-1040,Integrated Amplifier,ACG-501,ACG-501,Capacitor (0.01) - KU
SA-1050,Integrated Amplifier,ACG-501,ACG-501,Capacitor (0.01) - KU
A-60,Integrated Amplifier,ACG-502,ACG-502,Capacitor (0.01/AC125V) - HB
A-60,Integrated Amplifier,ACG-502,ACG-502,Capacitor (0.01/AC125V) - HE
A-60,Integrated Amplifier,ACG-502,ACG-502,Capacitor (0.01/AC125V) - YP
A-66X,Integrated Amplifier,ACG-502,ACG-502,Ceramic capacitor 0.01/AC250V
A-77X,Integrated Amplifier,ACG-502,ACG-502,Capacitor (0.01/AC250V)
SA-1040,Integrated Amplifier,ACG-502,ACG-502,Capacitor (0.01) - S/G
SA-1040,Integrated Amplifier,ACG-502,ACG-502,Capacitor (0.01/AC125V) - KU
SA-1050,Integrated Amplifier,ACG-502,ACG-502,Capacitor (0.01) - S/G
SA-1050,Integrated Amplifier,ACG-502,ACG-502,Capacitor (0.01/AC125V) - KU
SA-940,Integrated Amplifier,ACG-502,ACG-502,(0.01/AC125V) - KU
SA-950,Integrated Amplifier,ACG-502,ACG-502,(0.01/AC125V) - KU
SG-90,Equalizer,ACG-502,ACG-502,Ceramic 0.01/AC125V (KU)
SX-50,Receiver,ACG-502,ACG-502,Ceramic (0.01/AC 125V)
SX-828,Receiver,ACH 001-C,ACH 001,Electrolytic  1000  63V
SA-1000,Integrated Amplifier,ACH-001-B,ACH-001,Electrolytic 1000 63V
SA-800,Integrated Amplifier,ACH-001-B,ACH-001,Electrolytic 1000 63V (FVW)
SX-1010,Receiver,ACH-001-0,ACH-001,Ceramic 0.01 250V (F)
SX-727,Receiver,ACH-001-C,ACH-001,Electrolytic  1000  63V
SX-838,Receiver,ACH-001-C,ACH-001,Electrolytic  1000  63V
SX-838,Receiver,ACH-001-C,ACH-001,"Electrolytic capacitor 1,000uF 63V"
QA-800,Integrated Amplifier,ACH-003-A,ACH-003,Electrolytic 4700 63V
QA-800A,Integrated Amplifier,ACH-003-A,ACH-003,Electrolytic 4700 63V
SX-6000,Receiver,ACH-005-0,ACH-005,Electrolytic 3300 80V
QX-8000A,Receiver,ACH-007-0,ACH-007,Electrolytic 4700 63V
QL-600,Integrated Amplifier,ACH-008-0,ACH-008,Electrolytic 3300 50V
QL-600A,Integrated Amplifier,ACH-008-A,ACH-008,Electrolytic 3300 50V
SX-525,Receiver,ACH-011-A,ACH-011,Electrolytic 3300  63V
SX-626 (1971),Receiver,ACH-011-A,ACH-011,Electrolytic 3300 63V
SX-626 (1973),Receiver,ACH-011-A,ACH-011,"Electrolytic capacitor 3,300uF, 63V"
SX-727,Receiver,ACH-014-0,ACH-014,Electrolytic  6800  50V
SX-727,Receiver,ACH-014-0,ACH-014,Electrolytic  6800  50V
SX-737,Receiver,ACH-014-0,ACH-014,Electrolytic  6800  50V
SX-737,Receiver,ACH-014-0,ACH-014,Electrolytic  6800  50V
SX-737,Receiver,ACH-014-0,ACH-014,"Electrolytic capacitor 6,800uF 50V"
SX-828,Receiver,ACH-015-0,ACH-015,Electrolytic  8000  50V
SX-828,Receiver,ACH-015-0,ACH-015,Electrolytic  8000  50V
SX-838,Receiver,ACH-015-0,ACH-015,Electrolytic  8000  50V
SX-838,Receiver,ACH-015-0,ACH-015,Electrolytic  8000  50V
SX-838,Receiver,ACH-015-0,ACH-015,"Electrolytic capacitor 8,000uF 50V"
QX-9900,Receiver,ACH-016-A,ACH-016,Electrolytic capacitor 4700uF 50V
QX-9900,Receiver,ACH-016-A,ACH-016,Electrolytic capacitor 4700uF 50V
QX-9900,Receiver,ACH-016-A,ACH-016,Electrolytic capacitor 4700uF 50V
QX-9900,Receiver,ACH-016-A,ACH-016,Electrolytic capacitor 4700uF 50v
SD-1100,Other,ACH-017-0,ACH-017,Electrolytic capacitor 40+40gF 315V
SA-7100,Integrated Amplifier,ACH-018-0,ACH-018,Electrolytic  6800  35V
SA-7100,Integrated Amplifier,ACH-018-0,ACH-018,Electrolytic  6800  35V
SA-7500,Integrated Amplifier,ACH-019-0,ACH-019,"Electrolytic capacitor (C3, C4) 10,000uF, 50V"
SA-8100,Integrated Amplifier,ACH-019-0,ACH-019,Electrolytic capacitor 10000uF 50V
SA-8100,Integrated Amplifier,ACH-019-0,ACH-019,Electrolytic capacitor 10000uF 50V
SX-939,Receiver,ACH-019-0,ACH-019,"Electrolytic  10,000  50V"
SX-939,Receiver,ACH-019-0,ACH-019,"Electrolytic  10,000  50V"
SX-939,Receiver,ACH-019-0,ACH-019,"Electrolytic capacitor l0,000uF 50V"
SA-9100,Integrated Amplifier,ACH-020-0,ACH-020,Electrolytic capacitor 15000 uF 50V
SA-9100,Integrated Amplifier,ACH-020-0,ACH-020,Electrolytic capacitor 15000 uF 50V
SA-5200,Integrated Amplifier,ACH-022-0,ACH-022,"Electrolytic capacitor 4,700uF 50V"
QX-747,Receiver,ACH-028-0,ACH-028,"Electrolytic 15,000 50V"
QX-747,Receiver,ACH-028-0,ACH-028,"Electrolytic 15,000 50V"
QX-747A,Receiver,ACH-029,ACH-029,"Electrolytic capacitor 10,000uF 50V"
QX-747A,Receiver,ACH-029,ACH-029,"Electrolytic capacitor 10,000uF 50V"
QX-949,Receiver,ACH-029-0,ACH-029,Electrolytic 10000 50V
QX-949,Receiver,ACH-029-0,ACH-029,Electrolytic 10000 50V
QX-949,Receiver,ACH-029-0,ACH-029,Electrolytic 10000 50V
QX-949,Receiver,ACH-029-0,ACH-029,Electrolytic 10000 50V
QX-949A,Receiver,ACH-029,ACH-029,"Electrolytic capacitor 10,000/1F 50V"
QX-949A,Receiver,ACH-029,ACH-029,"Electrolytic capacitor 10,000uF 50V"
QX-949A,Receiver,ACH-029,ACH-029,"Electrolytic capacitor 10,000uF 50V"
QX-949A,Receiver,ACH-029,ACH-029,"Electrolytic capacitor 10,000uF 50V"
Exclusive M3,Amplifier,ACH-035-0,ACH-035,Electrolytic 33000 80V
Exclusive M3,Amplifier,ACH-035-0,ACH-035,Electrolytic 33000 80V
Exclusive M3,Amplifier,ACH-035-0,ACH-035,"Electrolytic capacitor 33,000pF 80V"
SX-1010,Receiver,ACH-037-0,ACH-037,Electrolytic 18000 63V
SX-1010,Receiver,ACH-037-0,ACH-037,Electrolytic 18000 63V
SX-434,Receiver,ACH-040-0,ACH-040,"Electrolytic capacitor 3,300 uF, 25V"
SX-636,Receiver,ACH-041-0,ACH-041,Electrolytic  6800  35V
SX-636,Receiver,ACH-041-0,ACH-041,Electrolytic  6800  35V
SX-636,Receiver,ACH-041-0,ACH-041,"Electrolytic capacitor 6,800pF, 35V"
SX-535,Receiver,ACH-042-0,ACH-042,"Electrolytic capacitor 4,700uF 35V"
SX-450,Receiver,ACH-043,ACH-043,Electrolytic capacitor 4700/uF 35V
SA-9900,Integrated Amplifier,ACH-046-0,ACH-046,"Electrolytic capacitor 22,000uF 63V (C1, C2)"
SA-9500,Integrated Amplifier,ACH-047-0,ACH-047,"Electrolytic 18,000 63V"
SA-9500,Integrated Amplifier,ACH-047-0,ACH-047,"Electrolytic 18,000 63V"
SX-980,Receiver,ACH-047,ACH-047,Capacitor
SX-980,Receiver,ACH-047,ACH-047,"Electrolytic 18,000  63V"
SX-980,Receiver,ACH-047,ACH-047,"Electrolytic 18,000  63V"
SA-8500,Integrated Amplifier,ACH-048-0,ACH-048,Electrolytic capacitor 15000uF 50V
SPEC-2,Amplifier,ACH-052,ACH-052,Electrolytic 15000 100V
SPEC-2,Amplifier,ACH-052,ACH-052,Electrolytic 15000 100V
SPEC-2,Amplifier,ACH-052,ACH-052,Electrolytic 15000 100V
SPEC-2,Amplifier,ACH-052,ACH-052,Electrolytic 15000 100V
SX-550,Receiver,ACH-055,ACH-055,"Electrolytic 6,800 35V"
SX-550,Receiver,ACH-055,ACH-055,"Electrolytic 6,800 35V"
SPEC-4,Amplifier,ACH-056,ACH-056,"Electrolytic capacitor 22,000uF/80V"
SX-1050,Receiver,ACH-056,ACH-056,Electrolytic 22000 80V
SX-1050,Receiver,ACH-056,ACH-056,Electrolytic 22000 80V
SX-1250,Receiver,ACH-056,ACH-056,"Electrolytic, 22000 uf, 80V"
SX-1250,Receiver,ACH-056,ACH-056,"Electrolytic, 22000 uf, 80V"
SX-1250,Receiver,ACH-056,ACH-056,"Electrolytic, 22000 uf, 80V"
SX-1250,Receiver,ACH-056,ACH-056,"Electrolytic, 22000 uf, 80V"
M-22,Amplifier,ACH-057,ACH-057,Electrolytic capacitor
SX-750,Receiver,ACH-057,ACH-057,"Electrolytic 15,000 50V"
SX-750,Receiver,ACH-057,ACH-057,"Electrolytic 15,000 50V"
SA-6500,Integrated Amplifier,ACH-058,ACH-058,"Electrolytic capacitor 8,200uF 35V"
SX-950,Receiver,ACH-059,ACH-059,Electrolytic 22000 63V
SX-950,Receiver,ACH-059,ACH-059,Electrolytic 22000 63V
SA-7500II,Integrated Amplifier,ACH-062,ACH-062,"Electrolytic capacitor 10,000uF 50v"
QX-949,Receiver,ACH-064,ACH-064,CAPACITOR(ALUMINUM) SUB ACH-233
SA-8500II,Integrated Amplifier,ACH-064,ACH-064,Electrolytic 10000 50V
SA-8500II,Integrated Amplifier,ACH-064,ACH-064,Electrolytic 10000 50V
SA-8500II,Integrated Amplifier,ACH-064,ACH-064,Electrolytic 10000 50V
SA-8500II,Integrated Amplifier,ACH-064,ACH-064,Electrolytic 10000 50V
SA-8500II,Integrated Amplifier,ACH-064,ACH-064,"Electrolytic capacitor 10,000uF 50V"
SA-9500II,Integrated Amplifier,ACH-065,ACH-065,Electrolytic 12000 63V
SA-9500II,Integrated Amplifier,ACH-065,ACH-065,Electrolytic 12000 63V
SA-9500II,Integrated Amplifier,ACH-065,ACH-065,Electrolytic 12000 63V
SA-9500II,Integrated Amplifier,ACH-065,ACH-065,Electrolytic 12000 63V
SX-850,Receiver,ACH-068,ACH-068,"Electrolytic 15,000 50V"
SX-850,Receiver,ACH-068,ACH-068,"Electrolytic 15,000 50V"
SX-850,Receiver,ACH-068,ACH-068,"Electrolytic capacitor (15,000uF, 50V)"
SX-650,Receiver,ACH-071,ACH-071,"Electrolytic 8,000 50V"
SX-650,Receiver,ACH-071,ACH-071,"Electrolytic 8,000 50V"
SA-6500II,Integrated Amplifier,ACH-073,ACH-073,"Electrolytic capacitor 6,800uF 42V"
SA-6800/608,Integrated Amplifier,ACH-082,ACH-082,"Electrolytic 8,000uF 50V"
SA-6800/608,Integrated Amplifier,ACH-082,ACH-082,"Electrolytic 8,000uF 50V"
SA-7800,Integrated Amplifier,ACH-082,ACH-082,Electrolytic 8000uF/50V
SA-7800,Integrated Amplifier,ACH-082,ACH-082,Electrolytic 8000uF/50V
SA-7800,Integrated Amplifier,ACH-082,ACH-082,Electrolytic 8000uF/50V
SA-7800,Integrated Amplifier,ACH-082,ACH-082,Electrolytic 8000uF/50V
SA-706,Integrated Amplifier,ACH-083,ACH-083,"Electrolytic 12,000 63V"
SA-706,Integrated Amplifier,ACH-083,ACH-083,"Electrolytic 12,000 83V"
SA-7700,Integrated Amplifier,ACH-083,ACH-083,"Electrolytic 12,000 63V"
SA-7700,Integrated Amplifier,ACH-083,ACH-083,"Electrolytic 12,000 83V"
SX-1980,Receiver,ACH-084,ACH-084,Electrolytic  22000  100V
SX-1980,Receiver,ACH-084,ACH-084,Electrolytic  22000  100V
SX-1980,Receiver,ACH-084,ACH-084,Electrolytic  22000  100V
SX-1980,Receiver,ACH-084,ACH-084,Electrolytic  22000  100V
SX-1080,Receiver,ACH-085,ACH-085,Electrolytic  22000  71V
SX-1080,Receiver,ACH-085,ACH-085,Electrolytic  22000  71V
SX-1280,Receiver,ACH-089,ACH-089,Electrolytic  15000  100V
SX-1280,Receiver,ACH-089,ACH-089,Electrolytic  15000  100V
SX-1280,Receiver,ACH-089,ACH-089,Electrolytic  15000  100V
SX-1280,Receiver,ACH-089,ACH-089,Electrolytic  15000  100V
M-25,Amplifier,ACH-093,ACH-093,"Electrolytic capacitor 22,000/80"
SX-880/890,Receiver,ACH-094,ACH-094,"Electrolytic 15,000/50v"
A-27,Integrated Amplifier,ACH-095,ACH-095,Electrolytic capacitor (18000uF 71V)
A-88X,Integrated Amplifier,ACH-106,ACH-106,Electrolytic capacitor (10000/71Vl
A-77X,Integrated Amplifier,ACH-107,ACH-107,Electrolytic capacitor (8200/63V)
A-27,Integrated Amplifier,ACH-202,ACH-202,CAPACITOR
A-8,Integrated Amplifier,ACH-209,ACH-209,CAPA(12000/63V)
SA-8800,Integrated Amplifier,ACH-209,ACH-209,"Electrolytic capacitor (12,000uF 63V)"
SX-8,Receiver,ACH-209,ACH-209,Electrolytic capacitor (1200V/63V)
A-9,Integrated Amplifier,ACH-210,ACH-210,Electrolytic capacitor (15000/71V)
SA-9800,Integrated Amplifier,ACH-210,ACH-210,"Electrolytic 15,000/71 V"
SX-3900,Receiver,ACH-210,ACH-210,"Electrolytic capacitor 15,000uF, 71V"
A-5,Integrated Amplifier,ACH-211,ACH-211,CAPACITOR(5600 MFD/50 VOLTS)
A-6,Integrated Amplifier,ACH-212,ACH-212,Electrolytic (12000/56V)
SX-700,Receiver,ACH-215,ACH-215,Electrolytic (8200/50V)
SX-700L,Receiver,ACH-215,ACH-215,Electrolytic (8200/50V)
SA-420,Integrated Amplifier,ACH-217,ACH-217,Electrolytic capacitor (4700/35V)
SX-600L,Receiver,ACH-218,ACH-218,Electrolytic (3300/35V)
SX-5,Receiver,ACH-224,ACH-224,Electrolytic (8000/42V)
A-7,Integrated Amplifier,ACH-230,ACH-230,CAPACITOR
A-40,Integrated Amplifier,ACH-238,ACH-238,CAPA(8200/56V)SA1060
SA-940,Integrated Amplifier,ACH-238,ACH-238,Electrolytic Capacitor (8200/56V)
SA-950,Integrated Amplifier,ACH-238,ACH-238,Electrolytic Capacitor (8200/56V)
SA-970,Integrated Amplifier,ACH-238,ACH-238,Electrolytic Capacitor (8200/56V)
SA-530,Integrated Amplifier,ACH-239,ACH-239,Electrolytic capacitor (5600/42V)
A-70,Integrated Amplifier,ACH-247,ACH-247,"Electrolytic (10,000/80V)"
A-70,Integrated Amplifier,ACH-254,ACH-254,Electrolytic (1000/63V)
A-90,Integrated Amplifier,ACH-255,ACH-255,Electrolytic (22000/71V)
A-90,Integrated Amplifier,ACH-256,ACH-256,Electrolytic (22000/71V)
SX-50,Receiver,ACH-257,ACH-257,Electroiytic (8200/50)
SA-1040,Integrated Amplifier,ACH-259,ACH-259,Electrolytic capacitor(8200/56V)
SA-1050,Integrated Amplifier,ACH-259,ACH-259,Electrolytic capacitor(8200/56V)
SA-1040,Integrated Amplifier,ACH-260,ACH-260,"Electrolytic capacitor (10,000/80V)"
SA-1050,Integrated Amplifier,ACH-260,ACH-260,"Electrolytic capacitor (10,000/80V)"
A-60,Integrated Amplifier,ACH-263,ACH-263,CAPACITOR A60 (8200UF/56V)
A-60,Integrated Amplifier,ACH-264,ACH-264,CAPACITOR A60 (10000UF/80V)
A-717,Integrated Amplifier,ACH-268,ACH-268,CAP(12000/71V)A-80
A-80,Integrated Amplifier,ACH-268,ACH-268,"Electrolytic (12,000/71V)"
A-717,Integrated Amplifier,ACH-269,ACH-269,CAP(1000/100V)A-80
A-80,Integrated Amplifier,ACH-269,ACH-269,"Electrolytic (10,000/100V)"
TX-555Z,Tuner,ACH-389,ACH-389,CAPACITOR(3300/10V)TX555Z
A-717,Integrated Amplifier,ACH1045,ACH1045,CAPACITOR A717(22000/63V)
A-757,Integrated Amplifier,ACH1045,ACH1045,CAPACITOR A717(22000/63V)
A-91D,Integrated Amplifier,ACH1046,ACH1046,CAPACITOR A91(27000/80V)
QX-747,Receiver,ACK-005,ACK-005,CAPACITOR (ELE)
QX-747A,Receiver,ACK-005,ACK-005,CAPACITOR (ELE)
SX-450,Receiver,ACK-012,ACK-012,Tuning Capacitor
SX-550,Receiver,ACK-012,ACK-012,Tuning Capacitor
SX-580/590,Receiver,ACK-012,ACK-012,Tuning Capacitor
SX-650,Receiver,ACK-012,ACK-012,Tuning Capacitor
SX-680/690,Receiver,ACK-012,ACK-012,Tuning Capacitor
SX-780,Receiver,ACK-012,ACK-012,Tuning Capacitor
SX-880/890,Receiver,ACK-012,ACK-012,Tuning Capacitor
SX-750,Receiver,ACK-015,ACK-015,Tuning Capacitor
SX-1050,Receiver,ACK-016,ACK-016,Tuning Capacitor
SX-950,Receiver,ACK-016,ACK-016,Tuning Capacitor
SX-1080,Receiver,ACK-022,ACK-022,Tuning Capacitor
SX-1280,Receiver,ACK-022,ACK-022,Tuning Capacitor
SX-980,Receiver,ACK-022,ACK-022,Tuning Capacitor
TX-530,Tuner,ACK-027,ACK-027,VARIABLE CAPACITOR
SD-1100,Other,ACL-001-0,ACL-001,Oil paper capacitor 0.2uF 1.5kV
Exclusive M3,Amplifier,ACN-003-0,ACN-003,Wire wound 3.3 20W
Exclusive M3,Amplifier,ACN-003-0,ACN-003,Wire wound resistor 3.3 ohm 20W
A-27,Integrated Amplifier,ACN-020,ACN-020,RESISTOR
A-27,Integrated Amplifier,ACN-022,ACN-022,Wire wound resistor 10Ω 10W - S
A-27,Integrated Amplifier,ACN-022,ACN-022,Wire wound resistor 10Ω 10W - S/G
SX-1980,Receiver,ACN-026,ACN-026,Wire wound 360 10W
SX-1980,Receiver,ACN-027,ACN-027,Wire wound 470 10W
SX-3800,Receiver,ACN-029,ACN-029,Resistor 2.2M (KU)
SX-6,Receiver,ACN-029,ACN-029,Carbon composition resistor
SX-780,Receiver,ACN-029,ACN-029,Carbon composition resistor 2.2MΩ
SX-8,Receiver,ACN-029,ACN-029,"Carbon composition resistor (2.2M,1/2W) KU-type"
SX-880/890,Receiver,ACN-029,ACN-029,Carbon composition 2.2M/½W
SX-D5000,Receiver,ACN-029,ACN-029,Carbon composition resistor
SX-D5000,Receiver,ACN-029,ACN-029,Resistor (2.2M/½W) - KU
SA-9800,Integrated Amplifier,ACN-031,ACN-031,Wire wound 220/5W
SX-780,Receiver,ACN-031,ACN-031,Wire wound resistor 220Ω
SX-880/890,Receiver,ACN-031,ACN-031,Wire wound 220/5w
A-70,Integrated Amplifier,ACN-039,ACN-039,RESISTOR(.22 OHMS/2 WATTS)
SA-9800,Integrated Amplifier,ACN-044,ACN-044,Wire wound 150/5W
A-70,Integrated Amplifier,ACN-064,ACN-064,RESISTOR A70
SX-3800,Receiver,ACN-115,ACN-115,Resistor (4.7/10W)
SX-3700,Receiver,ACN-116,ACN-116,"Resistor (200Ω, 10w)"
SX-820,Receiver,ACN-116,ACN-116,"Resistor (200Ω, 10w)"
SX-3700,Receiver,ACN-117,ACN-117,"Resistor (82Ω, 5W)"
SX-820,Receiver,ACN-117,ACN-117,"Resistor (82Ω, 5W)"
A-71,Integrated Amplifier,ACN-130,ACN-130,RESISTOR(.47 OHMS/5 WATT X 2)
A-858,Integrated Amplifier,ACN-130,ACN-130,RESISTOR(.47 OHMS/5 WATT X 2)
A-40,Integrated Amplifier,ACN-131,ACN-131,RESISTOR(.22 OHMS/2 WATT X 2)
SX-202,Receiver,ACN-131,ACN-131,"Wire-wound (0.22x2,2W)"
A-60,Integrated Amplifier,ACN-139,ACN-139,RESISTOR(.33X2/5W)
A-717,Integrated Amplifier,ACN-139,ACN-139,RESISTOR(.33X2/5W)
SX-202,Receiver,ACN-140,ACN-140,"Carbon composition (2.2M, 1/2W)"
A-717,Integrated Amplifier,ACN-144,ACN-144,RESISTOR(150 OHMS/10 WATTS)
A-80,Integrated Amplifier,ACN-144,ACN-144,RESISTOR(150 OHMS/10 WATTS)
A-717,Integrated Amplifier,ACN-146,ACN-146,RESISTOR A-80 .22/5WX2
A-80,Integrated Amplifier,ACN-146,ACN-146,RESISTOR A-80 .22/5WX2
SX-50,Receiver,ACN-147,ACN-147,Wire wound (75/10W)
A-88X,Integrated Amplifier,ACN-190,ACN-190,Cement resistor
TX-7800,Tuner,ACP-025,ACP-025,Gain adj 33k
TX-7800,Tuner,ACP-025,ACP-025,Muting Level Adjust 33k
M-25,Amplifier,ACP-033,ACP-033,Input Level Control 470
TX-7800,Tuner,ACP-056,ACP-056,Pilot auto canceller adjust 22k
TX-7800,Tuner,ACP-057,ACP-057,Separation adjust 150
A-7,Integrated Amplifier,ACP-078,ACP-078,Variable-resistor (LEVEL ADJ)
C-72,Pre-Amplifier,ACS1061,ACS1061,"Variable resistor 250k X 2 (TREBLE, BASS)"
C-72,Pre-Amplifier,ACS1062,ACS1062,Variable resistor (BALANCE)
SD-1000,Other,ACT-001-0,ACT-001,"50k B,POSITION"
SD-1000,Other,ACT-001-0,ACT-001,"50k B,POSITION"
SD-1100,Other,ACT-001-0,ACT-001,Volume (Horiz position) 50k-B
SD-1100,Other,ACT-001-0,ACT-001,Volume (Vert position) 50k-B
SD-1000,Other,ACT-002-O,ACT-002,"250k A2, HORIZ GAIN"
SD-1000,Other,ACT-002-O,ACT-002,"250k A2, VERT GAIN"
SD-1100,Other,ACT-002-0,ACT-002,Volume (Horiz gain) 250k-A
SD-1100,Other,ACT-002-0,ACT-002,Volume (Vert gain) 250k-A
SD-1000,Other,ACT-003-O,ACT-003,"500k B,SWEEP VARIABLE"
SD-1100,Other,ACT-003-0,ACT-003,Volume (Sweep variable) 500k-B
QX-747,Receiver,ACT-008-0,ACT-008,Variable resistor 500k-B2 (level)
QX-747A,Receiver,ACT-008,ACT-008,Variable resistor 500k-B2 (LEFT FRONT)
QX-747A,Receiver,ACT-008,ACT-008,Variable resistor 500k-B2 (LEFT REAR)
QX-747A,Receiver,ACT-008,ACT-008,Variable resistor 500k-B2 (RIGHT FRONT)
QX-747A,Receiver,ACT-008,ACT-008,Variable resistor 500k-B2 (RIGHT REAR)
QX-949,Receiver,ACT-009-0,ACT-009,Variable resistor 250k-B2 (Level control)
QX-949,Receiver,ACT-009-0,ACT-009,Variable resistor 250k-B2 (Level control)
QX-949,Receiver,ACT-009-0,ACT-009,Variable resistor 250k-B2 (Level control)
QX-949,Receiver,ACT-009-0,ACT-009,Variable resistor 250k-B2 (Level control)
QX-949A,Receiver,ACT-009,ACT-009,Variable resistor 250k-B2 (LEVEL LEFT FRONT)
QX-949A,Receiver,ACT-009,ACT-009,Variable resistor 250k-B2 (LEVEL LEFT REAR)
QX-949A,Receiver,ACT-009,ACT-009,Variable resistor 250k-B2 (LEVEL RIGHT FRONT)
QX-949A,Receiver,ACT-009,ACT-009,Variable resistor 250k-B2 (LEVEL RIGHT REAR)
SX-580/590,Receiver,ACT-019,ACT-019,Variable resistor (BALANCE)
SX-680/690,Receiver,ACT-019,ACT-019,Variable resistor (BALANCE)
SX-780,Receiver,ACT-019,ACT-019,Variable 1M (BALANCE)
SX-880/890,Receiver,ACT-019,ACT-019,Variable resistor (BALANCE)
SA-420,Integrated Amplifier,ACT-021,ACT-021,Variable resistor (BALANCE)
SX-3700,Receiver,ACT-021,ACT-021,Variable resistor 1M (BALANCE)
SX-3800,Receiver,ACT-021,ACT-021,Variable resistor 1M (BALANCE)
SX-820,Receiver,ACT-021,ACT-021,Variable resistor 1M (BALANCE)
SX-600,Receiver,ACT-022,ACT-022,"Variable resistor (1M, BALANCE)"
SX-600L,Receiver,ACT-022,ACT-022,"Variable resistor (1M, BALANCE)"
SX-700,Receiver,ACT-022,ACT-022,"Variable resistor (1M, BALANCE)"
SX-700L,Receiver,ACT-022,ACT-022,"Variable resistor (1M, BALANCE)"
SX-3400,Receiver,ACT-023,ACT-023,Variable resistor 1M (BALANCE)
SX-3500,Receiver,ACT-023,ACT-023,Variable resistor 1M (BALANCE)
SX-3600/720,Receiver,ACT-023,ACT-023,Variable resistor 1M (BALANCE)
SX-4,Receiver,ACT-023,ACT-023,Variable resistor 1M (BALANCE)
SX-5,Receiver,ACT-023,ACT-023,Variable resistor 1M (BALANCE)
SA-530,Integrated Amplifier,ACT-027,ACT-027,Variable 100k (BALANCE)
SX-6,Receiver,ACT-028,ACT-028,Variable (BALANCE)
SX-7,Receiver,ACT-028,ACT-028,Variable resistor 100k (BALANCE)
QX-8000,Receiver,ACT-102-0,ACT-102,"500k HB, dual (BALANCE-FRONT)"
QX-8000,Receiver,ACT-102-0,ACT-102,"500k HB, dual (BALANCE-REAR)"
QX-8000A,Receiver,ACT-102-0,ACT-102,"500k HB, dual (BALANCE-FRONT)"
QX-8000A,Receiver,ACT-102-0,ACT-102,"500k HB, dual (BALANCE-REAR)"
SD-1100,Other,ACT-103-0,ACT-103,4 CH display volume (L) Dual 500k-B
SD-1100,Other,ACT-103-0,ACT-103,4 CH display volume (R) Dual 500k-B
SA-8100,Integrated Amplifier,ACT-104-0,ACT-104,Level control for AUX 2    100k-B2
SA-9100,Integrated Amplifier,ACT-104-0,ACT-104,Level control (100k-B2 x 2) AUX 2
SA-9100,Integrated Amplifier,ACT-104-0,ACT-104,Level control (100k-B2 x 2) SPEAKER B
SA-8100,Integrated Amplifier,ACT-105-A,ACT-105,Level control for PHONO 2   2k-B2
SA-8500,Integrated Amplifier,ACT-105-A,ACT-105,Variable resistor 2k-B (MIC/PHON0 2 LEVEL)
QX-646,Receiver,ACT-108-0,ACT-108,Potentiometer (CARRIER LEVEL CONTROL)10k-B
Exclusive M3,Amplifier,ACT-112-0,ACT-112,"Variable resistor, dual 20k-A(speaker A)"
Exclusive M3,Amplifier,ACT-112-0,ACT-112,"Variable resistor, dual 20k-A(speaker B)"
Exclusive M3,Amplifier,ACT-112-0,ACT-112,"Variable resistor, dual 20k-A(speaker C)"
SA-5800/508,Integrated Amplifier,ACT-117,ACT-117,Variable resistor 100k (BASS)
SA-5800/508,Integrated Amplifier,ACT-117,ACT-117,Variable resistor 100k (TREBLE)
SA-606,Integrated Amplifier,ACT-117,ACT-117,Variable resistor 100kΩ (BASS)
SA-606,Integrated Amplifier,ACT-117,ACT-117,Variable resistor 100kΩ (TREBLE)
SA-6700,Integrated Amplifier,ACT-117,ACT-117,Variable resistor 100kΩ (BASS)
SA-6700,Integrated Amplifier,ACT-117,ACT-117,Variable resistor 100kΩ (TREBLE)
SA-6800/608,Integrated Amplifier,ACT-117,ACT-117,Variable resistor (BASS)
SA-6800/608,Integrated Amplifier,ACT-117,ACT-117,Variable resistor (TREBLE)
SA-706,Integrated Amplifier,ACT-117,ACT-117,"Variable resistor (BASS, TREBLE)"
SA-708,Integrated Amplifier,ACT-117,ACT-117,"Variable resistor (BASS, TREBLE)"
SA-7700,Integrated Amplifier,ACT-117,ACT-117,"Variable resistor (BASS, TREBLE)"
SA-3000,Integrated Amplifier,ACT-118,ACT-118,Variable 500k (BALANCE)
SA-5800/508,Integrated Amplifier,ACT-118,ACT-118,Variable resistor 500k (BALANCE)
SA-606,Integrated Amplifier,ACT-118,ACT-118,Variable resistor 500kΩ-HB (BALANCE)
SA-6700,Integrated Amplifier,ACT-118,ACT-118,Variable resistor 500kΩ-HB (BALANCE)
SA-6800/608,Integrated Amplifier,ACT-118,ACT-118,Variable resistor (BALANCE)
SA-706,Integrated Amplifier,ACT-118,ACT-118,Variable resistor (BALANCE)
SA-708,Integrated Amplifier,ACT-118,ACT-118,Variable resistor (BALANCE)
SA-7700,Integrated Amplifier,ACT-118,ACT-118,Variable resistor (BALANCE)
F-28,Tuner,ACT-121,ACT-121,Variable resistor 10kΩ (OUTPUT LEVEL)
TX-7800,Tuner,ACT-121,ACT-121,Output level 10k dual
SA-3000,Integrated Amplifier,ACT-122,ACT-122,Variable 100k (BASS)
SA-3000,Integrated Amplifier,ACT-123,ACT-123,Variable 100k (TREBLE)
SA-420,Integrated Amplifier,ACT-126,ACT-126,Variable resistor (VOLUME)
SX-3700,Receiver,ACT-126,ACT-126,Variable resistor 250k (VOLUME)
SX-820,Receiver,ACT-126,ACT-126,Variable resistor 250k (VOLUME)
SA-420,Integrated Amplifier,ACT-127,ACT-127,Variable resistor (BASS)
SA-420,Integrated Amplifier,ACT-127,ACT-127,Variable resistor (TREBLE)
SA-710,Integrated Amplifier,ACT-127,ACT-127,"Variable resistor 100k (BASS, TREBLE)"
SX-3700,Receiver,ACT-127,ACT-127,Variable 100K (BASS)
SX-3700,Receiver,ACT-127,ACT-127,Variable 100K (TREBLE)
SX-820,Receiver,ACT-127,ACT-127,Variable 100K (BASS)
SX-820,Receiver,ACT-127,ACT-127,Variable 100K (TREBLE)
SX-3400,Receiver,ACT-128,ACT-128,Variable resistor 250k (VOLUME)
SX-3500,Receiver,ACT-128,ACT-128,Variable resistor 250k (VOLUME)
SX-3600/720,Receiver,ACT-128,ACT-128,Variable resistor 250k (VOLUME)
SX-4,Receiver,ACT-128,ACT-128,Variable 250k (VOLUME)
SX-5,Receiver,ACT-128,ACT-128,Variable resistor 250k (VOLUME)
SX-600,Receiver,ACT-128,ACT-128,"Variable resistor (250k, VOLUME)"
SX-600L,Receiver,ACT-128,ACT-128,"Variable resistor (250k, VOLUME)"
SX-700,Receiver,ACT-128,ACT-128,"Variable resistor (250k, VOLUME)"
SX-700L,Receiver,ACT-128,ACT-128,"Variable resistor (250k, VOLUME)"
SX-3400,Receiver,ACT-129,ACT-129,"Variable resistor 100k (BASS, TREBLE)"
SX-600,Receiver,ACT-129,ACT-129,"Variable resistor (100k, BASS, TREBLE)"
SX-600L,Receiver,ACT-129,ACT-129,"Variable resistor (100k, BASS, TREBLE)"
SX-700,Receiver,ACT-129,ACT-129,"Variable resistor (100k, BASS, TREBLE)"
SX-700L,Receiver,ACT-129,ACT-129,"Variable resistor (100k, BASS, TREBLE)"
SA-710,Integrated Amplifier,ACT-130,ACT-130,Variable resistor 500k (BALANCE)
A-88X,Integrated Amplifier,ACT-132,ACT-132,Variable resistor 68k (VOLUME)
SX-3900,Receiver,ACT-133,ACT-133,2-gang variable resistor (BALANCE)
SX-3900,Receiver,ACT-134,ACT-134,2-gang variable resistor (BASS)
SX-3900,Receiver,ACT-134,ACT-134,2-gang variable resistor (TREBLE)
SX-3800,Receiver,ACT-135,ACT-135,Variable 10k (BASS)
SX-3800,Receiver,ACT-136,ACT-136,Variable 10k (TREBLE)
SX-6,Receiver,ACT-138,ACT-138,Variable (BASS)
SX-7,Receiver,ACT-138,ACT-138,Variable resistor 100k (BASS)
SX-6,Receiver,ACT-139,ACT-139,Variable (TREBLE)
SX-7,Receiver,ACT-139,ACT-139,Variable resistor 100k (TREBLE)
A-5,Integrated Amplifier,ACT-140,ACT-140,CONTROL(BASS/TREBLE)
A-6,Integrated Amplifier,ACT-140,ACT-140,Variable resistor 100K (BASS)
A-6,Integrated Amplifier,ACT-140,ACT-140,Variable resistor 100K (TREBLE)
SX-3500,Receiver,ACT-140,ACT-140,"Variable resistor 150k (BASS, TREBLE)"
SX-3600/720,Receiver,ACT-140,ACT-140,"Variable resistor 100k (BASS, TREBLE)"
SX-4,Receiver,ACT-140,ACT-140,Variable resistor 100k (BASS)
SX-4,Receiver,ACT-140,ACT-140,Variable resistor 100k (TREBLE)
SX-5,Receiver,ACT-140,ACT-140,Variable resistor 100k (BASS)
SX-5,Receiver,ACT-140,ACT-140,Variable resistor 100k (TREBLE)
A-7,Integrated Amplifier,ACT-143,ACT-143,Variable 10k (BALANCE)
A-8,Integrated Amplifier,ACT-143,ACT-143,Variable 10k (BALANCE)
A-7,Integrated Amplifier,ACT-144,ACT-144,Variable 100k (BASS)
A-7,Integrated Amplifier,ACT-144,ACT-144,Variable 100k (TREBLE)
A-70,Integrated Amplifier,ACT-145,ACT-145,Variable dual 250k (BALANCE)
SA-930,Integrated Amplifier,ACT-148,ACT-148,Variable resistor (BALANCE)
SA-530,Integrated Amplifier,ACT-149,ACT-149,"Variable 100k (BASS,TREBLE)"
SA-530,Integrated Amplifier,ACT-149,ACT-149,Variable resistor (BASS)
SA-530,Integrated Amplifier,ACT-149,ACT-149,Variable resistor (TREBLE)
SA-930,Integrated Amplifier,ACT-149,ACT-149,Variable resistor (BASS)
SA-930,Integrated Amplifier,ACT-149,ACT-149,Variable resistor (TREBLE)
SX-202,Receiver,ACT-162,ACT-162,Volume (250k)
A-90,Integrated Amplifier,ACT-163,ACT-163,"Volume (100k, BASS)"
A-90,Integrated Amplifier,ACT-163,ACT-163,"Volume (10k,TREBLE)"
A-90,Integrated Amplifier,ACT-166,ACT-166,"Volume (10k, BALANCE)"
SA-1040,Integrated Amplifier,ACT-168,ACT-168,Variable resistor 100k (TREBLE)
SA-1050,Integrated Amplifier,ACT-168,ACT-168,Variable resistor 100k (TREBLE)
SA-940,Integrated Amplifier,ACT-168,ACT-168,Variable resistor 100k (TREBLE)
SA-950,Integrated Amplifier,ACT-168,ACT-168,Variable resistor 100k (TREBLE)
SA-1040,Integrated Amplifier,ACT-169,ACT-169,Variable resistor 100k (BASS)
SA-1050,Integrated Amplifier,ACT-169,ACT-169,Variable resistor 100k (BASS)
SA-940,Integrated Amplifier,ACT-169,ACT-169,Variable resistor 100k (BASS)
SA-950,Integrated Amplifier,ACT-169,ACT-169,Variable resistor 100k (BASS)
SA-1040,Integrated Amplifier,ACT-170,ACT-170,Variable resistor 100k (BALANCE)
SA-1050,Integrated Amplifier,ACT-170,ACT-170,Variable resistor 100k (BALANCE)
SA-940,Integrated Amplifier,ACT-170,ACT-170,Variable resistor 250k (BALANCE)
SA-950,Integrated Amplifier,ACT-170,ACT-170,Variable resistor 250k (BALANCE)
SA-1040,Integrated Amplifier,ACT-171,ACT-171,Variable resistor 100k (VOLUME)
SA-1050,Integrated Amplifier,ACT-171,ACT-171,Variable resistor 100k (VOLUME)
SA-940,Integrated Amplifier,ACT-171,ACT-171,Variable resistor 100k (VOLUME)
SA-950,Integrated Amplifier,ACT-171,ACT-171,Variable resistor 100k (VOLUME)
A-60,Integrated Amplifier,ACT-177,ACT-177,Variable resistor dual 100k (BASS)
A-60,Integrated Amplifier,ACT-177,ACT-177,Variable resistor dual 100k (TREBLE)
A-77X,Integrated Amplifier,ACT-179,ACT-179,Varable resistor 250k (BALANCE)
A-80,Integrated Amplifier,ACT-179,ACT-179,Volume resistor 250k (BALANCE)
A-88X,Integrated Amplifier,ACT-179,ACT-179,Variable resistor 250k (BALANCE)
A-80,Integrated Amplifier,ACT-180,ACT-180,"Variable resistor 100k (TREBLE, BASS)"
A-60,Integrated Amplifier,ACT-184,ACT-184,Variable resistor dual 250k (BALANCE)
SG-90,Equalizer,ACT-185,ACT-185,Variable 10k (INPUT LEVEL)
RG-60,Dynamic Range Expander,ACT-187,ACT-187,Variable 100k (INPUT)
A-88X,Integrated Amplifier,ACT-189,ACT-189,"Variable 50k-X2 (TREBLE, BASS)"
A-66X,Integrated Amplifier,ACT-190,ACT-190,"(TONE BASS,TREBLE)"
A-77X,Integrated Amplifier,ACT-190,ACT-190,"Variable resistor (TREBLE, BASS)"
A-66X,Integrated Amplifier,ACT-200,ACT-200,(MAIN VOLUME)
SX-60,Receiver,ACT-209,ACT-209,"Variable 250k, 50k X 2 (VOLUME, BALANCE)"
SX-50,Receiver,ACT-210,ACT-210,"100k x 2,50k (VOLUME, BALANCE)"
QX-8000,Receiver,ACT-301-A,ACT-301,"500k HB, 4-gang (BALANCE-FRONT/REAR)"
QX-8000A,Receiver,ACT-301-A,ACT-301,"500k HB, 4-gang (BALANCE-FRONT/REAR)"
SA-9100,Integrated Amplifier,ACT-302-A,ACT-302,Level control (10k-B2 x 2 / 2.2k-B2 x 2)  PHONO 2
SA-9500,Integrated Amplifier,ACT-304-0,ACT-304,Impedance selection 233kΩ (PHONO 2 IMPEDANCE)
SA-9900,Integrated Amplifier,ACT-304-0,ACT-304,Variable Resistor (PHONO 2/MIC LEVEL) 4-gang 2K-HB/10K-HB
SPEC-1,Pre-Amplifier,ACT-305,ACT-305,"Variable resistor 10kΩ-HB, 2kΩ-HB (PHONO 2 LEVEL)"
SD-1000,Other,ACT-501-O,ACT-501,"5k A2, FREQUENCY"
SD-1100,Other,ACT-501-0,ACT-501,Volume (Frequency) 5k-A
SD-1000,Other,ACT-502-O,ACT-502,"10k B,OSC LEVEL"
SD-1100,Other,ACT-502-0,ACT-502,Volume (Osc level) 10k-B
QD-240,Other,ACT-503,ACT-503,CONTROL(SEPARATION)
A-9,Integrated Amplifier,ACT-507,ACT-507,Variable resistor with switch (BALANCE)
SX-202,Receiver,ACT-602,ACT-602,"Volume assembly (100kx2,1M)"
A-7,Integrated Amplifier,ACT-706,ACT-706,Variable (VOLUME)
A-858,Integrated Amplifier,ACT1053,ACT1053,Variable resistor (BALANCE) (250k×2)
A-858,Integrated Amplifier,ACT1054,ACT1054,"Variable resistor (BASS, TREBLE) (100k-20A×2)"
GR-551,Equalizer,ACU1017,ACU1017,Slide variable resistor (GRAPHIC EQUALIZER)
GR-555,Equalizer,ACU1017,ACU1017,Slide variable resistor (GRAPHIC EQUALIZER)
QX-646,Receiver,ACV -013-0,ACV -013,L channel separation control (CD-4) 10k-C
SA-8800,Integrated Amplifier,ACV 199,ACV 199,Variable resistor (TREBLE)
SR-202W,Reverb,ACV-001-0,ACV-001,50kΩ Reverberation time control
SD-1000,Other,ACV-002-O,ACV-002,"1M B,INTENSITY"
SD-1100,Other,ACV-002-0,ACV-002,Volume (Focus) 250k-B
SD-1000,Other,ACV-003-0,ACV-003,"250k B, FOCUS"
SD-1100,Other,ACV-003-0,ACV-003,Volume (Intensity) 100k-B
QA-800,Integrated Amplifier,ACV-004-0,ACV-004,"Level control, 500k-B (CH.1)"
QA-800,Integrated Amplifier,ACV-004-0,ACV-004,"Level control, 500k-B (CH.2)"
QA-800,Integrated Amplifier,ACV-004-0,ACV-004,"Level control, 500k-B (CH.3)"
QA-800,Integrated Amplifier,ACV-004-0,ACV-004,"Level control, 500k-B (CH.4)"
QC-800,Pre-Amplifier,ACV-004-0,ACV-004,"LEVEL control, 500k-B (CH.1)"
QC-800,Pre-Amplifier,ACV-004-0,ACV-004,"LEVEL control, 500k-B (CH.2)"
QC-800,Pre-Amplifier,ACV-004-0,ACV-004,"LEVEL control, 500k-B (CH.3)"
QC-800,Pre-Amplifier,ACV-004-0,ACV-004,"LEVEL control, 500k-B (CH.4)"
QL-600,Integrated Amplifier,ACV-005-0,ACV-005,LEVEL Control 250k-B (CH.1)
QL-600,Integrated Amplifier,ACV-005-0,ACV-005,LEVEL Control 250k-B (CH.2)
QL-600,Integrated Amplifier,ACV-005-0,ACV-005,LEVEL Control 250k-B (CH.3)
QL-600,Integrated Amplifier,ACV-005-0,ACV-005,LEVEL Control 250k-B (CH.4)
QL-600A,Integrated Amplifier,ACV-005-0,ACV-005,"250k-B, level control"
QL-600A,Integrated Amplifier,ACV-005-0,ACV-005,"250k-B, level control"
QL-600A,Integrated Amplifier,ACV-005-0,ACV-005,"250k-B, level control"
QL-600A,Integrated Amplifier,ACV-005-0,ACV-005,"250k-B, level control"
QA-800A,Integrated Amplifier,ACV-007-0,ACV-007,"Level control, 500k-B (CH.1)"
QA-800A,Integrated Amplifier,ACV-007-0,ACV-007,"Level control, 500k-B (CH.2)"
QA-800A,Integrated Amplifier,ACV-007-0,ACV-007,"Level control, 500k-B (CH.3)"
QA-800A,Integrated Amplifier,ACV-007-0,ACV-007,"Level control, 500k-B (CH.4)"
QC-800A,Pre-Amplifier,ACV-007-0,ACV-007,"LEVEL control, 500k-B (CH.1)"
QC-800A,Pre-Amplifier,ACV-007-0,ACV-007,"LEVEL control, 500k-B (CH.2)"
QC-800A,Pre-Amplifier,ACV-007-0,ACV-007,"LEVEL control, 500k-B (CH.3)"
QC-800A,Pre-Amplifier,ACV-007-0,ACV-007,"LEVEL control, 500k-B (CH.4)"
QX-4000,Receiver,ACV-008-0,ACV-008,"500k-B, balance (FRONT)"
QX-4000,Receiver,ACV-008-0,ACV-008,"500k-B, balance (REAR)"
QX-646,Receiver,ACV-008,ACV-008,"CONTROL(BALANCE ""FRONT""/""REAR"")"
SPEC-2,Amplifier,ACV-009,ACV-009,Variable resistor 100k-B (LEFT LEVEL)
SPEC-2,Amplifier,ACV-009,ACV-009,Variable resistor 100k-B (RIGHT LEVEL)
TX-7100,Tuner,ACV-009-0,ACV-009,Potentiometer 100k-B2 (AM)
TX-8100,Tuner,ACV-009-0,ACV-009,Potentiometer (AM LEVEL) 100k-B2
TX-6200,Tuner,ACV-011-0,ACV-011,AM LEVEL 10k-A2
QX-646,Receiver,ACV-013-0,ACV-013,R channel separation control (CD-4) 10k-C
QX-747,Receiver,ACV-014-0,ACV-014,Variable resistor 10kΩ-C (separation-L)
QX-747,Receiver,ACV-014-0,ACV-014,Variable resistor 10kΩ-C (separation-R)
QX-949,Receiver,ACV-014-0,ACV-014,Variable resistor 10k-C (CD4 separation)
QX-949,Receiver,ACV-014-0,ACV-014,Variable resistor 10k-C (CD4 separation)
QX-747A,Receiver,ACV-017,ACV-017,Variable resistor 3k-B (CD-4 SEPARATION LEFT)
QX-747A,Receiver,ACV-017,ACV-017,Variable resistor 3k-B (CD-4 SEPARATION RIGHT)
QX-949A,Receiver,ACV-017,ACV-017,Variable resistor 3k-B (CD-4 SEPARATION LEFT)
QX-949A,Receiver,ACV-017,ACV-017,Variable resistor 3k-B (CD-4 SEPARATION RIGHT)
C-21,Pre-Amplifier,ACV-019,ACV-019,"Variable resistor 1kΩ, 22-step (GAIN)"
SX-450,Receiver,ACV-020,ACV-020,Variable resistor (BALANCE)
SPEC-4,Amplifier,ACV-021,ACV-021,Variable resistor 100kΩ ( RIGHT LEVEL)
SPEC-4,Amplifier,ACV-021,ACV-021,Variable resistor 100kΩ LEFT (LEVEL)
SX-626 (1971),Receiver,ACV-103-0,ACV-103,500k-B1 dual (Volume)
SX-626 (1973),Receiver,ACV-103-0,ACV-103,Variable resistor 500k-B1 (Volume)
SX-626 (1971),Receiver,ACV-104-0,ACV-104,500k-HB dual (Balance)
SX-626 (1973),Receiver,ACV-104-0,ACV-104,Variable resistor 500k-H B (Balance)
SX-525,Receiver,ACV-105-0,ACV-105,"Dual, volume"
SX-727,Receiver,ACV-105-0,ACV-105,Dual  500k-B (Volume)
SX-828,Receiver,ACV-105-0,ACV-105,"500k, dual, Volume"
SX-525,Receiver,ACV-106-0,ACV-106,"Dual, balance"
QX-4000,Receiver,ACV-109-0,ACV-109,"500k-B, dual, balance (FRONT/REAR)"
QX-646,Receiver,ACV-109,ACV-109,CONTROL(BALANCE)
QX-747,Receiver,ACV-110-0,ACV-110,Variable Resistor 10k-B (TREBLE/BASS)
QX-747A,Receiver,ACV-110,ACV-110,"Variable resistor 100k-B, dual (FRONT BASS)"
QX-747A,Receiver,ACV-110,ACV-110,"Variable resistor 100k-B, dual (FRONT TREBLE)"
QX-747A,Receiver,ACV-110,ACV-110,"Variable resistor 100k-B, dual (REAR BASS)"
QX-747A,Receiver,ACV-110,ACV-110,"Variable resistor 100k-B, dual (REAR TREBLE)"
QX-949,Receiver,ACV-110-0,ACV-110,Variable resistor dual 100K-B (FRONT BASS)
QX-949,Receiver,ACV-110-0,ACV-110,Variable resistor dual 100K-B (FRONT TREBLE)
QX-949,Receiver,ACV-110-0,ACV-110,Variable resistor dual 100K-B (REAR BASS)
QX-949,Receiver,ACV-110-0,ACV-110,Variable resistor dual 100K-B (REAR TREBLE)
QX-949A,Receiver,ACV-110,ACV-110,"Variable resistor 100k-B, dual (FRONT BASS)"
QX-949A,Receiver,ACV-110,ACV-110,"Variable resistor 100k-B, dual (FRONT TREBLE)"
QX-949A,Receiver,ACV-110,ACV-110,"Variable resistor 100k-B, dual (REAR BASS)"
QX-949A,Receiver,ACV-110,ACV-110,"Variable resistor 100k-B, dual (REAR TREBLE)"
QX-949A,Receiver,ACV-110-0,ACV-110,Variable resistor dual 100k-B  (FRONT BASS)
QX-949A,Receiver,ACV-110-0,ACV-110,Variable resistor dual 100k-B  (REAR BASS)
QX-949A,Receiver,ACV-110-0,ACV-110,Variable resistor dual 100k-B (FRONT TREBLE)
QX-949A,Receiver,ACV-110-0,ACV-110,Variable resistor dual 100k-B (REAR TREBLE)
SA-7100,Integrated Amplifier,ACV-110-0,ACV-110,100k-B Bass control
SA-7100,Integrated Amplifier,ACV-110-0,ACV-110,100k-B Treble control
SA-7100,Integrated Amplifier,ACV-111-B,ACV-111,Balance control 250k-AC
SA-8100,Integrated Amplifier,ACV-111-B,ACV-111,Balance control  250k(HB)
SA-9100,Integrated Amplifier,ACV-111-A,ACV-111,Balance control 250k-HB
SX-434,Receiver,ACV-111-B,ACV-111,Variable resistor 250k-HB (Balance)
SA-7100,Integrated Amplifier,ACV-112-0,ACV-112,VOLUME control. 250k-B1
TX-710,Tuner,ACV-113,ACV-113,CONTROL(FM OUTPUT/HEADPHONE LEV
TX-7100,Tuner,ACV-113-0,ACV-113,Potentiometer (dual - FM LEVEL) 100k-B2
TX-8100,Tuner,ACV-113-0,ACV-113,Potentiometer (dual - FM LEVEL) 100k-B2
TX-8100,Tuner,ACV-113-0,ACV-113,Potentiometer (dual - HEADPHONE) 100k-B2
TX-9500,Tuner,ACV-113-0,ACV-113,Dual control 100kΩ-B2 (OUTPUT)
TX-9100,Tuner,ACV-115-0,ACV-115,"Potentiometer (dual) 100k-B2. (OUTPUT LEVEL - AM,FM,PHONES)"
SA-5200,Integrated Amplifier,ACV-117-0,ACV-117,Volume control(250k-B1)
SA-5200,Integrated Amplifier,ACV-118-0,ACV-118,"Potentiometer, dual (100k-A2) Bass"
SA-5200,Integrated Amplifier,ACV-118-0,ACV-118,"Potentiometer, dual (100k-A2) Treble"
TX-6200,Tuner,ACV-119-0,ACV-119,FM LEVEL 10k-A2
QX-747,Receiver,ACV-122-0,ACV-122,Variable resistor 10kΩ-B2 (carrier level)
QX-949,Receiver,ACV-122-0,ACV-122,Variable resistor 10k-B2 dual (Carrier level)
SX-434,Receiver,ACV-124-0,ACV-124,Variable resistor 250k-B1 (Volume)
SR-303,Reverb,ACV-125,ACV-125,Variable resistor (DEPTH)
SA-5500II,Integrated Amplifier,ACV-126,ACV-126,Variable resistor (BALANCE)
SX-550,Receiver,ACV-126,ACV-126,Variable resistor (BALANCE)
SX-1010,Receiver,ACV-130-0,ACV-130,Variable resistor (Bass-main)
SX-939,Receiver,ACV-130-0,ACV-130,Variable resistor (Bass-main)
SX-1010,Receiver,ACV-131-0,ACV-131,Variable resistor (Treble-main)
SX-939,Receiver,ACV-131-0,ACV-131,Variable resistor (Treble-main)
SX-1010,Receiver,ACV-132-0,ACV-132,Variable resistor (Bass-sub)
SX-939,Receiver,ACV-132-0,ACV-132,Variable resistor (Bass-sub]
SX-1010,Receiver,ACV-133-0,ACV-133,Variable resistor (Treble-sub)
SX-939,Receiver,ACV-133-0,ACV-133,Variable resistor (Treble-sub]
SX-1010,Receiver,ACV-134-0,ACV-134,Variable resistor 250k-B1 (Volume)
SX-737,Receiver,ACV-134-0,ACV-134,Variable resistor 250k-B1 (volume)
SX-838,Receiver,ACV-134-0,ACV-134,Variable resistor 250k-B1 (Volume)
SX-939,Receiver,ACV-134-0,ACV-134,Variable resistor 250k-B1 (Volume)
SA-6500,Integrated Amplifier,ACV-135,ACV-135,Variable 250k-HB (BALANCE)
SA-6500II,Integrated Amplifier,ACV-135,ACV-135,Variable 250k-HB (BALANCE)
SA-7500II,Integrated Amplifier,ACV-135,ACV-135,Variable resistor 100k-HB (BALANCE)
SX-1010,Receiver,ACV-135-0,ACV-135,Variable resistor 250k-HB (Balance)
SX-535,Receiver,ACV-135-0,ACV-135,Variable resistor  250k-HB (BALANCE)
SX-636,Receiver,ACV-135-0,ACV-135,Variable resistor 250k-HB (BALANCE)
SX-650,Receiver,ACV-135,ACV-135,Variable resistor (BALANCE)
SX-737,Receiver,ACV-135-0,ACV-135,Variable resistor 250k-HB (balance)
SX-750,Receiver,ACV-135,ACV-135,Variable resistor (BALANCE)
SX-838,Receiver,ACV-135-0,ACV-135,Variable resistor 250k-HB (Balance)
SX-939,Receiver,ACV-135-0,ACV-135,Variable resistor 250k-HB (Balance)
SA-7500,Integrated Amplifier,ACV-136-0,ACV-136,Variable resistor (BASS) 100kΩ-B
SA-7500,Integrated Amplifier,ACV-136-0,ACV-136,Variable resistor (TREBLE) 100kΩ.-B
SA-8500II,Integrated Amplifier,ACV-136,ACV-136,Variable resistor (BASS)
SA-8500II,Integrated Amplifier,ACV-136,ACV-136,Variable resistor (TREBLE)
SX-1080,Receiver,ACV-136,ACV-136,"Variable resistor (BASS, TREBLE)"
SX-636,Receiver,ACV-136-0,ACV-136,Variable resistor 100k-B (BASS)
SX-636,Receiver,ACV-136-0,ACV-136,Variable resistor 100k-B (TREBLE)
SX-737,Receiver,ACV-136-0,ACV-136,Variable resistor 100k-B(bass)
SX-737,Receiver,ACV-136-0,ACV-136,Variable resistor 100k-B(treble]
SX-838,Receiver,ACV-136-0,ACV-136,Variable resistor (100k-B) Bass
SX-838,Receiver,ACV-136-0,ACV-136,Variable resistor (100k-B) Treble
SX-850,Receiver,ACV-136,ACV-136,Variable resistor 100k-B (BASS)
SX-850,Receiver,ACV-136,ACV-136,Variable resistor 100k-B (TREBLE)
SX-950,Receiver,ACV-136,ACV-136,"Variable resistor (100k-B, TREBLE)"
SX-950,Receiver,ACV-136,ACV-136,"Variable resistor(100k-B, BASS)"
SX-980,Receiver,ACV-136,ACV-136,Variable resistor (BASS)
SX-980,Receiver,ACV-136,ACV-136,Variable resistor (TREBLE)
SX-434,Receiver,ACV-137-0,ACV-137,Variable resistor 100k-A2 (Bass)
SX-434,Receiver,ACV-137-0,ACV-137,Variable resistor 100k-A2 (Treble)
SA-7500II,Integrated Amplifier,ACV-138,ACV-138,Variable resistor 100k-A (BASS)
SA-7500II,Integrated Amplifier,ACV-138,ACV-138,Variable resistor 100k-A (TREBLE)
SX-535,Receiver,ACV-138-0,ACV-138,Variable resistor  100k-A2 (BASS)
SX-535,Receiver,ACV-138-0,ACV-138,Variable resistor  100k-A2 (TREBLE)
SX-550,Receiver,ACV-138,ACV-138,"Variable resistor (BASS, TREBLE)"
SX-750,Receiver,ACV-138,ACV-138,Variable resistor (BASS)
SX-750,Receiver,ACV-138,ACV-138,Variable resistor (TREBLE)
SX-535,Receiver,ACV-139-0,ACV-139,Variable resistor  250k-B1 (VOLUME)
SX-636,Receiver,ACV-139-0,ACV-139,Variable resistor 250k-B1 (VOLUME)
A-7,Integrated Amplifier,ACV-143,ACV-143,Variable (BALANCE)
SA-6500,Integrated Amplifier,ACV-143,ACV-143,Variable resistor 100kΩ-A (BASS)
SA-6500,Integrated Amplifier,ACV-143,ACV-143,Variable resistor 100kΩZ-A (TREBLE)
SA-6500II,Integrated Amplifier,ACV-143,ACV-143,Variable resistor 100kΩ-A (BASS)
SA-6500II,Integrated Amplifier,ACV-143,ACV-143,Variable resistor 100kΩ-A (TREBLE)
SA-9500,Integrated Amplifier,ACV-144-A,ACV-144,Variable resistor (VOLUME)
SA-9900,Integrated Amplifier,ACV-144-A,ACV-144,Variable resistor - VOLUME (Early production?)
SA-9900,Integrated Amplifier,ACV-145-0,ACV-145,Variable Resistor 50K-AC (BALANCE)
SPEC-1,Pre-Amplifier,ACV-145,ACV-145,Variable resistor 50kΩ-AC (BALANCE)
SA-9500,Integrated Amplifier,ACV-146-A,ACV-146,Variable resistor 2kΩ-HB / 10kΩ-HB (PHONO 2/MIC LEVEL)
SA-9900,Integrated Amplifier,ACV-146-0,ACV-146,Impedance Selector 233K (PHONO 2 IMPEDANCE)
SA-9500,Integrated Amplifier,ACV-148-0,ACV-148,Variable resistor (BALANCE) 250kΩ-HB
SA-8500,Integrated Amplifier,ACV-149-A,ACV-149,Switch type variable resistor (SUB TREBLE)
SA-8500,Integrated Amplifier,ACV-150-A,ACV-150,Switch type variable resistor (MAIN TREBLE)
SA-8500,Integrated Amplifier,ACV-151-A,ACV-151,Switch type variable resistor (MAIN BASS)
SA-8500,Integrated Amplifier,ACV-152-A,ACV-152,Switch type variable resistor (SUB BASS)
SA-6500,Integrated Amplifier,ACV-154,ACV-154,Variable resistor 100kΩZ-A (VOLUME)
SA-6500II,Integrated Amplifier,ACV-154,ACV-154,Variable resistor 100kΩ-A (VOLUME)
RG-1,Dynamic Range Expander,ACV-155,ACV-155,"Variable resistor 100k-B2, dual (INPUT LEVEL)"
RG-2,Dynamic Range Expander,ACV-155,ACV-155,Variable resistor 100k-B (INPUT LEVEL)
RG-9,Dynamic Range Expander,ACV-155,ACV-155,CONTROL(INPUT LEVEL)
SX-650,Receiver,ACV-159,ACV-159,Variable resistor (BASS)
SX-650,Receiver,ACV-160,ACV-160,Variable resistor (TREBLE)
SX-450,Receiver,ACV-161,ACV-161,Variable resistor (VOLUME)
SX-550,Receiver,ACV-161,ACV-161,Variabie resistor (VOLUME)
SX-580/590,Receiver,ACV-161,ACV-161,Variable resistor (VOLUME)
SX-680/690,Receiver,ACV-161,ACV-161,Variable resistor (VOLUME)
SX-780,Receiver,ACV-161,ACV-161,Variable 100k-B (VOLUME)
SX-880/890,Receiver,ACV-161,ACV-161,Variable resistor (VOLUME)
SA-7500II,Integrated Amplifier,ACV-162,ACV-162,Variable resistor 100k 32 step (VOLUME)
SX-1080,Receiver,ACV-162,ACV-162,Variable resistor (VOLUME)
SX-980,Receiver,ACV-162,ACV-162,Variable resistor (VOLUME)
SX-1050,Receiver,ACV-163,ACV-163,Variable resistor (BALANCE) 100kΩ-HB
SX-1250,Receiver,ACV-163,ACV-163,Variable (100k-HB BALANCE)
SX-850,Receiver,ACV-163,ACV-163,Variable resistor 100k-HB (BALANCE)
SX-950,Receiver,ACV-163,ACV-163,Variable resistor (100k-HB/ BALANCE)
SX-850,Receiver,ACV-164,ACV-164,Variable resistor 50k-B2 (VOLUME)
SX-950,Receiver,ACV-164,ACV-164,Variabie resistor (50k-B2/VOLUME)
SX-1050,Receiver,ACV-165,ACV-165,Variable resistor (BASS 50Hz) 102kΩ
SX-1250,Receiver,ACV-165,ACV-165,"Variable resistor (102k, 5-step, BASS 50Hz)"
SX-1050,Receiver,ACV-166,ACV-166,Variable resistor (BASS 100Hz) 102.6kΩ
SX-1250,Receiver,ACV-166,ACV-166,"Variable resistor (102.6k, 11-step, BASS 100Hz)"
SX-1050,Receiver,ACV-167,ACV-167,Variable resistor (TREBLE 10kHz) 99kΩ
SX-1250,Receiver,ACV-167,ACV-167,"Variable resistor (99k,11-step,TREBLE 10kHz)"
SX-1050,Receiver,ACV-168,ACV-168,Variable resistor (TREBLE 20kHz) 102kΩ
SX-1250,Receiver,ACV-168,ACV-168,"Variable resistor (102k, 5-step, TREBLE 20kHz)"
SX-1050,Receiver,ACV-169,ACV-169,Variable resistor (VOLUME) 50kΩ
SX-1250,Receiver,ACV-169,ACV-169,Variable (50k-B2 VOLUME)
SA-8500II,Integrated Amplifier,ACV-171,ACV-171,Variable resisior (VOLUME)
SA-9500II,Integrated Amplifier,ACV-171,ACV-171,Variable resistor 100k 32-step (VOLUME)
SA-8500II,Integrated Amplifier,ACV-172,ACV-172,Variable resistor (BALANCE)
SA-9500II,Integrated Amplifier,ACV-172,ACV-172,Variable resistor (BALANCE)
SA-9500II,Integrated Amplifier,ACV-173,ACV-173,Variable resistor (TREBLE 20kHz)
SA-9500II,Integrated Amplifier,ACV-174,ACV-174,Variable resistor (TREBLE 10kHz)
SA-9500II,Integrated Amplifier,ACV-175,ACV-175,Variable resistor (BASS 100Hz)
SA-9500II,Integrated Amplifier,ACV-176,ACV-176,Variable resistor (BASS 50Hz)
C-21,Pre-Amplifier,ACV-177,ACV-177,"Variable resistor 100kΩZ, 32-step (VOLUME)"
TX-8500II,Tuner,ACV-178,ACV-178,Variable resistor 10k (OUTPUT LEVEL)
TX-9500II,Tuner,ACV-178,ACV-178,Variable resistor 10k (OUTPUT LEVEL)
SX-650,Receiver,ACV-179,ACV-179,Variable resistor 100k (VOLUME)
SX-750,Receiver,ACV-179,ACV-179,Variable resistor 100k (VOLUME)
SX-450,Receiver,ACV-180,ACV-180,Variable resistor (BASS)
SX-450,Receiver,ACV-180,ACV-180,Variable resistor (TREBLE)
SA-5500II,Integrated Amplifier,ACV-181,ACV-181,Variable resistor (VOLUME)
SA-708,Integrated Amplifier,ACV-181,ACV-181,Variable resistor (VOLUME)
SA-710,Integrated Amplifier,ACV-181,ACV-181,Variable resistor 100k (VOLUME)
SX-3800,Receiver,ACV-181,ACV-181,Variable resistor 100k (VOLUME)
SA-5500II,Integrated Amplifier,ACV-182,ACV-182,Variable resistor (BASS)
SA-5500II,Integrated Amplifier,ACV-182,ACV-182,Variable resistor (TREBLE)
SA-3000,Integrated Amplifier,ACV-184,ACV-184,Variable 250k (VOLUME)
SA-5800/508,Integrated Amplifier,ACV-184,ACV-184,Variable resistor 250k (VOLUME)
SA-606,Integrated Amplifier,ACV-184,ACV-184,Variable resistor 250kΩ (VOLUME)
SA-6700,Integrated Amplifier,ACV-184,ACV-184,Variable resistor 250kΩ (VOLUME)
SA-6800/608,Integrated Amplifier,ACV-184,ACV-184,Variable resistor (VOLUME)
SA-706,Integrated Amplifier,ACV-184,ACV-184,Variable resistor (VOLUME)
SA-7700,Integrated Amplifier,ACV-184,ACV-184,Variable resistor (VOLUME)
SX-580/590,Receiver,ACV-186,ACV-186,Variable resistor (BASS)
SX-580/590,Receiver,ACV-186,ACV-186,Variable resistor (TREBLE)
SX-680/690,Receiver,ACV-186,ACV-186,"Variable resistor (BASS, TREBLE)"
SA-7800,Integrated Amplifier,ACV-187,ACV-187,Variable resistor (BALANCE)
SA-8800,Integrated Amplifier,ACV-187,ACV-187,Variable resistor (BALANCE)
SA-9800,Integrated Amplifier,ACV-187,ACV-187,Variable resistor (BALANCE)
SX-1080,Receiver,ACV-190,ACV-190,Variable resistor (BALANCE)
SX-1280,Receiver,ACV-190,ACV-190,Variable resistor (BALANCE)
SX-1980,Receiver,ACV-190,ACV-190,Variable resistor (BALANCE)
SX-980,Receiver,ACV-190,ACV-190,Variable resistor (BALANCE)
A-27,Integrated Amplifier,ACV-191,ACV-191,Variable dual 10k (BALANCE)
SX-780,Receiver,ACV-193,ACV-193,Variable 100k (BASS)
SX-780,Receiver,ACV-194,ACV-194,Variable 100k (TREBLE)
SX-880/890,Receiver,ACV-195 (ACV-193),ACV-195 (ACV-193),Variable resistor (BASS)
SX-880/890,Receiver,ACV-196 (ACV-194),ACV-196 (ACV-194),Variable resistor (TREBLE)
SA-7800,Integrated Amplifier,ACV-198,ACV-198,Variable resistor (BASS)
SA-8800,Integrated Amplifier,ACV-198,ACV-198,Variable resistor (BASS)
SA-7800,Integrated Amplifier,ACV-199,ACV-199,Variable resistor (TREBLE)
SA-500A,Integrated Amplifier,ACV-201-O,ACV-201,"Volume Control, 250k-B1"
SX-727,Receiver,ACV-202-A,ACV-202,Dual  100k-B (Bass)
SX-828,Receiver,ACV-202-A,ACV-202,"100k, dual, Treble"
SX-828,Receiver,ACV-202-A,ACV-202,"100k,dual, Bass"
SX-727,Receiver,ACV-202 A,ACV-202 A,Dual  100k-B (Treble)
QC-800,Pre-Amplifier,ACV-301-0,ACV-301,"4 gang, VOLUME Control, 500k-B"
QA-800,Integrated Amplifier,ACV-302-0,ACV-302,4 gang 500k-B (VOLUME)
QA-800A,Integrated Amplifier,ACV-302-0,ACV-302,4 gang 500k-B VOLUME
QX-8000,Receiver,ACV-303,ACV-303,CONTROL(VOLUME)
QX-8000,Receiver,ACV-303-0,ACV-303,"4-gang, VOLUME"
QX-8000A,Receiver,ACV-303-0,ACV-303,4-gang VOLUME
QL-600,Integrated Amplifier,ACV-304-0,ACV-304,VOLUME Control 10k-B
QL-600A,Integrated Amplifier,ACV-304-0,ACV-304,"10k-B, 4-gang, volume control"
QC-800A,Pre-Amplifier,ACV-305-0,ACV-305,500k-B 4-gang volume
QX-4000,Receiver,ACV-306-0,ACV-306,"Potentiometer 4-gang, volume 250K"
QX-646,Receiver,ACV-306-0,ACV-306,Volume control 250k-B1
QX-9900,Receiver,ACV-307-0,ACV-307,"4-gang,volume"
QX-9900,Receiver,ACV-308-0,ACV-308,"500k-B 4-gang, balance (FRONT/REAR)"
QX-747,Receiver,ACV-310-0,ACV-310,Variable resistor 500kΩ-B1 (volume)
QX-747A,Receiver,ACV-310,ACV-310,"Variable resistor 500k-B1, 4-gang (VOLUME)"
QX-949,Receiver,ACV-311-0,ACV-311,Variable resistor 250k-B1 4-gang (Volume)
QX-949A,Receiver,ACV-311,ACV-311,"Variable resistor 250k-B1, 4-gang (VOLUME)"
SPEC-1,Pre-Amplifier,ACV-314,ACV-314,Variable resistor 50kΩ (VOLUME)
SA-9900,Integrated Amplifier,ACV-315-0,ACV-315,"Variable resistor (VR2, VOLUME)"
QX-4000,Receiver,ACV-401-0,ACV-401,4-gang volume (BASS)
QX-4000,Receiver,ACV-401-0,ACV-401,4-gang volume (TREBLE)
QX-646,Receiver,ACV-401-0,ACV-401,"Bass control, 100k-B"
QX-646,Receiver,ACV-401-0,ACV-401,"Treble control, 100k-B"
QX-9900,Receiver,ACV-402-0,ACV-402,"100k 4-gang, bass"
QX-9900,Receiver,ACV-403-0,ACV-403,"50k-B 4-gang, treble"
SA-7500,Integrated Amplifier,ACV-407-0,ACV-407,"Variable resistor 250kΩ-HB/100kΩ-B1 (BALANCE, VOLUME)"
SA-8500,Integrated Amplifier,ACV-407-0,ACV-407,"Variable resistor 100K-B, 250K-HB (VOLUME & BALANCE)"
A-6,Integrated Amplifier,ACV-410,ACV-410,"Variable resistor (VOLUME 100K, BALANCE 500K)"
QX-9900,Receiver,ACV-506-A,ACV-506,"50k-HB 3-gang, Reverberation time"
QX-9900,Receiver,ACV-506-A,ACV-506,Reverberation time control
SPEC-1,Pre-Amplifier,ACV-507,ACV-507,"Variable resistor with pull-push switch 50kΩ-20A,50kΩ-20C (MIC MIXING)"
SR-303,Reverb,ACV-508,ACV-508,Variable resistor with switch (REVERB TIME)
SA-9800,Integrated Amplifier,ACV-701,ACV-701,Variable resistor (BASS)
SA-9800,Integrated Amplifier,ACV-702,ACV-702,Variable resistor (TREBLE)
A-7,Integrated Amplifier,ACV-706,ACV-706,Volume dual 68k
SX-1280,Receiver,ACW-101 (ACV-165),ACW-101 (ACV-165),Variable resistor (BASS 50Hz)
SX-1980,Receiver,ACW-101 (ACV-165),ACW-101 (ACV-165),Variable resistor (BASS 50Hz)
SX-1280,Receiver,ACW-102 (ACV-166),ACW-102 (ACV-166),Variable resistor (BASS 100Hz)
SX-1980,Receiver,ACW-102 (ACV-166),ACW-102 (ACV-166),Variable resistor (BASS 100Hz)
SX-1280,Receiver,ACW-103 (ACV-167),ACW-103 (ACV-167),Variable resistor (TREBLE 10kHz)
SX-1980,Receiver,ACW-103 (ACV-167),ACW-103 (ACV-167),Variable resistor (TREBLE 10kHz)
SX-1280,Receiver,ACW-104 (ACV-168),ACW-104 (ACV-168),Variable resistor (TREBLE 20kHz)
SX-1980,Receiver,ACW-104 (ACV-168),ACW-104 (ACV-168),Variable resistor (TREBLE 20kHz)
A-27,Integrated Amplifier,ACW-109,ACW-109,Variable 100k (SUB BASS - 50Hz)
A-27,Integrated Amplifier,ACW-110,ACW-110,Variable 100k (MAlN BASS - 100Hz)
A-27,Integrated Amplifier,ACW-111,ACW-111,Variable 10k (MAlN TREBLE - 10kHz)
A-27,Integrated Amplifier,ACW-112,ACW-112,Variable 10k (SUB TREBLE - 20kHz)
SA-7800,Integrated Amplifier,ACW-113,ACW-113,Variable resistor (VOLUME)
SA-8800,Integrated Amplifier,ACW-113,ACW-113,Variable resistor (VOLUME)
SX-1280,Receiver,ACW-116 (ACV-162),ACW-116 (ACV-162),Variable resistor (VOLUME)
SX-1980,Receiver,ACW-116 (ACV-162),ACW-116 (ACV-162),Variable resistor (VOLUME)
A-27,Integrated Amplifier,ACW-117,ACW-117,Variable dual 50k (VOLUME)
SA-9800,Integrated Amplifier,ACW-119,ACW-119,Variable resistor (VOLUME)
A-9,Integrated Amplifier,ACW-128,ACW-128,Variable resistor (VOLUME)
A-70,Integrated Amplifier,ACW-129,ACW-129,Variable dual 68k (VOLUME)
A-90,Integrated Amplifier,ACW-131,ACW-131,"Volume (68K, VOLUME)"
A-60,Integrated Amplifier,ACW-132,ACW-132,Variable resistor 68k (VOLUME)
A-77X,Integrated Amplifier,ACW-132,ACW-132,Variable resistor 68k (VOLUME)
A-80,Integrated Amplifier,ACW-132,ACW-132,Variable resistor 68k (VOLUME)
A-66X,Integrated Amplifier,ACW-136,ACW-136,(BALANCE)
SX-3900,Receiver,ACW-304,ACW-304,4-gang variable resistor (VOLUME)
SX-D7000,Receiver,ACW-501,ACW-501,Volume/Balance 100k
SX-D5000,Receiver,ACW-502,ACW-502,"2-ganged variable resistor  100k, 1M (VOLUME, BALANCE)"
A-858,Integrated Amplifier,ACW1007,ACW1007,Variable resistor (VOLUME) (60kx2)
C-72,Pre-Amplifier,ACW1008,ACW1008,Variable resistor (VOLUME)
SG-9500,Equalizer,ACX-004,ACX-004,"Variable resistor (10k-B, slide-type)"
SG-9,Equalizer,ACX-005,ACX-005,Variable resistor 8k (with LED)
SG-9,Equalizer,ACX-005,ACX-005,Variable resistor 8k (with LED)
SG-9800,Equalizer,ACX-005,ACX-005,Variable resistor (with LED)
SG-90,Equalizer,ACX-017,ACX-017,"Variable 300k (GRAPHIC EQUALIZER CONTROLS L,R)"
SX-D5000,Receiver,ACX-107,ACX-107,"Variable resistor (slide type) 10k (BASS, TREBLE)"
SX-D7000,Receiver,ACX-107,ACX-107,"Variable 10k (BASS, TREBLE)"
SA-530,Integrated Amplifier,ACX-109,ACX-109,Variable 250k (VOLUME)
SA-930,Integrated Amplifier,ACX-109,ACX-109,Variable resistor (VOLUME)
A-70,Integrated Amplifier,ACX-117,ACX-117,"Slide variable dual 100K (BASS, TREBLE)"
SX-50,Receiver,ACX-122,ACX-122,"10k (BASS, TREBLE)"
SX-60,Receiver,ACX-122,ACX-122,"Slide variable 10k X 2 (BASS, TREBLE)"
SA-970,Integrated Amplifier,ACX-137,ACX-137,Variable resistor 100k (BASS)
SA-970,Integrated Amplifier,ACX-137,ACX-137,Variable resistor 100k (TREBLE)
SX-600,Receiver,ACX-201,ACX-201,Tuning resistor
SX-600L,Receiver,ACX-201,ACX-201,Tuning resistor
SX-700,Receiver,ACX-201,ACX-201,Tuning resistor
SX-700L,Receiver,ACX-201,ACX-201,Tuning resistor
C-72,Pre-Amplifier,ACX1045,ACX1045,Volume control (MOTOR)
SX-737,Receiver,ADD-040-B,ADD-040,"Knob (power, tape monitor,filter,loudness)"
SX-737,Receiver,ADD-082-B,ADD-082,Knob (Speakers)
A-90,Integrated Amplifier,ADD-584,ADD-584,Knob D
SD-1000,Other,ADE-001-O,ADE-001,Cord W. plug
SD-1100,Other,ADE-001-0,ADE-001,Cord with plug
QA-800A,Integrated Amplifier,ADE-002-0,ADE-002,Connection cord
QC-800A,Pre-Amplifier,ADE-002-0,ADE-002,Connection cord
QL-600A,Integrated Amplifier,ADE-002-0,ADE-002,Connection cord
QM-800A,Amplifier,ADE-002-0,ADE-002,Connection cord
Exclusive M3,Amplifier,ADE-005-0,ADE-005,Connection cord
RG-2,Dynamic Range Expander,ADE-005,ADE-005,Connection cord
SA-5200,Integrated Amplifier,ADE-005-0,ADE-005,Cord with pin plug
SA-7100,Integrated Amplifier,ADE-005-0,ADE-005,Stereo cable (Phono plug to phone plug)
SA-8100,Integrated Amplifier,ADE-005-0,ADE-005,Connection cord
SG-9,Equalizer,ADE-005,ADE-005,Connection cord
SR-303,Reverb,ADE-005,ADE-005,Connection cord
TX-5500II,Tuner,ADE-005,ADE-005,CORD
TX-6200,Tuner,ADE-005,ADE-005,CORD
TX-6200,Tuner,ADE-005-0,ADE-005,Connection cord
TX-6500II,Tuner,ADE-005,ADE-005,Connection cord
TX-6800/608,Tuner,ADE-005,ADE-005,Connection cord
TX-7100,Tuner,ADE-005-0,ADE-005,Connection cord
TX-8100,Tuner,ADE-005-0,ADE-005,Connection cord
TX-9100,Tuner,ADE-005-0,ADE-005,Connection cord with pin plugs
TX-9500,Tuner,ADE-005-0,ADE-005,Connection cord with pin plugs
F-7,Tuner,ADE-015,ADE-015,Connection cord
F-90,Tuner,ADE-015,ADE-015,Connection cord
TX-130L,Tuner,ADE-015,ADE-015,Cord
TX-530L,Tuner,ADE-015,ADE-015,Cord
TX-930,Tuner,ADE-051,ADE-051,Connection cord
GR-551,Equalizer,ADE-072,ADE-072,Connection cord
GR-555,Equalizer,ADE-072,ADE-072,Connection cord
GR-777,Equalizer,ADE-072,ADE-072,Connection cord with pin plug
RG-60,Dynamic Range Expander,ADE-072,ADE-072,Connection cord (Gray)
GR-551,Equalizer,ADE-073,ADE-073,Connection cord
GR-555,Equalizer,ADE-073,ADE-073,Connection cord
GR-777,Equalizer,ADE-073,ADE-073,Connection cord with pin plug
RG-60,Dynamic Range Expander,ADE-073,ADE-073,Connection cord (Black)
TX-950,Tuner,ADE-074,ADE-074,Connection cord
C-21,Pre-Amplifier,ADF-124,ADF-124,Connection cord
SA-9500II,Integrated Amplifier,ADF-125,ADF-125,Connection cord
TX-8500II,Tuner,ADF-125,ADF-125,Connection cord
TX-9500II,Tuner,ADF-125,ADF-125,CORD SET
Exclusive M3,Amplifier,ADG-002-A,ADG-002,AC power cord
Exclusive M3,Amplifier,ADG-002-A,ADG-002,AC power cord
QX-9900,Receiver,ADG-002-0,ADG-002,AC power cord
SX-450,Receiver,ADG-002,ADG-002,AC powercord (S)
SX-550,Receiver,ADG-002,ADG-002,AC power cord (S)
SX-650,Receiver,ADG-002,ADG-002,AC power cord - S
SX-939,Receiver,ADG-002-A,ADG-002,AC power cord (F)
QA-800A,Integrated Amplifier,ADG-003-0,ADG-003,AC power cord (KLW)
QL-600A,Integrated Amplifier,ADG-003-0,ADG-003,AC power cord (KLW)
QX-646,Receiver,ADG-003-0,ADG-003,AC power cord (KUW model)
QX-747,Receiver,ADG-003-0,ADG-003,AC power cord
QX-8000A,Receiver,ADG-003-0,ADG-003,AC power cord
QX-949,Receiver,ADG-003-0,ADG-003,AC power cord
SA-5200,Integrated Amplifier,ADG-003-0,ADG-003,"AC power cord (KU, KC model)"
SA-7100,Integrated Amplifier,ADG-003-0,ADG-003,AC power cord for KUW model
SA-8100,Integrated Amplifier,ADG-003-0,ADG-003,AC power cord for KUW model
SA-9100,Integrated Amplifier,ADG-003-0,ADG-003,AC power cord for KUW model
SD-1100,Other,ADG-003-0,ADG-003,AC power cord
TX-6200,Tuner,ADG-003-0,ADG-003,AC power cord KU model
TX-7100,Tuner,ADG-003-0,ADG-003,"AC power cord (KUW, KCW model)"
TX-8100,Tuner,ADG-003-0,ADG-003,"AC power cord (KUW, KCW model)"
TX-9100,Tuner,ADG-003-0,ADG-003,"AC power cord (KUW, KCW model)"
CT-F6161,Cassette Tape,ADG-004-0,ADG-004,AC power cord   (FV model)
CT-F7171,Cassette Tape,ADG-004-0,ADG-004,AC power cord  (FV model)
CT-F9191,Cassette Tape,ADG-004,ADG-004,AC power cord (FV model)
QX-949A,Receiver,ADG-004,ADG-004,AC Power Cord (QX-949A/F)
RT-1011L,Reel To Reel Tape,ADG-004-0,ADG-004,Power cord (FV model)
SA-5200,Integrated Amplifier,ADG-004-0,ADG-004,AC power cord (FV model)
SA-8100,Integrated Amplifier,ADG-004-0,ADG-004,AC power cord for FVW model
SA-9100,Integrated Amplifier,ADG-004-0,ADG-004,AC power cord for FVW model
SX-434,Receiver,ADG-004-0,ADG-004,AC power cord (FV)
SX-535,Receiver,ADG-004-0,ADG-004,AC power cord (FV)
SX-626 (1973),Receiver,ADG-004-0,ADG-004,AC power cord    FVZW
SX-636,Receiver,ADG-004-0,ADG-004,AC power cord (FV)
SX-737,Receiver,ADG-004-0,ADG-004,AC power cord (F)
SX-838,Receiver,ADG-004-0,ADG-004,AC power cord (F)
TX-5300,Tuner,ADG-004-0,ADG-004,AC power cord
TX-6200,Tuner,ADG-004-0,ADG-004,AC power cord F and FVZ model
TX-7100,Tuner,ADG-004-0,ADG-004,"AC power cord (FVZW, FW model)"
TX-8100,Tuner,ADG-004-0,ADG-004,"AC power cord (FVZW, FW model)"
TX-9100,Tuner,ADG-004-0,ADG-004,"AC power cord (FVZW, FW model)"
TX-9500,Tuner,ADG-004-0,ADG-004,Line cord
SA-7100,Integrated Amplifier,ADG-0040,ADG-0040,AC power cord for FVW model
QX-949A,Receiver,ADG-005,ADG-005,AC Power Cord (QX-949A/KCU)
RG-1,Dynamic Range Expander,ADG-005,ADG-005,AC power cord
SA-6500II,Integrated Amplifier,ADG-005,ADG-005,AC cord
SA-6700,Integrated Amplifier,ADG-005,ADG-005,AC power cord
SA-7500II,Integrated Amplifier,ADG-005,ADG-005,AC power cord
SA-7700,Integrated Amplifier,ADG-005,ADG-005,AC power cord
SA-8500II,Integrated Amplifier,ADG-005,ADG-005,AC power cord-KC
SA-8500II,Integrated Amplifier,ADG-005,ADG-005,AC power cord-KU
SA-9500II,Integrated Amplifier,ADG-005,ADG-005,AC power cord (KU/KC)
SG-9500,Equalizer,ADG-005,ADG-005,AC power cord
SX-1010,Receiver,ADG-005-A,ADG-005,"AC power cord (KCU, F)"
SX-434,Receiver,ADG-005-A,ADG-005,AC power cord (KCU)
SX-450,Receiver,ADG-005,ADG-005,AC cord (KU)
SX-535,Receiver,ADG-005-A,ADG-005,AC power cord (KCU)
SX-550,Receiver,ADG-005,ADG-005,AC power cord (KC)
SX-636,Receiver,ADG-005-A,ADG-005,AC power cord (KCU)
SX-650,Receiver,ADG-005,ADG-005,AC power cord - KCU
SX-680/690,Receiver,ADG-005,ADG-005,AC power cord (KC type)
SX-737,Receiver,ADG-005-A,ADG-005,AC power cord (KCU)
SX-750,Receiver,ADG-005,ADG-005,AC power cord
SX-838,Receiver,ADG-005-0,ADG-005,AC power cord (KCU)
SX-939,Receiver,ADG-005-A,ADG-005,AC power cord (KCU)
SX-950,Receiver,ADG-005,ADG-005,AC power cord
SX-980,Receiver,ADG-005,ADG-005,Power cord
TX-606,Tuner,ADG-005,ADG-005,CORD
TX-6500II,Tuner,ADG-005,ADG-005,"AC power cord (KU,KC)"
TX-8500II,Tuner,ADG-005,ADG-005,"AC power cord - KU,KC"
TX-9500II,Tuner,ADG-005,ADG-005,AC power cord (KU/KC)
M-22,Amplifier,ADG-010,ADG-010,AC power cord (N-type)
SA-9900,Integrated Amplifier,ADG-010-0,ADG-010,AC Power cord (D)
M-22,Amplifier,ADG-011,ADG-011,AC power cord (KL-type)
SA-9900,Integrated Amplifier,ADG-011-0,ADG-011,AC power cord (KCU)
SX-450,Receiver,ADG-011,ADG-011,AC cord (KC)
SX-880/890,Receiver,ADG-011,ADG-011,AC Power cord (SX-880/KC)
C-21,Pre-Amplifier,ADG-013,ADG-013,AC power cord (KL)
RT-701,Reel To Reel Tape,ADG-013,ADG-013,AC cord
SPEC-4,Amplifier,ADG-013,ADG-013,AC power cord
SX-1050,Receiver,ADG-013,ADG-013,AC power cord
SX-1080,Receiver,ADG-013,ADG-013,Power cord
SX-1250,Receiver,ADG-013,ADG-013,AC powercord (KCU)
SX-1280,Receiver,ADG-013,ADG-013,AC power cord (KU/S)
SX-1980,Receiver,ADG-013,ADG-013,AC power cord (KU)
A-27,Integrated Amplifier,ADG-015,ADG-015,AC power cord - S
A-27,Integrated Amplifier,ADG-015,ADG-015,AC power cord - S/G
C-21,Pre-Amplifier,ADG-015,ADG-015,AC power cord (S)
SX-1250,Receiver,ADG-015,ADG-015,AC powercord (S)
SX-1280,Receiver,ADG-015,ADG-015,AC power cord (SG)
SX-1980,Receiver,ADG-015,ADG-015,AC power cord (S/SG)
F-28,Tuner,ADG-016,ADG-016,AC power cord (S/G)
SA-606,Integrated Amplifier,ADG-016,ADG-016,"AC power cord (S,S/G)"
SA-706,Integrated Amplifier,ADG-016,ADG-016,"AC power cord (S,S/G)"
SX-680/690,Receiver,ADG-016,ADG-016,AC power cord (S/SG type)
TX-6500II,Tuner,ADG-016,ADG-016,AC power cord (S)
TX-8500II,Tuner,ADG-016,ADG-016,AC power cord - S
TX-9500II,Tuner,ADG-016,ADG-016,AC power cord (S)
SA-8500II,Integrated Amplifier,ADG-017,ADG-017,AC power cord-S
SA-9500II,Integrated Amplifier,ADG-017,ADG-017,AC power cord (S)
SA-9800,Integrated Amplifier,ADG-017,ADG-017,"AC power cord (S, S/G)"
SX-880/890,Receiver,ADG-017,ADG-017,AC Power cord (SX-880/S)
SX-880/890,Receiver,ADG-017,ADG-017,AC Power cord (SX-880/SG)
F-28,Tuner,ADG-023,ADG-023,AC power cord (KU)
RG-2,Dynamic Range Expander,ADG-023,ADG-023,AC power cord
SA-3000,Integrated Amplifier,ADG-023,ADG-023,AC power cord (KU)
SA-5800/508,Integrated Amplifier,ADG-023,ADG-023,AC power cord
SA-6800/608,Integrated Amplifier,ADG-023,ADG-023,AC powercord
SA-710,Integrated Amplifier,ADG-023,ADG-023,AC power cord - KU
SA-7800,Integrated Amplifier,ADG-023,ADG-023,AC power cord
SA-9800,Integrated Amplifier,ADG-023,ADG-023,AC power cord (KU)
SG-9800,Equalizer,ADG-023,ADG-023,AC power cord
SR-303,Reverb,ADG-023,ADG-023,AC power cord
SX-3400,Receiver,ADG-023,ADG-023,Power cord (KU)
SX-3500,Receiver,ADG-023,ADG-023,AC power cord
SX-3600/720,Receiver,ADG-023,ADG-023,AC power cord
SX-3700,Receiver,ADG-023,ADG-023,AC power cord
SX-3800,Receiver,ADG-023,ADG-023,AC power cord (KU)
SX-580/590,Receiver,ADG-023,ADG-023,AC power cord (SX-580/KU)
SX-600,Receiver,ADG-023,ADG-023,AC power cord - KU
SX-680/690,Receiver,ADG-023,ADG-023,AC power cord (SX -680/KU)
SX-700,Receiver,ADG-023,ADG-023,AC power cord
SX-780,Receiver,ADG-023,ADG-023,AC power cord
SX-820,Receiver,ADG-023,ADG-023,AC power cord
SX-880/890,Receiver,ADG-023,ADG-023,AC Power cord (SX-880/KU)
SX-D5000,Receiver,ADG-023,ADG-023,AC power cord - KU
TX-6800/608,Tuner,ADG-023,ADG-023,AC power curd
SA-8800,Integrated Amplifier,ADG-023 (ADG-022),ADG-023 (ADG-022),AC power cord
A-27,Integrated Amplifier,ADG-029,ADG-029,AC power cord - KU
M-25,Amplifier,ADG-029,ADG-029,AC Power cord
SX-3900,Receiver,ADG-029,ADG-029,AC power cord (KU)
SX-D7000,Receiver,ADG-029,ADG-029,AC power cord
SA-3000,Integrated Amplifier,ADG-032,ADG-032,AC power cord (HE)
SA-3000,Integrated Amplifier,ADG-033,ADG-033,AC power cord (HB)
A-6,Integrated Amplifier,ADG-041,ADG-041,AC power cord - HE
A-66X,Integrated Amplifier,ADG-041,ADG-041,AC power cord (HE)
A-7,Integrated Amplifier,ADG-041,ADG-041,AC power cord (HE)
A-77X,Integrated Amplifier,ADG-041,ADG-041,AC power cord - HE
A-8,Integrated Amplifier,ADG-041,ADG-041,"AC power cord (HE, HB)"
A-80,Integrated Amplifier,ADG-041,ADG-041,AC power cord - HE
A-9,Integrated Amplifier,ADG-041,ADG-041,AC power cord (for HE type)
F-7,Tuner,ADG-041,ADG-041,AC power cord (HG/HE)
SA-710,Integrated Amplifier,ADG-041,ADG-041,AC power cord - HE
SX-600L,Receiver,ADG-041,ADG-041,AC power cord - HE
SX-700L,Receiver,ADG-041,ADG-041,AC power cord - HE
SA-420,Integrated Amplifier,ADG-043,ADG-043,AC power cord - YP
SX-600,Receiver,ADG-043,ADG-043,AC power cord - YP
A-8,Integrated Amplifier,ADG-046,ADG-046,"AC power cord (S, S/G)"
SA-420,Integrated Amplifier,ADG-046,ADG-046,AC power cord - S
SG-9,Equalizer,ADG-046,ADG-046,AC power cord - R
SG-9,Equalizer,ADG-046,ADG-046,AC power cord - R/G
SX-3400,Receiver,ADG-046,ADG-046,Power cord (S)
SX-3800,Receiver,ADG-046,ADG-046,"AC power cord (S,S/G)"
A-80,Integrated Amplifier,ADG-049,ADG-049,AC power cord - S
A-80,Integrated Amplifier,ADG-049,ADG-049,AC power cord - S/G
SX-3900,Receiver,ADG-049,ADG-049,AC power cord (S/G)
SX-8,Receiver,ADG-049,ADG-049,AC power cord S/SG-type
A-6,Integrated Amplifier,ADG-051,ADG-051,AC power cord - HB
A-66X,Integrated Amplifier,ADG-051,ADG-051,AC power cord (HB)
A-7,Integrated Amplifier,ADG-051,ADG-051,AC power cord (HB)
A-77X,Integrated Amplifier,ADG-051,ADG-051,AC power cord - HB
A-80,Integrated Amplifier,ADG-051,ADG-051,AC power cord - HB
A-9,Integrated Amplifier,ADG-051,ADG-051,AC power cord (for HB type)
F-7,Tuner,ADG-051,ADG-051,AC power cord (HB)
SA-710,Integrated Amplifier,ADG-051,ADG-051,AC power cord - HB
SX-600L,Receiver,ADG-051,ADG-051,AC power cord - HB
SX-700L,Receiver,ADG-051,ADG-051,AC power cord - HB
A-5,Integrated Amplifier,ADG-052,ADG-052,POWER CORD
A-6,Integrated Amplifier,ADG-052,ADG-052,AC power cord - KU
A-70,Integrated Amplifier,ADG-052,ADG-052,AC power cord
A-8,Integrated Amplifier,ADG-052,ADG-052,"AC power cord (KU, KC)"
A-9,Integrated Amplifier,ADG-052,ADG-052,"AC power cord - S,S/G"
F-7,Tuner,ADG-052,ADG-052,"Power cord (KU, KC)"
F-90,Tuner,ADG-052,ADG-052,AC Power cord (KU)
SA-420,Integrated Amplifier,ADG-052,ADG-052,AC power cord - KU
SA-530,Integrated Amplifier,ADG-052,ADG-052,AC power cord - KU
SA-930,Integrated Amplifier,ADG-052,ADG-052,AC power cord - KU
SG-9,Equalizer,ADG-052,ADG-052,AC power cord - KC
SG-9,Equalizer,ADG-052,ADG-052,AC power cord - KU
SG-90,Equalizer,ADG-052,ADG-052,AC power cord (KU)
SX-4,Receiver,ADG-052,ADG-052,AC Power cord
SX-5,Receiver,ADG-052,ADG-052,AC power cord
SX-6,Receiver,ADG-052,ADG-052,AC power cord
SX-7,Receiver,ADG-052,ADG-052,AC power cord
SX-8,Receiver,ADG-052,ADG-052,AC power cord  KU-type
TX-930,Tuner,ADG-052,ADG-052,AC power cord
A-90,Integrated Amplifier,ADG-054,ADG-054,AC power card
A-60,Integrated Amplifier,ADG-060,ADG-060,AC power cord - S
RG-60,Dynamic Range Expander,ADG-060,ADG-060,"AC power cord - S,S/G"
SA-1040,Integrated Amplifier,ADG-060,ADG-060,AC power cord - S
SA-1040,Integrated Amplifier,ADG-060,ADG-060,AC power cord - S/G
SA-1050,Integrated Amplifier,ADG-060,ADG-060,AC power cord - S
SA-1050,Integrated Amplifier,ADG-060,ADG-060,AC power cord - S/G
SA-530,Integrated Amplifier,ADG-060,ADG-060,AC power cord - S
SA-930,Integrated Amplifier,ADG-060,ADG-060,AC power cord - S/SG
SA-940,Integrated Amplifier,ADG-060,ADG-060,AC power cord - S
SA-940,Integrated Amplifier,ADG-060,ADG-060,AC power cord - S/G
SA-950,Integrated Amplifier,ADG-060,ADG-060,AC power cord - S
SA-950,Integrated Amplifier,ADG-060,ADG-060,AC power cord - S/G
SG-90,Equalizer,ADG-060,ADG-060,"AC power cord (S,S/G)"
TX-130L,Tuner,ADG-062,ADG-062,AC power cord (HE type)
TX-530L,Tuner,ADG-062,ADG-062,AC power cord
A-60,Integrated Amplifier,ADG-063,ADG-063,AC power cord - HB
F-90,Tuner,ADG-063,ADG-063,AC Power cord (HB)
SA-530,Integrated Amplifier,ADG-063,ADG-063,AC power cord - HB
SA-930,Integrated Amplifier,ADG-063,ADG-063,AC power cord - HB
SA-940,Integrated Amplifier,ADG-063,ADG-063,AC power cord - HB
TX-130L,Tuner,ADG-063,ADG-063,AC power cord (HB type)
A-60,Integrated Amplifier,ADG-064,ADG-064,AC power cord - YP
SA-1040,Integrated Amplifier,ADG-064,ADG-064,AC power cord - YP
SA-1050,Integrated Amplifier,ADG-064,ADG-064,AC power cord - YP
SA-940,Integrated Amplifier,ADG-064,ADG-064,AC power cord - YP
SA-950,Integrated Amplifier,ADG-064,ADG-064,AC Power cord - YP
TX-950,Tuner,ADG-064,ADG-064,AC power cord - YP
SA-530,Integrated Amplifier,ADG-065,ADG-065,AC power cord - HE
SA-530,Integrated Amplifier,ADG-065,ADG-065,AC power cord - HEZ
SA-930,Integrated Amplifier,ADG-065,ADG-065,AC power cord - HE
SA-930,Integrated Amplifier,ADG-065,ADG-065,AC power cord - HEZ
SA-530,Integrated Amplifier,ADG-067,ADG-067,AC power cord - YP
SA-930,Integrated Amplifier,ADG-067,ADG-067,AC power cord - YP
A-60,Integrated Amplifier,ADG-068,ADG-068,AC power cord - HE
F-90,Tuner,ADG-068,ADG-068,AC Power cord (HE)
SA-940,Integrated Amplifier,ADG-068,ADG-068,AC power cord - HE
SA-950,Integrated Amplifier,ADG-068,ADG-068,AC power cord - HE
SA-950,Integrated Amplifier,ADG-068,ADG-068,AC Power cord - HEZ
SA-970,Integrated Amplifier,ADG-068,ADG-068,AC power cord
SA-950,Integrated Amplifier,ADG-069,ADG-069,AC power cord - KC
TX-950,Tuner,ADG-071,ADG-071,AC power cord - HEZ
TX-950,Tuner,ADG-072,ADG-072,AC power cord - S
TX-950,Tuner,ADG-072,ADG-072,AC power cord - S/G
TX-950,Tuner,ADG-072,ADG-072,AC power cord - SS
A-60,Integrated Amplifier,ADG-073,ADG-073,AC power cord - KU
F-90,Tuner,ADG-073,ADG-073,AC power cord ????
SA-1040,Integrated Amplifier,ADG-073,ADG-073,AC power cord - KU
SA-1050,Integrated Amplifier,ADG-073,ADG-073,AC power cord - KU
SA-940,Integrated Amplifier,ADG-073,ADG-073,AC power cord - KU
SA-950,Integrated Amplifier,ADG-073,ADG-073,AC power cord - KU
SX-202,Receiver,ADG-073,ADG-073,AC power card
SX-50,Receiver,ADG-073,ADG-073,AC power cord
SX-60,Receiver,ADG-073,ADG-073,AC power cord
TX-950,Tuner,ADG-073,ADG-073,AC power cord - KU
A-77X,Integrated Amplifier,ADG-087,ADG-087,AC power cord - S
A-77X,Integrated Amplifier,ADG-087,ADG-087,AC power cord - S/G
GR-551,Equalizer,ADG-088,ADG-088,AC Power cord - KUC
GR-551,Equalizer,ADG-088,ADG-088,AC power cord - KUC
GR-555,Equalizer,ADG-088,ADG-088,AC Power cord - KUC
GR-777,Equalizer,ADG-088,ADG-088,AC power cord - KUC
A-77X,Integrated Amplifier,ADG-089,ADG-089,AC power cord - KU
A-88X,Integrated Amplifier,ADG-089,ADG-089,AC Power cord
GR-551,Equalizer,ADG-096,ADG-096,AC power cord - HB
GR-555,Equalizer,ADG-096,ADG-096,AC Power cord - HB
A-66X,Integrated Amplifier,ADG-097,ADG-097,AC power cord (HEZ)
GR-551,Equalizer,ADG1015,ADG1015,AC power cord - SD
GR-551,Equalizer,ADG1015,ADG1015,AC power cord - SD/G
GR-555,Equalizer,ADG1015,ADG1015,AC Power cord  - SD
GR-555,Equalizer,ADG1015,ADG1015,AC Power cord - SD/G
GR-777,Equalizer,ADG1015,ADG1015,AC power cord - SD
GR-777,Equalizer,ADG1015,ADG1015,AC power cord - SD/G
GR-551,Equalizer,ADG1022,ADG1022,AC power cord - HEZ
GR-555,Equalizer,ADG1022,ADG1022,AC Power cord - HEZ
GR-777,Equalizer,ADG1022,ADG1022,AC power cord - HEZ
A-858,Integrated Amplifier,ADG1036,ADG1036,AC power cord
C-72,Pre-Amplifier,ADG1051,ADG1051,AC POWER CORD - SD
C-72,Pre-Amplifier,ADG1076,ADG1076,AC POWER CORD - KU/CA
C-72,Pre-Amplifier,ADG1077,ADG1077,AC POWER CORD - SD
SX-202,Receiver,ADH -005,ADH -005,T-type antenna
SX-3700,Receiver,ADH-002,ADH-002,T-type FM antenna
SX-3800,Receiver,ADH-002,ADH-002,Type FM antenna
SX-3900,Receiver,ADH-002,ADH-002,T-type FM amenna
SX-434,Receiver,ADH-002-0,ADH-002,FM T-type antenna
SX-535,Receiver,ADH-002-0,ADH-002,FM T-type antenna
SX-636,Receiver,ADH-002-0,ADH-002,FM T-type antenna
SX-680/690,Receiver,ADH-002,ADH-002,T-type FM antenna
SX-737,Receiver,ADH-002-0,ADH-002,FM T-type antenna
SX-820,Receiver,ADH-002,ADH-002,T-type FM antenna
SX-939,Receiver,ADH-002-0,ADH-002,FM T-type antenna
TX-6500II,Tuner,ADH-002,ADH-002,FM T-type antenna
TX-6800/608,Tuner,ADH-002,ADH-002,T-type FM antenna
TX-8500II,Tuner,ADH-002,ADH-002,FM T-type antenna
TX-9500,Tuner,ADH-002-0,ADH-002,FM T-type antenna
F-7,Tuner,ADH-004,ADH-004,FM T-type antenna
SX-3400,Receiver,ADH-004,ADH-004,FM antenna
SX-3600/720,Receiver,ADH-004,ADH-004,T-type FM antenna
SX-4,Receiver,ADH-004,ADH-004,T-type FM antenna
SX-5,Receiver,ADH-004,ADH-004,T-type FM antenna
SX-6,Receiver,ADH-004,ADH-004,FM T-type antenna
SX-600,Receiver,ADH-004,ADH-004,FM antenna
SX-600L,Receiver,ADH-004,ADH-004,T-type FM antenna
SX-7,Receiver,ADH-004,ADH-004,T-type FM antenna
SX-700,Receiver,ADH-004,ADH-004,FM antenna
SX-700L,Receiver,ADH-004,ADH-004,T-type FM antenna
SX-8,Receiver,ADH-004,ADH-004,T-type FM antenna
SX-D5000,Receiver,ADH-004,ADH-004,T-type FM antenna
TX-130L,Tuner,ADH-004,ADH-004,T-type FM antenna
TX-530L,Tuner,ADH-004,ADH-004,T-type FM antenna
F-90,Tuner,ADH-005,ADH-005,FM antenna
SX-50,Receiver,ADH-005,ADH-005,FM antenna
SX-60,Receiver,ADH-005,ADH-005,FM antenna
TX-930,Tuner,ADH-005,ADH-005,T-type FM antenna
TX-950,Tuner,ADH-005,ADH-005,FM antenna
SA-7500,Integrated Amplifier,ADK-084-B,ADK-084,Lever switch (DUPLICATE)
QX-949,Receiver,ADX-004-B,ADX-004,Connection cord
QX-747,Receiver,ADX-005-A,ADX-005,Sockets with cords
SX-1000TA (Early),Receiver,AE4102,AE4102,Dial Spring
TX-930,Tuner,AEA-054,AEA-054,Loop annenna holder
SX-6000,Receiver,AEB-002-0,AEB-002,Rubber Cushion
SX-434,Receiver,AEB-014-A,AEB-014,Rubber bracket
QX-4000,Receiver,AEB-018-0,AEB-018,Insulating spacer
QX-646,Receiver,AEB-018-0,AEB-018,Insulating spacer
QX-646,Receiver,AEB-019-0,AEB-019,P.C. Board holder
QX-949,Receiver,AEB-019-0,AEB-019,P.C. board holder
SA-8100,Integrated Amplifier,AEB-019-0,AEB-019,Boss
SA-8100,Integrated Amplifier,AEB-019-0,AEB-019,Boss
SA-8100,Integrated Amplifier,AEB-019-0,AEB-019,Boss
SA-9100,Integrated Amplifier,AEB-019-3,AEB-019,Boss
SX-1010,Receiver,AEB-019-0,AEB-019,P.C. board holder
SX-535,Receiver,AEB-019-0,AEB-019,P.C. board holder
SX-626 (1973),Receiver,AEB-019-0,AEB-019,P.C. board holder    KUW
SX-626 (1973),Receiver,AEB-019-0,AEB-019,P.C. board holder    KUW
SX-626 (1973),Receiver,AEB-019-0,AEB-019,P.C. board holder    KUW
SX-626 (1973),Receiver,AEB-019-0,AEB-019,P.C. board holder    KUW
SX-626 (1973),Receiver,AEB-019-0,AEB-019,P.C. board holder    KUW
SX-626 (1973),Receiver,AEB-019-0,AEB-019,P.C. board holder    KUW
SX-636,Receiver,AEB-019-0,AEB-019,P. C. board holder
SX-737,Receiver,AEB-019-0,AEB-019,P.C. board holder
SX-838,Receiver,AEB-019-0,AEB-019,P.C. board holder
SX-939,Receiver,AEB-019-0,AEB-019,P.C. board holder
TX-7100,Tuner,AEB-019-0,AEB-019,P.C. board holder
TX-8100,Tuner,AEB-019-0,AEB-019,P.C. board holder
TX-9100,Tuner,AEB-019-0,AEB-019,P.C. board holder
TX-9500,Tuner,AEB-019-0,AEB-019,PC board spacer
QX-9900,Receiver,AEB-021-A,AEB-021,Cushion rubber
SA-8100,Integrated Amplifier,AEB-030-0,AEB-030,Cushion
SA-9100,Integrated Amplifier,AEB-030-0,AEB-030,Cushion
SX-1010,Receiver,AEB-031-0,AEB-031,Rubber bracket
SX-838,Receiver,AEB-031-A,AEB-031,Rubber bracket
SX-939,Receiver,AEB-031-0,AEB-031,Rubber bracket
TX-6200,Tuner,AEB-031-0,AEB-031,Cushion
RG-1,Dynamic Range Expander,AEB-034,AEB-034,Rubber bracket
SA-5200,Integrated Amplifier,AEB-034-0,AEB-034,Grommet (rubber)
QX-646,Receiver,AEB-040-0,AEB-040,Pilot lamp bracket
QX-747,Receiver,AEB-042-0,AEB-042,Rubber bracket
QX-949,Receiver,AEB-042-0,AEB-042,Rubber bracket
QX-949A,Receiver,AEB-042,AEB-042,Rubber Bracket
QX-747,Receiver,AEB-043-0,AEB-043,Rubber bracket
QX-949,Receiver,AEB-043-0,AEB-043,Rubber bracket
QX-949A,Receiver,AEB-043,AEB-043,Rubber Bracket
QX-747,Receiver,AEB-044-0,AEB-044,Rubber bracket
QX-949,Receiver,AEB-044-0,AEB-044,Rubber bracket
QX-949A,Receiver,AEB-044,AEB-044,Rubber Bracket
Exclusive M3,Amplifier,AEB-048-0,AEB-048,Rubber bracket
SA-9900,Integrated Amplifier,AEB-051-A,AEB-051,Lamp holder
SX-1010,Receiver,AEB-057-A,AEB-057,Rubber bracket
SX-838,Receiver,AEB-057-A,AEB-057,Rubber bracket
SX-838,Receiver,AEB-057-A,AEB-057,Rubber bracket
SX-939,Receiver,AEB-057-A,AEB-057,Rubber bracket
SX-939,Receiver,AEB-057-A,AEB-057,Rubber bracket
SX-1010,Receiver,AEB-058-A,AEB-058,Rubber bracket
SX-636,Receiver,AEB-060-0,AEB-060,Rubber bracket
SX-737,Receiver,AEB-060-0,AEB-060,Rubber bracket
SX-535,Receiver,AEB-062-0,AEB-062,Rubber bracket
SG-9500,Equalizer,AEB-064,AEB-064,Rubber bracket
TX-5300,Tuner,AEB-065-0,AEB-065,Rubber tube
TX-5300,Tuner,AEB-066-A,AEB-066,Dial scale plate holder
TX-9500,Tuner,AEB-068-0,AEB-068,Rubber bracket
SPEC-1,Pre-Amplifier,AEB-075,AEB-075,Spacer
SPEC-2,Amplifier,AEB-075,AEB-075,Spacer
SX-650,Receiver,AEB-075,AEB-075,Rubber mat - KCU
SX-650,Receiver,AEB-077,AEB-077,Rubber mat - HG
SX-650,Receiver,AEB-077,AEB-077,Rubber mat - S
TX-8500II,Tuner,AEB-091,AEB-091,Lamp holder
SA-8500II,Integrated Amplifier,AEB-092,AEB-092,Rubber bracket
SA-9500II,Integrated Amplifier,AEB-092,AEB-092,Rubber bracket
SA-7500II,Integrated Amplifier,AEB-100,AEB-100,Rubber bracket
A-27,Integrated Amplifier,AEB-106,AEB-106,Rubber bracket
F-28,Tuner,AEB-116,AEB-116,Lamp holder
SR-303,Reverb,AEB-151,AEB-151,Cap
A-77X,Integrated Amplifier,AEB-257,AEB-257,Lamp holder
GR-777,Equalizer,AEC- 510,AEC- 510,Nylon rivet
QX-9900,Receiver,AEC-004-0,AEC-004,Wire clip
SA-8100,Integrated Amplifier,AEC-004-0,AEC-004,Wire clip A
SA-9100,Integrated Amplifier,AEC-004-0,AEC-004,Wire clip-A
SX-1010,Receiver,AEC-004-0,AEC-004,Wire clip
SX-434,Receiver,AEC-004-0,AEC-004,Wire clip
SX-434,Receiver,AEC-004-0,AEC-004,Wire clip
SX-535,Receiver,AEC-004-0,AEC-004,Wire clip
SX-626 (1973),Receiver,AEC-004-0,AEC-004,Wire clip
SX-626 (1973),Receiver,AEC-004-0,AEC-004,Wire clip
SX-636,Receiver,AEC-004-0,AEC-004,Wire clip
SX-737,Receiver,AEC-004-0,AEC-004,Wire clip-A
SX-838,Receiver,AEC-004-0,AEC-004,Wire clip A
SX-939,Receiver,AEC-004-0,AEC-004,Wire clip (A)
TX-7100,Tuner,AEC-004-0,AEC-004,Wire clip (A)
TX-7100,Tuner,AEC-004-0,AEC-004,Wire clip (A)
TX-7100,Tuner,AEC-004-0,AEC-004,Wire clip (A)
TX-8100,Tuner,AEC-004-0,AEC-004,Wire clip (A)
TX-8100,Tuner,AEC-004-0,AEC-004,Wire clip (A)
TX-8100,Tuner,AEC-004-0,AEC-004,Wire clip (A)
TX-8100,Tuner,AEC-004-0,AEC-004,Wire clip (A)
TX-9100,Tuner,AEC-004-0,AEC-004,Wire clip (A)
SX-535,Receiver,AEC-005-0,AEC-005,Wire clip
SX-626 (1973),Receiver,AEC-005-0,AEC-005,Wire clip (B)
SX-626 (1973),Receiver,AEC-005-0,AEC-005,Wire clip (B)
SX-636,Receiver,AEC-005-0,AEC-005,Wire clip
SX-737,Receiver,AEC-005-0,AEC-005,Wire clip-B
SX-838,Receiver,AEC-005-0,AEC-005,Wire clip B
TX-5300,Tuner,AEC-005-0,AEC-005,Wire clip (Bl
TX-7100,Tuner,AEC-005-0,AEC-005,Wire clip (B)
TX-7100,Tuner,AEC-005-0,AEC-005,Wire clip (B)
TX-7100,Tuner,AEC-005-0,AEC-005,Wire clip (B)
TX-7100,Tuner,AEC-005-0,AEC-005,Wire clip (B)
TX-7100,Tuner,AEC-005-0,AEC-005,Wire clip (B)
TX-7100,Tuner,AEC-005-0,AEC-005,Wire clip (B)
TX-8100,Tuner,AEC-005-0,AEC-005,Wire clip (B)
TX-8100,Tuner,AEC-005-0,AEC-005,Wire clip (B)
TX-8100,Tuner,AEC-005-0,AEC-005,Wire clip (B)
TX-8100,Tuner,AEC-005-0,AEC-005,Wire clip (B)
TX-8100,Tuner,AEC-005-0,AEC-005,Wire clip (B)
TX-9500,Tuner,AEC-005-0,AEC-005,Wire clip (B)
QX-9900,Receiver,AEC-006-0,AEC-006,Pulley
QX-9900,Receiver,AEC-006-0,AEC-006,Small pulley
SX-626 (1973),Receiver,AEC-006-0,AEC-006,Pulley
SX-626 (1973),Receiver,AEC-006-0,AEC-006,Pulley
SX-626 (1973),Receiver,AEC-006-0,AEC-006,Pulley
TX-6200,Tuner,AEC-006-0,AEC-006,Pulley
TX-6200,Tuner,AEC-006-0,AEC-006,Pulley
TX-7100,Tuner,AEC-006-0,AEC-006,Pulley
TX-7100,Tuner,AEC-006-0,AEC-006,Pulley
TX-7100,Tuner,AEC-006-0,AEC-006,Pulley
TX-7100,Tuner,AEC-006-0,AEC-006,Pulley
TX-7100,Tuner,AEC-006-0,AEC-006,Pulley
TX-8100,Tuner,AEC-006-0,AEC-006,Pulley
TX-8100,Tuner,AEC-006-0,AEC-006,Pulley
TX-8100,Tuner,AEC-006-0,AEC-006,Pulley
TX-8100,Tuner,AEC-006-0,AEC-006,Pulley
TX-9100,Tuner,AEC-006-0,AEC-006,Pulley
QX-949,Receiver,AEC-007-0,AEC-007,Wire clip (C)
SX-535,Receiver,AEC-007-0,AEC-007,Wire clip
SX-636,Receiver,AEC-007-0,AEC-007,Wire clip
SX-737,Receiver,AEC-007-0,AEC-007,Wire clip-C
SX-838,Receiver,AEC-007-0,AEC-007,Wire clip C
SX-939,Receiver,AEC-007-0,AEC-007,Wire clip (C)
SA-9900,Integrated Amplifier,AEC-009-0,AEC-009,Wire clip (A)
QA-800,Integrated Amplifier,AEC-012-0,AEC-012,Foot
QC-800,Pre-Amplifier,AEC-012-0,AEC-012,Foot
QM-800,Amplifier,AEC-012-0,AEC-012,Foot
SA-1000,Integrated Amplifier,AEC-012-0,AEC-012,Foot
SA-600,Integrated Amplifier,AEC-012-C,AEC-012,Foot
SA-800,Integrated Amplifier,AEC-012-0,AEC-012,Foot
SX-424,Receiver,AEC-012-0,AEC-012,Foot
SX-525,Receiver,AEC-012-0,AEC-012,Foot
SX-626 (1971),Receiver,AEC-012-0,AEC-012,Foot
TX-1000,Tuner,AEC-012,AEC-012,FOOT
SX-626 (1973),Receiver,AEC-014-A,AEC-014,Lamp box
QX-949A,Receiver,AEC-017,AEC-017,Pulley
QX-9900,Receiver,AEC-017-0,AEC-017,Small pulley
SX-737,Receiver,AEC-017-0,AEC-017,Small pulley
TX-5300,Tuner,AEC-017-0,AEC-017,Pulley (small)
TX-6200,Tuner,AEC-017-0,AEC-017,Pulley
TX-6200,Tuner,AEC-017-0,AEC-017,Pulley
QX-949,Receiver,AEC-024-0,AEC-024,Wire clip (D)
SA-9100,Integrated Amplifier,AEC-024-0,AEC-024,Wire clip-0
SA-9900,Integrated Amplifier,AEC-024-0,AEC-024,Wire clip (D)
QX-646,Receiver,AEC-027-B,AEC-027,Foot
QX-747,Receiver,AEC-027-B,AEC-027,Foot
QX-949,Receiver,AEC-027-B,AEC-027,Foot
QX-949A,Receiver,AEC-027,AEC-027,Foot
QX-9900,Receiver,AEC-027-B,AEC-027,Foot
SX-1010,Receiver,AEC-027-B,AEC-027,Foot
SX-727,Receiver,AEC-027-B,AEC-027,Foot
SX-828,Receiver,AEC-027-B,AEC-027,Foot
SX-838,Receiver,AEC-027-0,AEC-027,Foot
SX-939,Receiver,AEC-027-B,AEC-027,Foot
SX-535,Receiver,AEC-031-0,AEC-031,Nylon sheet
TX-7100,Tuner,AEC-031-0,AEC-031,Smoothing nylon
QX-4000,Receiver,AEC-032-0,AEC-032,AC cord stopper
QX-9900,Receiver,AEC-032-0,AEC-032,AC cord stopper
Exclusive M3,Amplifier,AEC-036-A,AEC-036,Clip
QX-4000,Receiver,AEC-036-A,AEC-036,Canoe clip
QX-949,Receiver,AEC-036-A,AEC-036,Clip (P.C. Board holder)
TX-9500,Tuner,AEC-036-A,AEC-036,Acrylic board clip
SA-5200,Integrated Amplifier,AEC-037-0,AEC-037,Wire clip-S
SA-9900,Integrated Amplifier,AEC-037-0,AEC-037,Wire clip (S)
TX-6200,Tuner,AEC-037-0,AEC-037,Wire clip S
TX-6200,Tuner,AEC-037-0,AEC-037,Wire clip S
TX-6200,Tuner,AEC-037-0,AEC-037,Wire clip S
TX-6200,Tuner,AEC-037-0,AEC-037,Wire clip S
TX-6200,Tuner,AEC-037-0,AEC-037,Wire clip S
TX-6200,Tuner,AEC-037-0,AEC-037,Wire clip S
TX-7100,Tuner,AEC-037-0,AEC-037,Wire clip S
TX-9100,Tuner,AEC-037-0,AEC-037,Wire clip (S)
TX-9500,Tuner,AEC-037-0,AEC-037,Wire clip IS)
SA-9100,Integrated Amplifier,AEC-043-A,AEC-043,Foot
QA-800A,Integrated Amplifier,AEC-057-0,AEC-057,Foot
QC-800A,Pre-Amplifier,AEC-057-0,AEC-057,Foot
QM-800A,Amplifier,AEC-057-0,AEC-057,Foot
SD-1100,Other,AEC-057-0,AEC-057,Foot assembly
QX-4000,Receiver,AEC-058-0,AEC-058,Fuse cover
QX-4000,Receiver,AEC-058-0,AEC-058,Fuse cover
SA-5200,Integrated Amplifier,AEC-058-0,AEC-058,Fuse holder (protection) cover (FV model)
SX-434,Receiver,AEC-058-0,AEC-058,Plastic cover
SX-535,Receiver,AEC-058-0,AEC-058,Plastic cover
SX-636,Receiver,AEC-058-0,AEC-058,Plastic cover
QX-4000,Receiver,AEC-061-0,AEC-061,Foot
SA-5200,Integrated Amplifier,AEC-061-A,AEC-061,Foot
SX-434,Receiver,AEC-061-A,AEC-061,Foot
SX-535,Receiver,AEC-061-A,AEC-061,Foot assembly
SX-636,Receiver,AEC-061-A,AEC-061,Foot assembly
SX-737,Receiver,AEC-061-A,AEC-061,Foot assembly
TX-6200,Tuner,AEC-061-A,AEC-061,Foot
TX-6200,Tuner,AEC-061-A,AEC-061,Foot
TX-6200,Tuner,AEC-061-A,AEC-061,Foot
QX-9900,Receiver,AEC-063-0,AEC-063,Wire clip
QX-747,Receiver,AEC-064-0,AEC-064,Wire clip
SA-8100,Integrated Amplifier,AEC-064-0,AEC-064,Wire clip
SX-1010,Receiver,AEC-064-0,AEC-064,Wire clip
SX-737,Receiver,AEC-064-0,AEC-064,Wire clip
SX-838,Receiver,AEC-064-0,AEC-064,Wire clip
SX-939,Receiver,AEC-064-0,AEC-064,Wire clip
QX-9900,Receiver,AEC-069-A,AEC-069,Wire clip
Exclusive M3,Amplifier,AEC-070-0,AEC-070,Push knob spacer
QX-949A,Receiver,AEC-076,AEC-076,Insulation Wafer
SX-939,Receiver,AEC-076-0,AEC-076,Spacer (insulator)
Exclusive M3,Amplifier,AEC-079-0,AEC-079,AC cord grommet
QX-646,Receiver,AEC-079-0,AEC-079,AC cord grommet
QX-747,Receiver,AEC-079-0,AEC-079,AC cord grommet
QX-949,Receiver,AEC-079-0,AEC-079,AC cord grommet
QX-949A,Receiver,AEC-079,AEC-079,Strain Relief
SA-5200,Integrated Amplifier,AEC-079-0,AEC-079,AC cord stopper
SA-8100,Integrated Amplifier,AEC-079-0,AEC-079,AC cord stopper
SA-9100,Integrated Amplifier,AEC-079-0,AEC-079,AC cord stopper
SA-9900,Integrated Amplifier,AEC-079-0,AEC-079,Cord grommet
SX-1010,Receiver,AEC-079-0,AEC-079,"AC cord grommet (KCU, F)"
SX-434,Receiver,AEC-079-0,AEC-079,"AC cord grommet (KCU,FV)"
SX-535,Receiver,AEC-079-0,AEC-079,"Cord grommet (KCU,FV)"
SX-626 (1973),Receiver,AEC-079-0,AEC-079,AC cord grommet
SX-636,Receiver,AEC-079-0,AEC-079,AC cord grommet
SX-636,Receiver,AEC-079-0,AEC-079,"AC cord grommet (KCU,FV)"
SX-737,Receiver,AEC-079-0,AEC-079,AC cord grommet
SX-737,Receiver,AEC-079-0,AEC-079,"AC cord grommet (KCU,F)"
SX-838,Receiver,AEC-079-0,AEC-079,AC cord grommet
SX-838,Receiver,AEC-079-0,AEC-079,"AC cord grommet (KCU,F)"
SX-939,Receiver,AEC-079-0,AEC-079,AC cord grommet
SX-939,Receiver,AEC-079-0,AEC-079,"AC cord grommet (KCU,F)"
TX-5300,Tuner,AEC-079-0,AEC-079,Cord grommet
TX-6200,Tuner,AEC-079-0,AEC-079,AC cord stopper
TX-7100,Tuner,AEC-079-0,AEC-079,AC cord stopper
TX-7100,Tuner,AEC-079-0,AEC-079,AC cord stopper
TX-8100,Tuner,AEC-079-0,AEC-079,AC cord stopper
TX-8100,Tuner,AEC-079-0,AEC-079,AC cord stopper
TX-9100,Tuner,AEC-079-0,AEC-079,Cord grommet
TX-9100,Tuner,AEC-079-0,AEC-079,Cord grommet
TX-9500,Tuner,AEC-079-0,AEC-079,Strain relief
A-7,Integrated Amplifier,AEC-083,AEC-083,Foot assembly
A-9,Integrated Amplifier,AEC-083,AEC-083,Cabinet bumper
C-21,Pre-Amplifier,AEC-083,AEC-083,Foot
SA-7100,Integrated Amplifier,AEC-083-A,AEC-083,Foot
SA-8100,Integrated Amplifier,AEC-083-A,AEC-083,Foot
SX-7,Receiver,AEC-083,AEC-083,Foot assembly
SX-8,Receiver,AEC-083,AEC-083,Foot assembly
TX-5300,Tuner,AEC-083-A,AEC-083,Foot
TX-7100,Tuner,AEC-083-A,AEC-083,Foot assembly
TX-8100,Tuner,AEC-083-A,AEC-083,Foot ass'y
TX-9100,Tuner,AEC-083-A,AEC-083,Foot assembly
SX-838,Receiver,AEC-084-C,AEC-084,Wire supporter
TX-6200,Tuner,AEC-084-0,AEC-084,Wire support arm
TX-7100,Tuner,AEC-084-C,AEC-084,Wire supporter
SA-9900,Integrated Amplifier,AEC-085-0,AEC-085,Nut (insulator)
SX-1010,Receiver,AEC-085-0,AEC-085,Nut (insulator)
SX-535,Receiver,AEC-085-0,AEC-085,Insulator nut
SX-636,Receiver,AEC-085-0,AEC-085,Nut (insulator)
SX-737,Receiver,AEC-085-0,AEC-085,Nut (insulator)
SX-939,Receiver,AEC-085-0,AEC-085,Nut (insulator)
SA-8100,Integrated Amplifier,AEC-086-0,AEC-086,Switch stopper
SA-9100,Integrated Amplifier,AEC-086-0,AEC-086,Switch stopper
TX-8100,Tuner,AEC-089-0,AEC-089,Wire holder
TX-9100,Tuner,AEC-089-0,AEC-089,Wire holder
QX-646,Receiver,AEC-090-0,AEC-090,Spacer
QX-646,Receiver,AEC-090-0,AEC-090,Spacer
SX-434,Receiver,AEC-090-0,AEC-090,Spacer
SA-5200,Integrated Amplifier,AEC-095-0,AEC-095,Spacer (A)
TX-6200,Tuner,AEC-095-A,AEC-095,Spacer (A)
SA-5200,Integrated Amplifier,AEC-096-0,AEC-096,Spacer (B)
TX-6200,Tuner,AEC-096-0,AEC-096,Spacer (B)
SA-5200,Integrated Amplifier,AEC-097-A,AEC-097,Lens (power indicator)
A-27,Integrated Amplifier,AEC-099,AEC-099,Capacitor cover (for C2) - S
A-27,Integrated Amplifier,AEC-099,AEC-099,Capacitor cover (for C2) - S/G
SA-3000,Integrated Amplifier,AEC-099,AEC-099,Cover
SA-606,Integrated Amplifier,AEC-099,AEC-099,Cover (for C1 - HG)
SA-606,Integrated Amplifier,AEC-099,AEC-099,"Cover (for C1 - S,S/G)"
SA-606,Integrated Amplifier,AEC-099,AEC-099,"Cover (for C2 - S,S/G)"
SA-706,Integrated Amplifier,AEC-099,AEC-099,Capacitor cover (for C1 - HG)
SA-706,Integrated Amplifier,AEC-099,AEC-099,"Capacitor cover (for C1 - S,S/G)"
SA-706,Integrated Amplifier,AEC-099,AEC-099,"Capacitor cover (for C2 - S,S/G)"
SX-1980,Receiver,AEC-099,AEC-099,Capacitor cover (HG)/S/SG
SX-550,Receiver,AEC-099,AEC-099,Capacitor cover (HG)
SX-550,Receiver,AEC-099,AEC-099,Capacitor cover (S)
SX-580/590,Receiver,AEC-099,AEC-099,Cover (for C1) (SX-590/HG)
SX-580/590,Receiver,AEC-099,AEC-099,Cover (for C1) (SX-590/HGW4)
SX-650,Receiver,AEC-099,AEC-099,Capacitor cover - HG
SX-650,Receiver,AEC-099,AEC-099,Capacitor cover - S
SX-680/690,Receiver,AEC-099,AEC-099,Capacitor cover (for C1 S/SG)
SX-680/690,Receiver,AEC-099,AEC-099,Capacitor cover (for C1) (SX -680/HG)
SX-680/690,Receiver,AEC-099,AEC-099,Capacitor cover (for C1) (SX -680/HGW4)
SX-680/690,Receiver,AEC-099,AEC-099,Capacitor cover (for C2 S/SG)
H-R9000,8-Track Tape,AEC-101-0,AEC-101,Pulley
QX-747,Receiver,AEC-101-0,AEC-101,Pulley
QX-949,Receiver,AEC-101-0,AEC-101,Pulley
QX-949A,Receiver,AEC-101,AEC-101,Pulley
SX-1010,Receiver,AEC-101-0,AEC-101,Pulley
SX-434,Receiver,AEC-101-0,AEC-101,Pulley
SX-535,Receiver,AEC-101-0,AEC-101,Pulley
SX-636,Receiver,AEC-101-0,AEC-101,Pulley (small)
SX-737,Receiver,AEC-101-0,AEC-101,Pulley (large)
SX-838,Receiver,AEC-101-0,AEC-101,Pulley
SX-838,Receiver,AEC-101-0,AEC-101,Pulley
SX-939,Receiver,AEC-101-0,AEC-101,Pulley (small)
SX-939,Receiver,AEC-101-0,AEC-101,Pulley (srnall)
SX-950,Receiver,AEC-101,AEC-101,Pulley
TX-5300,Tuner,AEC-101-0,AEC-101,Pulley (large)
TX-9500,Tuner,AEC-101-0,AEC-101,Pulley
QX-747,Receiver,AEC-110-A,AEC-110,Switch cover assembly
QX-747A,Receiver,AEC-110,AEC-110,Switch cover assembly
QX-949,Receiver,AEC-110-A,AEC-110,Switch cover assembly
QX-949A,Receiver,AEC-110,AEC-110,Switch cover assembly
QX-747,Receiver,AEC-111-0,AEC-111,Insulator
QX-949,Receiver,AEC-111-A,AEC-111,lnsulator
QX-949,Receiver,AEC-116-0,AEC-116,Spacer
SX-535,Receiver,AEC-116-0,AEC-116,Spacer
SX-636,Receiver,AEC-116-0,AEC-116,Spacer
SX-737,Receiver,AEC-116-0,AEC-116,Spacer
QX-949A,Receiver,AEC-119,AEC-119,Sponge
SX-535,Receiver,AEC-119-0,AEC-119,Sponge gum
SX-737,Receiver,AEC-119-0,AEC-119,Sponge rubber
QX-747,Receiver,AEC-120-0,AEC-120,Shading plate
QX-949,Receiver,AEC-120-0,AEC-120,Shading plate
QX-949A,Receiver,AEC-120,AEC-120,Shading Sponge Ring
QX-747,Receiver,AEC-121-0,AEC-121,Bracket (CD-4 indicator)
QX-949,Receiver,AEC-121-0,AEC-121,Lens (for CD-4 indicator)
QX-949A,Receiver,AEC-121,AEC-121,Acrylic Cap
Exclusive M3,Amplifier,AEC-131-0,AEC-131,Socket cover
QX-949A,Receiver,AEC-136,AEC-136,Clip
Exclusive M3,Amplifier,AEC-137-0,AEC-137,Plastic plate
Exclusive M3,Amplifier,AEC-138-0,AEC-138,Plastic plate (small)
Exclusive M3,Amplifier,AEC-139-0,AEC-139,Terminal board
Exclusive M3,Amplifier,AEC-149-0,AEC-149,Push switch spacer
SX-1010,Receiver,AEC-151-0,AEC-151,Wire supporter
TX-9500,Tuner,AEC-151-B,AEC-151,Wire supporter
SX-1010,Receiver,AEC-152-A,AEC-152,Spacer
SX-535,Receiver,AEC-152-A,AEC-152,Spacer
SX-636,Receiver,AEC-152-0,AEC-152,Knob spacer
SX-737,Receiver,AEC-152-B,AEC-152,Spacer
SX-838,Receiver,AEC-152-A,AEC-152,Spacer
SX-939,Receiver,AEC-152-A,AEC-152,Spacer (push knob)
SX-1010,Receiver,AEC-153-0,AEC-153,Pulley
SX-535,Receiver,AEC-153-0,AEC-153,Pulley
SX-636,Receiver,AEC-153-0,AEC-153,Pulley
SX-737,Receiver,AEC-153-0,AEC-153,Pulley (small)
SX-750,Receiver,AEC-153,AEC-153,Pully
SX-838,Receiver,AEC-153-0,AEC-153,Pulley
SX-939,Receiver,AEC-153-0,AEC-153,Pulley
SX-535,Receiver,AEC-154-A,AEC-154,Antenna clamper
SX-636,Receiver,AEC-154-A,AEC-154,Antenna clamper
SX-737,Receiver,AEC-154-0,AEC-154,Antenna clamper
SX-838,Receiver,AEC-154-0,AEC-154,Antenna clamper
SX-939,Receiver,AEC-154-0,AEC-154,Antenna clamper
TX-5300,Tuner,AEC-154-B,AEC-154,Amena clamper
SX-1010,Receiver,AEC-160-0,AEC-160,Bush
SX-535,Receiver,AEC-160-0,AEC-160,Bush
SX-636,Receiver,AEC-160-0,AEC-160,Bush
SX-737,Receiver,AEC-160-0,AEC-160,Bush
TX-5300,Tuner,AEC-163-B,AEC-163,Panel stay
SX-535,Receiver,AEC-164-0,AEC-164,Spacer
SX-636,Receiver,AEC-164-0,AEC-164,Spacer
TX-5300,Tuner,AEC-166-0,AEC-166,Spacer attached 9
TX-5300,Tuner,AEC-168-0,AEC-168,Spacer attached 9
TX-5300,Tuner,AEC-170-B,AEC-170,Insulator (L)
TX-5300,Tuner,AEC-173-B,AEC-173,Insulator (R)
CT-F8282,Cassette Tape,AEC-178,AEC-178,Foot assembly
CT-F9191,Cassette Tape,AEC-178,AEC-178,Foot assembly
SA-9900,Integrated Amplifier,AEC-178-0,AEC-178,Foot assembly
SG-9,Equalizer,AEC-178,AEC-178,Foot assembly
SX-3400,Receiver,AEC-178,AEC-178,Foot assembly
SX-3800,Receiver,AEC-178,AEC-178,Foot assembly
SX-6,Receiver,AEC-178,AEC-178,Foot assembly
TX-9500,Tuner,AEC-178-0,AEC-178,Foot
SA-9900,Integrated Amplifier,AEC-181-0,AEC-181,"Cover, AC outlet"
SA-9900,Integrated Amplifier,AEC-182-0,AEC-182,"Cover, phono jack"
SA-9900,Integrated Amplifier,AEC-183-0,AEC-183,Boss
TX-9500,Tuner,AEC-191-0,AEC-191,Nylon sheet
TX-9500,Tuner,AEC-192-B,AEC-192,Acrylic board
SA-9900,Integrated Amplifier,AEC-193-0,AEC-193,Lock plate
TX-5300,Tuner,AEC-199-0,AEC-199,Lock plate
TX-9500,Tuner,AEC-199-0,AEC-199,Lock plate
SA-9900,Integrated Amplifier,AEC-209-0,AEC-209,AC socket cover (D)
SX-450,Receiver,AEC-240,AEC-240,Acrylic board
SX-550,Receiver,AEC-240,AEC-240,Acrylic board
SX-750,Receiver,AEC-241,AEC-241,"INDICATOR (POWER, STEREO)"
SX-450,Receiver,AEC-249,AEC-249,Fuse cover
SX-550,Receiver,AEC-249,AEC-249,Fuse cover
SX-650,Receiver,AEC-251,AEC-251,Dial scale plate
SX-750,Receiver,AEC-251,AEC-251,Acrylic board
SX-750,Receiver,AEC-254,AEC-254,Shaft cover
SX-750,Receiver,AEC-255,AEC-255,"INDICATOR (AM, FM, PHONO, AUX)"
SX-850,Receiver,AEC-256,AEC-256,Pulley (small)
SX-950,Receiver,AEC-256,AEC-256,Pully (small)
SX-950,Receiver,AEC-260,AEC-260,Acrylic board
TX-6500II,Tuner,AEC-262,AEC-262,Antenna clamper
TX-8500II,Tuner,AEC-262,AEC-262,Antenna clamper
TX-9500II,Tuner,AEC-262,AEC-262,Antenna clamper
CT-F6262,Cassette Tape,AEC-264,AEC-264,Lever guard
A-27,Integrated Amplifier,AEC-279,AEC-279,Capacitor cover (for C2) - KU
M-25,Amplifier,AEC-279,AEC-279,Capacitor cover
SA-5500II,Integrated Amplifier,AEC-279,AEC-279,Capacitor cover
SA-7700,Integrated Amplifier,AEC-279,AEC-279,Capacitor cover for C1 (KU)
SX-1980,Receiver,AEC-279,AEC-279,Capacitor cover (KU)
SX-580/590,Receiver,AEC-279,AEC-279,Cover (for C2) (SX-580/KU)
SX-650,Receiver,AEC-279,AEC-279,Capacitor cover - KCU
SX-680/690,Receiver,AEC-279,AEC-279,Capacitor cover (for C2) (SX -680/KU)
SA-3000,Integrated Amplifier,AEC-288,AEC-288,Insulator
SX-3600/720,Receiver,AEC-288,AEC-288,Mica wafer
A-27,Integrated Amplifier,AEC-294,AEC-294,Capacitor cover (for C1) - KU
M-25,Amplifier,AEC-294,AEC-294,Capacitor cover
SA-7700,Integrated Amplifier,AEC-294,AEC-294,Capacitor cover for C2 (KU)
SX-580/590,Receiver,AEC-294,AEC-294,Cover (for C1) (SX-580/KU)
SX-650,Receiver,AEC-294,AEC-294,Capacitor cover - KU
SX-680/690,Receiver,AEC-294,AEC-294,Capacitor cover (for C1) (SX -680/KU)
SX-880/890,Receiver,AEC-294,AEC-294,Capacitor cover (for C1) SX-880/KU
SX-880/890,Receiver,AEC-294,AEC-294,Capacitor cover (for C1) SX-880/S
SX-880/890,Receiver,AEC-294,AEC-294,Capacitor cover (for C1) SX-880/SG
SX-880/890,Receiver,AEC-294,AEC-294,Capacitor cover (for C4) SX-880/S
SX-880/890,Receiver,AEC-294,AEC-294,Capacitor cover (for C4) SX-880/SG
TX-8500II,Tuner,AEC-296,AEC-296,Acrylic board
SA-530,Integrated Amplifier,AEC-318,AEC-318,Mica wafer
A-27,Integrated Amplifier,AEC-327,AEC-327,Strain reIief
A-6,Integrated Amplifier,AEC-327,AEC-327,Strain relief
A-66X,Integrated Amplifier,AEC-327,AEC-327,Strain relief (HEZ)
A-7,Integrated Amplifier,AEC-327,AEC-327,Strain relief
A-70,Integrated Amplifier,AEC-327,AEC-327,Strain relief
A-80,Integrated Amplifier,AEC-327,AEC-327,Strain relief
A-9,Integrated Amplifier,AEC-327,AEC-327,Strain relief
A-90,Integrated Amplifier,AEC-327,AEC-327,Strain ralief
F-7,Tuner,AEC-327,AEC-327,Strain relief
F-90,Tuner,AEC-327,AEC-327,Strain relief
RG-2,Dynamic Range Expander,AEC-327,AEC-327,Strain relief
SA-3000,Integrated Amplifier,AEC-327,AEC-327,Strain relief
SA-530,Integrated Amplifier,AEC-327,AEC-327,Strain relief
SA-710,Integrated Amplifier,AEC-327,AEC-327,Strein relief
SA-930,Integrated Amplifier,AEC-327,AEC-327,Strain relief - KU
SG-9,Equalizer,AEC-327,AEC-327,Strain relief
SR-303,Reverb,AEC-327,AEC-327,Strain relief
SX-3600/720,Receiver,AEC-327,AEC-327,Strain relief
SX-6,Receiver,AEC-327,AEC-327,Strain relief
SX-7,Receiver,AEC-327,AEC-327,Strain relief
SX-700,Receiver,AEC-327,AEC-327,Strain relief
SX-700L,Receiver,AEC-327,AEC-327,Strain relief
SX-8,Receiver,AEC-327,AEC-327,Strain relief
SX-980,Receiver,AEC-327,AEC-327,AC cord stopper
SX-D5000,Receiver,AEC-327,AEC-327,Strain relief - KU
TX-6800/608,Tuner,AEC-327,AEC-327,Strain relief
TX-930,Tuner,AEC-327,AEC-327,Strain relief
SX-3400,Receiver,AEC-337,AEC-337,Strain relief (S)
RG-2,Dynamic Range Expander,AEC-351,AEC-351,Foot assembly
RG-60,Dynamic Range Expander,AEC-351,AEC-351,Leg assembly
SA-3000,Integrated Amplifier,AEC-351,AEC-351,Foot assembly
SR-303,Reverb,AEC-351,AEC-351,Font
A-7,Integrated Amplifier,AEC-352,AEC-352,Nylon revet
A-9,Integrated Amplifier,AEC-352,AEC-352,Nylon rivet
SX-50,Receiver,AEC-352,AEC-352,Nylon rivet
TX-6800/608,Tuner,AEC-352,AEC-352,Nylon rivet
SA-6700,Integrated Amplifier,AEC-355,AEC-355,Cover for C1 (KC)
SX-3400,Receiver,AEC-358,AEC-358,Strain relief (KU)
SX-4,Receiver,AEC-358,AEC-358,Strain relief
SX-5,Receiver,AEC-358,AEC-358,Strain relief
SA-6700,Integrated Amplifier,AEC-365,AEC-365,Cover for C2 (KC)
SA-7700,Integrated Amplifier,AEC-365,AEC-365,Capacitor cover for C1 (KC)
SA-7700,Integrated Amplifier,AEC-365,AEC-365,Capacitor cover for C2 (KC)
SX-680/690,Receiver,AEC-365,AEC-365,Capacitor cover (for C1 KC)
SX-680/690,Receiver,AEC-365,AEC-365,Capacitor cover (for C2 KC)
SPEC-4,Amplifier,AEC-379,AEC-379,Spacer
SX-1980,Receiver,AEC-379,AEC-379,Terminal Guard (Spacer)
A-6,Integrated Amplifier,AEC-383,AEC-383,Foot assembly
A-60,Integrated Amplifier,AEC-383,AEC-383,Foot ass’y
A-90,Integrated Amplifier,AEC-384,AEC-384,Rivet
TX-930,Tuner,AEC-384,AEC-384,Nylon rivet
SX-880/890,Receiver,AEC-385,AEC-385,Capacitor cover (for C1) SX-880/KC
A-27,Integrated Amplifier,AEC-410,AEC-410,Transistor cover
RG-60,Dynamic Range Expander,AEC-426,AEC-426,LED (ORN)
F-28,Tuner,AEC-434,AEC-434,Dial pointer
SX-3400,Receiver,AEC-441,AEC-441,Rivet
SX-3400,Receiver,AEC-441,AEC-441,Rivet
SA-708,Integrated Amplifier,AEC-446,AEC-446,Foot assembly
SA-3000,Integrated Amplifier,AEC-451,AEC-451,Side panel L
SA-3000,Integrated Amplifier,AEC-452,AEC-452,Side panel R
A-90,Integrated Amplifier,AEC-471,AEC-471,Rivet
SA-1040,Integrated Amplifier,AEC-471,AEC-471,Nylon rivet
SA-1050,Integrated Amplifier,AEC-471,AEC-471,Nylon rivet
SX-202,Receiver,AEC-471,AEC-471,Nylon rivet
A-27,Integrated Amplifier,AEC-485,AEC-485,Foot assembly
SX-D5000,Receiver,AEC-485,AEC-485,Foot assembly
A-9,Integrated Amplifier,AEC-488,AEC-488,Insulator wafer
SA-708,Integrated Amplifier,AEC-488,AEC-488,Insulator spacer
SX-7,Receiver,AEC-488,AEC-488,Mica wafer
SA-1040,Integrated Amplifier,AEC-510,AEC-510,Nylon rivet
SA-1050,Integrated Amplifier,AEC-510,AEC-510,Nylon rivet
A-60,Integrated Amplifier,AEC-525,AEC-525,Nylon rivet
RG-60,Dynamic Range Expander,AEC-525,AEC-525,Nylon rivet
SA-3000,Integrated Amplifier,AEC-527,AEC-527,Insulator
TX-6800/608,Tuner,AEC-546,AEC-546,Foot assembly
TX-6800/608,Tuner,AEC-554,AEC-554,P.C. board holder
GR-551,Equalizer,AEC-558,AEC-558,Nylon rivet
GR-555,Equalizer,AEC-558,AEC-558,Nylon rivet
A-7,Integrated Amplifier,AEC-564,AEC-564,Knob holder (A)
A-9,Integrated Amplifier,AEC-564,AEC-564,Knob holder
SX-D5000,Receiver,AEC-564,AEC-564,Stopper A
SX-D5000,Receiver,AEC-565,AEC-565,Stopper B
SA-5800/508,Integrated Amplifier,AEC-570,AEC-570,Foot assembly
SX-3400,Receiver,AEC-579,AEC-579,Small pulley
TX-410,Tuner,AEC-609,AEC-609,FOOT ASSY
TX-610,Tuner,AEC-609,AEC-609,FOOT ASSY
TX-710,Tuner,AEC-609,AEC-609,FOOT ASSY
A-717,Integrated Amplifier,AEC-613,AEC-613,FOOT ASSY
A-80,Integrated Amplifier,AEC-613,AEC-613,FOOT ASSY
A-90,Integrated Amplifier,AEC-613,AEC-613,Bumper
F-7,Tuner,AEC-613,AEC-613,Cabinet bumper
SA-420,Integrated Amplifier,AEC-672,AEC-672,Foot assembly
SX-600,Receiver,AEC-672,AEC-672,Foot assembly
SX-600L,Receiver,AEC-672,AEC-672,Foot assembly
SX-700,Receiver,AEC-672,AEC-672,Foot assembly
SX-700L,Receiver,AEC-672,AEC-672,Foot assembly
SX-3500,Receiver,AEC-702,AEC-702,Foot assembly
SX-3600/720,Receiver,AEC-702,AEC-702,Foot assembly
A-77X,Integrated Amplifier,AEC-716,AEC-716,Lamp cap
A-88X,Integrated Amplifier,AEC-716,AEC-716,Lamp cap (Green)
F-90,Tuner,AEC-743,AEC-743,Flexible ring
A-7,Integrated Amplifier,AEC-782,AEC-782,Spacer
A-88X,Integrated Amplifier,AEC-783,AEC-783,Lamp cap (Red)
GR-551,Equalizer,AEC-784,AEC-784,Leg assembly
GR-555,Equalizer,AEC-784,AEC-784,Leg assembly
SA-530,Integrated Amplifier,AEC-784,AEC-784,Foot assembly
SX-202,Receiver,AEC-784,AEC-784,Cabinet bumper
TX-130L,Tuner,AEC-784,AEC-784,Foot assembly
TX-930,Tuner,AEC-784,AEC-784,Foot assembly
A-60,Integrated Amplifier,AEC-800,AEC-800,Flexible ring
A-77X,Integrated Amplifier,AEC-800,AEC-800,Flexible ring
A-88X,Integrated Amplifier,AEC-800,AEC-800,Flexible ring
SX-6,Receiver,AEC-818,AEC-818,Insulator
SX-4,Receiver,AEC-838,AEC-838,Foot assembly
SX-5,Receiver,AEC-838,AEC-838,Foot assembly
SA-1040,Integrated Amplifier,AEC-847,AEC-847,Leg ass‘y
SA-1050,Integrated Amplifier,AEC-847,AEC-847,Leg ass‘y
SX-8,Receiver,AEC-875,AEC-875,Stopper
A-66X,Integrated Amplifier,AEC-882,AEC-882,Strain relief (HB)
A-66X,Integrated Amplifier,AEC-882,AEC-882,Strain relief (HE)
A-77X,Integrated Amplifier,AEC-882,AEC-882,Strain relief - HB
A-77X,Integrated Amplifier,AEC-882,AEC-882,Strain relief - HE
C-72,Pre-Amplifier,AEC-882,AEC-882,STRAIN RELIEF - SD
TX-950,Tuner,AEC-903,AEC-903,Leg assembly
A-90,Integrated Amplifier,AEC-936,AEC-936,Stopper A
SA-1040,Integrated Amplifier,AEC-982,AEC-982,Volume escutcheon
SA-1050,Integrated Amplifier,AEC-982,AEC-982,Volume escutcheon
SA-940,Integrated Amplifier,AEC-982,AEC-982,Volume escutcheon
SA-950,Integrated Amplifier,AEC-982,AEC-982,Volume escutcheon
SA-8100,Integrated Amplifier,AED-018-0,AED-018,Light shade
SA-9100,Integrated Amplifier,AED-018-0,AED-018,Light shade
SX-1010,Receiver,AED-018-0,AED-018,Shading plate
SX-838,Receiver,AED-018-0,AED-018,Shading plate
TX-8100,Tuner,AED-018-0,AED-018,Shading plate
TX-8100,Tuner,AED-018-0,AED-018,Shading plate
TX-9100,Tuner,AED-018-0,AED-018,Shading plate
SX-939,Receiver,AED-01B-0,AED-01B,Shading plate
SX-737,Receiver,AED-025-A,AED-025,Shading plate
SX-535,Receiver,AED-036-A,AED-036,Mask
TX-6200,Tuner,AEE-007-A,AEE-007,Shading plate
QX-949A,Receiver,AEE-008,AEE-008,lnsulater
QX-949A,Receiver,AEE-009,AEE-009,Insulate Board
Exclusive M3,Amplifier,AEF-002-B,AEF-002,Spring
QX-646,Receiver,AEF-002-B,AEF-002,Coil spring
SX-434,Receiver,AEF-002-C,AEF-002,Spring
SX-535,Receiver,AEF-004-0,AEF-004,Spacer
A-7,Integrated Amplifier,AEK- 405,AEK- 405,Fuse T1 .6A FU2
GR-555,Equalizer,AEK- 512,AEK- 512,Fuse (T2.5A/260V) - HB
QX-646,Receiver,AEK-003-0,AEK-003,Fuse 3A (Protection - KUW model)
QX-8000A,Receiver,AEK-003-0,AEK-003,Fuse 3A for protection
SX-737,Receiver,AEK-003-0,AEK-003,Fuse 3A (protection -KCU)
QX-4000,Receiver,AEK-004-0,AEK-004,Fuse 1A for protection
QX-646,Receiver,AEK-004-0,AEK-004,Fuse 1A (Protection - KUW model)
QX-646,Receiver,AEK-004-0,AEK-004,Fuse 1A (Protection - KUW model)
SA-1000,Integrated Amplifier,AEK-004-O,AEK-004,Fuse 1A (KUW model)
SA-600,Integrated Amplifier,AEK-004-0,AEK-004,1A fuse for UL (KUW)
SA-800,Integrated Amplifier,AEK-004-0,AEK-004,"Fuse 1A, for protection (KUW/KCW)"
SA-9100,Integrated Amplifier,AEK-004-0,AEK-004,Fuse 1A (protection) for KUW model
QX-8000A,Receiver,AEK-005-0,AEK-005,Fuse 0.5A for protection
SX-626 (1971),Receiver,AEK-008-0,AEK-008,Fuse 3A for protection
TX-7100,Tuner,AEK-008-0,AEK-008,Fuse 3A (protection - KCW model)
TX-8100,Tuner,AEK-008-0,AEK-008,Fuse 3A (protection - KCW model)
TX-9100,Tuner,AEK-008-0,AEK-008,Fuse 3A (protection) (KCW model)
QX-4000,Receiver,AEK-009-0,AEK-009,Fuse 1.5A for protection
QX-4000,Receiver,AEK-009-0,AEK-009,Fuse 1.5A for protection
QX-4000,Receiver,AEK-009-0,AEK-009,Fuse 1.5A for protection
QX-4000,Receiver,AEK-009-0,AEK-009,Fuse 1.5A for protection
QX-4000,Receiver,AEK-009-0,AEK-009,Fuse 1.5A for protection
QX-646,Receiver,AEK-009-0,AEK-009,Fuse 1.5A (Protection)
SA-5200,Integrated Amplifier,AEK-009-0,AEK-009,Fuse 1.5A (protection)
SA-8100,Integrated Amplifier,AEK-009-0,AEK-009,Fuse 1.5A   FVW model
SX-434,Receiver,AEK-009-0,AEK-009,Fuse  1.5A (AC power - FV)
SX-525,Receiver,AEK-009-0,AEK-009,Fuse 1.5A for protection
SX-737,Receiver,AEK-013-0,AEK-013,Fuse 1.6A (protection- GN)
SX-535,Receiver,AEK-014-0,AEK-014,Fuse (protection)  500mA (GN)
SX-636,Receiver,AEK-014-0,AEK-014,Fuse 500mA (protection - GN)
A-9,Integrated Amplifier,AEK-015,AEK-015,Fuse (5A) 220/240V - HE
SA-5200,Integrated Amplifier,AEK-016-0,AEK-016,"Fuse 0.5A (AC power, protection) (FV model)"
TX-5300,Tuner,AEK-016-0,AEK-016,Fuse 0.5A
TX-5300,Tuner,AEK-016-0,AEK-016,Fuse 0.5A (primary)
TX-5300,Tuner,AEK-016-0,AEK-016,Fuse 0.5A (secondary)
TX-6200,Tuner,AEK-016-0,AEK-016,Fuse (Primary) F and FVZ model 0.5A
TX-7100,Tuner,AEK-016-0,AEK-016,"Fuse 0.5A (AC power - FVZW, FW model)"
TX-8100,Tuner,AEK-016-0,AEK-016,"Fuse 0.5A (AC power - FVZW, FW model)"
TX-9100,Tuner,AEK-016-0,AEK-016,"Fuse 0.5A (AC power) (FVZW, FW model)"
TX-9100,Tuner,AEK-016-0,AEK-016,"Fuse 0.5A (protection) (FVZW, FW model)"
TX-9100,Tuner,AEK-016-0,AEK-016,"Fuse 0.5A (protection) (FVZW, FW model)"
TX-9100,Tuner,AEK-016-0,AEK-016,"Fuse 0.5A (protection) (FVZW, FW model)"
TX-9100,Tuner,AEK-016-0,AEK-016,"Fuse 0.5A (protection) (FVZW, FW model)"
A-6,Integrated Amplifier,AEK-017,AEK-017,Fuse (T2A/AC250V) - HB
A-6,Integrated Amplifier,AEK-017,AEK-017,Fuse (T2A/AC250V) - HE
A-77X,Integrated Amplifier,AEK-017,AEK-017,Fuse (T2A) - HE
SA-710,Integrated Amplifier,AEK-017,AEK-017,Fuse - HB  (T2A)
SA-710,Integrated Amplifier,AEK-017,AEK-017,Fuse - HE  (T2A)
SA-930,Integrated Amplifier,AEK-017,AEK-017,Fuse (T2A) - HB
SA-930,Integrated Amplifier,AEK-017,AEK-017,Fuse (T2A) - HE
SA-930,Integrated Amplifier,AEK-017,AEK-017,Fuse (T2A) - HEZ
SA-930,Integrated Amplifier,AEK-017,AEK-017,Fuse (T2A) - YP
SA-940,Integrated Amplifier,AEK-017,AEK-017,Fuse (2A) - YP
SA-940,Integrated Amplifier,AEK-017,AEK-017,Fuse (T2A) - HB
SA-940,Integrated Amplifier,AEK-017,AEK-017,Fuse (T2A) - HE
SA-950,Integrated Amplifier,AEK-017,AEK-017,Fuse (2A) - HE
SA-950,Integrated Amplifier,AEK-017,AEK-017,FUSE (2A) - HEZ
SA-950,Integrated Amplifier,AEK-017,AEK-017,Fuse (2A) - YP
SA-970,Integrated Amplifier,AEK-017,AEK-017,Fuse (T2A)
SX-550,Receiver,AEK-017,AEK-017,Fuse 2A (HG)
SX-600L,Receiver,AEK-017,AEK-017,Fuse (2A)
TX-9500II,Tuner,AEK-017,AEK-017,Fuse 2A (Secondary - HG)
F-7,Tuner,AEK-018,AEK-018,Fuse (T1.25A 250V - HG)
SA-3000,Integrated Amplifier,AEK-018,AEK-018,Fuse 1.25A
SA-606,Integrated Amplifier,AEK-018,AEK-018,Fuse 1.25A (HG)
TX-7100,Tuner,AEK-019-0,AEK-019,Fuse 1.2A (protection - KCW model)
TX-8100,Tuner,AEK-019-0,AEK-019,Fuse 1.2A (protection - KCW model)
TX-9100,Tuner,AEK-019-0,AEK-019,Fuse 1.2A (protection) (KCW model)
QX-9900,Receiver,AEK-020-0,AEK-020,Fuse 2.5A
SA-9100,Integrated Amplifier,AEK-020-0,AEK-020,Fuse 2.5A (AC power) for FVW model
QX-9900,Receiver,AEK-021-0,AEK-021,Fuse 5A
SX-939,Receiver,AEK-021-0,AEK-021,Fuse 5A (AC power - KCU)
SA-9100,Integrated Amplifier,AEK-022-0,AEK-022,Fuse 1A (protection) for FVW model
TX-7100,Tuner,AEK-022-0,AEK-022,Fuse 1A (protection - KCW model)
TX-7100,Tuner,AEK-022-0,AEK-022,Fuse 1A (protection - KCW model)
TX-8100,Tuner,AEK-022-0,AEK-022,Fuse 1A (protection - KCW model)
TX-8100,Tuner,AEK-022-0,AEK-022,Fuse 1A (protection - KCW model)
TX-9100,Tuner,AEK-024-0,AEK-024,Fuse 0.5A (protection) (KCW model)
TX-9100,Tuner,AEK-024-0,AEK-024,Fuse 0.5A (protection) (KCW model)
TX-9100,Tuner,AEK-024-0,AEK-024,Fuse 0.5A (protection) (KCW model)
TX-9100,Tuner,AEK-024-0,AEK-024,Fuse 0.5A (protection) (KCW model)
SA-9100,Integrated Amplifier,AEK-025-0,AEK-025,Fuse 4A (AC power) for KUW model
QX-747,Receiver,AEK-028-0,AEK-028,Fuse 4A (AC power)
F-7,Tuner,AEK-031,AEK-031,Fuse (T800mA 250V - HG)
SX-434,Receiver,AEK-031-0,AEK-031,Fuse  0.8A (protection - GN)
SX-650,Receiver,AEK-031,AEK-031,Fuse 0.8A (HG)
SX-650,Receiver,AEK-031,AEK-031,Fuse 0.8A (HG)
TX-9500II,Tuner,AEK-031,AEK-031,Fuse 800mA (Secondary - HG)
TX-9500II,Tuner,AEK-031,AEK-031,Fuse 800mA (Secondary - HG)
QX-949,Receiver,AEK-033-0,AEK-033,Fuse 6A (AC power)
QX-949,Receiver,AEK-034-0,AEK-034,Fuse 6A (protection)
QX-747,Receiver,AEK-035-0,AEK-035,Fuse 4A (protection)
A-80,Integrated Amplifier,AEK-036,AEK-036,Fuse (T0.2A) - HE
C-72,Pre-Amplifier,AEK-037,AEK-037,FUSE (T250mA) - SD
C-72,Pre-Amplifier,AEK-037,AEK-037,FUSE (T250mA) - SD
C-72,Pre-Amplifier,AEK-037,AEK-037,FUSE (T250mA) - SD
C-72,Pre-Amplifier,AEK-037,AEK-037,FUSE (T250mA) - SD
SX-600L,Receiver,AEK-037,AEK-037,Fuse (250mA)
SX-700L,Receiver,AEK-037,AEK-037,Fuse T250mA 250V
SX-939,Receiver,AEK-039-0,AEK-039,Fuse 5A (protection - KCU)
M-22,Amplifier,AEK-040,AEK-040,Fuse 6A (KL-type)
A-60,Integrated Amplifier,AEK-042,AEK-042,Fuse (T3.15A) - HB
A-60,Integrated Amplifier,AEK-042,AEK-042,Fuse (T3.15A) - HE
A-60,Integrated Amplifier,AEK-042,AEK-042,Fuse (T3.15A) - YP
SA-1040,Integrated Amplifier,AEK-042,AEK-042,Fuse (T3.15A) - YP
SX-434,Receiver,AEK-042-0,AEK-042,Fuse  3.15A (protection - GN)
SX-434,Receiver,AEK-042-0,AEK-042,Fuse  3.15A (protection - GN)
SX-434,Receiver,AEK-042-0,AEK-042,Fuse  3.15A (protection - GN)
SX-434,Receiver,AEK-042-0,AEK-042,Fuse  3.15A (protection - GN)
SX-434,Receiver,AEK-042-0,AEK-042,Fuse  3.15A (protection - GN)
SX-434,Receiver,AEK-042-0,AEK-042,Fuse 3.15A (protection - GN)
SX-535,Receiver,AEK-042-0,AEK-042,Fuse (protection)  3.15A (GN)
SX-636,Receiver,AEK-042-0,AEK-042,Fuse 3.15A (protection - GN)
SX-636,Receiver,AEK-042-0,AEK-042,Fuse 3.15A (protection - GN))
SX-700L,Receiver,AEK-042,AEK-042,Fuse T3.15A 250V
SX-737,Receiver,AEK-042-0,AEK-042,Fuse 3.15A (protection - GN)
QX-747A,Receiver,AEK-100,AEK-100,"Fuse 4A (110V,120V,130V,primary)"
SA-6500,Integrated Amplifier,AEK-100,AEK-100,Fuse 4A (Primary)
SA-6500II,Integrated Amplifier,AEK-100,AEK-100,Fuse (Primary) 4A
SA-6800/608,Integrated Amplifier,AEK-100,AEK-100,Fuse 4A
SA-9500II,Integrated Amplifier,AEK-100,AEK-100,Fuse 4A
SA-9500II,Integrated Amplifier,AEK-100,AEK-100,Fuse 4A
SA-9500II,Integrated Amplifier,AEK-100,AEK-100,Fuse 4A (for 220V or 240V - S)
SA-9500II,Integrated Amplifier,AEK-100,AEK-100,Fuse 4A (for 220V or 240V-S)
SA-9900,Integrated Amplifier,AEK-100-0,AEK-100,"Fuse 4A (F1, primary) - D"
SX-3400,Receiver,AEK-100,AEK-100,Fuse 4A
SX-3600/720,Receiver,AEK-100,AEK-100,Fuse (4A)
SX-3700,Receiver,AEK-100,AEK-100,Fuse (4A)
SX-450,Receiver,AEK-100,AEK-100,"FU4  Fuse  4A (KU,KC)"
SX-450,Receiver,AEK-100,AEK-100,"FU5  Fuse  4A (KU,KC)"
SX-450,Receiver,AEK-100,AEK-100,Fuse 4A (S)
SX-450,Receiver,AEK-100,AEK-100,Fuse 4A (S)
SX-5,Receiver,AEK-100,AEK-100,"Fuse (4A,FU101)"
SX-535,Receiver,AEK-100-0,AEK-100,"Fuse (protection)  4A (KCU,FV)"
SX-550,Receiver,AEK-100,AEK-100,Fuse 4A
SX-550,Receiver,AEK-100,AEK-100,Fuse 4A
SX-550,Receiver,AEK-100,AEK-100,Fuse 4A
SX-550,Receiver,AEK-100,AEK-100,"Fuse 4A (110V, 120V - S)"
SX-580/590,Receiver,AEK-100,AEK-100,Fuse 4A
SX-636,Receiver,AEK-100-0,AEK-100,"Fuse 4A (protection - KCU,FV)"
SX-680/690,Receiver,AEK-100,AEK-100,Fuse 4A
SX-700,Receiver,AEK-100,AEK-100,Fuse (4A)
SX-750,Receiver,AEK-100,AEK-100,Fuse 4A
SX-780,Receiver,AEK-100,AEK-100,Fuse 4A
SX-8,Receiver,AEK-100,AEK-100,Fuse (4A) 220/240V S/SG-type
SX-820,Receiver,AEK-100,AEK-100,Fuse (4A)
A-5,Integrated Amplifier,AEK-101,AEK-101,FUSE(3 AMPS/125 VOLTS)
M-22,Amplifier,AEK-101,AEK-101,Fuse 3A (N-type)
QX-747A,Receiver,AEK-101,AEK-101,Fuse 3A (lamp circuit)
QX-949A,Receiver,AEK-101,AEK-101,Fuse 3A
QX-949A,Receiver,AEK-101,AEK-101,"Fuse 3A (220V,240V,primary - F type)"
SA-606,Integrated Amplifier,AEK-101,AEK-101,"Fuse 3A (S,S/G)"
SA-606,Integrated Amplifier,AEK-101,AEK-101,"Fuse 3A (S,S/G)"
SA-6700,Integrated Amplifier,AEK-101,AEK-101,Fuse 3A
SX-3500,Receiver,AEK-101,AEK-101,Fuse (3A)
SX-3600/720,Receiver,AEK-101,AEK-101,Fuse (3A)
SX-3700,Receiver,AEK-101,AEK-101,Fuse (3A)
SX-3800,Receiver,AEK-101,AEK-101,Fuse (S)
SX-3800,Receiver,AEK-101,AEK-101,Fuse (S/G)
SX-4,Receiver,AEK-101,AEK-101,Fuse (3A)
SX-434,Receiver,AEK-101 -0,AEK-101 ,Fuse  3A (protection - KCU)
SX-434,Receiver,AEK-101-0,AEK-101,Fuse  3A (protection - KCU)
SX-434,Receiver,AEK-101-0,AEK-101,Fuse  3A (protection - KCU)
SX-450,Receiver,AEK-101,AEK-101,"FU6  Fuse  3A (KU,KC)"
SX-535,Receiver,AEK-101-0,AEK-101,"Fuse (protection)  3A (KCU,FV)"
SX-580/590,Receiver,AEK-101,AEK-101,Fuse 3A
SX-636,Receiver,AEK-101-0,AEK-101,"Fuse 3A (protection - KCU,FV)"
SX-650,Receiver,AEK-101,AEK-101,Fuse 3A (KCU)
SX-737,Receiver,AEK-101-0,AEK-101,Fuse 3A (AC power - KCU)
SX-737,Receiver,AEK-101-0,AEK-101,"Fuse 3A (protection - KCU,F)"
SX-820,Receiver,AEK-101,AEK-101,Fuse (3A)
SX-939,Receiver,AEK-101-0,AEK-101,Fuse 3A (AC power - F)
SX-939,Receiver,AEK-101-0,AEK-101,Fuse 3A (protection)
SA-420,Integrated Amplifier,AEK-102,AEK-102,Fuse (2.5A) - KU
SA-5800/508,Integrated Amplifier,AEK-102,AEK-102,Fuse (2.5A)
SA-706,Integrated Amplifier,AEK-102,AEK-102,"Fuse (2.5A - S,S/G)"
SA-706,Integrated Amplifier,AEK-102,AEK-102,"Fuse (2.5A for 220V/240V - S,S/G)"
SX-3900,Receiver,AEK-102,AEK-102,Fuse 2.5A
SX-880/890,Receiver,AEK-102,AEK-102,Fuse 2.5A (SX-880/S)
SX-880/890,Receiver,AEK-102,AEK-102,Fuse 2.5A (SX-880/SG)
QX-747A,Receiver,AEK-103,AEK-103,"Fuse 2A (220V, 240V, primary)"
SA-606,Integrated Amplifier,AEK-103,AEK-103,"Fuse 2A (S,S/G)"
SA-606,Integrated Amplifier,AEK-103,AEK-103,"Fuse 2A (S,S/G)"
SPEC-2,Amplifier,AEK-103,AEK-103,Fuse 2A (Secondary)
SPEC-2,Amplifier,AEK-103,AEK-103,Fuse 2A (Secondary)
SPEC-2,Amplifier,AEK-103,AEK-103,Fuse 2A (Secondary)
SX-1280,Receiver,AEK-103,AEK-103,Fuse  2A
SX-1980,Receiver,AEK-103,AEK-103,Fuse  2A
SX-3400,Receiver,AEK-103,AEK-103,Fuse 2A
SX-550,Receiver,AEK-103,AEK-103,"2A (220V, 240V - S)"
SX-550,Receiver,AEK-103,AEK-103,Fuse 2A (S)
SX-6,Receiver,AEK-103,AEK-103,Fuse (2A)
SX-600,Receiver,AEK-103,AEK-103,Fuse (2A) - KU
SX-7,Receiver,AEK-103,AEK-103,Fuse (2A. FU2)
SX-780,Receiver,AEK-103,AEK-103,Fuse 2A
SX-880/890,Receiver,AEK-103,AEK-103,Fuse 2A
TX-8500II,Tuner,AEK-103,AEK-103,Fuse 2A (FU3)
TX-9500,Tuner,AEK-103-0,AEK-103,"Fuse 2A (F3, lamps)"
TX-9500,Tuner,AEK-103-0,AEK-103,Fuse 2A (lamps)
TX-9500II,Tuner,AEK-103,AEK-103,Fuse 2A (Secondary - KU/KC)
A-9,Integrated Amplifier,AEK-104,AEK-104,Fuse (1.5A) - S
A-9,Integrated Amplifier,AEK-104,AEK-104,Fuse (1.5A) - S/G
SPEC-4,Amplifier,AEK-104,AEK-104,Fuse 1.5A
SX-1050,Receiver,AEK-104,AEK-104,Fuse 1.5A
SX-1080,Receiver,AEK-104,AEK-104,FUSE (1.5A)
SX-1250,Receiver,AEK-104,AEK-104,1.5A Lamp circuits (KCU)
SX-1250,Receiver,AEK-104,AEK-104,1.5A Lamp circuits (S)
SX-1250,Receiver,AEK-104,AEK-104,Fuse 1.5A
SX-1980,Receiver,AEK-104,AEK-104,Fuse  1.5A
SX-1980,Receiver,AEK-104,AEK-104,Fuse  1.5A
SX-450,Receiver,AEK-104,AEK-104,"Fuse  1.5A (KU,KC)"
SX-450,Receiver,AEK-104,AEK-104,Fuse 1.5A (S)
SX-450,Receiver,AEK-104,AEK-104,Fuse 1.6A (S)
SX-535,Receiver,AEK-104-0,AEK-104,Fuse (primary)  l.5A (FV)
SX-550,Receiver,AEK-104,AEK-104,Fuse 1.5A
SX-580/590,Receiver,AEK-104,AEK-104,Fuse 1.5A
SX-650,Receiver,AEK-104,AEK-104,Fuse 1.5A (KCU/S)
SX-650,Receiver,AEK-104,AEK-104,Fuse 1.5A (S)
SX-680/690,Receiver,AEK-104,AEK-104,Fuse 1.5A
SX-737,Receiver,AEK-104-0,AEK-104,Fuse 1.5A (AC power -F)
SX-750,Receiver,AEK-104,AEK-104,Fuse 1.5A
SX-850,Receiver,AEK-104,AEK-104,Fuse 1.5A (FU6)
SX-850,Receiver,AEK-104,AEK-104,Fuse 1.5A (lamp circuit)
SX-950,Receiver,AEK-104,AEK-104,Fuse 1.5A (lamp circuit)
SX-980,Receiver,AEK-104,AEK-104,Fuse  1.5A
TX-6500II,Tuner,AEK-104,AEK-104,"Fuse 1.5A (Secondary - KC,KU)"
A-9,Integrated Amplifier,AEK-106,AEK-106,Fuse (1A) - S
A-9,Integrated Amplifier,AEK-106,AEK-106,Fuse (1A) - S/G
C-21,Pre-Amplifier,AEK-106,AEK-106,Fuse 1A (for KL-type)
F-28,Tuner,AEK-106,AEK-106,Fuse 1A (S/G)
QX-747A,Receiver,AEK-106,AEK-106,Fuse 1A (secondary)
QX-747A,Receiver,AEK-106,AEK-106,Fuse 1A (secondary)
QX-747A,Receiver,AEK-106,AEK-106,Fuse 1A (secondary)
QX-949A,Receiver,AEK-106,AEK-106,Fuse 1A
QX-949A,Receiver,AEK-106,AEK-106,Fuse 1A
QX-949A,Receiver,AEK-106,AEK-106,Fuse 1A
RG-1,Dynamic Range Expander,AEK-106,AEK-106,Fuse 1A (FU 1)
RG-1,Dynamic Range Expander,AEK-106,AEK-106,Fuse 1A (primary)
SA-420,Integrated Amplifier,AEK-106,AEK-106,Fuse (1A) - S
SA-420,Integrated Amplifier,AEK-106,AEK-106,Fuse (1A) - YP
SA-6500,Integrated Amplifier,AEK-106,AEK-106,Fuse 1A (Secondary)
SA-6500II,Integrated Amplifier,AEK-106,AEK-106,Fuse (Secondary) 1A
SA-7500II,Integrated Amplifier,AEK-106,AEK-106,"Fuse 1A (FU2, FU3)"
SA-9500,Integrated Amplifier,AEK-106-0,AEK-106,Fuse IA
SA-9900,Integrated Amplifier,AEK-106-0,AEK-106,"Fuse 1A (F2, F3, secondary) - D"
SA-9900,Integrated Amplifier,AEK-106-0,AEK-106,"Fuse 1A (F4, lamp)"
SA-9900,Integrated Amplifier,AEK-106-0,AEK-106,"Fuse 1A (F4, lamp) - D"
SA-9900,Integrated Amplifier,AEK-106-0,AEK-106,"Fuse 1A (FL F3, secondary)"
SPEC-2,Amplifier,AEK-106,AEK-106,Fuse 1A (Secondary)
SPEC-2,Amplifier,AEK-106,AEK-106,Fuse 1A (Secondary)
SPEC-4,Amplifier,AEK-106,AEK-106,Fuse 1A
SX-1050,Receiver,AEK-106,AEK-106,Fuse 1A
SX-1050,Receiver,AEK-106,AEK-106,Fuse 1A (FU1~FU4)
SX-1080,Receiver,AEK-106,AEK-106,Fuse (1A)
SX-1080,Receiver,AEK-106,AEK-106,Fuse (1A)
SX-1080,Receiver,AEK-106,AEK-106,Fuse (IA)
SX-1080,Receiver,AEK-106,AEK-106,Fuse (IA)
SX-1250,Receiver,AEK-106,AEK-106,1A Fuse Secondary (KCU)
SX-1250,Receiver,AEK-106,AEK-106,1A Fuse Secondary (S)
SX-1250,Receiver,AEK-106,AEK-106,Fuse 1A
SX-1250,Receiver,AEK-106,AEK-106,Fuse 1A
SX-1250,Receiver,AEK-106,AEK-106,Fuse 1A
SX-1250,Receiver,AEK-106,AEK-106,Fuse 1A
SX-1280,Receiver,AEK-106,AEK-106,Fuse  1A
SX-1280,Receiver,AEK-106,AEK-106,Fuse  1A
SX-1980,Receiver,AEK-106,AEK-106,Fuse  1A
SX-1980,Receiver,AEK-106,AEK-106,Fuse  1A
SX-3900,Receiver,AEK-106,AEK-106,Fuse 1A
SX-3900,Receiver,AEK-106,AEK-106,Fuse 1A
SX-434,Receiver,AEK-106-0,AEK-106,Fuse  1A (protection - KCU)
SX-600,Receiver,AEK-106,AEK-106,Fuse (1 A) - YP
SX-737,Receiver,AEK-106-0,AEK-106,"Fuse 1A (protection - KCU,F)"
SX-737,Receiver,AEK-106-0,AEK-106,"Fuse 1A (protection - KCU,F)"
SX-737,Receiver,AEK-106-0,AEK-106,"Fuse 1A (protection - KCU,F)"
SX-780,Receiver,AEK-106,AEK-106,Fuse 1A
SX-850,Receiver,AEK-106,AEK-106,Fuse 1A (FU2)
SX-850,Receiver,AEK-106,AEK-106,Fuse 1A (FU4)
SX-850,Receiver,AEK-106,AEK-106,Fuse 1A (FU5)
SX-850,Receiver,AEK-106,AEK-106,Fuse 1A (secondary)
SX-850,Receiver,AEK-106,AEK-106,Fuse 1A (secondary)
SX-850,Receiver,AEK-106,AEK-106,Fuse 1A (secondary)
SX-850,Receiver,AEK-106,AEK-106,Fuse 1A (secondary)
SX-850,Receiver,AEK-106,AEK-106,Fuse IA (FU3)
SX-880/890,Receiver,AEK-106,AEK-106,Fuse 1A
SX-939,Receiver,AEK-106-0,AEK-106,Fuse 1A (protection)
SX-950,Receiver,AEK-106,AEK-106,Fuse 1A
SX-950,Receiver,AEK-106,AEK-106,Fuse 1A
SX-950,Receiver,AEK-106,AEK-106,Fuse 1A
SX-950,Receiver,AEK-106,AEK-106,Fuse 1A
SX-980,Receiver,AEK-106,AEK-106,Fuse  1A
SX-980,Receiver,AEK-106,AEK-106,Fuse  1A
SX-980,Receiver,AEK-106,AEK-106,Fuse  1A
SX-980,Receiver,AEK-106,AEK-106,Fuse  1A
TX-5300,Tuner,AEK-106-0,AEK-106,Fuse 1A (lamps)
TX-6800/608,Tuner,AEK-106,AEK-106,Fuse (1 A)
TX-710,Tuner,AEK-106,AEK-106,FUSE(1 AMP)
TX-8500II,Tuner,AEK-106,AEK-106,Accessory fuse 1A - S
TX-9500,Tuner,AEK-106-0,AEK-106,Fuse 1A
TX-9500,Tuner,AEK-106-0,AEK-106,Fuse 1A(primary) 220 or 240V
TX-9500II,Tuner,AEK-106,AEK-106,Fuse 1A (Primary - KU/KC)
F-28,Tuner,AEK-107,AEK-107,Fuse 0.5A
M-22,Amplifier,AEK-107,AEK-107,Fuse 0.5A (KL-type)
M-22,Amplifier,AEK-107,AEK-107,Fuse 0.5A (KL-type)
M-22,Amplifier,AEK-107,AEK-107,Fuse 0.5A (KL-type)
M-22,Amplifier,AEK-107,AEK-107,Fuse 0.5A (KL-type)
M-22,Amplifier,AEK-107,AEK-107,Fuse 0.5A (N-type)
M-22,Amplifier,AEK-107,AEK-107,Fuse 0.5A (N-type)
M-22,Amplifier,AEK-107,AEK-107,Fuse 0.5A (N-type)
M-22,Amplifier,AEK-107,AEK-107,Fuse 0.5A (N-type)
M-25,Amplifier,AEK-107,AEK-107,FU2-FU5
SA-706,Integrated Amplifier,AEK-107,AEK-107,Fuse (0.5A)
SA-706,Integrated Amplifier,AEK-107,AEK-107,"Fuse (500mA - S,S/G)"
SA-7700,Integrated Amplifier,AEK-107,AEK-107,Fuse (0.5A)
SG-9500,Equalizer,AEK-107,AEK-107,Fuse 0.5A (lamp circuit)
SG-9500,Equalizer,AEK-107,AEK-107,Fuse 0.5A (primary)
SG-9500,Equalizer,AEK-107,AEK-107,Fuse 0.5A (secondary)
SPEC-1,Pre-Amplifier,AEK-107,AEK-107,Fuse 0.5A (FU1)
SPEC-1,Pre-Amplifier,AEK-107,AEK-107,Fuse 0.5A (FU2)
SPEC-1,Pre-Amplifier,AEK-107,AEK-107,Fuse 0.5A (FU3)
SPEC-1,Pre-Amplifier,AEK-107,AEK-107,Fuse 0.5A (FU4)
SPEC-1,Pre-Amplifier,AEK-107,AEK-107,Fuse 0.5A (FU5)
SX-3700,Receiver,AEK-107,AEK-107,Fuse (0.5A)
SX-3800,Receiver,AEK-107,AEK-107,Fuse (S)
SX-450,Receiver,AEK-107,AEK-107,"FU1  Fuse  0.5A (KU,KC)"
SX-450,Receiver,AEK-107,AEK-107,"FU2  Fuse  0.5A (KU,KC)"
SX-450,Receiver,AEK-107,AEK-107,Fuse 0.5A (S)
SX-450,Receiver,AEK-107,AEK-107,Fuse 0.5A (S)
SX-535,Receiver,AEK-107-0,AEK-107,"Fuse (protection)  0.5A (KCU,FV)"
SX-600,Receiver,AEK-107,AEK-107,Fuse (0.5A)
SX-636,Receiver,AEK-107-0,AEK-107,"Fuse 0.5A (protection - KCU,FV)"
SX-700,Receiver,AEK-107,AEK-107,Fuse (0.5A)
SX-750,Receiver,AEK-107,AEK-107,Fuse 0.5A
SX-820,Receiver,AEK-107,AEK-107,Fuse (0.5A)
TX-6500II,Tuner,AEK-107,AEK-107,Accessory fuse 500mA (S)
TX-6500II,Tuner,AEK-107,AEK-107,"Fuse 500mA (Primary - KC,KU)"
TX-6500II,Tuner,AEK-107,AEK-107,Fuse 500mA (Primary - S)
TX-6500II,Tuner,AEK-107,AEK-107,"Fuse 500mA (Secondary - KC,KU)"
TX-6500II,Tuner,AEK-107,AEK-107,"Fuse 500mA (Secondary - KC,KU)"
TX-8500II,Tuner,AEK-107,AEK-107,Accessory fuse 500mA - S
TX-9500,Tuner,AEK-107-0,AEK-107,"Fuse 0.5A (F4, primary)"
TX-9500,Tuner,AEK-107-0,AEK-107,"Fuse 0.5A (primary) 110,120 or130V"
TX-9500II,Tuner,AEK-107,AEK-107,Fuse 500mA (Primary - S)
A-27,Integrated Amplifier,AEK-108,AEK-108,Fuse 5A - KU
A-27,Integrated Amplifier,AEK-108,AEK-108,Fuse 5A - KU
A-6,Integrated Amplifier,AEK-108,AEK-108,Fuse (5A) - KU
A-6,Integrated Amplifier,AEK-108,AEK-108,Fuse (5A/125V)
A-9,Integrated Amplifier,AEK-108,AEK-108,Fuse (5A) 220/240V - S
A-9,Integrated Amplifier,AEK-108,AEK-108,Fuse (5A) 220/240V - S/G
SA-6500,Integrated Amplifier,AEK-108,AEK-108,Fuse 5A  (Secondary)
SA-6500,Integrated Amplifier,AEK-108,AEK-108,Fuse 5A (Secondary)
SA-6500II,Integrated Amplifier,AEK-108,AEK-108,Fuse (Secondary) 5A
SA-6500II,Integrated Amplifier,AEK-108,AEK-108,Fuse (Secondary) 5A
SA-706,Integrated Amplifier,AEK-108,AEK-108,"Fuse (5A - S,S/G)"
SA-706,Integrated Amplifier,AEK-108,AEK-108,"Fuse (5A, for 110V/120V - S,S/G)"
SA-710,Integrated Amplifier,AEK-108,AEK-108,Fuse - KU  (5A)
SA-7500II,Integrated Amplifier,AEK-108,AEK-108,Fuse 5A (FU 1)
SA-7700,Integrated Amplifier,AEK-108,AEK-108,Fuse (5A)
SA-9800,Integrated Amplifier,AEK-108,AEK-108,Fuse (5A)
SX-3500,Receiver,AEK-108,AEK-108,Fuse (5A)
SX-4,Receiver,AEK-108,AEK-108,Fuse (5A)
SX-6,Receiver,AEK-108,AEK-108,Fuse (5A)
SX-600,Receiver,AEK-108,AEK-108,Fuse (5A)
SX-636,Receiver,AEK-108-0,AEK-108,Fuse 1.5A (AC power -FV)
SX-636,Receiver,AEK-108-0,AEK-108,"Fuse 5A (protection - KCU,FV)"
SX-680/690,Receiver,AEK-108,AEK-108,Fuse 5A
SX-7,Receiver,AEK-108,AEK-108,"Fuse (5A, FU1)"
SX-850,Receiver,AEK-108,AEK-108,Fuse SA (primary)
SX-880/890,Receiver,AEK-108,AEK-108,Fuse 5A
SX-880/890,Receiver,AEK-108,AEK-108,Fuse 5A (SX-880/S)
SX-880/890,Receiver,AEK-108,AEK-108,Fuse 5A (SX-880/SG)
A-27,Integrated Amplifier,AEK-109,AEK-109,"Fuse 6A (for 220, 240V) - S"
A-27,Integrated Amplifier,AEK-109,AEK-109,"Fuse 6A (for 220, 240V) - S/G"
Exclusive M3,Amplifier,AEK-109-0,AEK-109,Fuse 6A (AC power)
QX-949A,Receiver,AEK-109,AEK-109,Fuse 6A (primary - KSC)
QX-949A,Receiver,AEK-109,AEK-109,"Fuse 6A(110V,120V,130V, primary) - F type"
SA-7800,Integrated Amplifier,AEK-109,AEK-109,Fuse 6A
SA-8800,Integrated Amplifier,AEK-109,AEK-109,Fuse (6A)
SA-9500,Integrated Amplifier,AEK-109-0,AEK-109,Fuse 6A
SPEC-4,Amplifier,AEK-109,AEK-109,Fuse 6A
SX-1250,Receiver,AEK-109,AEK-109,6A Primary voltage : 220V/240V (S)
SX-3600/720,Receiver,AEK-109,AEK-109,Fuse (6A)
SX-3800,Receiver,AEK-109,AEK-109,Fuse (KU)
SX-3800,Receiver,AEK-109,AEK-109,Fuse (S/G)
SX-3800,Receiver,AEK-109,AEK-109,Fuse 6A
SX-5,Receiver,AEK-109,AEK-109,"Fuse (6A,FU102,FU103l"
SX-700,Receiver,AEK-109,AEK-109,Fuse (6A)
SX-950,Receiver,AEK-109,AEK-109,Fuse 6A (primary)
SX-980,Receiver,AEK-109,AEK-109,Fuse  6A
A-80,Integrated Amplifier,AEK-110,AEK-110,Fuse (8A/125V) - S
A-80,Integrated Amplifier,AEK-110,AEK-110,Fuse (8A/125V) - S/G
SA-9500II,Integrated Amplifier,AEK-110,AEK-110,Fuse 8A (for 110V or 120V-S)
SA-9500II,Integrated Amplifier,AEK-110,AEK-110,Fuse BA (for 110V or 120V - S)
SA-7800,Integrated Amplifier,AEK-111,AEK-111,Fuse 0.8A
SA-8800,Integrated Amplifier,AEK-111,AEK-111,Fuse (0.8A)
SA-9500II,Integrated Amplifier,AEK-111,AEK-111,Fuse 0.8A
SA-9500II,Integrated Amplifier,AEK-111,AEK-111,Fuse 0.8A
SA-9800,Integrated Amplifier,AEK-111,AEK-111,Fuse (0.8A)
SX-550,Receiver,AEK-111,AEK-111,Fuse 0.8A
SX-550,Receiver,AEK-111,AEK-111,Fuse 0.8A
SX-650,Receiver,AEK-111,AEK-111,Fuse 0.8A (KCU/S)
SX-650,Receiver,AEK-111,AEK-111,Fuse 0.8A (KCU/S)
SX-750,Receiver,AEK-111,AEK-111,Fuse 0.8A
SX-750,Receiver,AEK-111,AEK-111,Fuse 0.8A
TX-9500,Tuner,AEK-111-0,AEK-111,"Fuse 0.8A (F1, F2 secondary)"
TX-9500,Tuner,AEK-111-0,AEK-111,"Fuse 0.8A (F2, secondary)"
TX-9500,Tuner,AEK-111-0,AEK-111,Fuse 0.8A (secondary)
TX-9500,Tuner,AEK-111-0,AEK-111,Fuse 0.8A (secondary)
TX-9500II,Tuner,AEK-111,AEK-111,Fuse 800mA (Secondary - KC/KU)
TX-9500II,Tuner,AEK-111,AEK-111,Fuse 800mA (Secondary - KU/KC)
A-27,Integrated Amplifier,AEK-113,AEK-113,"Fuse 12A (for 110, 120V) - S"
A-27,Integrated Amplifier,AEK-113,AEK-113,"Fuse 12A (for 110, 120V) - S/G"
A-9,Integrated Amplifier,AEK-114,AEK-114,Fuse (10A) 110/120V - S
A-9,Integrated Amplifier,AEK-114,AEK-114,Fuse (10A) 110/120V - S/G
GR-777,Equalizer,AEK-118,AEK-118,Fuse (800mA/125V) - KUC
TX-905,Tuner,AEK-118,AEK-118,FUSE (800MA/125V)
TX-950,Tuner,AEK-118,AEK-118,Fuse (0.8A/125V) - KU
A-80,Integrated Amplifier,AEK-119,AEK-119,Fuse (8A/125V) - S
A-80,Integrated Amplifier,AEK-119,AEK-119,Fuse (8A/125V) - S/G
SX-8,Receiver,AEK-119,AEK-119,Fuse (1A)
SA-530,Integrated Amplifier,AEK-121,AEK-121,Fuse (1.6A) - S
SX-202,Receiver,AEK-121,AEK-121,Fuse (T1.6A)
SX-8,Receiver,AEK-122,AEK-122,Fuse (2A)
SA-930,Integrated Amplifier,AEK-123,AEK-123,Fuse (2.5A) - S/SG
SA-940,Integrated Amplifier,AEK-123,AEK-123,Fuse (2.5A) - S
SA-940,Integrated Amplifier,AEK-123,AEK-123,Fuse (2.5A) - S
SA-940,Integrated Amplifier,AEK-123,AEK-123,Fuse (2.5A) - S/G
SA-940,Integrated Amplifier,AEK-123,AEK-123,Fuse (2.5A) - S/G
SA-950,Integrated Amplifier,AEK-123,AEK-123,Fuse (2.5A) - S
SA-950,Integrated Amplifier,AEK-123,AEK-123,Fuse (2.5A) - S
SA-950,Integrated Amplifier,AEK-123,AEK-123,Fuse (2.5A) - S/G
SA-950,Integrated Amplifier,AEK-123,AEK-123,Fuse (2.5A) - S/G
A-60,Integrated Amplifier,AEK-124,AEK-124,Fuse (3.15A) - S
A-60,Integrated Amplifier,AEK-124,AEK-124,Fuse (3.15A) - S
A-77X,Integrated Amplifier,AEK-124,AEK-124,Fuse (3.15A) - S
A-77X,Integrated Amplifier,AEK-124,AEK-124,Fuse (3.15A) - S/G
SA-1040,Integrated Amplifier,AEK-124,AEK-124,Fuse (3.15A) - S
SA-1040,Integrated Amplifier,AEK-124,AEK-124,Fuse (3.15A) - S
SA-1040,Integrated Amplifier,AEK-124,AEK-124,Fuse (3.15A) - S/G
SA-1040,Integrated Amplifier,AEK-124,AEK-124,Fuse (3.15A) - S/G
SA-1050,Integrated Amplifier,AEK-124,AEK-124,Fuse (3.15A) - S
SA-1050,Integrated Amplifier,AEK-124,AEK-124,Fuse (3.15A) - S
SA-1050,Integrated Amplifier,AEK-124,AEK-124,Fuse (3.15A) - S/G
SA-1050,Integrated Amplifier,AEK-124,AEK-124,Fuse (3.15A) - S/G
SA-530,Integrated Amplifier,AEK-124,AEK-124,Fuse (3.15A)
SA-530,Integrated Amplifier,AEK-124,AEK-124,Fuse (3.15A) - KU
A-51,Integrated Amplifier,AEK-125,AEK-125,FUSE 4A * REK1066
SA-530,Integrated Amplifier,AEK-125,AEK-125,Fuse (5A) - S
SX-50,Receiver,AEK-125,AEK-125,Fuse (4A)
SA-530,Integrated Amplifier,AEK-126,AEK-126,Fuse (5A) - KU
SA-950,Integrated Amplifier,AEK-126,AEK-126,Fuse (5A) - KC
GR-777,Equalizer,AEK-136,AEK-136,Fuse (500mA/125V) - KUC
SX-434,Receiver,AEK-200-0,AEK-200,Fuse  3A (AC power - KCU)
SX-535,Receiver,AEK-200-0,AEK-200,Fuse (primary)  3A (KCU)
SX-636,Receiver,AEK-202-0,AEK-202,Fuse 4A (protection - KCU)
QX-949A,Receiver,AEK-205,AEK-205,Fuse 6A (with leads - KCU type)
M-25,Amplifier,AEK-300,AEK-300,Fuse
SA-9900,Integrated Amplifier,AEK-300-0,AEK-300,"Fuse 8A (F1, primary)"
SPEC-2,Amplifier,AEK-301,AEK-301,Fuse 12A (Primary)
SX-1250,Receiver,AEK-301,AEK-301,12A Primary voltage : 110V/120V (KCU)
SX-1250,Receiver,AEK-301,AEK-301,12A Primary voltage : 110V/120V (S)
SX-1250,Receiver,AEK-301,AEK-301,Fuse 12A (primary)
SX-1280,Receiver,AEK-301,AEK-301,Fuse 12A
SX-1050,Receiver,AEK-302,AEK-302,Fuse 10A
SX-1080,Receiver,AEK-302,AEK-302,FUSE (10A)
SX-1980,Receiver,AEK-303,AEK-303,Fuse  15A
A-88X,Integrated Amplifier,AEK-304,AEK-304,"Fuse (FU1, FU2)"
SX-8,Receiver,AEK-304,AEK-304,Fuse (8A) 110/120V KU-type
SX-8,Receiver,AEK-304,AEK-304,Fuse (8A) 110/120V S/SG-type
SX-D5000,Receiver,AEK-304,AEK-304,Fuse (8A)
SX-3900,Receiver,AEK-305,AEK-305,Fuse 10A
A-90,Integrated Amplifier,AEK-306,AEK-306,Fuse (15A)
SA-930,Integrated Amplifier,AEK-308,AEK-308,Fuse (5A)
SA-930,Integrated Amplifier,AEK-308,AEK-308,Fuse (5A) - KU
SA-940,Integrated Amplifier,AEK-308,AEK-308,Fuse (5A) - KU
SA-950,Integrated Amplifier,AEK-308,AEK-308,Fuse (5A) - KU
A-60,Integrated Amplifier,AEK-309,AEK-309,Fuse (6.3A) - KU
A-71,Integrated Amplifier,AEK-309,AEK-309,FUSE 6.3A
A-77X,Integrated Amplifier,AEK-309,AEK-309,Fuse (6.3A)
A-77X,Integrated Amplifier,AEK-309,AEK-309,Fuse (6.3A) - KU
SA-1040,Integrated Amplifier,AEK-309,AEK-309,Fuse (6.3A) - KU
SA-1050,Integrated Amplifier,AEK-309,AEK-309,Fuse (6.3A) - KU
SX-60,Receiver,AEK-309,AEK-309,Fuse (6.3A)
A-7,Integrated Amplifier,AEK-400,AEK-400,Fuse T4A FU1
SA-9900,Integrated Amplifier,AEK-400-0,AEK-400,"Fuse 4A (F1, primary) - GN"
SX-450,Receiver,AEK-400,AEK-400,Fuse 4A (HG)
SX-450,Receiver,AEK-400,AEK-400,Fuse 4A (HG)
SX-535,Receiver,AEK-400-0,AEK-400,Fuse (protection)  4A (GN)
SX-550,Receiver,AEK-400,AEK-400,Fuse 4A (HG)
SX-550,Receiver,AEK-400,AEK-400,Fuse 4A (HG)
SX-636,Receiver,AEK-400-0,AEK-400,Fuse 4A (protection - GN)
A-60,Integrated Amplifier,AEK-401,AEK-401,Fuse (T500mA) - HB
A-60,Integrated Amplifier,AEK-401,AEK-401,Fuse (T500mA) - HB
A-60,Integrated Amplifier,AEK-401,AEK-401,Fuse (T500mA) - HE
A-60,Integrated Amplifier,AEK-401,AEK-401,Fuse (T500mA) - HE
A-66X,Integrated Amplifier,AEK-401,AEK-401,Fuse (0.5A)
A-77X,Integrated Amplifier,AEK-401,AEK-401,Fuse (T500mA) - HE
SA-706,Integrated Amplifier,AEK-401,AEK-401,Fuse (500rnA - HG)
SX-450,Receiver,AEK-401,AEK-401,Fuse 0.5A (HG)
SX-450,Receiver,AEK-401,AEK-401,Fuse 0.5A (HG)
TX-6500II,Tuner,AEK-401,AEK-401,Fuse 500mA (Primary - HG)
TX-6500II,Tuner,AEK-401,AEK-401,Fuse 500mA (Secondary - HG)
TX-6500II,Tuner,AEK-401,AEK-401,Fuse 500mA (Secondary - HG)
TX-9500II,Tuner,AEK-401,AEK-401,Fuse 500mA (Primary - HG)
A-80,Integrated Amplifier,AEK-402,AEK-402,Fuse (T1A) - HE
A-9,Integrated Amplifier,AEK-402,AEK-402,Fuse (1A) - HE
SA-530,Integrated Amplifier,AEK-402,AEK-402,Fuse (T1A) - HB
SA-530,Integrated Amplifier,AEK-402,AEK-402,Fuse (T1A) - HE
SA-530,Integrated Amplifier,AEK-402,AEK-402,Fuse (T1A) - HEZ
SA-530,Integrated Amplifier,AEK-402,AEK-402,Fuse (T1A) - YP
SA-9900,Integrated Amplifier,AEK-402-0,AEK-402,"Fuse 1A (F2, F3, secondary) - GN"
SA-9900,Integrated Amplifier,AEK-402-0,AEK-402,"Fuse 1A (F4, lamp) - GN"
SX-1250,Receiver,AEK-402,AEK-402,1A Fuse Secondary (HG)
SX-550,Receiver,AEK-402,AEK-402,Fuse 1A (HG)
SX-550,Receiver,AEK-402,AEK-402,Fuse 1A (HG)
TX-530L,Tuner,AEK-402,AEK-402,Fuse
A-6,Integrated Amplifier,AEK-403,AEK-403,Fuse (T2.5A/AC250V) - HE
A-66X,Integrated Amplifier,AEK-403,AEK-403,Fuse (2.5A)
GR-551,Equalizer,AEK-403,AEK-403,Fuse (T2.5A/250V) - HEZ
GR-555,Equalizer,AEK-403,AEK-403,Fuse (T2.5A/260V) - HEZ
GR-777,Equalizer,AEK-403,AEK-403,Fuse (T2.5A/250V) - HEZ
SA-1050,Integrated Amplifier,AEK-403,AEK-403,Fuse (T2.5A) - YP
SA-530,Integrated Amplifier,AEK-403,AEK-403,Fuse (T2.5A) - HB
SA-530,Integrated Amplifier,AEK-403,AEK-403,Fuse (T2.5A) - HE
SA-530,Integrated Amplifier,AEK-403,AEK-403,Fuse (T2.5A) - HEZ
SA-530,Integrated Amplifier,AEK-403,AEK-403,Fuse (T2.5A) - HEZ
SA-530,Integrated Amplifier,AEK-403,AEK-403,Fuse (T2.5A) - YP
SA-706,Integrated Amplifier,AEK-403,AEK-403,Fuse (2.5A for 220V/240V - HG)
SA-708,Integrated Amplifier,AEK-403,AEK-403,Fuse (2.5A)
SA-710,Integrated Amplifier,AEK-403,AEK-403,Fuse - HE  (T2.5A)
SA-930,Integrated Amplifier,AEK-403,AEK-403,Fuse (T2.5A) - HE
SA-930,Integrated Amplifier,AEK-403,AEK-403,Fuse (T2.5A) - HEZ
SA-940,Integrated Amplifier,AEK-403,AEK-403,Fuse (T2.5A) - HB
SA-940,Integrated Amplifier,AEK-403,AEK-403,Fuse (T2.5A) - HE
SA-950,Integrated Amplifier,AEK-403,AEK-403,Fuse (2.5A) - HE
SA-950,Integrated Amplifier,AEK-403,AEK-403,Fuse (2.5A) - HEZ
SX-600L,Receiver,AEK-403,AEK-403,Fuse (2.5A) - HE
SX-700L,Receiver,AEK-403,AEK-403,Fuse T2.5A 250V - HE
A-80,Integrated Amplifier,AEK-404,AEK-404,Fuse (T6.3A) - HE
SX-1250,Receiver,AEK-404,AEK-404,6.3A Primary voltage : 220V/240V (HG)
SX-700L,Receiver,AEK-404,AEK-404,Fuse T2.5A 250V
A-9,Integrated Amplifier,AEK-405,AEK-405,Fuse(T1.6A 250V)
SX-1250,Receiver,AEK-405,AEK-405,1.6A Lamp circuits (HG)
SX-450,Receiver,AEK-405,AEK-405,Fuse 1.6A (HG)
SX-450,Receiver,AEK-405,AEK-405,Fuse 1.6A (HG)
SX-550,Receiver,AEK-405,AEK-405,Fuse 1.6A (HG)
SX-650,Receiver,AEK-405,AEK-405,Fuse 1.6A (HG)
SX-650,Receiver,AEK-405,AEK-405,Fuse 1.6A (HG)
SX-700L,Receiver,AEK-405,AEK-405,Fuse T1.6A 250V
TX-6500II,Tuner,AEK-405,AEK-405,Fuse 1.6A (Secondary - HG)
GR-777,Equalizer,AEK-406,AEK-406,Fuse (T630mA/250V) - HEZ
GR-777,Equalizer,AEK-406,AEK-406,Fuse (T630mA/250V) - SD
GR-777,Equalizer,AEK-406,AEK-406,Fuse (T630mA/250V) - SD/G
SX-600L,Receiver,AEK-406,AEK-406,Fuse (630mA)
TX-130L,Tuner,AEK-406,AEK-406,Fuse (T630mA)
A-80,Integrated Amplifier,AEK-407,AEK-407,Fuse (T0.4A) - HE
GR-777,Equalizer,AEK-407,AEK-407,Fuse (T400mA/260V) - HEZ
GR-777,Equalizer,AEK-407,AEK-407,Fuse (T400mA/260V) - SD
GR-777,Equalizer,AEK-407,AEK-407,Fuse (T400mA/260V) - SD/G
TX-950,Tuner,AEK-407,AEK-407,Fuse (T400mA/250V) - HEZ
TX-950,Tuner,AEK-407,AEK-407,Fuse (T400mA/250V) - YP
SA-3000,Integrated Amplifier,AEK-408,AEK-408,Fuse 160mA
SA-606,Integrated Amplifier,AEK-408,AEK-408,Fuse 160mA (HG)
SA-6700,Integrated Amplifier,AEK-408,AEK-408,Fuse 160mA (KC)
SA-706,Integrated Amplifier,AEK-408,AEK-408,Fuse (160mA - HG)
SA-7700,Integrated Amplifier,AEK-408,AEK-408,Fuse 160mA (KC)
SA-3000,Integrated Amplifier,AEK-409,AEK-409,Fuse 125mA
A-77X,Integrated Amplifier,AEK-505,AEK-505,Fuse (T500mA) - HB
A-77X,Integrated Amplifier,AEK-511,AEK-511,Fuse (T2A) - HB
GR-551,Equalizer,AEK-512,AEK-512,Fuse (T2.5A/250V) - HB
SA-9500,Integrated Amplifier,AEK-I06-0,AEK-I06,Fuse 1A
SA-9500,Integrated Amplifier,AEK-I06-0,AEK-I06,Fuse 1A
A-717,Integrated Amplifier,AEK1002,AEK1002,FUSE 8A
QX-8000,Receiver,AEL-001-A,AEL-001,Lamp Ass'y
QX-8000A,Receiver,AEL-001-A,AEL-001,Lamp ass’y
TX-1000,Tuner,AEL-002,AEL-002,PILOT LAMP AEL-019
TX-6200,Tuner,AEL-004-0,AEL-004,Pilot lamp (for dial scale)
TX-8100,Tuner,AEL-004-0,AEL-004,Wire clip (A)
QX-646,Receiver,AEL-006-0,AEL-006,Pilot lamp (CD-4 indicator)
QX-747,Receiver,AEL-006-0,AEL-006,"Pilot lamp 6V, 30mA (stereo indicator)"
QX-949,Receiver,AEL-006-0,AEL-006,Pilot lamp 6V 30mA (Stereo indicator)
SX-424,Receiver,AEL-006-0,AEL-006,Pilot lamp for signal meter
SX-525,Receiver,AEL-006-0,AEL-006,Pilot lamp for FM stereo indicator
SX-626 (1973),Receiver,AEL-006-0,AEL-006,"Pilot lamp 6V, 30mA (stereo indicator)"
TX-6200,Tuner,AEL-006-0,AEL-006,Pilot lamp
QX-4000,Receiver,AEL-007-0,AEL-007,Pilot lamp for program and channel indicators
QX-646,Receiver,AEL-007-0,AEL-007,Pilot lamp (Program and mode indicators)
QX-747,Receiver,AEL-007-0,AEL-007,Pilot lamp 8V 50mA (program indicator)
QX-8000A,Receiver,AEL-007-0,AEL-007,Pilot lamp for program indicator
QX-8000A,Receiver,AEL-007-0,AEL-007,Pilot lamp for program indicator
QX-8000A,Receiver,AEL-007-0,AEL-007,Pilot lamp for program indicator
QX-8000A,Receiver,AEL-007-0,AEL-007,Pilot lamp for program indicator
QX-8000A,Receiver,AEL-007-0,AEL-007,Pilot lamp for program indicator
QX-949,Receiver,AEL-007-0,AEL-007,Pilot lamp 6V 50mA (Program indicator)
QX-9900,Receiver,AEL-007-0,AEL-007,Pilot lamp for program indicator
QX-9900,Receiver,AEL-007-0,AEL-007,Pilot lamp for reverberation indicator
SA-5200,Integrated Amplifier,AEL-007-0,AEL-007,Pilot lamp (power indicator)
SA-7100,Integrated Amplifier,AEL-007-0,AEL-007,Pilot lamp
SA-8100,Integrated Amplifier,AEL-007-0,AEL-007,Pilot lamp for indicator
SA-9100,Integrated Amplifier,AEL-007-0,AEL-007,Pilot lamp for indicator
SX-525,Receiver,AEL-007-0,AEL-007,Pilot lamp for program indicator
SX-626 (1971),Receiver,AEL-007-0,AEL-007,Pilot lamp for program indicator
SX-727,Receiver,AEL-007-0,AEL-007,Pilot lamp for program indicator
SX-828,Receiver,AEL-007-0,AEL-007,Pilot lamp for program indicator and speaker indicator
TX-7100,Tuner,AEL-007-0,AEL-007,Pilot lamp (program indicator)
TX-8100,Tuner,AEL-007-0,AEL-007,Pilot lamp (program indicator)
TX-9100,Tuner,AEL-007-0,AEL-007,Pilot lamp (for program indicator)
TX-9100,Tuner,AEL-007-0,AEL-007,Pilot lamp (for program indicator)
QX-9900,Receiver,AEL-011-0,AEL-011,Pilot lamp for speaker switch
QX-9900,Receiver,AEL-012-0,AEL-012,Channel indicator
Exclusive M3,Amplifier,AEL-014-0,AEL-014,"Pilot lamp 8V, 50mA"
SA-7100,Integrated Amplifier,AEL-014-0,AEL-014,Pilot lamp (Protection)
SA-8100,Integrated Amplifier,AEL-014-0,AEL-014,Pilot lamp for protection   KUW model
SA-9100,Integrated Amplifier,AEL-014-0,AEL-014,Pilot lamp for protection
SX-1010,Receiver,AEL-014-0,AEL-014,"Pilot lamp 6V, 30mA (stereo indicator)"
SX-838,Receiver,AEL-014-0,AEL-014,"Pilot lamp 6V, 30mA (Stereo indicator)"
SX-939,Receiver,AEL-014-0,AEL-014,"Pilot lamp 8V, 50mA"
SX-939,Receiver,AEL-014-0,AEL-014,"Pilot lamp BV, 50mA (stereo indicator)"
QL-600,Integrated Amplifier,AEL-015,AEL-015,LAMP(DIAL/POWER)
QL-600A,Integrated Amplifier,AEL-015,AEL-015,LAMP(DIAL/POWER)
QM-800,Amplifier,AEL-015,AEL-015,LAMP(DIAL/POWER)
QM-800A,Amplifier,AEL-015,AEL-015,LAMP(DIAL/POWER)
QT-2100,8-Track Tape,AEL-015,AEL-015,LAMP(DIAL/POWER)
QX-4000,Receiver,AEL-015,AEL-015,LAMP(DIAL/POWER)
QX-747,Receiver,AEL-015-0,AEL-015,Pilot lamp 8V 0.3A (meter)
QX-747,Receiver,AEL-015-0,AEL-015,"Pilot lamp 8V, 0.3A"
QX-747A,Receiver,AEL-015,AEL-015,"Lamp 8V, 300rnA, bar type (Meter illumination)"
QX-8000,Receiver,AEL-015,AEL-015,LAMP(DIAL/POWER)
QX-8000A,Receiver,AEL-015,AEL-015,LAMP(DIAL/POWER)
QX-949,Receiver,AEL-015-0,AEL-015,Pilot lamp 8V 0.3A (twin meter)
QX-949A,Receiver,AEL-015,AEL-015,"Lamp 8V, 300mA, bar type (Meter illumination)"
QX-9900,Receiver,AEL-015,AEL-015,LAMP(DIAL/POWER)
SX-1010,Receiver,AEL-015-0,AEL-015,"Pilot lamp 8V, 0.3A (meter)"
SX-838,Receiver,AEL-015-0,AEL-015,"Pilot lamp 8V, 0.3A (meter)"
SX-939,Receiver,AEL-015-0,AEL-015,"Pilot lamp 8V, 0.3A (meter)"
TX-1000,Tuner,AEL-015,AEL-015,LAMP(DIAL/POWER)
TX-500,Tuner,AEL-015,AEL-015,LAMP(DIAL/POWER)
TX-5300,Tuner,AEL-015,AEL-015,LAMP(DIAL/POWER)
TX-700,Tuner,AEL-015,AEL-015,LAMP(DIAL/POWER)
TX-7100,Tuner,AEL-015-0,AEL-015,Pilot lamp (tuning and signal meters)
TX-800,Tuner,AEL-015,AEL-015,LAMP(DIAL/POWER)
TX-8100,Tuner,AEL-015-0,AEL-015,Pilot lamp (tuning and signal meter)
TX-900,Tuner,AEL-015,AEL-015,LAMP(DIAL/POWER)
TX-9100,Tuner,AEL-015-0,AEL-015,Pilot lamp (for meter)
SX-434,Receiver,AEL-017-0,AEL-017,"Pilot lamp 6V, 30mA (stereo indicator)"
TX-5300,Tuner,AEL-017-A,AEL-017,"Lamp 6V, 30mA (PL1, stereo ind.)"
QX-8000,Receiver,AEL-019,AEL-019,PILOT LAMP(FUNCTIONS INDICATOR)
TX-710,Tuner,AEL-019,AEL-019,PILOT LAMP(FUNCTIONS INDICATOR)
Exclusive M3,Amplifier,AEL-020-0,AEL-020,"Pilot lamp 8V,0.3A (Meter)"
QX-747A,Receiver,AEL-022,AEL-022,"Lamp 8V, 50mA, with leads (Program indicator)"
QX-949A,Receiver,AEL-022,AEL-022,"Lamp 8V, 50mA, with leads (Program indicator)"
SA-9900,Integrated Amplifier,AEL-022-A,AEL-022,"Lamp (with leads, PL1, 8V 50mA)"
SX-636,Receiver,AEL-022-0,AEL-022,"Pilot lamp 8V, 50mA (Program indicator)"
SX-636,Receiver,AEL-022-0,AEL-022,"Pilot lamp 8V, 50mA (program indicator)"
SX-737,Receiver,AEL-022-0,AEL-022,"Pilot lamp 8V, 50mA (program indicator)"
SX-737,Receiver,AEL-022-0,AEL-022,"Pilot lamp 8V, 50mA (program indicator)"
SX-838,Receiver,AEL-022-0,AEL-022,"Pilot lamp 8V,50mA(program indicator)"
SX-939,Receiver,AEL-022-0,AEL-022,"Pilot lamp 8V, 50mA"
SX-939,Receiver,AEL-022-0,AEL-022,"Pilot lamp 8V, 50mA (program indicator)"
SX-1010,Receiver,AEL-023-0,AEL-023,Pilot lamp 8V 50 mA (Position)
SX-737,Receiver,AEL-023-0,AEL-023,"Pilot lamp BV,50mA(program indicator)"
SX-838,Receiver,AEL-023-0,AEL-023,"Pilot lamp 8V,50mA (program indicator)"
SX-939,Receiver,AEL-023-0,AEL-023,"Pilot lamp 8V, 50mA"
SX-939,Receiver,AEL-023-0,AEL-023,"Pilot lamp 8V, 50mA (program indicator)"
QX-747A,Receiver,AEL-025,AEL-025,"Lamp 6V, 30mA, with leads (CD-4 indicator)"
QX-949A,Receiver,AEL-025,AEL-025,"Lamp 6V, 30mA, with leads (CD-4 indicator)"
SX-535,Receiver,AEL-025-0,AEL-025,Lamp - dial pointer 8V 50mA
SX-535,Receiver,AEL-025-0,AEL-025,"Pilot lamp 8V, 50mA (Stereo indicator)"
SX-636,Receiver,AEL-025-0,AEL-025,"Pilot lamp 6V, 30mA (stereo indicator)"
TX-7500,Tuner,AEL-025,AEL-025,PILOT LAMP(STEREO INDICATOR)
TX-7800,Tuner,AEL-025,AEL-025,Lamp 8V 300mA
TX-9500,Tuner,AEL-025-0,AEL-025,"Lamp 6V (STEREO INDICATOR), 30mA (with leads)"
TX-5300,Tuner,AEL-026-0,AEL-026,Lamp 8V 50mA (AM/FM meter) with leads
TX-5300,Tuner,AEL-026-0,AEL-026,"Lamp 8V, 50mA (PL2, meter) with leads"
TX-7500,Tuner,AEL-026,AEL-026,PILOT LAMP
SX-1080,Receiver,AEL-029,AEL-029,Wedge typa pilot lamp (Dial scale)
SX-1080,Receiver,AEL-029,AEL-029,Wedge type pilot lamp (Dial scale)
SX-1080,Receiver,AEL-029,AEL-029,Wedge type pilot lamp (Dial scale)
SX-1280,Receiver,AEL-029,AEL-029,Lamp (wedge type)  0.3A
SX-1280,Receiver,AEL-029,AEL-029,Lamp (wedge type)  0.3A
SX-1280,Receiver,AEL-029,AEL-029,Lamp (wedge type)  0.3A
SX-1280,Receiver,AEL-029,AEL-029,Lamp (wedge type)  0.3A
SX-1980,Receiver,AEL-029,AEL-029,Lamp (wedge type) 8V  0.3A
SX-1980,Receiver,AEL-029,AEL-029,Lamp (wedge type) 8V  0.3A
SX-1980,Receiver,AEL-029,AEL-029,Lamp (wedge type) 8V  0.3A
SX-1980,Receiver,AEL-029,AEL-029,Lamp (wedge type) 8V  0.3A
SX-3500,Receiver,AEL-029,AEL-029,Lamp (wedge type)
SX-3600/720,Receiver,AEL-029,AEL-029,Lamp (wedge type)
SX-3700,Receiver,AEL-029,AEL-029,Lamp (wedge type)
SX-3900,Receiver,AEL-029,AEL-029,Lamp (wedge type)
SX-580/590,Receiver,AEL-029,AEL-029,"Lamp (wedge type, 8V 0.3A)"
SX-680/690,Receiver,AEL-029,AEL-029,"Lamp (wedge type, 8v 0.3A)"
SX-780,Receiver,AEL-029,AEL-029,Lamp (wedge type) 8V/0.3A
SX-820,Receiver,AEL-029,AEL-029,Lamp (wedge type)
SX-850,Receiver,AEL-029,AEL-029,"Lamp (8V, 0.3A, wedge-type)"
SX-880/890,Receiver,AEL-029,AEL-029,"Lamp (wedge type 8V,0.3A)"
SX-950,Receiver,AEL-029,AEL-029,"Lamp (8V, 0.3A, wedge-type)"
SX-980,Receiver,AEL-029,AEL-029,Wedge type pilot lamp
TX-6800/608,Tuner,AEL-029,AEL-029,Lamp (wedge type)
TX-8500II,Tuner,AEL-029,AEL-029,"Lamp (Wedge type) 8V, 300mA"
TX-9500,Tuner,AEL-029-0,AEL-029,"Lamp 8V, 300mA (wedge type)"
TX-9500II,Tuner,AEL-029,AEL-029,"Lamp (Wedge type 8V, 300mA"
TX-9500II,Tuner,AEL-029,AEL-029,"Lamp (Wedge type) 8V, 300mA"
TX-9500II,Tuner,AEL-029,AEL-029,"Lamp (Wedge type) 8V, 300mA"
TX-9500II,Tuner,AEL-029,AEL-029,"Lamp (Wedge type) 8V, 300mA"
RG-1,Dynamic Range Expander,AEL-042,AEL-042,Lamp with lead 8V 50mA (Power indicator)
RG-1,Dynamic Range Expander,AEL-042,AEL-042,"Lamp with leads, 8V 50mA  (PL1, Power Indicator)"
SPEC-2,Amplifier,AEL-042,AEL-042,"Lamp with wire 8V, 50mA"
SA-7500II,Integrated Amplifier,AEL-044,AEL-044,"Lamp with leads 8V, 50mA"
A-27,Integrated Amplifier,AEL-047,AEL-047,Lamp with wires (8V 50mA)
C-21,Pre-Amplifier,AEL-047,AEL-047,PILOT LAMP(SPEAKER)
SA-6500,Integrated Amplifier,AEL-047,AEL-047,"Lamp with wire (8V, 50rnA)"
SA-6500II,Integrated Amplifier,AEL-047,AEL-047,"Lamp with wire (8V, 50mA)"
SA-6500II,Integrated Amplifier,AEL-047,AEL-047,Lamp with wire 8V 50mA
SA-8800,Integrated Amplifier,AEL-047,AEL-047,Lamp with wires
SX-3900,Receiver,AEL-047,AEL-047,Lamp with wires (SPEAKERS)
SA-9500,Integrated Amplifier,AEL-051-0,AEL-051,Lamp with wire 8V 50mA
SA-9500,Integrated Amplifier,AEL-051-0,AEL-051,"Lamp with wire 8V, 50mA"
SX-1050,Receiver,AEL-056,AEL-056,PL1 Lamp assembly 8V
SX-1050,Receiver,AEL-056,AEL-056,PL2 Lamp assembly 8V
SX-1050,Receiver,AEL-056,AEL-056,PL3 Lamp assembly 8V
SX-1050,Receiver,AEL-056,AEL-056,PL4 Lamp assembly 8V
SX-1250,Receiver,AEL-056,AEL-056,"Lamp assembly (8V, 0.3A)"
SX-1250,Receiver,AEL-056,AEL-056,"Lamp assembly (8V, 0.3A)"
SX-1250,Receiver,AEL-056,AEL-056,"Lamp assembly (8V, 0.3Al"
SX-1250,Receiver,AEL-056,AEL-056,"Lamp assembly (8V, 0.3A]"
SX-850,Receiver,AEL-056,AEL-056,"Lamp assembly - Lamp(8V, 0.3A,wedge-type AEL-029) / Lamp socket (wedge-type AKK-004)"
SX-850,Receiver,AEL-056,AEL-056,"Lamp assembly - Lamp(8V, 0.3A,wedge-type AEL-029) / Lamp socket (wedge-type AKK-004)"
SX-850,Receiver,AEL-056,AEL-056,"Lamp assembly - Lamp(8V, 0.3A,wedge-type AEL-029) / Lamp socket (wedge-type AKK-004)"
SX-850,Receiver,AEL-056,AEL-056,"Lamp assembly - Lamp(8V, 0.3A,wedge-type AEL-029) / Lamp socket (wedge-type AKK-004)"
SX-950,Receiver,AEL-056,AEL-056,Lamp assembly (PL1—PL4)
SX-950,Receiver,AEL-056,AEL-056,"Lamp assembly - Lamp(8V, 0.3A,wedge-type AEL-029) / Lamp socket (wedge-type AKK-004)"
SX-950,Receiver,AEL-056,AEL-056,"Lamp assembly - Lamp(8V, 0.3A,wedge-type AEL-029) / Lamp socket (wedge-type AKK-004)"
SX-950,Receiver,AEL-056,AEL-056,"Lamp assembly - Lamp(8V, 0.3A,wedge-type AEL-029) / Lamp socket (wedge-type AKK-004)"
SX-950,Receiver,AEL-056,AEL-056,"Lamp assembly - Lamp(8V, 0.3A,wedge-type AEL-029) / Lamp socket (wedge-type AKK-004)"
SPEC-1,Pre-Amplifier,AEL-057,AEL-057,Lamp with wire 8V 50mA (PL1)
RG-1,Dynamic Range Expander,AEL-058,AEL-058,Lamp (bar type) 8V 0.3A (Meter illumination)
RG-1,Dynamic Range Expander,AEL-058,AEL-058,Lamp (bar type) 8V 0.3A (Meter illumination)
RG-1,Dynamic Range Expander,AEL-058,AEL-058,"Lamp, bar-type, 8V 0.3A - (PL2, Meter illumination)"
SPEC-2,Amplifier,AEL-058,AEL-058,"Lamp (bar type) 8V, 0.3A"
SPEC-2,Amplifier,AEL-058,AEL-058,"Lamp (bar type) 8V, 0.3A"
SPEC-2,Amplifier,AEL-058,AEL-058,"Lamp (bar type) 8V, 0.3A"
SPEC-2,Amplifier,AEL-058,AEL-058,Lamp (bar type) 8V. 0.3A
TX-6500II,Tuner,AEL-059,AEL-059,"Lamp with wire 6V, 30mA"
TX-6500II,Tuner,AEL-059,AEL-059,"Lamp with wire 8V, 30mA"
SX-450,Receiver,AEL-060,AEL-060,"Lamp assembly (KU,KC)"
SX-450,Receiver,AEL-060,AEL-060,"Lamp assembly (KU,KC)"
SX-450,Receiver,AEL-060,AEL-060,"Lamp assembly (KU,KC)"
SX-550,Receiver,AEL-060,AEL-060,Lamp assembly 8V 300mA
SX-550,Receiver,AEL-060,AEL-060,Lamp assembly 8V 300mA
SX-550,Receiver,AEL-060,AEL-060,Lamp assembly 8V 300mA
SX-650,Receiver,AEL-060,AEL-060,Lamp assembly 8V 300mA
SX-650,Receiver,AEL-060,AEL-060,Lamp assembly 8V 300mA
SX-650,Receiver,AEL-060,AEL-060,Lamp assembly 8V 300mA
SX-750,Receiver,AEL-060,AEL-060,Lamp assembly
SX-750,Receiver,AEL-060,AEL-060,"Lamp assembly (8V, 0.3A)"
SX-750,Receiver,AEL-060,AEL-060,"Lamp assembly (8V, 0.3A)"
SX-750,Receiver,AEL-060,AEL-060,"Lamp assembly (8V, 0.3A)"
TX-6500II,Tuner,AEL-060,AEL-060,"Lamp assembly 8V, 300mA - KU"
TX-6500II,Tuner,AEL-060,AEL-060,"Lamp assembly 8V, 300mA - KU"
TX-6500II,Tuner,AEL-060,AEL-060,"Lamp assembly 8V, 300mA - KU"
SX-450,Receiver,AEL-061,AEL-061,"Lamp with leads (KU,KC)"
SX-550,Receiver,AEL-061,AEL-061,Lamp with leads 6V 50mA
SX-650,Receiver,AEL-061,AEL-061,Lamp with leads 8V 50mA
C-21,Pre-Amplifier,AEL-062,AEL-062,Lamp with wires (POWER)
SX-450,Receiver,AEL-062,AEL-062,"Lamp with leads (KU,KC)"
SX-550,Receiver,AEL-062,AEL-062,Lamp with leads 6V 50mA
SG-9500,Equalizer,AEL-063,AEL-063,Lamp with leads (8V 50mA)
SX-750,Receiver,AEL-064,AEL-064,"Lamp with leads (8V, 50mA)"
A-88X,Integrated Amplifier,AEL-065,AEL-065,Pilot lamp (Blue lead)
SX-3900,Receiver,AEL-065,AEL-065,Lamp wlth wires
SX-750,Receiver,AEL-066,AEL-066,"Lamp with leads (8V, 50mA)"
A-88X,Integrated Amplifier,AEL-067,AEL-067,Pilot lamp (Black lead)
SX-1080,Receiver,AEL-067,AEL-067,Piiot lamp with wire (AM)
SX-1080,Receiver,AEL-067,AEL-067,Pilot lamp with wire (AUX)
SX-1080,Receiver,AEL-067,AEL-067,Pilot lamp with wire (PHONO)
SX-1280,Receiver,AEL-067,AEL-067,Lamp with wires  50mA
SX-1280,Receiver,AEL-067,AEL-067,Lamp with wires  50mA
SX-1280,Receiver,AEL-067,AEL-067,Lamp with wires  50mA
SX-1980,Receiver,AEL-067,AEL-067,Lamn with wires 8V  50mA
SX-1980,Receiver,AEL-067,AEL-067,Lamp (wedge type) 8V  50mA
SX-1980,Receiver,AEL-067,AEL-067,Lamp with wires 8V  50m A
SX-1980,Receiver,AEL-067,AEL-067,Lamp with wires 8V  50mA
SX-1980,Receiver,AEL-067,AEL-067,Lamp with wires 8V  50mA
SX-750,Receiver,AEL-067,AEL-067,"Lamp with leads (8V, 50mA)"
SX-980,Receiver,AEL-067,AEL-067,Pilot lamp with wire
SX-750,Receiver,AEL-068,AEL-068,"Lamp with leads (8V, 50mA)"
M-22,Amplifier,AEL-069,AEL-069,"Lamp with wires 8V, 50mA (KL-type)"
M-22,Amplifier,AEL-069,AEL-069,"Lamp with wires 8V, 50mA (N-type)"
M-25,Amplifier,AEL-069,AEL-069,PL1
SA-3000,Integrated Amplifier,AEL-069,AEL-069,Lamp 7.5V  50mA (KU)
SA-7800,Integrated Amplifier,AEL-069,AEL-069,Lamp with wives 8V 50mA
SA-9500II,Integrated Amplifier,AEL-069,AEL-069,"Lamp with leads 8V, 50mA"
SA-9500II,Integrated Amplifier,AEL-069,AEL-069,"Lamp with leads 8V, 50mA"
SX-1050,Receiver,AEL-069,AEL-069,PL13 Lamp with wire 8V
SX-1080,Receiver,AEL-069,AEL-069,Pilot lamp with wire (FM)
SX-1080,Receiver,AEL-069,AEL-069,Pilot lamp with wire (STEREO IND.)
SX-1250,Receiver,AEL-069,AEL-069,"Lamp with leads (8V, 50mA, STEREO)"
SX-1280,Receiver,AEL-069,AEL-069,Lamp with wires  50mA
SX-1280,Receiver,AEL-069,AEL-069,Lamp with wires  50mA
SX-1980,Receiver,AEL-069,AEL-069,Lamp with wires 8V  50mA
SX-1980,Receiver,AEL-069,AEL-069,Lamp with wires 8V  50mA
SX-3900,Receiver,AEL-069,AEL-069,"Lamp with wires (FM, AM,PHONO 2, PHONO 1)"
SX-650,Receiver,AEL-069,AEL-069,Lamp with leads 8V 50mA
SX-750,Receiver,AEL-069,AEL-069,"Lamp with leads (8V, 50mA)"
SX-750,Receiver,AEL-069,AEL-069,"Lamp with leads (8V, 50mA)"
SX-850,Receiver,AEL-069,AEL-069,"Lamp with leads (8V, 50mA)"
SX-950,Receiver,AEL-069,AEL-069,"Lamp with leads (8V, 50mA)"
SX-980,Receiver,AEL-069,AEL-069,Pilot lamp with wire
TX-6500,Tuner,AEL-070,AEL-070,PILOT LAMP
SX-1050,Receiver,AEL-072,AEL-072,PL11 Lamp with wire 8V
SX-1050,Receiver,AEL-072,AEL-072,PL6 Lamp with wire 8V
SX-1250,Receiver,AEL-072,AEL-072,"Lamp with leads (8V, 50mA, PH-2)"
SX-1250,Receiver,AEL-072,AEL-072,"Lamp with leads (8V, 50mA, SP-B)"
SX-1280,Receiver,AEL-072,AEL-072,Lamp with wires  50mA
SX-850,Receiver,AEL-072,AEL-072,"Lamp with leads (8V, 50mA)"
SX-850,Receiver,AEL-072,AEL-072,"Lamp with leads (8V, 50mA)"
SX-950,Receiver,AEL-072,AEL-072,"Lamp with leads (8V, 50mA)"
SX-950,Receiver,AEL-072,AEL-072,"Lamp with leads (8V, 50mA)"
TX-7800,Tuner,AEL-072,AEL-072,Lamp 8V 50mA
TX-8500II,Tuner,AEL-072,AEL-072,Lamp with wire 8V 50mA (STEREO)
TX-9500II,Tuner,AEL-072,AEL-072,"Lamp with wire 8V, 50mA"
TX-9500II,Tuner,AEL-072,AEL-072,"Lamp with wire 8V, 50mA"
TX-9500II,Tuner,AEL-072,AEL-072,"PILOT LAMP(SPEAKER ""B""/STEREO)"
SX-1050,Receiver,AEL-073,AEL-073,PL12 Lamp with wire 8V
SX-1050,Receiver,AEL-073,AEL-073,PL7 Lamp with wire 8V
SX-1250,Receiver,AEL-073,AEL-073,"Lamp with leads (8V, 50mA, AUX)"
SX-1250,Receiver,AEL-073,AEL-073,"Lamp with leads (8V, 50mA, SP-C)"
SX-850,Receiver,AEL-073,AEL-073,"Lamp with leads (8V, 50mA)"
SX-850,Receiver,AEL-073,AEL-073,"Lamp with leads (8V, 50mA)"
SX-950,Receiver,AEL-073,AEL-073,"Lamp with leads (8V, 50mA)"
SX-950,Receiver,AEL-073,AEL-073,"Lamp with leads (8V, 50mA)"
SX-1050,Receiver,AEL-074,AEL-074,PL10 Lamp with wire 8V
SX-1050,Receiver,AEL-074,AEL-074,PL5 Lamp with wire 8V
SX-1250,Receiver,AEL-074,AEL-074,"Lamp with leads (8V, 50mA, PH-1)"
SX-1250,Receiver,AEL-074,AEL-074,"Lamp with leads (8V, 50mA, SP-A)"
SX-950,Receiver,AEL-074,AEL-074,"Lamp with leads (8V, 50mA)"
SX-950,Receiver,AEL-074,AEL-074,"Lamp with leads (8V, 50mA)"
A-717,Integrated Amplifier,AEL-075,AEL-075,"SPKR, FUNCTION LAMP"
A-80,Integrated Amplifier,AEL-075,AEL-075,"Lamp 8V, 50mA (SPKR, FUNCTION LAMP)"
A-90,Integrated Amplifier,AEL-075,AEL-075,"Lamp (8V, 50mA)"
A-90,Integrated Amplifier,AEL-075,AEL-075,"Lamp (8V, 50mA)"
A-90,Integrated Amplifier,AEL-075,AEL-075,Lamp (white lead)
SA-420,Integrated Amplifier,AEL-075,AEL-075,Lamp (Wire term. 8V/50mA - FUNCTION)
SX-1050,Receiver,AEL-075,AEL-075,PL9 Lamp with wire 8V
SX-1250,Receiver,AEL-075,AEL-075,"Lamp with leads (8V, 50mA, FM)"
SX-3500,Receiver,AEL-075,AEL-075,Lamp with wires 8V 50mA (STEREO IND)
SX-3600/720,Receiver,AEL-075,AEL-075,"Lamp with wire (8V, 50mA)"
SX-3700,Receiver,AEL-075,AEL-075,"Lamp with wire (8V,50mA)"
SX-3900,Receiver,AEL-075,AEL-075,Lamp with wlres
SX-820,Receiver,AEL-075,AEL-075,"Lamp with wire (8V,50mA)"
SX-850,Receiver,AEL-075,AEL-075,"Lamp with leads (8V, 50mA)"
SX-950,Receiver,AEL-075,AEL-075,"Lamp with leads (8V, 50mA)"
SX-D5000,Receiver,AEL-075,AEL-075,Memory lamp  8V  50mA
SX-D7000,Receiver,AEL-075,AEL-075,Stereo  8V 50mA
TX-530L,Tuner,AEL-075,AEL-075,Lamp with wires
TX-7800,Tuner,AEL-075,AEL-075,"SPKR, FUNCTION LAMP"
SX-1050,Receiver,AEL-076,AEL-076,PL8 Lamp with wire 8v
SX-1250,Receiver,AEL-076,AEL-076,"Lamp with leads (8V, 50mA, AM)"
SX-850,Receiver,AEL-076,AEL-076,"Lamp with leads (8V, 50mA)"
SX-950,Receiver,AEL-076,AEL-076,"Lamp with leads (8V, 50mA)"
SPEC-4,Amplifier,AEL-077,AEL-077,"Lamp (bar type) BV, 300mA"
TX-8500II,Tuner,AEL-079,AEL-079,Lamp with wire 30mA
TX-9500II,Tuner,AEL-079,AEL-079,"Lamp with wire 6V, 30mA"
TX-9500II,Tuner,AEL-079,AEL-079,"Lamp with wire GV, 30mA"
TX-8500II,Tuner,AEL-080,AEL-080,"Lamp with wire 6V, 30mA (PILOT LAMP)"
TX-9500II,Tuner,AEL-080,AEL-080,"Lamp with wire 6V, 30mA"
TX-9500II,Tuner,AEL-080,AEL-080,PILOT LAMP
SA-8500II,Integrated Amplifier,AEL-081,AEL-081,"Lamp with leads 8V, 50mA"
SX-850,Receiver,AEL-082,AEL-082,"Lamp with leads (8V, 50mA)"
TX-6500II,Tuner,AEL-085,AEL-085,"Lamp assembly 8V, 300mA - KC"
TX-6500II,Tuner,AEL-085,AEL-085,"Lamp assembly 8V, 300mA - KC"
TX-6500II,Tuner,AEL-085,AEL-085,"Lamp assembly 8V, 300mA - KC"
A-717,Integrated Amplifier,AEL-093,AEL-093,PILOT LAMP A-80
A-80,Integrated Amplifier,AEL-093,AEL-093,"Lamp 8V, 50mA (PILOT)"
A-90,Integrated Amplifier,AEL-093,AEL-093,"Lamp (8V, 50mA)"
A-90,Integrated Amplifier,AEL-093,AEL-093,"Lamp (8V, 50mA)"
A-90,Integrated Amplifier,AEL-093,AEL-093,Lamp (black lead)
SA-9800,Integrated Amplifier,AEL-095,AEL-095,Lamp with wires
SX-1980,Receiver,AEL-095,AEL-095,Lamp with wires 8V  50mA
SX-3900,Receiver,AEL-095,AEL-095,Lamp with wires (AUX)
SA-3000,Integrated Amplifier,AEL-097,AEL-097,"Lamp 7.5V  50mA (HE, HB)"
F-28,Tuner,AEL-098,AEL-098,"Lamp 3V, 50mA"
TX-606,Tuner,AEL-099,AEL-099,PILOT LAMP(DIAL POINTER)
TX-6700,Tuner,AEL-099,AEL-099,PILOT LAMP(DIAL POINTER)
SA-606,Integrated Amplifier,AEL-101,AEL-101,Lamp (with in power meter)
SA-606,Integrated Amplifier,AEL-101,AEL-101,Lamp (with in power meter)
SA-6700,Integrated Amplifier,AEL-101,AEL-101,Lamp (with in power meter)
SA-6700,Integrated Amplifier,AEL-101,AEL-101,Lamp (with in power meter)
SA-706,Integrated Amplifier,AEL-101,AEL-101,"Lamp 8V, 55mA (for meter)"
SA-7700,Integrated Amplifier,AEL-101,AEL-101,"Lamp 8V, 55mA (for meter)"
SR-303,Reverb,AEL-103,AEL-103,PL1 -PL8 Lamp 8V 70mA (bar-type)
SX-3400,Receiver,AEL-114,AEL-114,Pilot lamp with wire (S)
SX-3400,Receiver,AEL-119,AEL-119,Meter Lamp 8V 300mA (wedge type)
SX-3500,Receiver,AEL-119,AEL-119,Lamp assembly
SX-3600/720,Receiver,AEL-119,AEL-119,"Wedge lamp assembly (8V, 300mA)"
SX-3600/720,Receiver,AEL-119,AEL-119,"Wedge lamp assembly(8V, 300mA)"
SX-D5000,Receiver,AEL-126,AEL-126,Lamp with wires
SX-3400,Receiver,AEL-140,AEL-140,Pilot Lamp with wires 8V 100mA (KU)
SX-600,Receiver,AEL-140,AEL-140,"Lamp with wire (8V, 100mA)"
SX-600L,Receiver,AEL-140,AEL-140,"Lamp with wire (8V, 100mA)"
SX-700,Receiver,AEL-140,AEL-140,"Lamp with wire (8V, 100mA)"
SX-700L,Receiver,AEL-140,AEL-140,Lamp with wire
SX-D5000,Receiver,AEL-141,AEL-141,Lamp with wires
SX-D7000,Receiver,AEL-142,AEL-142,Lamp with wires (KU)
SX-D5000,Receiver,AEL-145,AEL-145,Lamp with wires
SX-D7000,Receiver,AEL-150,AEL-150,Lamp with wires (KC)
A-7,Integrated Amplifier,AEL-152,AEL-152,Lamp assembly
A-9,Integrated Amplifier,AEL-153,AEL-153,Lamp assumbly (4 lamps)
SA-530,Integrated Amplifier,AEL-157,AEL-157,Lamp assembly (FUNCTION INDICATORS)
SA-930,Integrated Amplifier,AEL-157,AEL-157,Lamp assembly
A-77X,Integrated Amplifier,AEL-161,AEL-161,Pilot lamp
TX-130L,Tuner,AEL-165,AEL-165,Lamp assembly
TX-530L,Tuner,AEL-165,AEL-165,Lamp assembly
SX-60,Receiver,AEL-169,AEL-169,Lamp (8V-100mA)
SX-60,Receiver,AEL-171,AEL-171,Lamp (8V-100mA)
A-88X,Integrated Amplifier,AEL-172,AEL-172,Pilot lamp
A-77X,Integrated Amplifier,AEL-175,AEL-175,Pilot lamp (LINE STRAIGHT)
F-28,Tuner,AEL-305,AEL-305,LED (red)
F-28,Tuner,AEL-307,AEL-307,LED (red)
SA-606,Integrated Amplifier,AEL-307,AEL-307,LED (Peak indicator)
SA-606,Integrated Amplifier,AEL-307,AEL-307,LED (Peak indicator)
SA-6700,Integrated Amplifier,AEL-307,AEL-307,LED (Peak indicator)
SA-6700,Integrated Amplifier,AEL-307,AEL-307,LED (Peak indicator)
SA-706,Integrated Amplifier,AEL-307,AEL-307,LED (PEAK indicator)
SA-706,Integrated Amplifier,AEL-307,AEL-307,LED (PEAK indicator)
SA-7700,Integrated Amplifier,AEL-307,AEL-307,LED (PEAK indicator)
SA-7700,Integrated Amplifier,AEL-307,AEL-307,LED (PEAK indicator)
SX-580/590,Receiver,AEL-307,AEL-307,"LED (STEREO, red)"
SX-580/590,Receiver,AEL-307,AEL-307,"LED (TAPE MONITOR, red)"
SX-680/690,Receiver,AEL-307,AEL-307,"LED (STEREO, red)"
SX-680/690,Receiver,AEL-307,AEL-307,LED (TAPE MONITOR; red)
SX-780,Receiver,AEL-307,AEL-307,LED (SOURCE-green)
SX-780,Receiver,AEL-307,AEL-307,LED (STEREO-red)
SX-780,Receiver,AEL-307,AEL-307,LED (TAPE MONITOR-red)
TX-6700,Tuner,AEL-307,AEL-307,"LED(FUNCTIONS,POWER)"
SA-606,Integrated Amplifier,AEL-308,AEL-308,LED (Power indicator)
SA-6700,Integrated Amplifier,AEL-308,AEL-308,LED (Power indicator)
SA-706,Integrated Amplifier,AEL-308,AEL-308,LED (POWER indicator)
SA-7700,Integrated Amplifier,AEL-308,AEL-308,LED (POWER indicator)
SX-580/590,Receiver,AEL-308,AEL-308,"LED (SOURCE, green)"
SX-680/690,Receiver,AEL-308,AEL-308,"LED (SOURCE, green)"
TX-6700,Tuner,AEL-308,AEL-308,"LED(SOURCE/AUX/STEREO ""GREEN"")"
SX-1980,Receiver,AEL-309,AEL-309,LED (FINE TUNE)
SX-1980,Receiver,AEL-309,AEL-309,LED (STEREO)
SX-1980,Receiver,AEL-310,AEL-310,LED (QUARTZ LOCKED)
TX-6800/608,Tuner,AEL-315,AEL-315,LED (STEREO)
TX-D1000,Tuner,AEL-315,AEL-315,LED
TX-7800,Tuner,AEL-316,AEL-316,LED
SX-3600/720,Receiver,AEL-318,AEL-318,LED (FUNCTION)
TX-6800/608,Tuner,AEL-319,AEL-319,"LED (AM, FM)"
TX-D1000,Tuner,AEL-319,AEL-319,LED
SA-710,Integrated Amplifier,AEL-320,AEL-320,LED
TX-710,Tuner,AEL-320,AEL-320,LED
SG-9800,Equalizer,AEL-322,AEL-322,LED (EQ SLIDER)
RG-2,Dynamic Range Expander,AEL-324,AEL-324,LED(SPEAKER/TAPE MONITOR)
RG-9,Dynamic Range Expander,AEL-324,AEL-324,LED(SPEAKER/TAPE MONITOR)
SG-9,Equalizer,AEL-324,AEL-324,LED (OVERLOAD)
SG-9,Equalizer,AEL-324,AEL-324,LED (TAPE MONITOR)
SG-9,Equalizer,AEL-324,AEL-324,LED(SPEAKER/TAPE MONITOR)
SG-9800,Equalizer,AEL-324,AEL-324,LED (OVERLOAD indicator)
SG-9800,Equalizer,AEL-324,AEL-324,LED (TAPE MONITOR indicator)
SG-9800,Equalizer,AEL-324,AEL-324,LED(SPEAKER/TAPE MONITOR)
SR-303,Reverb,AEL-324,AEL-324,LED (MONITOR)
SX-3600/720,Receiver,AEL-324,AEL-324,LED (SPEAKERS)
A-7,Integrated Amplifier,AEL-325,AEL-325,LED(POWER)
A-8,Integrated Amplifier,AEL-325,AEL-325,LED(POWER)
A-9,Integrated Amplifier,AEL-325,AEL-325,LED (Orange)
RG-2,Dynamic Range Expander,AEL-325,AEL-325,LED(POWER)
RG-9,Dynamic Range Expander,AEL-325,AEL-325,LED(POWER)
SG-9,Equalizer,AEL-325,AEL-325,LED (POWER)
SG-9,Equalizer,AEL-325,AEL-325,LED(POWER)
SG-9800,Equalizer,AEL-325,AEL-325,LED (POWER indicator)
SG-9800,Equalizer,AEL-325,AEL-325,LED(POWER)
SR-303,Reverb,AEL-325,AEL-325,LED (POWER)
TX-520,Tuner,AEL-334,AEL-334,LED(STEREO INDICATOR)
TX-710,Tuner,AEL-334,AEL-334,LED(STEREO INDICATOR)
TX-710,Tuner,AEL-343,AEL-343,LED(TUNED)
A-7,Integrated Amplifier,AEL-346,AEL-346,GREEN LED
A-8,Integrated Amplifier,AEL-346,AEL-346,GREEN LED
A-9,Integrated Amplifier,AEL-346,AEL-346,LED (Green)
F-7,Tuner,AEL-351,AEL-351,LED (STATION)
SX-5,Receiver,AEL-351,AEL-351,LED(Green)
SX-7,Receiver,AEL-351,AEL-351,"LED (PHONO,AUX/VIDEO)"
F-7,Tuner,AEL-352,AEL-352,LED (STEREO)
F-7,Tuner,AEL-353,AEL-353,"LED array (FM,AM)"
F-7,Tuner,AEL-354,AEL-354,LED array (SIGNAL 1 - 5)
F-7,Tuner,AEL-355,AEL-355,LED numeric display
A-9,Integrated Amplifier,AEL-357,AEL-357,LED (Red/Green)
SX-5,Receiver,AEL-365,AEL-365,LED(Red)
SX-7,Receiver,AEL-365,AEL-365,LED (STATlON)
SX-7,Receiver,AEL-365,AEL-365,LED (TAPE MONITOR)
SX-8,Receiver,AEL-365,AEL-365,LED (Station indicator)
A-40,Integrated Amplifier,AEL-369,AEL-369,"LED(VCR#1/VCR#2 ""ORANGE"")"
SA-1040,Integrated Amplifier,AEL-369,AEL-369,LED indicator (ADAPTER/TAPE2)
SA-1050,Integrated Amplifier,AEL-369,AEL-369,LED indicator (ADAPTER/TAPE2)
SA-930,Integrated Amplifier,AEL-369,AEL-369,LED (FUNCTION)
SA-940,Integrated Amplifier,AEL-369,AEL-369,LED (ADAPTOR/TAPE2)
SA-950,Integrated Amplifier,AEL-369,AEL-369,LED (ADAPTOR/TAPE2)
A-40,Integrated Amplifier,AEL-370,AEL-370,LED SA930
SA-1040,Integrated Amplifier,AEL-370,AEL-370,LED (FUNCTION)
SA-1050,Integrated Amplifier,AEL-370,AEL-370,LED (FUNCTION)
SA-930,Integrated Amplifier,AEL-370,AEL-370,LED
SA-940,Integrated Amplifier,AEL-370,AEL-370,LED (FUNCTION INDICATORS)
SA-950,Integrated Amplifier,AEL-370,AEL-370,LED (FUNCTION INDICATORS)
TX-930,Tuner,AEL-371,AEL-371,"LED (Green, SIGNAL)"
TX-930,Tuner,AEL-372,AEL-372,"LED (Red, STATION)"
TX-930,Tuner,AEL-372,AEL-372,"LED (Red, STEREO)"
SX-7,Receiver,AEL-376,AEL-376,"LED (FM,AM,VOLUME)"
SX-7,Receiver,AEL-376,AEL-376,LED (SIGNAL)
SX-7,Receiver,AEL-377,AEL-377,"LED (PRESET STEP,MUTING)"
SX-7,Receiver,AEL-377,AEL-377,LED (STEREO)
SX-5,Receiver,AEL-378,AEL-378,LED numeric display
SX-7,Receiver,AEL-378,AEL-378,LED numeric display
SX-8,Receiver,AEL-378,AEL-378,LED numeric display (Frequency/Time)
SX-4,Receiver,AEL-379,AEL-379,LED array
RG-60,Dynamic Range Expander,AEL-382,AEL-382,LED (RED)
TX-540,Tuner,AEL-382,AEL-382,"LED MEMO/AUTO TUNE/STEREO/PWR """
TX-550,Tuner,AEL-382,AEL-382,"LED MEMO/AUTO TUNE/STEREO/PWR """
TX-555Z,Tuner,AEL-382,AEL-382,"LED MEMO/AUTO TUNE/STEREO/PWR """
TX-560/BK,Tuner,AEL-382,AEL-382,"LED MEMO/AUTO TUNE/STEREO/PWR """
A-77X,Integrated Amplifier,AEL-383,AEL-383,LED (MUTING)
A-77X,Integrated Amplifier,AEL-383,AEL-383,"LED (SPA, SPB)"
A-77X,Integrated Amplifier,AEL-383,AEL-383,LED (SUBSONIC)
A-77X,Integrated Amplifier,AEL-383,AEL-383,LED (TAPE COPY)
A-77X,Integrated Amplifier,AEL-383,AEL-383,LED(POWER)SAV1200BK
A-88X,Integrated Amplifier,AEL-383,AEL-383,LED(POWER)SAV1200BK
SG-90,Equalizer,AEL-383,AEL-383,LED (Green)
TX-05,Tuner,AEL-383,AEL-383,LED(POWER)SAV1200BK
TX-540,Tuner,AEL-383,AEL-383,LED(POWER)SAV1200BK
TX-550,Tuner,AEL-383,AEL-383,LED(POWER)SAV1200BK
TX-930,Tuner,AEL-383,AEL-383,"LED (Green, FM, AM, AUTO SCAN)"
A-70,Integrated Amplifier,AEL-388,AEL-388,"LED (BASS, TREBLE)"
A-70,Integrated Amplifier,AEL-388,AEL-388,LED(STEREO/POWER)
A-77X,Integrated Amplifier,AEL-388,AEL-388,"LED (TAPE1/2, FUNCTIONS)"
A-77X,Integrated Amplifier,AEL-388,AEL-388,LED(STEREO/POWER)
A-88X,Integrated Amplifier,AEL-388,AEL-388,LED(STEREO/POWER)
F-90,Tuner,AEL-388,AEL-388,LED
SG-90,Equalizer,AEL-388,AEL-388,LED (Red)
SG-90,Equalizer,AEL-388,AEL-388,LED(STEREO/POWER)
TX-05,Tuner,AEL-388,AEL-388,LED(STEREO/POWER)
SX-8,Receiver,AEL-391,AEL-391,LED numeric display (VOLUME)
SX-8,Receiver,AEL-392,AEL-392,LED indicator (TONE)
TX-930,Tuner,AEL-395,AEL-395,LED numeric display
A-70,Integrated Amplifier,AEL-398,AEL-398,LED (PEAK POWER)
A-60,Integrated Amplifier,AEL-404,AEL-404,LED
A-70,Integrated Amplifier,AEL-404,AEL-404,"LED (FUNCTION, MUTING)"
A-70,Integrated Amplifier,AEL-404,AEL-404,"LED (LINE STRAIGHT, SUBSONlC)"
A-70,Integrated Amplifier,AEL-404,AEL-404,"LED (POWER, SPEAKERS)"
A-70,Integrated Amplifier,AEL-404,AEL-404,"LED (TAPE, LOUDNESS)"
A-717,Integrated Amplifier,AEL-404,AEL-404,LED AX3
A-80,Integrated Amplifier,AEL-404,AEL-404,"LED (PEAK POWER, LINE STRAIGHT, SUBSONIC)"
A-80,Integrated Amplifier,AEL-404,AEL-404,"LED (TAPE COPY, TAPE MONITOR, FUNCTION, MUTING)"
A-90,Integrated Amplifier,AEL-404,AEL-404,"LED (POWER, FUNCTION, LINE STRAIGHT, SUBSONIC, TAPE COPY)"
SX-202,Receiver,AEL-405,AEL-405,(Red) Pointer
SX-202,Receiver,AEL-406,AEL-406,(Red STEREO)
SX-202,Receiver,AEL-407,AEL-407,(Green TUNING)
SG-90,Equalizer,AEL-420,AEL-420,LED (C range)
SG-90,Equalizer,AEL-420,AEL-420,LED (Orange)
F-90,Tuner,AEL-423,AEL-423,LED numeric display
TX-555Z,Tuner,AEL-424,AEL-424,LED SX40
TX-560/BK,Tuner,AEL-424,AEL-424,LED SX40
RG-60,Dynamic Range Expander,AEL-426,AEL-426,LED (TAPE/VIDEO-ORN)
TX-101Z,Tuner,AEL-434,AEL-434,LED TX101ZZUC
TX-101Z,Tuner,AEL-435,AEL-435,LED TX101ZZUC
GR-551,Equalizer,AEL-443,AEL-443,LED (TAPE MONITOR)
GR-555,Equalizer,AEL-443,AEL-443,LED (TAPE MONITOR)
GR-551,Equalizer,AEL-450,AEL-450,LED (EQUALIZER)
GR-555,Equalizer,AEL-450,AEL-450,LED (EQUALIZER)
TX-1090Z,Tuner,AEL1009,AEL1009,"LED(BAND,TUNING)TX1090Z"
TX-1090Z,Tuner,AEL1015,AEL1015,LED (MEMORY)TX1090Z
QX-949A,Receiver,AEO-116,AEO-116,Spacer
SX-50,Receiver,AEP-007,AEP-007,Bumper
F-90,Tuner,AEP-016,AEP-016,Foot ass'y
A-77X,Integrated Amplifier,AEP-194,AEP-194,Nylon rivet (Black) - HB
A-77X,Integrated Amplifier,AEP-194,AEP-194,Nylon rivet (Black) - HE
A-77X,Integrated Amplifier,AEP-194,AEP-194,Nylon rivet (Black) - KU
A-77X,Integrated Amplifier,AEP-194,AEP-194,Nylon rivet (Black) - S
A-77X,Integrated Amplifier,AEP-194,AEP-194,Nylon rivet (Black) - S/G
A-77X,Integrated Amplifier,AEP-210,AEP-210,Nylon rivet (Silver) - HE
A-77X,Integrated Amplifier,AEP-211,AEP-211,Nylon rivet
A-88X,Integrated Amplifier,AEP-211,AEP-211,Nylon rivet
A-66X,Integrated Amplifier,AEP-251,AEP-251,Leg
A-77X,Integrated Amplifier,AEP-251,AEP-251,Leg assembly
A-88X,Integrated Amplifier,AEP-251,AEP-251,Leg assembly
A-66X,Integrated Amplifier,AEP-313,AEP-313,Mica sheet
A-27,Integrated Amplifier,AEX-001,AEX-001,Micro temp
Exclusive M3,Amplifier,AEX-001-0,AEX-001,Thermo-fuse
SX-3900,Receiver,AEX-001,AEX-001,Temperature-sensitive fuse
SA-500A,Integrated Amplifier,AEX-002-O,AEX-002,Fuse 2A for Protection (KU)
SA-500A,Integrated Amplifier,AEX-004-O,AEX-004,Fuse 1A for Protection (KU)
TX-930,Tuner,AEX-008,AEX-008,Lithium battery
TX-930,Tuner,AEX-011,AEX-011,Ni-Cd battery
SA-950,Integrated Amplifier,AFG-073,AFG-073,AC power cord - KU
SD-1000,Other,AHA-002-2,AHA-002,CARDBOARD CUSHION A
SD-1100,Other,AHA-002-0,AHA-002,Cardboard cushion A
SD-1000,Other,AHA-003-0,AHA-003,CARDBOARD CUSHION B
SD-1100,Other,AHA-003-0,AHA-003,Cardboard cushion B
SX-6000,Receiver,AHA-004-A,AHA-004,Protector styrene
QX-8000,Receiver,AHA-005-0,AHA-005,Side Pad for packing
QX-8000A,Receiver,AHA-005-0,AHA-005,Side pad
QL-600,Integrated Amplifier,AHA-006-0,AHA-006,Packing Spacer
QL-600A,Integrated Amplifier,AHA-006-A,AHA-006,Styrol spacer
QX-4000,Receiver,AHA-007-A,AHA-007,Styrotector
SX-525,Receiver,AHA-007-0,AHA-007,Styrotector
SX-626 (1971),Receiver,AHA-007-0,AHA-007,Styrotector
SX-727,Receiver,AHA-012-A,AHA-012,Side pad lLl
SX-828,Receiver,AHA-012-A,AHA-012,Side pad (L)
SX-727,Receiver,AHA-013-A,AHA-013,Side pad (R)
SX-828,Receiver,AHA-013-A,AHA-013,Side pad (R)
F-7,Tuner,AHA-015,AHA-015,Rear pad
SX-424,Receiver,AHA-019-0,AHA-019,Side pad
SX-434,Receiver,AHA-019-0,AHA-019,Side pad
QX-9900,Receiver,AHA-023-A,AHA-023,Side pad (L) ass'y
QX-9900,Receiver,AHA-024-A,AHA-024,Side pad (R) ass'y
TX-7100,Tuner,AHA-029-0,AHA-029,STYROTECTOR (UPPER)
TX-9100,Tuner,AHA-029-0,AHA-029,Styrotector (upper)
SA-5200,Integrated Amplifier,AHA-031-0,AHA-031,Side pad
QX-646,Receiver,AHA-035-0,AHA-035,Side pad (L)
QX-646,Receiver,AHA-036-0,AHA-036,Side pad (R)
QX-949,Receiver,AHA-038-0,AHA-038,Side pad (L)
QX-949,Receiver,AHA-039-0,AHA-039,Side pad (R)
QX-747,Receiver,AHA-040-A,AHA-040,Side pad (L)
QX-747,Receiver,AHA-041-A,AHA-041,Side pad (R)
Exclusive M3,Amplifier,AHA-050-0,AHA-050,Side pad (L) assembly
Exclusive M3,Amplifier,AHA-051-0,AHA-051,Side pad (R) assembly
SX-939,Receiver,AHA-066-A,AHA-066,Side pad (L)
SX-737,Receiver,AHA-068-0,AHA-068,Side pad
SX-636,Receiver,AHA-069-0,AHA-069,Side pad
SA-9900,Integrated Amplifier,AHA-077-0,AHA-077,Side pad (L)
SA-9900,Integrated Amplifier,AHA-078-0,AHA-078,Side pad (R)
TX-9500,Tuner,AHA-081-0,AHA-081,Side pad
TX-6500II,Tuner,AHA-104,AHA-104,Side pad
C-21,Pre-Amplifier,AHA-113,AHA-113,Side pad
SA-9500II,Integrated Amplifier,AHA-130,AHA-130,Side pad
TX-8500II,Tuner,AHA-131,AHA-131,Side pad
SX-939,Receiver,AHA-167-A,AHA-167,Side pad (R)
A-27,Integrated Amplifier,AHA-172,AHA-172,Top pad L
A-27,Integrated Amplifier,AHA-173,AHA-173,Top pad R
A-27,Integrated Amplifier,AHA-174,AHA-174,Bottom pad L
A-27,Integrated Amplifier,AHA-175,AHA-175,Bottom pad R
SA-708,Integrated Amplifier,AHA-187,AHA-187,Side pad
SA-5800/508,Integrated Amplifier,AHA-188,AHA-188,Side pad - SA-5800/KU
SA-6800/608,Integrated Amplifier,AHA-188,AHA-188,Side pad  (SA-6800)
TX-6800/608,Tuner,AHA-188,AHA-188,Side pad (TX-6800/KU)
SA-5800/508,Integrated Amplifier,AHA-189,AHA-189,Side pad - SA-508/KU
SA-6800/608,Integrated Amplifier,AHA-189,AHA-189,Side pad  (SA-608)
TX-6800/608,Tuner,AHA-189,AHA-189,Side pad (TX-608/KU)
A-27,Integrated Amplifier,AHA-196,AHA-196,Top pad
SX-3600/720,Receiver,AHA-197,AHA-197,Side pad L
SX-680/690,Receiver,AHA-197,AHA-197,Side pad L
SX-3600/720,Receiver,AHA-198,AHA-198,Side pad R
SX-680/690,Receiver,AHA-198,AHA-198,Side pad R
RG-2,Dynamic Range Expander,AHA-201,AHA-201,Side pad
SR-303,Reverb,AHA-201,AHA-201,Side pad
SA-3000,Integrated Amplifier,AHA-223,AHA-223,Front pad
SA-3000,Integrated Amplifier,AHA-224,AHA-224,Rear pad
SX-3800,Receiver,AHA-246,AHA-246,Side pad
SX-3900,Receiver,AHA-247,AHA-247,Side pad
F-90,Tuner,AHA-248,AHA-248,Front pad
F-90,Tuner,AHA-249,AHA-249,Rear pad
SX-3900,Receiver,AHA-251,AHA-251,Rear pad
SX-3700,Receiver,AHA-252,AHA-252,Side pad
SX-820,Receiver,AHA-252,AHA-252,Side pad
SX-3400,Receiver,AHA-253,AHA-253,Side pad
SX-600,Receiver,AHA-254,AHA-254,Side panel
SX-600L,Receiver,AHA-254,AHA-254,Side pad
SX-700,Receiver,AHA-254,AHA-254,Side pad
SX-700L,Receiver,AHA-254,AHA-254,Side pad
SX-D5000,Receiver,AHA-255,AHA-255,Corner pad
F-7,Tuner,AHA-275,AHA-275,Front pad
A-7,Integrated Amplifier,AHA-277,AHA-277,Side pad (L)
A-7,Integrated Amplifier,AHA-278,AHA-278,Side pad (R)
A-9,Integrated Amplifier,AHA-279,AHA-279,Side pad L
A-9,Integrated Amplifier,AHA-280,AHA-280,Side pad R
SA-420,Integrated Amplifier,AHA-290,AHA-290,Side pad
SX-4,Receiver,AHA-294,AHA-294,Side pad
SX-5,Receiver,AHA-294,AHA-294,Side pad
SG-9,Equalizer,AHA-295,AHA-295,Side pad
TX-130L,Tuner,AHA-296,AHA-296,Front pad
TX-530L,Tuner,AHA-296,AHA-296,Front pad
TX-930,Tuner,AHA-296,AHA-296,Front pad
TX-130L,Tuner,AHA-297,AHA-297,Rear pad
TX-530L,Tuner,AHA-297,AHA-297,Rear pad
TX-930,Tuner,AHA-297,AHA-297,Rear pad
SA-530,Integrated Amplifier,AHA-298,AHA-298,Front rear pad
SA-930,Integrated Amplifier,AHA-298,AHA-298,Front rear pad
SX-6,Receiver,AHA-300,AHA-300,Side pad L
SX-7,Receiver,AHA-300,AHA-300,Side pad L
SX-6,Receiver,AHA-301,AHA-301,Side pad R
SX-7,Receiver,AHA-301,AHA-301,Side pad R
SX-8,Receiver,AHA-313,AHA-313,Side Pad L
SX-8,Receiver,AHA-314,AHA-314,Side pad R
A-80,Integrated Amplifier,AHA-323,AHA-323,Side pad L
A-77X,Integrated Amplifier,AHA-328,AHA-328,Side pad (L)
A-88X,Integrated Amplifier,AHA-328,AHA-328,Side pad L
A-90,Integrated Amplifier,AHA-328,AHA-328,Side pad L
A-77X,Integrated Amplifier,AHA-329,AHA-329,Side pad (R)
A-80,Integrated Amplifier,AHA-329,AHA-329,Side pad H
A-88X,Integrated Amplifier,AHA-329,AHA-329,Side pad R
A-90,Integrated Amplifier,AHA-329,AHA-329,Side pad R
SX-202,Receiver,AHA-335,AHA-335,Side pad
SA-940,Integrated Amplifier,AHA-340,AHA-340,Front rear pad
SA-950,Integrated Amplifier,AHA-340,AHA-340,Front rear pad
SA-970,Integrated Amplifier,AHA-340,AHA-340,Front rear pad
A-60,Integrated Amplifier,AHA-344,AHA-344,Side pad
SX-60,Receiver,AHA-346,AHA-346,Front pad
SX-60,Receiver,AHA-347,AHA-347,Rear pad
SX-50,Receiver,AHA-348,AHA-348,Front pad
SX-50,Receiver,AHA-349,AHA-349,Rear pad
RG-60,Dynamic Range Expander,AHA-366,AHA-366,Side pad
TX-950,Tuner,AHA-376,AHA-376,Side pad
GR-551,Equalizer,AHA1024,AHA1024,From Rear pad
GR-555,Equalizer,AHA1024,AHA1024,From Rear pad
GR-777,Equalizer,AHA1095,AHA1095,Front rear pad
QX-8000,Receiver,AHB-001-0,AHB-001,Paper Pad for Packing
QX-8000A,Receiver,AHB-001-0,AHB-001,Cardboard protector
QX-8000,Receiver,AHB-002-A,AHB-002,Top Pad for Packing
QX-8000A,Receiver,AHB-002-A,AHB-002,Top pad
SX-727,Receiver,AHB-006-0,AHB-006,Cardboard protector
SX-828,Receiver,AHB-006-0,AHB-006,Cardboard protector
SX-727,Receiver,AHB-007-0,AHB-007,Top pad
SX-828,Receiver,AHB-007-0,AHB-007,Top pad
QL-600A,Integrated Amplifier,AHB-009-A,AHB-009,Protector
QX-9900,Receiver,AHB-010-A,AHB-010,Top pad
QX-747,Receiver,AHB-012-0,AHB-012,Reinforced cardboard
QX-949,Receiver,AHB-012-0,AHB-012,Cardboard protector
QX-646,Receiver,AHB-014-0,AHB-014,Top pad
Exclusive M3,Amplifier,AHB-019-0,AHB-019,Cardboard protector
C-21,Pre-Amplifier,AHB-068,AHB-068,Cardboard spacer
A-27,Integrated Amplifier,AHB-087,AHB-087,Spacer L
A-27,Integrated Amplifier,AHB-088,AHB-088,Spacer R
SX-880/890,Receiver,AHB-096,AHB-096,Cardboard spacer (SX-880/SG)
F-28,Tuner,AHB-097,AHB-097,Spacer (S/G)
A-27,Integrated Amplifier,AHB-098,AHB-098,Cardboard Spacer - S/G
SX-434,Receiver,AHB-102-0,AHB-102,Operating instructions SX-434 (English)
SG-9,Equalizer,AHB-103,AHB-103,Spacer - R/G
SX-3800,Receiver,AHB-104,AHB-104,Spacer (S/G)
SX-8,Receiver,AHB-111,AHB-111,Cardboard spacer S/G-type
RG-60,Dynamic Range Expander,AHB-142,AHB-142,Packing spacer (S/G type only)
A-77X,Integrated Amplifier,AHB-149,AHB-149,Protector A
A-88X,Integrated Amplifier,AHB-149,AHB-149,Protector A
A-77X,Integrated Amplifier,AHB-150,AHB-150,Protector B
A-88X,Integrated Amplifier,AHB-150,AHB-150,Protector B
A-77X,Integrated Amplifier,AHB-152,AHB-152,Carton spacer - S/G
SX-600L,Receiver,AHB-367,AHB-367,Operating instructions (English)
SX-50,Receiver,AHB-556,AHB-556,Operating instructions (English)  SX-50
A-90,Integrated Amplifier,AHB-561,AHB-561,Operating instructions  A-90 (Enghsh)
GR-551,Equalizer,AHB1023,AHB1023,Spacer - SD/G
GR-555,Equalizer,AHB1023,AHB1023,Spacer - SD/G
QX-646,Receiver,AHC-001-0,AHC-001,Accessory box
QX-8000,Receiver,AHC-001-0,AHC-001,Accessory Box
QX-8000A,Receiver,AHC-001-0,AHC-001,Accessory box
QX-9900,Receiver,AHC-001-0,AHC-001,Accessory box
SX-727,Receiver,AHC-001-0,AHC-001,Accessory box
SX-828,Receiver,AHC-001-0,AHC-001,Accessory box
QX-9900,Receiver,AHC-003-B,AHC-003,Inside packing
QX-949,Receiver,AHC-006-0,AHC-006,Inside packing
QX-747,Receiver,AHC-007-0,AHC-007,Inside packing
Exclusive M3,Amplifier,AHC-010-0,AHC-010,Inside packing
SX-939,Receiver,AHC-014-A,AHC-014,inside packing
SX-737,Receiver,AHC-015-0,AHC-015,Inside packing
SA-9900,Integrated Amplifier,AHC-017-0,AHC-017,Inside packing
A-27,Integrated Amplifier,AHC-041,AHC-041,Inside packing
SX-3900,Receiver,AHC-042,AHC-042,Inside packlng
SX-D5000,Receiver,AHC-056,AHC-056,Inside packing
A-9,Integrated Amplifier,AHC-063,AHC-063,lnside packing
SX-8,Receiver,AHC-063,AHC-063,Inside parking KU-type
SX-8,Receiver,AHC-063,AHC-063,Inside parking S-type
SX-8,Receiver,AHC-064,AHC-064,Inside parking S/G-type
A-90,Integrated Amplifier,AHC-067,AHC-067,Wrapping case
SD-1000,Other,AHD-001-0,AHD-001,PACKING CASE
SA-1000,Integrated Amplifier,AHD-011-O,AHD-011,Packing case (FVW model)
SA-1000,Integrated Amplifier,AHD-012-O,AHD-012,Packing case (KUW model)
QC-800,Pre-Amplifier,AHD-016-0,AHD-016,Packing case
QA-800,Integrated Amplifier,AHD-017-0,AHD-017,Packing Case
SA-800,Integrated Amplifier,AHD-019-0,AHD-019,Packing case
SX-6000,Receiver,AHD-021-0,AHD-021,Packing Case
QX-8000,Receiver,AHD-022-A,AHD-022,Packing Case
SA-600,Integrated Amplifier,AHD-028-A,AHD-028,Packing case
QM-800,Amplifier,AHD-038-0,AHD-038,Packing case
QL-600,Integrated Amplifier,AHD-045-A,AHD-045,Packing Case
SA-500A,Integrated Amplifier,AHD-047-A,AHD-047,Packing Case
SX-626 (1971),Receiver,AHD-057-0,AHD-057,Packing case
SX-626 (1973),Receiver,AHD-057-B,AHD-057,Packing case (KUW)
SX-626 (1973),Receiver,AHD-058-A,AHD-058,Packing case (FVZW)
SX-434,Receiver,AHD-064-0,AHD-064,"Operating instructions SX-434 (French/German - FV,GN)"
SX-525,Receiver,AHD-064-0,AHD-064,Packing case
SX-727,Receiver,AHD-070-A,AHD-070,Packing case
SX-828,Receiver,AHD-078-0,AHD-078,Packing case (KUW)
SX-828,Receiver,AHD-080-0,AHD-080,Packing case (FVZW)
SX-828,Receiver,AHD-080-0,AHD-080,Packing case (FW)
SX-626 (1973),Receiver,AHD-081-A,AHD-081,Packing case (FW)
SX-626 (1973),Receiver,AHD-082-A,AHD-082,Packing case (KCW)
SX-626 (1973),Receiver,AHD-086-A,AHD-086,Packing case (NBW)
SX-424,Receiver,AHD-088-0,AHD-088,Packing case
QM-800A,Amplifier,AHD-098-0,AHD-098,Packing case
QA-800A,Integrated Amplifier,AHD-100-0,AHD-100,Packing case (FVW)
QA-800A,Integrated Amplifier,AHD-101-0,AHD-101,Packing case (KLW)
QC-800A,Pre-Amplifier,AHD-103-0,AHD-103,Packing case
QX-8000A,Receiver,AHD-105-0,AHD-105,Packing case (FW)
QX-8000A,Receiver,AHD-107-0,AHD-107,Packing case (KUW)
QL-600A,Integrated Amplifier,AHD-109-0,AHD-109,Packing case (KLW)
QL-600A,Integrated Amplifier,AHD-110-0,AHD-110,Packing case - FVW
QX-4000,Receiver,AHD-116,AHD-116,PACKING CASE (KLUW)
QX-9900,Receiver,AHD-119-A,AHD-119,Packing case (with printed code number)
QX-9900,Receiver,AHD-120-0,AHD-120,Packing case
SD-1100,Other,AHD-122-0,AHD-122,Packing case
SA-7100,Integrated Amplifier,AHD-127-0,AHD-127,Packing case for FVW model
SA-7100,Integrated Amplifier,AHD-128-A,AHD-128,Packing case for KUW model
SA-8100,Integrated Amplifier,AHD-136-0,AHD-136,Packing case for FVW model
SA-8100,Integrated Amplifier,AHD-137-0,AHD-137,Packing case for KUW model
SA-9100,Integrated Amplifier,AHD-138-0,AHD-138,Packing case for FVW model
SA-9100,Integrated Amplifier,AHD-139-A,AHD-139,Packing case for KUW model
TX-7100,Tuner,AHD-149-0,AHD-149,PACKING CASE (KUW model)
TX-7100,Tuner,AHD-150-0,AHD-150,PACKING CASE (KCW model)
TX-7100,Tuner,AHD-151-0,AHD-151,PACKING CASE (FW model)
TX-7100,Tuner,AHD-152-0,AHD-152,PACKING CASE (FVZW model)
TX-8100,Tuner,AHD-153-0,AHD-153,PACKING CASE (KUW model)
TX-6200,Tuner,AHD-154-0,AHD-154,Packing case (KU)
TX-8100,Tuner,AHD-154-0,AHD-154,PACKING CASE (KCW model)
TX-8100,Tuner,AHD-155-0,AHD-155,PACKING CASE (FW model)
TX-8100,Tuner,AHD-156-0,AHD-156,PACKING CASE (FVZW model)
TX-9100,Tuner,AHD-157-0,AHD-157,Packing case (KUW model)
TX-9100,Tuner,AHD-158-0,AHD-158,Packing case (KCW model)
TX-9100,Tuner,AHD-159-0,AHD-159,Packing case (FW model)
TX-9100,Tuner,AHD-160-0,AHD-160,Packing case (FVZW model)
SA-5200,Integrated Amplifier,AHD-162-0,AHD-162,Packing case (FV model)
SA-5200,Integrated Amplifier,AHD-163-0,AHD-163,Packing case (KU model)
TX-6200,Tuner,AHD-165-0,AHD-165,Packing case (F)
QX-646,Receiver,AHD-171-0,AHD-171,Packing case
SA-5200,Integrated Amplifier,AHD-179-0,AHD-179,Packing case (KC model)
QX-949,Receiver,AHD-186-0,AHD-186,Packing case (with cord number printed)
QX-949,Receiver,AHD-187-0,AHD-187,Packing case
QX-747,Receiver,AHD-188-0,AHD-188,Packing case with cord number printed
QX-747,Receiver,AHD-189-0,AHD-189,Packing case
Exclusive M3,Amplifier,AHD-203-B,AHD-203,Packing case
SX-939,Receiver,AHD-212-A,AHD-212,Packing case
SX-434,Receiver,AHD-215-0,AHD-215,Packing case
SX-737,Receiver,AHD-223-0,AHD-223,Packing case
SX-636,Receiver,AHD-225-0,AHD-225,Packing case
TX-5300,Tuner,AHD-246-0,AHD-246,Packing case
SA-9900,Integrated Amplifier,AHD-248-A,AHD-248,Packing case
TX-9500,Tuner,AHD-249-0,AHD-249,Packing case
SG-9500,Equalizer,AHD-298,AHD-298,Packing case
SX-550,Receiver,AHD-348,AHD-348,Packing case
SX-550,Receiver,AHD-350,AHD-350,Packing case (S)
SX-650,Receiver,AHD-382,AHD-382,Packing case (KU)
SX-650,Receiver,AHD-382,AHD-382,Packing case (S)
SX-650,Receiver,AHD-383,AHD-383,Packing case (KC)
SX-650,Receiver,AHD-384,AHD-384,Packing case (HG)
SA-8500II,Integrated Amplifier,AHD-430,AHD-430,Packing case-KU
SA-8500II,Integrated Amplifier,AHD-430,AHD-430,Packing case-S
SA-8500II,Integrated Amplifier,AHD-431,AHD-431,Packing case-KC
SA-8500II,Integrated Amplifier,AHD-432,AHD-432,Packing case-HG
SA-9500II,Integrated Amplifier,AHD-433,AHD-433,Packing case
TX-8500II,Tuner,AHD-436,AHD-436,Packing case - KU
TX-8500II,Tuner,AHD-436,AHD-436,Packing case - S
TX-8500II,Tuner,AHD-437,AHD-437,Packing case - KC
TX-8500II,Tuner,AHD-438,AHD-438,Packing case - HG
TX-6500II,Tuner,AHD-442,AHD-442,Packing case (English - KU)
TX-6500II,Tuner,AHD-442,AHD-442,Packing case (English - S)
TX-6500II,Tuner,AHD-443,AHD-443,Packing case (English/French - KC)
TX-6500II,Tuner,AHD-444,AHD-444,Packing case (HG)
M-22,Amplifier,AHD-474,AHD-474,Packing case
SA-7700,Integrated Amplifier,AHD-528,AHD-528,Packing case (KU)
SA-7700,Integrated Amplifier,AHD-529,AHD-529,Packing case (KC)
SA-706,Integrated Amplifier,AHD-530,AHD-530,Packing case (S)
SA-706,Integrated Amplifier,AHD-531,AHD-531,Packing case (S/G)
SA-706,Integrated Amplifier,AHD-532,AHD-532,Packing case (HG)
SA-6700,Integrated Amplifier,AHD-535,AHD-535,Packing case (KC)
SA-606,Integrated Amplifier,AHD-536,AHD-536,Packing case (S)
SA-606,Integrated Amplifier,AHD-537,AHD-537,Packing case (S/G)
SA-606,Integrated Amplifier,AHD-538,AHD-538,Packing case (HG)
M-25,Amplifier,AHD-548,AHD-548,Packing case
SX-580/590,Receiver,AHD-549,AHD-549,Packing case (SX-580/KU)
SX-680/690,Receiver,AHD-551,AHD-551,Packing case (S type)
SX-680/690,Receiver,AHD-551,AHD-551,Packing case (SX-680/KU)
SX-580/590,Receiver,AHD-555,AHD-555,Packing case (SX-590/HG)
SX-580/590,Receiver,AHD-555,AHD-555,Packing case (SX-590/HGW4)
SX-680/690,Receiver,AHD-557,AHD-557,Packing case (KC type)
SX-680/690,Receiver,AHD-558,AHD-558,Packing case (SG type)
SX-680/690,Receiver,AHD-559,AHD-559,Packing case (SX-680/HG)
SX-680/690,Receiver,AHD-559,AHD-559,Packing case (SX-680/HGW4)
SX-880/890,Receiver,AHD-565,AHD-565,Packing case (SX-880/KU)
SX-880/890,Receiver,AHD-565,AHD-565,Packing case (SX-880/S)
SX-880/890,Receiver,AHD-566,AHD-566,Packing case (SX-880/KC)
SX-880/890,Receiver,AHD-567,AHD-567,Packing case (SX-880/SG)
SX-880/890,Receiver,AHD-574,AHD-574,Packing case (SX-890/KU)
A-27,Integrated Amplifier,AHD-575,AHD-575,Packing case - KU
A-27,Integrated Amplifier,AHD-575,AHD-575,Packing case - S
SX-680/690,Receiver,AHD-578,AHD-578,Packing case (SX-690KU)
F-28,Tuner,AHD-580,AHD-580,Packing case (KU)
F-28,Tuner,AHD-581,AHD-581,Packing case (S/G)
A-27,Integrated Amplifier,AHD-585,AHD-585,Packing case - S/G
SA-3000,Integrated Amplifier,AHD-671,AHD-671,"Packing case (HE, HB)"
SG-9800,Equalizer,AHD-678,AHD-678,Packing case
SR-303,Reverb,AHD-681,AHD-681,Packing case
RG-2,Dynamic Range Expander,AHD-684,AHD-684,Packing case
SA-6800/608,Integrated Amplifier,AHD-691,AHD-691,Packing case  (SA-6800)
SA-5800/508,Integrated Amplifier,AHD-693,AHD-693,Packing case - SA-5800/KU
TX-6800/608,Tuner,AHD-694,AHD-694,Packing case (TX-6800/KU)
SA-708,Integrated Amplifier,AHD-698,AHD-698,Packing case
TX-6800/608,Tuner,AHD-705,AHD-705,Packing case (TX-608/KU)
SA-6800/608,Integrated Amplifier,AHD-707,AHD-707,Packing case  (SA-608)
SA-5800/508,Integrated Amplifier,AHD-710,AHD-710,Packing case - SA-508/KU
SA-710,Integrated Amplifier,AHD-753,AHD-753,Packing case -KU
SX-3800,Receiver,AHD-755,AHD-755,Packing case (KU)
SX-3800,Receiver,AHD-755,AHD-755,Packing case (S)
SX-3900,Receiver,AHD-756,AHD-756,Packing case (KU)
SX-3900,Receiver,AHD-757,AHD-757,Packing case (S/G)
SX-3800,Receiver,AHD-758,AHD-758,Packing case (S/G)
SX-3700,Receiver,AHD-765,AHD-765,Packing case
SX-3600/720,Receiver,AHD-768,AHD-768,Packing case  SX-3600  (KU)
SA-710,Integrated Amplifier,AHD-774,AHD-774,Packing case -HB
SA-710,Integrated Amplifier,AHD-774,AHD-774,Packing case -HE
SX-3400,Receiver,AHD-777,AHD-777,Packing case
SX-600L,Receiver,AHD-778,AHD-778,Packing case
SX-700L,Receiver,AHD-780,AHD-780,Packing case
SX-820,Receiver,AHD-782,AHD-782,Packing case
SX-600,Receiver,AHD-810,AHD-810,Packing case
SX-D7000,Receiver,AHD-816,AHD-816,Packing case (KU)
SX-D5000,Receiver,AHD-817,AHD-817,Packing case - KU
SX-D5000,Receiver,AHD-826,AHD-826,Packing case - HG
SX-700,Receiver,AHD-830,AHD-830,Packing case
SX-D7000,Receiver,AHD-863,AHD-863,Packing case (KC)
F-7,Tuner,AHD-870,AHD-870,Packing case
A-7,Integrated Amplifier,AHD-871,AHD-871,Packing case
A-9,Integrated Amplifier,AHD-874,AHD-874,Packing case
SA-420,Integrated Amplifier,AHD-901,AHD-901,Packing case - KU
SA-420,Integrated Amplifier,AHD-902,AHD-902,Packing case - S
SA-420,Integrated Amplifier,AHD-902,AHD-902,Packing case - YP
A-6,Integrated Amplifier,AHD-921,AHD-921,Packing case
SG-9,Equalizer,AHD-941,AHD-941,Packing case - KU
SG-9,Equalizer,AHD-941,AHD-941,Packing case - R
SG-9,Equalizer,AHD-942,AHD-942,Packing case - R/G
SX-6,Receiver,AHD-952,AHD-952,Packing case
SX-5,Receiver,AHD-953,AHD-953,Packing case
SG-9,Equalizer,AHD-958,AHD-958,Packing case - KC
SX-7,Receiver,AHD-960,AHD-960,Packing case
SX-4,Receiver,AHD-961,AHD-961,Packing case
SA-970,Integrated Amplifier,AHD1037,AHD1037,Packing case (BLACK)
SA-970,Integrated Amplifier,AHD1052,AHD1052,Packing case (SILVER)
GR-551,Equalizer,AHD1234,AHD1234,Packing case - HB
GR-551,Equalizer,AHD1234,AHD1234,Packing case - HEZ
GR-551,Equalizer,AHD1234,AHD1234,Packing case - KUC
GR-551,Equalizer,AHD1234,AHD1234,Packing case - KUC
GR-551,Equalizer,AHD1234,AHD1234,Packing case - SD
GR-551,Equalizer,AHD1280,AHD1280,Packing case - SD/G
GR-777,Equalizer,AHD1407,AHD1407,Packing case
GR-555,Equalizer,AHD1474,AHD1474,Packing case  - SD
GR-555,Equalizer,AHD1474,AHD1474,Packing case - HB
GR-555,Equalizer,AHD1474,AHD1474,Packing case - HEZ
GR-555,Equalizer,AHD1474,AHD1474,Packing case - KUC
GR-555,Equalizer,AHD1474,AHD1474,Packing case - SD/G
C-72,Pre-Amplifier,AHD1926,AHD1926,PACKING CASE - SD
C-72,Pre-Amplifier,AHD1927,AHD1927,PACKING CASE - KU/CA
TX-530L,Tuner,AHE-013,AHE-013,Packing case
SX-8,Receiver,AHE-019,AHE-019,Packing case KU-type
SX-8,Receiver,AHE-019,AHE-019,Packing case S-type
SX-8,Receiver,AHE-021,AHE-021,Packing case S/G-type
SA-930,Integrated Amplifier,AHE-024,AHE-024,Packing case - KU
SA-530,Integrated Amplifier,AHE-030,AHE-030,Packing case - KU
SA-530,Integrated Amplifier,AHE-036,AHE-036,Packing case - HB
SA-530,Integrated Amplifier,AHE-036,AHE-036,Packing case - HE
SA-530,Integrated Amplifier,AHE-036,AHE-036,Packing case - HEZ
SA-530,Integrated Amplifier,AHE-036,AHE-036,Packing case - S
SA-530,Integrated Amplifier,AHE-036,AHE-036,Packing case - YP
SA-930,Integrated Amplifier,AHE-039,AHE-039,Packing case - HB
SA-930,Integrated Amplifier,AHE-039,AHE-039,Packing case - HE
SA-930,Integrated Amplifier,AHE-039,AHE-039,Packing case - HEZ
SA-930,Integrated Amplifier,AHE-039,AHE-039,Packing case - S/SG
SA-930,Integrated Amplifier,AHE-039,AHE-039,Packing case - YP
TX-130L,Tuner,AHE-042,AHE-042,Packing case
TX-930,Tuner,AHE-052,AHE-052,Packing case
SX-202,Receiver,AHE-102,AHE-102,Packing case
SX-60,Receiver,AHE-191,AHE-191,Packing case
SA-940,Integrated Amplifier,AHE-192,AHE-192,Packing case - HB
SA-940,Integrated Amplifier,AHE-192,AHE-192,Packing case - HE
SA-940,Integrated Amplifier,AHE-192,AHE-192,Packing case - S
SA-940,Integrated Amplifier,AHE-192,AHE-192,Packing case - S/G
SA-940,Integrated Amplifier,AHE-192,AHE-192,Packing case - YP
SX-50,Receiver,AHE-204,AHE-204,Packing case
A-90,Integrated Amplifier,AHE-205,AHE-205,Packing case
F-90,Tuner,AHE-210,AHE-210,Packing case (HB)
F-90,Tuner,AHE-210,AHE-210,Packing case (KU)
F-90,Tuner,AHE-211,AHE-211,Packing case (HE)
SA-1040,Integrated Amplifier,AHE-214,AHE-214,Packing case - KU
SA-1050,Integrated Amplifier,AHE-214,AHE-214,Packing case - KU
SA-940,Integrated Amplifier,AHE-217,AHE-217,Packing case - KU
A-60,Integrated Amplifier,AHE-221,AHE-221,Packing case - HB
A-60,Integrated Amplifier,AHE-221,AHE-221,Packing case - KU
A-60,Integrated Amplifier,AHE-221,AHE-221,Packing case - YP
SA-1040,Integrated Amplifier,AHE-227,AHE-227,Packing case - S
SA-1040,Integrated Amplifier,AHE-227,AHE-227,Packing case - S/G
SA-1040,Integrated Amplifier,AHE-227,AHE-227,Packing case - YP
SG-90,Equalizer,AHE-246,AHE-246,"Packing case (KU,S)"
SG-90,Equalizer,AHE-247,AHE-247,Packing case (SG)
A-80,Integrated Amplifier,AHE-251,AHE-251,Packing case - HE
A-80,Integrated Amplifier,AHE-251,AHE-251,Packing case - S
A-60,Integrated Amplifier,AHE-252,AHE-252,Packing case - HE
A-80,Integrated Amplifier,AHE-260,AHE-260,Packing case - S/G
RG-60,Dynamic Range Expander,AHE-283,AHE-283,Packing case (S type)
RG-60,Dynamic Range Expander,AHE-284,AHE-284,Packing case (S/G type)
SA-1050,Integrated Amplifier,AHE-298,AHE-298,Packing case - S
SA-1050,Integrated Amplifier,AHE-298,AHE-298,Packing case - S/G
SA-1050,Integrated Amplifier,AHE-298,AHE-298,Packing case - YP
SA-950,Integrated Amplifier,AHE-299,AHE-299,Packing case - KU
SA-950,Integrated Amplifier,AHE-300,AHE-300,Packing case - HE
SA-950,Integrated Amplifier,AHE-300,AHE-300,Packing case - HEZ
SA-950,Integrated Amplifier,AHE-300,AHE-300,Packing case - KC
SA-950,Integrated Amplifier,AHE-300,AHE-300,Packing case - S
SA-950,Integrated Amplifier,AHE-300,AHE-300,Packing case - S/G
SA-950,Integrated Amplifier,AHE-300,AHE-300,Packing case - YP
TX-950,Tuner,AHE-332,AHE-332,Packing case - KU
SA-1040,Integrated Amplifier,AHE-340,AHE-340,Front rear pad
SA-1050,Integrated Amplifier,AHE-340,AHE-340,Front rear pad
TX-950,Tuner,AHE-354,AHE-354,Packing case - HEZ
TX-950,Tuner,AHE-354,AHE-354,Packing case - S
TX-950,Tuner,AHE-354,AHE-354,Packing case - S/G
TX-950,Tuner,AHE-354,AHE-354,Packing case - SS
TX-950,Tuner,AHE-354,AHE-354,Packing case - YP
A-88X,Integrated Amplifier,AHE-516,AHE-516,Packing case
A-77X,Integrated Amplifier,AHE-517,AHE-517,Packing case
A-77X,Integrated Amplifier,AHE-517,AHE-517,Packing case (Black) - KU
A-77X,Integrated Amplifier,AHE-517,AHE-517,Packing case (Black) - S
A-77X,Integrated Amplifier,AHE-602,AHE-602,Packing case (Black) - S/G
A-77X,Integrated Amplifier,AHE-629,AHE-629,Packing case (Black) - HB
A-77X,Integrated Amplifier,AHE-629,AHE-629,Packing case (Black) - HE
A-77X,Integrated Amplifier,AHE-630,AHE-630,Packing case (Silver) - HE
SA-5200,Integrated Amplifier,AHG-009-0,AHG-009,Vinyl bag
C-21,Pre-Amplifier,AHG-023,AHG-023,Vinyl pouch
SX-580/590,Receiver,AHG-023,AHG-023,Vinyl pouch for AC power cord (SX-580/KU)
SX-650,Receiver,AHG-023,AHG-023,Vinyl bag (power cord cover)
SX-680/690,Receiver,AHG-023,AHG-023,Vinyl bag (for AC cord) (SX-680/KU)
TX-6500II,Tuner,AHG-023,AHG-023,"Vinyl pouch (KU,KC)"
TX-6500II,Tuner,AHG-023,AHG-023,Vinyl pouch (S)
TX-8500II,Tuner,AHG-023,AHG-023,"Vinyl pouch - KU,KC"
TX-8500II,Tuner,AHG-023,AHG-023,Vinyl pouch - S
SA-9900,Integrated Amplifier,AHG-024-0,AHG-024,Cloth cover
TX-9500,Tuner,AHG-026-B,AHG-026,Sheet
A-27,Integrated Amplifier,AHG-027,AHG-027,Vinyl pouch
SX-650,Receiver,AHG-040,AHG-040,Vinyl cover (ferrite bar-antenna cover)
TX-6500II,Tuner,AHG-054,AHG-054,Sheet cover
SA-9500II,Integrated Amplifier,AHG-057,AHG-057,Sheet cover
TX-8500II,Tuner,AHG-057,AHG-057,Sheet cover
C-21,Pre-Amplifier,AHG-058,AHG-058,Sheet cover
SX-680/690,Receiver,AHG-090,AHG-090,Sheet cover
SX-680/690,Receiver,AHG-095,AHG-095,Cardboard spacer (SG type)
SX-1000TA (Early),Receiver,AJ-0189,AJ-0189,Instruction/Service manual SX-1000TA (Early)
SX-1000TA (Early),Receiver,AK4102,AK4102,Pilot Lamp Socket
SX-1000TA (Early),Receiver,AK5403,AK5403,Concent for Speaker
SX-1000TA (Early),Receiver,AK5803,AK5803,Connector 5P for Tape Recorder
SX-1000TA (Early),Receiver,AK7204,AK7204,Headphone Jack
SX-1000TA (Early),Receiver,AK8209,AK8209,AC Concent
SX-1000TA (Early),Receiver,AK9606,AK9606,Fuse Holder
SA-5200,Integrated Amplifier,AKA-001-0,AKA-001,Speaker terminal board
SA-7500,Integrated Amplifier,AKA-001-0,AKA-001,Speaker output terminal
SA-8500,Integrated Amplifier,AKA-001-0,AKA-001,Speaker output terminal
SX-434,Receiver,AKA-001 -0,AKA-001 ,Speaker output terminal
SX-434,Receiver,AKA-001-0,AKA-001,Speaker output terminal
SX-535,Receiver,AKA-001-0,AKA-001,Speaker output terminal
SX-636,Receiver,AKA-001-0,AKA-001,Speaker output terminal
SX-737,Receiver,AKA-001-0,AKA-001,Speaker output terminal
QX-747,Receiver,AKA-002-0,AKA-002,Antenna terminal board
QX-949,Receiver,AKA-002-0,AKA-002,Antenna terminal board
SX-1010,Receiver,AKA-002-0,AKA-002,Antenna terminal board
SX-1080,Receiver,AKA-002,AKA-002,Antenna terminal
SX-535,Receiver,AKA-002-0,AKA-002,Antenna terminal board
SX-600,Receiver,AKA-002,AKA-002,Terminal (ANTENNA)
SX-636,Receiver,AKA-002-0,AKA-002,Antenna terminal board
SX-650,Receiver,AKA-002,AKA-002,Terminal (ANTENNA)
SX-700,Receiver,AKA-002,AKA-002,Terminal (ANTENNA)
SX-737,Receiver,AKA-002-0,AKA-002,Antenna terminal board
SX-750,Receiver,AKA-002,AKA-002,Terminal (ANTENNA)
SX-780,Receiver,AKA-002,AKA-002,Terminal (ANTENNA)
SX-838,Receiver,AKA-002-0,AKA-002,Antenna terminal board
SX-880/890,Receiver,AKA-002,AKA-002,Terminal (ANTENNA)
SX-939,Receiver,AKA-002-0,AKA-002,Antenna terminal board
SX-980,Receiver,AKA-002,AKA-002,Antenna terminal
TX-8500II,Tuner,AKA-002,AKA-002,"Terminal (ANTENNA) - KU,KC"
TX-8500II,Tuner,AKA-002,AKA-002,Terminal (ANTENNA) - S
TX-9500,Tuner,AKA-002-A,AKA-002,Antenna terminal board
TX-9500II,Tuner,AKA-002,AKA-002,Terminal (ANTENNA - KU/KC/S)
SX-580/590,Receiver,AKA-003,AKA-003,Terminal (ANTENNA)
SX-680/690,Receiver,AKA-003,AKA-003,Terminal (ANTENNA)
TX-606,Tuner,AKA-003,AKA-003,TERMINAL
TX-6500II,Tuner,AKA-003,AKA-003,"Antenna terminal (KU,KC)"
TX-6500II,Tuner,AKA-003,AKA-003,Antenna terminal (S)
QX-747A,Receiver,AKA-004,AKA-004,Antenna terminal board
QX-949A,Receiver,AKA-004,AKA-004,Antenna terminal board
SX-1050,Receiver,AKA-004,AKA-004,Terminal (ANTENNA)
SX-1250,Receiver,AKA-004,AKA-004,Terminal (ANTENNA)
SX-1280,Receiver,AKA-004,AKA-004,Terminal (ANTENNA)
SX-1980,Receiver,AKA-004,AKA-004,Terminal (ANTENNA)
SX-1980,Receiver,AKA-004,AKA-004,Terminal (ANTENNA-KU/S/SG)
SX-850,Receiver,AKA-004,AKA-004,Terminal (ANTENNA)
SX-950,Receiver,AKA-004,AKA-004,Terminal (ANTENNA)
SX-1980,Receiver,AKA-005,AKA-005,Terminal (ANTENNA-HG)
SX-600L,Receiver,AKA-007,AKA-007,Terminal (ANTENNA)
SX-700L,Receiver,AKA-007,AKA-007,Terminal (ANTENNA)
TX-6500II,Tuner,AKA-007,AKA-007,Antenna terminal (HG)
TX-8500II,Tuner,AKA-007,AKA-007,Terminal (ANTENNA) - HG
TX-9500II,Tuner,AKA-007,AKA-007,Terminal (ANTENNA - HG)
F-28,Tuner,AKA-009,AKA-009,Terminal (ANTENNA)
SX-3800,Receiver,AKA-013,AKA-013,Terminal (ANTENNA)
SX-3900,Receiver,AKA-013,AKA-013,Terminal (ANTENNA)
SX-D5000,Receiver,AKA-013,AKA-013,Terminal (ANTENNA)
F-7,Tuner,AKA-014,AKA-014,Terminal (ANTENNA)
SX-3500,Receiver,AKA-014,AKA-014,Terminal (ANTENNA)
SX-3600/720,Receiver,AKA-014,AKA-014,Terminal (ANTENNA)
SX-3700,Receiver,AKA-014,AKA-014,Terminal (ANTENNA)
SX-820,Receiver,AKA-014,AKA-014,Terminal (ANTENNA)
TX-6800/608,Tuner,AKA-014,AKA-014,Terminal (ANTENNA)
SX-3400,Receiver,AKA-016,AKA-016,Terminal (ANTENNA)
SX-4,Receiver,AKA-017,AKA-017,Terminal (ANTENNA)
SX-5,Receiver,AKA-017,AKA-017,Terminal (ANTENNA)
SX-6,Receiver,AKA-017,AKA-017,Terminal (ANTENNA)
SX-60,Receiver,AKA-017,AKA-017,Terminal (ANTENNA)
SX-7,Receiver,AKA-017,AKA-017,Terminal (ANTENNA)
SX-8,Receiver,AKA-017,AKA-017,Terminal (ANTENNA)
TX-930,Tuner,AKA-017,AKA-017,Terminal (ANTENNA)
TX-950,Tuner,AKA-017,AKA-017,Terminal (ANTENNA) - KU
TX-130L,Tuner,AKA-018,AKA-018,Terminal 4P (ANTENNA)
TX-530L,Tuner,AKA-018,AKA-018,Terminal 4-P (ANTENNA)
TX-950,Tuner,AKA-018,AKA-018,Terminal (ANTENNA) - HEZ/YP
F-90,Tuner,AKA-019,AKA-019,Terminal (ANTENNA)
QA-800,Integrated Amplifier,AKB-001-0,AKB-001,18P input terminal board
QC-800,Pre-Amplifier,AKB-001 -0,AKB-001 ,18F input terminal board
SX-626 (1971),Receiver,AKB-001-0,AKB-001,18P input terminal board
QX-8000,Receiver,AKB-002-0,AKB-002,16P Input Terminal Board
SA-500A,Integrated Amplifier,AKB-002-O,AKB-002,16P Input Terminal Board
SX-6000,Receiver,AKB-002-0,AKB-002,16P Input Terminal Board
SX-525,Receiver,AKB-003-0,AKB-003,12P input terminal board
QM-800A,Amplifier,AKB-005-0,AKB-005,4P input terminal board
QX-8000A,Receiver,AKB-005-0,AKB-005,4P input terminal board
QX-9900,Receiver,AKB-005-0,AKB-005,4P input terminal board
SX-424,Receiver,AKB-005-0,AKB-005,4P input terminal board
QX-4000,Receiver,AKB-006-0,AKB-006,6P input terminal board
SX-727,Receiver,AKB-006-0,AKB-006,6P input terminal board (TAPE terminal)
QA-800A,Integrated Amplifier,AKB-007-0,AKB-007,6P input terminal board (A)
QC-800A,Pre-Amplifier,AKB-007-0,AKB-007,6P input terminal board (B)
QX-8000A,Receiver,AKB-007-0,AKB-007,6P input terminal board (A)
SX-626 (1973),Receiver,AKB-007-0,AKB-007,Phone jack-A (S jacks)
SX-727,Receiver,AKB-007-0,AKB-007,6P input terminal board (PHONO terminal)
SX-828,Receiver,AKB-007-0,AKB-007,6P input terminal board (A)
QA-800A,Integrated Amplifier,AKB-008-B,AKB-008,6P input terminal board (B)
QC-800A,Pre-Amplifier,AKB-008-B,AKB-008,6P input terminal board (B)
QL-600A,Integrated Amplifier,AKB-008-0,AKB-008,6P input terminal board (BJ
QX-4000,Receiver,AKB-008-B,AKB-008,6P input terminal board
RT-1020L,Reel To Reel Tape,AKB-008-0,AKB-008,6P pin jack (INPUT/OUTPUT)
SX-828,Receiver,AKB-008-0,AKB-008,6P input terminal board (B)
QL-600A,Integrated Amplifier,AKB-009-0,AKB-009,2P input terminal board
QX-4000,Receiver,AKB-009-0,AKB-009,2P input terminal board
QA-800A,Integrated Amplifier,AKB-010-0,AKB-010,4P input terminal board (A)
QC-800A,Pre-Amplifier,AKB-010-0,AKB-010,4P input terminal board (Al
QX-8000A,Receiver,AKB-010-0,AKB-010,4P input terminal board (A)
QX-9900,Receiver,AKB-010-0,AKB-010,4P input terminal board (A)
SD-1100,Other,AKB-011-0,AKB-011,4P pin jack
QX-9900,Receiver,AKB-012-0,AKB-012,4P input terminal board
SA-5200,Integrated Amplifier,AKB-013-0,AKB-013,Two-fold pin jack
SPEC-2,Amplifier,AKB-013,AKB-013,Input terminal
TX-5300,Tuner,AKB-013-0,AKB-013,Phone jack (2-jacks)
TX-7100,Tuner,AKB-013-0,AKB-013,Two-fold pin jack board
TX-8100,Tuner,AKB-013-0,AKB-013,Two-fold pin jack (RCA type)
TX-9100,Tuner,AKB-013-0,AKB-013,Phono jack (2 jacks)
TX-9500,Tuner,AKB-013-0,AKB-013,Phono jack (2 jacks)
CT-F7171,Cassette Tape,AKB-014-0,AKB-014,Phono jack (4 jack)
QX-646,Receiver,AKB-014-0,AKB-014,Phono jack - A (4 jacks)
QX-646,Receiver,AKB-014-0,AKB-014,Phonojack - A (4 lacks)
QX-747,Receiver,AKB-014-0,AKB-014,Phono jack (4 jacks)-A
QX-747A,Receiver,AKB-014,AKB-014,Phono jack A (4 jacks-2CH TAPE)
QX-747A,Receiver,AKB-014,AKB-014,Phono jack A (4 jacks-4CH TAPE)
QX-747A,Receiver,AKB-014,AKB-014,Phono jack A (4 jacks-ADAPTER)
QX-949,Receiver,AKB-014-0,AKB-014,"Phono Jack (4 jacks - PHONO 1,PHONO 2)"
RG-1,Dynamic Range Expander,AKB-014,AKB-014,RG lN-0UT terminal
RG-1,Dynamic Range Expander,AKB-014,AKB-014,TAPE REC-PLAY terminal
RT-1011L,Reel To Reel Tape,AKB-014-0,AKB-014,4P pin jack
SA-5200,Integrated Amplifier,AKB-014-0,AKB-014,Four-fold pin jack-A
SA-7100,Integrated Amplifier,AKB-014-0,AKB-014,Four-fold phone jack A (RCA type)
SA-7500,Integrated Amplifier,AKB-014-0,AKB-014,Phono jack-A (4P)
SA-8100,Integrated Amplifier,AKB-014-0,AKB-014,Four-fold phono jack A (RCA type)
SA-8500,Integrated Amplifier,AKB-014-0,AKB-014,Phone jack-A(4P)
SA-8500,Integrated Amplifier,AKB-014-0,AKB-014,Phono jack-A(4P)
SA-9100,Integrated Amplifier,AKB-014-0,AKB-014,Four-fold phono jack-A
SA-9100,Integrated Amplifier,AKB-014-0,AKB-014,Four-fold phono jack-A
SG-9500,Equalizer,AKB-014,AKB-014,Terminal (INPUT-OUTPUT)
SG-9500,Equalizer,AKB-014,AKB-014,Terminal (TAPE REC-PLAY)
SPEC-1,Pre-Amplifier,AKB-014,AKB-014,Phono jack (4P)
SX-1010,Receiver,AKB-014-0,AKB-014,Phono jack-A (4 jacks)
SX-434,Receiver,AKB-014-0,AKB-014,Phono jack-A (4 jacks)
SX-535,Receiver,AKB-014-0,AKB-014,Phono jack A (4-jacks)
SX-636,Receiver,AKB-014-0,AKB-014,Phono jack-A (4 jacks)
SX-737,Receiver,AKB-014-0,AKB-014,Phono jack-A (4 jacks)
SX-838,Receiver,AKB-014-0,AKB-014,Phono jack-A (4 jacks)
SX-939,Receiver,AKB-014-0,AKB-014,Phono jack-A (4 jacks)
SX-939,Receiver,AKB-014-0,AKB-014,Phono jack-A (4 jacks)
SX-939,Receiver,AKB-014-0,AKB-014,Phono jack-A (4 jacks)
SX-939,Receiver,AKB-014-0,AKB-014,Phono jack-A (4 jacks)
TX-6200,Tuner,AKB-014-0,AKB-014,Four-fold phono jack A (RCA type)
TX-6200,Tuner,AKB-014-0,AKB-014,Four-fold phono jack A (RCA type)
TX-7100,Tuner,AKB-014-0,AKB-014,Four-fold pin jack board A
TX-8100,Tuner,AKB-014-0,AKB-014,Four-fold pin jack-A (RCA type)
TX-9100,Tuner,AKB-014-0,AKB-014,Phono jack (4 jacks)-A
TX-9500,Tuner,AKB-014-0,AKB-014,Phone jack A (4 jacks)
QX-646,Receiver,AKB-015-0,AKB-015,Phono jack - B (4 jacks)
QX-747,Receiver,AKB-015-0,AKB-015,Phono jack (4 jacks)-B
QX-747A,Receiver,AKB-015,AKB-015,Phono jack B (4 jacks-PHONO/AUX)
QX-949A,Receiver,AKB-015,AKB-015,Phone jack (4 jacks)
SA-7100,Integrated Amplifier,AKB-015-0,AKB-015,Four-fold phono jack B (RCA type)
SA-7500,Integrated Amplifier,AKB-015-0,AKB-015,Phone jack-B (4P)
SA-8100,Integrated Amplifier,AKB-015-0,AKB-015,Four-fold phono jack B (RCA type)
SA-8500,Integrated Amplifier,AKB-015-0,AKB-015,Phone jack-B(4P)
SA-9100,Integrated Amplifier,AKB-015-0,AKB-015,Four-fold phono Jack-B
SX-434,Receiver,AKB-015-0,AKB-015,Phono jack-B (4jacks)
SX-535,Receiver,AKB-015-0,AKB-015,Phono jack B (4-jacks)
SX-636,Receiver,AKB-015-0,AKB-015,Phono jack-B (4 jacks)
SX-737,Receiver,AKB-015-0,AKB-015,Phono jack-B (4 jacks)
SX-838,Receiver,AKB-016-0,AKB-016,Phono jack-C (6 jacks)
QX-949,Receiver,AKB-017-0,AKB-017,"Phono jack (6 jacks - AUX, 2CH TAPE,4CH TAPE1 REC)"
QX-949A,Receiver,AKB-017,AKB-017,Phono jack (6 jacks)
SA-9100,Integrated Amplifier,AKB-017-0,AKB-017,Six fold phono jack-B
SX-1010,Receiver,AKB-017-0,AKB-017,Phono jack-B (6 jacks)
SX-939,Receiver,AKB-017-0,AKB-017,Phono jack-B (6 lacks)
QX-949,Receiver,AKB-018-0,AKB-018,"Phone jack (6 jacks - 4CH TAPE2 PB,DOLBY NR ADP)"
QX-949A,Receiver,AKB-018,AKB-018,Phono jack (6 jacks)
SA-5200,Integrated Amplifier,AKB-018-0,AKB-018,Six-fold pin jack-A
SA-7100,Integrated Amplifier,AKB-018-0,AKB-018,Six-foId phono jack A (RCA type)
SA-8100,Integrated Amplifier,AKB-018-0,AKB-018,Six-fold phono jack A (RCA type)
SPEC-1,Pre-Amplifier,AKB-018,AKB-018,Phono jack (6P)
QX-747,Receiver,AKB-019-0,AKB-019,Phono jack (1 jack)
QX-747A,Receiver,AKB-019,AKB-019,Phono jack (1 jack-4 CH MPX OUT)
QX-949,Receiver,AKB-019-0,AKB-019,Phono jack (1 jack - 4CH MPX OUT)
QX-949A,Receiver,AKB-019,AKB-019,Phono jack (1 jack)
SX-1010,Receiver,AKB-019-0,AKB-019,Phono jack (1 jack)
SX-1050,Receiver,AKB-019,AKB-019,Terminal (FM DET.OUT)
SX-1250,Receiver,AKB-019,AKB-019,Terminal (FM DET OUT)
SX-838,Receiver,AKB-019-0,AKB-019,Phono jack (1 jack)
SX-939,Receiver,AKB-019-0,AKB-019,Phono jack (1 jack)
SA-9500,Integrated Amplifier,AKB-023-0,AKB-023,Phone jack (4P)
SA-9900,Integrated Amplifier,AKB-023-0,AKB-023,"Phono jack (4-jacks, RCA type)"
SA-9500,Integrated Amplifier,AKB-024-0,AKB-024,Phono jack (6P)
SX-8,Receiver,AKB-025,AKB-025,Terminal (To FM frontend)
SA-8500II,Integrated Amplifier,AKB-027,AKB-027,Terminal (PHONO)
SA-9500II,Integrated Amplifier,AKB-027,AKB-027,Terminal (PHONO)
SX-450,Receiver,AKB-027,AKB-027,Terminal (INPUT)
SX-450,Receiver,AKB-027,AKB-027,Terminal (TAPE)
SX-550,Receiver,AKB-027,AKB-027,Terminal 4P
SX-650,Receiver,AKB-027,AKB-027,Terminal (INPUT)
SX-650,Receiver,AKB-027,AKB-027,Terminal (TAPE 1)
SX-650,Receiver,AKB-027,AKB-027,Terminal (TAPE 2)
SX-750,Receiver,AKB-027,AKB-027,Terminal (INPUT)
SX-750,Receiver,AKB-027,AKB-027,Terminal (TAPE 1)
SX-750,Receiver,AKB-027,AKB-027,Terminal (TAPE 2)
SA-606,Integrated Amplifier,AKB-028,AKB-028,Terminal (INPUT)
SA-6700,Integrated Amplifier,AKB-028,AKB-028,Terminal (INPUT)
SA-706,Integrated Amplifier,AKB-028,AKB-028,Terminal (INPUT)
SA-7700,Integrated Amplifier,AKB-028,AKB-028,Terminal (INPUT)
SA-6500,Integrated Amplifier,AKB-030,AKB-030,Input-output terminal
SA-6500,Integrated Amplifier,AKB-030,AKB-030,Input-output terminal (4P)
SX-1050,Receiver,AKB-030,AKB-030,Terminal (ADAPTOR)
SX-1050,Receiver,AKB-030,AKB-030,Terminal (PRE/POWER AMP)
SX-1050,Receiver,AKB-030,AKB-030,Terminal (TAPE 1)
SX-1050,Receiver,AKB-030,AKB-030,Terminal (TAPE 2)
SX-1250,Receiver,AKB-030,AKB-030,Terminal (ADAPTOR)
SX-1250,Receiver,AKB-030,AKB-030,Terminal (PRE/POWER AMP)
SX-1250,Receiver,AKB-030,AKB-030,Terminal (TAPE 1)
SX-1250,Receiver,AKB-030,AKB-030,Terminal (TAPE 2)
SX-950,Receiver,AKB-030,AKB-030,Terminal (ADAPTOR)
SX-950,Receiver,AKB-030,AKB-030,Terminal (FM DET. OUT)
SX-950,Receiver,AKB-030,AKB-030,Terminal (PRE/POWER AMP)
SX-950,Receiver,AKB-030,AKB-030,Terminal (TAPE 1)
SX-950,Receiver,AKB-030,AKB-030,Terminal (TAPE 2)
SA-6500,Integrated Amplifier,AKB-033,AKB-033,Input terminal (GP)
SX-1050,Receiver,AKB-033,AKB-033,Terminal (INPUT)
SX-1250,Receiver,AKB-033,AKB-033,Terminal (INPUT)
SX-950,Receiver,AKB-033,AKB-033,Terminal (INPUT)
F-28,Tuner,AKB-034,AKB-034,Terminal (MULTIPATH )
SPEC-4,Amplifier,AKB-034,AKB-034,2P terminal (INPUT)
TX-6500II,Tuner,AKB-034,AKB-034,Terminal (OUTPUT)
TX-8500II,Tuner,AKB-034,AKB-034,Terminal (FM MULTIPATH)
TX-9500II,Tuner,AKB-034,AKB-034,Terminal (FM MULTIPATH)
F-28,Tuner,AKB-035,AKB-035,Terminal (OUTPUT)
SA-6500II,Integrated Amplifier,AKB-035,AKB-035,Terminal (TAPE 1)
SA-6500II,Integrated Amplifier,AKB-035,AKB-035,Terminal (TAPE 2)
SA-7500II,Integrated Amplifier,AKB-035,AKB-035,Terminal (TAPE 2)
SA-7500II,Integrated Amplifier,AKB-035,AKB-035,Termmal (TAPE 1)
SA-7800,Integrated Amplifier,AKB-035,AKB-035,Terminal (TAPE)
SA-8500II,Integrated Amplifier,AKB-035,AKB-035,Terminal (PRE/POWER AMP)
SA-8500II,Integrated Amplifier,AKB-035,AKB-035,Terminal (TAPE 1)
SA-8500II,Integrated Amplifier,AKB-035,AKB-035,Terminal (TAPE 2)
SA-8800,Integrated Amplifier,AKB-035,AKB-035,Terminal (PRE/POWER AMP)
SA-9500II,Integrated Amplifier,AKB-035,AKB-035,Terminal (PRE/POWER AMP)
SA-9500II,Integrated Amplifier,AKB-035,AKB-035,Terminal (TAPE 1)
SA-9500II,Integrated Amplifier,AKB-035,AKB-035,Terminal (TAPE 2)
SA-9800,Integrated Amplifier,AKB-035,AKB-035,Terminal (PRE/POWER AMP)
SX-1080,Receiver,AKB-035,AKB-035,4P pin-jack
SX-1280,Receiver,AKB-035,AKB-035,Terminal (ADAPTOR)
SX-1280,Receiver,AKB-035,AKB-035,Terminal (PREOUT/POWER IN)
SX-1280,Receiver,AKB-035,AKB-035,Terminal (TAPE 1)
SX-1280,Receiver,AKB-035,AKB-035,Terminal (TAPE 2)
SX-1980,Receiver,AKB-035,AKB-035,Terminal (ADAPTOR)
SX-1980,Receiver,AKB-035,AKB-035,Terminal (PRE/POWER)
SX-1980,Receiver,AKB-035,AKB-035,Terminal (TAPE 1)
SX-1980,Receiver,AKB-035,AKB-035,Terminal (TAPE 2)
SX-580/590,Receiver,AKB-035,AKB-035,Terminal (INPUT)
SX-680/690,Receiver,AKB-035,AKB-035,Terminal (INPUT)
SX-680/690,Receiver,AKB-035,AKB-035,Terminal (TAPE 1)
SX-850,Receiver,AKB-035,AKB-035,Terminal (ADAPTOR)
SX-850,Receiver,AKB-035,AKB-035,Terminal (PRE/POWER) Jumper plug
SX-850,Receiver,AKB-035,AKB-035,Terminal (TAPE 1)
SX-850,Receiver,AKB-035,AKB-035,Terminal (TAPE 2)
SX-980,Receiver,AKB-035,AKB-035,4-P pin jack
TX-8500II,Tuner,AKB-035,AKB-035,Terminal (OUTPUT)
TX-9500II,Tuner,AKB-035,AKB-035,Terminal (OUTPUT)
C-21,Pre-Amplifier,AKB-036,AKB-036,RP TERMINAL
SA-8500II,Integrated Amplifier,AKB-036,AKB-036,Terminal (TUNER/AUX)
SA-9500II,Integrated Amplifier,AKB-036,AKB-036,Terminal (TUNER/AUX)
SA-7500II,Integrated Amplifier,AKB-038,AKB-038,Terminal (INPUT)
SX-1280,Receiver,AKB-038,AKB-038,Terminal (INPUT)
SX-1980,Receiver,AKB-038,AKB-038,Terminal (INPUT)
SX-780,Receiver,AKB-038,AKB-038,Terminal 6P
SX-850,Receiver,AKB-038,AKB-038,Terminal (PHONO 1/ PHONO2/ AUX)
SX-880/890,Receiver,AKB-038,AKB-038,"Terminal (INPUT, TAPE 1 REC)"
SX-780,Receiver,AKB-039,AKB-039,Terminal 6P
SX-880/890,Receiver,AKB-039,AKB-039,"Terminal (TAPE 1 PLAY,TAPE 2)"
SX-850,Receiver,AKB-040,AKB-040,Terminal (FM DET. OUT)
SA-6500II,Integrated Amplifier,AKB-043,AKB-043,Terminal (INPUT)
SA-606,Integrated Amplifier,AKB-045,AKB-045,Terminal (TAPE)
SA-6700,Integrated Amplifier,AKB-045,AKB-045,Terminal (TAPE)
SA-706,Integrated Amplifier,AKB-045,AKB-045,Terminal (TAPE 1)
SA-706,Integrated Amplifier,AKB-045,AKB-045,Terminal (TAPE 2)
SA-7700,Integrated Amplifier,AKB-045,AKB-045,Terminal (TAPE 1)
SA-7700,Integrated Amplifier,AKB-045,AKB-045,Terminal (TAPE 2)
SX-580/590,Receiver,AKB-045,AKB-045,Terminal (TAPE)
SX-680/690,Receiver,AKB-045,AKB-045,Terminal (TAPE 2)
M-25,Amplifier,AKB-046,AKB-046,Phono jack assembly
A-27,Integrated Amplifier,AKB-051,AKB-051,"Terminal (TUNER, AUX, TAPE, PRE OUT, POWER AMP IN)"
A-27,Integrated Amplifier,AKB-052,AKB-052,Terminal (PHONO)
RG-2,Dynamic Range Expander,AKB-054,AKB-054,4P pin jack assembly (TAPE MONITOR)
RG-2,Dynamic Range Expander,AKB-054,AKB-054,4P pin jack assembly (TAPE)
RG-2,Dynamic Range Expander,AKB-054,AKB-054,4P pinjack (PROCESSOR)
SA-708,Integrated Amplifier,AKB-054,AKB-054,Terminal (TAPE 1)
SA-708,Integrated Amplifier,AKB-054,AKB-054,Terminal (TAPE 2)
SA-8800,Integrated Amplifier,AKB-054,AKB-054,Terminal (PHONO)
SA-8800,Integrated Amplifier,AKB-054,AKB-054,Terminal (TAPE 1)
SA-8800,Integrated Amplifier,AKB-054,AKB-054,Terminal (TAPE 2)
SA-8800,Integrated Amplifier,AKB-054,AKB-054,"Terminal (TUNER, AUX)"
SA-9800,Integrated Amplifier,AKB-054,AKB-054,"Terminal 4-P (INPUT, TAPE)"
SA-708,Integrated Amplifier,AKB-055,AKB-055,Terminal (lNPUT)
SA-3000,Integrated Amplifier,AKB-056,AKB-056,Terminal (INPUT)
SA-7800,Integrated Amplifier,AKB-057,AKB-057,Terminal (INPUT)
SX-D5000,Receiver,AKB-057,AKB-057,Terminal (INPUT)
SA-3000,Integrated Amplifier,AKB-058,AKB-058,"Terminal (TAPE, AUX)"
SA-3000,Integrated Amplifier,AKB-060,AKB-060,Termmal (INPUT)
SX-D5000,Receiver,AKB-061,AKB-061,"Terminal (PRE AMP OUT, POWER AMP IN)"
SX-600,Receiver,AKB-062,AKB-062,Terminal (PHONO)
SX-600L,Receiver,AKB-062,AKB-062,Terminal (PHONO)
SX-700,Receiver,AKB-062,AKB-062,Terminal (PHONO)
SX-700L,Receiver,AKB-062,AKB-062,Terminal (PHONO)
TX-6800/608,Tuner,AKB-062,AKB-062,Terminal (OUTPUT)
SA-5800/508,Integrated Amplifier,AKB-063,AKB-063,"Terminal (TAPE 1, 2)"
SA-710,Integrated Amplifier,AKB-063,AKB-063,Terminal (TAPE 1)
SA-710,Integrated Amplifier,AKB-063,AKB-063,Terminal (TAPE 2)
SG-9,Equalizer,AKB-063,AKB-063,"Terminal (EQUALIZER,TAPE)"
SG-9800,Equalizer,AKB-063,AKB-063,Terminal (EQUALIZER)
SG-9800,Equalizer,AKB-063,AKB-063,Terminal (TAPE)
SR-303,Reverb,AKB-063,AKB-063,"Terminal (REVERB, TAPE)"
SX-3400,Receiver,AKB-063,AKB-063,"Terminal (INPUT, TAPE)"
SX-3500,Receiver,AKB-063,AKB-063,"Terminal (INPUT, TAPE)"
SX-3600/720,Receiver,AKB-063,AKB-063,Terminal (INPUT)
SX-3600/720,Receiver,AKB-063,AKB-063,"Terminal (TAPE 1,2)"
SX-3700,Receiver,AKB-063,AKB-063,Pin jack 4P
SX-3800,Receiver,AKB-063,AKB-063,"Terminal (INPUT, PRE AMP OUT / POWER AMP IN)"
SX-3800,Receiver,AKB-063,AKB-063,"Terminal (TAPE1,2)"
SX-3900,Receiver,AKB-063,AKB-063,Terminal (PRE AMP OUT/POWER AMP IN)
SX-3900,Receiver,AKB-063,AKB-063,"Terminal (TAPE, ADAPTOR)"
SX-820,Receiver,AKB-063,AKB-063,Pin jack 4P
SX-D5000,Receiver,AKB-063,AKB-063,"Terminal (TAPE, ADAPTOR)"
SA-5800/508,Integrated Amplifier,AKB-064,AKB-064,Terminal (INPUT)
SA-710,Integrated Amplifier,AKB-064,AKB-064,Terminal (INPUT)
SX-3900,Receiver,AKB-064,AKB-064,Terminal (INPUT)
SX-600,Receiver,AKB-064,AKB-064,"Terminal (AUX, TAPE)"
SX-600L,Receiver,AKB-064,AKB-064,"Terminal (AUX, TAPE)"
SX-700,Receiver,AKB-064,AKB-064,"Terminal (AUX, TAPE)"
SX-700L,Receiver,AKB-064,AKB-064,"Terminal (AUX, TAPE)"
SX-3500,Receiver,AKB-076,AKB-076,Terminal (AM STEREO OUT)
SX-3600/720,Receiver,AKB-076,AKB-076,1P pin jack (AM STEREO OUT)
SX-3700,Receiver,AKB-076,AKB-076,Terminal (AM STEREO OUT)
SX-3800,Receiver,AKB-076,AKB-076,Terminal (AM STEREO OUT)
SX-3900,Receiver,AKB-076,AKB-076,Terminal (AM STEREO OUT)
SX-4,Receiver,AKB-076,AKB-076,Terminal (AM STEREO OUT)
SX-5,Receiver,AKB-076,AKB-076,Terminal (AM STEREO OUT)
SX-50,Receiver,AKB-076,AKB-076,Terminal (AM STEREO)
SX-6,Receiver,AKB-076,AKB-076,Terminal (AM STEREO OUT)
SX-60,Receiver,AKB-076,AKB-076,Terminal (AM STEREO)
SX-600,Receiver,AKB-076,AKB-076,Terminal (AM STEREO OUT) - KU
SX-7,Receiver,AKB-076,AKB-076,Terminal (AM STEREO OUT)
SX-700,Receiver,AKB-076,AKB-076,Terminal (AM STEREO OUT)
SX-8,Receiver,AKB-076,AKB-076,Terminal (AM STEREO OUT)
SX-820,Receiver,AKB-076,AKB-076,Terminal (AM STEREO OUT)
SX-D5000,Receiver,AKB-076,AKB-076,Terminal 1-P (AM STEREO) - KU
F-7,Tuner,AKB-077,AKB-077,Terminal (OUTPUT)
SA-420,Integrated Amplifier,AKB-077,AKB-077,Terminal (PHONES)
SA-530,Integrated Amplifier,AKB-077,AKB-077,Terminal 2P (PHONES)
SA-930,Integrated Amplifier,AKB-077,AKB-077,Terminal (PHONES)
SX-4,Receiver,AKB-077,AKB-077,Terminal (PLAY)
SX-5,Receiver,AKB-077,AKB-077,Terminal (PLAY)
TX-130L,Tuner,AKB-077,AKB-077,Terminal 2P (OUTPUT)
TX-530L,Tuner,AKB-077,AKB-077,Pin jack
TX-930,Tuner,AKB-077,AKB-077,Terminal (OUTPUT)
A-5,Integrated Amplifier,AKB-078,AKB-078,PIN JACK
A-6,Integrated Amplifier,AKB-078,AKB-078,Terminal (TAPE 2)
A-6,Integrated Amplifier,AKB-078,AKB-078,Terminal (TAPE1)
A-7,Integrated Amplifier,AKB-078,AKB-078,Pin jack 4P
A-9,Integrated Amplifier,AKB-078,AKB-078,"Terminal (TUNER, AUX)"
A-9,Integrated Amplifier,AKB-078,AKB-078,"Terminal(TAPE 1, 2)"
SA-420,Integrated Amplifier,AKB-078,AKB-078,Terminal (TAPE/ADAPTOR)
SA-530,Integrated Amplifier,AKB-078,AKB-078,Terminal 4P (TAPE1)
SA-530,Integrated Amplifier,AKB-078,AKB-078,Terminal 4P (TAPE2/ADAPTOR)
SA-930,Integrated Amplifier,AKB-078,AKB-078,Terminal (TAPE1)
SA-930,Integrated Amplifier,AKB-078,AKB-078,Terminal (TAPE2/ADAPTOR)
SX-6,Receiver,AKB-078,AKB-078,"Terminal (INPUT, TAPE1, TAPE2/ADAPTOR)"
SX-7,Receiver,AKB-078,AKB-078,"Terminal (lNPUT,TAPE1 , TAPE 2/ADAPTOR)"
SX-8,Receiver,AKB-078,AKB-078,"Terminal (PHONO, AUX)"
SX-8,Receiver,AKB-078,AKB-078,Terminal (PRE OUT/POWER AMP IN)
SX-8,Receiver,AKB-078,AKB-078,Terminal (TAPE)
A-5,Integrated Amplifier,AKB-079,AKB-079,PIN JACK
A-6,Integrated Amplifier,AKB-079,AKB-079,Terminal (INPUT)
A-7,Integrated Amplifier,AKB-079,AKB-079,Pin jack 6P
SA-420,Integrated Amplifier,AKB-079,AKB-079,Terminal (lNPUT)
SA-530,Integrated Amplifier,AKB-079,AKB-079,Terminal 6P (INPUT)
SA-930,Integrated Amplifier,AKB-079,AKB-079,Terminal (PHONO/TUNER/AUX)
SX-4,Receiver,AKB-079,AKB-079,"Terminal (PHONO,AUX/VIDEO,REC)"
SX-5,Receiver,AKB-079,AKB-079,"Terminal (PHON0,/AUX/VIDEO,REC)"
A-9,Integrated Amplifier,AKB-080,AKB-080,Termmal (PHONO)
F-90,Tuner,AKB-093,AKB-093,Terminal (OUTPUT)
SA-1040,Integrated Amplifier,AKB-093,AKB-093,Terminal (PHONES)
SA-1050,Integrated Amplifier,AKB-093,AKB-093,Terminal (PHONES)
SA-940,Integrated Amplifier,AKB-093,AKB-093,Terminal (PHONO)
SA-950,Integrated Amplifier,AKB-093,AKB-093,Terminal (PHONO)
SX-50,Receiver,AKB-093,AKB-093,Terminal (PHONO)
TX-950,Tuner,AKB-093,AKB-093,Terminal (OUTPUT)
A-60,Integrated Amplifier,AKB-094,AKB-094,Terminal (INPUT)
A-60,Integrated Amplifier,AKB-094,AKB-094,"Terminal (TAPE 1, TAPE 2)"
A-70,Integrated Amplifier,AKB-094,AKB-094,Terminal (TAPE 1)
A-70,Integrated Amplifier,AKB-094,AKB-094,Terminal (TAPE 2)
A-80,Integrated Amplifier,AKB-094,AKB-094,Terminal (TAPE 1 )
A-80,Integrated Amplifier,AKB-094,AKB-094,Terminal (TAPE 2)
A-90,Integrated Amplifier,AKB-094,AKB-094,Terminal (TAPE 1)
A-90,Integrated Amplifier,AKB-094,AKB-094,Terminal (TAPE 2)
A-90,Integrated Amplifier,AKB-094,AKB-094,Terminal (TAPE)
SA-1040,Integrated Amplifier,AKB-094,AKB-094,Terminal (ADAPTOR/TAPE2)
SA-1040,Integrated Amplifier,AKB-094,AKB-094,Terminal (TAPE1)
SA-1050,Integrated Amplifier,AKB-094,AKB-094,Terminal (ADAPTOR/TAPE2)
SA-1050,Integrated Amplifier,AKB-094,AKB-094,Terminal (TAPE1)
SA-940,Integrated Amplifier,AKB-094,AKB-094,"Terminal (TAPE1, ADAPTOR/TAPE2)"
SA-950,Integrated Amplifier,AKB-094,AKB-094,"Terminal (TAPE1, ADAPTOR/TAPE2)"
SA-970,Integrated Amplifier,AKB-094,AKB-094,Terminal 4P (TAPE 1)
SX-50,Receiver,AKB-094,AKB-094,"Terminal (PRE AMP, POWER AMP)"
SX-50,Receiver,AKB-094,AKB-094,Terminal (TAPE2/ADAPTOR)
SX-60,Receiver,AKB-094,AKB-094,"Terminal (INPUT, TAPE 1, TAPE 2/ADAPTOR)"
SX-60,Receiver,AKB-094,AKB-094,"Terminal (PRE AMP, POWER AMP)"
A-70,Integrated Amplifier,AKB-095,AKB-095,Terminal (INPUT)
A-90,Integrated Amplifier,AKB-095,AKB-095,"Terminal (TUNER, AUX)"
A-90,Integrated Amplifier,AKB-095,AKB-095,"Terminal (TUNER, CD/AUX1, AUX 2)"
SA-1040,Integrated Amplifier,AKB-095,AKB-095,Terminal (INPUT)
SA-1050,Integrated Amplifier,AKB-095,AKB-095,Terminal (INPUT)
SA-940,Integrated Amplifier,AKB-095,AKB-095,Terminal (INPUT)
SA-950,Integrated Amplifier,AKB-095,AKB-095,Terminal (INPUT)
SA-970,Integrated Amplifier,AKB-095,AKB-095,Terminal 6P (ADAPTOR/TAPE 2/VIDEO/AUX IN)
SA-970,Integrated Amplifier,AKB-095,AKB-095,Terminal 6P (PHONO/TUNER/CD)
SG-90,Equalizer,AKB-095,AKB-095,"Terminal (EQUALIZER,TAPE 1, TAPE 2)"
A-90,Integrated Amplifier,AKB-096,AKB-096,Terminal (PHONO)
A-60,Integrated Amplifier,AKB-098,AKB-098,Terminal (PHONO L)
SA-1040,Integrated Amplifier,AKB-098,AKB-098,Terminal (PHONO L - WHITE)
SA-1050,Integrated Amplifier,AKB-098,AKB-098,Terminal (PHONO L - WHITE)
SX-50,Receiver,AKB-098,AKB-098,Terminal (VIDEO L/MONO)
SX-60,Receiver,AKB-098,AKB-098,Terminal (VIDEO L/MONO)
A-60,Integrated Amplifier,AKB-099,AKB-099,Terrnmal (PHONO R)
SA-1040,Integrated Amplifier,AKB-099,AKB-099,Terminal (PHONO R - RED)
SA-1050,Integrated Amplifier,AKB-099,AKB-099,Terminal (PHONO R - RED)
A-80,Integrated Amplifier,AKB-100,AKB-100,Terminal (PHONO)
A-80,Integrated Amplifier,AKB-101,AKB-101,"Terminal (TUNER, CD/AUX1, AUX2)"
SX-50,Receiver,AKB-102,AKB-102,Terminal (VIDEO R)
SX-60,Receiver,AKB-102,AKB-102,Terminal (VIDEO R)
RG-60,Dynamic Range Expander,AKB-108,AKB-108,4P Pin Jack
A-88X,Integrated Amplifier,AKB-114,AKB-114,Terminal 2P (PHONO)
A-77X,Integrated Amplifier,AKB-115,AKB-115,"Terminal 4P (VIDEO, SOUND/AUX1, AUX2)"
A-88X,Integrated Amplifier,AKB-115,AKB-115,"Terminal 4P (CD,TU, VIDEO SOUND AUX1, AUX2)"
GR-551,Equalizer,AKB-115,AKB-115,"Terminal (4P) (EQUALIZER, TAPE)"
GR-555,Equalizer,AKB-115,AKB-115,"Terminal (4P) (EQUALIZER, TAPE)"
A-77X,Integrated Amplifier,AKB-116,AKB-116,"Terminal 4P (TAPE1, TAPE2)"
A-88X,Integrated Amplifier,AKB-116,AKB-116,"Terminal 4P (TAPE1, TAPE2)"
A-66X,Integrated Amplifier,AKB-117,AKB-117,"Terminal (CD, TUNER, TAPE1, TAPE2)"
A-66X,Integrated Amplifier,AKB-117,AKB-117,"Terminal (VIDEO1, VIDEO2, AUX3)"
A-77X,Integrated Amplifier,AKB-117,AKB-117,"Terminal 6P (PHONO, CD, TU)"
A-66X,Integrated Amplifier,AKB-131,AKB-131,Terminal (PHONO L)
A-66X,Integrated Amplifier,AKB-132,AKB-132,Terminal (PHONO R)
A-858,Integrated Amplifier,AKB1007,AKB1007,"Pin jack 4P (TAPE2, DAT/TAPE1)"
GR-777,Equalizer,AKB1007,AKB1007,4P Pin jack
A-858,Integrated Amplifier,AKB1027,AKB1027,Pin jack 1P (PHONO L)
A-858,Integrated Amplifier,AKB1028,AKB1028,Pin jack 1P (PHONO R)
A-858,Integrated Amplifier,AKB1029,AKB1029,"Pin jack 6P (CD, TUNER, LINE)"
C-72,Pre-Amplifier,AKB1082,AKB1082,PIN JACK(1P)(AUDlO)
C-72,Pre-Amplifier,AKB1083,AKB1083,PIN JACK(1P)(VlDEO)
C-72,Pre-Amplifier,AKB1129,AKB1129,"PIN JACK(6P)(VCR1,VCR2)"
C-72,Pre-Amplifier,AKB1143,AKB1143,"PIN JACK(3P)(VCR1 lN,VCR2 IN,VCR2 OUT)"
C-72,Pre-Amplifier,AKB1147,AKB1147,PIN JACK(4P)(PRE OUT)
C-72,Pre-Amplifier,AKB1148,AKB1148,"PIN JACK(6P)(TAPE1/DAT,TAPE2/MONITOR, LD,TV/AUX-VCR1)"
C-72,Pre-Amplifier,AKB1149,AKB1149,"PIN JACK(6P)(CD-TUNER,TAPE1/DAT)"
C-72,Pre-Amplifier,AKB1150,AKB1150,"PIN JACK(3P)(LD IN,TV/AUX IN-VCR1 OUT)"
C-72,Pre-Amplifier,AKB1151,AKB1151,PIN JACK(2P)(PHONO)
C-72,Pre-Amplifier,AKB1152,AKB1152,PIN JACK(1P) (MONITOR OUT)
QX-646,Receiver,AKC-01 6-0,AKC-01 6,Terminal strip (4P)
RT-1020L,Reel To Reel Tape,AKC-013-0,AKC-013,Terminal strip 4P
SA-5200,Integrated Amplifier,AKC-015-0,AKC-015,1 L2P strip lug terminal
SA-9100,Integrated Amplifier,AKC-015-0,AKC-015,2P terminal strip
SX-434,Receiver,AKC-015-0,AKC-015,Terminal strip (2P)
SX-626 (1973),Receiver,AKC-015-0,AKC-015,Terminal strip (2P)    KUW
SX-939,Receiver,AKC-015-0,AKC-015,Terminal strip (2P)
QX-4000,Receiver,AKC-016-0,AKC-016,4P lug terminal
QX-4000,Receiver,AKC-016-0,AKC-016,4P lug terminal
QX-4000,Receiver,AKC-016-0,AKC-016,4P lug terminal
QX-646,Receiver,AKC-016-0,AKC-016,Terminal strip (4P)
QX-646,Receiver,AKC-016-0,AKC-016,Terminal strip (4P)
QX-9900,Receiver,AKC-016-0,AKC-016,4P lug terminal
SX-434,Receiver,AKC-016-0,AKC-016,Terminal strip (4P)
QX-747,Receiver,AKC-017-0,AKC-017,Terminal strip (6P)
QX-9900,Receiver,AKC-017-0,AKC-017,6 Plug terminal
QX-646,Receiver,AKC-018-0,AKC-018,Terminal strip (2P)
QX-747,Receiver,AKC-018-0,AKC-018,Terminal strip (1L2P)
QX-949,Receiver,AKC-018-0,AKC-018,Terminal strip (1L2P)
SX-626 (1973),Receiver,AKC-018-0,AKC-018,Terminal strip (1L2P)
SD-1100,Other,AKC-019-0,AKC-019,4P lug terminal
SA-8100,Integrated Amplifier,AKC-021-0,AKC-021,4p terminal strip
SA-9100,Integrated Amplifier,AKC-021 -0,AKC-021 ,4P terminal strip
SA-9100,Integrated Amplifier,AKC-021-0,AKC-021,4P terminal strip
Exclusive M3,Amplifier,AKC-022-0,AKC-022,Terminal strip (6P)
Exclusive M3,Amplifier,AKC-022-0,AKC-022,Terminal strip (GP)
RT-1011L,Reel To Reel Tape,AKC-023-0,AKC-023,Terminal strip 2P
RT-1011L,Reel To Reel Tape,AKC-023-0,AKC-023,Terminal strip 2p
RT-1011L,Reel To Reel Tape,AKC-023-0,AKC-023,Terminal strip 2p
SX-636,Receiver,AKC-023-A,AKC-023,"Terminal strip (2P - KCU,GN)"
SX-737,Receiver,AKC-023-0,AKC-023,Terminal strip (2P) (GN)
SX-535,Receiver,AKC-024-A,AKC-024,"Terminal strip (4P - KCU,FV)"
A-27,Integrated Amplifier,AKC-030,AKC-030,Terminal strip 2P - S
A-27,Integrated Amplifier,AKC-030,AKC-030,Terminal Strip 2P - S/G
SX-1980,Receiver,AKC-030,AKC-030,Terminal strip 2P (HG)
SX-550,Receiver,AKC-030,AKC-030,Terminal 2P (HG)
SX-650,Receiver,AKC-030,AKC-030,Terminal board (2P) - HG
TX-5300,Tuner,AKC-030-0,AKC-030,Terminal strip 2P
M-22,Amplifier,AKC-031,AKC-031,Terminal strip 4P (KL-type)
M-22,Amplifier,AKC-031,AKC-031,Terminal strip 4P (N-type)
SX-650,Receiver,AKC-038,AKC-038,Terminal board (2P) - KCU
M-25,Amplifier,AKC-041,AKC-041,Terminal strip 4P
TX-6200,Tuner,AKD-166-0,AKD-166,Packing case (FVZ)
SD-1000,Other,AKE-002-O,AKE-002,Terminal A
SD-1100,Other,AKE-002-0,AKE-002,Terminal A
QX-646,Receiver,AKE-003-0,AKE-003,Fuse 3A (Protection - KUW model)
SD-1000,Other,AKE-003-O,AKE-003,Terminal B
SD-1100,Other,AKE-003-0,AKE-003,Terminal B
QX-646,Receiver,AKE-004-0,AKE-004,Fuse 1A (Protection - KUW model)
QX-4000,Receiver,AKE-007-0,AKE-007,Metal sleeve
SD-1100,Other,AKE-008-0,AKE-008,Terminal (Metal)
SD-1100,Other,AKE-008-0,AKE-008,Terminal (Metal)
QX-646,Receiver,AKE-010-0,AKE-010,Speaker output terminal (Rear)
QX-747,Receiver,AKE-010-0,AKE-010,Speaker output terminal
QX-747A,Receiver,AKE-010,AKE-010,Speaker output terminal
QX-949,Receiver,AKE-010-0,AKE-010,Speaker output terminal
QX-949A,Receiver,AKE-010,AKE-010,Speaker output terminal
SA-7100,Integrated Amplifier,AKE-010-0,AKE-010,Speaker terminal board (dual)
SA-8100,Integrated Amplifier,AKE-010-0,AKE-010,Speaker terminal board (dual)
SPEC-1,Pre-Amplifier,AKE-010,AKE-010,Speaker output terminal (dual)
SA-5200,Integrated Amplifier,AKE-011-A,AKE-011,Screw for grounding
QX-646,Receiver,AKE-012-A,AKE-012,Binding post (Ground)
QX-747,Receiver,AKE-012-A,AKE-012,Binding post for ground
QX-949,Receiver,AKE-012-A,AKE-012,Binding post for ground
QX-949A,Receiver,AKE-012,AKE-012,Binding post for ground
SA-8100,Integrated Amplifier,AKE-012-A,AKE-012,Screw for grounding
SA-9100,Integrated Amplifier,AKE-012-A,AKE-012,Screw for grounding
SA-9500,Integrated Amplifier,AKE-012-A,AKE-012,Binding post (for ground)
SA-9900,Integrated Amplifier,AKE-012-A,AKE-012,Binding post (GND)
SX-1010,Receiver,AKE-012-A,AKE-012,Binding post for ground
SX-1050,Receiver,AKE-012,AKE-012,Terminal (GND)
SX-1250,Receiver,AKE-012,AKE-012,Terminal (GND)
SX-1980,Receiver,AKE-012,AKE-012,Terminal (GND)
SX-838,Receiver,AKE-012-A,AKE-012,Binding post for ground
SX-850,Receiver,AKE-012,AKE-012,Terminal (GND)
SX-939,Receiver,AKE-012-A,AKE-012,Binding post lor ground
SX-950,Receiver,AKE-012,AKE-012,Terminal (GND)
SA-9100,Integrated Amplifier,AKE-013-0,AKE-013,Speaker terminal board (triple type)
SX-1010,Receiver,AKE-014-0,AKE-014,Speaker output terminal
SX-1050,Receiver,AKE-014,AKE-014,Terminal (SPEAKERS)
SX-1250,Receiver,AKE-014,AKE-014,Terminal (SPEAKERS)
SX-838,Receiver,AKE-014-0,AKE-014,Speaker output terminal
SX-939,Receiver,AKE-014-0,AKE-014,Speaker output terminal
SX-950,Receiver,AKE-014,AKE-014,Terminal (SPEAKERS)
SPEC-1,Pre-Amplifier,AKE-015,AKE-015,Speaker input terminal
QX-646,Receiver,AKE-016-0,AKE-016,Speaker output terminal (Front)
QX-747,Receiver,AKE-016-0,AKE-016,Speaker output terminal
QX-747A,Receiver,AKE-016,AKE-016,Speaker output terminal
QX-747A,Receiver,AKE-017,AKE-017,Screw for ground terminal
SA-7500,Integrated Amplifier,AKE-017-A,AKE-017,Binding post (for ground)
SA-8500,Integrated Amplifier,AKE-017-A,AKE-017,Binding post (for ground)
SG-9500,Equalizer,AKE-017,AKE-017,Screw for ground (GND)
SX-434,Receiver,AKE-017-0,AKE-017,Binding post for ground
SX-535,Receiver,AKE-017-0,AKE-017,Binding post for ground
SX-636,Receiver,AKE-017-0,AKE-017,Binding post for ground
SX-650,Receiver,AKE-017,AKE-017,Terminal (GND)
SX-737,Receiver,AKE-017-0,AKE-017,Binding post for ground
QX-949,Receiver,AKE-018-0,AKE-018,Speaker output terminal-A
QX-949A,Receiver,AKE-018,AKE-018,Speaker output terminal-A
Exclusive M3,Amplifier,AKE-019-0,AKE-019,Binding post for ground
SPEC-1,Pre-Amplifier,AKE-019,AKE-019,Binding post (for ground)
SPEC-2,Amplifier,AKE-019,AKE-019,Ground terminal
SPEC-4,Amplifier,AKE-019,AKE-019,Terminal (GND)
Exclusive M3,Amplifier,AKE-020-0,AKE-020,"Output terminal (A, red)"
M-22,Amplifier,AKE-020,AKE-020,Terminal
SPEC-2,Amplifier,AKE-020,AKE-020,Output terminal (A)
Exclusive M3,Amplifier,AKE-021-0,AKE-021,"Output terminal (B, white)"
M-22,Amplifier,AKE-021,AKE-021,Terminal
SPEC-2,Amplifier,AKE-021,AKE-021,Output terminal (B)
SA-9500,Integrated Amplifier,AKE-025-A,AKE-025,Speaker output terminal
SA-9900,Integrated Amplifier,AKE-025-0,AKE-025,Push terminal (SPEAKERS)
SA-5500II,Integrated Amplifier,AKE-026,AKE-026,SPEAKER output terminal
SA-5800/508,Integrated Amplifier,AKE-026,AKE-026,Terminal (SPEAKERS)
SA-606,Integrated Amplifier,AKE-026,AKE-026,Terminal (SPEAKERS)
SA-6500,Integrated Amplifier,AKE-026,AKE-026,Speaker output terminal
SA-6500II,Integrated Amplifier,AKE-026,AKE-026,Terminal (SPEAKERS)
SA-6700,Integrated Amplifier,AKE-026,AKE-026,Terminal (SPEAKERS)
SA-6800/608,Integrated Amplifier,AKE-026,AKE-026,Terminal (SPEAKERS)
SA-706,Integrated Amplifier,AKE-026,AKE-026,Terminal (SPEAKERS)
SA-7500II,Integrated Amplifier,AKE-026,AKE-026,Terminal (SPEAKERS)
SA-7700,Integrated Amplifier,AKE-026,AKE-026,Terminal (SPEAKERS)
SA-8500II,Integrated Amplifier,AKE-026,AKE-026,Terminal (SPEAKERS)
SA-9500II,Integrated Amplifier,AKE-026,AKE-026,Terminal (SPEAKERS)
SX-580/590,Receiver,AKE-026,AKE-026,Terminal (SPEAKERS)
SX-680/690,Receiver,AKE-026,AKE-026,Terminal (SPEAKERS)
SX-780,Receiver,AKE-026,AKE-026,Terminal (SPEAKERS)
SX-880/890,Receiver,AKE-026,AKE-026,"Terminal (SPEAKERS A, B)"
SX-450,Receiver,AKE-028,AKE-028,Terminal (ANTENNA)
SX-550,Receiver,AKE-028,AKE-028,Terminal (ANTENNA)
SX-450,Receiver,AKE-029,AKE-029,Terminal (SPEAKER)
SX-550,Receiver,AKE-029,AKE-029,Terminal (SPEAKERS)
SX-650,Receiver,AKE-029,AKE-029,Terminal (SPEAKER)
SX-750,Receiver,AKE-029,AKE-029,Terminal (SPEAKER)
SX-850,Receiver,AKE-029,AKE-029,Terminal (SPEAKER)
F-28,Tuner,AKE-030,AKE-030,Terminal (GND)
SA-8500II,Integrated Amplifier,AKE-030,AKE-030,Screw for ground (GND)
SA-9500II,Integrated Amplifier,AKE-030,AKE-030,Screw for ground (GND)
SA-606,Integrated Amplifier,AKE-031,AKE-031,Terminal (GND)
SA-6700,Integrated Amplifier,AKE-031,AKE-031,Terminal (GND)
SA-706,Integrated Amplifier,AKE-031,AKE-031,Terminal (GND)
SA-7500II,Integrated Amplifier,AKE-031,AKE-031,Screw for ground (GND)
SA-7700,Integrated Amplifier,AKE-031,AKE-031,Terminal (GND)
SX-1080,Receiver,AKE-031,AKE-031,Terminal (GND)
SX-1280,Receiver,AKE-031,AKE-031,Terminal (GND)
SX-450,Receiver,AKE-031,AKE-031,Terminal (GROUND)
SX-580/590,Receiver,AKE-031,AKE-031,Terminal (GND)
SX-680/690,Receiver,AKE-031,AKE-031,Terminal (GND)
SX-780,Receiver,AKE-031,AKE-031,Terminal (GND)
SX-880/890,Receiver,AKE-031,AKE-031,Terminal (GND)
SX-980,Receiver,AKE-031,AKE-031,Terminal (GND)
M-22,Amplifier,AKE-033,AKE-033,Terminal (GND)
M-25,Amplifier,AKE-033,AKE-033,Terminal (GND)
M-25,Amplifier,AKE-035,AKE-035,Terminal (RED mark)
M-25,Amplifier,AKE-036,AKE-036,Terminal (WHITE mark)
A-27,Integrated Amplifier,AKE-037,AKE-037,"Terminal (SPEAKERS) - S,S/G"
SPEC-4,Amplifier,AKE-037,AKE-037,Terminal (OUTPUT)
SA-3000,Integrated Amplifier,AKE-038,AKE-038,Terminal (SPEAKERS)
SA-708,Integrated Amplifier,AKE-038,AKE-038,Terminal (SPEAKERS)
SA-708,Integrated Amplifier,AKE-038,AKE-038,Terminal (SPEAKERS)
SA-7800,Integrated Amplifier,AKE-038,AKE-038,Terminal (SPEAKERS)
SA-8800,Integrated Amplifier,AKE-038,AKE-038,Terminal (SPEAKERS)
SA-9800,Integrated Amplifier,AKE-038,AKE-038,Terminal (SPEAKERS)
SX-1280,Receiver,AKE-038,AKE-038,Terminal (SPEAKERS)
SX-1980,Receiver,AKE-038,AKE-038,Terminal (SPEAKERS)
SX-D5000,Receiver,AKE-038,AKE-038,Terminal (SPEAKERS)
A-27,Integrated Amplifier,AKE-039,AKE-039,Terminal (GND)
A-27,Integrated Amplifier,AKE-040,AKE-040,Terminal (SPEAKERS) - KU
SX-3700,Receiver,AKE-044,AKE-044,Terminal (SPEAKER)
SX-820,Receiver,AKE-044,AKE-044,Terminal (SPEAKER)
SA-420,Integrated Amplifier,AKE-047,AKE-047,Terminal (SPEAKERS)
SX-3500,Receiver,AKE-047,AKE-047,Terrninal (SPEAKERS)
SX-3600/720,Receiver,AKE-047,AKE-047,Terminal (SPEAKER)
SX-3400,Receiver,AKE-048,AKE-048,Terminal (SPEAKERS)
SX-600,Receiver,AKE-048,AKE-048,Terminal (SPEAKERS)
SX-600L,Receiver,AKE-048,AKE-048,Terminal (SPEAKERS)
SX-700,Receiver,AKE-048,AKE-048,Terminal (SPEAKERS)
SX-700L,Receiver,AKE-048,AKE-048,Terminal (SPEAKERS)
SA-710,Integrated Amplifier,AKE-050,AKE-050,Terminal (SPEAKERS)
A-6,Integrated Amplifier,AKE-051,AKE-051,Terminal (SPEAKERS)
A-66X,Integrated Amplifier,AKE-052,AKE-052,Terminal (SPEAKERS)
A-80,Integrated Amplifier,AKE-052,AKE-052,Terminal (SPEAKERS)
A-9,Integrated Amplifier,AKE-052,AKE-052,Terminal(SPEAKERS)
A-90,Integrated Amplifier,AKE-052,AKE-052,Terminal (SPEAKERS)
SX-3800,Receiver,AKE-054,AKE-054,Terminal (SPEAKERS)
SX-3900,Receiver,AKE-054,AKE-054,Terminal (SPEAKERS)
A-60,Integrated Amplifier,AKE-055,AKE-055,Terminal (SPEAKERS)
A-60,Integrated Amplifier,AKE-055,AKE-055,Terminal (SPEAKERS)
A-66X,Integrated Amplifier,AKE-055,AKE-055,8P speaker terminal (HB)
A-66X,Integrated Amplifier,AKE-055,AKE-055,8P speaker terminal (HE)
A-7,Integrated Amplifier,AKE-055,AKE-055,Terminal (SPEAKER)
A-70,Integrated Amplifier,AKE-055,AKE-055,Terminal (SPEAKERS)
F-90,Tuner,AKE-097,AKE-097,Terminal (AM STEREO)
SX-4,Receiver,AKE-101,AKE-101,Terminal (SPEAKERS)
SX-5,Receiver,AKE-101,AKE-101,Terminal (SPEAKERS)
SA-530,Integrated Amplifier,AKE-102,AKE-102,Terminal (SPEAKER)
SA-930,Integrated Amplifier,AKE-102,AKE-102,Terminal (SPEAKERS)
SA-970,Integrated Amplifier,AKE-103,AKE-103,Terminal (SPEAKER)
SX-6,Receiver,AKE-103,AKE-103,"Terminal (SPEAKERS A,B)"
SX-60,Receiver,AKE-103,AKE-103,Terminal (SPEAKERS)
SX-7,Receiver,AKE-103,AKE-103,Terminal (SPEAKERS)
SA-1040,Integrated Amplifier,AKE-105,AKE-105,Terminal (SPEAKERS)
SA-1050,Integrated Amplifier,AKE-105,AKE-105,Terminal (SPEAKERS)
SA-940,Integrated Amplifier,AKE-105,AKE-105,Terminal (SPEAKERS)
SA-950,Integrated Amplifier,AKE-105,AKE-105,Terminal (SPEAKERS)
SX-8,Receiver,AKE-105,AKE-105,Terminal (SPEAKERS)
A-77X,Integrated Amplifier,AKE-110,AKE-110,Terminal 4P (SPEAKER)
A-88X,Integrated Amplifier,AKE-110,AKE-110,Terminal (SPEAKER)
SA-530,Integrated Amplifier,AKE-403,AKE-403,Fuse (T2.5A) - HE
A-858,Integrated Amplifier,AKE1015,AKE1015,Speaker terminal 4P (SPEAKERS A/B)
Exclusive M3,Amplifier,AKF-018-0,AKF-018,Connector socket
A-27,Integrated Amplifier,AKF-028,AKF-028,Contact (for connector)
SPEC-4,Amplifier,AKF-028,AKF-028,Contact piece
SD-1000,Other,AKG-001-O,AKG-001,Socket (CRT)
SD-1100,Other,AKG-001-0,AKG-001,Socket (CRT)
SA-9900,Integrated Amplifier,AKH-001-0,AKH-001,Transistor Socket
SX-939,Receiver,AKH-001-0,AKH-001,Socket (power transistor)
M-25,Amplifier,AKH-007,AKH-007,Transistor socket
SX-3600/720,Receiver,AKH-008,AKH-008,Spacer
SA-3000,Integrated Amplifier,AKH-009,AKH-009,Transistor socket
SX-3900,Receiver,AKH-010,AKH-010,Transistor socket
A-27,Integrated Amplifier,AKH-012,AKH-012,Transistor socket
A-40,Integrated Amplifier,AKH-017,AKH-017,TRANSISTOR SOCKET
SX-50,Receiver,AKH-017,AKH-017,Transistor socket
SX-1050,Receiver,AKH-031,AKH-031,Voltage selector switch (S)
SX-3800,Receiver,AKH-032,AKH-032,Fuse holder (KU)
QD-240,Other,AKK-002,AKK-002,SOCKET
QX-747,Receiver,AKK-002-0,AKK-002,Fuse holder (1P)
QX-949,Receiver,AKK-002-0,AKK-002,Fuse holder (protection)
RG-1,Dynamic Range Expander,AKK-002,AKK-002,Lamp socket
SX-1010,Receiver,AKK-002-0,AKK-002,Pilot lamp socket
SX-434,Receiver,AKK-002-0,AKK-002,Pilot lamp socket
SX-434,Receiver,AKK-002-0,AKK-002,Pilot lamp socket
SX-535,Receiver,AKK-002-0,AKK-002,Pilot lamp socket
SX-636,Receiver,AKK-002-0,AKK-002,Pilot lamp socket
SX-737,Receiver,AKK-002-0,AKK-002,Pilot lamp socket
SX-838,Receiver,AKK-002-0,AKK-002,Pilot lamp socket
SX-939,Receiver,AKK-002-0,AKK-002,Pilot lamp socket
TX-5300,Tuner,AKK-002-0,AKK-002,Lamp holder
TX-7100,Tuner,AKK-002-0,AKK-002,Pilot lamp socket
TX-8100,Tuner,AKK-002-0,AKK-002,Pilot lamp socket
SX-850,Receiver,AKK-004,AKK-004,Socket (wedge-type)
SX-950,Receiver,AKK-004,AKK-004,Socket (wedge-type)
TX-8500II,Tuner,AKK-004,AKK-004,Lamp socket (Wedge type)
TX-9500,Tuner,AKK-004-0,AKK-004,Lamp socket (wedge type)
SX-1280,Receiver,AKK-005,AKK-005,Lamp socket
SX-1980,Receiver,AKK-005,AKK-005,Lamp socket
SX-3500,Receiver,AKK-005,AKK-005,Lamp socket (wedge type)
SX-3600/720,Receiver,AKK-005,AKK-005,Lamp socket
SX-3900,Receiver,AKK-005,AKK-005,Lamp socket
SX-580/590,Receiver,AKK-005,AKK-005,Lamp socket
SX-680/690,Receiver,AKK-005,AKK-005,Lamp socket
SX-780,Receiver,AKK-005,AKK-005,Lamp socket
SX-880/890,Receiver,AKK-005,AKK-005,Lamp socket
TX-6800/608,Tuner,AKK-005,AKK-005,Lamp socket (wedge type)
QA-800A,Integrated Amplifier,AKM-002-0,AKM-002,Jumper plug
SX-828,Receiver,AKM-002-0,AKM-002,Jumper plug
SA-7100,Integrated Amplifier,AKM-004-A,AKM-004,Jumper plug
SX-1050,Receiver,AKM-004,AKM-004,Jumper plug
SX-1080,Receiver,AKM-004,AKM-004,Jumper plug
SX-3900,Receiver,AKM-004,AKM-004,Jumper plug
SX-850,Receiver,AKM-004,AKM-004,Jumper plug
SX-939,Receiver,AKM-004-A,AKM-004,Jumper plug
SX-950,Receiver,AKM-004,AKM-004,Jumper plug
SX-980,Receiver,AKM-004,AKM-004,Plug
SX-D5000,Receiver,AKM-004,AKM-004,Jumper plug
QX-747,Receiver,AKM-006-0,AKM-006,Multi-plug
QX-747A,Receiver,AKM-006,AKM-006,Multi-plug (2CH-4CH)
QX-949,Receiver,AKM-006-0,AKM-006,Multi-plug
QX-949A,Receiver,AKM-006,AKM-006,Multi-plug (power boosting switch)
QX-747,Receiver,AKM-007-0,AKM-007,3P plug
QX-747,Receiver,AKM-008-0,AKM-008,3P plug
QX-747,Receiver,AKM-010-0,AKM-010,3P Plug
QX-747A,Receiver,AKM-013-0,AKM-013,4p plug
QX-747A,Receiver,AKM-015-0,AKM-015,5p plug
QX-747A,Receiver,AKM-017-0,AKM-017,3p plug
SX-50,Receiver,AKM-041,AKM-041,Connection plug
SX-8,Receiver,AKM-041,AKM-041,Jumper plug
A-27,Integrated Amplifier,AKM-050,AKM-050,Short plug
QX-747,Receiver,AKN-002-0,AKN-002,Headphones jack
QX-747A,Receiver,AKN-002,AKN-002,Phone jack (PHONES FRONT)
QX-747A,Receiver,AKN-002,AKN-002,Phone jack (PHONES REAR)
QX-949A,Receiver,AKN-002,AKN-002,Phone jack (PHONES FRONT)
QX-949A,Receiver,AKN-002,AKN-002,Phone jack (PHONES REAR)
SA-7500,Integrated Amplifier,AKN-008-0,AKN-008,Phone jack (PHONES)
SA-8500,Integrated Amplifier,AKN-008-0,AKN-008,Phone jack (PHONES)
SA-8500II,Integrated Amplifier,AKN-008,AKN-008,Phone jack (PHONES)
SA-9500II,Integrated Amplifier,AKN-008,AKN-008,Phone jack (PHONES)
SA-5500II,Integrated Amplifier,AKN-009,AKN-009,Phone jack (PHONES)
SX-450,Receiver,AKN-009,AKN-009,Phone jack
SX-550,Receiver,AKN-009,AKN-009,Phone jack (PHONES)
SX-580/590,Receiver,AKN-009,AKN-009,Phone jack (PHONES)
SX-650,Receiver,AKN-009,AKN-009,Phone jack (PHONES)
SX-680/690,Receiver,AKN-009,AKN-009,Phone jack (PHONES)
SX-780,Receiver,AKN-009,AKN-009,Phone jack (PHONES)
SX-880/890,Receiver,AKN-009,AKN-009,Phone jack (PHONES)
SX-1050,Receiver,AKN-010,AKN-010,Phone jack (PHONES)
SX-1080,Receiver,AKN-010,AKN-010,Headphones jack
SX-1250,Receiver,AKN-010,AKN-010,Phone Jack (PHONES)
SX-1280,Receiver,AKN-010,AKN-010,Phone jack (PHONES)
SX-1980,Receiver,AKN-010,AKN-010,Phone jack (PHONES)
SX-750,Receiver,AKN-010,AKN-010,Phone jack (Head phone)
SX-750,Receiver,AKN-010,AKN-010,Phone jack (Headphones)
SX-850,Receiver,AKN-010,AKN-010,Phone jack (PHONES)
SX-950,Receiver,AKN-010,AKN-010,Phone jack (PHONES)
SX-980,Receiver,AKN-010,AKN-010,Phone jack (PHONES)
SX-450,Receiver,AKN-011,AKN-011,Phone jack (MIC)
SX-550,Receiver,AKN-011,AKN-011,Phone jack (MIC)
SX-650,Receiver,AKN-011,AKN-011,Phone jack (MIC)
SX-1080,Receiver,AKN-012,AKN-012,MIC jack
SX-1280,Receiver,AKN-012,AKN-012,Phone jack (MIC)
SX-1980,Receiver,AKN-012,AKN-012,Phone jack (MIC)
SX-950,Receiver,AKN-012,AKN-012,Phone jack (MIC)
SX-980,Receiver,AKN-012,AKN-012,Phonejack (MIC)
SX-1050,Receiver,AKN-013,AKN-013,Phone jack (MIC)
SX-1250,Receiver,AKN-013,AKN-013,Phone jack (MIC)
SX-750,Receiver,AKN-013,AKN-013,Phone jack (MIC)
A-27,Integrated Amplifier,AKN-023,AKN-023,Phone jack (PHONES)
SA-5800/508,Integrated Amplifier,AKN-023,AKN-023,Phone jack (PHONES)
SA-6800/608,Integrated Amplifier,AKN-023,AKN-023,Phone jack (PHONES)
SA-708,Integrated Amplifier,AKN-023,AKN-023,Phone jack (PHONES)
SA-710,Integrated Amplifier,AKN-023,AKN-023,Headphones jack
SA-7800,Integrated Amplifier,AKN-023,AKN-023,Phones jack
SA-8800,Integrated Amplifier,AKN-023,AKN-023,Phone jack (PHONES)
SA-9800,Integrated Amplifier,AKN-023,AKN-023,Phone jack (PHONES)
SA-3000,Integrated Amplifier,AKN-024,AKN-024,Phones jack
A-9,Integrated Amplifier,AKN-028,AKN-028,Phono jack (PHONES)
SX-D5000,Receiver,AKN-028,AKN-028,Phones jack (PHONES)
A-7,Integrated Amplifier,AKN-029,AKN-029,Phones jack
SA-530,Integrated Amplifier,AKN-029,AKN-029,Headphone jack
SX-4,Receiver,AKN-029,AKN-029,Phones jack (PHONES)
SX-5,Receiver,AKN-029,AKN-029,Phone jack (PHONES)
SX-600,Receiver,AKN-029,AKN-029,Phone jack (PHONES)
SX-600L,Receiver,AKN-029,AKN-029,Phone jack (PHONES)
SX-700,Receiver,AKN-029,AKN-029,Phone jack (PHONES)
SX-700L,Receiver,AKN-029,AKN-029,Phone jack (PHONES)
A-5,Integrated Amplifier,AKN-030,AKN-030,JACK(HEADPHONE)
A-6,Integrated Amplifier,AKN-030,AKN-030,Headphone jack
SA-420,Integrated Amplifier,AKN-030,AKN-030,Phone jack (PHONES)
SX-3500,Receiver,AKN-030,AKN-030,Phone jack (PHONES)
SX-3600/720,Receiver,AKN-030,AKN-030,Phone jack
SX-3700,Receiver,AKN-030,AKN-030,Phone jack (PHONES)
SX-3800,Receiver,AKN-030,AKN-030,Phone lack (PHONES)
SX-3900,Receiver,AKN-030,AKN-030,Phone jack (PHONES)
SX-6,Receiver,AKN-030,AKN-030,Phones jack (PHONES)
SX-7,Receiver,AKN-030,AKN-030,Phone jack (PHONES)
SX-8,Receiver,AKN-030,AKN-030,Phone jack (PHONES)
SX-820,Receiver,AKN-030,AKN-030,Phone jack (PHONES)
SA-930,Integrated Amplifier,AKN-034,AKN-034,"Terminal (PHONO,TUNER, TAPE 1)"
TX-930,Tuner,AKN-034,AKN-034,Terminal (AUTO FUNCTION)
SA-930,Integrated Amplifier,AKN-041,AKN-041,Headphone jack
A-70,Integrated Amplifier,AKN-042,AKN-042,Phone jack (PHONES)
A-90,Integrated Amplifier,AKN-044,AKN-044,Phone jack (PHONES)
A-60,Integrated Amplifier,AKN-045,AKN-045,Phone jack (PHONES)
A-66X,Integrated Amplifier,AKN-045,AKN-045,Jack (PHONES)
A-88X,Integrated Amplifier,AKN-045,AKN-045,Jack (PHONES)
SA-1040,Integrated Amplifier,AKN-045,AKN-045,Phone jack (PHONES)
SA-1050,Integrated Amplifier,AKN-045,AKN-045,Phone jack (PHONES)
SA-940,Integrated Amplifier,AKN-045,AKN-045,Phone jack (PHONES)
SA-950,Integrated Amplifier,AKN-045,AKN-045,Phone jack (PHONES)
SA-970,Integrated Amplifier,AKN-045,AKN-045,Jack (PHONES)(8P)
SX-202,Receiver,AKN-045,AKN-045,Phone Jack (PHONES)
SX-50,Receiver,AKN-045,AKN-045,Headphone jack (PHONES)
SX-60,Receiver,AKN-045,AKN-045,Phone jack (PHONES)
A-80,Integrated Amplifier,AKN-050,AKN-050,Headphone jack
A-77X,Integrated Amplifier,AKN-945,AKN-945,Jack (PHONES)
A-858,Integrated Amplifier,AKN1002,AKN1002,Headphone jack (PHONES)
C-72,Pre-Amplifier,AKN1006,AKN1006,JACK(CONTROL)
GR-777,Equalizer,AKN1006,AKN1006,2P Mini jack
GR-555,Equalizer,AKP- 507,AKP- 507,AC socket (AC OUTLET) - SD/G
GR-555,Equalizer,AKP- 509,AKP- 509,AC socket (AC OUTLET) - HB
QL-600,Integrated Amplifier,AKP-001-A,AKP-001,Spare AC Outlet
CT-F7171,Cassette Tape,AKP-002-0,AKP-002,AC outlet
CT-F9191,Cassette Tape,AKP-002,AKP-002,AC outlet
Exclusive M3,Amplifier,AKP-002-0,AKP-002,AC socket
F-28,Tuner,AKP-002,AKP-002,AC socket (KU)
H-R9000,8-Track Tape,AKP-002-0,AKP-002,AC Jack
QA-800A,Integrated Amplifier,AKP-002-0,AKP-002,Spare AC outlet
QC-800A,Pre-Amplifier,AKP-002-0,AKP-002,Spare AC outlet
QL-600A,Integrated Amplifier,AKP-002-0,AKP-002,Spare AC outlet
QM-800A,Amplifier,AKP-002-0,AKP-002,Spare AC outlet
QX-4000,Receiver,AKP-002-0,AKP-002,Spare AC outlet KLUW model
QX-646,Receiver,AKP-002-0,AKP-002,Chassis mounting AC socket (KUW model)
QX-8000A,Receiver,AKP-002-0,AKP-002,Spare AC outlet
RG-1,Dynamic Range Expander,AKP-002,AKP-002,AC socket (AC outlet)
RG-1,Dynamic Range Expander,AKP-002,AKP-002,AC socket A
RG-2,Dynamic Range Expander,AKP-002,AKP-002,AC socket (AC OUTLET)
RT-707,Reel To Reel Tape,AKP-002,AKP-002,AC socket
SA-1000,Integrated Amplifier,AKP-002-O,AKP-002,AC outlet (KUW model)
SA-500A,Integrated Amplifier,AKP-002-O,AKP-002,Spare AC Outlet (KU)
SA-5200,Integrated Amplifier,AKP-002-0,AKP-002,"Spare AC outlet (KU, KC model)"
SA-600,Integrated Amplifier,AKP-002-0,AKP-002,Spare AC outlet
SA-7100,Integrated Amplifier,AKP-002-0,AKP-002,Spare AC outlet for KUW model
SA-800,Integrated Amplifier,AKP-002-0,AKP-002,Spare AC outlet (KUW/KCW)
SA-8100,Integrated Amplifier,AKP-002-0,AKP-002,Spare AC outlet for KUW model
SA-9100,Integrated Amplifier,AKP-002-0,AKP-002,Spare AC outlet for KUW model
SG-9500,Equalizer,AKP-002,AKP-002,AC socket (AC OUTLET)
SG-9800,Equalizer,AKP-002,AKP-002,AC socket (AC OUTLET)
SPEC-4,Amplifier,AKP-002,AKP-002,AC socket (AC OUTLET)
SR-303,Reverb,AKP-002,AKP-002,AC socket (AC OUTLET)
SX-424,Receiver,AKP-002-0,AKP-002,Spare AC ouﬂet
SX-626 (1973),Receiver,AKP-002-0,AKP-002,"AC socket    KUW, KCW, FW"
SX-727,Receiver,AKP-002-0,AKP-002,Spare AC outlet
SX-828,Receiver,AKP-002-0,AKP-002,Spare AC outlet
TX-6200,Tuner,AKP-002-0,AKP-002,Spare AC outlet
TX-6200,Tuner,AKP-002-0,AKP-002,Spare AC outlet
TX-7100,Tuner,AKP-002-0,AKP-002,Spare AC outlet
TX-8100,Tuner,AKP-002-0,AKP-002,Spare AC outlet
TX-8500II,Tuner,AKP-002,AKP-002,"AC socket (OUTLET) - KU,KC"
TX-8500II,Tuner,AKP-002,AKP-002,AC socket (OUTLET) - S
TX-9100,Tuner,AKP-002-0,AKP-002,Chassis mounting AC socket
TX-9500,Tuner,AKP-002-0,AKP-002,AC socket
TX-9500II,Tuner,AKP-002,AKP-002,AC socket (AC OUTLET)
TX-9500II,Tuner,AKP-002,AKP-002,AC socket (OUTLET - KU/KC/S)
SA-9900,Integrated Amplifier,AKP-003-0,AKP-003,AC socket (inlet) - GN
A-27,Integrated Amplifier,AKP-004,AKP-004,AC socket (AC OUTLETS) - KU
C-21,Pre-Amplifier,AKP-004,AKP-004,AC socket (double)
QX-4000,Receiver,AKP-004-0,AKP-004,Spare AC outlet FW model
QX-646,Receiver,AKP-004-0,AKP-004,Chassis mounting AC socket (FW model)
SA-5200,Integrated Amplifier,AKP-004-0,AKP-004,Spare AC.outlet (Dual) (FV model)
SA-6500,Integrated Amplifier,AKP-004,AKP-004,AC outlet socket
SA-6500II,Integrated Amplifier,AKP-004,AKP-004,AC outlet socket
SA-7500II,Integrated Amplifier,AKP-004,AKP-004,AC socket (AC OUTLET)
SA-7800,Integrated Amplifier,AKP-004,AKP-004,AC socket (OUTLETS)
SA-8500II,Integrated Amplifier,AKP-004,AKP-004,AC socket (AC OUTLETS)
SA-8500II,Integrated Amplifier,AKP-004,AKP-004,AC socket (AC OUTLETS-KC)
SA-8500II,Integrated Amplifier,AKP-004,AKP-004,AC socket (AC OUTLETS-KU)
SA-8500II,Integrated Amplifier,AKP-004,AKP-004,AC socket (AC OUTLETS-S)
SA-8800,Integrated Amplifier,AKP-004,AKP-004,AC socket (AC OUTLETS)
SA-9500II,Integrated Amplifier,AKP-004,AKP-004,AC socket (AC OUTLETS)
SA-9800,Integrated Amplifier,AKP-004,AKP-004,AC socket (AC OUTLETS - KU)
SPEC-1,Pre-Amplifier,AKP-004,AKP-004,AC outlet socket (dual)
SX-434,Receiver,AKP-004-0,AKP-004,"AC socket (KCU,FV)"
SX-450,Receiver,AKP-004,AKP-004,AC socket (KU/KC/S)
SX-535,Receiver,AKP-004-0,AKP-004,"AC socket (KCU,FV)"
SX-550,Receiver,AKP-004,AKP-004,AC socket (AC OUTLETS)
SX-580/590,Receiver,AKP-004,AKP-004,AC socket - AC OUTLET (SX-580/KU)
SX-636,Receiver,AKP-004-0,AKP-004,"AC socket (KCU,FV)"
SX-650,Receiver,AKP-004,AKP-004,AC - Socket (OUTLET) - KCU
SX-650,Receiver,AKP-004,AKP-004,AC - Socket (OUTLET) - S
SX-650,Receiver,AKP-004,AKP-004,AC socket (OUTLET - KCU/S)
SX-680/690,Receiver,AKP-004,AKP-004,AC socket (AC OUTLETS - KU/KC)
SX-737,Receiver,AKP-004-0,AKP-004,"AC socket (KCU,F)"
SX-780,Receiver,AKP-004,AKP-004,AC socket (AC OUTLETS)
SX-880/890,Receiver,AKP-004,AKP-004,AC socket (AC OUTLETS)SX-880/KC
SX-880/890,Receiver,AKP-004,AKP-004,AC socket (AC OUTLETS)SX-880/KU
C-21,Pre-Amplifier,AKP-005,AKP-005,AC socket (triple - KL)
QX-747,Receiver,AKP-005-0,AKP-005,AC socket
QX-747A,Receiver,AkP-005,AkP-005,AC socket
QX-949,Receiver,AKP-005-0,AKP-005,AC socket
QX-949A,Receiver,AKP-005,AKP-005,AC socket
QX-9900,Receiver,AKP-005-0,AKP-005,Spare AC outlet
SA-5500II,Integrated Amplifier,AKP-005,AKP-005,AC outlet
SA-606,Integrated Amplifier,AKP-005,AKP-005,AC socket (AC OUTLETS)
SA-6700,Integrated Amplifier,AKP-005,AKP-005,AC socket (AC OUTLETS)
SA-7100,Integrated Amplifier,AKP-005-0,AKP-005,Spare AC outlet (triple) for FVW model
SA-7500,Integrated Amplifier,AKP-005-0,AKP-005,"AC Socket (KCU,FV)"
SA-7700,Integrated Amplifier,AKP-005,AKP-005,AC socket (AC OUTLETS)
SA-8100,Integrated Amplifier,AKP-005-0,AKP-005,Spare AC outlet for FVW model
SA-8500,Integrated Amplifier,AKP-005-0,AKP-005,AC socket (KCU)
SA-9100,Integrated Amplifier,AKP-005-0,AKP-005,Spare AC outlet for FVW model
SA-9500,Integrated Amplifier,AKP-005-0,AKP-005,AC outlet socket
SA-9900,Integrated Amplifier,AKP-005-0,AKP-005,"AC socket outlet (KCU, D)"
SPEC-1,Pre-Amplifier,AKP-005,AKP-005,AC outlet socket (triple)
SX-1010,Receiver,AKP-005-0,AKP-005,"AC socket (KCU, F)"
SX-1050,Receiver,AKP-005,AKP-005,AC socket (AC OUTLETS)
SX-1080,Receiver,AKP-005,AKP-005,AC socket
SX-1250,Receiver,AKP-005,AKP-005,AC socket (OUTLET) (KCU/S)
SX-1280,Receiver,AKP-005,AKP-005,AC socket
SX-1280,Receiver,AKP-005,AKP-005,AC socket (KU)
SX-1980,Receiver,AKP-005,AKP-005,AC socket (AC OUTLET)
SX-1980,Receiver,AKP-005,AKP-005,AC socket (AC OUTLETS-KU)
SX-838,Receiver,AKP-005-0,AKP-005,"AC socket (KCU,F)"
SX-850,Receiver,AKP-005,AKP-005,AC socket (AC OUTLETS)
SX-939,Receiver,AKP-005-0,AKP-005,"AC socket (KCU,F)"
SX-950,Receiver,AKP-005,AKP-005,AC socket (AC OUTLETS)
SX-980,Receiver,AKP-005,AKP-005,AC socket
QX-747,Receiver,AKP-006-0,AKP-006,Multi-socket
QX-747A,Receiver,AKP-006,AKP-006,Multi-socket (2CH-4CH)
QX-949,Receiver,AKP-006-0,AKP-006,Multi-socket (Power boosting)
QX-949A,Receiver,AKP-006,AKP-006,Multi-socket (power boosting switch)
SX-450,Receiver,AKP-006,AKP-006,AC Inlet (HG)
SA-7500,Integrated Amplifier,AKP-007-A,AKP-007,Connector (DIN type 5P)
SA-8500,Integrated Amplifier,AKP-007-A,AKP-007,Connector (DIN type 5P)
SX-1050,Receiver,AKP-007,AKP-007,REC-PB connector socket (5P)
SX-1250,Receiver,AKP-007,AKP-007,Connector socket SP (REC/PLAY)
SX-750,Receiver,AKP-007,AKP-007,REC-PB connector socket (5P)
SX-850,Receiver,AKP-007,AKP-007,5P connector socket (REC/PLAY)
SX-950,Receiver,AKP-007,AKP-007,Connector socket 5P (REC/PLAY)
SA-606,Integrated Amplifier,AKP-008,AKP-008,Recessed plug (AC INLET - HG)
SA-706,Integrated Amplifier,AKP-008,AKP-008,Recessed plug (AC INLET) (HG)
SA-708,Integrated Amplifier,AKP-008,AKP-008,Recessed plug (AC lNLET)
SA-7500,Integrated Amplifier,AKP-008-0,AKP-008,Connector socket (AC inlet-GN)
SA-8500,Integrated Amplifier,AKP-008-0,AKP-008,"Connector socket (AC inlet, GN)"
SA-8500II,Integrated Amplifier,AKP-008,AKP-008,Recessed plug (AC INLET-HG)
SA-9500II,Integrated Amplifier,AKP-008,AKP-008,AC Inlet (Recessed-HG)
SA-9900,Integrated Amplifier,AKP-008-0,AKP-008,AC socket inlet (GN)
SX-1010,Receiver,AKP-008-0,AKP-008,Connector (AC Power) (GN)
SX-1250,Receiver,AKP-008,AKP-008,AC socket (INLET) (HG)
SX-1980,Receiver,AKP-008,AKP-008,Recessed plug (AC INLET-HG)
SX-434,Receiver,AKP-008-0,AKP-008,Connector (AC power - GN)
SX-535,Receiver,AKP-008-0,AKP-008,Connector socket (AC power inlet - GN)
SX-550,Receiver,AKP-008,AKP-008,AC socket (INLET - HG)
SX-580/590,Receiver,AKP-008,AKP-008,Recessed plug (SX-590/HG)
SX-580/590,Receiver,AKP-008,AKP-008,Recessed plug (SX-590/HGW4)
SX-636,Receiver,AKP-008-0,AKP-008,Connector (AC power - GN)
SX-650,Receiver,AKP-008,AKP-008,AC - Socket (INLET) - HG
SX-680/690,Receiver,AKP-008,AKP-008,AC socket (INLET) (SX -680/HG)
SX-680/690,Receiver,AKP-008,AKP-008,AC socket (INLET) (SX -680/HGW4)
SX-737,Receiver,AKP-008-0,AKP-008,Connector (AC power - GN)
SX-838,Receiver,AKP-008-0,AKP-008,Connector (AC Power - GN)
SX-939,Receiver,AKP-008-0,AKP-008,Connector (AC power - GN)
SX-D5000,Receiver,AKP-008,AKP-008,Recessed AC plug (AC INLET) - HG
TX-6500II,Tuner,AKP-008,AKP-008,AC inlet (HG)
TX-8500II,Tuner,AKP-008,AKP-008,AC socket (INLET) - HG
TX-9500II,Tuner,AKP-008,AKP-008,AC socket (INLET - HG)
SA-9500,Integrated Amplifier,AKP-010-0,AKP-010,Line voltage selector socket (D model only)
SX-450,Receiver,AKP-011,AKP-011,DIN socket
SX-550,Receiver,AKP-011,AKP-011,DIN connector socket (REC/PLAY)
SX-650,Receiver,AKP-011,AKP-011,DIN connector socket
F-7,Tuner,AKP-016,AKP-016,Connector socket (FM 75)
SX-450,Receiver,AKP-016,AKP-016,Socket (FM antenna)
SX-550,Receiver,AKP-016,AKP-016,Socket (FM Antenna - HG)
SX-580/590,Receiver,AKP-016,AKP-016,Coaxial connector (SX-590/HG)
SX-580/590,Receiver,AKP-016,AKP-016,Coaxial connector (SX-590/HGW4)
SX-680/690,Receiver,AKP-016,AKP-016,Panel mount coaxial connector (SX -680/HG)
SX-680/690,Receiver,AKP-016,AKP-016,Panel mount coaxial connector (SX -680/HGW4)
SX-D5000,Receiver,AKP-016,AKP-016,Connector socket - HG
F-28,Tuner,AKP-018,AKP-018,AC socket (S/G)
SX-680/690,Receiver,AKP-019,AKP-019,AC socket (AC OUTLETS - S/SG)
SX-880/890,Receiver,AKP-019,AKP-019,AC socket (AC OUTLETS)SX-880/S
SX-880/890,Receiver,AKP-019,AKP-019,AC socket (AC OUTLETS)SX-880/SG
SA-606,Integrated Amplifier,AKP-020,AKP-020,"AC socket (AC OUTLET - S,S/G)"
SA-706,Integrated Amplifier,AKP-020,AKP-020,"AC socket (AC OUTLETS - S,S/G)"
SX-1280,Receiver,AKP-020,AKP-020,AC socket (S/SG)
SX-1980,Receiver,AKP-020,AKP-020,AC socket (AC OUTLETS-S/SG)
A-27,Integrated Amplifier,AKP-021,AKP-021,AC socket (AC OUTLETS) - S
A-27,Integrated Amplifier,AKP-021,AKP-021,AC Socket (AC OUTLETS) - S/G
SA-9800,Integrated Amplifier,AKP-021,AKP-021,"AC socket (AC OUTLETS - S, S/G)"
SA-708,Integrated Amplifier,AKP-024,AKP-024,Connector socket
A-6,Integrated Amplifier,AKP-026,AKP-026,AC socket (AC OUTLETS) - HE
SA-3000,Integrated Amplifier,AKP-026,AKP-026,AC socket (AC OUTLET - HE)
SA-708,Integrated Amplifier,AKP-026,AKP-026,AC socket (AC OUTLETS)
SA-710,Integrated Amplifier,AKP-026,AKP-026,AC socket - HE
SX-600L,Receiver,AKP-026,AKP-026,AC socket (AC OUTLETS) - HE
SX-700L,Receiver,AKP-026,AKP-026,AC socket (AC OUTLETS)
SX-700L,Receiver,AKP-026,AKP-026,AC socket - HE
SA-5800/508,Integrated Amplifier,AKP-032,AKP-032,AC socket (AC OUTLET)
SA-6800/608,Integrated Amplifier,AKP-032,AKP-032,AC socket (AC OUTLETS)
SA-710,Integrated Amplifier,AKP-032,AKP-032,AC socket - KU
RG-60,Dynamic Range Expander,AKP-038,AKP-038,AC socket (AC OUTLETS)
SG-9,Equalizer,AKP-038,AKP-038,AC socket (AC OUTLET)
SG-90,Equalizer,AKP-038,AKP-038,AC socket
SX-202,Receiver,AKP-039,AKP-039,AC socket
SX-3400,Receiver,AKP-039,AKP-039,AC socker
SX-3500,Receiver,AKP-039,AKP-039,AC socket (AC OUTLETS)
SX-3600/720,Receiver,AKP-039,AKP-039,AC socket
SX-3700,Receiver,AKP-039,AKP-039,AC socket (AC OUTLETS)
SX-4,Receiver,AKP-039,AKP-039,AC socket (AC OUTPUTS)
SX-5,Receiver,AKP-039,AKP-039,AC socket (AC OUTLETS)
SX-50,Receiver,AKP-039,AKP-039,AC socket
SX-6,Receiver,AKP-039,AKP-039,AC socket (AC OUTLETS)
SX-60,Receiver,AKP-039,AKP-039,AC socket
SX-7,Receiver,AKP-039,AKP-039,AC socket (AC OUTLETS)
SX-820,Receiver,AKP-039,AKP-039,AC socket (AC OUTLETS)
SX-600,Receiver,AKP-040,AKP-040,AC socket (AC OUTLETS) - KU
SX-700,Receiver,AKP-040,AKP-040,AC socket (AC OUTLETS)
A-6,Integrated Amplifier,AKP-041,AKP-041,AC socket (AC OUTLETS) - KU
A-90,Integrated Amplifier,AKP-041,AKP-041,AC Socket
SA-420,Integrated Amplifier,AKP-041,AKP-041,AC socket (AC OUTLETS) - KU
SA-420,Integrated Amplifier,AKP-041,AKP-041,AC socket (AC OUTLETS) - S
SX-3900,Receiver,AKP-041,AKP-041,AC socket (AC OUTLETS)
SX-8,Receiver,AKP-041,AKP-041,AC socket (AC OUTLETS)
SX-3800,Receiver,AKP-042,AKP-042,AC socket (AC OUTLETS)
SX-D5000,Receiver,AKP-042,AKP-042,AC socket (AC OUTLETS) - KU
A-6,Integrated Amplifier,AKP-044,AKP-044,AC socket (AC OUTLETS) - HB
SA-710,Integrated Amplifier,AKP-044,AKP-044,AC socket - HB
A-60,Integrated Amplifier,AKP-501,AKP-501,AC socket (AC OUTLETS) - KU
A-70,Integrated Amplifier,AKP-501,AKP-501,AC socket
A-80,Integrated Amplifier,AKP-501,AKP-501,AC socket - S
A-80,Integrated Amplifier,AKP-501,AKP-501,AC socket - S/G
SA-1040,Integrated Amplifier,AKP-501,AKP-501,AC socket (AC OUTLETS) - KU
SA-1050,Integrated Amplifier,AKP-501,AKP-501,AC socket (AC OUTLETS) - KU
SA-530,Integrated Amplifier,AKP-501,AKP-501,AC socket (AC OUTLETS) - KU
SA-530,Integrated Amplifier,AKP-501,AKP-501,AC socket (AC OUTLETS) - S
SA-930,Integrated Amplifier,AKP-501,AKP-501,AC socket (AC OUTLETS)
SA-930,Integrated Amplifier,AKP-501,AKP-501,AC socket (AC OUTLETS) - KU
SA-930,Integrated Amplifier,AKP-501,AKP-501,AC socket (AC OUTLETS) - S/SG
SA-940,Integrated Amplifier,AKP-501,AKP-501,AC socket (AC OUTLETS) - KU
SA-950,Integrated Amplifier,AKP-501,AKP-501,AC socket (AC OUTLETS) - KU
A-60,Integrated Amplifier,AKP-502,AKP-502,AC socket - HE
A-66X,Integrated Amplifier,AKP-502,AKP-502,AC outlets (HE)
A-66X,Integrated Amplifier,AKP-502,AKP-502,AC outlets (HEZ)
A-77X,Integrated Amplifier,AKP-502,AKP-502,AC socket 3P - HE
A-80,Integrated Amplifier,AKP-502,AKP-502,AC socket - HE
SA-530,Integrated Amplifier,AKP-502,AKP-502,AC socket (AC OUTLETS) - HE
SA-530,Integrated Amplifier,AKP-502,AKP-502,AC socket (AC OUTLETS) - HEZ
SA-930,Integrated Amplifier,AKP-502,AKP-502,AC socket (AC OUTLETS) - HE
SA-930,Integrated Amplifier,AKP-502,AKP-502,AC socket (AC OUTLETS) - HEZ
SA-940,Integrated Amplifier,AKP-502,AKP-502,AC socket (AC OUTLETS) - HE
SA-950,Integrated Amplifier,AKP-502,AKP-502,AC socket (AC OUTLET) - HE
SA-950,Integrated Amplifier,AKP-502,AKP-502,AC socket (OUTLET) - HEZ
SA-970,Integrated Amplifier,AKP-502,AKP-502,AC socket (OUTLETS)
SA-530,Integrated Amplifier,AKP-503,AKP-503,AC socket (AC OUTLETS) - HB
SA-930,Integrated Amplifier,AKP-503,AKP-503,AC socket (AC OUTLETS) - HB
A-77X,Integrated Amplifier,AKP-504,AKP-504,AC socket 3P - KU
A-77X,Integrated Amplifier,AKP-504,AKP-504,AC socket 3P - S
A-77X,Integrated Amplifier,AKP-504,AKP-504,AC socket 3P - S/G
A-88X,Integrated Amplifier,AKP-504,AKP-504,AC socket 3P
SA-950,Integrated Amplifier,AKP-504,AKP-504,AC socket (AC OUTLETS) - KC
A-60,Integrated Amplifier,AKP-505,AKP-505,AC socket - HB
A-66X,Integrated Amplifier,AKP-505,AKP-505,AC outlets (HB)
A-77X,Integrated Amplifier,AKP-505,AKP-505,AC socket 3P - HB
A-80,Integrated Amplifier,AKP-505,AKP-505,AC socket - HB
SA-940,Integrated Amplifier,AKP-505,AKP-505,AC socket (AC OUTLETS) - HB
GR-551,Equalizer,AKP-507,AKP-507,AC Socket (AC OUTLET) - KUC
GR-551,Equalizer,AKP-507,AKP-507,AC Socket (AC OUTLET) - SD
GR-551,Equalizer,AKP-507,AKP-507,AC Socket (AC OUTLET) - SD/G
GR-555,Equalizer,AKP-507,AKP-507,AC socket (AC OUTLET)  - SD
GR-555,Equalizer,AKP-507,AKP-507,AC socket (AC OUTLET) - KUC
GR-777,Equalizer,AKP-507,AKP-507,AC socket (1P)
GR-777,Equalizer,AKP-507,AKP-507,"AC socket (OUTLET,1P) - KUC"
GR-777,Equalizer,AKP-507,AKP-507,"AC socket (OUTLET,1P) - SD"
GR-777,Equalizer,AKP-507,AKP-507,"AC socket (OUTLET,1P) - SD/G"
GR-551,Equalizer,AKP-508,AKP-508,AC Socket (AC OUTLET) - HEZ
GR-555,Equalizer,AKP-508,AKP-508,AC socket (AC OUTLET) - HEZ
GR-777,Equalizer,AKP-508,AKP-508,"AC socket (OUTLET,1P) - HEZ"
GR-551,Equalizer,AKP-509,AKP-509,AC Socket (AC OUTLET) - HB
C-72,Pre-Amplifier,AKP1053,AKP1053,AC OUTLET(3P)
C-72,Pre-Amplifier,AKP1064,AKP1064,"SOCKET(4Px2, DIN) (MONITOR OUT,LD IN)"
C-72,Pre-Amplifier,AKP1065,AKP1065,"SOCKET(4Px3, DIN) (TV/AUX-VCR1 IN, VCR1 OUT)"
C-72,Pre-Amplifier,AKP1067,AKP1067,SOCKET(S-VIDEO)
SX-525,Receiver,AKR -001,AKR -001,LINE VOLTAGE SELECTOR
SX-828,Receiver,AKR 001-0,AKR 001,Fuse holder (FW)
CT-F7171,Cassette Tape,AKR-001-0,AKR-001,Fuse holder  (FV model)
QA-800,Integrated Amplifier,AKR-001-0,AKR-001,Fuse holder
QA-800A,Integrated Amplifier,AKR-001-0,AKR-001,Line voltage selector
QC-800,Pre-Amplifier,AKR-001-0,AKR-001,Line voltage selector
QC-800A,Pre-Amplifier,AKR-001-0,AKR-001,Line voltage selector
QD-240,Other,AKR-001,AKR-001,FUSE HOLDER
QL-600,Integrated Amplifier,AKR-001-0,AKR-001,Line Voltage Selector
QM-800,Amplifier,AKR-001-0,AKR-001,Line Voltage Selector
QM-800A,Amplifier,AKR-001-0,AKR-001,Line voltage selector
QT-6100,Reel To Reel Tape,AKR-001-0,AKR-001,Line voltage selector
QT-6600,Reel To Reel Tape,AKR-001-0,AKR-001,Line voltage selector switch
QT-74,Reel To Reel Tape,AKR-001-0,AKR-001,Line voltage selector (Fuse holder)
QX-4000,Receiver,AKR-001-0,AKR-001,Line voltage selector FW model
QX-646,Receiver,AKR-001-0,AKR-001,Fuse holder (AC power - FW model)
QX-8000,Receiver,AKR-001-0,AKR-001,Line Voltage Selector
QX-8000A,Receiver,AKR-001-0,AKR-001,"Line voltage selector (FW,FSAW)"
QX-9900,Receiver,AKR-001-0,AKR-001,Linie voltage selector
RT-1020L,Reel To Reel Tape,AKR-001-0,AKR-001,Line voltage selector switch (fuse holder)
SA-1000,Integrated Amplifier,AKR-001-O,AKR-001,Fuse holder (FVW model)
SA-500A,Integrated Amplifier,AKR-001-0,AKR-001,Line Voltage Selector (FV)
SA-5200,Integrated Amplifier,AKR-001-0,AKR-001,Fuse holder (AC power) (FV model)
SA-600,Integrated Amplifier,AKR-001-0,AKR-001,Line voltage selector (FVW)
SA-7100,Integrated Amplifier,AKR-001-0,AKR-001,Line voltage selector (Fuse holder - FVW model only)
SA-800,Integrated Amplifier,AKR-001-0,AKR-001,Fuse holder
SA-8100,Integrated Amplifier,AKR-001-0,AKR-001,Fuse holder for FVW model
SA-9100,Integrated Amplifier,AKR-001-0,AKR-001,Fuse holder for FVW model
SD-1100,Other,AKR-001-0,AKR-001,Line voltage selector
SX-1010,Receiver,AKR-001-0,AKR-001,Fuse holder (AC power) (F)
SX-424,Receiver,AKR-001-0,AKR-001,Line Voltage Selector (FVZW)
SX-434,Receiver,AKR-001-0,AKR-001,Fuse holder (AC power - FV)
SX-535,Receiver,AKR-001-0,AKR-001,Line voltage selector (fuse holder - FV)
SX-6000,Receiver,AKR-001-0,AKR-001,Line Voltage Selector
SX-626 (1973),Receiver,AKR-001-0,AKR-001,"Fuse holder (AC power)    FVZW, FW"
SX-636,Receiver,AKR-001-0,AKR-001,Fuse holder (AC power -FV)
SX-737,Receiver,AKR-001-0,AKR-001,Fuse holder (AC power - F)
SX-828,Receiver,AKR-001-0,AKR-001,Fuse holder (FVZW)
SX-838,Receiver,AKR-001-0,AKR-001,Fuse holder (F)
SX-939,Receiver,AKR-001-0,AKR-001,Fuse holder (F)
TX-6200,Tuner,AKR-001-0,AKR-001,"Fuse holder (F,FVZ)"
TX-6200,Tuner,AKR-001-0,AKR-001,Line voltage selector (Fuse holder) F and FVZ model
TX-7100,Tuner,AKR-001-0,AKR-001,"Fuse holder (with line voltage switch - FVZW, FW model)"
TX-8100,Tuner,AKR-001-0,AKR-001,"Fuse holder (with line voltage switch - FVZW, FW model)"
TX-9100,Tuner,AKR-001-0,AKR-001,"Fuse holder (FVZW, FW model)"
CT-F7171,Cassette Tape,AKR-005-0,AKR-005,Fuse holder   (KCU Model)
QL-600A,Integrated Amplifier,AKR-005-0,AKR-005,Fuse holder
SX-424,Receiver,AKR-005-0,AKR-005,Fuse holder (KUW)
TX-6200,Tuner,AKR-005-0,AKR-005,Fuse holder KU model
TX-7100,Tuner,AKR-005-0,AKR-005,"Fuse holder (KUW, KCW model)"
TX-8100,Tuner,AKR-005-0,AKR-005,"Fuse holder (KUW, KCW model)"
TX-9100,Tuner,AKR-005-0,AKR-005,"Fuse holder (KUW, KCW model)"
QX-4000,Receiver,AKR-006-0,AKR-006,Fuse holder KLUW model
QX-646,Receiver,AKR-006-0,AKR-006,Fuse holder (AC power - KUW model)
SA-7100,Integrated Amplifier,AKR-006-0,AKR-006,Fuse holder (KUW model only)
SX-626 (1973),Receiver,AKR-006-0,AKR-006,Fuse holder (AC power)    KCW
QX-8000A,Receiver,AKR-007-0,AKR-007,Fuse holder (KUW)
SA-8100,Integrated Amplifier,AKR-007-0,AKR-007,Fuse holder for KUW model
SX-727,Receiver,AKR-007-0,AKR-007,Fuse Holder
SX-737,Receiver,AKR-007-0,AKR-007,Fuse holder (AC power - KCU)
SX-828,Receiver,AKR-007-0,AKR-007,Fuse holder (KUW)
SA-9100,Integrated Amplifier,AKR-008-0,AKR-008,Fuse holder for KUW model
SX-838,Receiver,AKR-008-0,AKR-008,Fuse holder (KCU)
SX-838,Receiver,AKR-008-0,AKR-008,Fuse holder (KCU)
QX-4000,Receiver,AKR-011-0,AKR-011,Fuse holder
QX-4000,Receiver,AKR-011-0,AKR-011,Fuse holder
SA-5200,Integrated Amplifier,AKR-011-0,AKR-011,Fuse holder (protection) (FV model)
SX-434,Receiver,AKR-011-0,AKR-011,"Fuse holder (protection - KCU,FV)"
SX-535,Receiver,AKR-011-0,AKR-011,"Fuse holder (F2, F3 - protection -KCU,FV)"
SX-636,Receiver,AKR-011-0,AKR-011,"Fuse holder (protection - KCU,FV)"
Exclusive M3,Amplifier,AKR-012-0,AKR-012,Fuse holder
QA-800,Integrated Amplifier,AKR-012,AKR-012,FUSE HOLDER
QX-646,Receiver,AKR-012-0,AKR-012,Fuse holder (Protection)
SA-5200,Integrated Amplifier,AKR-012-0,AKR-012,"Fuse holder (AC power) (KU, KC model)"
SA-5200,Integrated Amplifier,AKR-012-0,AKR-012,"Fuse holder (protection) (KU, KC model)"
SX-1010,Receiver,AKR-012-0,AKR-012,Fuse holder (AC power) (KCU)
SX-939,Receiver,AKR-012-0,AKR-012,Fuse holder (KCU)
H-R9000,8-Track Tape,AKR-013-0,AKR-013,Fuse Clip
SX-450,Receiver,AKR-013,AKR-013,Fuse clip (KC/S)
QX-747,Receiver,AKR-015-0,AKR-015,Fuse holder (AC power)
QX-949,Receiver,AKR-015-0,AKR-015,Fuse holder
QX-949,Receiver,AKR-015-0,AKR-015,Fuse holder (AC power)
SX-434,Receiver,AKR-017-0,AKR-017,Fuse holder (protection - GN)
SX-535,Receiver,AKR-017-0,AKR-017,"Fuse holder (F2, F3 - protection - GN)"
SX-636,Receiver,AKR-017-0,AKR-017,Fuse holder (protection - GN)
QX-949A,Receiver,AKR-026,AKR-026,"Fuse holder (for ""KCU"" type)"
CT-F6161,Cassette Tape,AKR-027-0,AKR-027,Fuse holder (FV model)
CT-F9191,Cassette Tape,AKR-027,AKR-027,Fuse holder (FV)
QX-747A,Receiver,AKR-027,AKR-027,Fuse holder (with line voltage selector)
QX-949A,Receiver,AKR-027,AKR-027,"Fuse holder (with line voltage selector,for “F” type)"
RT-1011L,Reel To Reel Tape,AKR-027-0,AKR-027,Line voltage selector switch (fuse holder 1A fuse)
RT-1011L,Reel To Reel Tape,AKR-027-0,AKR-027,Line voltage selector switch (FV model)
SA-7500,Integrated Amplifier,AKR-027-0,AKR-027,Fuse holder (with line voltage selector-FV)
SA-8500,Integrated Amplifier,AKR-027-0,AKR-027,"Fuse holder (With line voltage selector, FV)"
TX-5300,Tuner,AKR-027-0,AKR-027,Fuse holder (line voltage selector)
TX-9500,Tuner,AKR-027-0,AKR-027,Fuse holder (line voltage selector)
SX-450,Receiver,AKR-030,AKR-030,Fuse clip (KU)
SX-550,Receiver,AKR-030,AKR-030,Fuse clip (KU)
A-27,Integrated Amplifier,AKR-031,AKR-031,Plug in selector (with fuse holder) - S
A-27,Integrated Amplifier,AKR-031,AKR-031,Plug in selector (with fuse holder) - S/G
A-9,Integrated Amplifier,AKR-031,AKR-031,"Line voltage selector - S,S/G"
C-21,Pre-Amplifier,AKR-031,AKR-031,Plug in selector with fuse holder (S)
F-28,Tuner,AKR-031,AKR-031,Voltage selector (S/G)
SA-420,Integrated Amplifier,AKR-031,AKR-031,Line voltage selector - S
SA-606,Integrated Amplifier,AKR-031,AKR-031,"Plug in selector with fuse holder (S,S/G)"
SA-706,Integrated Amplifier,AKR-031,AKR-031,Plug in selector with fuse holder (S)
SA-706,Integrated Amplifier,AKR-031,AKR-031,Plug in selector with fuse holder (S/G)
SA-8500II,Integrated Amplifier,AKR-031,AKR-031,Plug in selector (4-position line voltage selector (110V/120V/220V/240V) with fuse holder-S)
SA-9500II,Integrated Amplifier,AKR-031,AKR-031,Plug-in selector (4-position line voltage selector 110V/120V/220V/240V with fuse holder - S)
SA-9800,Integrated Amplifier,AKR-031,AKR-031,"Plug in selector (S, S/G)"
SX-1250,Receiver,AKR-031,AKR-031,Plug in selector (S) Line voltage selector 4-position with fuse holder
SX-1280,Receiver,AKR-031,AKR-031,Plug in selector (line voltage selector-S/SG)
SX-1980,Receiver,AKR-031,AKR-031,Plug in selector (4-position with fuse holder-S/SG)
SX-3800,Receiver,AKR-031,AKR-031,"Line Voltage selector (S/G,S)"
SX-450,Receiver,AKR-031,AKR-031,LINE VOLTAGE SELECTOR (4 position wirh Fuse holder - S)
SX-550,Receiver,AKR-031,AKR-031,Line voltage selector (S)
SX-680/690,Receiver,AKR-031,AKR-031,Plug in selector (S/SG type)
SX-8,Receiver,AKR-031,AKR-031,Line voltage selector (w/ fuse holder) S/SG-type
SX-880/890,Receiver,AKR-031,AKR-031,Plug in selector (with fuse holder) SX-880/S
SX-880/890,Receiver,AKR-031,AKR-031,Plug in selector (with fuse holder) SX-880/SG
TX-6500II,Tuner,AKR-031,AKR-031,Plug in selector 4-position (Line voltage selector - S)
TX-8500II,Tuner,AKR-031,AKR-031,Plug in selector (Line voltage selector 4-positions) - S
TX-9500II,Tuner,AKR-031,AKR-031,Plug in selector (Line voltage selector 4 position - S)
A-27,Integrated Amplifier,AKR-032,AKR-032,Fuse holder 1P - KU
C-21,Pre-Amplifier,AKR-032,AKR-032,Fuse holder 1P (for KL-type)
M-22,Amplifier,AKR-032,AKR-032,Fuse holder 1P (KL-type)
M-22,Amplifier,AKR-032,AKR-032,Fuse holder 1P (N-type)
M-25,Amplifier,AKR-032,AKR-032,Fuse holder
SA-606,Integrated Amplifier,AKR-032,AKR-032,Fuse holder
SA-6700,Integrated Amplifier,AKR-032,AKR-032,Fuse holder
SA-706,Integrated Amplifier,AKR-032,AKR-032,Fuse holder 1P
SA-7700,Integrated Amplifier,AKR-032,AKR-032,Fuse holder 1P
SX-1980,Receiver,AKR-032,AKR-032,Fuse holder 1P
SX-1980,Receiver,AKR-032,AKR-032,Fuse holder 1P (KU)
SX-650,Receiver,AKR-033,AKR-033,Plug in Selector (S)
A-27,Integrated Amplifier,AKX-015,AKX-015,Connector housing 3P
A-27,Integrated Amplifier,AKX-016,AKX-016,Connector housing 4P
A-27,Integrated Amplifier,AKX-017,AKX-017,Connector housing 5P
SPEC-4,Amplifier,AKX-017,AKX-017,5P housing
A-27,Integrated Amplifier,AKX-018,AKX-018,Connector housing 6P
SPEC-4,Amplifier,AKX-018,AKX-018,6P housing
SA-606,Integrated Amplifier,AKX-037,AKX-037,Plug in selector (HG)
SA-706,Integrated Amplifier,AKX-037,AKX-037,Plug in selector (HG)
SA-8500II,Integrated Amplifier,AKX-037,AKX-037,Plug in selector (2-position line voltage selector (220V/240V)-HG)
SA-9500II,Integrated Amplifier,AKX-037,AKX-037,Plug-in selector (2-position line voltage selector 220V/240V - HG)
SX-1250,Receiver,AKX-037,AKX-037,Plug in selector (HG) Line voltage selector 2-position
SX-1980,Receiver,AKX-037,AKX-037,Plug in selector (2-position-HG)
SX-450,Receiver,AKX-037,AKX-037,LINE VOLTAGE SELECTOR (2 position - HG)
SX-550,Receiver,AKX-037,AKX-037,Line voltage selector (HG)
SX-650,Receiver,AKX-037,AKX-037,Plug in Selector (HG)
TX-6500II,Tuner,AKX-037,AKX-037,Plug in selector 2-position (Line voltage selector - HG)
TX-8500II,Tuner,AKX-037,AKX-037,Plug in selector (Line voltage selector 2-positions) - HG
TX-9500II,Tuner,AKX-037,AKX-037,Plug in selector (Line voltage selector 2 position - HG)
F-28,Tuner,AKX-055,AKX-055,F-type plug seat
F-90,Tuner,AKX-056,AKX-056,Coaxial connector
F-90,Tuner,AKX-056,AKX-056,Coaxial connector
A-7,Integrated Amplifier,AKX-057,AKX-057,Line voltage selector
A-8,Integrated Amplifier,AKX-057,AKX-057,"Line voltage selector (HE, HB)"
A-9,Integrated Amplifier,AKX-057,AKX-057,"Line voltage selector (HE,HB)"
SA-3000,Integrated Amplifier,AKX-057,AKX-057,"Voltage selector (HE, HB)"
SX-580/590,Receiver,AKX-057,AKX-057,Plug in selector (SX-590/HG)
SX-580/590,Receiver,AKX-057,AKX-057,Plug in selector (SX-590/HGW4)
SX-680/690,Receiver,AKX-057,AKX-057,Plug in selector (Line voltage selector) SX-680/HG
SX-680/690,Receiver,AKX-057,AKX-057,Plug in selector (Line voltage selector) SX-680/HGW4
SX-D5000,Receiver,AKX-057,AKX-057,Line voltage selector - HG
TX-7800,Tuner,AKX-057,AKX-057,Line voltage selector
A-8,Integrated Amplifier,AKX-063,AKX-063,"Line voltage selector (S, S/G)"
SA-1040,Integrated Amplifier,AKX-063,AKX-063,Line voltage selector - S
SA-1040,Integrated Amplifier,AKX-063,AKX-063,Line voltage selector - S/G
SA-1050,Integrated Amplifier,AKX-063,AKX-063,Line voltage selector - S
SA-1050,Integrated Amplifier,AKX-063,AKX-063,Line voltage selector - S/G
SA-530,Integrated Amplifier,AKX-063,AKX-063,Voltage selector switch - S
SA-930,Integrated Amplifier,AKX-063,AKX-063,Voltage selector switch - S/SG
SA-940,Integrated Amplifier,AKX-063,AKX-063,Line voltage selector - S
SA-940,Integrated Amplifier,AKX-063,AKX-063,Line voltage selector - S/G
SA-950,Integrated Amplifier,AKX-063,AKX-063,Line voltage selector - S
SA-950,Integrated Amplifier,AKX-063,AKX-063,Line voltage selector - S/G
SG-9,Equalizer,AKX-063,AKX-063,Line voltage selector - R
SG-9,Equalizer,AKX-063,AKX-063,Line voltage selector - R/G
SG-90,Equalizer,AKX-063,AKX-063,"Line voltage selector (S,S/G)"
SX-3400,Receiver,AKX-063,AKX-063,Line voltage selector - switchable 4-positions (S)
SX-3900,Receiver,AKX-063,AKX-063,Line voltage selector (S/G)
SX-8,Receiver,AKX-063,AKX-063,Line voltage selector S/SG-type
SX-202,Receiver,AKX-073,AKX-073,Complex terminal
SX-50,Receiver,AKX-078,AKX-078,"Complex terminal (SPEAKERS, ANTENNA, TAPE1, CD/AUX)"
F-91-3,Tuner,AKX-080,AKX-080,ANTENNA ADAPTER
A-60,Integrated Amplifier,AKX-503,AKX-503,Line voltage selector - S
A-80,Integrated Amplifier,AKX-504,AKX-504,Line voltage selector - S
A-80,Integrated Amplifier,AKX-504,AKX-504,Line voltage selector - S/G
RG-60,Dynamic Range Expander,AKX-504,AKX-504,"Line voltage selector - S,S/G"
TX-950,Tuner,AKX-505,AKX-505,"Line voltage selector - S, S/G"
TX-950,Tuner,AKX-505,AKX-505,Line voltage selector - SS
A-77X,Integrated Amplifier,AKX-507,AKX-507,Line voltage selector - S
A-77X,Integrated Amplifier,AKX-507,AKX-507,Line voltage selector - S/G
C-72,Pre-Amplifier,AKX-507,AKX-507,Voltage selector (SD)
GR-551,Equalizer,AKX1007,AKX1007,Voltage selector (AC 110/120-127/220/240V) - SD
GR-551,Equalizer,AKX1007,AKX1007,Voltage selector (AC 110/120-127/220/240V) - SD/G
GR-555,Equalizer,AKX1007,AKX1007,Line voltage selector  - SD
GR-555,Equalizer,AKX1007,AKX1007,Line voltage selector - SD/G
GR-777,Equalizer,AKX1007,AKX1007,Line voltage selector switch - SD
GR-777,Equalizer,AKX1007,AKX1007,Line voltage selector switch - SD/G
QX-949,Receiver,ALA-006-0,ALA-006,Boss
SA-5200,Integrated Amplifier,ALA-006-A,ALA-006,Special nut
SX-434,Receiver,ALA-008-0,ALA-008,Special nut
SX-535,Receiver,ALA-008-0,ALA-008,Stud nut
SX-636,Receiver,ALA-008-0,ALA-008,Special nut
Exclusive M3,Amplifier,ALA-010-0,ALA-010,Special screw
Exclusive M3,Amplifier,ALA-012-0,ALA-012,Heat sink-held shaft
Exclusive M3,Amplifier,ALA-013-A,ALA-013,Metal cover supporter
TX-5300,Tuner,ALA-017-0,ALA-017,Pulley shaft
SX-1000TA (Early),Receiver,AM0127,AM0127,FM Frontend
SX-1000TA (Early),Receiver,AM0146,AM0146,AM Unit
SX-1000TA (Early),Receiver,AM0147,AM0147,FM IF Unit
SX-1000TA (Early),Receiver,AM0148,AM0148,Pre amp Unit
SX-1000TA (Early),Receiver,AM0149,AM0149,Control amp Unit
SX-1000TA (Early),Receiver,AM0150,AM0150,Main amp Unit
SX-1000TA (Early),Receiver,AM0151,AM0151,Power supply Unit
SX-1000TA (Early),Receiver,AM0152,AM0152,MPX Unit
SX-1000TA (Early),Receiver,AM21060,AM21060,Front Panel
SX-1000TA (Early),Receiver,AM3382,AM3382,Metal Case
SX-1000TA (Early),Receiver,AM4185,AM4185,Dial Drum
SX-1000TA (Early),Receiver,AM4209,AM4209,Dial Pulley
SX-1000TA (Early),Receiver,AM6103,AM6103,Foot
GR-551,Equalizer,AMB1149,AMB1149,Panel base
GR-555,Equalizer,AMB1149,AMB1149,Panel base
GR-777,Equalizer,AMB1351,AMB1351,Panel base assembly
QX-4000,Receiver,AMD-118,AMD-118,PACKING CASE (FW)
SX-6000,Receiver,AMM-003-E,AMM-003,Wooden Case
QX-8000,Receiver,AMM-004-0,AMM-004,Wooden Case (cabinet)
QX-8000A,Receiver,AMM-004-F,AMM-004,Wooden case (cabinet)
QL-600,Integrated Amplifier,AMM-005- D,AMM-005- D,Wooden Case
SX-525,Receiver,AMM-006-A,AMM-006,Wooden case
SX-626 (1971),Receiver,AMM-006-A,AMM-006,Wooden case
SX-626 (1973),Receiver,AMM-006-C,AMM-006,Wooden case
SX-727,Receiver,AMM-012-0,AMM-012,Wooden case
SX-828,Receiver,AMM-013-B,AMM-013,Wooden case
SX-424,Receiver,AMM-014-A,AMM-014,Wooden case
QD-210,Other,AMM-015,AMM-015,CABINET
QL-600A,Integrated Amplifier,AMM-016-B,AMM-016,Wooden case
QA-800A,Integrated Amplifier,AMM-017,AMM-017,CABINET
QM-800A,Amplifier,AMM-017-0,AMM-017,Wooden case
SD-1100,Other,AMM-017-B,AMM-017,Wooden case
QC-800A,Pre-Amplifier,AMM-018-0,AMM-018,Wooden case
QX-4000,Receiver,AMM-020,AMM-020,CABINET
QX-9900,Receiver,AMM-021-A,AMM-021,Wooden case
SA-7100,Integrated Amplifier,AMM-022-A,AMM-022,Wooden case
SA-8100,Integrated Amplifier,AMM-022-A,AMM-022,Wooden case
SA-9100,Integrated Amplifier,AMM-022-A,AMM-022,Wooden case
TX-7100,Tuner,AMM-022-A,AMM-022,Wooden cabinet
TX-8100,Tuner,AMM-022-A,AMM-022,Wooden cabinet
TX-9100,Tuner,AMM-022-A,AMM-022,Wooden case
QX-646,Receiver,AMM-025-A,AMM-025,Wooden case
QX-747,Receiver,AMM-026-A,AMM-026,Wooden cabinet assembly
QX-949,Receiver,AMM-028-A,AMM-028,Wooden cabinet
Exclusive M3,Amplifier,AMM-030-A,AMM-030,Wooden cabinet
SX-434,Receiver,AMM-031-A,AMM-031,Wooden cabinet
SX-1010,Receiver,AMM-034-A,AMM-034,Wooden cabinet assembly
SX-838,Receiver,AMM-035-B,AMM-035,Wooden cabinet
SX-939,Receiver,AMM-035-A,AMM-035,Wooden cabinet
QX-747A,Receiver,AMM-037,AMM-037,Wood cabinet assembly
SX-737,Receiver,AMM-040-0,AMM-040,Wooden cabinet
SX-535,Receiver,AMM-041-A,AMM-041,Wooden cabinet
SX-636,Receiver,AMM-041-A,AMM-041,Wooden cabinet
SX-850,Receiver,AMM-048,AMM-048,Cabinet
SX-950,Receiver,AMM-048,AMM-048,Cabinet
SX-1250,Receiver,AMM-049,AMM-049,Cabinet
SX-1050,Receiver,AMM-050,AMM-050,Cabinet
SX-650,Receiver,AMM-053,AMM-053,Wooden cabinet - HG
SX-650,Receiver,AMM-053,AMM-053,Wooden cabinet - KCU
SX-750,Receiver,AMM-053,AMM-053,Wooden cabinet
SX-650,Receiver,AMM-054,AMM-054,Wooden cabinet - S
SX-1980,Receiver,AMM-065,AMM-065,Wooden cover
SX-1080,Receiver,AMM-066,AMM-066,Wooden Bonnet
SX-980,Receiver,AMM-066,AMM-066,Bonnet
SX-1280,Receiver,AMM-067,AMM-067,Wooden Bonnet
SX-580/590,Receiver,AMM-071,AMM-071,Wooden cover assembly (SX-580/KU)
SX-680/690,Receiver,AMM-071,AMM-071,Bonnet (SX -680/KU)
SX-780,Receiver,AMM-072,AMM-072,Wooden cover assembly
SX-880/890,Receiver,AMM-072,AMM-072,Wooden cover (SX-880/KU)
SX-880/890,Receiver,AMM-072,AMM-072,Wooden cover (SX-880/S)
SX-880/890,Receiver,AMM-072,AMM-072,Wooden cover (SX-880/SG)
SX-880/890,Receiver,AMM-075,AMM-075,Wooden cover (SX-880/KC)
SA-8800,Integrated Amplifier,AMM-077,AMM-077,Wooden Bonnet
SA-9800,Integrated Amplifier,AMM-079,AMM-079,"Top cover (wooden - KU, S/G)"
SA-9800,Integrated Amplifier,AMM-079,AMM-079,Wooden cover
SX-3800,Receiver,AMM-086,AMM-086,Bonnet case
SX-3900,Receiver,AMM-087,AMM-087,Wooden cover
SX-3800,Receiver,AMM-088,AMM-088,Wooden Bonnet
SX-3700,Receiver,AMM-089,AMM-089,Bonnet case
SX-820,Receiver,AMM-089,AMM-089,Bonnet case
SR-202W,Reverb,AMN-001-0,AMN-001,Wooden Case
QC-800,Pre-Amplifier,AMN-002-0,AMN-002,Wooden case
SA-970,Integrated Amplifier,AMR1033,AMR1033,Slide knob assembly (BLACK)
SA-970,Integrated Amplifier,AMR1034,AMR1034,Slide knob assembly (SlLVER)
GR-551,Equalizer,AMR1066,AMR1066,Plastic rivet
GR-555,Equalizer,AMR1066,AMR1066,Plastic rivet
GR-777,Equalizer,AMR1350,AMR1350,Insulator assembly (FRONT)
GR-777,Equalizer,AMR1353,AMR1353,Insulator assembly (REAR)
SA-5200,Integrated Amplifier,AMS-003-A,AMS-003,Side board-L
TX-6200,Tuner,AMS-003-A,AMS-003,Side board (L)
SA-5200,Integrated Amplifier,AMS-004-A,AMS-004,Side board-R
TX-6200,Tuner,AMS-004-A,AMS-004,Side board (R)
SX-450,Receiver,AMS-012,AMS-012,Side panel (L)
SX-450,Receiver,AMS-013,AMS-013,Side Panel (R)
TX-6700,Tuner,AMS-020,AMS-020,SIDE BOARD (L)
TX-6700,Tuner,AMS-021,AMS-021,SIDE BOARD (R)
TX-6700,Tuner,AMS-022,AMS-022,TOP BOARD
SA-5800/508,Integrated Amplifier,AMS-023,AMS-023,Top cover - SA-5800/KU
SA-6800/608,Integrated Amplifier,AMS-023,AMS-023,Top cover  (SA-6800)
SA-5800/508,Integrated Amplifier,AMS-024,AMS-024,Side cover (L) - SA-5800/KU
SA-6800/608,Integrated Amplifier,AMS-024,AMS-024,Side cover (L)  (SA-6800)
SA-5800/508,Integrated Amplifier,AMS-025,AMS-025,Side cover (R) - SA-5800/KU
SA-6800/608,Integrated Amplifier,AMS-025,AMS-025,Side cover (R)  (SA-6800)
SA-706,Integrated Amplifier,AMS-026,AMS-026,Top plate assembly
SA-7700,Integrated Amplifier,AMS-026,AMS-026,Top plate assembly
SA-706,Integrated Amplifier,AMS-027,AMS-027,Side panel L
SA-7700,Integrated Amplifier,AMS-027,AMS-027,Side panel L
SA-706,Integrated Amplifier,AMS-028,AMS-028,Side panel R
SA-7700,Integrated Amplifier,AMS-028,AMS-028,Side panel R
SX-580/590,Receiver,AMS-029,AMS-029,Side board (L) (SX-590/HGW4)
SX-680/690,Receiver,AMS-029,AMS-029,Side panel (L) (SX -680/HGW4)
SX-580/590,Receiver,AMS-030,AMS-030,Side board (R) (SX-590/HGW4)
SX-680/690,Receiver,AMS-030,AMS-030,Side panel (R) (SX -680/HGW4)
SX-580/590,Receiver,AMS-031,AMS-031,Side board (L) (SX-590/HG)
SX-680/690,Receiver,AMS-031,AMS-031,Side panel (L) (SX -680/HG)
SX-580/590,Receiver,AMS-032,AMS-032,Side board (R) (SX-590/HG)
SX-680/690,Receiver,AMS-032,AMS-032,Side panel (R) (SX -680/HG)
TX-6800/608,Tuner,AMS-033,AMS-033,Side panel L (TX-6800/KU)
TX-6800/608,Tuner,AMS-034,AMS-034,Side panel R (TX-6800/KU)
TX-6800/608,Tuner,AMS-035,AMS-035,Top panel (TX-6800/KU)
SX-3500,Receiver,AMS-039,AMS-039,Side panel L
SX-3600/720,Receiver,AMS-039,AMS-039,Side board L
SX-3500,Receiver,AMS-040,AMS-040,Side panel R
SX-3600/720,Receiver,AMS-040,AMS-040,Side board R
SX-3400,Receiver,AMS-041,AMS-041,Side board L
SX-3400,Receiver,AMS-042,AMS-042,Side board R
A-77X,Integrated Amplifier,AMS-057,AMS-057,Side board - KU
A-77X,Integrated Amplifier,AMS-057,AMS-057,Side board - S
A-77X,Integrated Amplifier,AMS-057,AMS-057,Side board - S/G
A-88X,Integrated Amplifier,AMS-057,AMS-057,Side board assembly
SX-626 (1973),Receiver,ANA-012-J,ANA-012,Chassis
QX-4000,Receiver,ANA-027-0,ANA-027,Chassis
QX-9900,Receiver,ANA-028-A,ANA-028,Chassis
SD-1100,Other,ANA-029-0,ANA-029,Chassis
QX-9900,Receiver,ANA-030-B,ANA-030,Sub chassis
SA-8100,Integrated Amplifier,ANA-032-0,ANA-032,Chassis
SA-8100,Integrated Amplifier,ANA-033-0,ANA-033,Sub chassis
TX-7100,Tuner,ANA-034-C,ANA-034,Chassis
SA-9100,Integrated Amplifier,ANA-036-B,ANA-036,Chassis
TX-8100,Tuner,ANA-037-C,ANA-037,Chassis
TX-9100,Tuner,ANA-038-D,ANA-038,Chassis
SA-5200,Integrated Amplifier,ANA-042-A,ANA-042,Chassis
QX-646,Receiver,ANA-044-A,ANA-044,Chassis
QX-646,Receiver,ANA-045-A,ANA-045,Sub chassis
QX-747,Receiver,ANA-049-B,ANA-049,Chassis
QX-949,Receiver,ANA-051-A,ANA-051,Chassis
SX-626 (1973),Receiver,ANA-053-0,ANA-053,Sub-chassis-A
SX-626 (1973),Receiver,ANA-054-0,ANA-054,Sub-chassis-B
SX-434,Receiver,ANA-062-B,ANA-062,Chassis
SX-838,Receiver,ANA-066-E,ANA-066,Chassis
SX-1010,Receiver,ANA-067-C,ANA-067,Chassis
SX-939,Receiver,ANA-068-B,ANA-068,Chassis
SX-737,Receiver,ANA-069-A,ANA-069,Chassis
SX-535,Receiver,ANA-070-C,ANA-070,Chassis
SX-636,Receiver,ANA-070-C,ANA-070,Chassis
SA-9900,Integrated Amplifier,ANA-075-B,ANA-075,Chassis (C)
SA-9900,Integrated Amplifier,ANA-076-A,ANA-076,Chassis (R)
SA-9900,Integrated Amplifier,ANA-077-B,ANA-077,Chassis (L)
TX-9500,Tuner,ANA-082-0,ANA-082,Front frame
TX-9500,Tuner,ANA-083-C,ANA-083,Center frame
SA-9900,Integrated Amplifier,ANA-087-0,ANA-087,Chassis (L) - D
SA-9900,Integrated Amplifier,ANA-088-0,ANA-088,Chassis (L) - GN
SR-202W,Reverb,ANB-001-A,ANB-001,Front Panel Ass'y
SD-1000,Other,ANB-049-O,ANB-049,Front panel Ass'y
QX-8000,Receiver,ANB-051,ANB-051,FRONT PANEL
QX-8000,Receiver,ANB-051-A,ANB-051,Front Panel Ass'y
SA-1000,Integrated Amplifier,ANB-053-0,ANB-053,Front panel Ass'y
SX-6000,Receiver,ANB-054-B,ANB-054,Front Panel Ass'y
TX-1000,Tuner,ANB-058,ANB-058,FRONT PANEL
SA-600,Integrated Amplifier,ANB-060-0,ANB-060,Front panel assembly
SA-800,Integrated Amplifier,ANB-062-0,ANB-062,Front panel Ass'y
QC-800,Pre-Amplifier,ANB-064-0,ANB-064,Front panel ass'y
QA-800,Integrated Amplifier,ANB-066-0,ANB-066,Front panel ass'y
TX-600,Tuner,ANB-068,ANB-068,FRONT PANEL
QM-800,Amplifier,ANB-070-0,ANB-070,From panel ass'y
TX-800,Tuner,ANB-072,ANB-072,FRONT PANEL
QL-600,Integrated Amplifier,ANB-082-0,ANB-082,Front Panel Ass'y
SA-500A,Integrated Amplifier,ANB-091-O,ANB-091,Front Panel Ass'y
SX-525,Receiver,ANB-103-C,ANB-103,Front panel ass'y
SX-626 (1971),Receiver,ANB-108-D,ANB-108,Front panel ass‘y
SX-626 (1973),Receiver,ANB-108-E,ANB-108,Front panel assembly
SX-727,Receiver,ANB-121-0,ANB-121,Front panel ass'y
SX-828,Receiver,ANB-123-C,ANB-123,Front panel ass'y
SX-424,Receiver,ANB-127-A,ANB-127,Front panel ass'y
QD-210,Other,ANB-133,ANB-133,FRONT PANEL
QX-8000A,Receiver,ANB-136,ANB-136,FRONT PANEL
QX-8000A,Receiver,ANB-136-A,ANB-136,Front panel ass'y
QL-600A,Integrated Amplifier,ANB-139-B,ANB-139,Front panel ass‘y
QM-800A,Amplifier,ANB-145-0,ANB-145,Front panel ass'y
QA-800A,Integrated Amplifier,ANB-147-0,ANB-147,Front panel ass'y
QC-800A,Pre-Amplifier,ANB-148-0,ANB-148,Front panel ass'y
QX-4000,Receiver,ANB-150-0,ANB-150,Front panel ass'v
QX-9900,Receiver,ANB-155-C,ANB-155,From panel ass'y
QX-9900,Receiver,ANB-156-A,ANB-156,Front glass
SD-1100,Other,ANB-157-B,ANB-157,Front panel assembly
SD-1100,Other,ANB-157-B,ANB-157,Front panel assembly
SA-8100,Integrated Amplifier,ANB-178-A,ANB-178,Front panel ass’y
MA-62A,Other,ANB-179,ANB-179,FRONT PANEL
SA-7100,Integrated Amplifier,ANB-179-0,ANB-179,Front panel ass'y
SA-9100,Integrated Amplifier,ANB-180-A,ANB-180,FRONT PANEL ASS'Y
TX-7100,Tuner,ANB-187-A,ANB-187,Front panel assembly
TX-8100,Tuner,ANB-188-A,ANB-188,Front panel ass'y
TX-9100,Tuner,ANB-189,ANB-189,Front panel assembly
SA-5200,Integrated Amplifier,ANB-191-0,ANB-191,Front panel
TX-6200,Tuner,ANB-192-0,ANB-192,Front panel assembly
QD-240,Other,ANB-193,ANB-193,FRONT PANEL
QX-646,Receiver,ANB-197-A,ANB-197,Front panel assembly
QX-747,Receiver,ANB-214-A,ANB-214,Front panel assembly
QX-949,Receiver,ANB-219-A,ANB-219,Front panel assembly
Exclusive M3,Amplifier,ANB-236-0,ANB-236,Front panel assembly
SX-1010,Receiver,ANB-255-B,ANB-255,Front panel assembly
SX-939,Receiver,ANB-260-B,ANB-260,Front panel assembly
SX-838,Receiver,ANB-262-B,ANB-262,From panel assembly
SX-434,Receiver,ANB-265-0,ANB-265,Front panel assembly
SX-737,Receiver,ANB-273-0,ANB-273,Front panel assembly
SX-636,Receiver,ANB-277-B,ANB-277,Front panel assembly
SX-535,Receiver,ANB-283-A,ANB-283,Front panel assembly (Includes 69 & 70)
TX-9500,Tuner,ANB-313-A,ANB-313,Front panel assembly
SA-9900,Integrated Amplifier,ANB-314-A,ANB-314,Front panel assembly
SA-9900,Integrated Amplifier,ANB-315-0,ANB-315,Side panel (R)
SA-9900,Integrated Amplifier,ANB-316-0,ANB-316,Side panel (L)
TX-5300,Tuner,ANB-317-0,ANB-317,"Front panel Including 35, 36"
QX-949A,Receiver,ANB-318,ANB-318,Front panel assembly
QX-747A,Receiver,ANB-326,ANB-326,Front panel assembly
SA-9500,Integrated Amplifier,ANB-327-0,ANB-327,Front panel assembly
SA-8500,Integrated Amplifier,ANB-329-A,ANB-329,Front panel assembly
SA-7500,Integrated Amplifier,ANB-330-0,ANB-330,Front panel assembly
SA-9900,Integrated Amplifier,ANB-337-A,ANB-337,Side Panel (L) (Model D)
SA-9900,Integrated Amplifier,ANB-338-0,ANB-338,Side Panel (L) (Model GN)
SPEC-1,Pre-Amplifier,ANB-348,ANB-348,Front panel assembly
SPEC-2,Amplifier,ANB-358,ANB-358,Front panel assembly
RG-1,Dynamic Range Expander,ANB-360,ANB-360,Front panel assembly
SG-9500,Equalizer,ANB-367,ANB-367,Front panel assembly
SX-950,Receiver,ANB-374,ANB-374,Front panel assembly
SX-1250,Receiver,ANB-386,ANB-386,Front panel assembly
TX-6500,Tuner,ANB-387,ANB-387,FRONT PANEL
SX-1050,Receiver,ANB-388,ANB-388,Front panel assembly
SA-6500,Integrated Amplifier,ANB-389,ANB-389,Front panel assembly
SX-550,Receiver,ANB-417,ANB-417,Front panel assembly
SX-750,Receiver,ANB-421,ANB-421,Front panel assembly
C-21,Pre-Amplifier,ANB-432,ANB-432,Front panel
SX-850,Receiver,ANB-438,ANB-438,Front panel assembly
SX-450,Receiver,ANB-443,ANB-443,Front panel assembly
SX-650,Receiver,ANB-444,ANB-444,Front panel assembly
SA-9500II,Integrated Amplifier,ANB-480,ANB-480,Front panel
SA-8500II,Integrated Amplifier,ANB-481,ANB-481,Front panel
TX-5500II,Tuner,ANB-482,ANB-482,FRONT PANEL
SA-5500II,Integrated Amplifier,ANB-483,ANB-483,Front panel assembly
TX-8500II,Tuner,ANB-484,ANB-484,Front panel assembly
TX-9500II,Tuner,ANB-485,ANB-485,Front panel assembly
TX-6500II,Tuner,ANB-486,ANB-486,Front panel assembly
SA-7500II,Integrated Amplifier,ANB-491,ANB-491,Front panel
SA-6500II,Integrated Amplifier,ANB-492,ANB-492,Front panel assembly
SPEC-4,Amplifier,ANB-508,ANB-508,Front panel assembly
SX-1980,Receiver,ANB-525,ANB-525,Front panel assembly
SX-1080,Receiver,ANB-543,ANB-543,Front panel assembly
SX-980,Receiver,ANB-550,ANB-550,From panel assembly
SX-1280,Receiver,ANB-554,ANB-554,Front panel assembly
TX-606,Tuner,ANB-577,ANB-577,FRONT PANEL
TX-6700,Tuner,ANB-577,ANB-577,FRONT PANEL
SA-6700,Integrated Amplifier,ANB-589,ANB-589,Front panel assembly
SA-606,Integrated Amplifier,ANB-590,ANB-590,Front panel assembly (HG)
SA-606,Integrated Amplifier,ANB-590,ANB-590,"Front panel assembly (S,S/G)"
SA-706,Integrated Amplifier,ANB-591,ANB-591,Front panel assembly
SA-7700,Integrated Amplifier,ANB-591,ANB-591,Front panel assembly
SA-706,Integrated Amplifier,ANB-592,ANB-592,Front panel assembly (HG)
SA-706,Integrated Amplifier,ANB-592,ANB-592,"Front panel assembly (S,S/G)"
SX-580/590,Receiver,ANB-595,ANB-595,Front panel assembly (SX-580/KU)
SX-680/690,Receiver,ANB-596,ANB-596,Front panel assembly (SX-680/KU)
SX-580/590,Receiver,ANB-599,ANB-599,Front panel assembly (SX-590/HG)
SX-580/590,Receiver,ANB-599,ANB-599,Front panel assembly (SX-590/HGW4)
SX-680/690,Receiver,ANB-600,ANB-600,Front panel (SX -680/HG)
SX-680/690,Receiver,ANB-600,ANB-600,Front panel (SX -680/HGW4)
SX-780,Receiver,ANB-601,ANB-601,Front panel assembly
SX-880/890,Receiver,ANB-611,ANB-611,Front panel assembly (SX-880/KU)
SX-880/890,Receiver,ANB-617,ANB-617,Front panel assembly (SX-890/KU)
SX-680/690,Receiver,ANB-625,ANB-625,Front panel assembly (SX-690/KU)
F-28,Tuner,ANB-631,ANB-631,Front panel assembly
A-27,Integrated Amplifier,ANB-632,ANB-632,Front panel assembly
A-40,Integrated Amplifier,ANB-632,ANB-632,FRONT PANEL
SA-8800,Integrated Amplifier,ANB-685,ANB-685,Front panel
SA-7800,Integrated Amplifier,ANB-686,ANB-686,Front panel assembly
SA-9800,Integrated Amplifier,ANB-687,ANB-687,Front panel
SA-3000,Integrated Amplifier,ANB-695,ANB-695,Front panel assembly
SG-9800,Equalizer,ANB-714,ANB-714,Front panel assembly
SR-303,Reverb,ANB-715,ANB-715,Front panel
RG-2,Dynamic Range Expander,ANB-716,ANB-716,Front panel assembly
TX-6800/608,Tuner,ANB-721,ANB-721,Front panel (TX-6800/KU)
SA-6800/608,Integrated Amplifier,ANB-735,ANB-735,Front panel assembly  (SA-6800)
SA-5800/508,Integrated Amplifier,ANB-736,ANB-736,Front panel assembly - SA-5800/KU
TX-6800/608,Tuner,ANB-737,ANB-737,Front panel (TX-608/KU)
SA-708,Integrated Amplifier,ANB-747,ANB-747,Front panel assembly
SA-6800/608,Integrated Amplifier,ANB-758,ANB-758,Front panel assembly  (SA-608)
SA-5800/508,Integrated Amplifier,ANB-759,ANB-759,Front panel assembly - SA-508/KU
TX-410,Tuner,ANB-843,ANB-843,SUB PANEL
SA-710,Integrated Amplifier,ANB-846,ANB-846,Front panel assembly
SX-3800,Receiver,ANB-851,ANB-851,Front panel assembly
SX-3900,Receiver,ANB-861,ANB-861,Front panel assembly
SX-3700,Receiver,ANB-883,ANB-883,Front panel assembly
SX-3600/720,Receiver,ANB-888,ANB-888,Front panel assembly (SX-3600 KU)
SX-3500,Receiver,ANB-891,ANB-891,Front panel assembly
SA-710,Integrated Amplifier,ANB-894,ANB-894,Front panel assembly
SX-600L,Receiver,ANB-897,ANB-897,Front panel assembly
SX-700L,Receiver,ANB-900,ANB-900,Front panel assembly
SX-700,Receiver,ANB-902,ANB-902,Front panel assembly
SX-3400,Receiver,ANB-904,ANB-904,Front panel assembly
TX-710,Tuner,ANB-909,ANB-909,FRONT PANEL ASSY TX-710
SX-3600/720,Receiver,ANB-912,ANB-912,From panel assembly (SX-3600 KU)
SX-820,Receiver,ANB-916,ANB-916,Front panel assembly
SX-600,Receiver,ANB-918,ANB-918,Front panel assembly
SX-D5000,Receiver,ANB-920,ANB-920,Front panel assembly
SX-D5000,Receiver,ANB-924,ANB-924,Sub panel assembly B
SX-D5000,Receiver,ANB-925,ANB-925,Sub panel assembly C
SX-D5000,Receiver,ANB-950,ANB-950,Front panel assembly
F-7,Tuner,ANB-967,ANB-967,Front panel assembly
A-7,Integrated Amplifier,ANB-975,ANB-975,Door assembly
A-8,Integrated Amplifier,ANB-976,ANB-976,DOOR
A-9,Integrated Amplifier,ANB-977,ANB-977,Door assembly
A-7,Integrated Amplifier,ANB-980,ANB-980,Front panel assembly
A-9,Integrated Amplifier,ANB-984,ANB-984,Front panel assembly
SA-970,Integrated Amplifier,ANB1016,ANB1016,Front panel  (BLACK)
SA-970,Integrated Amplifier,ANB1020,ANB1020,Front panel (SILVER)
GR-551,Equalizer,ANB1115,ANB1115,Front panel assembly - KUC
GR-555,Equalizer,ANB1218,ANB1218,Front panel assembly  - SD
GR-555,Equalizer,ANB1218,ANB1218,Front panel assembly - HB
GR-555,Equalizer,ANB1218,ANB1218,Front panel assembly - HEZ
GR-555,Equalizer,ANB1218,ANB1218,Front panel assembly - KUC
GR-555,Equalizer,ANB1218,ANB1218,Front panel assembly - KUC
GR-555,Equalizer,ANB1218,ANB1218,Front panel assembly - SD/G
GR-777,Equalizer,ANB1235,ANB1235,Front panel assembly
C-72,Pre-Amplifier,ANB1412,ANB1412,FRONT PANEL - SD
C-72,Pre-Amplifier,ANB1414,ANB1414,FRONT PANEL - KU/CA
SX-626 (1973),Receiver,ANC-027-H,ANC-027,"Rear panel    FVZW, FW"
SX-626 (1973),Receiver,ANC-032-E,ANC-032,"Rear panel    KUW, KCW"
SX-626 (1973),Receiver,ANC-042-0,ANC-042,Rear panel    NBW
SD-1100,Other,ANC-062-0,ANC-062,Rear panel
QX-9900,Receiver,ANC-063-A,ANC-063,Rear panel
SA-8100,Integrated Amplifier,ANC-065-A,ANC-065,Rear panel
TX-9100,Tuner,ANC-066-0,ANC-066,"Rear panel (FVZW, FW model)"
TX-7100,Tuner,ANC-067-A,ANC-067,Rear panel
SA-9100,Integrated Amplifier,ANC-074-0,ANC-074,Rear panel
TX-8100,Tuner,ANC-078-0,ANC-078,Rear panel
TX-9100,Tuner,ANC-078-0,ANC-078,"Rear panel (KUW, KCW model)"
SA-5200,Integrated Amplifier,ANC-079-0,ANC-079,Rear panel
QX-646,Receiver,ANC-084-A,ANC-084,Rear panel
QX-747,Receiver,ANC-087-B,ANC-087,Rear panel
QX-949,Receiver,ANC-089-A,ANC-089,Hear panel
Exclusive M3,Amplifier,ANC-098-B,ANC-098,Rear panel
SX-1010,Receiver,ANC-105-B,ANC-105,Rear panel (KCU)
SX-838,Receiver,ANC-107-0,ANC-107,Rear panel (KCU)
SX-939,Receiver,ANC-107-B,ANC-107,Rear panel (KCU)
SX-434,Receiver,ANC-108-A,ANC-108,Rear panel (KCU)
SX-434,Receiver,ANC-109-A,ANC-109,Rear panel (GN)
SX-434,Receiver,ANC-110-A,ANC-110,Rear panel (FV)
SX-1010,Receiver,ANC-111-0,ANC-111,Rear panel (F)
SX-838,Receiver,ANC-112-B,ANC-112,Rear panel (F)
SX-939,Receiver,ANC-112-A,ANC-112,Rear panel (F)
SX-1010,Receiver,ANC-113-0,ANC-113,Rear panel (GN)
SX-838,Receiver,ANC-114-0,ANC-114,Rear Panel (GN)
SX-939,Receiver,ANC-114-0,ANC-114,Rear panel (GN)
SX-737,Receiver,ANC-118-0,ANC-118,Rear panel (KCU)
SX-737,Receiver,ANC-119-0,ANC-119,Rear panel (F)
SX-737,Receiver,ANC-120-0,ANC-120,Rear panel (GN)
SX-636,Receiver,ANC-122-A,ANC-122,Rear panel (KCU)
SX-636,Receiver,ANC-123-A,ANC-123,Rear panel (FV)
SX-535,Receiver,ANC-124-A,ANC-124,Rear panel (GN)
SX-636,Receiver,ANC-124-A,ANC-124,Rear panel (GN)
SX-535,Receiver,ANC-126-A,ANC-126,Rear panel (KCU)
SX-535,Receiver,ANC-127-A,ANC-127,Rear panel (FV)
TX-5300,Tuner,ANC-156-0,ANC-156,Rear panel
TX-9500,Tuner,ANC-188-0,ANC-188,Rear panel
SX-626 (1973),Receiver,AND-016-H,AND-016,Sub-panel assembly
SD-1100,Other,AND-040-B,AND-040,Stay
QX-9900,Receiver,AND-045-B,AND-045,Dial stay
QX-9900,Receiver,AND-046-0,AND-046,Dial back panel
SA-8100,Integrated Amplifier,AND-050-A,AND-050,Sub-panel
TX-7100,Tuner,AND-051-C,AND-051,Sub panel
TX-8100,Tuner,AND-051-C,AND-051,Sub panel
TX-9100,Tuner,AND-051-C,AND-051,Sub panel
QX-646,Receiver,AND-061-A,AND-061,Sub panel
QX-747,Receiver,AND-063-A,AND-063,Sub-panel
QX-949,Receiver,AND-064-A,AND-064,Sub-panel
SX-1010,Receiver,AND-072-A,AND-072,Sub-chassis
SX-939,Receiver,AND-072-A,AND-072,Dial frame
SX-1010,Receiver,AND-073-B,AND-073,Sub-panel
SX-838,Receiver,AND-073-B,AND-073,Sub-panel
SX-939,Receiver,AND-073-B,AND-073,Sub panel
SX-838,Receiver,AND-074-B,AND-074,Sub-chassis
SX-737,Receiver,AND-075-A,AND-075,Sub-panel
SX-535,Receiver,AND-076-B,AND-076,Sub-panel
SX-636,Receiver,AND-076-B,AND-076,Sub-panel
TX-5300,Tuner,AND-078-0,AND-078,Dial pointer guide plate
SA-9900,Integrated Amplifier,AND-080-A,AND-080,Power Amplifier Block
SA-9900,Integrated Amplifier,AND-080-A,AND-080,Side stay (R)
SA-9900,Integrated Amplifier,AND-081-A,AND-081,Side stay (L)
TX-9500,Tuner,AND-084-A,AND-084,Dial stay
SA-9900,Integrated Amplifier,AND-086-0,AND-086,Panel stay
TX-500A,Tuner,ANE-004,ANE-004,BONNET
SA-500A,Integrated Amplifier,ANE-006-A,ANE-006,Metal Cover
SX-626 (1973),Receiver,ANE-008-D,ANE-008,Bottom plate
SX-434,Receiver,ANE-016-C,ANE-016,Bottom plate
SD-1100,Other,ANE-018-0,ANE-018,Bottom plate
TX-9100,Tuner,ANE-021-A,ANE-021,Bottom plate
TX-6200,Tuner,ANE-023-0,ANE-023,Top cover
SA-5200,Integrated Amplifier,ANE-024-0,ANE-024,Metal cover
QD-240,Other,ANE-027,ANE-027,METAL COVER
QX-646,Receiver,ANE-028-0,ANE-028,Bottom plate
QX-747,Receiver,ANE-030-0,ANE-030,Bottom plate
QX-949,Receiver,ANE-033-A,ANE-033,Bottom plate
Exclusive M3,Amplifier,ANE-046-A,ANE-046,Bottom plate
Exclusive M3,Amplifier,ANE-047-B,ANE-047,Metal cover
SX-939,Receiver,ANE-055-B,ANE-055,Bottom plate
SX-1010,Receiver,ANE-056-0,ANE-056,Bottom plate
SX-838,Receiver,ANE-057-B,ANE-057,Bottom plate
SX-737,Receiver,ANE-058-0,ANE-058,Bottom plate
SX-535,Receiver,ANE-059-B,ANE-059,Bottom plate
SX-636,Receiver,ANE-059-A,ANE-059,Bottom plate
TX-5300,Tuner,ANE-061-0,ANE-061,Bottom plate
SA-9900,Integrated Amplifier,ANE-071-A,ANE-071,Bottom plate
SA-9900,Integrated Amplifier,ANE-071-A,ANE-071,Bottom plate - GN
SA-9900,Integrated Amplifier,ANE-072-A,ANE-072,Top cover
SA-9900,Integrated Amplifier,ANE-073-B,ANE-073,"Cover, power transistor"
TX-9500,Tuner,ANE-078-C,ANE-078,Bottom plate
SG-9500,Equalizer,ANE-079,ANE-079,BONNET
TX-7500,Tuner,ANE-079,ANE-079,BONNET
TX-9500,Tuner,ANE-079-0,ANE-079,Bonnet
TX-5300,Tuner,ANE-082-0,ANE-082,Bonnet
SA-9900,Integrated Amplifier,ANE-086-0,ANE-086,Bottom plate - D
RG-1,Dynamic Range Expander,ANE-096,ANE-096,BONNET
TX-6500,Tuner,ANE-108,ANE-108,BONNET
TX-6500II,Tuner,ANE-108,ANE-108,BONNET
TX-8500II,Tuner,ANE-115,ANE-115,Bonnet case
TX-9500II,Tuner,ANE-115,ANE-115,BONNET
SX-450,Receiver,ANE-120,ANE-120,Top plate (KU/KC)
C-21,Pre-Amplifier,ANE-123,ANE-123,Top cover
M-22,Amplifier,ANE-124,ANE-124,P.C. board cover
M-25,Amplifier,ANE-124,ANE-124,P.C. Board Cover
SX-450,Receiver,ANE-131,ANE-131,Top plate (HG/S)
SX-550,Receiver,ANE-131,ANE-131,Top plate (HG)
SX-550,Receiver,ANE-131,ANE-131,Top plate (S)
TX-5500II,Tuner,ANE-132,ANE-132,BONNET
SA-5500II,Integrated Amplifier,ANE-133,ANE-133,Top cover
SX-1980,Receiver,ANE-180,ANE-180,Top plate
A-27,Integrated Amplifier,ANE-185,ANE-185,Top cover - S
A-27,Integrated Amplifier,ANE-185,ANE-185,Top cover - S/G
F-28,Tuner,ANE-188,ANE-188,Top cover
SX-1980,Receiver,ANE-191,ANE-191,Heat sink cover (HG)
SA-606,Integrated Amplifier,ANE-195,ANE-195,Top cover (HG)
SA-606,Integrated Amplifier,ANE-195,ANE-195,"Top cover (S,S/G)"
SA-706,Integrated Amplifier,ANE-196,ANE-196,Top cover (HG)
SA-706,Integrated Amplifier,ANE-196,ANE-196,"Top cover (S,S/G)"
SA-3000,Integrated Amplifier,ANE-197,ANE-197,Top plate
SX-580/590,Receiver,ANE-202,ANE-202,Top plate (SX-590/HG)
SX-580/590,Receiver,ANE-202,ANE-202,Top plate (SX-590/HGW4)
SX-680/690,Receiver,ANE-202,ANE-202,Top plate (SX -680/HG)
SX-680/690,Receiver,ANE-202,ANE-202,Top plate (SX -680/HGW4)
A-27,Integrated Amplifier,ANE-210,ANE-210,Top cover - KU
SA-9800,Integrated Amplifier,ANE-222,ANE-222,Top cover (metal - S)
SA-708,Integrated Amplifier,ANE-235,ANE-235,Top cover
SG-9800,Equalizer,ANE-245,ANE-245,CABINET
RG-2,Dynamic Range Expander,ANE-246,ANE-246,Bonnet case
SR-303,Reverb,ANE-246,ANE-246,Top cover
TX-6800/608,Tuner,ANE-249,ANE-249,Bonnet case (TX-608/KU)
SA-5800/508,Integrated Amplifier,ANE-250,ANE-250,Bonnet cover - SA-508/KU
SA-6800/608,Integrated Amplifier,ANE-250,ANE-250,Bonnet cover  (SA-608)
SA-710,Integrated Amplifier,ANE-269,ANE-269,Bonnet case
SX-600,Receiver,ANE-269,ANE-269,Bonnet case
SX-600L,Receiver,ANE-269,ANE-269,Bonnet case
SX-700,Receiver,ANE-269,ANE-269,Bonnet case
SX-700L,Receiver,ANE-269,ANE-269,Bonnet case
SA-420,Integrated Amplifier,ANE-289,ANE-289,Top cover
TX-410,Tuner,ANE-291,ANE-291,BONNET CASE
TX-520,Tuner,ANE-291,ANE-291,BONNET CASE
TX-610,Tuner,ANE-291,ANE-291,BONNET CASE
TX-710,Tuner,ANE-291,ANE-291,BONNET CASE
TX-720,Tuner,ANE-291,ANE-291,BONNET CASE
SX-3500,Receiver,ANE-305,ANE-305,Top plate
SX-3600/720,Receiver,ANE-305,ANE-305,Top plate
SX-3600/720,Receiver,ANE-305,ANE-305,Top plate
SX-3400,Receiver,ANE-308,ANE-308,Top plale
TX-940,Tuner,ANE-310,ANE-310,BONNET
SX-D5000,Receiver,ANE-311,ANE-311,Bonnet case
F-7,Tuner,ANE-327,ANE-327,Top cover
A-7,Integrated Amplifier,ANE-330,ANE-330,Bonnet case
A-9,Integrated Amplifier,ANE-333,ANE-333,Top cover
A-6,Integrated Amplifier,ANE-345,ANE-345,Top cover
SG-9,Equalizer,ANE-351,ANE-351,Top cover
SA-530,Integrated Amplifier,ANE-353,ANE-353,Bonnet case
SA-930,Integrated Amplifier,ANE-353,ANE-353,Bonnet case
TX-130L,Tuner,ANE-357,ANE-357,Top cover
TX-530L,Tuner,ANE-357,ANE-357,Top cover
SX-6,Receiver,ANE-360,ANE-360,Top cover
SX-7,Receiver,ANE-360,ANE-360,Top cover
SX-4,Receiver,ANE-362,ANE-362,Top cover
SX-5,Receiver,ANE-369,ANE-369,Top cover
SX-8,Receiver,ANE-380,ANE-380,Top cover
TX-930,Tuner,ANE-393,ANE-393,Top cover
SX-202,Receiver,ANE-410,ANE-410,Bonnet
SA-940,Integrated Amplifier,ANE-419,ANE-419,Bonnet case
SA-950,Integrated Amplifier,ANE-419,ANE-419,Bonnet case
SA-1040,Integrated Amplifier,ANE-420,ANE-420,Bonnet case
SA-1050,Integrated Amplifier,ANE-420,ANE-420,Bonnet case
SX-60,Receiver,ANE-438,ANE-438,Bonnet
SX-50,Receiver,ANE-443,ANE-443,Bonnet
A-70,Integrated Amplifier,ANE-446,ANE-446,Bonnet
A-90,Integrated Amplifier,ANE-447,ANE-447,Bonnet
F-90,Tuner,ANE-450,ANE-450,Bonnet case ass'y
A-60,Integrated Amplifier,ANE-452,ANE-452,Bonnet case
SG-90,Equalizer,ANE-458,ANE-458,Bonnet
A-80,Integrated Amplifier,ANE-459,ANE-459,Bonnet
RG-60,Dynamic Range Expander,ANE-468,ANE-468,Bonnet case
TX-950,Tuner,ANE-475,ANE-475,Bonnet case
A-77X,Integrated Amplifier,ANE-547,ANE-547,Bonnet case
A-88X,Integrated Amplifier,ANE-547,ANE-547,Bonnet case
A-77X,Integrated Amplifier,ANE-573,ANE-573,Bonnet case (Silver) - HE
A-66X,Integrated Amplifier,ANE-586,ANE-586,Bonnet case (Black)
A-66X,Integrated Amplifier,ANE-589,ANE-589,Bonnet case (Silver)
SA-708,Integrated Amplifier,ANE-747,ANE-747,Front panel assembly
SA-970,Integrated Amplifier,ANE1012,ANE1012,Bonnet case (BLACK)
SA-970,Integrated Amplifier,ANE1013,ANE1013,Bonnet case (SILVER)
GR-551,Equalizer,ANE1078,ANE1078,Bonnet
GR-555,Equalizer,ANE1078,ANE1078,Bonnet
SD-1100,Other,ANF-013-0,ANF-013,Switch-hold metal
QX-949,Receiver,ANF-014-A,ANF-014,Lamp-held metal
SD-1100,Other,ANF-014-0,ANF-014,Switch-hold metal B
SX-626 (1973),Receiver,ANF-017-0,ANF-017,Power amplifier-held metal
SX-626 (1973),Receiver,ANF-018-0,ANF-018,Control amplifier-held metal
SX-626 (1973),Receiver,ANF-019-A,ANF-019,Switch-held metal
SX-626 (1973),Receiver,ANF-020-B,ANF-020,Dial scale-held metal
QX-4000,Receiver,ANF-070-0,ANF-070,Switch holder FW model
QX-4000,Receiver,ANF-082-0,ANF-082,Shield cover
SD-1100,Other,ANF-085-0,ANF-085,Volume-hold metal
QX-9900,Receiver,ANF-089-0,ANF-089,Shaft-held metal
QX-9900,Receiver,ANF-090-0,ANF-090,Indicator panel hold metal
QX-9900,Receiver,ANF-091-B,ANF-091,Unit-held metal
QX-9900,Receiver,ANF-092-B,ANF-092,Unit-held metal
QX-9900,Receiver,ANF-094-B,ANF-094,Reverb unit-held metal
TX-7100,Tuner,ANF-106-C,ANF-106,Meter-held metal
TX-8100,Tuner,ANF-106-C,ANF-106,Meter-held metal
TX-9100,Tuner,ANF-106-C,ANF-106,Meter-held metal
TX-7100,Tuner,ANF-107-0,ANF-107,Pilot lamp socket holder
TX-8100,Tuner,ANF-107-0,ANF-107,Pilot lamp socket holder
TX-9100,Tuner,ANF-107-0,ANF-107,Lamp board
TX-9100,Tuner,ANF-132-0,ANF-132,P.C. board held metal
QX-646,Receiver,ANF-133-0,ANF-133,Volume holder
QX-646,Receiver,ANF-135-0,ANF-135,Mode indicater held metal
QX-747,Receiver,ANF-140-A,ANF-140,Lamp-held metal
QX-747,Receiver,ANF-141-0,ANF-141,Variable resistor-held metal
QX-949,Receiver,ANF-141-0,ANF-141,Variable resistor-held metal
QX-747,Receiver,ANF-142-0,ANF-142,Switch-held metal
QX-949,Receiver,ANF-142-0,ANF-142,Switch-held metal
QX-747,Receiver,ANF-145-0,ANF-145,Heat sink-held metal
QX-747,Receiver,ANF-145-0,ANF-145,Heat sink-held metal
QX-747,Receiver,ANF-146-0,ANF-146,P.C. board holder
QX-949,Receiver,ANF-148-0,ANF-148,Power amplifier-held metal (A)
QX-949,Receiver,ANF-149-0,ANF-149,Power amplifier-held metal
QX-949,Receiver,ANF-149-0,ANF-149,Power ampliﬁer-held metal (B)
QX-949,Receiver,ANF-150-0,ANF-150,P.C. board-hold metal
QX-949,Receiver,ANF-150-0,ANF-150,Power amplifier-held metal
QX-747,Receiver,ANF-153-0,ANF-153,Switch-held metal
QX-949,Receiver,ANF-153-0,ANF-153,Switch-held metal
QX-949,Receiver,ANF-154-0,ANF-154,P.C. board-held metal
QX-949,Receiver,ANF-156-0,ANF-156,Power transformer-held metal
QX-747,Receiver,ANF-157-A,ANF-157,P.C. board holder (A)
QX-949,Receiver,ANF-157-A,ANF-157,Tuner assembly-held metal (A)
QX-747,Receiver,ANF-158-A,ANF-158,P.C. board holder (B)
QX-949,Receiver,ANF-158-A,ANF-158,Tuner assembly-held metal (B)
QX-747,Receiver,ANF-159-0,ANF-159,P.C. board holder
QX-747,Receiver,ANF-159-0,ANF-159,P.C. board holder
QX-747,Receiver,ANF-159-0,ANF-159,P.C. board holder
QX-747,Receiver,ANF-159-0,ANF-159,P.C. board holder
QX-949,Receiver,ANF-159-0,ANF-159,P.C. board holder
QX-949,Receiver,ANF-160-0,ANF-160,Switch-held metal
QX-949,Receiver,ANF-161-0,ANF-161,Fuse holder-held metal
QX-747,Receiver,ANF-162-0,ANF-162,Dial scale holder
QX-949,Receiver,ANF-162-0,ANF-162,Dial scale holder
QX-747,Receiver,ANF-163-0,ANF-163,Dial scale holder
QX-949,Receiver,ANF-163-A,ANF-163,Dial scale holder
QX-747,Receiver,ANF-164-0,ANF-164,Rubber bracket holder
QX-949,Receiver,ANF-164-0,ANF-164,Rubber bracket holder
QX-949,Receiver,ANF-166-0,ANF-166,P.C. board-held metal
QX-747,Receiver,ANF-167-0,ANF-167,Shield plate
QX-949,Receiver,ANF-167-0,ANF-167,Shield plate
Exclusive M3,Amplifier,ANF-190-0,ANF-190,P.C. board holder
Exclusive M3,Amplifier,ANF-191-0,ANF-191,AC socket-held metal
Exclusive M3,Amplifier,ANF-192-B,ANF-192,P.C. board-held metal
Exclusive M3,Amplifier,ANF-193-A,ANF-193,Sub-chassis
Exclusive M3,Amplifier,ANF-194-0,ANF-194,Sub-chassis
Exclusive M3,Amplifier,ANF-196-0,ANF-196,Plastic plate-held metal
Exclusive M3,Amplifier,ANF-197-0,ANF-197,Reinforced metal
Exclusive M3,Amplifier,ANF-198-0,ANF-198,Plate
Exclusive M3,Amplifier,ANF-199-0,ANF-199,Electrolytic capacitor holder
Exclusive M3,Amplifier,ANF-200-0,ANF-200,Mirror plate
SX-434,Receiver,ANF-202-0,ANF-202,P.C. board holder
SX-434,Receiver,ANF-204-0,ANF-204,Reinforced metal
SX-1010,Receiver,ANF-231-0,ANF-231,Heat sink-held metal
SX-939,Receiver,ANF-231-0,ANF-231,Heat sink-held rnetal
SX-1010,Receiver,ANF-232-0,ANF-232,Heat sink-held metal
SX-939,Receiver,ANF-232-0,ANF-232,Heat sink-held metal
SX-838,Receiver,ANF-233-0,ANF-233,Shield cover
SX-838,Receiver,ANF-234-0,ANF-234,Shield cover
SX-838,Receiver,ANF-235-A,ANF-235,Sub-chassis
SX-737,Receiver,ANF-237-C,ANF-237,P.C. board-held metal-A
SX-838,Receiver,ANF-237-A,ANF-237,"P.C, board-held metal (A)"
SX-737,Receiver,ANF-238-C,ANF-238,P.C. board-held metal-B
SX-838,Receiver,ANF-238-A,ANF-238,"P.C, board-held metal (B)"
SX-838,Receiver,ANF-240-A,ANF-240,Shield cover
SX-939,Receiver,ANF-240-A,ANF-240,Shield cover
SX-1010,Receiver,ANF-242-A,ANF-242,Sub-chassis
SX-1010,Receiver,ANF-243-A,ANF-243,Dial scale-held metal
SX-838,Receiver,ANF-243-A,ANF-243,Dial scale-held metal
SX-939,Receiver,ANF-243-A,ANF-243,Dial scale-held metal
SX-1010,Receiver,ANF-244-A,ANF-244,Tuner assernbly-held metal
SX-939,Receiver,ANF-246-A,ANF-246,P.C. board-held metal (A)
SX-939,Receiver,ANF-247-A,ANF-247,P.C. board-held metal (B)
SX-939,Receiver,ANF-248-0,ANF-248,Power transformer-held metal
SX-1010,Receiver,ANF-249-0,ANF-249,Shading metal
SX-838,Receiver,ANF-249-0,ANF-249,Shading metal
SX-838,Receiver,ANF-249-0,ANF-249,Shading metal
SX-939,Receiver,ANF-249-0,ANF-249,Shading metal
SX-939,Receiver,ANF-249-0,ANF-249,Shading metal
SX-838,Receiver,ANF-250-0,ANF-250,Shield plate
SX-737,Receiver,ANF-259-0,ANF-259,Sub-chassis
SX-737,Receiver,ANF-260-0,ANF-260,Lamp-held metal
SX-535,Receiver,ANF-262-B,ANF-262,Lamp holder
SX-636,Receiver,ANF-262-A,ANF-262,Lamp-held metal
SX-636,Receiver,ANF-263-0,ANF-263,Power transformer-held metal
SX-535,Receiver,ANF-264-A,ANF-264,Switch mount plate
SX-535,Receiver,ANF-266-A,ANF-266,Sub-chassis
SX-535,Receiver,ANF-267-A,ANF-267,Reinforcement plate
SX-636,Receiver,ANF-267-A,ANF-267,Reinforced metal
TX-5300,Tuner,ANF-270-C,ANF-270,Side frame
TX-5300,Tuner,ANF-271-A,ANF-271,From frame
TX-5300,Tuner,ANF-272-A,ANF-272,Center frame
TX-5300,Tuner,ANF-273-0,ANF-273,Rubber clamper
SA-9900,Integrated Amplifier,ANF-287-0,ANF-287,Slide switch mount
SA-9900,Integrated Amplifier,ANF-289-0,ANF-289,Switch mount plate
SA-9900,Integrated Amplifier,ANF-290-0,ANF-290,Sub-chassis
TX-9500,Tuner,ANF-303-0,ANF-303,Side frame
SA-9900,Integrated Amplifier,ANF-309-A,ANF-309,P.C. board mount metal
SA-9900,Integrated Amplifier,ANF-324-0,ANF-324,Socket mount metal (GN)
SX-650,Receiver,ANF-379,ANF-379,Cover
QX-4000,Receiver,ANG-006-0,ANG-006,Meter-heId metal
TX-9500,Tuner,ANG-014-A,ANG-014,Pulley held metal
TX-6200,Tuner,ANG-019-0,ANG-019,Wire supporter
SX-434,Receiver,ANG-043-0,ANG-043,Pulley-held metal
QX-646,Receiver,ANG-066-0,ANG-066,Meter held metal
SD-1100,Other,ANG-069-0,ANG-069,Meter-hold metal
TX-7100,Tuner,ANG-075-0,ANG-075,Dial scale holder
TX-8100,Tuner,ANG-075-0,ANG-075,Dial scale holder
TX-9100,Tuner,ANG-075-0,ANG-075,Dial scale-held metal
TX-7100,Tuner,ANG-076-A,ANG-076,Pulley-held metal
TX-8100,Tuner,ANG-076-A,ANG-076,Pulley held metal
TX-9100,Tuner,ANG-076-A,ANG-076,Pulley-held metal
TX-6200,Tuner,ANG-081-0,ANG-081,Dial scale holder (Bottom)
TX-6200,Tuner,ANG-082-0,ANG-082,Dial scale holder (L)
TX-6200,Tuner,ANG-082-0,ANG-082,Dial scale holder (R)
TX-6200,Tuner,ANG-083-0,ANG-083,Pulley supporter
QX-747,Receiver,ANG-088-A,ANG-088,Pulley-held metal
QX-949,Receiver,ANG-088-A,ANG-088,Pulley-held metal
QX-949,Receiver,ANG-089-0,ANG-089,Wire guide
SX-626 (1973),Receiver,ANG-091-0,ANG-091,Pulley-held metal
SX-626 (1973),Receiver,ANG-091-0,ANG-091,Pulley-held metal
SX-626 (1973),Receiver,ANG-091-0,ANG-091,Pulley-held metal
QX-4000,Receiver,ANG-095-0,ANG-095,Lamp box
SX-434,Receiver,ANG-096-0,ANG-096,Dial scale-held metal
SX-1010,Receiver,ANG-097-0,ANG-097,Lamp holder
SX-838,Receiver,ANG-097-0,ANG-097,Lamp holder
SX-939,Receiver,ANG-097-0,ANG-097,Lamp holder
SX-1010,Receiver,ANG-099-0,ANG-099,Lamp holder
SX-1010,Receiver,ANG-100-0,ANG-100,P.C. board cover
SX-838,Receiver,ANG-100-0,ANG-100,P.C. board cover
SX-939,Receiver,ANG-100-0,ANG-100,P.C. board cover
SX-1010,Receiver,ANG-102-A,ANG-102,Pulley-held metal
SX-838,Receiver,ANG-102-A,ANG-102,Pulley-held metal
SX-939,Receiver,ANG-102-A,ANG-102,Pulley-held metal
SX-838,Receiver,ANG-103-0,ANG-103,Lamp holder
SX-939,Receiver,ANG-103-0,ANG-103,Pilot lamp holder (A)
SX-838,Receiver,ANG-104-0,ANG-104,Lamp holder
SX-939,Receiver,ANG-104-0,ANG-104,Pilot lamp holder (B)
SX-535,Receiver,ANG-105-0,ANG-105,Dial scale-held metal
SX-636,Receiver,ANG-105-0,ANG-105,Dial scale-head metal
SX-737,Receiver,ANG-105-0,ANG-105,Dial scale-held metal
SX-535,Receiver,ANG-106-A,ANG-106,Pulley-held metal
SX-636,Receiver,ANG-106-A,ANG-106,Pulley-held metal
SX-535,Receiver,ANG-107-A,ANG-107,Pulley-held metal
SX-636,Receiver,ANG-107-A,ANG-107,Pulley-held metal
TX-5300,Tuner,ANG-109-0,ANG-109,Pulley-held metal
TX-5300,Tuner,ANG-110-0,ANG-110,Pulley-held metal
TX-9500,Tuner,ANG-115-0,ANG-115,Pulley-held metal
SX-3400,Receiver,ANG-296,ANG-296,Meter holder B
SX-3400,Receiver,ANG-297,ANG-297,Pulley holder
SX-3400,Receiver,ANG-298,ANG-298,Meter holder A
C-72,Pre-Amplifier,ANG1153,ANG1153,AC CORD SPACER - KU/CA
SX-939,Receiver,ANH -211-B,ANH -211,Lamp box (B)
SD-1100,Other,ANH-039-0,ANH-039,Shield case
SX-626 (1973),Receiver,ANH-044-A,ANH-044,Shield plate (1)
SX-626 (1973),Receiver,ANH-045-A,ANH-045,Shield plate (2)
SX-434,Receiver,ANH-078-B,ANH-078,Lamp box
QX-646,Receiver,ANH-095-0,ANH-095,Lamp box
QX-4000,Receiver,ANH-096-0,ANH-096,Switch cover
QX-646,Receiver,ANH-096-0,ANH-096,Selector cover
QX-4000,Receiver,ANH-097-0,ANH-097,Shield cover
QX-646,Receiver,ANH-097-A,ANH-097,Shield cover (Rear)
QX-9900,Receiver,ANH-101-0,ANH-101,Shield cover
QX-9900,Receiver,ANH-102-0,ANH-102,Shield cover
QX-9900,Receiver,ANH-103-A,ANH-103,Shield cover
QX-9900,Receiver,ANH-104-A,ANH-104,Main amp cover L
QX-9900,Receiver,ANH-105-B,ANH-105,Main amp cover R
QX-9900,Receiver,ANH-106-A,ANH-106,Lamp box
QX-9900,Receiver,ANH-107-A,ANH-107,Meter-held metal
QX-9900,Receiver,ANH-107-A,ANH-107,Meter-held metal
SD-1100,Other,ANH-109-0,ANH-109,Shield plate A
SD-1100,Other,ANH-110-0,ANH-110,Shield plate B
SD-1100,Other,ANH-111-0,ANH-111,Side chassis (Right)
SD-1100,Other,ANH-112-0,ANH-112,Side chassis (Left)
SA-8100,Integrated Amplifier,ANH-119-0,ANH-119,Rear shield cover
SA-9100,Integrated Amplifier,ANH-119-0,ANH-119,Rear shield cover
SA-8100,Integrated Amplifier,ANH-123-0,ANH-123,Front shield cover
TX-7100,Tuner,ANH-126-0,ANH-126,Lamp box-A
TX-8100,Tuner,ANH-126-0,ANH-126,Lamp box-A
TX-7100,Tuner,ANH-127-C,ANH-127,Lamp box-B
TX-8100,Tuner,ANH-127-C,ANH-127,Lamp box-B
TX-9100,Tuner,ANH-127-C,ANH-127,Lamp box (A)
TX-9100,Tuner,ANH-127-C,ANH-127,Lamp box (B)
SA-8100,Integrated Amplifier,ANH-128-0,ANH-128,Shield board
SX-626 (1973),Receiver,ANH-131-0,ANH-131,Cover (power ampliﬁer)
SA-9100,Integrated Amplifier,ANH-133-0,ANH-133,Front shield cover
TX-8100,Tuner,ANH-137-B,ANH-137,Shield cover
SA-8100,Integrated Amplifier,ANH-138-0,ANH-138,Shield board
SA-9100,Integrated Amplifier,ANH-138-0,ANH-138,Shield board
SX-626 (1973),Receiver,ANH-139-A,ANH-139,Shield plate
SX-626 (1973),Receiver,ANH-140-0,ANH-140,Lamp cover
TX-9100,Tuner,ANH-141-0,ANH-141,Shield case (A)
TX-9100,Tuner,ANH-142-A,ANH-142,Shield case (B)
TX-6200,Tuner,ANH-144-A,ANH-144,Lamp box
SA-5200,Integrated Amplifier,ANH-147-0,ANH-147,Shield plate
SA-9100,Integrated Amplifier,ANH-148-0,ANH-148,Shield cover
QX-747,Receiver,ANH-152-A,ANH-152,Shield cover
QX-747,Receiver,ANH-154-0,ANH-154,Shield cover
QX-747,Receiver,ANH-155-0,ANH-155,Shield plate
QX-949,Receiver,ANH-155-A,ANH-155,Shield plate
QX-747,Receiver,ANH-156-A,ANH-156,Lamp-box
QX-949,Receiver,ANH-156-A,ANH-156,Lamp box
QX-747,Receiver,ANH-157-0,ANH-157,Heat sink
QX-949,Receiver,ANH-159-0,ANH-159,Heat sink
QX-747,Receiver,ANH-162-0,ANH-162,Lamp box
QX-949,Receiver,ANH-162-0,ANH-162,Lamp box
QX-949,Receiver,ANH-163-0,ANH-163,Cover (power amplifier)
QX-949,Receiver,ANH-165-A,ANH-165,Shield plate
QX-747,Receiver,ANH-168-A,ANH-168,Shield plate
QX-949,Receiver,ANH-168-A,ANH-168,Shield plate
QX-747,Receiver,ANH-169-0,ANH-169,Shield plate
QX-949,Receiver,ANH-169-0,ANH-169,Shield plate
QX-747,Receiver,ANH-170-A,ANH-170,Shield plate
QX-949,Receiver,ANH-170-A,ANH-170,Shield plate
Exclusive M3,Amplifier,ANH-186-0,ANH-186,Shield cover
SX-434,Receiver,ANH-192-0,ANH-192,Heat sink
SX-1010,Receiver,ANH-205-0,ANH-205,Heat sink
SX-1010,Receiver,ANH-206-0,ANH-206,Shield cover
SX-939,Receiver,ANH-206-0,ANH-206,Shield cover
SX-1010,Receiver,ANH-208-A,ANH-208,Shield cover
SX-939,Receiver,ANH-208-A,ANH-208,Shield cover (rear)
SX-1010,Receiver,ANH-210-A,ANH-210,Lamp box
SX-838,Receiver,ANH-210-A,ANH-210,Lamp box
SX-939,Receiver,ANH-210-A,ANH-210,Lamp box (A)
SX-1010,Receiver,ANH-211-B,ANH-211,Lamp Box
SX-838,Receiver,ANH-211-B,ANH-211,Lamp box
SX-1010,Receiver,ANH-212-0,ANH-212,Shield cover
SX-1010,Receiver,ANH-213-A,ANH-213,Shield cover
SX-939,Receiver,ANH-215-A,ANH-215,Heal sink
SX-636,Receiver,ANH-217-0,ANH-217,Lamp box
SX-737,Receiver,ANH-217-A,ANH-217,Lamp box
SX-737,Receiver,ANH-218-0,ANH-218,Meter lamp box
SX-535,Receiver,ANH-219-B,ANH-219,Lamp box
SX-636,Receiver,ANH-219-B,ANH-219,Meter lamp box
SX-535,Receiver,ANH-221-0,ANH-221,Lamp box
SA-9900,Integrated Amplifier,ANH-231-A,ANH-231,Front shield cover
SA-9900,Integrated Amplifier,ANH-232-0,ANH-232,Shield cover
SA-9900,Integrated Amplifier,ANH-233-A,ANH-233,Shield cover
SA-9900,Integrated Amplifier,ANH-234-0,ANH-234,Shield cover
SA-9900,Integrated Amplifier,ANH-236-B,ANH-236,Heatsink
SA-9900,Integrated Amplifier,ANH-247-0,ANH-247,Shield plate
TX-9500,Tuner,ANH-250-A,ANH-250,Lamp board mount plate
SX-650,Receiver,ANH-298,ANH-298,Slide cover
M-25,Amplifier,ANH-318,ANH-318,Heat sink
A-27,Integrated Amplifier,ANH-340,ANH-340,Heat sink
SX-1980,Receiver,ANH-365,ANH-365,Heatsink (KU/S/SG)
A-27,Integrated Amplifier,ANH-400,ANH-400,Heat sink
SX-1980,Receiver,ANH-424,ANH-424,Heatsink (HG)
SX-850,Receiver,ANK-012,ANK-012,Phone jack (MIC)
SX-434,Receiver,ANK-017-A,ANK-017,Meter-held metal
A-27,Integrated Amplifier,ANK-018,ANK-018,Hexagonal wrench
C-21,Pre-Amplifier,ANK-018,ANK-018,Hexagonal wrench
SA-8100,Integrated Amplifier,ANK-018-0,ANK-018,Hexagonal wrench
SA-9500II,Integrated Amplifier,ANK-018,ANK-018,Hexagonal wrench
TX-6500II,Tuner,ANK-018,ANK-018,Hexagonal wrench
TX-8500II,Tuner,ANK-018,ANK-018,Hexagonal wrench
TX-9500,Tuner,ANK-018-0,ANK-018,Hexagonal wrench
QX-4000,Receiver,ANK-026-0,ANK-026,Wire cover metal
QX-646,Receiver,ANK-026-A,ANK-026,Wire cover
QX-9900,Receiver,ANK-027-0,ANK-027,Dial scale-held metal
TX-7100,Tuner,ANK-034-0,ANK-034,P.C. board cover
TX-8100,Tuner,ANK-034-0,ANK-034,P.C. board cover
TX-9100,Tuner,ANK-034-0,ANK-034,P.C board cover
TX-7100,Tuner,ANK-035-0,ANK-035,Wire holder
TX-8100,Tuner,ANK-035-0,ANK-035,Wire holder
TX-9100,Tuner,ANK-036-B,ANK-036,Dial cover
QX-646,Receiver,ANK-042-0,ANK-042,Side plate
QX-646,Receiver,ANK-044-0,ANK-044,Mode indicater
QX-747,Receiver,ANK-052-0,ANK-052,Wire supporter
QX-747,Receiver,ANK-053-0,ANK-053,P.C. board cover
QX-949,Receiver,ANK-053-0,ANK-053,P.C. board cover
QX-747,Receiver,ANK-054-0,ANK-054,Wire cover
QX-949,Receiver,ANK-054-0,ANK-054,Wire cover
QX-949,Receiver,ANK-055-0,ANK-055,Reinforced metal
QX-747,Receiver,ANK-056-A,ANK-056,Reinforced metal (L)
QX-949,Receiver,ANK-056-0,ANK-056,Wire supporter
QX-949,Receiver,ANK-056-A,ANK-056,Reinforced metal (L)
QX-747,Receiver,ANK-057-A,ANK-057,Reinforced metal (R)
QX-949,Receiver,ANK-057-A,ANK-057,Reinforced metal(R)
SX-535,Receiver,ANK-072-0,ANK-072,P.C. board cover
SX-636,Receiver,ANK-072-0,ANK-072,P.C. board cover
SX-737,Receiver,ANK-072-0,ANK-072,P.C. board cover
SA-9900,Integrated Amplifier,ANK-073-A,ANK-073,Wire guide
TX-9500,Tuner,ANK-077-0,ANK-077,Dial pointer guide plate
SPEC-1,Pre-Amplifier,ANK-084,ANK-084,Handle
SPEC-2,Amplifier,ANK-084,ANK-084,Handle
SPEC-4,Amplifier,ANK-084,ANK-084,Handle
CT-F950,Cassette Tape,ANK-566,ANK-566,Guide (L)
SX-828,Receiver,ANK018-0,ANK018,Hexagonal wrench
SA-420,Integrated Amplifier,ANM-008,ANM-008,Front panel assembly
A-6,Integrated Amplifier,ANM-025,ANM-025,Front panel assembly
SG-9,Equalizer,ANM-055,ANM-055,Front panel assembly
SX-6,Receiver,ANM-064,ANM-064,Front panel assembly
SX-7,Receiver,ANM-065,ANM-065,From panel assembly
SX-5,Receiver,ANM-074,ANM-074,Front panel assembly
SX-4,Receiver,ANM-075,ANM-075,Front panel assemb)y
SX-8,Receiver,ANM-117,ANM-117,From panel assembly
TX-530L,Tuner,ANM-128,ANM-128,Front panel
SA-930,Integrated Amplifier,ANM-201,ANM-201,Front panel assembly
SA-530,Integrated Amplifier,ANM-204,ANM-204,Front panel cover
SA-530,Integrated Amplifier,ANM-205,ANM-205,Front panel assembly
TX-530,Tuner,ANM-207,ANM-207,FRONT PANEL TX530
TX-130L,Tuner,ANM-208,ANM-208,Front panel
TX-930,Tuner,ANM-209,ANM-209,Front cover
SX-202,Receiver,ANM-292,ANM-292,Front panel assembly
SX-60,Receiver,ANM-377,ANM-377,Front panel assembly
SX-50,Receiver,ANM-380,ANM-380,Front panel assembly
SX-60,Receiver,ANM-385,ANM-385,Function plate
SA-1040,Integrated Amplifier,ANM-394,ANM-394,Front panel ass'y
SA-940,Integrated Amplifier,ANM-395,ANM-395,Front panel ass'y
A-70,Integrated Amplifier,ANM-412,ANM-412,Front panel assembly
A-90,Integrated Amplifier,ANM-414,ANM-414,Front panal Asembly
F-90,Tuner,ANM-423,ANM-423,Front panel ass'y
A-60,Integrated Amplifier,ANM-432,ANM-432,Front Panel ass'y
SG-90,Equalizer,ANM-451,ANM-451,Front panel assembly
A-80,Integrated Amplifier,ANM-453,ANM-453,Front panel assembly
RG-60,Dynamic Range Expander,ANM-497,ANM-497,Front panel assembly
SA-1050,Integrated Amplifier,ANM-545,ANM-545,"Front panel ass'y (KU, S, S/G)"
SA-950,Integrated Amplifier,ANM-547,ANM-547,Front panel ass'y - HE
SA-950,Integrated Amplifier,ANM-547,ANM-547,Front panel ass'y - HEZ
SA-950,Integrated Amplifier,ANM-547,ANM-547,Front panel ass'y - KC
SA-950,Integrated Amplifier,ANM-547,ANM-547,Front panel ass'y - KU
SA-950,Integrated Amplifier,ANM-547,ANM-547,Front panel ass'y - S
SA-950,Integrated Amplifier,ANM-547,ANM-547,Front panel ass'y - S/G
SA-950,Integrated Amplifier,ANM-547,ANM-547,Front panel ass’y - YP
TX-950,Tuner,ANM-602,ANM-602,Front panel assembly
A-88X,Integrated Amplifier,ANM-941,ANM-941,Front panel
A-77X,Integrated Amplifier,ANM-943,ANM-943,Front panel assembly
SA-9800,Integrated Amplifier,ANP-865,ANP-865,P.C. board
SX-1080,Receiver,ANR-020,ANR-020,Acrylic board
SX-980,Receiver,ANR-020,ANR-020,Acrylic board
