model,category,part_number,normalized_part_number,description
SA-9500II,Integrated Amplifier,CKDYF 4732 50,CKDYF 4732 50,Ceramic 0.047 50V
CT-F1000,Cassette Tape,CKDYF 473Z 50,CKDYF 473Z 50,Ceramic 0.047 50V
CT-F1000,Cassette Tape,CKDYF 473Z 50,CKDYF 473Z 50,Ceramic 0.047 50V
CT-F1000,Cassette Tape,CKDYF 473Z 50,CKDYF 473Z 50,Ceramic 0.047 50V
CT-F1000,Cassette Tape,CKDYF 473Z 50,CKDYF 473Z 50,Ceramic 0.047 50V
RG-1,Dynamic Range Expander,CKDYF 473Z 50,CKDYF 473Z 50,Ceramic capacitor 0.047 50V
SA-6500II,Integrated Amplifier,CKDYF 473Z 50,CKDYF 473Z 50,Ceramic 0.047 50V
SA-6500II,Integrated Amplifier,CKDYF 473Z 50,CKDYF 473Z 50,Ceramic 0.047 50V
SA-6500II,Integrated Amplifier,CKDYF 473Z 50,CKDYF 473Z 50,Ceramic 0.047 50V
SA-6500II,Integrated Amplifier,CKDYF 473Z 50,CKDYF 473Z 50,Ceramic 0.047 50V
SA-7500II,Integrated Amplifier,CKDYF 473Z 50,CKDYF 473Z 50,Ceramic 0.047 50V
SA-7500II,Integrated Amplifier,CKDYF 473Z 50,CKDYF 473Z 50,Ceramic 0.047 50V
SA-7500II,Integrated Amplifier,CKDYF 473Z 50,CKDYF 473Z 50,Ceramic 0.047 50V
SA-7500II,Integrated Amplifier,CKDYF 473Z 50,CKDYF 473Z 50,Ceramic 0.047 50V
SA-7500II,Integrated Amplifier,CKDYF 473Z 50,CKDYF 473Z 50,Ceramic 0.047 50V
SA-8500II,Integrated Amplifier,CKDYF 473Z 50,CKDYF 473Z 50,Ceramic 0.047 50V
SA-8500II,Integrated Amplifier,CKDYF 473Z 50,CKDYF 473Z 50,Ceramic 0.047 50V
SA-8500II,Integrated Amplifier,CKDYF 473Z 50,CKDYF 473Z 50,Ceramic 0.047 50V
SA-8500II,Integrated Amplifier,CKDYF 473Z 50,CKDYF 473Z 50,Ceramic 0.047 50V
SA-8500II,Integrated Amplifier,CKDYF 473Z 50,CKDYF 473Z 50,Ceramic 0.047 50V
SA-9500II,Integrated Amplifier,CKDYF 473Z 50,CKDYF 473Z 50,Ceramic 0.047 50V
SA-9500II,Integrated Amplifier,CKDYF 473Z 50,CKDYF 473Z 50,Ceramic 0.047 50V
SA-9500II,Integrated Amplifier,CKDYF 473Z 50,CKDYF 473Z 50,Ceramic 0.047 50V
SA-9500II,Integrated Amplifier,CKDYF 473Z 50,CKDYF 473Z 50,Ceramic 0.047 50V
SG-9500,Equalizer,CKDYF 473Z 50,CKDYF 473Z 50,Ceramic capacitor (0.047uF 50V)
SG-9500,Equalizer,CKDYF 473Z 50,CKDYF 473Z 50,Ceramic capacitor (0.047uF 50V)
SPEC-1,Pre-Amplifier,CKDYF 473Z 50,CKDYF 473Z 50,Ceramic 0.047 50V
SPEC-1,Pre-Amplifier,CKDYF 473Z 50,CKDYF 473Z 50,Ceramic 0.047 50V
SX-D5000,Receiver,CKDYX104M 25,CKDYX104M 25,Ceramic capacitor (0.01 /25V)
H-R100,8-Track Tape,CKN-013-0,CKN-013,Head phone Jack
H-R100,8-Track Tape,CKN-014-0,CKN-014,Microphone Jack (Lch .)
H-R100,8-Track Tape,CKN-014-0,CKN-014,Microphone Jack (Rch.)
H-R100,8-Track Tape,CKN-014-0,CKN-014,Microphone Jack (Switch)
H-R100,8-Track Tape,CKN-014-0,CKN-014,Microphone Jack (Switch)
H-R9000,8-Track Tape,CKP-001-0,CKP-001,Speaker Jack
H-R9000,8-Track Tape,CKS-006-0,CKS-006,Wire Clip
H-R9000,8-Track Tape,CLA-028-A,CLA-028,Motor Pulley
H-R99,8-Track Tape,CLA-028-A,CLA-028,Motor Pulley
H-R9000,8-Track Tape,CLA-149-A,CLA-149,Dial Shaft
H-R9000,8-Track Tape,CLA-178-0,CLA-178,Spacer
H-R99,8-Track Tape,CLA-178-0,CLA-178,Spacer
H-R9000,8-Track Tape,CLA-187-0,CLA-187,Pulley
H-R99,8-Track Tape,CLA-187-0,CLA-187,Pulley
H-22,8-Track Tape,CLA-212-0,CLA-212,Shaft
H-22,8-Track Tape,CLA-214-0,CLA-214,Mounting Stud
H-22,8-Track Tape,CLA-298-0,CLA-298,Shaft (Cartridge Door)
H-R9000,8-Track Tape,CMS-013-0,CMS-013,"Side Board, Left"
H-R9000,8-Track Tape,CMS-014-0,CMS-014,"Side Board, Right"
H-R99,8-Track Tape,CMS-015-0,CMS-015,"Side Board, Right"
H-R99,8-Track Tape,CMS-016-0,CMS-016,"Side Board, Left"
H-22,8-Track Tape,CMX-084-0,CMX-084,Cabinet Assembly
H-R9000,8-Track Tape,CNA-053-C,CNA-053,Chassis
H-R9000,8-Track Tape,CNA-053-C,CNA-053,Chassis
H-R9000,8-Track Tape,CNA-054-0,CNA-054,Chassis
H-R99,8-Track Tape,CNA-054-A,CNA-054,Chassis
H-R99,8-Track Tape,CNA-056-0,CNA-056,Chassis
H-22,8-Track Tape,CNA-062-0,CNA-062,Chassis
H-R99,8-Track Tape,CNB-005-0,CNB-005,"Hex, Nut, M9"
H-R9000,8-Track Tape,CNB-054-0,CNB-054,Door
H-R99,8-Track Tape,CNB-054-0,CNB-054,Door
H-R9000,8-Track Tape,CNB-101-A,CNB-101,Cabinet Top
H-R9000,8-Track Tape,CNB-102-A,CNB-102,Front Grille
H-R99,8-Track Tape,CNB-120-0,CNB-120,Cabinet Top
H-R9000,8-Track Tape,CNC-242-0,CNC-242,Head Holder
H-R99,8-Track Tape,CNC-242-0,CNC-242,Head Holder
H-R9000,8-Track Tape,CNC-432-0,CNC-432,Counter Holder
H-R99,8-Track Tape,CNC-432-0,CNC-432,Counter Holder
H-R9000,8-Track Tape,CNC-433-0,CNC-433,Recording Lever
H-R99,8-Track Tape,CNC-433-A,CNC-433,Lever Bracket
H-R99,8-Track Tape,CNC-433-A,CNC-433,Recording Lever
H-R9000,8-Track Tape,CNC-435-0,CNC-435,"Bracket, Leaf Switch"
H-R9000,8-Track Tape,CNC-443-0,CNC-443,"Bracket, Push Switch"
H-R99,8-Track Tape,CNC-443-0,CNC-443,"Bracket, Push Switch"
H-R9000,8-Track Tape,CNC-444-0,CNC-444,Revolution Lever
H-R99,8-Track Tape,CNC-444-0,CNC-444,Revolution Lever
H-R9000,8-Track Tape,CNC-445-0,CNC-445,Program Lever
H-R99,8-Track Tape,CNC-445-A,CNC-445,Program Lever
H-R9000,8-Track Tape,CNC-446-0,CNC-446,F.F. Lever
H-R99,8-Track Tape,CNC-446-0,CNC-446,F. F. Lever
H-R9000,8-Track Tape,CNC-447-0,CNC-447,Pause Lever
H-R99,8-Track Tape,CNC-447-0,CNC-447,Pause Lever
H-R9000,8-Track Tape,CNC-453-0,CNC-453,Supporting Bracket
H-R99,8-Track Tape,CNC-453-0,CNC-453,Supporting Bracket
H-R9000,8-Track Tape,CNC-455-0,CNC-455,Lamp Cover
H-R9000,8-Track Tape,CNC-459-0,CNC-459,Meter Cover
H-R9000,8-Track Tape,CNC-462-0,CNC-462,Meter Holder
H-R99,8-Track Tape,CNC-462-0,CNC-462,Meter Holder
H-R9000,8-Track Tape,CNC-463-0,CNC-463,Meter Holder
H-R9000,8-Track Tape,CNC-464-0,CNC-464,"Holder, Dial Shaft"
H-R9000,8-Track Tape,CNC-474-0,CNC-474,Lever Bracket
H-R9000,8-Track Tape,CNC-475-A,CNC-475,Lamp Cover (Dial lndicator)
H-R9000,8-Track Tape,CNC-476-A,CNC-476,"Bracket, R/P Ampliﬁer Unit"
H-R99,8-Track Tape,CNC-476-A,CNC-476,"Bracket, R/P Amplifier"
H-R9000,8-Track Tape,CNC-535-0,CNC-535,"Bracket, Pulley"
H-R9000,8-Track Tape,CNC-535-0,CNC-535,"Bracket, Tuner Unit"
H-R9000,8-Track Tape,CNC-538-A,CNC-538,"Bracket, Push Switch"
H-R9000,8-Track Tape,CNC-545-0,CNC-545,"Holder, Tuner Unit"
H-R9000,8-Track Tape,CNC-570-0,CNC-570,Socket Nut
H-R9000,8-Track Tape,CNC-576-0,CNC-576,Counter Holder
H-R9000,8-Track Tape,CNC-577-0,CNC-577,Lever Holder
H-R99,8-Track Tape,CNC-577-0,CNC-577,Lever Holder
H-R9000,8-Track Tape,CNC-586-0,CNC-586,Shield Case
H-R9000,8-Track Tape,CNC-587-0,CNC-587,"Bracket, Push Switch"
H-R99,8-Track Tape,CNC-587-0,CNC-587,"Bracket, Push Switch"
H-R9000,8-Track Tape,CNC-588-0,CNC-588,"Holder, Power Supply Unit"
H-R99,8-Track Tape,CNC-588-0,CNC-588,"Holder, Power Supply Unit"
H-R99,8-Track Tape,CNC-590-0,CNC-590,"Holder, Power Transformer"
H-R99,8-Track Tape,CNC-592-0,CNC-592,Switch Bracket
H-R9000,8-Track Tape,CNC-624-0,CNC-624,"Spacer, Headphone"
H-R99,8-Track Tape,CNC-624-0,CNC-624,"Spacer, Headphone Jack"
H-R99,8-Track Tape,CNC-645-0,CNC-645,Protector Plate
H-R9000,8-Track Tape,CNC-647-0,CNC-647,Bottom Shield
H-R9000,8-Track Tape,CNC-648-0,CNC-648,"Holder, Oscillating Unit"
H-22,8-Track Tape,CNC-658-0,CNC-658,Spacer - Head Height
H-22,8-Track Tape,CNC-659-0,CNC-659,Head Locking Bar
H-22,8-Track Tape,CNC-660-0,CNC-660,Cartridge Guide
H-22,8-Track Tape,CNC-661-0,CNC-661,Cord Binder
H-22,8-Track Tape,CNC-663-0,CNC-663,Bracket A - Amplifier P.C. Board Support
H-22,8-Track Tape,CNC-664-0,CNC-664,Bracket B
H-22,8-Track Tape,CNC-888-0,CNC-888,Support Bracket A
H-22,8-Track Tape,CNC-889-0,CNC-889,Support Bracket B
H-22,8-Track Tape,CNC-890-0,CNC-890,Mounting Bracket (Transformer and Pin Jacks)
H-R9000,8-Track Tape,CNM-113-0,CNM-113,Dust Protector
H-R9000,8-Track Tape,CNP-098-0,CNP-098,Lamp P.W.B.
H-R9000,8-Track Tape,CNR-019-0,CNR-019,Flywheel
H-R99,8-Track Tape,CNR-019-0,CNR-019,Flywheel
H-22,8-Track Tape,CNR-029-0,CNR-029,Flywheel Holder
H-22,8-Track Tape,CNR-032-0,CNR-032,Flywheel
H-R9000,8-Track Tape,CNS-086-A,CNS-086,Front Panel
H-R99,8-Track Tape,CNS-092-0,CNS-092,Front Panel
H-R99,8-Track Tape,CNS-093-0,CNS-093,Front Grille
H-22,8-Track Tape,CNS-141-0,CNS-141,Backboard
H-R100,8-Track Tape,CNT-016-0,CNT-016,BELT (DRIVE)
H-R9000,8-Track Tape,CNT-016-0,CNT-016,Main Belt
H-R99,8-Track Tape,CNT-016-0,CNT-016,Main Belt
H-R100,8-Track Tape,CNT-021-0,CNT-021,"BELT, COUNTER"
H-R9000,8-Track Tape,CNT-021-0,CNT-021,Counter Belt
H-R99,8-Track Tape,CNT-021-0,CNT-021,Counter Belt
H-22,8-Track Tape,CNT-035-0,CNT-035,Drive Belt
H-R9000,8-Track Tape,CNV-038-A,CNV-038,Connecting Lever
H-R99,8-Track Tape,CNV-038-A,CNV-038,Connecting Lever
H-R9000,8-Track Tape,CNV-104-0,CNV-104,Lamp Holder
H-R9000,8-Track Tape,CNV-122-0,CNV-122,"Guide, Power Push Button"
H-R9000,8-Track Tape,CNV-138-A,CNV-138,Lamp Holder
H-22,8-Track Tape,CNV-181-0,CNV-181,Cartridge Guide Roller
H-22,8-Track Tape,CNV-183-0,CNV-183,Channel Selector Cam
H-22,8-Track Tape,CNV-245-0,CNV-245,Cord Strain Relief
H-22,8-Track Tape,CNV-247-0,CNV-247,Foot
H-R100,8-Track Tape,CNV-281-0,CNV-281,LAMP HOLDER (5-POS)
CT-F7171,Cassette Tape,COMA 103K 50,COMA 103K 50,Mylar 0.01 50V
SX-828,Receiver,COMA 472K 50,COMA 472K 50,Mylar  0.0047  50V
SX-636,Receiver,COMA 822J 50,COMA 822J 50,"Mylar  0.0082  50V (KCU,FV)"
H-R9000,8-Track Tape,COS-039-0,COS-039,Tone Control with Switch Loudness
H-R9000,8-Track Tape,CPB-007-0,CPB-007,HEAD(RECORD/PLAY)
H-R99,8-Track Tape,CPB-007-0,CPB-007,Head
H-22,8-Track Tape,CPB-013-0,CPB-013,Playback Head
H-R100,8-Track Tape,CPB-019-0,CPB-019,Head
SX-6000,Receiver,CQMA 102K 50,CQMA 102K 50,Mylar 0.001 50V
SX-6000,Receiver,CQMA 102K 50,CQMA 102K 50,Mylar 0.001 50V
TX-9500,Tuner,CQMA 103J 50,CQMA 103J 50,Mylar capacitor 0.01 50V
TX-9500,Tuner,CQMA 103J 50,CQMA 103J 50,Mylar capacitor 0.01 50V
SX-434,Receiver,CQMA 103K 50,CQMA 103K 50,"Mylar  0.01  50V (KCU,FV)"
SX-434,Receiver,CQMA 103K 50,CQMA 103K 50,"Mylar  0.01  50V (KCU,FV)"
SX-1250,Receiver,CQMA 104K 200,CQMA 104K 200,"Mylar, 0.1 uf, 200V"
SX-1250,Receiver,CQMA 104K 200,CQMA 104K 200,"Mylar, 0.1 uf, 200V"
SX-434,Receiver,CQMA 122K 50,CQMA 122K 50,Mylar  0.0012  50V
SX-424,Receiver,CQMA 152K 50,CQMA 152K 50,Mylar  0.0015  50V
SX-424,Receiver,CQMA 152K 50,CQMA 152K 50,Mylar  0.0015  50V
SX-424,Receiver,CQMA 182K 50,CQMA 182K 50,Mylar  0.0018  50V
SX-525,Receiver,CQMA 182K 50,CQMA 182K 50,Mylar 0.0018  50V
SX-535,Receiver,CQMA 222K 50,CQMA 222K 50,Mylar  0.0022  50V
SX-636,Receiver,CQMA 222K 50,CQMA 222K 50,Mylar  0.0022  50V
SA-530,Integrated Amplifier,CQMA 223K 50,CQMA 223K 50,Ceramic capacitor - HEZ
SA-930,Integrated Amplifier,CQMA 223K 50,CQMA 223K 50,Capacitor - HEZ
SX-828,Receiver,CQMA 223K 50,CQMA 223K 50,Mylar  0.022  50V (FVZW)
SX-828,Receiver,CQMA 223K 50,CQMA 223K 50,Mylar  0.022  50V (FW)
SX-828,Receiver,CQMA 223K 50,CQMA 223K 50,Mylar  0.022  50V (KUW)
SA-9500,Integrated Amplifier,CQMA 272k 50,CQMA 272k 50,Mylar 2700p 50V
QX-646,Receiver,CQMA 332J 50,CQMA 332J 50,Mylar 0.0033 50V
QX-646,Receiver,CQMA 332J 50,CQMA 332J 50,Mylar 0.0033 50V
QX-949,Receiver,CQMA 332J 50,CQMA 332J 50,Mylar 0.0033 50V
QX-949,Receiver,CQMA 332J 50,CQMA 332J 50,Mylar 0.0033 50V
QX-747,Receiver,CQMA 332K 50,CQMA 332K 50,Mylar 0.0033 50V
QX-747,Receiver,CQMA 332K 50,CQMA 332K 50,Mylar 0.0033 50V
SX-525,Receiver,CQMA 332K 50,CQMA 332K 50,Mylar 0.0033 50V (KCW)
SX-525,Receiver,CQMA 332K 50,CQMA 332K 50,Mylar 0.0033 50V (KCW)
QX-747,Receiver,CQMA 392K 50,CQMA 392K 50,Mylar 0.0039 50V
QX-747,Receiver,CQMA 392K 50,CQMA 392K 50,Mylar 0.0039 50V
QX-949,Receiver,CQMA 392K 50,CQMA 392K 50,Mylar 0.0039 50V
QX-949,Receiver,CQMA 392K 50,CQMA 392K 50,Mylar 0.0039 50V
QX-747A,Receiver,CQMA 472J 50,CQMA 472J 50,Mylar 0.0047 50V
QX-747A,Receiver,CQMA 472J 50,CQMA 472J 50,Mylar 0.0047 50V
SX-1010,Receiver,CQMA 472J 50,CQMA 472J 50,Mylar 0.0047 50V
SX-1010,Receiver,CQMA 472J 50,CQMA 472J 50,Mylar 0.0047 50V
SX-838,Receiver,CQMA 472J 50,CQMA 472J 50,Mylar  0.0007  50V
SX-838,Receiver,CQMA 472J 50,CQMA 472J 50,Mylar  0.0047  50V
SX-939,Receiver,CQMA 472J 50,CQMA 472J 50,Mylar  0.0047  50V
SX-939,Receiver,CQMA 472J 50,CQMA 472J 50,Mylar  0.0047  50V
CT-F7171,Cassette Tape,CQMA 472K 50,CQMA 472K 50,Mylar 0.0047 50V
SA-9500,Integrated Amplifier,CQMA 472K 50,CQMA 472K 50,Mylar 4700p 50V
SX-828,Receiver,CQMA 472K 50,CQMA 472K 50,Mylar  0.0047  50V
SX-6000,Receiver,CQMA 473K 400,CQMA 473K 400,Mylar 0.047 400V
CT-F7272,Cassette Tape,CQMA 473K 50,CQMA 473K 50,Mylar 0.047 50V
SX-525,Receiver,CQMA 473K 50,CQMA 473K 50,Mylar 0.047  50V
TX-9500,Tuner,CQMA 512J 50,CQMA 512J 50,Mylar capacitor 0.0051 50V
TX-9500,Tuner,CQMA 512J 50,CQMA 512J 50,Mylar capacitor 0.0051 50V
SX-424,Receiver,CQMA 562K 50,CQMA 562K 50,Mylar  0.0056  50V (KUW)
SX-424,Receiver,CQMA 562K 50,CQMA 562K 50,Mylar  0.0056  50V (KUW)
SX-535,Receiver,CQMA 562K 50,CQMA 562K 50,Mylar  0.0056  50V
SX-636,Receiver,CQMA 562K 50,CQMA 562K 50,Mylar  0.0056  50V
SX-636,Receiver,CQMA 822 J 50,CQMA 822 J 50,"Mylar  0.0082  50V (KCU,FV)"
SX-737,Receiver,CQMA 822J 50,CQMA 822J 50,"Mylar  0.0082  50V (KCU,F)"
SX-737,Receiver,CQMA 822J 50,CQMA 822J 50,"Mylar  0.0082  50V (KCU,F)"
SX-434,Receiver,CQMA 822K 50,CQMA 822K 50,Mylar  0.0082  50V
SX-535,Receiver,CQMA 822K 50,CQMA 822K 50,"Mylar  0.0082  50V (KCU,FV)"
SX-535,Receiver,CQMA 822K 50,CQMA 822K 50,"Mylar  0.0082  50V (KCU,FV)"
SX-626 (1971),Receiver,CQMA 822K 50,CQMA 822K 50,Mylar 0.0082 50V
SX-626 (1971),Receiver,CQMA 822K 50,CQMA 822K 50,Mylar 0.0082 50V
QX-747A,Receiver,CQMA 912J 50,CQMA 912J 50,Mylar 0.0091 50V
QX-747A,Receiver,CQMA 912J 50,CQMA 912J 50,Mylar 0.0091 50V
SX-650,Receiver,CQSA 561J 50,CQSA 561J 50,Polystyrene 560p 50V
SX-650,Receiver,CQSA 561J 50,CQSA 561J 50,Polystyrene 560p 50V (HG)
SX-1250,Receiver,CQSA511J50,CQSA511J50,Polystyrene 510p 50v (HG)
SX-1250,Receiver,CQSA511J50,CQSA511J50,Polystyrene 510p 50v (HG)
SPEC-4,Amplifier,CQSB 330K 50,CQSB 330K 50,Polypropylene 33p 50V
SPEC-4,Amplifier,CQSB 680K 50,CQSB 680K 50,Polypropylene 68p 50V
H-R88,8-Track Tape,CRB-005,CRB-005,O/M HR88/K
H-R9000,8-Track Tape,CRB-046-0,CRB-046,Operating instructions H-R9000
H-R99,8-Track Tape,CRB-054-0,CRB-054,Operating instructions H-R99
H-22,8-Track Tape,CRB-086-0,CRB-086,Operating instructions  H-22
H-R100,8-Track Tape,CRB-109-0,CRB-109,Operating instructions H-R100
H-R9000,8-Track Tape,CRT-022,CRT-022,Service manual H-R9000/K
H-R99,8-Track Tape,CRT-025-0,CRT-025,Service manual H-R99
H-22,8-Track Tape,CRT-038,CRT-038,Service manual  H-22
H-22,8-Track Tape,CRY-002-A,CRY-002,Registration Card
H-R9000,8-Track Tape,CRY-002-0,CRY-002,Registration Card
H-R99,8-Track Tape,CRY-002-0,CRY-002,Registration Card
H-R100,8-Track Tape,CRY-054-0,CRY-054,Service manual H-R100
H-R9000,8-Track Tape,CSC-002-0,CSC-002,Rotary Switch (Selector)
H-R99,8-Track Tape,CSE-002-0,CSE-002,Rotary Switch (Function)
H-R100,8-Track Tape,CSE-003-0,CSE-003,Rotary Switch (Function)
H-R9000,8-Track Tape,CSG-020-0,CSG-020,Push Switch (ALC)
H-R99,8-Track Tape,CSG-020-0,CSG-020,Push Switch (ALC)
H-R9000,8-Track Tape,CSG-022-0,CSG-022,Push Switch (Pause)
H-R99,8-Track Tape,CSG-022-0,CSG-022,Push Switch (Pause)
H-R9000,8-Track Tape,CSG-027-0,CSG-027,Push Switch (Power)
H-R100,8-Track Tape,CSG-036-0,CSG-036,Push Switch (Dolby)
H-22,8-Track Tape,CSG-039-0,CSG-039,Push Switch (Program Selector)
H-R100,8-Track Tape,CSG-040-0,CSG-040,Push Switch (Pause)
H-R100,8-Track Tape,CSG-041-0,CSG-041,Push Switch (F.F.)
H-R9000,8-Track Tape,CSH-017-0,CSH-017,"Slide Switch Rec,/Playback Selector"
H-R9000,8-Track Tape,CSH-017-0,CSH-017,Slide Switch Rec./Playback Selector
H-R99,8-Track Tape,CSH-017-0,CSH-017,Slide Switch Rec./Playback Selector
H-R99,8-Track Tape,CSH-017-0,CSH-017,Slide Switch Rec./Playback Selector
H-R9000,8-Track Tape,CSK-001-0,CSK-001,Lever Switch (Function)
H-R9000,8-Track Tape,CSN-010-0,CSN-010,Leaf Switch (REC.)
H-R9000,8-Track Tape,CSN-010-0,CSN-010,Leaf Switch (REC.)
H-R99,8-Track Tape,CSN-010-0,CSN-010,Leaf Switch (Rec.)
H-R9000,8-Track Tape,CSN-012-0,CSN-012,Leaf Switch
H-R99,8-Track Tape,CSN-012-0,CSN-012,Leaf Switch (Program)
H-R9000,8-Track Tape,CSN-017-0,CSN-017,Leaf Switch
H-R99,8-Track Tape,CSN-017-0,CSN-017,Leaf Switch (Program)
H-22,8-Track Tape,CSN-027-0,CSN-027,Leaf Switch - Motor Switch
H-22,8-Track Tape,CSN-028-0,CSN-028,Leaf Switch - Indicator Lamps & Amplifier Switch
H-R100,8-Track Tape,CSN-032-0,CSN-032,Leaf Switch (Program)
H-R100,8-Track Tape,CSN-033-0,CSN-033,Leaf Switch (Program)
H-R99,8-Track Tape,CSN-435-0,CSN-435,"Bracket, Leaf Switch"
QX-747,Receiver,CSSA 2R2M 16,CSSA 2R2M 16,Electrolytic 2.2 16V
QX-949,Receiver,CSSA 2R2M 16,CSSA 2R2M 16,Electrolytic 2.2 16V
H-R9000,8-Track Tape,CTB-017-0,CTB-017,Bar Antenna
H-R88,8-Track Tape,CTT-008,CTT-008,PWR XFMR
H-R9000,8-Track Tape,CTT-019-A,CTT-019,Power Transformer
H-R99,8-Track Tape,CTT-021-0,CTT-021,Power Transformer
H-22,8-Track Tape,CTT-028-0,CTT-028,Transformer (Power Supply for USA - KU)
H-22,8-Track Tape,CTT-030-0,CTT-030,Transformer (Power Supply for Canada - KC)
H-R100,8-Track Tape,CTT-039-0,CTT-039,Power Transformer
H-R9000,8-Track Tape,CWE-042-0,CWE-042,Tuner Unit
H-R9000,8-Track Tape,CWF-013-0,CWF-013,R/P Amplifier Assembly
H-R99,8-Track Tape,CWF-022-0,CWF-022,R/P Amplifier Assembly
H-R9000,8-Track Tape,CWH-018-0,CWH-018,Main Amplifier Unit
H-R9000,8-Track Tape,CWK-034-0,CWK-034,Control Unit
H-22,8-Track Tape,CWK-069-0,CWK-069,Amplifier Unit
H-R100,8-Track Tape,CWK-091-0,CWK-091,AMPLIFIER ASSEMBLY
H-R9000,8-Track Tape,CWR-030-0,CWR-030,Power Supply Unit
H-R99,8-Track Tape,CWR-033-0,CWR-033,Power Supply Unit
H-R100,8-Track Tape,CWR-047-0,CWR-047,POWER SUPPLY UNlT
H-R9000,8-Track Tape,CWX-069-0,CWX-069,Oscillating Unit
H-R100,8-Track Tape,CWX-147-0,CWX-147,OSCILLATOR UNIT
H-R9000,8-Track Tape,CXA-264-A,CXA-264,Tape Guide
H-R99,8-Track Tape,CXA-264-A,CXA-264,Tape Guide
H-R9000,8-Track Tape,CXA-331-0,CXA-331,Recording Lock Lever A
H-R99,8-Track Tape,CXA-331-A,CXA-331,Recording Lock Lever A
H-R9000,8-Track Tape,CXA-332-A,CXA-332,Sub Chassis
H-R99,8-Track Tape,CXA-332-A,CXA-332,Sub Chassis
H-R9000,8-Track Tape,CXA-333-A,CXA-333,Head Base
H-R99,8-Track Tape,CXA-333-A,CXA-333,Head Base
H-R9000,8-Track Tape,CXA-379-0,CXA-379,Recording Lock Lever B
H-R99,8-Track Tape,CXA-379-0,CXA-379,Recording Lock Lever B
H-R9000,8-Track Tape,CXA-381-0,CXA-381,Leaf Spring Unit (Cartridge Pressure)
H-R99,8-Track Tape,CXA-381-0,CXA-381,Leaf Spring Unit (Cartridge Pressure)
H-R9000,8-Track Tape,CXA-412-A,CXA-412,Cam Ratchet
H-R99,8-Track Tape,CXA-412-A,CXA-412,Cam Ratchet
H-R9000,8-Track Tape,CXA-413-0,CXA-413,Recording Lever
H-R99,8-Track Tape,CXA-413-0,CXA-413,Recording Lever
H-R9000,8-Track Tape,CXA-431-0,CXA-431,Dial Pointer
H-R9000,8-Track Tape,CXA-433-0,CXA-433,Sub Panel
H-R9000,8-Track Tape,CXA-434-0,CXA-434,Lamp Holder Assembly
H-R99,8-Track Tape,CXA-434-0,CXA-434,Lamp Holder Assembly
H-R9000,8-Track Tape,CXA-439-0,CXA-439,Dial Pulley A
H-R9000,8-Track Tape,CXA-440-0,CXA-440,Dial Pulley B
H-R9000,8-Track Tape,CXA-441-A,CXA-441,Tuning Shaft Assembly
H-R9000,8-Track Tape,CXA-447-0,CXA-447,Program Selector Assembly
H-R99,8-Track Tape,CXA-447-0,CXA-447,Program Selector Assembly
H-R99,8-Track Tape,CXA-503-0,CXA-503,Sub Panel
H-R9000,8-Track Tape,CXA-525-0,CXA-525,Bottom Cover
H-R99,8-Track Tape,CXA-525-0,CXA-525,Bottom Cover
H-22,8-Track Tape,CXA-526-0,CXA-526,Taoe Guide Assembly
H-22,8-Track Tape,CXA-528-0,CXA-528,Head Holder Assembly
H-22,8-Track Tape,CXA-529-0,CXA-529,Cam Assembly - Program Selector
H-22,8-Track Tape,CXA-531-0,CXA-531,Head Base Assembly
H-22,8-Track Tape,CXA-532-0,CXA-532,Pressure Roller Assembly
H-R99,8-Track Tape,CXA-533-A,CXA-533,Switch Lever Assembly
H-22,8-Track Tape,CXA-717-0,CXA-717,Escutcheon Assembly
H-22,8-Track Tape,CXA-719-0,CXA-719,Motor Pulley
H-R100,8-Track Tape,CXA-781-0,CXA-781,LAMP SELECTOR ASSEMBLY
H-R100,8-Track Tape,CXA-866-0,CXA-866,FRONT GRILLE
H-R100,8-Track Tape,CXA-868-0,CXA-868,RECORDING LEVER
H-R9000,8-Track Tape,CXM-013-0,CXM-013,Motor Unit
H-R99,8-Track Tape,CXM-013-0,CXM-013,Motor Unit
H-22,8-Track Tape,CXM-019-0,CXM-019,Motor
H-R100,8-Track Tape,CXM-020-0,CXM-020,Motor
H-R99,8-Track Tape,CXM-020,CXM-020,MOTOR #112-75 (per pioneerelectronics.com)
H-R100,8-Track Tape,CXP-009-B,CXP-009,Solenoid
H-R9000,8-Track Tape,CXP-009-0,CXP-009,Solenoid
H-R99,8-Track Tape,CXP-009-0,CXP-009,Solenoid
H-22,8-Track Tape,CXP-010-0,CXP-010,Solenoid Assembly - Channel Selector
H-22,8-Track Tape,CXP-011-0,CXP-011,Solenoid Unit - Channel Selector
SX-6000,Receiver,D11 -002 B,D11 -002 B,AC Power Cord
QA-800,Integrated Amplifier,D11-002-B,D11-002,AC power cord
QA-800A,Integrated Amplifier,D11-002-B,D11-002,AC power cord (FVW)
QC-800,Pre-Amplifier,D11-002-B,D11-002,AC power cord
QC-800A,Pre-Amplifier,D11-002-B,D11-002,AC power cord
QL-600,Integrated Amplifier,D11-002-B,D11-002,AC Power Cord
QL-600A,Integrated Amplifier,D11-002-B,D11-002,AC power cord - FVW
QM-800,Amplifier,D11-002-B,D11-002,AC power cord
QM-800A,Amplifier,D11-002-B,D11-002,AC power cord
QX-4000,Receiver,D11-002-B,D11-002,AC power cord
QX-646,Receiver,D11-002-B,D11-002,AC power cord (FW model)
SA-1000,Integrated Amplifier,D11-002-B,D11-002,AC cord (FVW model)
SA-600,Integrated Amplifier,D11-002-B,D11-002,AC cord (FVW)
SA-800,Integrated Amplifier,D11-002-B,D11-002,AC Power cord
SX-626 (1973),Receiver,D11-002-B,D11-002,AC power cord    FW
SX-828,Receiver,D11-002-B,D11-002,AC power cord (FVZW)
SX-828,Receiver,D11-002-B,D11-002,AC power cord (FW)
CT-F6161,Cassette Tape,D11-003-E,D11-003,AC power cord  (KCU model)
CT-F7171,Cassette Tape,D11-003-E,D11-003,AC power cord  (KCU Model)
CT-F9191,Cassette Tape,D11-003,D11-003,AC power cord (KCU model)
PL-A25,Turntable,D11-003-C,D11-003,Power cable
QT-6100,Reel To Reel Tape,D11-003-E,D11-003,AC power cord
QT-6600,Reel To Reel Tape,D11-003-E,D11-003,Power cord
QT-74,Reel To Reel Tape,D11-003-E,D11-003,Power cord
QX-8000,Receiver,D11-003-E,D11-003,AC Power Cord
RT-1011L,Reel To Reel Tape,D11-003-E,D11-003,Power cord (KU model)
SA-1000,Integrated Amplifier,D11-003-E,D11-003,AC cord (KUW model)
SA-500A,Integrated Amplifier,D11-003-E,D11-003,AC Power Cord
SA-600,Integrated Amplifier,D11-003-E,D11-003,AC cord (with plug)
SA-800,Integrated Amplifier,D11-003-E,D11-003,AC Power cord (KUW/KCW)
SD-1000,Other,D11-003-B,D11-003,Power cord W. UL plug
SX-2500,Receiver,D11-003-E,D11-003,A.C Power Cord
SX-424,Receiver,D11-003-E,D11-003,AC power cord
SX-525,Receiver,D11-003-E,D11-003,AC power cord
SX-626 (1971),Receiver,D11-003-E,D11-003,AC power cord
SX-626 (1973),Receiver,D11-003-E,D11-003,"AC power cord    KUW, KCW"
SX-727,Receiver,D11-003-E,D11-003,AC power cord
SX-828,Receiver,D11-003-E,D11-003,AC power cord (KUW)
PL-A25,Turntable,D11-604-B,D11-604,Shield wire
QA-800,Integrated Amplifier,D51-003-B,D51-003,Connection cord (white)
QC-800,Pre-Amplifier,D51-003-B,D51-003,Connection cord (white)
QL-600,Integrated Amplifier,D51-003-A,D51-003,Connection Cord (white)
QM-800,Amplifier,D51-003-B,D51-003,Connection cord (white)
SA-1000,Integrated Amplifier,D51-003-B,D51-003,Connection cord (White)
SA-500A,Integrated Amplifier,D51-003-B,D51-003,Connection Cord (white)
SA-600,Integrated Amplifier,D51-003-B,D51-003,Cord (with pin plug)
SA-800,Integrated Amplifier,D51-003-B,D51-003,Connection cord (white)
SD-1000,Other,D51-003-B,D51-003,Cord W. pin plug (White)
SD-1100,Other,D51-003-B,D51-003,Connection cord (White)
TX-800,Tuner,D51-003,D51-003,CORD
QA-800,Integrated Amplifier,D51-004-B,D51-004,Connection cord (red)
QC-800,Pre-Amplifier,D51-004-B,D51-004,Connection cord (red)
QL-600,Integrated Amplifier,D51-004-A,D51-004,Connection Cord (red)
QM-800,Amplifier,D51-004-B,D51-004,Connection cord (red)
SA-1000,Integrated Amplifier,D51-004-B,D51-004,Connection cord (Red)
SA-500A,Integrated Amplifier,D51-004-B,D51-004,Connection Cord (red)
SA-600,Integrated Amplifier,D51-004-B,D51-004,Cord (with pin plug)
SA-800,Integrated Amplifier,D51-004-B,D51-004,Connection cord (red)
SD-1000,Other,D51-004-B,D51-004,Cord W. pin plug (Red)
SD-1100,Other,D51-004-B,D51-004,Connection cord (Red)
TX-800,Tuner,D51-004,D51-004,CORD
H-R9000,8-Track Tape,D52-013-0,D52-013,Antenna Cord
QX-4000,Receiver,D52-013-0,D52-013,FM T-type antenna
QX-646,Receiver,D52-013-0,D52-013,FM T-type antenna
QX-747,Receiver,D52-013-0,D52-013,FM T-type antenna
QX-8000,Receiver,D52-013-0,D52-013,FM T-type Antenna
QX-8000A,Receiver,D52-013-0,D52-013,FM T-type antenna
QX-949,Receiver,D52-013-0,D52-013,FM T-type antenna
QX-9900,Receiver,D52-013-0,D52-013,FM T-type antenna
SX-2500,Receiver,D52-013-O,D52-013,FM Indoor Antenna
SX-424,Receiver,D52-013-0,D52-013,FM T-type antenna
SX-525,Receiver,D52-013-0,D52-013,FM T-type antenna
SX-6000,Receiver,D52-013-0,D52-013,FM Indoor Antenna
SX-626 (1971),Receiver,D52-013-0,D52-013,FM T-type antenna
SX-727,Receiver,D52-013-0,D52-013,FM T-type antenna
SX-828,Receiver,D52-013-0,D52-013,FM T-type antenna
TX-6200,Tuner,D52-013-0,D52-013,FM T-type antenna
TX-7100,Tuner,D52-013-0,D52-013,FM T-type antenna
TX-8100,Tuner,D52-013-0,D52-013,FM T-type antenna
TX-9100,Tuner,D52-013-0,D52-013,FM T-type antenna
QX-8000,Receiver,D53-002-A,D53-002,AM Lead Antenna
SX-2500,Receiver,D53-002-A,D53-002,AM Indoor Anlerlna
QT-6600,Reel To Reel Tape,D53-851-0,D53-851,Connection cord
RT-1020L,Reel To Reel Tape,D53-851-0,D53-851,Connection cord
PL-25/F,Turntable,D54-003-C,D54-003,Power cable
PL-50,Turntable,D54-009-0,D54-009,Power cable
PL-12E,Turntable,D54-015-0,D54-015,AC cord
PL-12E,Turntable,D54-015-0,D54-015,Output cord
PL-12E,Turntable,D54-015-0,D54-015,Output Cord
PL-12E,Turntable,D54-015-D,D54-015,Metal plate
PL-A35,Turntable,D54-015-B,D54-015,Output cable
SX-626 (1973),Receiver,D54-019-0,D54-019,AC power cord    NBW
PL-25/F,Turntable,D54-613-B,D54-613,Output cable
PL-50,Turntable,D54-613-B,D54-613,Output cable
PL-A25,Turntable,D54-613-A,D54-613,Output cable
QX-646,Receiver,E-21-022-0,E-21-022,Fuse 1A (Protection - FW model)
A-27,Integrated Amplifier,E11-024,E11-024,Vinyl bag
C-21,Pre-Amplifier,E11-024,E11-024,Vinyl bag
PL-12E,Turntable,E11-024-0,E11-024,Vinyl bag
PL-51,Turntable,E11-024-0,E11-024,Vinyl bag
PL-51A,Turntable,E11-024-0,E11-024,Vinyl bag
SA-9500II,Integrated Amplifier,E11-024,E11-024,Vinyl bag
SX-680/690,Receiver,E11-024,E11-024,Vinyl pouch
TX-6500II,Tuner,E11-024,E11-024,Vinyl bag
TX-8500II,Tuner,E11-024,E11-024,Vinyl bag
A-27,Integrated Amplifier,E11-033,E11-033,Vinyl pouch (for fuses) - S
A-27,Integrated Amplifier,E11-033,E11-033,Vinyl pouch (for fuses) - S/G
F-28,Tuner,E11-033,E11-033,Vinyl pouch (for fuse - S/G)
SA-9500II,Integrated Amplifier,E11-033,E11-033,Vinyl pouch (for fuse) - S
SX-880/890,Receiver,E11-033,E11-033,Vinyl pouch (for fuses)  SX-880/S
SX-880/890,Receiver,E11-033,E11-033,Vinyl pouch (for fuses)  SX-880/SG
TX-6500II,Tuner,E11-033,E11-033,Vinyl pouch (S)
TX-8500II,Tuner,E11-033,E11-033,Vinyl pouch - S
QL-600,Integrated Amplifier,E11-034-A,E11-034,Vinyl Bag
SD-1000,Other,E11-034-A,E11-034,Vinyl bag
SX-2500,Receiver,E11-060-O,E11-060,Accessory Pans kit (A-5)
SX-2500,Receiver,E11-075-O,E11-075,Accessory Parts kit (B-9)
PL-15D,Turntable,E11-125-A,E11-125,Screw driver
PL-A35,Turntable,E11-125-A,E11-125,Screwdriver
PL-A45,Turntable,E11-125-A,E11-125,Screwdriver
PL-A45D,Turntable,E11-125-A,E11-125,Screwdriver
PL-A505,Turntable,E11-125-0,E11-125,Dirver
QT-6100,Reel To Reel Tape,E17-401-0,E17-401,Take-up pulley (A) assembly
QT-6600,Reel To Reel Tape,E17-401-0,E17-401,Take-up pulley (A) assembly
QT-6100,Reel To Reel Tape,E17-402-0,E17-402,Take-up pulley (B) assembly
QT-6600,Reel To Reel Tape,E17-402-0,E17-402,Takevup pulley (B) assembly
QT-6100,Reel To Reel Tape,E17-403-0,E17-403,Reel mount base assembly
QT-6100,Reel To Reel Tape,E17-403-0,E17-403,Reel mount base assembly
QT-6600,Reel To Reel Tape,E17-403-0,E17-403,Fleel mount base assembly
QT-6600,Reel To Reel Tape,E17-403-0,E17-403,Reel mount base assembly
QT-6100,Reel To Reel Tape,E17-408-0,E17-408,Reel mount pulley assembly
QT-6100,Reel To Reel Tape,E17-408-0,E17-408,Reel mount pulley assembly
QT-6600,Reel To Reel Tape,E17-408-0,E17-408,Reel mount pulley assembly
QT-6600,Reel To Reel Tape,E17-408-0,E17-408,Reel mount pulley assembly
QT-6100,Reel To Reel Tape,E17-409-0,E17-409,Pinch arm raising metal (B)
QT-6600,Reel To Reel Tape,E17-409-0,E17-409,Pinch arm raising metal (B) assembly
QT-74,Reel To Reel Tape,E17-409-0,E17-409,Pinch arm raising metal (A) assembly
QT-6100,Reel To Reel Tape,E17-414-0,E17-414,Foot ass'y
T-8800,Reel To Reel Tape,E17-421,E17-421,REEL BASE ASSY (A)
T-8800,Reel To Reel Tape,E17-428,E17-428,BUTTON(STOP ASSY)
T-8800,Reel To Reel Tape,E17-430,E17-430,BUTTON(REVERSE PLAY ASSY)
T-8800,Reel To Reel Tape,E17-431,E17-431,BUTTON(FORWARD PLAY ASSY)
T-8800,Reel To Reel Tape,E17-432,E17-432,BUTTON(FAST FORWARD)
T-3300,Cassette Tape,E17-434,E17-434,CASSETTE COVER ASSY
T-3300,Cassette Tape,E17-435,E17-435,REEL BASE (A) AS
T-3300,Cassette Tape,E17-436,E17-436,REEL BASE (B) ASSY
T-3300,Cassette Tape,E17-440,E17-440,BUTTON(POWER)
T-8800,Reel To Reel Tape,E17-449,E17-449,SWITCH(PAUSE ASSY)
QT-6100,Reel To Reel Tape,E17-452-0,E17-452,Flywheel ass'y
QT-6600,Reel To Reel Tape,E17-452-0,E17-452,Flywheel assembly
QT-74,Reel To Reel Tape,E17-452-0,E17-452,Flywheel assembly
QT-6100,Reel To Reel Tape,E17-511-0,E17-511,Pinch roller ass‘y
QT-6600,Reel To Reel Tape,E17-511-0,E17-511,Pinch roller assembly
QT-74,Reel To Reel Tape,E17-511-0,E17-511,Pinch roller assembly
T-6100,Reel To Reel Tape,E17-511,E17-511,PINCH ROLLER ASSY
T-6600,Reel To Reel Tape,E17-511,E17-511,PINCH ROLLER ASSY
QT-6600,Reel To Reel Tape,E17-512-0,E17-512,Speed selector cam assembly
QT-74,Reel To Reel Tape,E17-512-0,E17-512,Speed selector cam assembly
QA-800,Integrated Amplifier,E21 -0060,E21 -0060,Fuse 3A
SX-6000,Receiver,E21 -022-0,E21 -022,Fuse 3A
SA-8100,Integrated Amplifier,E21 -033-0,E21 -033,Fuse 1A for protection   KUW model
SA-8100,Integrated Amplifier,E21 -033-0,E21 -033,Fuse 1A for protection   KUW model
SA-8100,Integrated Amplifier,E21 -033-0,E21 -033,Fuse 1A for protection   KUW model
SX-424,Receiver,E21 -033-0,E21 -033,Fuse 1A (KUW)
QX-949,Receiver,E21 -034-A,E21 -034,Fuse 1A (protection)
SA-8100,Integrated Amplifier,E21 -034-A,E21 -034,Fuse 1A for protection   FVW model
QX-949,Receiver,E21 -036-A,E21 -036,Fuse 3A (protection)
SX-434,Receiver,E21 -036-A,E21 -036,"Fuse  3A (protection - KCU,FV)"
QL-600,Integrated Amplifier,E21-004-C,E21-004,Fuse 1A
QL-600A,Integrated Amplifier,E21-004-0,E21-004,Fuse 1A - FVW
QT-6600,Reel To Reel Tape,E21-004-0,E21-004,1A fuse
QX-4000,Receiver,E21-004-0,E21-004,Fuse 1A
QX-646,Receiver,E21-004-0,E21-004,Fuse 1A (AC power - FW model)
RT-1020L,Reel To Reel Tape,E21-004-A,E21-004,1A fuse
SA-500,Integrated Amplifier,E21-004-O,E21-004,Fuse 1A
SA-500A,Integrated Amplifier,E21-004-A,E21-004,Fuse 1A (FV)
SA-500A,Integrated Amplifier,E21-004-A,E21-004,Fuse 1A (KC)
SA-600,Integrated Amplifier,E21-004-0,E21-004,1A fuse (FVW)
SA-700,Integrated Amplifier,E21-004-0,E21-004,Fuse 1A
SA-800,Integrated Amplifier,E21-004-0,E21-004,Fuse 1A
SD-1000,Other,E21-004-A,E21-004,Fuse 1A
SD-1000,Other,E21-004-O,E21-004,"Fuse, 1A"
SD-1100,Other,E21-004-0,E21-004,Fuse 1A
SX-424,Receiver,E21-004-0,E21-004,Fuse 1A (FVZW)
SX-440,Receiver,E21-004-0,E21-004,Fuse 1A
SX-700T,Receiver,E21-004-0,E21-004,Fuse 1A
SX-990,Receiver,E21-004-0,E21-004,Fuse 1A
QL-600A,Integrated Amplifier,E21-005-0,E21-005,Fuse 2A for protection - FVW
QM-800,Amplifier,E21-005-0,E21-005,Fuse 2A
QM-800A,Amplifier,E21-005-0,E21-005,Fuse 2A
QX-4000,Receiver,E21-005-0,E21-005,Fuse 2A
SA-600,Integrated Amplifier,E21-005-O,E21-005,2A fuse (KCW)
SA-700,Integrated Amplifier,E21-005-0,E21-005,Fuse 2A
SX-1000TA (Later),Receiver,E21-005-0,E21-005,Fuse 2A
SX-440,Receiver,E21-005-0,E21-005,Fuse 2A
QA-800A,Integrated Amplifier,E21-006-0,E21-006,Fuse 3A
QX-8000,Receiver,E21-006-0,E21-006,Fuse 3A
SA-1000,Integrated Amplifier,E21-006-O,E21-006,3A fuse (FVW model)
SA-800,Integrated Amplifier,E21-006-0,E21-006,Fuse 3A (KUW)
SA-900,Integrated Amplifier,E21-006-0,E21-006,Fuse 3A
SX-1000TD,Receiver,E21-006-0,E21-006,3A Fuse
SX-1000TW,Receiver,E21-006-0,E21-006,3A Fuse
SX-1500T,Receiver,E21-006-0,E21-006,3A Fuse
SX-1500TD,Receiver,E21-006-0,E21-006,Fuse 3A
SX-6000,Receiver,E21-006-0,E21-006,Fuse 3A
SX-727,Receiver,E21-006-0,E21-006,Fuse 3A
SX-828,Receiver,E21-006-0,E21-006,Fuse 3A (FVZW)
SX-828,Receiver,E21-006-0,E21-006,Fuse 3A (FW)
SX-9000,Receiver,E21-006-0,E21-006,Fuse 3A
QL-600,Integrated Amplifier,E21-007-0,E21-007,Fuse 0.5A
QL-600A,Integrated Amplifier,E21-007-0,E21-007,Fuse 0.5A - FVW
SA-500,Integrated Amplifier,E21-007-O,E21-007,Fuse 0.5A
SD-1000,Other,E21-007-O,E21-007,Fuse 0.5A
SD-1100,Other,E21-007-0,E21-007,Fuse 0.5A
SX-440,Receiver,E21-007-0,E21-007,Fuse 0.5A
QA-800,Integrated Amplifier,E21-012-0,E21-012,Fuse 1.5A
QA-800A,Integrated Amplifier,E21-012-0,E21-012,Fuse 1.5A
QX-8000,Receiver,E21-012-0,E21-012,Fuse l.5A
SA-1000,Integrated Amplifier,E21-012-O,E21-012,1.5A fuse (FVW model)
SA-900,Integrated Amplifier,E21-012-0,E21-012,Fuse 1.5A
SX-1000TD,Receiver,E21-012-0,E21-012,1.5A Fuse
SX-1000TW,Receiver,E21-012-0,E21-012,1.5A Fuse
SX-1500T,Receiver,E21-012-0,E21-012,1.5A Fuse
SX-1500TD,Receiver,E21-012-0,E21-012,Fuse 1.5A
SX-2500,Receiver,E21-012-O,E21-012,Fuse 1.5A
SX-6000,Receiver,E21-012-0,E21-012,Fuse 1.5A
SX-727,Receiver,E21-012-0,E21-012,"Fuse 1.5A (FVZW, FW)"
SX-828,Receiver,E21-012-0,E21-012,Fuse 3A (FVZW)
SX-828,Receiver,E21-012-0,E21-012,Fuse 3A (FW)
SX-9000,Receiver,E21-012-0,E21-012,Fuse l.5A
QM-800,Amplifier,E21-014-0,E21-014,Fuse 4A
QM-800A,Amplifier,E21-014-0,E21-014,Fuse 4A
QC-800,Pre-Amplifier,E21-016-0,E21-016,Fuse 0.2A
QC-800A,Pre-Amplifier,E21-016-0,E21-016,Fuse 0.2A
SR-202W,Reverb,E21-016-0,E21-016,Fuse 0.2A
QC-800,Pre-Amplifier,E21-017-0,E21-017,Fuse 0.3A
QC-800A,Pre-Amplifier,E21-017-0,E21-017,Fuse 0.3A
SX-727,Receiver,E21-019-A,E21-019,Fuse 0.5A for protection
SX-828,Receiver,E21-019-A,E21-019,Fuse 0.5A for protection
QA-800,Integrated Amplifier,E21-020-0,E21-020,Fuse 1A for protection
QA-800A,Integrated Amplifier,E21-020-0,E21-020,Fuse 1A for protection
QC-800,Pre-Amplifier,E21-020-0,E21-020,Fuse for protection (1A)
QC-800A,Pre-Amplifier,E21-020-0,E21-020,Fuse 1A for protection
QM-800,Amplifier,E21-020-0,E21-020,Fuse 1A for protection
QM-800A,Amplifier,E21-020-0,E21-020,Fuse 1A for protection
QX-4000,Receiver,E21-020-0,E21-020,Fuse 1A for protection
QX-646,Receiver,E21-020-0,E21-020,Fuse 1A (Protection - FW model)
SA-1000,Integrated Amplifier,E21-020-O,E21-020,Fuse 1A (FVW model)
SA-500A,Integrated Amplifier,E21-020-0,E21-020,Fuse 1A for Protection (FV)
SA-500A,Integrated Amplifier,E21-020-O,E21-020,Fuse 1A for Protection (KC)
SA-600,Integrated Amplifier,E21-020-0,E21-020,1A fuse (with lead wire - FVW)
SA-600,Integrated Amplifier,E21-020-O,E21-020,1A fuse (with the lead wire - KCW)
SA-800,Integrated Amplifier,E21-020-0,E21-020,"Fuse 1A, for protection"
QX-8000A,Receiver,E21-021-0,E21-021,Fuse 3A
SA-1000,Integrated Amplifier,E21-021-O,E21-021,3A fuse (KUW model)
SA-8100,Integrated Amplifier,E21-021 -0,E21-021 ,Fuse 3A
SX-727,Receiver,E21-021-0,E21-021,Fuse 3A
SX-828,Receiver,E21-021-0,E21-021,Fuse 3A (KUW)
TX-7100,Tuner,E21-021-0,E21-021,Fuse 3A (protection - KUW model)
TX-8100,Tuner,E21-021-0,E21-021,Fuse 3A (Protection - KUW model)
TX-9100,Tuner,E21-021-0,E21-021,Fuse 3A (protection) (KUW model)
QX-4000,Receiver,E21-022-0,E21-022,Fuse 3A for protection
QX-646,Receiver,E21-022-0,E21-022,Fuse 3A (Protection - FW model)
QX-8000,Receiver,E21-022-0,E21-022,Fuse 3A
SX-424,Receiver,E21-022-0,E21-022,Fuse 3A for protection
SX-525,Receiver,E21-022-0,E21-022,Fuse 3A for protection
SX-727,Receiver,E21-022-0,E21-022,Fuse 3A for protection
SX-828,Receiver,E21-022-A,E21-022,Fuse 3A for protection
QL-600,Integrated Amplifier,E21-026-0,E21-026,Fuse 2A for Protection
SA-500A,Integrated Amplifier,E21-026-0,E21-026,Fuse 2A for Protection (FV)
SA-500A,Integrated Amplifier,E21-026-O,E21-026,Fuse 2A for Protection (KC)
SA-600,Integrated Amplifier,E21-026-O,E21-026,2A fuse (with the lead wire - KCW)
SX-525,Receiver,E21-026-0,E21-026,Fuse 2A for protection
QL-600A,Integrated Amplifier,E21-027-0,E21-027,Fuse 2A for protection (KLW)
QX-646,Receiver,E21-027-0,E21-027,Fuse 2A (AC power - KUW model)
SA-600,Integrated Amplifier,E21-027-0,E21-027,2A fuse for UL (KUW)
SA-7100,Integrated Amplifier,E21-027-0,E21-027,Fuse 2A for KUW model
SA-800,Integrated Amplifier,E21-027-0,E21-027,Fuse 2A (KUW)
SX-525,Receiver,E21-027-0,E21-027,Fuse 2A
SX-626 (1971),Receiver,E21-027-0,E21-027,Fuse 2A
SX-770,Receiver,E21-027-0,E21-027,Fuse 2A
QL-600A,Integrated Amplifier,E21-028-0,E21-028,Fuse 0.5A for protection
SA-5200,Integrated Amplifier,E21-028-0,E21-028,Fuse 0.5A (protection) (KU model)
TX-9100,Tuner,E21-028-0,E21-028,Fuse 0.5A (protection) (KUW model)
TX-9100,Tuner,E21-028-0,E21-028,Fuse 0.5A (protection) (KUW model)
TX-9100,Tuner,E21-028-0,E21-028,Fuse 0.5A (protectlon) (KUW model)
TX-9100,Tuner,E21-0280,E21-0280,Fuse 0.5A (protection) (KUW model)
PL-51A,Turntable,E21-030-0,E21-030,Fuse 0.3A (Wired in type)
PL-71,Turntable,E21-030-0,E21-030,Fuse 0.3A
QD-210,Other,E21-030,E21-030,FUSE(.3 AMPS)
SX-737,Receiver,E21-031-0,E21-031,Fuse 1A (protection - GN)
QC-800,Pre-Amplifier,E21-032-0,E21-032,Fuse for protection (0.3A)
QC-800A,Pre-Amplifier,E21-032-0,E21-032,Fuse 0.3A for protection
QL-600A,Integrated Amplifier,E21-033-0,E21-033,Fuse 1A
SA-500A,Integrated Amplifier,E21-033-O,E21-033,Fuse 1A (KU)
SA-5200,Integrated Amplifier,E21-033-0,E21-033,"Fuse 1Ą (AC power, protection) (KU model)"
SA-7100,Integrated Amplifier,E21-033-0,E21-033,Fuse 1A for KUW model
SA-9100,Integrated Amplifier,E21-033-0,E21-033,Fuse 1A (protection) for KUW model
TX-6200,Tuner,E21-033-A,E21-033,Fuse (Primary) KU model 1A (UL)
TX-7100,Tuner,E21-033-0,E21-033,Fuse 1A (AC power - KUW model)
TX-7100,Tuner,E21-033-0,E21-033,Fuse 1A (protection - KUW model)
TX-7100,Tuner,E21-033-0,E21-033,Fuse 1A (protection - KUW model)
TX-8100,Tuner,E21-033-0,E21-033,Fuse 1A (AC power - KUW model)
TX-8100,Tuner,E21-033-0,E21-033,Fuse 1A (protection - KUW model)
TX-8100,Tuner,E21-033-0,E21-033,Fuse 1A (protection - KUW model)
TX-9100,Tuner,E21-033-0,E21-033,Fuse 1A (AC power) (KUW model)
Exclusive M3,Amplifier,E21-034-A,E21-034,Fuse 1A (protection)
SA-5200,Integrated Amplifier,E21-034-A,E21-034,Fuse 1A (AC power) (FV model)
SA-7100,Integrated Amplifier,E21-034-A,E21-034,Fuse 1A for protection for FVW model
SA-9100,Integrated Amplifier,E21-034-A,E21-034,Fuse 1A (Protection) for FVW model
SX-434,Receiver,E21-034-A,E21-034,Fuse  1A (protection FV)
TX-7100,Tuner,E21-034-A,E21-034,Fuse 1A (AC power - KCW model)
TX-7100,Tuner,E21-034-A,E21-034,"Fuse 1A (protection - FVZW, FW model)"
TX-7100,Tuner,E21-034-A,E21-034,"Fuse 1A (protection - FVZW, FW model)"
TX-8100,Tuner,E21-034-A,E21-034,"Fuse 1A (AC power - FVZW, FW model)"
TX-8100,Tuner,E21-034-A,E21-034,Fuse 1A (AC power - KCW model)
TX-8100,Tuner,E21-034-A,E21-034,"Fuse 1A (protection - FVZW, FW model)"
TX-8100,Tuner,E21-034-A,E21-034,"Fuse 1A (protection - FVZW, FW model)"
TX-9100,Tuner,E21-034-A,E21-034,"Fuse 1A (AC power) (FVZW, FW model)"
TX-9100,Tuner,E21-034-A,E21-034,Fuse 1A (AC power) (KCW model)
QA-800,Integrated Amplifier,E21-035-A,E21-035,Fuse 2A for protection
QA-800A,Integrated Amplifier,E21-035-A,E21-035,Fuse 2A for protection
QX-8000,Receiver,E21-035-A,E21-035,Fuse 2A
QX-8000A,Receiver,E21-035-A,E21-035,Fuse 2A for protection
SA-600,Integrated Amplifier,E21-035-0,E21-035,2A fuse for protection
SX-626 (1971),Receiver,E21-035-A,E21-035,Fuse 2A for protection
SX-434,Receiver,E21-036-A,E21-036,Fuse  3A (protection - FV)
SX-434,Receiver,E21-036-A,E21-036,Fuse  3A (protection - FV)
SX-434,Receiver,E21-036-A,E21-036,Fuse  3A (protection - FV)
SX-434,Receiver,E21-036-A,E21-036,"Fuse  3A (protection - KCU,FV)"
SX-434,Receiver,E21-036-A,E21-036,"Fuse 3A (protection - KCU,FV)"
TX-7100,Tuner,E21-036-0,E21-036,"Fuse 3A (protection - FVZW, FW model)"
TX-8100,Tuner,E21-036-A,E21-036,"Fuse 3A (protection - FVZW, FW model)"
TX-9100,Tuner,E21-036-A,E21-036,"Fuse 3A (protection) (FVZW, FW model)"
H-R9000,8-Track Tape,E21-606-0,E21-606,"Fuse, 1 .5A"
H-R9000,8-Track Tape,E21-606-0,E21-606,"Fuse, 1.5A"
H-R9000,8-Track Tape,E21-606-0,E21-606,"Fuse, 1.5A"
H-R99,8-Track Tape,E22 617-A,E22 617,Lamp (Program Indicator)
QX-8000,Receiver,E22-002-0,E22-002,Pilot Lamp for Tuning and Signal Meters
QX-8000A,Receiver,E22-002-0,E22-002,Pilot lamp for meter
SD-1000,Other,E22-002-O,E22-002,"Pilot lamp (screwed), 8V 150mA"
SX-1000TA (Later),Receiver,E22-002-0,E22-002,Pilot Lamp 8V
SX-1500TD,Receiver,E22-002-0,E22-002,"Pilot Lamp 8V, 0.15A"
SX-2500,Receiver,E22-002-0,E22-002,Pilot Lamp for Meter
SX-6000,Receiver,E22-002-0,E22-002,Pilot Lamp for Tuning and Signal Meters
SX-700T,Receiver,E22-002-0,E22-002,Pilot Lamp
SX-9000,Receiver,E22-002-0,E22-002,Pilot Lamp for Signal Meter (8V l50mA)
SX-990,Receiver,E22-002-0,E22-002,Pilot Lamp (for Tuning Meter)
QX-8000A,Receiver,E22-0020,E22-0020,Pilot lamp for meter
SA-500,Integrated Amplifier,E22-006-O,E22-006,Pilot Lamp
SA-900,Integrated Amplifier,E22-006-0,E22-006,Pilot Lamp
SX-1000TD,Receiver,E22-006-0,E22-006,Pilot Lamp 6.3V 150mA
SX-1000TW,Receiver,E22-006-0,E22-006,Pilot Lamp 6.3V 150mA
SX-1500T,Receiver,E22-006-0,E22-006,Pilot Lamp 6.3V 150mA
SX-1000TA (Later),Receiver,E22-011-A,E22-011,Pilot Lamp for FM Stereo
SX-1000TD,Receiver,E22-011-A,E22-011,Pilot Lamp for FM stereo
SX-1000TW,Receiver,E22-011-0,E22-011,Pilot lamp for FM Stereo
SX-1500T,Receiver,E22-011-A,E22-011,Pilot lamp for FM stereo
SX-700T,Receiver,E22-011-0,E22-011,Pilot Lamp for FM Stereo
SX-1000TA (Later),Receiver,E22-012-0,E22-012,Pilot Lamp
SX-440,Receiver,E22-012-0,E22-012,Pilot Lamp
SR-202W,Reverb,E22-013-0,E22-013,Pilot Lamp
SX-1000TD,Receiver,E22-013-0,E22-013,Pilot Lamp 6.3V 250mA
SX-1000TW,Receiver,E22-013-0,E22-013,Pilot Lamp 6.3V 250mA
SX-1500T,Receiver,E22-013-0,E22-013,Pilot Lamp 6.3V 250mA
SX-2500,Receiver,E22-015-A,E22-015,Pilot Lamp for STEREO STATION Indicator
SX-440,Receiver,E22-015-0,E22-015,Pilot Lamp
SX-6000,Receiver,E22-015-C,E22-015,Pilot Lamp for FM Stereo Indicator
SX-770,Receiver,E22-015-A,E22-015,Pilot Lamp (for FM Stereo)
H-R9000,8-Track Tape,E22-017-0,E22-017,Pilot Lamp
H-R9000,8-Track Tape,E22-017-0,E22-017,Pilot Lamp (Dial indicator)
H-R9000,8-Track Tape,E22-017-0,E22-017,Pilot Lamp (Dial indicator)
H-R9000,8-Track Tape,E22-017-0,E22-017,Pilot Lamp (Dial Indicator)
H-R9000,8-Track Tape,E22-017-0,E22-017,Pilot Lamp (Tuning Meter)
H-R99,8-Track Tape,E22-017-0,E22-017,Lamp (Level Meter Indicator)
H-R99,8-Track Tape,E22-017-0,E22-017,Lamp (Level Meter indicator)
QD-240,Other,E22-017,E22-017,LAMP(METER) 8V .3A
QL-600,Integrated Amplifier,E22-017-0,E22-017,Pilot Lamp for Level Meter
QL-600A,Integrated Amplifier,E22-017-0,E22-017,Pilot lamp for level meter
QM-800,Amplifier,E22-017-0,E22-017,Pilot lamp
QM-800A,Amplifier,E22-017-0,E22-017,Pilot lamp
QX-8000,Receiver,E22-017-0,E22-017,Pilot Lamp for Dial Glass
QX-8000A,Receiver,E22-017-0,E22-017,Pilot lamp for dial scale
QX-8000A,Receiver,E22-017-0,E22-017,Pilot lamp for dial scale
QX-8000A,Receiver,E22-017-0,E22-017,Pilot lamp for dial scale
QX-8000A,Receiver,E22-017-0,E22-017,Pilot lamp for dial scale
QX-8000A,Receiver,E22-017-0,E22-017,Pilot lamp for dial scale
QX-949,Receiver,E22-017-0,E22-017,Pilot lamp 8V 0.3A (dial scale)
SX-1500TD,Receiver,E22-017-0,E22-017,Pilot Lamp 8V. 0.3A
SX-424,Receiver,E22-017-0,E22-017,Pilot lamp for dial scale
SX-525,Receiver,E22-017-A,E22-017,Pilot lamp for dial scale and signal meter
SX-6000,Receiver,E22-017-0,E22-017,Pilot Lamp for Dial Glass
SX-626 (1971),Receiver,E22-017-0,E22-017,Pilot lamp for dial scale and signal meter
SX-626 (1973),Receiver,E22-017-0,E22-017,"Pilot lamp 8V, 0.3A (dial scale)"
SX-626 (1973),Receiver,E22-017-0,E22-017,"Pilot lamp 8V, 0.3A (meter)"
SX-727,Receiver,E22-017-0,E22-017,Pilot lamp for dial scale
SX-770,Receiver,E22-017-0,E22-017,Pilot Lamp (for Dial Glass)
SX-828,Receiver,E22-017-0,E22-017,Pilot lamp for dial scale
SX-9000,Receiver,E22-017-0,E22-017,Pilot Lamp for Dial Board
SX-990,Receiver,E22-017-0,E22-017,Pilot Lamp (for Dial Glass)
SX-9000,Receiver,E22-018-A,E22-018,Pilot lamp for Program Indicator
TX-700,Tuner,E22-018,E22-018,PILOT LAMP
QA-800,Integrated Amplifier,E22-020-0,E22-020,Pilot lamp
QA-800A,Integrated Amplifier,E22-020-0,E22-020,Pilot lamp
QC-800,Pre-Amplifier,E22-020-0,E22-020,Pilot lamp
QC-800A,Pre-Amplifier,E22-020-0,E22-020,Pilot lamp
SA-1000,Integrated Amplifier,E22-020-O,E22-020,Swan type pilot lamp
SA-600,Integrated Amplifier,E22-020-0,E22-020,Pilot lamp
SA-800,Integrated Amplifier,E22-020-0,E22-020,Pilot lamp
SX-770,Receiver,E22-020-0,E22-020,Pilot Lamp (for Tuning Meter)
SA-700,Integrated Amplifier,E22-021-0,E22-021,Pilot Lamp
SX-1500TD,Receiver,E22-021-0,E22-021,Pilot Lamp 8V. 0.25A
SX-2500,Receiver,E22-021-0,E22-021,Pilot Lamp for Dual Glass
SX-990,Receiver,E22-021-0,E22-021,Pilot Lama (for Selector Position FM Stereo indicator)
QX-8000,Receiver,E22-025-0,E22-025,Pilot Lamp for Program Indicator
SX-2500,Receiver,E22-025-0,E22-025,Pilot Lamp for Program lndicator
SX-6000,Receiver,E22-025-0,E22-025,Pilot Lamp for Program Indicator
TX-800,Tuner,E22-025,E22-025,PILOT LAMP
SA-500A,Integrated Amplifier,E22-026-O,E22-026,Pilot Lamp
SX-9000,Receiver,E22-026-0,E22-026,Pilot Lamp for Reverb (8V 250mA)
SX-2500,Receiver,E22-029-0,E22-029,Pilot Limp for AUTO TUNING Button
SX-9000,Receiver,E22-029-Q,E22-029,Pilot Lamp for Stereo Indicator
SX-9000,Receiver,E22-030-B,E22-030,Pilot Lamp Ass'y for Tone Color
SX-9000,Receiver,E22-031-0,E22-031,Plilot Lamp Ass'y for Dial Pointer
TX-900,Tuner,E22-031,E22-031,PILOT LAMP(DIAL POINTER)
QX-646,Receiver,E22-032-0,E22-032,Lamp (Signal meter)
QX-646,Receiver,E22-032-0,E22-032,Pilot lamp (Dial scale and signal meter)
QX-747,Receiver,E22-032-0,E22-032,Pilot lamp 8V 0.3A (dial scale)
QX-747,Receiver,E22-032-0,E22-032,"Pilot lamp 8V, 0.3A"
QX-747,Receiver,E22-032-0,E22-032,"Pilot lamp 8V, 0.3A"
QX-747,Receiver,E22-032-0,E22-032,"Pilot lamp 8V, 0.3A"
QX-747,Receiver,E22-032-0,E22-032,"Pilot lamp 8V, 0.3A"
QX-747,Receiver,E22-032-0,E22-032,"Pilot lamp 8V, 0.3A"
QX-747A,Receiver,E22-032,E22-032,"Lamp 8V, 300mA, bar type (Dial illumination)"
QX-949A,Receiver,E22-032,E22-032,"Lamp 8V, 300mA, bar type (Dial illumination)"
QX-9900,Receiver,E22-032-0,E22-032,Pilot lamp
QX-9900,Receiver,E22-032-0,E22-032,Pilot lamp
QX-9900,Receiver,E22-032-0,E22-032,Pilot lamp
QX-9900,Receiver,E22-032-0,E22-032,Pilot lamp for dial scale and meter
SX-1010,Receiver,E22-032-0,E22-032,"Pilot lamp 8V, 0.3A (dial scale)"
SX-434,Receiver,E22-032-0,E22-032,"Pilot lamp 8V, 0.3A (dial scale)"
SX-434,Receiver,E22-032-0,E22-032,"Pilot lamp 8V, 0.3A (meter)"
SX-535,Receiver,E22-032-0,E22-032,Lamp - dial scale 8V 300mA
SX-535,Receiver,E22-032-0,E22-032,Lamp - signal & tuning meter 8V 300mA
SX-535,Receiver,E22-032-0,E22-032,"Pilot lamp 8V, 0.3A (dial scale)"
SX-535,Receiver,E22-032-0,E22-032,"Pilot lamp 8V, 0.3A (meter)"
SX-636,Receiver,E22-032-0,E22-032,"Pilot lamp 8V, 0.3A (dial scale)"
SX-636,Receiver,E22-032-0,E22-032,"Pilot lamp 8V, 0.3A (meter)"
SX-727,Receiver,E22-032-0,E22-032,Pilot lamp for meter
SX-737,Receiver,E22-032-0,E22-032,"Pilot lamp 8V, 0.3A (dial scale)"
SX-737,Receiver,E22-032-0,E22-032,"Pilot lamp 8V, 0.3A (meter & dial scale]"
SX-828,Receiver,E22-032-0,E22-032,Pilot lamp for meter
SX-939,Receiver,E22-032-0,E22-032,"Pilot lamp 8V, 0.3A (dial scale]"
TX-5300,Tuner,E22-032-0,E22-032,"Lamp 8V, 300mA, dial scale (PL3-4) bar type"
TX-7100,Tuner,E22-032-0,E22-032,Pilot lamp (dial scale)
TX-8100,Tuner,E22-032-0,E22-032,Pilot lamp (dial scale)
TX-9100,Tuner,E22-032-0,E22-032,Pilot lamp (for dial scale)
QT-2100,8-Track Tape,E22-607,E22-607,IND LAMP
PL-50,Turntable,E22-609-A,E22-609,Lamp
H-R9000,8-Track Tape,E22-617-0,E22-617,Indicator Lamp
H-R99,8-Track Tape,E22-617-A,E22-617,Lamp (End Indicator)
H-R99,8-Track Tape,E22-617-A,E22-617,Lamp (Program Indicator)
H-R99,8-Track Tape,E22-617-A,E22-617,Lamp (Program Indicator)
H-R99,8-Track Tape,E22-617-A,E22-617,Lamp (Program Indicator)
QT-6100,Reel To Reel Tape,E22-851-B,E22-851,Pilot lamp
QT-6600,Reel To Reel Tape,E22-851-B,E22-851,Pilot lamp
QT-6600,Reel To Reel Tape,E22-851-B,E22-851,Pilot lamp (push button)
QT-74,Reel To Reel Tape,E22-851-B,E22-851,Pilot lamp
T-6100,Reel To Reel Tape,E22-851,E22-851,PILOT LAMP
T-6600,Reel To Reel Tape,E22-851,E22-851,PILOT LAMP
T-8800,Reel To Reel Tape,E22-851,E22-851,PILOT LAMP
T-3300,Cassette Tape,E22-854,E22-854,PILOT LAMP
T-6100,Reel To Reel Tape,E22-854,E22-854,PILOT LAMP
T-6600,Reel To Reel Tape,E22-854,E22-854,PILOT LAMP
SX-2500,Receiver,E31-064-B,E31-064,Dlal Sping
SX-700T,Receiver,E31-065-0,E31-065,Dial Spring
SX-1000TD,Receiver,E31-066-A,E31-066,Dial Spring
SX-1000TW,Receiver,E31-066-A,E31-066,Dual Spring
SX-1500T,Receiver,E31-066-A,E31-066,Diat Spring
SX-9000,Receiver,E31-145-A,E31-145,Packing
PL-12E,Turntable,E31-147-0,E31-147,Foot
PL-15D,Turntable,E31-147-0,E31-147,Feet
PL-A45,Turntable,E31-147-0,E31-147,Foot
PL-A45D,Turntable,E31-147-0,E31-147,Foot
SX-2500,Receiver,E31-151-O,E31-151,Rubber Cushion
SX-2500,Receiver,E31-152-O,E31-152,Rubber Cushion
PL-50,Turntable,E31-163-A,E31-163,Rubber mat
PL-A35,Turntable,E31-166-A,E31-166,Rubber mat
PL-A45,Turntable,E31-173-A,E31-173,Rubber cushion
PL-50,Turntable,E31-604-0,E31-604,Packing (rubber)
PL-12DII,Turntable,E31-605-A,E31-605,Rubber cushion
PL-12E,Turntable,E31-605-A,E31-605,Rubber grommet
PL-25/F,Turntable,E31-605-A,E31-605,Anti vibration rubber
PL-A35,Turntable,E31-605-A,E31-605,Rubber cushion
PL-A45,Turntable,E31-605-A,E31-605,Rubber cushion
PL-A45D,Turntable,E31-605-A,E31-605,Rubber cushion
PL-12DII,Turntable,E31-606-B,E31-606,Rubber mat
PL-12E,Turntable,E31-606-B,E31-606,Rubber mat
PL-12E,Turntable,E31-606-B,E31-606,Rubber mat
PL-15D,Turntable,E31-606-A,E31-606,Rubber mat
PL-15D,Turntable,E31-606-B,E31-606,Rubber mat
PL-25/F,Turntable,E31-606-B,E31-606,Rubber mat
PL-A25,Turntable,E31-695-0,E31-695,Cushion (B)
PL-50,Turntable,E31-698-0,E31-698,Shaft rubber
PL-50,Turntable,E31-699-0,E31-699,Rubber ring
PL-50,Turntable,E31-700-0,E31-700,Belt
PL-50,Turntable,E31-701-0,E31-701,Rubber washer
PL-A25,Turntable,E31-709-0,E31-709,Cushion (A)
H-R9000,8-Track Tape,E31-727-A,E31-727,Lamp Holder
H-R99,8-Track Tape,E31-727-A,E31-727,Lamp Holder
PL-A25,Turntable,E31-736-A,E31-736,Packing (rubber)
PL-A35,Turntable,E31-736-A,E31-736,Rubber cushion 1
PL-A45,Turntable,E31-736-A,E31-736,Rubber cushion
PL-A45D,Turntable,E31-736-A,E31-736,Rubber cushion
PL-A25,Turntable,E31-737-B,E31-737,Rubber mat
PL-A25,Turntable,E31-742-B,E31-742,Sleeve vinyl
PL-A25,Turntable,E31-743-0,E31-743,Rubber grommet (A)
PL-A35,Turntable,E31-743-0,E31-743,Rubber grommet (A)
PL-A45,Turntable,E31-743-0,E31-743,Rubber grommet (A)
PL-A45D,Turntable,E31-743-A,E31-743,Rubber grommet (A)
PL-A25,Turntable,E31-744-0,E31-744,Rubber grommet (B)
PL-A35,Turntable,E31-744-0,E31-744,Rubber grommet (B)
PL-A45,Turntable,E31-744-0,E31-744,Rubber grommet (B)
PL-A45,Turntable,E31-744-0,E31-744,Rubber grommet (B)
PL-A45D,Turntable,E31-744-0,E31-744,Rubber grommet (B)
PL-A45D,Turntable,E31-744-0,E31-744,Rubber grommet (B)
PL-A505,Turntable,E31-744-0,E31-744,Rubber bush
PL-50,Turntable,E31-750-0,E31-750,Rubber grommet (B)
PL-A25,Turntable,E31-754-0,E31-754,Anti vibration rubber grommet (A)
PL-A25,Turntable,E31-755-0,E31-755,Anti vibration rubber grommet (B)
PL-A25,Turntable,E31-761-0,E31-761,Anti vibration rubber (A)
PL-A25,Turntable,E31-762-0,E31-762,Anti vibration rubber (B)
PL-A25,Turntable,E31-774-0,E31-774,Anti vibration rubber grommet
PL-A35,Turntable,E31-774-0,E31-774,Rubber grommet (B)
PL-50,Turntable,E31-775-0,E31-775,Rubber foot (A)
PL-50,Turntable,E31-776-0,E31-776,Rubber foot (B)
QT-6100,Reel To Reel Tape,E31-851-0,E31-851,Grommet
QT-6600,Reel To Reel Tape,E31-851-0,E31-851,Grommet
QT-74,Reel To Reel Tape,E31-851-0,E31-851,Motor cushion
QT-6100,Reel To Reel Tape,E31-854-B,E31-854,Oil shielding washer (A)
QT-6600,Reel To Reel Tape,E31-856,E31-856,REEL CAP
QT-6100,Reel To Reel Tape,E31-857-0,E31-857,Oil shielding washer (B)
QT-6100,Reel To Reel Tape,E31-857-0,E31-857,Oil shielding Washer (B)
QT-6600,Reel To Reel Tape,E31-857-0,E31-857,Oil shielding washer (B)
QT-6600,Reel To Reel Tape,E31-857-0,E31-857,Oil shielding washer (B)
CT-F7171,Cassette Tape,E32-004-0,E32-004,Plastic washer
SX-2500,Receiver,E32-016-O,E32-016,Cord Band
SX-2500,Receiver,E32-022-B,E32-022,Smooth Nylon
SR-202W,Reverb,E32-031-B,E32-031,Arm
TX-7100,Tuner,E32-034-0,E32-034,Vinyl bag
TX-8100,Tuner,E32-034-0,E32-034,Vinyl bag
CT-F6262,Cassette Tape,E32-045,E32-045,Insulator bush
CT-F7171,Cassette Tape,E32-045-0,E32-045,Plastic spacer
QT-6100,Reel To Reel Tape,E32-045-0,E32-045,Insulator washer
QT-6600,Reel To Reel Tape,E32-045-0,E32-045,Insulator washer
QT-74,Reel To Reel Tape,E32-045-0,E32-045,Insulator washer
QX-9900,Receiver,E32-045-0,E32-045,Insulating spacer
RT-1011L,Reel To Reel Tape,E32-045-0,E32-045,Insulate washer
RT-1020L,Reel To Reel Tape,E32-045-0,E32-045,Insulate Washer
SA-9900,Integrated Amplifier,E32-045-A,E32-045,Washer (insulator)
SD-1100,Other,E32-045-0,E32-045,Insulator
SX-535,Receiver,E32-045-A,E32-045,Insulator bush
SX-636,Receiver,E32-045-A,E32-045,Special washer (insulator)
SX-737,Receiver,E32-045-0,E32-045,Spacer (insulator)
H-R9000,8-Track Tape,E32-056-0,E32-056,Cord Stopper
H-R99,8-Track Tape,E32-056-0,E32-056,Cord Stopper
PL-12DII,Turntable,E32-056-0,E32-056,Cord stopper
PL-12E,Turntable,E32-056-0,E32-056,Cord stopper
PL-15D,Turntable,E32-056-0,E32-056,Stopper
PL-500,Turntable,E32-056,E32-056,Strain relief
PL-51,Turntable,E32-056-0,E32-056,Power cord grommet
PL-51A,Turntable,E32-056-0,E32-056,Power cord grommet
PL-55/55D,Turntable,E32-056-0,E32-056,Cord stopper
PL-600/600X,Turntable,E32-056,E32-056,Strain relief (PL-600)
PL-71,Turntable,E32-056-0,E32-056,Power cord grommet
PL-A35,Turntable,E32-056-0,E32-056,Cable cramp
PL-A45,Turntable,E32-056-0,E32-056,AC cord grommet
PL-A45D,Turntable,E32-056-0,E32-056,AC cord grommet
PL-A505,Turntable,E32-056-0,E32-056,Cord stopper
PL-L1000,Turntable,E32-056,E32-056,Strain relief (S/G)
QT-6100,Reel To Reel Tape,E32-056-0,E32-056,AC cord stopper
QT-6600,Reel To Reel Tape,E32-056-0,E32-056,Cord stopper
QT-74,Reel To Reel Tape,E32-056-0,E32-056,Power cord grommet
QX-4000,Receiver,E32-056-0,E32-056,AC cord stopper
QX-9900,Receiver,E32-056-0,E32-056,AC cord stopper
SA-7100,Integrated Amplifier,E32-056-0,E32-056,AC cord stopper
SD-1100,Other,E32-056-0,E32-056,AC cord stopper
PL-A25,Turntable,E32-070-A,E32-070,Cam lever
SD-1100,Other,E32-079-A,E32-079,Push switch spacer
SD-1100,Other,E32-079-A,E32-079,Push switch spacer
TX-6200,Tuner,E32-079-0,E32-079,AC cord stopper
CT-F6161,Cassette Tape,E32-478-0,E32-478,Nylon washer 3.20x8øx 0.5t mm
H-R9000,8-Track Tape,E32-603-A,E32-603,Guide Pole
H-R99,8-Track Tape,E32-603-A,E32-603,Guide Pole
H-R9000,8-Track Tape,E32-656-0,E32-656,Tape Protector
H-R99,8-Track Tape,E32-656-0,E32-656,Tape Protector
PL-A25,Turntable,E32-685-0,E32-685,Switch cover
PL-A25,Turntable,E32-687-0,E32-687,Plastic cover
H-R9000,8-Track Tape,E32-718-0,E32-718,Guide Roller
H-R99,8-Track Tape,E32-718-0,E32-718,Guide Roller
PL-15D,Turntable,E33-001-0,E33-001,Buffer
PL-A35,Turntable,E33-001-0,E33-001,Rubber cushion
PL-A45D,Turntable,E33-001-0,E33-001,Buffer
PL-A505,Turntable,E33-001-0,E33-001,Buffer
QX-4000,Receiver,E33-009-B,E33-009,Polishing cloth
QX-646,Receiver,E33-009-B,E33-009,Polishing cloth
QX-9900,Receiver,E33-009-B,E33-009,Polishing cloth
SA-5200,Integrated Amplifier,E33-009-B,E33-009,Polyshing cloth
SD-1100,Other,E33-009-B,E33-009,Polishing cloth
TX-7100,Tuner,E33-009-B,E33-009,Polishing cloth
TX-8100,Tuner,E33-009-8,E33-009,Polishing cloth
QT-6600,Reel To Reel Tape,E33-427-0,E33-427,Cloth
QT-74,Reel To Reel Tape,E33-427-0,E33-427,Cloth
PL-12E,Turntable,E33-625-0,E33-625,Buffer
PL-12E,Turntable,E33-625-0,E33-625,Buffer
PL-12E,Turntable,E33-625-0,E33-625,Buffer
PL-12E,Turntable,E33-625-0,E33-625,Buffer
PL-A45,Turntable,E33-625-0,E33-625,Buffer
RT-1011L,Reel To Reel Tape,E33-856-0,E33-856,Cleaning ribbon
RT-1020L,Reel To Reel Tape,E33-856-0,E33-856,Head cleaning ribbon
CT-F6262,Cassette Tape,E34-004,E34-004,Insulator washer
QT-6100,Reel To Reel Tape,E34-004-0,E34-004,insulator washer
QT-6600,Reel To Reel Tape,E34-004-0,E34-004,Insulator washer
QT-74,Reel To Reel Tape,E34-004-0,E34-004,Insulator washer
QX-9900,Receiver,E34-004-0,E34-004,Insulator washer
RT-1011L,Reel To Reel Tape,E34-004-0,E34-004,lnsulate washer
RT-1020L,Reel To Reel Tape,E34-004-0,E34-004,Insulate washer
SA-9900,Integrated Amplifier,E34-004-D,E34-004,Washer (insulator)
SX-535,Receiver,E34-004-0,E34-004,Insulator washer
SX-636,Receiver,E34-004-0,E34-004,Washer (insulator)
QT-6100,Reel To Reel Tape,E34-402-A,E34-402,Light-shielding plate
QT-6100,Reel To Reel Tape,E34-404-0,E34-404,M3 Spring washer
QT-6600,Reel To Reel Tape,E34-404-0,E34-404,Switch cover
QT-74,Reel To Reel Tape,E34-404-0,E34-404,Switch cover
QT-74,Reel To Reel Tape,E34-852-0,E34-852,Mask (A)
QT-74,Reel To Reel Tape,E34-852-0,E34-852,Shading plate (A)
QT-74,Reel To Reel Tape,E34-853-0,E34-853,Shading plate (B)
QT-6600,Reel To Reel Tape,E35-407-A,E35-407,Claw washer
QT-74,Reel To Reel Tape,E35-407-A,E35-407,Claw washer
H-R9000,8-Track Tape,E36-618-0,E36-618,Polyethylene Bag for Accessones
H-R99,8-Track Tape,E36-620-0,E36-620,Polyethylene Bag (for Set)
SX-1000TA (Later),Receiver,E41-002-0,E41-002,Dial spring
PL-500,Turntable,E91-006,E91-006,Fuse holder
RT-909,Reel To Reel Tape,EDG-022,EDG-022,Power cord
PL-630,Turntable,EE-SME3B,EE-SME3B,Photo coupler
SX-550,Receiver,Ell-033,Ell-033,Vinyl bag (S)
A-66X,Integrated Amplifier,FBT40P080FZK,FBT40P080FZK,Screw (4 x 8)
CT-F950,Cassette Tape,FIP 5D 8,FIP 5D 8,Fluorescent indicator tube
CT-F900,Cassette Tape,FIP 5D8,FIP 5D8,Fluorescent indicator tube (TAPE COUNTER)
RT-909,Reel To Reel Tape,FlP5D8,FlP5D8,Flourescent indicactor tube
SA-500A,Integrated Amplifier,FR2-02,FR2-02,Diode
SA-500A,Integrated Amplifier,FR2-02,FR2-02,Diode
H-R100,8-Track Tape,G00-533-B,G00-533,"Diode, FR2-02"
H-R99,8-Track Tape,G00-535-B,G00-535,"Diode, FR-2-02"
PL-600/600X,Turntable,GL-2PR1,GL-2PR1,LED
PL-L1000,Turntable,GL-2PR1,GL-2PR1,LED
PL-630,Turntable,GL-9PG2,GL-9PG2,LED (UP/DOWN)
PL-630,Turntable,GL-9PR2,GL-9PR2,"LED (REPEAT,30/25/17CM)"
CT-F1050,Cassette Tape,GP-411B,GP-411B,Photointerruptor
SX-580/590,Receiver,GWB-101,GWB-101,Front end (SX-580/KU)
SX-680/690,Receiver,GWB-101,GWB-101,FM Front end (SX-680/KU)
SX-580/590,Receiver,GWB-102,GWB-102,Front end (SX-590/HG)
SX-580/590,Receiver,GWB-102,GWB-102,Front end (SX-590/HGW4)
SX-680/690,Receiver,GWB-102,GWB-102,FM Front end (SX-680/HG)
SX-680/690,Receiver,GWB-102,GWB-102,FM Front end (SX-680/HGW4)
SX-680/690,Receiver,GWB-103,GWB-103,FM front-end (KC/S/SG type)
TX-7800,Tuner,GWE-112,GWE-112,Tuner assembly (HG)
TX-7800,Tuner,GWE-113,GWE-113,Tuner assembly (S/SG)
SX-3900,Receiver,GWE-132,GWE-132,Tuner assembly
SX-3800,Receiver,GWE-133,GWE-133,Tuner assembly
SX-D5000,Receiver,GWE-138,GWE-138,Tuner asembly
SX-D7000,Receiver,GWE-138,GWE-138,TUNER Ass‘y
F-7,Tuner,GWE-143,GWE-143,"Tuner assembly (KU, KC)"
F-7,Tuner,GWE-145,GWE-145,Tuner assembly (HG)
SX-6,Receiver,GWE-168,GWE-168,Tuner assembly
SX-8,Receiver,GWE-178,GWE-178,Tuner assembly
TX-530L,Tuner,GWE-181,GWE-181,Tuner assembly
TX-130L,Tuner,GWE-186,GWE-186,Tuner assembly
F-90,Tuner,GWE-210,GWE-210,Tuner ass'y (KU)
F-90,Tuner,GWE-211,GWE-211,Tuner ass'y (HB)
F-90,Tuner,GWE-211,GWE-211,Tuner ass'y (HE)
SX-60,Receiver,GWE-212,GWE-212,Tuner assembly ?
SA-5500II,Integrated Amplifier,GWF-103,GWF-103,Equalizer ampliﬁer assembly
SA-8800,Integrated Amplifier,GWF-113,GWF-113,EQ assembly (KU)
SA-3000,Integrated Amplifier,GWF-114,GWF-114,Equalizer assembly
SA-7800,Integrated Amplifier,GWF-115,GWF-115,Equalizer assembly
SA-9800,Integrated Amplifier,GWF-116,GWF-116,EQ assembly
SA-8800,Integrated Amplifier,GWF-117,GWF-117,EQ assembly (S)
SA-8800,Integrated Amplifier,GWF-117,GWF-117,EQ assembly (S/G)
SA-8800,Integrated Amplifier,GWF-119,GWF-119,EQ assembly (KC)
SA-3000,Integrated Amplifier,GWF-121,GWF-121,Equalizer Assembly (KU)
SA-6800/608,Integrated Amplifier,GWF-122,GWF-122,EQ assembly
SA-5800/508,Integrated Amplifier,GWF-123,GWF-123,Equalizer assembly
SX-600L,Receiver,GWF-133,GWF-133,EQ amp assembly
SX-700L,Receiver,GWF-133,GWF-133,EQ AMP assembly
SX-600,Receiver,GWF-134,GWF-134,EQ amp assembly
SX-700,Receiver,GWF-134,GWF-134,EQ AMP assembly
SX-8,Receiver,GWF-148,GWF-148,EQ/Function assembly
A-70,Integrated Amplifier,GWF-154,GWF-154,Equalizer assembly
A-80,Integrated Amplifier,GWF-155,GWF-155,Equalizer assembly
A-88X,Integrated Amplifier,GWF-160,GWF-160,Equalizer assembly
A-77X,Integrated Amplifier,GWF-161,GWF-161,Equalizer assembly
SA-5500II,Integrated Amplifier,GWG-103,GWG-103,Tone amplifier assembly
SX-1080,Receiver,GWG-112,GWG-112,Flat amplifier assembly
SX-980,Receiver,GWG-112,GWG-112,Flat amplifier assembly
A-27,Integrated Amplifier,GWG-118,GWG-118,Volume assembly
A-27,Integrated Amplifier,GWG-119,GWG-119,Tone assembly
SA-8800,Integrated Amplifier,GWG-122,GWG-122,TC assembly (KU)
SA-7800,Integrated Amplifier,GWG-123,GWG-123,Tone amplifier assembly
SA-9800,Integrated Amplifier,GWG-124,GWG-124,TC assembly
SA-8800,Integrated Amplifier,GWG-125,GWG-125,TC assembly (KC)
SA-8800,Integrated Amplifier,GWG-125,GWG-125,TC assembly (S)
SA-8800,Integrated Amplifier,GWG-125,GWG-125,TC assembly (S/G)
SA-708,Integrated Amplifier,GWG-129,GWG-129,Control assembly
SA-708,Integrated Amplifier,GWG-130,GWG-130,Volume assembly
SA-710,Integrated Amplifier,GWG-139,GWG-139,Tone control assembly (KU Type)
SX-3900,Receiver,GWG-140,GWG-140,Tone amplifier assembly
SX-3800,Receiver,GWG-141,GWG-141,Tone control assembly
SA-710,Integrated Amplifier,GWG-142,GWG-142,Tone control assembly (HB Type)
SA-710,Integrated Amplifier,GWG-142,GWG-142,Tone control assembly (HE Type)
SX-D7000,Receiver,GWG-150,GWG-150,TONE Ass'y
SX-D5000,Receiver,GWG-151,GWG-151,Tone assembly
A-7,Integrated Amplifier,GWG-152,GWG-152,Tone control assembly
A-8,Integrated Amplifier,GWG-152,GWG-152,Tone control assembly
A-9,Integrated Amplifier,GWG-154,GWG-154,Tone control assembly
SX-6,Receiver,GWG-160,GWG-160,Tone control assembly
SX-7,Receiver,GWG-160,GWG-160,Tone control assembly
A-60,Integrated Amplifier,GWG-179,GWG-179,Control ass'y
A-80,Integrated Amplifier,GWG-183,GWG-183,Tone control assembly
A-88X,Integrated Amplifier,GWG-186,GWG-186,Tone assembly
SA-9800,Integrated Amplifier,GWH -120,GWH -120,PA-R assembly
SX-650,Receiver,GWH-101,GWH-101,Power amplifier assembly 1
SA-5500II,Integrated Amplifier,GWH-103,GWH-103,Power amplifier assembly
SX-1980,Receiver,GWH-109,GWH-109,Power amplifier L assembly
SX-1980,Receiver,GWH-110,GWH-110,Power amplifier R assembly
SA-8800,Integrated Amplifier,GWH-115,GWH-115,PA assembly (KU)
SA-3000,Integrated Amplifier,GWH-116,GWH-116,"Power amp assembly L (HE, HB)"
SA-3000,Integrated Amplifier,GWH-117,GWH-117,"Power amp assembly R (HE, HB)"
SA-7800,Integrated Amplifier,GWH-118,GWH-118,Power amplifier assembly
SA-9800,Integrated Amplifier,GWH-119,GWH-119,PA-L assembly
SA-8800,Integrated Amplifier,GWH-124,GWH-124,PA assembly (KC)
SA-8800,Integrated Amplifier,GWH-124,GWH-124,PA assembly (S)
SA-8800,Integrated Amplifier,GWH-124,GWH-124,PA assembly (S/G)
SA-3000,Integrated Amplifier,GWH-131,GWH-131,Power amp assembly L (KU)
SA-3000,Integrated Amplifier,GWH-132,GWH-132,Power amp assembly R (KU)
SX-3800,Receiver,GWH-139,GWH-139,Power amplifier assembly
SX-D5000,Receiver,GWH-141,GWH-141,Power amplifier assembly (KU)
SX-D5000,Receiver,GWH-142,GWH-142,Power amplifier assembly (HG)
A-9,Integrated Amplifier,GWH-146,GWH-146,"Power amplifier assembly - S,S/G"
A-9,Integrated Amplifier,GWH-148,GWH-148,"Power amplifier assembly - HE,HB"
A-88X,Integrated Amplifier,GWH-168,GWH-168,Voltage amplification assembly
A-88X,Integrated Amplifier,GWH-169,GWH-169,Output L assembly
A-88X,Integrated Amplifier,GWH-170,GWH-170,Output R assembly
A-77X,Integrated Amplifier,GWH-171,GWH-171,Voltage amp. assembly
A-77X,Integrated Amplifier,GWH-172,GWH-172,Output (L) assembly
A-77X,Integrated Amplifier,GWH-173,GWH-173,Output (R) assembly
SA-606,Integrated Amplifier,GWK-110,GWK-110,"AF assembly (S,S/G,HG)"
SA-6700,Integrated Amplifier,GWK-111,GWK-111,AF assembly
SA-706,Integrated Amplifier,GWK-112,GWK-112,AF assembly (HG)
SA-7700,Integrated Amplifier,GWK-113,GWK-113,AF assembly (KU)
SA-706,Integrated Amplifier,GWK-115,GWK-115,"AF assembly (S,S/G)"
SA-7700,Integrated Amplifier,GWK-115,GWK-115,AF assembly (KC)
SX-780,Receiver,GWK-118,GWK-118,AF assembly
SX-880/890,Receiver,GWK-119,GWK-119,AF assembly
SA-6800/608,Integrated Amplifier,GWK-127,GWK-127,AF assembly
SA-5800/508,Integrated Amplifier,GWK-128,GWK-128,AF amp assembly
SA-708,Integrated Amplifier,GWK-130,GWK-130,AF assembly
SA-710,Integrated Amplifier,GWK-145,GWK-145,AF amplifier assembly (KU Type)
SX-3800,Receiver,GWK-146,GWK-146,Headphones jack assembly
SX-3900,Receiver,GWK-146,GWK-146,Headphones jack assembly
SA-710,Integrated Amplifier,GWK-152,GWK-152,AF amplifier assembly (HB Type)
SA-710,Integrated Amplifier,GWK-152,GWK-152,AF amplifier assembly (HE Type)
SA-420,Integrated Amplifier,GWK-174,GWK-174,AF assembly - KU
SA-420,Integrated Amplifier,GWK-176,GWK-176,AF assembly - YP
SA-420,Integrated Amplifier,GWK-177,GWK-177,AF assembly - S
A-6,Integrated Amplifier,GWK-179,GWK-179,AF assembly (KU)
A-6,Integrated Amplifier,GWK-181,GWK-181,AF assembly (HB)
A-6,Integrated Amplifier,GWK-181,GWK-181,AF assembly (HE)
SX-6,Receiver,GWK-185,GWK-185,AF assembly
SX-7,Receiver,GWK-188,GWK-188,AF assembly
SX-8,Receiver,GWK-196,GWK-196,Control assembly
A-90,Integrated Amplifier,GWK-216,GWK-216,AF assembly
A-60,Integrated Amplifier,GWK-223,GWK-223,AF ass'y - KU
A-70,Integrated Amplifier,GWK-225,GWK-225,AF assembly
SA-1040,Integrated Amplifier,GWK-228,GWK-228,AF ass'y
SA-1050,Integrated Amplifier,GWK-228,GWK-228,AF ass'y
SA-940,Integrated Amplifier,GWK-229,GWK-229,AF ass'y
SA-950,Integrated Amplifier,GWK-229,GWK-229,AF ass'y
A-60,Integrated Amplifier,GWK-231,GWK-231,AF ass'y - HB
A-60,Integrated Amplifier,GWK-231,GWK-231,AF ass'y - HE
A-60,Integrated Amplifier,GWK-231,GWK-231,AF ass'y - YP
SA-950,Integrated Amplifier,GWK-232,GWK-232,AF ass'y - HEZ
SX-60,Receiver,GWK-235,GWK-235,Power amp assembly
A-66X,Integrated Amplifier,GWK-265,GWK-265,AF assembly (HEZ)
A-66X,Integrated Amplifier,GWK-269,GWK-269,AF assembly (HB)
A-66X,Integrated Amplifier,GWK-269,GWK-269,AF assembly (HE)
SX-1980,Receiver,GWM-104,GWM-104,APC control/MIC assembly
SX-1280,Receiver,GWM-105,GWM-105,Microphone jack assembly
SX-580/590,Receiver,GWM-113,GWM-113,Tuner and AF assembly (SX-580/KU)
SX-580/590,Receiver,GWM-116,GWM-116,Tuner and AF assembly (SX-590/HG)
SX-580/590,Receiver,GWM-116,GWM-116,Tuner and AF assembly (SX-590/HGW4)
SX-680/690,Receiver,GWM-117,GWM-117,Main Board Assembly (SX-680/KU)
SX-680/690,Receiver,GWM-118,GWM-118,Main board assembly (KC type)
SX-680/690,Receiver,GWM-119,GWM-119,Main board assembly (S/SG type)
SX-680/690,Receiver,GWM-120,GWM-120,Main Board Assembly (SX-680/HG)
SX-680/690,Receiver,GWM-120,GWM-120,Main Board Assembly (SX-680/HGW4)
SG-9,Equalizer,GWM-132,GWM-132,AF amplifier assembly
SG-9800,Equalizer,GWM-132,GWM-132,AF amplifier assembly
SR-303,Reverb,GWM-133,GWM-133,Reverberation assembly
RG-2,Dynamic Range Expander,GWM-134,GWM-134,Processor assembly
TX-6800/608,Tuner,GWM-135,GWM-135,Tuner assembly
SX-3600/720,Receiver,GWM-158,GWM-158,Tuner/AF assembly
SX-3700,Receiver,GWM-159,GWM-159,Power amp/protector assembly
SX-820,Receiver,GWM-159,GWM-159,Power amp/protector assembly
SX-3700,Receiver,GWM-160,GWM-160,Tuner/AF assembly
SX-820,Receiver,GWM-160,GWM-160,Tuner/AF assembly
SX-3500,Receiver,GWM-161,GWM-161,Tuner/AF assembly
SX-3400,Receiver,GWM-163,GWM-163,Tuner/AF amplifier assembly (KU)
SX-600L,Receiver,GWM-164,GWM-164,Tuner/AF amp assembly
SX-700L,Receiver,GWM-165,GWM-165,Tuner/AF assembly
SX-600,Receiver,GWM-166,GWM-166,Tuner/AF amp assembly - YP
SX-700,Receiver,GWM-167,GWM-167,Tuner/AF assembly
SX-3400,Receiver,GWM-171,GWM-171,Tuner/AF amplifier assembly (S)
SX-600,Receiver,GWM-178,GWM-178,Tuner/AF AMP assembly - KU
A-7,Integrated Amplifier,GWM-181,GWM-181,Protection assembly (HE)
A-8,Integrated Amplifier,GWM-181,GWM-181,Protection assembly
A-7,Integrated Amplifier,GWM-182,GWM-182,Volume assembly
A-8,Integrated Amplifier,GWM-182,GWM-182,Volume assembly A
A-7,Integrated Amplifier,GWM-185,GWM-185,Function switch assembly
A-8,Integrated Amplifier,GWM-185,GWM-185,Function switch assembly
A-9,Integrated Amplifier,GWM-188,GWM-188,Function switch assembly
SX-5,Receiver,GWM-207,GWM-207,Complex assembly
SX-8,Receiver,GWM-229,GWM-229,TC/Power supply assembly
A-7,Integrated Amplifier,GWM-236,GWM-236,Protection assembly (HEZ)
SX-202,Receiver,GWM-267,GWM-267,Complex assembly
SX-50,Receiver,GWM-303,GWM-303,Complex assembly
SG-90,Equalizer,GWM-312,GWM-312,Mother board assembly
RG-60,Dynamic Range Expander,GWM-330,GWM-330,Processor assembly
TX-950,Tuner,GWM-346,GWM-346,Complex assembly - KU
TX-950,Tuner,GWM-357,GWM-357,Complex assembly - S
TX-950,Tuner,GWM-357,GWM-357,Complex assembly - S/G
TX-950,Tuner,GWM-358,GWM-358,Complex assembly - HEZ
TX-950,Tuner,GWM-358,GWM-358,Complex assembly - YP
TX-950,Tuner,GWM-364,GWM-364,Complex assembly - SS
A-90,Integrated Amplifier,GWP-121,GWP-121,Protection assembly
SX-650,Receiver,GWR-101,GWR-101,Power amplifier assembly 2
SX-1980,Receiver,GWR-106,GWR-106,Rectifier L assembly
SX-1980,Receiver,GWR-107,GWR-107,Rectifier R assembly
SX-780,Receiver,GWR-110,GWR-110,Capacitor assembly
SA-7800,Integrated Amplifier,GWR-112,GWR-112,Power supply assembly
SX-3800,Receiver,GWR-122,GWR-122,Power supply assembly
SX-D5000,Receiver,GWR-124,GWR-124,Power supply assembly (KU)
SX-D5000,Receiver,GWR-125,GWR-125,Power supply assembly (HG)
A-7,Integrated Amplifier,GWR-131,GWR-131,Capacitor assembly
A-8,Integrated Amplifier,GWR-135,GWR-135,"Power supply assembly (KU, KC)"
A-8,Integrated Amplifier,GWR-138,GWR-138,"Power supply assembly (S, S/G)"
A-7,Integrated Amplifier,GWR-139,GWR-139,Power supply assembly
A-8,Integrated Amplifier,GWR-139,GWR-139,"Power supply assembly (HE, HB)"
A-9,Integrated Amplifier,GWR-140,GWR-140,"Power supply assembly - S,S/G"
A-9,Integrated Amplifier,GWR-143,GWR-143,"Power supply assembly - HE,HB"
A-80,Integrated Amplifier,GWR-188,GWR-188,Regulator assembly
A-88X,Integrated Amplifier,GWR-203,GWR-203,Power supply assembly
SX-60,Receiver,GWR-212,GWR-212,Tuner assembly ?
A-77X,Integrated Amplifier,GWR-217,GWR-217,Power supply assembly - KU
A-77X,Integrated Amplifier,GWR-222,GWR-222,Power supply assembly - HB
A-77X,Integrated Amplifier,GWR-222,GWR-222,Power supply assembly - HE
A-77X,Integrated Amplifier,GWR-225,GWR-225,Power supply assembly - S
A-77X,Integrated Amplifier,GWR-225,GWR-225,Power supply assembly - S/G
SX-1080,Receiver,GWS-124,GWS-124,Speaker switch assembly
SX-1080,Receiver,GWS-125,GWS-125,Function and equalizer assembly
SX-980,Receiver,GWS-125,GWS-125,Function and equalizer assembly
SX-1080,Receiver,GWS-126,GWS-126,Input terminal assembly
SX-980,Receiver,GWS-126,GWS-126,Terminal assembly
SX-1080,Receiver,GWS-127,GWS-127,Input terminal essembly
SX-980,Receiver,GWS-127,GWS-127,Input terminal assembly
SX-1080,Receiver,GWS-128,GWS-128,Speaker terminal assembly
SX-1980,Receiver,GWS-129,GWS-129,Function selector assembly
SX-1980,Receiver,GWS-130,GWS-130,Cartridge load assembly
SX-980,Receiver,GWS-131,GWS-131,Speaker switch assembly
SX-980,Receiver,GWS-132,GWS-132,Speaker terminal assembly
SX-1280,Receiver,GWS-133,GWS-133,Function switch assembly
SX-1280,Receiver,GWS-134,GWS-134,Cartridge load assembly
F-28,Tuner,GWS-141,GWS-141,Switch assembly A (KU type)
F-28,Tuner,GWS-141,GWS-141,Switch assembly A (S/G type)
F-28,Tuner,GWS-142,GWS-142,Switch assembly B (KU type)
F-28,Tuner,GWS-142,GWS-142,Switch assembly B (S/G type)
A-27,Integrated Amplifier,GWS-150,GWS-150,Function assembly
A-27,Integrated Amplifier,GWS-151,GWS-151,Duplicate assembly
SA-8800,Integrated Amplifier,GWS-164,GWS-164,Filler assembly (KU)
TX-7800,Tuner,GWS-165,GWS-165,Switch assembly
TX-7800,Tuner,GWS-166,GWS-166,Switch assembly (HG)
TX-7800,Tuner,GWS-167,GWS-167,Switch assembly (S/SG)
SA-7800,Integrated Amplifier,GWS-169,GWS-169,Switch assembly 1
SA-7800,Integrated Amplifier,GWS-170,GWS-170,Switch assembly 2
SA-9800,Integrated Amplifier,GWS-171,GWS-171,Switch assembly
SA-9800,Integrated Amplifier,GWS-172,GWS-172,Tape switch assembly
SA-9800,Integrated Amplifier,GWS-176,GWS-176,Filter assembly
SA-8800,Integrated Amplifier,GWS-177,GWS-177,Filler assembly (KC)
SA-8800,Integrated Amplifier,GWS-177,GWS-177,Filler assembly (S)
SA-8800,Integrated Amplifier,GWS-177,GWS-177,Filler assembly (S/G)
SR-303,Reverb,GWS-185,GWS-185,Switch assembly
RG-2,Dynamic Range Expander,GWS-186,GWS-186,Switch assembly
TX-6800/608,Tuner,GWS-187,GWS-187,Switch assembly
TX-6800/608,Tuner,GWS-188,GWS-188,De-emphasis assembly
SA-708,Integrated Amplifier,GWS-192,GWS-192,Muting assembly
SA-708,Integrated Amplifier,GWS-194,GWS-194,Switch assembly
SA-710,Integrated Amplifier,GWS-218,GWS-218,Switch assembly - SPEAKERS (KU Type)
SA-710,Integrated Amplifier,GWS-219,GWS-219,Switch assembly - FUNCTION (KU Type)
SX-3900,Receiver,GWS-220,GWS-220,Switch assembly (LOUDNESS)
SX-3900,Receiver,GWS-221,GWS-221,"Switch assembly (FILTER, FM MUTING,BRIGHT/DIM)"
SX-3800,Receiver,GWS-222,GWS-222,Speaker Terminal Assembly
SX-3900,Receiver,GWS-222,GWS-222,Speakers terminal assembly
SX-3800,Receiver,GWS-223,GWS-223,Switch assembly (Speakers)
SX-3900,Receiver,GWS-223,GWS-223,Switch assembly (SPEAKERS)
SX-3800,Receiver,GWS-224,GWS-224,Switch assembly (Brightness)
SX-3800,Receiver,GWS-226,GWS-226,Switch assembly (Muting)
SX-3700,Receiver,GWS-233,GWS-233,Switch assembly (SPEAKERS)
SX-820,Receiver,GWS-233,GWS-233,Switch assembly
SA-710,Integrated Amplifier,GWS-234,GWS-234,Switch assembly - SPEAKERS (HB Type)
SA-710,Integrated Amplifier,GWS-234,GWS-234,Switch assembly - SPEAKERS (HE Type)
SA-710,Integrated Amplifier,GWS-235,GWS-235,Switch assembly - FUNCTION (HB Type)
SA-710,Integrated Amplifier,GWS-235,GWS-235,Switch assembly - FUNCTION (HE Type)
SX-D5000,Receiver,GWS-258,GWS-258,"Switch assembly D (ADP IN, ADP OUT, PLAY, REC, PLAY, REC)"
SX-D7000,Receiver,GWS-258,GWS-258,SWITCH Ass'y(D)
SX-D5000,Receiver,GWS-259,GWS-259,"Switch assembly A (MEMORY, TUNING UP, TUNING DOWN)"
SX-D7000,Receiver,GWS-259,GWS-259,SWITCH Ass'y (A)
SX-D5000,Receiver,GWS-260,GWS-260,"Switch assembly B (TUNING MAN/AUTO, FM 25us, FM/AM MUTE)"
SX-D7000,Receiver,GWS-260,GWS-260,SWITCH Ass'y (B)
SX-D5000,Receiver,GWS-261,GWS-261,Switch assembly C
SX-D7000,Receiver,GWS-261,GWS-261,SWITCH Ass'y (C)
SX-D7000,Receiver,GWS-262,GWS-262,SWITCH Ass’y (E)
SX-D7000,Receiver,GWS-263,GWS-263,SWITCH Ass'y (F)
SX-D7000,Receiver,GWS-264,GWS-264,SP SWITCH Ass'y
SX-D5000,Receiver,GWS-265,GWS-265,SP switch assembly
A-7,Integrated Amplifier,GWS-285,GWS-285,Muting switch assembly
A-8,Integrated Amplifier,GWS-285,GWS-285,Muting switch assembly
F-7,Tuner,GWS-301,GWS-301,Function switch assembly
A-9,Integrated Amplifier,GWS-303,GWS-303,REC selector assembly
SX-8,Receiver,GWS-392,GWS-392,Tape terminal assembly
A-70,Integrated Amplifier,GWS-438,GWS-438,Function switch assembly
RG-60,Dynamic Range Expander,GWS-497,GWS-497,"Power switch assembly - S,S/G"
A-88X,Integrated Amplifier,GWS-519,GWS-519,Function assembly
A-88X,Integrated Amplifier,GWS-520,GWS-520,Tape mode assembly
A-88X,Integrated Amplifier,GWS-521,GWS-521,Tape display assembly
A-88X,Integrated Amplifier,GWS-522,GWS-522,Muting assembly
A-77X,Integrated Amplifier,GWS-523,GWS-523,Function switch assembly
A-77X,Integrated Amplifier,GWS-524,GWS-524,Muting switch assembly
A-66X,Integrated Amplifier,GWS-576,GWS-576,Control assembly
RG-2,Dynamic Range Expander,GWV-101,GWV-101,Dynamic expansion meter assembly
SX-D7000,Receiver,GWV-102,GWV-102,POWER FL Ass'y
RG-60,Dynamic Range Expander,GWV-118,GWV-118,Dynamic expansion meter assembly
SX-580/590,Receiver,GWX -184,GWX -184,Fuse assembly (SX-590/HG)
SX-580/590,Receiver,GWX -184,GWX -184,Terminal assembly (SX-590/HG)
SX-580/590,Receiver,GWX-117,GWX-117,LED assembly (SX-590/HG)
A-27,Integrated Amplifier,GWX-137,GWX-137,Output terminal assembly - S
A-27,Integrated Amplifier,GWX-137,GWX-137,Output terminal assembly - S/G
A-27,Integrated Amplifier,GWX-138,GWX-138,Pin jack assembly - S
A-27,Integrated Amplifier,GWX-138,GWX-138,Pin jack assembly - S/G
A-27,Integrated Amplifier,GWX-139,GWX-139,Fuse holder assembly
A-27,Integrated Amplifier,GWX-140,GWX-140,Tr socket assembly A
A-27,Integrated Amplifier,GWX-141,GWX-141,Tr socket assembly B
A-27,Integrated Amplifier,GWX-142,GWX-142,Tr socket assembly C
A-27,Integrated Amplifier,GWX-143,GWX-143,Tr socket assembly D
SA-606,Integrated Amplifier,GWX-152,GWX-152,"Input terminal assembly (S,S/G,HG)"
SA-606,Integrated Amplifier,GWX-153,GWX-153,"Volume assembly (S,S/G,HG)"
SA-606,Integrated Amplifier,GWX-154,GWX-154,lnput terminal assembly
SA-6700,Integrated Amplifier,GWX-154,GWX-154,lnput terminal assembly
SA-6700,Integrated Amplifier,GWX-155,GWX-155,Volume assembly
SA-706,Integrated Amplifier,GWX-160,GWX-160,VR assembly (HG)
SA-706,Integrated Amplifier,GWX-161,GWX-161,Terminal assembly (HG)
SA-706,Integrated Amplifier,GWX-162,GWX-162,RFI switch assembly (HG)
SA-706,Integrated Amplifier,GWX-163,GWX-163,Tone & Indicator assembly (HG)
SA-7700,Integrated Amplifier,GWX-164,GWX-164,VR assembly (KU)
SA-7700,Integrated Amplifier,GWX-165,GWX-165,Terminal assembly (KU)
SA-7700,Integrated Amplifier,GWX-166,GWX-166,RFI switch assembly (KU)
SA-7700,Integrated Amplifier,GWX-167,GWX-167,Tone & indicator assembly (KU)
SA-706,Integrated Amplifier,GWX-170,GWX-170,"VR assembly (S,S/G)"
SA-7700,Integrated Amplifier,GWX-170,GWX-170,VR assembly (KC)
SA-706,Integrated Amplifier,GWX-171,GWX-171,"Terminal assembly (S,S/G)"
SA-7700,Integrated Amplifier,GWX-171,GWX-171,Terminal assembly (KC)
SA-706,Integrated Amplifier,GWX-172,GWX-172,"RFI switch assembly (S,S/G)"
SA-7700,Integrated Amplifier,GWX-172,GWX-172,RFI switch assembly (KC)
SA-706,Integrated Amplifier,GWX-173,GWX-173,"Tone & Indicator assembly (S,S/G)"
SA-7700,Integrated Amplifier,GWX-173,GWX-173,Tone & indicator assembly (KC)
SX-580/590,Receiver,GWX-177,GWX-177,LED assembly (SX-580/KU)
SX-580/590,Receiver,GWX-177,GWX-177,LED assembly (SX-590/HGW4)
SX-680/690,Receiver,GWX-177,GWX-177,Indicator assembly
SX-580/590,Receiver,GWX-178,GWX-178,Fuse assembly (SX-580/KU)
SX-680/690,Receiver,GWX-178,GWX-178,Fuse Holder Assembly (SX-680/KU)
SX-580/590,Receiver,GWX-179,GWX-179,Headphone assembly (SX-580/KU)
SX-580/590,Receiver,GWX-179,GWX-179,Headphone assembly (SX-590/HG)
SX-580/590,Receiver,GWX-179,GWX-179,Headphone assembly (SX-590/HGW4)
SX-680/690,Receiver,GWX-179,GWX-179,Phone jack assembky
SX-580/590,Receiver,GWX-180,GWX-180,De- emphasis assembly (SX-580/KU)
SX-680/690,Receiver,GWX-180,GWX-180,Deemphasis switch assembly (KU/KC type)
SX-680/690,Receiver,GWX-180,GWX-180,Deemphasis Switch Assembly (SX-680/KU)
SX-580/590,Receiver,GWX-181,GWX-181,Terminal assembly (SX-580/KU)
SX-680/690,Receiver,GWX-183,GWX-183,Deemphasis switch assembly (S/SG type)
SX-580/590,Receiver,GWX-184,GWX-184,Terminal assembly (SX-590/HGW4)
SX-580/590,Receiver,GWX-185,GWX-185,Fuse assembly (SX-590/HGW4)
SX-680/690,Receiver,GWX-186,GWX-186,Tape assembly (KU/KC type)
SX-680/690,Receiver,GWX-186,GWX-186,Tape Assembly (SX-680/KU)
SX-680/690,Receiver,GWX-187,GWX-187,Fuse holder assembly (KC type)
SX-680/690,Receiver,GWX-188,GWX-188,Tape assembly (S/SG type)
SX-680/690,Receiver,GWX-188,GWX-188,Tape Assembly (SX-680/HG)
SX-680/690,Receiver,GWX-188,GWX-188,Tape Assembly (SX-680/HGW4)
SX-680/690,Receiver,GWX-190,GWX-190,Fuse Holder Assembly (SX-680/HG)
SX-680/690,Receiver,GWX-190,GWX-190,Fuse Holder Assembly (SX-680/HGW4)
SX-780,Receiver,GWX-191,GWX-191,LED assembly
SX-780,Receiver,GWX-192,GWX-192,Headphones assembly
SX-880/890,Receiver,GWX-193,GWX-193,Meter assembly
SX-880/890,Receiver,GWX-194,GWX-194,LED assembly
SX-880/890,Receiver,GWX-195,GWX-195,Headphone jack assembly
SX-680/690,Receiver,GWX-201,GWX-201,Terminal assembly (S/SG type)
A-27,Integrated Amplifier,GWX-210,GWX-210,Headphones assembly
A-27,Integrated Amplifier,GWX-211,GWX-211,Output terminal assembly - KU
A-27,Integrated Amplifier,GWX-212,GWX-212,Pin jack assembly - KU
SA-8800,Integrated Amplifier,GWX-242,GWX-242,Terminal assembly (KU)
SA-8800,Integrated Amplifier,GWX-243,GWX-243,VR assembly (KU)
SA-8800,Integrated Amplifier,GWX-244,GWX-244,Phones jack assembly (KU)
TX-7800,Tuner,GWX-246,GWX-246,LED assembly
SA-3000,Integrated Amplifier,GWX-255,GWX-255,"Phone jack assembly (HE, HB)"
SA-9800,Integrated Amplifier,GWX-256,GWX-256,VR assembly
SA-9800,Integrated Amplifier,GWX-257,GWX-257,CR assembly
SA-7800,Integrated Amplifier,GWX-258,GWX-258,Volume assembly
SA-7800,Integrated Amplifier,GWX-259,GWX-259,Terminal assembly
SA-7800,Integrated Amplifier,GWX-260,GWX-260,Phone jack assembly
SA-9800,Integrated Amplifier,GWX-261,GWX-261,lnput terminal assembly
SA-9800,Integrated Amplifier,GWX-262,GWX-262,Tape terminal assembly
SA-3000,Integrated Amplifier,GWX-264,GWX-264,"Input Terminal Assembly (HE, HB)"
SA-8800,Integrated Amplifier,GWX-274,GWX-274,Terminal assembly (S)
SA-8800,Integrated Amplifier,GWX-274,GWX-274,Terminal assembly (S/G)
SA-8800,Integrated Amplifier,GWX-275,GWX-275,VR assembly (KC)
SA-8800,Integrated Amplifier,GWX-275,GWX-275,VR assembly (S)
SA-8800,Integrated Amplifier,GWX-275,GWX-275,VR assembly (S/G)
SA-8800,Integrated Amplifier,GWX-276,GWX-276,Phones jack assembly (KC)
SA-8800,Integrated Amplifier,GWX-276,GWX-276,Phones jack assembly (S)
SA-8800,Integrated Amplifier,GWX-276,GWX-276,Phones jack assembly (S/G)
SA-8800,Integrated Amplifier,GWX-290,GWX-290,Terminal assembly (KC)
SG-9,Equalizer,GWX-298,GWX-298,Volume assembly 1
SG-9800,Equalizer,GWX-298,GWX-298,Volume assembly 1
SG-9,Equalizer,GWX-299,GWX-299,Volume assembly 2
SG-9800,Equalizer,GWX-299,GWX-299,Volume assembly 2
SG-9800,Equalizer,GWX-300,GWX-300,LED assembly 1
SG-9800,Equalizer,GWX-301,GWX-301,LED assembly 2
SG-9800,Equalizer,GWX-302,GWX-302,LED assembly 3
SR-303,Reverb,GWX-303,GWX-303,LED assembly 1
SR-303,Reverb,GWX-304,GWX-304,LED assembly 2
RG-2,Dynamic Range Expander,GWX-305,GWX-305,Pinjack assembly
RG-2,Dynamic Range Expander,GWX-306,GWX-306,LED assembly
RG-2,Dynamic Range Expander,GWX-307,GWX-307,LED assembly
RG-2,Dynamic Range Expander,GWX-308,GWX-308,LED assembly
TX-6800/608,Tuner,GWX-308,GWX-308,LED assembly
SA-3000,Integrated Amplifier,GWX-311,GWX-311,Phone jack assembly (KU)
SA-3000,Integrated Amplifier,GWX-312,GWX-312,Input terminal assembly (KU)
SA-6800/608,Integrated Amplifier,GWX-320,GWX-320,Terminal assembly
SA-6800/608,Integrated Amplifier,GWX-321,GWX-321,Switch assembly
SA-6800/608,Integrated Amplifier,GWX-322,GWX-322,Volume assembly
SA-5800/508,Integrated Amplifier,GWX-323,GWX-323,Volume assembly
SA-5800/508,Integrated Amplifier,GWX-324,GWX-324,Headphone assembly
SA-5800/508,Integrated Amplifier,GWX-332,GWX-332,Fuse assembly
SA-708,Integrated Amplifier,GWX-333,GWX-333,Tape terminal assembly
SA-708,Integrated Amplifier,GWX-334,GWX-334,Terminal assembly
SA-708,Integrated Amplifier,GWX-335,GWX-335,SP switch assembly
SA-708,Integrated Amplifier,GWX-336,GWX-336,Headphone assembly
SA-708,Integrated Amplifier,GWX-337,GWX-337,Fuse assembly
SA-6800/608,Integrated Amplifier,GWX-344,GWX-344,Fuse assembly
SA-6800/608,Integrated Amplifier,GWX-345,GWX-345,Headphone assembly
SX-3400,Receiver,GWX-455,GWX-455,LED assembly
TX-610,Tuner,GWX-456,GWX-456,LED ASSY
SA-710,Integrated Amplifier,GWX-461,GWX-461,Volume assembly (KU Type)
SA-710,Integrated Amplifier,GWX-462,GWX-462,Headphones assembly (KU Type)
SX-3700,Receiver,GWX-463,GWX-463,Detector assembly
SX-3800,Receiver,GWX-463,GWX-463,Detector assembly
SX-3900,Receiver,GWX-463,GWX-463,Detector assembly
SX-820,Receiver,GWX-463,GWX-463,Detector assembly
SX-3500,Receiver,GWX-482,GWX-482,SP terminal assembly
SX-3600/720,Receiver,GWX-482,GWX-482,Speaker terminal assembly
SX-3500,Receiver,GWX-483,GWX-483,LED assembly A (FUNCTION)
SX-3600/720,Receiver,GWX-483,GWX-483,LED assembly (A)
SX-3500,Receiver,GWX-484,GWX-484,LED assembly B (SPEAKERS)
SX-3600/720,Receiver,GWX-484,GWX-484,LED assembly (B)
SA-710,Integrated Amplifier,GWX-487,GWX-487,Headphones assembly (HB Type)
SA-710,Integrated Amplifier,GWX-487,GWX-487,Headphones assembly (HE Type)
SA-710,Integrated Amplifier,GWX-487,GWX-487,Volume assembly (HB Type)
SA-710,Integrated Amplifier,GWX-487,GWX-487,Volume assembly (HE Type)
SA-710,Integrated Amplifier,GWX-488,GWX-488,Fuse assembly (HB Type)
SA-710,Integrated Amplifier,GWX-488,GWX-488,Fuse assembly (HE Type)
SX-3400,Receiver,GWX-495,GWX-495,"LED assembly (FM STEREO, TAPE MON - KU)"
SX-3400,Receiver,GWX-495,GWX-495,"LED assembly (FM STEREO, TAPE MON - S)"
SX-3400,Receiver,GWX-496,GWX-496,Headphones assembly (KU)
SX-3400,Receiver,GWX-496,GWX-496,Headphones assembly (S)
SX-600L,Receiver,GWX-497,GWX-497,Switch assembly
SX-600L,Receiver,GWX-498,GWX-498,Indicator assembly
SX-600L,Receiver,GWX-499,GWX-499,Fuse assembly
SX-700L,Receiver,GWX-500,GWX-500,Switch assembly
SX-700L,Receiver,GWX-501,GWX-501,Indicator assembly
SX-700L,Receiver,GWX-502,GWX-502,Fuse assembly
SX-600,Receiver,GWX-507,GWX-507,Switch assembly
SX-600,Receiver,GWX-508,GWX-508,Indicator assembly
SX-600,Receiver,GWX-509,GWX-509,Fuse assembly
SX-700,Receiver,GWX-510,GWX-510,Switch assembly
SX-700,Receiver,GWX-511,GWX-511,Indicator assembly
SX-700,Receiver,GWX-512,GWX-512,Fuse assembly
SX-D5000,Receiver,GWX-528,GWX-528,Tone VR assembly
SX-D7000,Receiver,GWX-528,GWX-528,TONE VR Ass'y
SX-D5000,Receiver,GWX-529,GWX-529,Headphones assembly
SX-D7000,Receiver,GWX-529,GWX-529,HEADPHONES Ass'y
SX-D7000,Receiver,GWX-530,GWX-530,LED Ass'y
SX-D5000,Receiver,GWX-531,GWX-531,LED assembly
A-7,Integrated Amplifier,GWX-571,GWX-571,Indicator assembly
A-8,Integrated Amplifier,GWX-571,GWX-571,"Indicator assembly (HE, HB)"
A-9,Integrated Amplifier,GWX-585,GWX-585,Indicator assembly
F-7,Tuner,GWX-590,GWX-590,Display assembly
F-7,Tuner,GWX-591,GWX-591,Station indicator assembly
A-9,Integrated Amplifier,GWX-593,GWX-593,Driver L assembly
A-9,Integrated Amplifier,GWX-594,GWX-594,Driver R assembly
A-6,Integrated Amplifier,GWX-659,GWX-659,Indicator assembly
SX-5,Receiver,GWX-706,GWX-706,Control assembly
SX-4,Receiver,GWX-717,GWX-717,Control assembly B
SX-4,Receiver,GWX-721,GWX-721,Control assembly
A-70,Integrated Amplifier,GWX-827,GWX-827,LED assembly
SX-60,Receiver,GWX-905,GWX-905,Control assembly
SX-50,Receiver,GWX-909,GWX-909,Control assembly
SG-90,Equalizer,GWX-918,GWX-918,Equalizer assembly
RG-60,Dynamic Range Expander,GWX-964,GWX-964,Pin jack asembly
A-88X,Integrated Amplifier,GWY-106,GWY-106,Pin jack assembly
A-77X,Integrated Amplifier,GWY-107,GWY-107,Pin jack assembly
A-88X,Integrated Amplifier,GWY-110,GWY-110,Volume assembly
A-77X,Integrated Amplifier,GWY-111,GWY-111,Volume assembly
QL-600,Integrated Amplifier,H11-034-C,H11-034,Protector for Packing
QL-600A,Integrated Amplifier,H11-034-0,H11-034,Styrotector
SA-500A,Integrated Amplifier,H11-038-C,H11-038,Styrotector
SX-2500,Receiver,H11-065-O,H11-065,Pad (Upper)
SX-2500,Receiver,H11-066-O,H11-066,Pad (Under)
QA-800,Integrated Amplifier,H11-070-B,H11-070,Protector for packing
QA-800A,Integrated Amplifier,H11-070-C,H11-070,Styrotector
QC-800,Pre-Amplifier,H11-070-B,H11-070,Protector for Packing
QC-800A,Pre-Amplifier,H11-070-C,H11-070,Styrotector
QM-800,Amplifier,H11-070-B,H11-070,Protector for packing
QM-800A,Amplifier,H11-070-C,H11-070,Styrotector
SA-1000,Integrated Amplifier,H11-070-B,H11-070,Styrol
SA-600,Integrated Amplifier,H11-070-B,H11-070,Styrotector
SA-7100,Integrated Amplifier,H11-070-D,H11-070,Styrotector
SA-800,Integrated Amplifier,H11-070-B,H11-070,Protector for packing
SA-9100,Integrated Amplifier,H11-070-0,H11-070,Styrotector
SD-1000,Other,H11-070-0,H11-070,STYROL
SD-1100,Other,H11-070-D,H11-070,Styrotector
TX-9100,Tuner,H11-070-C,H11-070,Styrotector (lower)
SA-1000,Integrated Amplifier,H11-078-O,H11-078,Cardboard cushion
SA-5200,Integrated Amplifier,H12-113-0,H12-113,Soft sheet-C
SA-500A,Integrated Amplifier,H12-126-A,H12-126,Soft Paper
SA-500A,Integrated Amplifier,H12-159-0,H12-159,Cardboard Spacer
SX-2500,Receiver,H14-023-O,H14-023,Packing Cloth Bag
SA-500A,Integrated Amplifier,H14-044-0,H14-044,Vinyl Bag
SX-2500,Receiver,H15-114-O,H15-114,Packing Case
RT-707,Reel To Reel Tape,H46-853,H46-853,Vinyl bag
RT-909,Reel To Reel Tape,H46-853,H46-853,Vinyl bag B
CT-F1050,Cassette Tape,H46-854,H46-854,Vinyl bag C (for fuse)
CT-F700,Cassette Tape,H46-854,H46-854,Vinyl bag (for fuse) (D type)
CT-F700,Cassette Tape,H46-854,H46-854,Vinyl bag (for fuse) (D/G type)
RT-1020L,Reel To Reel Tape,H46-856-0,H46-856,Silica gel
PL-25/F,Turntable,H51-601 -A,H51-601 ,Packing
PL-25/F,Turntable,H52-623-B,H52-623,Carton (A)
PL-25/F,Turntable,H52-623-B,H52-623,Carton (B)
PL-12DII,Turntable,H52-632-0,H52-632,Card board
PL-12E,Turntable,H52-632-0,H52-632,Cardboard
PL-15D,Turntable,H52-632-0,H52-632,Cardboard
PL-51,Turntable,H52-632-0,H52-632,Card board
PL-51A,Turntable,H52-632-0,H52-632,Card board
PL-A45,Turntable,H52-632-0,H52-632,Cardboard
PL-A45D,Turntable,H52-632-0,H52-632,Cardboard
PL-A25,Turntable,H52-647-A,H52-647,Carton box
PL-A25,Turntable,H52-647-A,H52-647,Carton box
PL-A25,Turntable,H52-647-A,H52-647,Case for turntable platter
PL-A25,Turntable,H52-647-A,H52-647,Corner packing
PL-A25,Turntable,H52-647-A,H52-647,Tonearm protector
PL-A25,Turntable,H52-647-A,H52-647,Top packing
PL-A25,Turntable,H52-647-A,H52-647,Under packing
PL-25/F,Turntable,H53-627-B,H53-627,Carton
PL-25/F,Turntable,H53-627-B,H53-627,Packing
PL-50,Turntable,H55-002-8,H55-002,Top packing
PL-50,Turntable,H55-002-8,H55-002,Under packing
PL-50,Turntable,H55-002-B,H55-002,Carton
PL-50,Turntable,H55-002-B,H55-002,Dust cover Packing
PL-50,Turntable,H55-002-B,H55-002,Packing
PL-50,Turntable,H55-002-B,H55-002,Tumtable platter packing
PL-12DII,Turntable,H56-603-0,H56-603,Vinyl bag
PL-12E,Turntable,H56-603-0,H56-603,Turntable bag
PL-15D,Turntable,H56-603-0,H56-603,Vinyl cover
PL-200/200X,Turntable,H56-603,H56-603,Vinyl bag
PL-25/F,Turntable,H56-603-0,H56-603,Wooden base cover bag
PL-500,Turntable,H56-603,H56-603,Vinyl bag
PL-500X,Turntable,H56-603,H56-603,Vinyl bag
PL-51,Turntable,H56-603-0,H56-603,Vinyl cover
PL-510,Turntable,H56-603,H56-603,Vinyl cover
PL-510S,Turntable,H56-603,H56-603,Vinyl cover
PL-516,Turntable,H56-603,H56-603,Vinyl cover
PL-51A,Turntable,H56-603-0,H56-603,Vinyl cover
PL-520,Turntable,H56-603,H56-603,Cover
PL-55X,Turntable,H56-603-0,H56-603,Vinyl bag
PL-71,Turntable,H56-603-0,H56-603,Vinyl bag
PL-A45,Turntable,H56-603-0,H56-603,Bag for unit
PL-A45D,Turntable,H56-603-0,H56-603,Bag for unit
PL-25/F,Turntable,H61-601-0,H61-601,Rubber foot
TX-710,Tuner,HA1142,HA1142,IC
RG-60,Dynamic Range Expander,HA12010,HA12010,IC(METER)
RG-9,Dynamic Range Expander,HA12010,HA12010,IC(METER)
SA-8100,Integrated Amplifier,HII-070-0,HII-070,Styrotector
TX-7100,Tuner,HII-070-0,HII-070,STYROTECTOR (LOWER)
PL-115D,Turntable,HNV-135,HNV-135,45 EP ADAPTER
PL-200X,Turntable,HNV-135,HNV-135,45 EP ADAPTER
CT-F1000,Cassette Tape,HWX-176,HWX-176,Indicator assembly
CT-F1000,Cassette Tape,HWX-181,HWX-181,Volume assembly
RT-701,Reel To Reel Tape,HXM-033,HXM-033,Capstan motor
RT-909,Reel To Reel Tape,HXX-268,HXX-268,Front panel assembly
PL-100/100X,Turntable,IPZ30P100FMC,IPZ30P100FMC,Screw
CT-F1050,Cassette Tape,JT-216,JT-216,Wired remote-contro!
SX-2500,Receiver,K11-018-0,K11-018,4P Antenna Terminal
SX-700T,Receiver,K11-018-0,K11-018,Terminal 4P
SX-9000,Receiver,K11-018-0,K11-018,4P Antenna Terminal
SX-990,Receiver,K11-018-0,K11-018,4P Antenna Terminal
QX-4000,Receiver,K11-043-0,K11-043,Antenna input terminal board
QX-646,Receiver,K11-043-D,K11-043,Antenna input terminal board
QX-8000,Receiver,K11-043-C,K11-043,Antenna Terminal
QX-8000A,Receiver,K11-043-0,K11-043,Antenna terminal board
QX-9900,Receiver,K11-043-D,K11-043,Antenna input terminal board
SX-424,Receiver,K11-043-A,K11-043,Antenna Input terminal board
SX-434,Receiver,K11-043-0,K11-043,Antenna terminal board
SX-525,Receiver,K11-043-C,K11-043,Antenna terminal board
SX-6000,Receiver,K11-043-A,K11-043,Antenna Input Terminal Board
SX-626 (1971),Receiver,K11-043-C,K11-043,Antenna terminal board
SX-626 (1973),Receiver,K11-043-0,K11-043,Antenna terminal board
SX-727,Receiver,K11-043-C,K11-043,Antenna terminal board
SX-828,Receiver,K11-043,K11-043,Antenna input terminal board
TX-6200,Tuner,K11-043-0,K11-043,Antenna input terminal board
TX-6200,Tuner,K11-043-D,K11-043,Antenna input terminal board
TX-710,Tuner,K11-043,K11-043,ANTENNA TERMINAL
TX-7100,Tuner,K11-043-D,K11-043,Antenna terminal board
TX-8100,Tuner,K11-043-0,K11-043,Antenna terminal board
TX-9100,Tuner,K11-043-0,K11-043,Antenna terminal board
H-R9000,8-Track Tape,K11-626-0,K11-626,Antenna Terminal
Exclusive M3,Amplifier,K12-002-0,K12-002,Phono jack (4 jacks)
Exclusive M3,Amplifier,K12-002-0,K12-002,Phono jack (4jacks)
PL-12E,Turntable,K13-026-A,K13-026,1 L4P lug terminal
PL-15D,Turntable,K13-026-0,K13-026,Terminal
SX-626 (1973),Receiver,K13-026-A,K13-026,"Terminal strip (1L4P)    KUW, KCW, FVZW"
QT-74,Reel To Reel Tape,K13-042-A,K13-042,Terminal strip (4P)
SX-626 (1973),Receiver,K13-043-A,K13-043,"Terminal strip (2P)    KCW. FVZW, FW, NBW"
CT-F6161,Cassette Tape,K13-047-0,K13-047,Terminal strip (4P)
CT-F7171,Cassette Tape,K13-047-0,K13-047,Terminal strip (4P)
H-R9000,8-Track Tape,K13-047-0,K13-047,Grounding Terminal
QA-800,Integrated Amplifier,K13-047-0,K13-047,4P ground terminal
QA-800A,Integrated Amplifier,K13-047-0,K13-047,4P ground terminal
QC-800,Pre-Amplifier,K13-047-0,K13-047,4P ground terminal
QC-800A,Pre-Amplifier,K13-047-0,K13-047,4P ground terminal
QL-600,Integrated Amplifier,K13-047-0,K13-047,4P Ground Terminal
QL-600A,Integrated Amplifier,K13-047-0,K13-047,4P ground terminal
QM-800,Amplifier,K13-047-0,K13-047,4P ground terminal
QM-800A,Amplifier,K13-047-0,K13-047,4P ground terminal
QX-747,Receiver,K13-047-0,K13-047,Ground terminal strip (4P)
QX-8000,Receiver,K13-047-0,K13-047,4P Ground Terminal
QX-8000A,Receiver,K13-047-0,K13-047,4P ground terminal
QX-949,Receiver,K13-047-0,K13-047,Ground terminal strip (4P)
SA-500A,Integrated Amplifier,K13-047-O,K13-047,4P Ground Terminal
SA-5200,Integrated Amplifier,K13-047-0,K13-047,4P strip lug terminal
SA-600,Integrated Amplifier,K13-047-0,K13-047,4P terminal for ground
SA-800,Integrated Amplifier,K13-047-0,K13-047,4P Ground terminal
SA-8100,Integrated Amplifier,K13-047-0,K13-047,Four-fold ground terminal
SA-9100,Integrated Amplifier,K13-047-0,K13-047,4P ground terminal
SA-9900,Integrated Amplifier,K13-047-0,K13-047,Ground terminal 4P
SX-1010,Receiver,K13-047-0,K13-047,Ground terminal strip (4P)
SX-424,Receiver,K13-047-0,K13-047,4P ground terminal
SX-434,Receiver,K13-047-0,K13-047,Ground terminal strip (4P)
SX-434,Receiver,K13-047-0,K13-047,Ground terminal strip (4P)
SX-525,Receiver,K13-047-0,K13-047,4P ground terminal
SX-535,Receiver,K13-047-0,K13-047,Ground terminal Strip (4P)
SX-6000,Receiver,K13-047-0,K13-047,4P Ground Terminal
SX-626 (1971),Receiver,K13-047-0,K13-047,4P ground terminal
SX-636,Receiver,K13-047-0,K13-047,Ground terminal strip (4P)
SX-727,Receiver,K13-047-D,K13-047,4p ground terminal
SX-737,Receiver,K13-047-0,K13-047,Ground terminal strip (4P)
SX-828,Receiver,K13-047-0,K13-047,4P ground terminal
SX-838,Receiver,K13-047-0,K13-047,Ground terminal strip
SX-939,Receiver,K13-047-0,K13-047,Ground terminal strip (4P)
TX-6200,Tuner,K13-047-0,K13-047,4P ground terminal
TX-6200,Tuner,K13-047-0,K13-047,4P ground terminal
TX-7100,Tuner,K13-047-0,K13-047,4P terminal strip
TX-8100,Tuner,K13-047-0,K13-047,4P ground terminal
TX-9100,Tuner,K13-047-0,K13-047,Ground terminal strip (4P)
TX-9100,Tuner,K13-047-0,K13-047,Ground terminal strip (4Pl
TX-9500,Tuner,K13-047-0,K13-047,Ground terminal 4P
QX-949,Receiver,K13-048-0,K13-048,Ground terminal strip (2P)
SA-8100,Integrated Amplifier,K13-048-0,K13-048,Two-fold ground terminal
SA-8100,Integrated Amplifier,K13-048-0,K13-048,Two-lold ground terminal
SA-9900,Integrated Amplifier,K13-048-0,K13-048,Ground terminal 2P
SX-1010,Receiver,K13-048-0,K13-048,Ground terminal strip (2P)
SX-535,Receiver,K13-048-0,K13-048,Ground terminal strip (2P)
SX-626 (1973),Receiver,K13-048-0,K13-048,Ground terminal strip (2P)
SX-626 (1973),Receiver,K13-048-0,K13-048,Ground terminal strip (2P)
SX-626 (1973),Receiver,K13-048-0,K13-048,Ground terminal strip (2P)
SX-626 (1973),Receiver,K13-048-0,K13-048,Ground terminal strip (2P)
SX-636,Receiver,K13-048-0,K13-048,Ground terminal strip (2P)
SX-737,Receiver,K13-048-0,K13-048,Ground terminal strip (2P)
SX-838,Receiver,K13-048-0,K13-048,Ground terminal strip (2P)
SX-939,Receiver,K13-048-0,K13-048,Ground terminal strip (2P)
TX-5300,Tuner,K13-048-0,K13-048,Ground terminal srrip (2?)
TX-7100,Tuner,K13-048-0,K13-048,2P terminal strip
TX-7100,Tuner,K13-048-0,K13-048,2P terminal strip
TX-8100,Tuner,K13-048-0,K13-048,2P lug terminal strip
TX-9500,Tuner,K13-048-0,K13-048,Ground terminal 2P
SD-1100,Other,K13-049-0,K13-049,6P lug terminal
SD-1100,Other,K13-049-0,K13-049,6P lug terminal
PL-25/F,Turntable,K13-761-0,K13-761,Terminal strip lug-type 1 L5P
PL-A25,Turntable,K13-784-0,K13-784,Terminal strip lug-type 1L6P
H-R9000,8-Track Tape,k13-806-0,k13-806,Lug Terminal. 2L2
RT-1020L,Reel To Reel Tape,K15-402-0,K15-402,Molded terminal T-type 3P
RT-1020L,Reel To Reel Tape,K15-402-0,K15-402,Molded terminal T-type 3P
PL-A25,Turntable,K16-602-0,K16-602,Cable fixer
PL-A25,Turntable,K16-602-0,K16-602,Stopper ass'y
PL-A35,Turntable,K16-602-0,K16-602,Cable cramp
PL-A45,Turntable,K16-602-0,K16-602,Cable cramp
PL-A45D,Turntable,K16-602-0,K16-602,Cable cramp
H-R9000,8-Track Tape,K16-664-0,K16-664,Lug Washer
SX-6000,Receiver,K21 -005-C,K21 -005,1P Input Terminal Board
SA-1000,Integrated Amplifier,K21-005-C,K21-005,1P input Jack
SA-700,Integrated Amplifier,K21-005-C,K21-005,Terminal 1P
SA-800,Integrated Amplifier,K21-005-C,K21-005,1P lnput terminal board
SA-900,Integrated Amplifier,K21-005-C,K21-005,Terminal 1p
SX-2500,Receiver,K21-005-C,K21-005,1P Input Terminal
SX-770,Receiver,K21-005-C,K21-005,Terminal 1P
SX-9000,Receiver,K21-005-C,K21-005,1P lnput Terminal
SX-990,Receiver,K21-005-C,K21-005,1P Input Ternminal
QL-600,Integrated Amplifier,K21-009-0,K21-009,2P Input Terminal Board
SA-900,Integrated Amplifier,K21-009-C,K21-009,Terminal 2p
SD-1000,Other,K21-009-O,K21-009,Pin jack (2P)
SD-1100,Other,K21-009-D,K21-009,2P pin jack
SX-1000TA (Later),Receiver,K21-009-0,K21-009,Terminal 2p
SX-770,Receiver,K21-009-C,K21-009,Terminal 2P
QA-800,Integrated Amplifier,K21-010-E,K21-010,4P input terminal board
QC-800,Pre-Amplifier,K21-010-E,K21-010,4P input terminal board
QM-800,Amplifier,K21-010-E,K21-010,4P input terminal board
SA-600,Integrated Amplifier,K21-010-E,K21-010,4P inputjacks
SA-700,Integrated Amplifier,K21-010-0,K21-010,Terminal 4P
SA-800,Integrated Amplifier,K21-010-E,K21-010,4P Input terminal board
SR-202W,Reverb,K21-010-C,K21-010,Terminal 4p
SX-2500,Receiver,K21-010-0,K21-010,4P Input Terminal
SX-9000,Receiver,K21-010-0,K21-010,4P Input Terminal
SA-1000,Integrated Amplifier,K21-010E,K21-010E,4P input jack
SA-500,Integrated Amplifier,K21-013-C,K21-013,Terminal 6P
QM-800A,Amplifier,K21-026-0,K21-026,Fuse 2A for protection
QX-8000,Receiver,K22-010-E,K22-010,4P Input Terminal Board
SA-900,Integrated Amplifier,K22-010-A,K22-010,Terminal 4p
SX-6000,Receiver,K22-010-E,K22-010,4P Input Terminal Board
SX-770,Receiver,K22-010-A,K22-010,Terminal 4P
SX-990,Receiver,K22-010-A,K22-010,4P Input Terminal
SA-1000,Integrated Amplifier,K22-013-0,K22-013,6P input jack
SA-600,Integrated Amplifier,K22-013-0,K22-013,6P input jacks
SA-700,Integrated Amplifier,K22-013-C,K22-013,Terminal 6P
SA-800,Integrated Amplifier,K22-013-D,K22-013,6P Input terminal board
SA-900,Integrated Amplifier,K22-013-C,K22-013,Terminal 6p
SX-1000TA (Later),Receiver,K22-013-0,K22-013,Terminal 6p
SX-2500,Receiver,K22-013-C,K22-013,6P Input Terminal
SX-700T,Receiver,K22-013-0,K22-013,Termmal 6P
SX-770,Receiver,K22-013-C,K22-013,Terminal 6P
SX-9000,Receiver,K22-013-C,K22-013,6p Input Terminal
SX-990,Receiver,K22-013-C,K22-013,6P Input Terminal
QL-600,Integrated Amplifier,K22-G13-D,K22-G13,SP Input Terminal Board
SX-2500,Receiver,K23-007-O,K23-007,7P Socket for Cds.Unit
SA-1000,Integrated Amplifier,K24-002-A,K24-002,3P socket
SA-800,Integrated Amplifier,K24-002-A,K24-002,5P Socket for MC transformer
SX-2500,Receiver,K24-002-A,K24-002,8P Socket for PP-402
SX-828,Receiver,K24-002-A,K24-002,8P socket (for MC transformer)
PL-51A,Turntable,K28-003-0,K28-003,Termmal (L-shaped)
PL-71,Turntable,K28-003-0,K28-003,Terminal (L-shaped)
PL-A45,Turntable,K28-003-0,K28-003,Terminal (A)
PL-A45D,Turntable,K28-003-0,K28-003,Terminal (A)
PL-51,Turntable,K28-005-A,K28-005,Terminal (I-shaped)
PL-55/55D,Turntable,K28-005-0,K28-005,Terminal
PL-A45,Turntable,K28-005-A,K28-005,Terminal (C)
PL-A45D,Turntable,K28-005-A,K28-005,Terminal (C)
PL-51,Turntable,K28-008-0,K28-008,Terminal (L-shaped)
PL-55/55D,Turntable,K28-008-0,K28-008,Terminal
SX-1000TA (Later),Receiver,K31-011-0,K31-011,Terminal 3p
TX-5300,Tuner,K31-013-F,K31-013,Antenna terminal board
SX-1000TD,Receiver,K31-018-0,K31-018,Power Transistor Socket
SX-1000TW,Receiver,K31-018-0,K31-018,Power Transistor Socket
SX-1500T,Receiver,K31-018-0,K31-018,Power Transistor Socket
SA-900,Integrated Amplifier,K32-007-B,K32-007,Spare A.C Outlet
QD-210,Other,K41-002,K41-002,SOCKET
QX-8000,Receiver,K41-002-B,K41-002,Pilot Lamp Socket
QX-8000A,Receiver,K41-002-B,K41-002,Pilot lamp (meter) socket
SA-500A,Integrated Amplifier,K41-002-B,K41-002,Pilot Lamp Socket
SD-1000,Other,K41-002-B,K41-002,Socket (pilot lamp)
SX-1000TA (Later),Receiver,K41-002-0,K41-002,Pilot Lamp Socket
SX-2500,Receiver,K41-002-B,K41-002,Pilot Lamp (for Meter) Socket
SX-440,Receiver,K41-002-B,K41-002,Pilot Lamp socket
SX-6000,Receiver,K41-002-B,K41-002,Pilot Lamp (for meters) Socket
SX-700T,Receiver,K41-002-0,K41-002,Pilot Lamp Socket
SX-9000,Receiver,K41-002-B,K41-002,Socket for Pilot Lemp
QA-800,Integrated Amplifier,K42-003-A,K42-003,Pilot lamp socket
QA-800A,Integrated Amplifier,K42-003-A,K42-003,Pilot lamp socket
QC-800,Pre-Amplifier,K42-003-A,K42-003,Pilot lamp socket
QC-800A,Pre-Amplifier,K42-003-A,K42-003,Pilot lamp socket
SA-1000,Integrated Amplifier,K42-003-A,K42-003,Pilot lamp socket
SA-1000,Integrated Amplifier,K42-003-A,K42-003,Swan type pilot lamp socket
SA-500,Integrated Amplifier,K42-003-O,K42-003,Pilot Lamp socket
SA-600,Integrated Amplifier,K42-003-A,K42-003,Pilot lamp socket
SA-700,Integrated Amplifier,K42-003-0,K42-003,Pilot Lamp Socket
SA-800,Integrated Amplifier,K42-003-A,K42-003,Pilot lamp socket
SA-900,Integrated Amplifier,K42-003-0,K42-003,Pilot Lamp Socket
SR-202W,Reverb,K42-003-A,K42-003,Pilot Lamp Socket
SX-1000TD,Receiver,K42-003-0,K42-003,Pilot lamp Socket
SX-1000TW,Receiver,K42-003-0,K42-003,Pilot lamp socket
SX-1500T,Receiver,K42-003-0,K42-003,Pilot lamp socket
SX-1500TD,Receiver,K42-003-A,K42-003,Pilot Lamp Socket
SX-770,Receiver,K42-003-0,K42-003,Pilot Lamp Socket
SX-990,Receiver,K42-003-0,K42-003,Pilot Lamp Socket
SX-1000TA (Later),Receiver,K54-003-0,K54-003,Concent for Speaker
H-R9000,8-Track Tape,K71 -031-0,K71 -031,Insulating Nut
SX-2500,Receiver,K71-02-O,K71-02,Short Pin Plug
SX-727,Receiver,K71-026-0,K71-026,Jumper plug
QA-800,Integrated Amplifier,K71-028-0,K71-028,Short pin plug
QX-8000,Receiver,K71-028-0,K71-028,Short Fin Plug
SX-1500TD,Receiver,K71-028-0,K71-028,Short Pin Plug
SX-6000,Receiver,K71-028-0,K71-028,Short Pin Plug
SX-9000,Receiver,K71-028-0,K71-028,Short Pin Plug
SX-2500,Receiver,K71-030-O,K71-030,8P Plug
SX-828,Receiver,K71-030-0,K71-030,8P plug
SA-600,Integrated Amplifier,K71-032-O,K71-032,Speaker plugs
SX-1000TA (Later),Receiver,K72-004-0,K72-004,Head phone jack
SX-1000TD,Receiver,K72-006-A,K72-006,Head phone jack
SX-1000TW,Receiver,K72-006-A,K72-006,Head phone jack
SX-1500T,Receiver,K72-006-A,K72-006,Head phone jack
SX-700T,Receiver,K72-006-C,K72-006,Headphone Jack
QA-800,Integrated Amplifier,K72-007-B,K72-007,Speaker plug
QA-800A,Integrated Amplifier,K72-007-B,K72-007,Speaker plug
QL-600,Integrated Amplifier,K72-007-3,K72-007,Speaker Plug
QL-600A,Integrated Amplifier,K72-007-B,K72-007,Speaker plug
QM-800,Amplifier,K72-007-B,K72-007,Speaker plug
QM-800A,Amplifier,K72-007-B,K72-007,Speaker plug
QX-4000,Receiver,K72-007-B,K72-007,Speaker plug
QX-8000,Receiver,K72-007-B,K72-007,Speaker Plug
QX-8000A,Receiver,K72-007-B,K72-007,Speaker plug
QX-9900,Receiver,K72-007-B,K72-007,Speaker plug
SA-1000,Integrated Amplifier,K72-007-B,K72-007,Speaker plug
SA-500,Integrated Amplifier,K72-007-B,K72-007,"Plug, for Speaker"
SA-500A,Integrated Amplifier,K72-007-B,K72-007,Speaker Plug
SA-800,Integrated Amplifier,K72-007-0,K72-007,Speaker Plug
SA-900,Integrated Amplifier,K72-007-B,K72-007,Speaker Plug
SX-1500TD,Receiver,K72-007-8,K72-007,Plug for Speaker
SX-424,Receiver,K72-007-B,K72-007,Speaker plug
SX-440,Receiver,K72-007-B,K72-007,Plug for Speaker
SX-525,Receiver,K72-007-B,K72-007,Speaker plug
SX-6000,Receiver,K72-007-B,K72-007,Speaker Plug
SX-626 (1971),Receiver,K72-007-B,K72-007,Speaker plug
SX-727,Receiver,K72-007-B,K72-007,Speaker plug
SX-828,Receiver,K72-007-B,K72-007,Speaker plug
QA-800,Integrated Amplifier,K72-015-A,K72-015,Pin plug
QA-800A,Integrated Amplifier,K72-015-A,K72-015,Pin plug
QC-800,Pre-Amplifier,K72-015-A,K72-015,Pin plug
QC-800A,Pre-Amplifier,K72-015-A,K72-015,Pin plug
QL-600,Integrated Amplifier,K72-015-A,K72-015,Pin Plug
QL-600A,Integrated Amplifier,K72-015-A,K72-015,Pin plug
QM-800,Amplifier,K72-015-A,K72-015,Pin plug
QM-800A,Amplifier,K72-015-A,K72-015,Pin plug
QX-4000,Receiver,K72-015-A,K72-015,Pin plug
QX-8000,Receiver,K72-015-A,K72-015,Pin Plug
QX-8000A,Receiver,K72-015-A,K72-015,Pin plug
SA-1000,Integrated Amplifier,K72-015-A,K72-015,Fin plug
SA-600,Integrated Amplifier,K72-015-A,K72-015,Pin plug
SX-1500TD,Receiver,K72-015-0,K72-015,Pin Plug
SX-424,Receiver,K72-015-A,K72-015,Pin plug
SX-6000,Receiver,K72-015-A,K72-015,Pin plug
SX-727,Receiver,K72-015-A,K72-015,Pin plug
SX-828,Receiver,K72-015-A,K72-015,Pin plug
SA-800,Integrated Amplifier,K72-018-0,K72-018,Pin Plug
QX-8000A,Receiver,K72-020-0,K72-020,Microphone jack
SA-600,Integrated Amplifier,K72-020-0,K72-020,Microphone jack
SA-6500,Integrated Amplifier,K72-020,K72-020,Mic. jack
SA-7500,Integrated Amplifier,K72-020-0,K72-020,Phone jack (MIC)
SA-8500,Integrated Amplifier,K72-020-0,K72-020,Phone jack (MIC)
SA-9500,Integrated Amplifier,K72-020-0,K72-020,Phone jack (MIC)
SA-9900,Integrated Amplifier,K72-020-0,K72-020,Phono jack (MIC)
SD-1000,Other,K72-020-O,K72-020,Mic jack
SD-1100,Other,K72-020-0,K72-020,Microphone jack
SPEC-1,Pre-Amplifier,K72-020,K72-020,Phone jack (PHONES)
SX-1500TD,Receiver,K72-020-0,K72-020,Jack for Headphone
SX-424,Receiver,K72-020-0,K72-020,Microphone jack
SX-434,Receiver,K72-020-0,K72-020,Phone jack (Microphone)
SX-525,Receiver,K72-020-0,K72-020,Microphone jack
SX-535,Receiver,K72-020-0,K72-020,Phone jack (MIC)
SX-636,Receiver,K72-020-0,K72-020,Phone jack (microphone)
SX-770,Receiver,K72-020-0,K72-020,Microphone Jack
SX-990,Receiver,K72-020-0,K72-020,Jack for Microphone
SA-500,Integrated Amplifier,K72-021-B,K72-021,Headphone jack
SA-700,Integrated Amplifier,K72-021-C,K72-021,Headphone Jack
SA-900,Integrated Amplifier,K72-021-0,K72-021,Headphone Jack
SPEC-1,Pre-Amplifier,K72-021,K72-021,Phone jack (MIC)
SX-1500TD,Receiver,K72-021-B,K72-021,Jack for Microphone
SX-440,Receiver,K72-021-B,K72-021,Head phone Jack
SX-770,Receiver,K72-021-B,K72-021,Headphone Jack
SX-990,Receiver,K72-021-B,K72-021,Jack for Headphone
CT-F7171,Cassette Tape,K72-024-0,K72-024,Phone jack (MIC)
QT-6100,Reel To Reel Tape,K72-024-0,K72-024,Microphone jack
QT-6600,Reel To Reel Tape,K72-024-0,K72-024,Microphone jack
QT-74,Reel To Reel Tape,K72-024-0,K72-024,Phonejack (MIC)
QX-9900,Receiver,K72-024-0,K72-024,Microphone jack
QX-9900,Receiver,K72-024-0,K72-024,Microphone jack
RT-1020L,Reel To Reel Tape,K72-024-0,K72-024,MIC jack
SA-1000,Integrated Amplifier,K72-024-O,K72-024,Microphone jack
SA-7100,Integrated Amplifier,K72-024-0,K72-024,Microphone jack
SA-800,Integrated Amplifier,K72-024-0,K72-024,Microphone jack
SA-8100,Integrated Amplifier,K72-024-0,K72-024,Microphone jack
SA-900,Integrated Amplifier,K72-024-0,K72-024,Jack for microphone
SA-9100,Integrated Amplifier,K72-024-0,K72-024,Microphone jack
SX-1010,Receiver,K72-024-0,K72-024,Phone jack (Microphone)
SX-6000,Receiver,K72-024-0,K72-024,Microphone Jack
SX-626 (1971),Receiver,K72-024-0,K72-024,Microphone jack
SX-626 (1973),Receiver,K72-024-0,K72-024,Phone jack (Microphone)
SX-727,Receiver,K72-024-0,K72-024,Microphone jack
SX-828,Receiver,K72-024-0,K72-024,Microphone jack
SX-9000,Receiver,K72-024-0,K72-024,Jack lor Microphone
SX-939,Receiver,K72-024-0,K72-024,Phone jack (Microphone)
QA-800,Integrated Amplifier,K72-026-0,K72-026,Headphones jack
QA-800A,Integrated Amplifier,K72-026-0,K72-026,Headphones jack
QC-800,Pre-Amplifier,K72-026-0,K72-026,Headphones jack
QC-800A,Pre-Amplifier,K72-026-0,K72-026,Headphones jack
QT-6100,Reel To Reel Tape,K72-026-0,K72-026,Headphones jack
QT-6600,Reel To Reel Tape,K72-026-0,K72-026,Headphones jack
QX-4000,Receiver,K72-026-0,K72-026,Headphones jack
QX-646,Receiver,K72-026-0,K72-026,Headphone jack
QX-8000,Receiver,K72-026-0,K72-026,Headphones Jack
QX-8000A,Receiver,K72-026-0,K72-026,Headphones jack
SA-1000,Integrated Amplifier,K72-026-O,K72-026,Headphone jack
SA-500A,Integrated Amplifier,K72-026-O,K72-026,Headphones Jack
SA-5200,Integrated Amplifier,K72-026-0,K72-026,Headphone jack
SA-600,Integrated Amplifier,K72-026-0,K72-026,Headphones jack
SA-606,Integrated Amplifier,K72-026,K72-026,Phone jack (PHONES)
SA-6500,Integrated Amplifier,K72-026,K72-026,Phones jack
SA-6500II,Integrated Amplifier,K72-026,K72-026,Phones jack
SA-6700,Integrated Amplifier,K72-026,K72-026,Phone jack (PHONES)
SA-706,Integrated Amplifier,K72-026,K72-026,Phone jack (PHONES)
SA-7100,Integrated Amplifier,K72-026-0,K72-026,Headphone jack
SA-7500II,Integrated Amplifier,K72-026,K72-026,Phone jack (PHONES)
SA-7700,Integrated Amplifier,K72-026,K72-026,Phone jack (PHONES)
SA-800,Integrated Amplifier,K72-026-0,K72-026,Headphones jack
SA-8100,Integrated Amplifier,K72-026-0,K72-026,Headphone jack
SA-9100,Integrated Amplifier,K72-026-0,K72-026,Headphone jack
SA-9500,Integrated Amplifier,K72-026-0,K72-026,Phone jack (MIC)
SA-9500,Integrated Amplifier,K72-026-0,K72-026,Phone jack (PHONES)
SA-9900,Integrated Amplifier,K72-026-0,K72-026,Phone jack (PHONES)
SX-1010,Receiver,K72-026-0,K72-026,Phone jack (Headphone)
SX-2500,Receiver,K72-026-O,K72-026,Headphone Jack
SX-424,Receiver,K72-026-0,K72-026,Headphones jack
SX-434,Receiver,K72-026-0,K72-026,Phone jack (Headphone)
SX-525,Receiver,K72-026-0,K72-026,Headphones jack
SX-535,Receiver,K72-026-0,K72-026,Phone jack (Headphone)
SX-6000,Receiver,K72-026-0,K72-026,Headphones Jack
SX-626 (1971),Receiver,K72-026-0,K72-026,Headphones jack
SX-626 (1973),Receiver,K72-026-0,K72-026,Phone jack (Headphones)
SX-636,Receiver,K72-026-0,K72-026,Phone jack (headphone)
SX-727,Receiver,K72-026-0,K72-026,Headphones jack
SX-737,Receiver,K72-026-0,K72-026,Phone jack (headphone)
SX-828,Receiver,K72-026-0,K72-026,Headphones jack
SX-838,Receiver,K72-026-0,K72-026,Phone lack (Headphone)
SX-9000,Receiver,K72-026-0,K72-026,Jack for Headphone
SX-939,Receiver,K72-026-0,K72-026,Phone jack (Headphone)
TX-8100,Tuner,K72-026-0,K72-026,Headphone jack
TX-9100,Tuner,K72-026-0,K72-026,Headphone jack
QL-600,Integrated Amplifier,K72-028-0,K72-028,Speaker socket
QM-800,Amplifier,K72-028-0,K72-028,Speaker socket
QX-4000,Receiver,K72-028-0,K72-028,Speaker socket
QX-8000,Receiver,K72-028-0,K72-028,Speaker Jack
QX-8000A,Receiver,K72-028-0,K72-028,Speaker socket
QX-9900,Receiver,K72-028-0,K72-028,Speaker socket
QX-9900,Receiver,K72-028-0,K72-028,Speaker socket
SA-600,Integrated Amplifier,K72-028-0,K72-028,Speaker socket
SX-6000,Receiver,K72-028-0,K72-028,Speaker Socket
SX-626 (1971),Receiver,K72-028-0,K72-028,Speaker socket
SX-626 (1973),Receiver,K72-028-0,K72-028,Speaker output terminal
SX-727,Receiver,K72-028-0,K72-028,Speaker socket
SX-828,Receiver,K72-028-0,K72-028,Speaker socket
QA-800,Integrated Amplifier,K72-031-0,K72-031,Speaker socket
QA-800A,Integrated Amplifier,K72-031-0,K72-031,Speaker socket (2P)
QM-800,Amplifier,K72-031-0,K72-031,Speaker socket (dual)
QM-800A,Amplifier,K72-031-0,K72-031,Speaker socket (2P)
QX-4000,Receiver,K72-031-0,K72-031,Speaker socket
SA-1000,Integrated Amplifier,K72-031-O,K72-031,Dual speaker socket
SA-500A,Integrated Amplifier,K72-031-O,K72-031,Speaker Socket
SA-800,Integrated Amplifier,K72-031-0,K72-031,Speaker socket
SX-424,Receiver,K72-031-0,K72-031,Speaker socket
SX-525,Receiver,K72-031-0,K72-031,Speaker socket
H-R9000,8-Track Tape,K72-622-0,K72-622,Mic Jack
H-R9000,8-Track Tape,K72-622-0,K72-622,Mic Jack
H-R99,8-Track Tape,K72-622-0,K72-622,Mic Jack
H-R99,8-Track Tape,K72-622-0,K72-622,Mic Jack
H-R99,8-Track Tape,K72-622-A,K72-622,Mic Jack
H-R9000,8-Track Tape,K72-627-0,K72-627,Headphone Jack
H-R99,8-Track Tape,K72-627-0,K72-627,Headphone Jack
QA-800A,Integrated Amplifier,K73-003-B,K73-003,Speaker socket
SX-1000TD,Receiver,K73-003-A,K73-003,Outlet for Speaker
SX-1000TW,Receiver,K73-003-0,K73-003,Outlet for Speaker
SX-1500T,Receiver,K73-003-A,K73-003,Concent for Speaker
SX-1500TD,Receiver,K73-003-B,K73-003,Jack tor Speaker
SX-2500,Receiver,K73-003-B,K73-003,Speaker Socket
SX-700T,Receiver,K73-003-0,K73-003,Concent for Speaker
SX-770,Receiver,K73-003-A,K73-003,Jack for Speaker
SX-990,Receiver,K73-003-A,K73-003,Jack for Speaker
SX-9000,Receiver,K73-028-0,K73-028,Socket for Speaker
SA-500,Integrated Amplifier,K82-007-B,K82-007,Spare AC Outlet (FV)
SA-700,Integrated Amplifier,K82-007-B,K82-007,Spare A.C Outlet
SX-1000TD,Receiver,K82-007-B,K82-007,A.C. Outlet
SX-1000TW,Receiver,K82-007-B,K82-007,A. C. Outlet
SX-1500T,Receiver,K82-007-B,K82-007,A. C. concent
SX-1500TD,Receiver,K82-007-B,K82-007,Socket for AC OUTLET
SX-700T,Receiver,K82-007-B,K82-007,AC Concent
SX-990,Receiver,K82-007-B,K82-007,Socket for AC OUTLET
SX-1000TA (Later),Receiver,K82-009-0,K82-009,AC Concent
SX-2500,Receiver,K82-011-O,K82-011,Spare AC Outlet
SX-525,Receiver,K82-011-0,K82-011,Spare AC outlet
SX-770,Receiver,K82-011-0,K82-011,Spare AC Outlet
QM-800,Amplifier,K82-012-A,K82-012,Spare AC outlet
SA-1000,Integrated Amplifier,K82-012-O,K82-012,AC outlet (FVW model)
SA-800,Integrated Amplifier,K82-012-A,K82-012,Spare AC outlet
SX-626 (1971),Receiver,K82-012-A,K82-012,Spare AC outlet
SX-626 (1973),Receiver,K82-012-A,K82-012,AC socket    FVZW
SX-9000,Receiver,K82-012-0,K82-012,Spare AC Outlet
QA-800,Integrated Amplifier,K82-014-0,K82-014,Spare AC outlet
QC-800,Pre-Amplifier,K82-014-0,K82-014,Spare AC outlet
QM-800,Amplifier,K82-014-0,K82-014,Spare AC outlet (dual)
QX-8000,Receiver,K82-014-0,K82-014,Spare AC Outlet
SA-1000,Integrated Amplifier,K82-014-O,K82-014,Dual AC outlet (FVW model)
SA-500A,Integrated Amplifier,K82-014-0,K82-014,Spare AC Outlet (FV)
SA-500A,Integrated Amplifier,K82-014-0,K82-014,Spare AC Outlet (KC)
SA-600,Integrated Amplifier,K82-014-0,K82-014,Spare AC outlet (FVW)
SA-600,Integrated Amplifier,K82-014-0,K82-014,Spare AC outlet (KCW)
SA-800,Integrated Amplifier,K82-014-0,K82-014,Spare AC outlet (2P)
SD-1000,Other,K82-014-O,K82-014,Ganged AC outlets
SD-1100,Other,K82-014-0,K82-014,Spare AC outlet
SR-202W,Reverb,K82-014-0,K82-014,AC Outlet
SX-6000,Receiver,K82-014-0,K82-014,Spare AC Outlet
SX-2500,Receiver,K85-020-O,K85-020,4P Connector for REMOTE CONTROL
H-R9000,8-Track Tape,K91-005-A,K91-005,"Fuse Holder, 1P"
QL-600,Integrated Amplifier,K91-005-A,K91-005,Fuse Holder
QM-800,Amplifier,K91-005-0,K91-005,Fuse holder
QM-800A,Amplifier,K91-005-0,K91-005,Fuse holder (Pilot lamp socket)
QX-4000,Receiver,K91-005-A,K91-005,1P fuse holder
QX-646,Receiver,K91-005-A,K91-005,Fuse holder (1P)
QX-8000,Receiver,K91-005-A,K91-005,Pilot Lamp (for Dial Glass) Socket
QX-8000A,Receiver,K91-005-A,K91-005,Pilot lamp (dial scale) socket
SA-700,Integrated Amplifier,K91-005-0,K91-005,Fuse Holder
SA-900,Integrated Amplifier,K91-005-0,K91-005,Fuse Holder
SX-1500TD,Receiver,K91-005-A,K91-005,Fuse Holder
SX-2500,Receiver,K91-005-A,K91-005,Pilot Lamp (for Dial Glass) Socket
SX-424,Receiver,K91-005-A,K91-005,Pilot lamp (for dial scale) socket
SX-525,Receiver,K91-005-A,K91-005,Pilot lamp (for signal meter) socket
SX-6000,Receiver,K91-005-A,K91-005,Pilot Lamp (for dial glass) Socket
SX-626 (1971),Receiver,K91-005-A,K91-005,Pilot lamp (for signal meter) socket
SX-626 (1973),Receiver,K91-005-A,K91-005,Pilot lamp socket
SX-727,Receiver,K91-005-A,K91-005,Pilot lamp (for dial scale) socket
SX-828,Receiver,K91-005-A,K91-005,Pilot lamp (for meter) socket
SX-9000,Receiver,K91-005-0,K91-005,Fuse holder (1p)
SX-990,Receiver,K91-005-0,K91-005,Fuse Holder 1P
QL-600A,Integrated Amplifier,K91-005A,K91-005A,Pilot lamp (for level meter) socket
CT-F6161,Cassette Tape,K91-006-0,K91-006,Clip-in type fuse holder
PL-51A,Turntable,K91-006-0,K91-006,Fuse holder
PL-55X,Turntable,K91-006-0,K91-006,Fuse holder
PL-71,Turntable,K91-006-0,K91-006,Fuse holder
SA-606,Integrated Amplifier,K91-008,K91-008,Fuse holder 1P (HG)
SA-6700,Integrated Amplifier,K91-008,K91-008,Fuse holder 1P for FU2 (KC)
SA-706,Integrated Amplifier,K91-008,K91-008,Fuse holder 1P (HG)
SA-7700,Integrated Amplifier,K91-008,K91-008,Fuse holder for FU3 (KC)
SX-1980,Receiver,K91-008,K91-008,Fuse holder 1P (HG)
SX-580/590,Receiver,K91-008,K91-008,Fuse holder 1P (SX-590/HG)
SX-580/590,Receiver,K91-008,K91-008,Fuse holder 1P (SX-590/HGW4)
SX-680/690,Receiver,K91-008,K91-008,Fuse holder 1P (SX -680/HG)
SX-680/690,Receiver,K91-008,K91-008,Fuse holder 1P (SX -680/HGW4)
SX-737,Receiver,K91-008-0,K91-008,Fuse holder (protection GN)
SD-1000,Other,K91-009-A,K91-009,Fuse holder
SX-440,Receiver,K92-006-0,K92-006,Fuse Holder 2p
CT-F7171,Cassette Tape,K93-003-B,K93-003,DIN type socket
QL-600,Integrated Amplifier,K93-003-B,K93-003,Tape REC/PB Connector (DIN type)
QT-6100,Reel To Reel Tape,K93-003-B,K93-003,DlN-type socket
QT-6600,Reel To Reel Tape,K93-003-B,K93-003,DIN type socket
QT-74,Reel To Reel Tape,K93-003-B,K93-003,"REC./P.B. connector (DIN type, 5P)"
QX-4000,Receiver,K93-003-B,K93-003,5P connector socket (DlN)
QX-646,Receiver,K93-003-B,K93-003,5P connector (DIN type)
QX-9900,Receiver,K93-003-B,K93-003,5P connector socket (DIN)
RT-1020L,Reel To Reel Tape,K93-003-B,K93-003,DIN socket
SA-1000,Integrated Amplifier,K93-003-B,K93-003,5P connecter socket
SA-500,Integrated Amplifier,K93-003-B,K93-003,Connector 5P(DlN type)
SA-500A,Integrated Amplifier,K93-003-B,K93-003,5P Connector (DIN)
SA-5200,Integrated Amplifier,K93-003-B,K93-003,5P connector socket (DIN-type)
SA-600,Integrated Amplifier,K93-003-B,K93-003,5P connector socket
SA-6500,Integrated Amplifier,K93-003,K93-003,Connector socket (5p DIN type)
SA-700,Integrated Amplifier,K93-003-B,K93-003,Connector 5 (DIN Type)
SA-7100,Integrated Amplifier,K93-003-B,K93-003,5P Connector (DIN type)
SA-800,Integrated Amplifier,K93-003-B,K93-003,5P Connector (DIN type)
SA-8100,Integrated Amplifier,K93-003-B,K93-003,5P connector (DIN type)
SA-900,Integrated Amplifier,K93-003-B,K93-003,Tape REC/P.B Connector
SA-9100,Integrated Amplifier,K93-003-B,K93-003,5P connector (DIN type)
SX-1000TA (Later),Receiver,K93-003-0,K93-003,Connector 5P for Tape Recorder
SX-1000TD,Receiver,K93-003-B,K93-003,Connector 5p for Tape Recorder
SX-1000TW,Receiver,K93-003-0,K93-003,Connector 5p for Tape Recorder
SX-1500T,Receiver,K93-003-B,K93-003,Connector 5p for Tape Recorder
SX-1500TD,Receiver,K93-003-B,K93-003,Connector 5P
SX-2500,Receiver,K93-003-B,K93-003,Connector 5P
SX-424,Receiver,K93-003-B,K93-003,5P connector (DIN)
SX-434,Receiver,K93-003-B,K93-003,Connector (DIN type 5P)
SX-440,Receiver,K93-003-B,K93-003,Connector 5p
SX-525,Receiver,K93-003-B,K93-003,5P connector (DIN)
SX-6000,Receiver,K93-003-B,K93-003,Tape Rec/P.B. Connector (DIN)
SX-626 (1971),Receiver,K93-003-B,K93-003,5P connector (DlN)
SX-626 (1973),Receiver,K93-003-B,K93-003,Connector (DIN type 5p)
SX-700T,Receiver,K93-003-0,K93-003,Connector 5P for Tape Recorder
SX-727,Receiver,K93-003-B,K93-003,5P connector (DIN)
SX-770,Receiver,K93-003-B,K93-003,Connector 5P
SX-828,Receiver,K93-003-B,K93-003,5P connector (DIN)
SX-9000,Receiver,K93-003-B,K93-003,5P Connector (DIN type)
SX-990,Receiver,K93-003-B,K93-003,Connector 5P
QL-600A,Integrated Amplifier,K93-003B,K93-003B,5P connector (DIN)
QA-800,Integrated Amplifier,K96-006-0,K96-006,Fuse holder
QX-8000,Receiver,K96-006-C,K96-006,Fuse Holder
SA-600,Integrated Amplifier,K96-006-C,K96-006,Fuse holder (FVW)
SX-1000TA (Later),Receiver,K96-006-C,K96-006,Fuse Holder
SX-1500T,Receiver,K96-006-C,K96-006,Fuse holder
SX-700T,Receiver,K96-006-0,K96-006,Fuse Holder
SX-9000,Receiver,K96-006-C,K96-006,Fuse holder for Protection Circuit
QA-800A,Integrated Amplifier,K96-007-C,K96-007,Fuse holder (protection)
QD-210,Other,K96-007,K96-007,FUSE HOLDER
QX-8000A,Receiver,K96-007-C,K96-007,Fuse holder (protection)
SA-1000,Integrated Amplifier,K96-007-B,K96-007,Fuse holder (KUW model)
SA-500A,Integrated Amplifier,K96-007-C,K96-007,Fuse Holder
SA-600,Integrated Amplifier,K96-007-B,K96-007,Fuse holder for UL
SA-800,Integrated Amplifier,K96-007-B,K96-007,Fuse holder (KUW)
SX-2500,Receiver,K96-007-O,K96-007,Fuse Holder
SX-525,Receiver,K96-007-C,K96-007,Fuse (for protection) holder
SX-525,Receiver,K96-007-C,K96-007,LINE VOLTAGE SELECTOR
SX-626 (1971),Receiver,K96-007-C,K96-007,Fuse holder
SX-626 (1973),Receiver,K96-007-C,K96-007,Fuse holder (AC power)    KUW
SX-626 (1973),Receiver,K96-007-C,K96-007,"Fuse holder (Protection)    KUW, KCW, FVZW, FW"
SX-770,Receiver,K96-007-0,K96-007,Fuse Holder
PL-15D,Turntable,KAA-008-B,KAA-008,Anti-skating knob
PL-55/55D,Turntable,KAA-008-A,KAA-008,Anti-skating knob
PL-A45,Turntable,KAA-008-A,KAA-008,Anti-skating knob
PL-55X,Turntable,KAA-013-0,KAA-013,Knob
PL-A45D,Turntable,KAA-013-0,KAA-013,Antlskating knob
PL-A45,Turntable,KAH-003-0,KAH-003,Rubber mat ring
PL-A45D,Turntable,KAH-003-0,KAH-003,Rubber mat ring
PL-51,Turntable,KAH-007-A,KAH-007,Rubber mat ring
PL-51,Turntable,KAH-007-A,KAH-007,Rubber mat ring
PL-510,Turntable,KAH-007,KAH-007,Ring
PL-510A,Turntable,KAH-007,KAH-007,Ring
PL-510S,Turntable,KAH-007,KAH-007,Ring
PL-51A,Turntable,KAH-007-A,KAH-007,Rubber mat ring
PL-51A,Turntable,KAH-007-A,KAH-007,Rubber mat ring
PL-530,Turntable,KAH-007,KAH-007,Ring
PL-55/55D,Turntable,KAH-007-A,KAH-007,Ring
PL-55X,Turntable,KAH-007-A,KAH-007,Ring
PL-71,Turntable,KAH-007-A,KAH-007,Ring
PL-117D,Turntable,KAH-008,KAH-008,Ring
PL-A35,Turntable,KAK-003-0,KAK-003,Function lever template
PL-A505,Turntable,KAK-013-C,KAK-013,Name plate C
PL-A505,Turntable,KAK-017-B,KAK-017,Name plate A
PL-15D,Turntable,KAK-023-C,KAK-023,Name plate
PL-A505,Turntable,KAK-037-0,KAK-037,Name plate B
PL-15D,Turntable,KAK-038-A,KAK-038,Name plate
PL-15D,Turntable,KAK-039-A,KAK-039,Name plate
PL-51A,Turntable,KAK-046-0,KAK-046,Lamp cover
PL-12E,Turntable,KAM-020-0,KAM-020,Name plate
PL-A505,Turntable,KAM-034-0,KAM-034,Name plate
PL-55/55D,Turntable,KAM-042-0,KAM-042,Name plate
PL-71,Turntable,KAM-042-0,KAM-042,Name plate A
PL-A505,Turntable,KAM-051-0,KAM-051,Name plate
PL-51,Turntable,KAM-052-0,KAM-052,Plate
PL-55/55D,Turntable,KAM-056-0,KAM-056,Name plate PL-55D
PL-55/55D,Turntable,KAM-058-0,KAM-058,Name plate PL-55
PL-51A,Turntable,KAM-090-0,KAM-090,Plate
PL-71,Turntable,KAM-092-0,KAM-092,Name plate E
PL-12E,Turntable,KBA-022-0,KBA-022,Screw
PL-A45,Turntable,KBA-022-0,KBA-022,Screw
PL-A45D,Turntable,KBA-022-0,KBA-022,Screw
PL-12DII,Turntable,KBA-025-A,KBA-025,Motor mounting screw
PL-12E,Turntable,KBA-025-0,KBA-025,Screw
PL-A45,Turntable,KBA-025-0,KBA-025,Motor set screw
PL-A45D,Turntable,KBA-025-A,KBA-025,Motor set screw
PL-71,Turntable,KBA-040-A,KBA-040,Lateral crooked bar-held screw
PL-71,Turntable,KBA-043-0,KBA-043,Cartridge mounting screw 8mm
PL-A45D,Turntable,KBA-043-0,KBA-043,Screw
PL-A505,Turntable,KBA-043-0,KBA-043,Screw
PL-510,Turntable,KBA-044,KBA-044,Screw
PL-510S,Turntable,KBA-044,KBA-044,Screw
PL-71,Turntable,KBA-044-0,KBA-044,Cartridge mounting screw 5mm
PL-A45D,Turntable,KBA-044-0,KBA-044,Screw
PL-A505,Turntable,KBA-044-0,KBA-044,Screw
PL-200/200X,Turntable,KBA-045,KBA-045,Cartridge mounting screw (PL-200X)
PL-510,Turntable,KBA-045,KBA-045,Screw
PL-510A,Turntable,KBA-045,KBA-045,Cartridge mounting screw
PL-510S,Turntable,KBA-045,KBA-045,Screw
PL-71,Turntable,KBA-045-0,KBA-045,Cartridge mounting screw 15mm
PL-A45D,Turntable,KBA-045-0,KBA-045,Screw
PL-A505,Turntable,KBA-045-0,KBA-045,Screw
PL-12DII,Turntable,KBC-001-0,KBC-001,Transit screw
PL-71,Turntable,KBE-002-A,KBE-002,Claw washer
PL-51,Turntable,KBE-008-0,KBE-008,Washer
PL-51A,Turntable,KBE-008-0,KBE-008,Washer
PL-A505,Turntable,KBE-014-0,KBE-014,Washer
PL-15D,Turntable,KBE-015-0,KBE-015,Washer
PL-55/55D,Turntable,KBF-006-0,KBF-006,Fiber washer
PL-55/55D,Turntable,KBF-007-0,KBF-007,Teflon washer
PL-A505,Turntable,KBF-017-0,KBF-017,Teflon washer 4.2ɸx10ɸx0.5t
PL-55/55D,Turntable,KBH -099-0,KBH -099,Spring
PL-A45D,Turntable,KBH-002-0,KBH-002,Spring
PL-12E,Turntable,KBH-022-A,KBH-022,Elevation Spring
PL-51,Turntable,KBH-022-A,KBH-022,Spring
PL-51A,Turntable,KBH-022-A,KBH-022,Spring
PL-520,Turntable,KBH-027,KBH-027,Spring
PL-A35,Turntable,KBH-027-B,KBH-027,Spring
PL-A45,Turntable,KBH-027-B,KBH-027,Spring
PL-A45D,Turntable,KBH-027-B,KBH-027,Spﬂng
PL-51,Turntable,KBH-029-0,KBH-029,Spring
PL-51A,Turntable,KBH-029-E,KBH-029,Spring
PL-55/55D,Turntable,KBH-029-E,KBH-029,Spring
PL-71,Turntable,KBH-029-0,KBH-029,Spring
PL-A35,Turntable,KBH-040-0,KBH-040,Spring
PL-A45,Turntable,KBH-040-0,KBH-040,Spring
PL-A45D,Turntable,KBH-040-0,KBH-040,Spring
PL-55/55D,Turntable,KBH-041-0,KBH-041,Spring
PL-55/55D,Turntable,KBH-042-0,KBH-042,Lock lever spring
PL-55/55D,Turntable,KBH-044-0,KBH-044,Spring (Return lever spring)
PL-55/55D,Turntable,KBH-044-0,KBH-044,Spring (Return lever spring)
PL-A505,Turntable,KBH-048-B,KBH-048,Spring
PL-55/55D,Turntable,KBH-049-0,KBH-049,Spring (B)
PL-55/55D,Turntable,KBH-050-0,KBH-050,Spring (Return spring)
PL-A505,Turntable,KBH-052-0,KBH-052,Spring
PL-A505,Turntable,KBH-053-B,KBH-053,Button spring
PL-A505,Turntable,KBH-054-0,KBH-054,Spring
PL-A505,Turntable,KBH-055-B,KBH-055,Spring
PL-A505,Turntable,KBH-061-A,KBH-061,Spring
PL-A505,Turntable,KBH-064-0,KBH-064,S pring
PL-A505,Turntable,KBH-065-0,KBH-065,Disk B spring
PL-12DII,Turntable,KBH-066-A,KBH-066,Spring
PL-12E,Turntable,KBH-066-A,KBH-066,Spring
PL-51,Turntable,KBH-066-A,KBH-066,Spring
PL-51A,Turntable,KBH-066-A,KBH-066,Spring
PL-15D,Turntable,KBH-078-E,KBH-078,Panel spring (C)
PL-15D,Turntable,KBH-078-E,KBH-078,Panel spring(C)
PL-15D,Turntable,KBH-079-E,KBH-079,Panel spring (D)
PL-15D,Turntable,KBH-079-E,KBH-079,Panel spring(D)
PL-15D,Turntable,KBH-080-0,KBH-080,Spring
PL-15D,Turntable,KBH-081-0,KBH-081,Cut lever spring
PL-15D,Turntable,KBH-082-E,KBH-082,Lever spring
PL-15D,Turntable,KBH-084-A,KBH-084,Spring
PL-A505,Turntable,KBH-087-A,KBH-087,Spring
PL-15D,Turntable,KBH-090-A,KBH-090,Spring
PL-A505,Turntable,KBH-091-0,KBH-091,Spring
PL-A505,Turntable,KBH-092-A,KBH-092,Spring
PL-A505,Turntable,KBH-094-A,KBH-094,Spring
PL-51,Turntable,KBH-099-0,KBH-099,Spring
PL-51A,Turntable,KBH-099-0,KBH-099,Spring
PL-55X,Turntable,KBH-099-0,KBH-099,Spring
PL-71,Turntable,KBH-099-0,KBH-099,Spring
PL-A505,Turntable,KBH-124-0,KBH-124,Spring
PL-55/55D,Turntable,KBH-125-0,KBH-125,Arm clamp spring
PL-55X,Turntable,KBH-125-0,KBH-125,Arm clamp spring
PL-15D,Turntable,KBH-130-A,KBH-130,Spﬁng
PL-15D,Turntable,KBH-131-B,KBH-131,Spring
PL-15D,Turntable,KBH-132-0,KBH-132,Spring rod
PL-A505,Turntable,KBH-133-0,KBH-133,Spring
PL-15D,Turntable,KBH-135-0,KBH-135,Spring
PL-12DII,Turntable,KBH-149-0,KBH-149,Panel flat spring
SPEC-2,Amplifier,KBH-2504,KBH-2504,Diode
PL-A505,Turntable,KBK-008-A,KBK-008,Spring
PL-A505,Turntable,KBK-015-0,KBK-015,Spring
PL-12E,Turntable,KBK-016-0,KBK-016,Plate spring
PL-12E,Turntable,KBK-016-0,KBK-016,Plate spring
PL-12E,Turntable,KBK-016-0,KBK-016,Plate spring
PL-51,Turntable,KBK-016-A,KBK-016,Leaf spring
PL-51,Turntable,KBK-016-A,KBK-016,Leaf spring
PL-51A,Turntable,KBK-016-A,KBK-016,Leaf spring
PL-51A,Turntable,KBK-016-A,KBK-016,Leaf spring
PL-A505,Turntable,KBK-019-A,KBK-019,Plate spring A
PL-A505,Turntable,KBK-020-A,KBK-020,Plate spring B
PL-112D,Turntable,KCE-005,KCE-005,Capacitor
PL-117D,Turntable,KCE-005,KCE-005,Capacitor
PL-12DII,Turntable,KCE-005-0,KCE-005,Capacitor
PL-51,Turntable,KCE-009-0,KCE-009,Capacitor 0.033 uF
PL-51A,Turntable,KCE-009-0,KCE-009,Capacitor 0.033uF
PL-55/55D,Turntable,KCE-009-0,KCE-009,Ceramic capacitor 0.033uF
PL-71,Turntable,KCE-009-0,KCE-009,Capacitor 0.033uF
PL-51,Turntable,KCS-006-A,KCS-006,Potentiometer (Fine speed adjustment)
PL-55/55D,Turntable,KCS-006-A,KCS-006,Potention meter
PL-55X,Turntable,KCS-006-A,KCS-006,Variable resistor (SPEED CONTROL)
PL-51A,Turntable,KCS-006 A,KCS-006 A,Potentiometer (Fine speed adjustment)
PL-71,Turntable,KCS-007-0,KCS-007,Variable resistor
PL-A35,Turntable,KDA-006-0,KDA-006,Cable
PL-A45,Turntable,KDA-006-0,KDA-006,Cable
PL-A45D,Turntable,KDA-006-0,KDA-006,Cable
PL-51,Turntable,KDE-003-0,KDE-003,Power cord
PL-15D,Turntable,KDE-022-C,KDE-022,Connection cord
PL-A45,Turntable,KDE-022-B,KDE-022,Output cord
PL-A45,Turntable,KDE-022-B,KDE-022,Output cord
PL-A45D,Turntable,KDE-022-0,KDE-022,Output cord
PL-A45D,Turntable,KDE-022-D,KDE-022,Output cord
PL-51,Turntable,KDE-037-C,KDE-037,Connection cable
PL-51A,Turntable,KDE-037-C,KDE-037,Connection cable
PL-55/55D,Turntable,KDE-037-C,KDE-037,Output cord
PL-A505,Turntable,KDE-037-C,KDE-037,Output cord
PL-A505,Turntable,KDE-039-0,KDE-039,Lead wire
PL-51,Turntable,KDE-040-B,KDE-040,Cable
PL-51,Turntable,KDE-066-0,KDE-066,Socket (2P) with cord
PL-51,Turntable,KDE-067-0,KDE-067,Plug (2P) with cord
PL-51,Turntable,KDE-068-0,KDE-068,Socket (2P) with cord
PL-51,Turntable,KDE-069-0,KDE-069,Plug (2P) with cord
PL-55/55D,Turntable,KDG-003-0,KDG-003,Power cord PL-55D
PL-A35,Turntable,KDG-003-0,KDG-003,Power cable unit
PL-12E,Turntable,KDG-007-0,KDG-007,AC cord
PL-15D,Turntable,KDG-007-0,KDG-007,Power cord
PL-55/55D,Turntable,KDG-007-0,KDG-007,Power cord PL-55
PL-A45,Turntable,KDG-007-0,KDG-007,AC cord
PL-A45,Turntable,KDG-007-0,KDG-007,Power cord
PL-A45D,Turntable,KDG-007-0,KDG-007,"AC cord (P,PV,PVT model)"
PL-A45D,Turntable,KDG-007-0,KDG-007,"AC cord (P,PV,PVT model)"
PL-A505,Turntable,KDG-007-0,KDG-007,Power cord
PL-112D,Turntable,KDG-011,KDG-011,AC power cord
PL-117D,Turntable,KDG-011,KDG-011,"AC power cord (KCT, KUT model)"
PL-12DII,Turntable,KDG-011-0,KDG-011,Power cord
PL-510,Turntable,KDG-011,KDG-011,AC power cord
PL-510A,Turntable,KDG-011,KDG-011,AC power cord
PL-510S,Turntable,KDG-011,KDG-011,AC Power cord
PL-516,Turntable,KDG-011,KDG-011,Power cord
PL-518,Turntable,KDG-011,KDG-011,Power cord
PL-51A,Turntable,KDG-011-0,KDG-011,Power cord
PL-520,Turntable,KDG-011,KDG-011,AC cord
PL-530,Turntable,KDG-011,KDG-011,AC power cord (K type)
PL-550,Turntable,KDG-011,KDG-011,AC power cord
PL-55X,Turntable,KDG-011-0,KDG-011,Power cord
PL-570,Turntable,KDG-011,KDG-011,Power cord
PL-71,Turntable,KDG-011 -0,KDG-011 ,AC cord
PL-A45D,Turntable,KDG-011-0,KDG-011,AC cord (KT model)
PL-A45D,Turntable,KDG-011-0,KDG-011,AC cord (KT model)
PLC-590,Turntable,KDG-011,KDG-011,AC power cord
PL-51A,Turntable,KDX-006-A,KDX-006,cord
PL-71,Turntable,KDX-006-A,KDX-006,Grand cord assembly
PL-12E,Turntable,KDX-008-B,KDX-008,Lead wire
PL-55/55D,Turntable,KEA-008-A,KEA-008,Accessory assembly
PL-51,Turntable,KEA-019-0,KEA-019,Rubber mat assembly
PL-51A,Turntable,KEA-019-0,KEA-019,Rubber mat assembly
PL-55X,Turntable,KEA-019-0,KEA-019,Rubber mat assembly
PL-71,Turntable,KEA-019-0,KEA-019,Rubber mat assembly
PL-71,Turntable,KEA-019-0,KEA-019,Rubber mat assembly
PL-15D,Turntable,KEA-022-0,KEA-022,Rubber mat assembly
PL-100/100X,Turntable,KEB-004,KEB-004,Belt
PL-117D,Turntable,KEB-004,KEB-004,Belt
PL-12DII,Turntable,KEB-004-0,KEB-004,Belt
PL-15D,Turntable,KEB-004-0,KEB-004,Belt
PL-516,Turntable,KEB-004,KEB-004,Belt
PL-A35,Turntable,KEB-004-0,KEB-004,Belt
PL-A45D,Turntable,KEB-004-0,KEB-004,Belt
PL-12E,Turntable,KEB-006-0,KEB-006,Belt
PL-12E,Turntable,KEB-006-0,KEB-006,Belt
PL-A45,Turntable,KEB-006-0,KEB-006,Belt
PL-A505,Turntable,KEB-006-0,KEB-006,Belt
PL-A45,Turntable,KEB-034-A,KEB-034,Rubber mat
PL-A45D,Turntable,KEB-034-A,KEB-034,Rubber mat
PL-55/55D,Turntable,KEB-035-0,KEB-035,Packing (Rubber)
PL-51,Turntable,KEB-058-0,KEB-058,Rubber mat
PL-51,Turntable,KEB-058-A,KEB-058,Rubber mat
PL-51A,Turntable,KEB-058-0,KEB-058,Rubber mat
PL-51A,Turntable,KEB-058-A,KEB-058,Rubber mat
PL-55/55D,Turntable,KEB-058-A,KEB-058,Rubber mat
PL-55X,Turntable,KEB-058-A,KEB-058,Rubber mat
PL-71,Turntable,KEB-058-A,KEB-058,Rubber mat
PL-15D,Turntable,KEB-059-0,KEB-059,Buffer (A)
PL-51,Turntable,KEB-063-0,KEB-063,Transformer base rubber A
PL-51A,Turntable,KEB-063-0,KEB-063,Transformer base rubber A
PL-71,Turntable,KEB-063-0,KEB-063,Transformer base rubber (A)
PL-55/55D,Turntable,KEB-065-A,KEB-065,Transformer rubber
PL-55X,Turntable,KEB-065-A,KEB-065,Cushion rubber
PL-55X,Turntable,KEC-004-C,KEC-004,Strobe lamp
PL-A45,Turntable,KEC-004-0,KEC-004,Capacitor 0.1uF AC 250V UL
PL-A45D,Turntable,KEC-004-0,KEC-004,Capacitor 0.1;1F AC 250V UL
PL-15D,Turntable,KEC-010-0,KEC-010,Dust cover
PL-15D,Turntable,KEC-010-0,KEC-010,Dust cover
PL-12E,Turntable,KEC-037-0,KEC-037,Cord stopper (A)
PL-A35,Turntable,KEC-037-0,KEC-037,Cable cramp
PL-55X,Turntable,KEC-045-A,KEC-045,Arm rest
PL-12E,Turntable,KEC-060-0,KEC-060,Dust cover
PL-12E,Turntable,KEC-060-A,KEC-060,Dust cover
PL-A45,Turntable,KEC-062-B,KEC-062,Dust cover
PL-A505,Turntable,KED-009-B,KED-009,Felt
PL-55/55D,Turntable,KED-023-0,KED-023,Brlnd sheet
PL-12E,Turntable,KEE-010-0,KEE-010,Insulator plate
PL-A35,Turntable,KEK-002-0,KEK-002,Fuse (0.25A)
PL-A45,Turntable,KEK-002-0,KEK-002,Fuse (0.25A)
PL-51,Turntable,KEK-005-0,KEK-005,Fuse 0.3A (Wired in type)
PL-55/55D,Turntable,KEK-005-0,KEK-005,Fuse 0.3A
PL-A45D,Turntable,KEK-008-0,KEK-008,Fuse (315 mA)
PL-51A,Turntable,KEL-004-C,KEL-004,Strobo lamp
PL-12DII,Turntable,KEM-001-A,KEM-001,Lubricator
PL-12E,Turntable,KEM-001-A,KEM-001,Lubricator
PL-15D,Turntable,KEM-001-A,KEM-001,Lubricator
PL-A45,Turntable,KEM-001-A,KEM-001,Lubricator
PL-A45D,Turntable,KEM-001-A,KEM-001,Lubricator
PL-A505,Turntable,KEM-001-0,KEM-001,Oil
PL-112D,Turntable,KEX-002,KEX-002,Screw driver
PL-117D,Turntable,KEX-002,KEX-002,Screwdriver
PL-12DII,Turntable,KEX-002-A,KEX-002,Screwdriver
PL-12E,Turntable,KEX-002-A,KEX-002,Screwdriver
PL-15D,Turntable,KEX-002-A,KEX-002,Screw driver
PL-500,Turntable,KEX-002,KEX-002,Driver
PL-500X,Turntable,KEX-002,KEX-002,Driver
PL-51,Turntable,KEX-002-A,KEX-002,Screwdriver
PL-510,Turntable,KEX-002,KEX-002,Screwdriver
PL-510A,Turntable,KEX-002,KEX-002,Screw driver
PL-510S,Turntable,KEX-002,KEX-002,Screwdriver
PL-516,Turntable,KEX-002,KEX-002,Screw Driver
PL-518,Turntable,KEX-002,KEX-002,Screwdriver
PL-51A,Turntable,KEX-002-A,KEX-002,Screwdriver
PL-520,Turntable,KEX-002,KEX-002,Screwdriver
PL-530,Turntable,KEX-002,KEX-002,Screwdriver
PL-540,Turntable,KEX-002,KEX-002,Screw driver
PL-55/55D,Turntable,KEX-002-A,KEX-002,Screw driver
PL-550,Turntable,KEX-002,KEX-002,Screwdriver
PL-55X,Turntable,KEX-002-A,KEX-002,Screwdriver
PL-560,Turntable,KEX-002,KEX-002,Screwdriver
PL-570,Turntable,KEX-002,KEX-002,Screwdriver
PL-600/600X,Turntable,KEX-002,KEX-002,Driver
PL-630,Turntable,KEX-002,KEX-002,Screwdriver
PL-71,Turntable,KEX-002-A,KEX-002,Screw driver
PL-A45,Turntable,KEX-002-A,KEX-002,Screwdriver
PL-A45D,Turntable,KEX-002-A,KEX-002,Screwdriver
PL-A505,Turntable,KEX-002-0,KEX-002,Screw driver
PL-L1000,Turntable,KEX-002,KEX-002,Screwdriver
PL-15D,Turntable,KEX-004-0,KEX-004,Cord clamp
PL-51A,Turntable,KEX-004-0,KEX-004,Cord ﬁxer
PL-55/55D,Turntable,KEX-004-0,KEX-004,Cord clamp
PL-55/55D,Turntable,KEX-004-0,KEX-004,Cord clamp
PL-55X,Turntable,KEX-004-0,KEX-004,Cord fixer
PL-71,Turntable,KEX-004-A,KEX-004,Cord fixer
PL-55/55D,Turntable,KHA-125-0,KHA-125,Dust cover pad PL-55D only
PL-12DII,Turntable,KHA-126-C,KHA-126,Styrotector
PL-12DII,Turntable,KHA-127-B,KHA-127,Styrotector
PL-51,Turntable,KHA-146-B,KHA-146,Styrotector
PL-51A,Turntable,KHA-146-B,KHA-146,Styrotector
PL-A505,Turntable,KHA-205-0,KHA-205,Corner pad
PL-55/55D,Turntable,KHA-226-0,KHA-226,Styrotector
PL-55X,Turntable,KHA-226-B,KHA-226,Styrotector
PL-71,Turntable,KHA-226-B,KHA-226,Styrotector A
PL-55/55D,Turntable,KHA-227-0,KHA-227,Styrutector
PL-55X,Turntable,KHA-227-A,KHA-227,Styrotector
PL-71,Turntable,KHA-227-A,KHA-227,Styrotectcr B
PL-71,Turntable,KHA-233-A,KHA-233,Tonearm packing
PL-A505,Turntable,KHA-280-0,KHA-280,Side pad
PL-55X,Turntable,KHC-059-0,KHC-059,Upper board
PL-71,Turntable,KHC-059-0,KHC-059,Top cardboard
PL-A45D,Turntable,KHC-059-0,KHC-059,Top cardboard
PL-12DII,Turntable,KHC-069-0,KHC-069,Upper board
PL-A45D,Turntable,KHG-225-0,KHG-225,Packing case (P model)
PL-A45D,Turntable,KHG-235-0,KHG-235,Packing case (KT model)
PL-12E,Turntable,KHK-022-0,KHK-022,Cover
PL-A35,Turntable,KHK-072-A,KHK-072,Carton
PL-15D,Turntable,KHK-113-0,KHK-113,Stopper
PL-12E,Turntable,KHK-137-0,KHK-137,Packing case
PL-12E,Turntable,KHK-164-E,KHK-164,Styrotector (R)
PL-12E,Turntable,KHK-165-C,KHK-165,Styrotector (L)
PL-A45D,Turntable,KHK-204-0,KHK-204,Packing case (PV model)
PL-51,Turntable,KHK-229-0,KHK-229,Packing case
PL-55/55D,Turntable,KHK-238-A,KHK-238,Packing case PL-55D/FV
PL-15D,Turntable,KHK-239-0,KHK-239,Packing case
PL-A505,Turntable,KHK-240-0,KHK-240,Packing case
PL-A505,Turntable,KHK-240-0,KHK-240,Top card board
PL-55/55D,Turntable,KHK-243-A,KHK-243,Packing case PL-55/FV
PL-A45D,Turntable,KHK-252-0,KHK-252,Packing case (PVT model)
PL-55/55D,Turntable,KHK-265-0,KHK-265,Packing case PL-55/FVT
PL-51A,Turntable,KHK-403-0,KHK-403,Packing stopper
PL-A45D,Turntable,KHK-403-0,KHK-403,Packing ﬂap stopper
PL-50,Turntable,KHX-001-0,KHX-001,Miscellaneous parts box
PL-50,Turntable,KHX-001-0,KHX-001,Miscellaneous parts box
PL-50,Turntable,KHX-001-0,KHX-001,Miscellaneous parts box
PL-A35,Turntable,KHX-001-D,KHX-001,Miscellaneous parts box
PL-15D,Turntable,KHX-002-A,KHX-002,Cover
PL-71,Turntable,KHX-002-0,KHX-002,Parts box cover
PL-A35,Turntable,KHX-002-0,KHX-002,Miscellaneous box cover
PL-A45,Turntable,KHX-002-0,KHX-002,Parts box cover
PL-15D,Turntable,KHX-017-A,KHX-017,Accessories case
PL-15D,Turntable,KHX-017-A,KHX-017,Case
PL-A45,Turntable,KHX-017-A,KHX-017,Miscellaneous parts box
PL-A45D,Turntable,KHX-017-0,KHX-017,Miscellaneous parts box
PL-51,Turntable,KHX-026-A,KHX-026,Furnished parts box
PL-51A,Turntable,KHX-026-A,KHX-026,Furnished parts box
PL-55/55D,Turntable,KHX-026-0,KHX-026,Accessory box
PL-55/55D,Turntable,KHX-026-0,KHX-026,Case
PL-55X,Turntable,KHX-026-B,KHX-026,Accessory case
PL-A505,Turntable,KHX-026-0,KHX-026,Case
PL-A505,Turntable,KHX-026-A,KHX-026,Accessory box
PL-51,Turntable,KHX-027-0,KHX-027,Parts box cover
PL-51A,Turntable,KHX-027-0,KHX-027,Parts box cover
PL-55/55D,Turntable,KHX-027-0,KHX-027,Box cover
PL-55/55D,Turntable,KHX-027-0,KHX-027,Box cover
PL-A505,Turntable,KHX-027-0,KHX-027,Box cover
PL-A505,Turntable,KHX-027-0,KHX-027,Plastic board
PL-71,Turntable,KHX-030-0,KHX-030,Parts box
PL-51,Turntable,KKC-001-0,KKC-001,Terminal strip (2L3P)
PL-51,Turntable,KKC-008-0,KKC-008,Terminal strip (1 L4P)
PL-55/55D,Turntable,KKC-008-0,KKC-008,Terminal
PL-A35,Turntable,KKC-008-0,KKC-008,Terminal strip lug-type
PL-A45,Turntable,KKC-008-0,KKC-008,Terminal strip (1 L4P)
PL-A45D,Turntable,KKC-008-0,KKC-008,Terminal strip (1L4P)
PL-112D,Turntable,KKC-011,KKC-011,Terminal
PL-12E,Turntable,KKC-011-0,KKC-011,1L lug terminal
PL-15D,Turntable,KKC-011-0,KKC-011,Terminal
PL-510,Turntable,KKC-011,KKC-011,Terminal
PL-510S,Turntable,KKC-011,KKC-011,Terminal
PL-A45D,Turntable,KKC-011-A,KKC-011,Lug terminal
PL-12DII,Turntable,KKC-021-0,KKC-021,Terminal
PL-510,Turntable,KKC-021,KKC-021,Terminal
PL-510S,Turntable,KKC-021,KKC-021,Terminal
PL-51A,Turntable,KKC-021-0,KKC-021,Terrnmai strip (1L4P)
PL-55X,Turntable,KKC-021-0,KKC-021,Lug terminal (without assembly)
PL-71,Turntable,KKC-021-0,KKC-021,1L-4P terminal
PL-A505,Turntable,KKC-101-A,KKC-101,Terminal
PL-51,Turntable,KKE-003-B,KKE-003,Terminal board (5P)
PL-51A,Turntable,KKE-006-B,KKE-006,Terrmnal board (5P)
PL-55X,Turntable,KKE-006-B,KKE-006,Terminal
PL-71,Turntable,KKE-006-B,KKE-006,Terminal board (5P)
PL-55/55D,Turntable,KKP-006-0,KKP-006,Voltage selector socket
PL-55/55D,Turntable,KKP-007-A,KKP-007,Voltage selector plug
PL-500X,Turntable,KKR-001,KKR-001,Fuse holder
PL-510A,Turntable,KKR-001,KKR-001,Power supply assembly B Fuse clip  (HGT)
PL-A45D,Turntable,KKR-001-0,KKR-001,Fuse holder
PL-520,Turntable,KLA-068,KLA-068,Coller
PL-A35,Turntable,KLA-068-A,KLA-068,Return lever hob
PL-A45,Turntable,KLA-068-A,KLA-068,Return lever hub
PL-A45D,Turntable,KLA-068-B,KLA-068,Return lever hub
PL-A505,Turntable,KLA-068-B,KLA-068,Ring
PL-51,Turntable,KLA-111-0,KLA-111,Clamp pin
PL-51A,Turntable,KLA-111-0,KLA-111,Clamp pin
PL-A35,Turntable,KLA-112-0,KLA-112,Screw
PL-51,Turntable,KLA-131-0,KLA-131,Sub weight A
PL-51,Turntable,KLA-131-0,KLA-131,Subweight A
PL-51A,Turntable,KLA-131-0,KLA-131,Sub weight A
PL-51A,Turntable,KLA-131-0,KLA-131,Subweight A
PL-55/55D,Turntable,KLA-131-0,KLA-131,Sub-weight
PL-55X,Turntable,KLA-131-0,KLA-131,Sub weight
PL-A505,Turntable,KLA-131-0,KLA-131,Sub weight A
PL-71,Turntable,KLA-141-0,KLA-141,Shaft
PL-A505,Turntable,KLA-151-0,KLA-151,Sub weight B
PL-51,Turntable,KLA-154-0,KLA-154,Bail lever shaft
PL-51A,Turntable,KLA-154-0,KLA-154,Ball lever shaft
PL-55/55D,Turntable,KLA-154-0,KLA-154,Shaft
PL-51,Turntable,KLA-155-B,KLA-155,Spacer (A)
PL-51A,Turntable,KLA-155-B,KLA-155,Spacer (A)
PL-55/55D,Turntable,KLA-155-B,KLA-155,Washer
PL-A35,Turntable,KLA-159-0,KLA-159,Nut
PL-A45,Turntable,KLA-159-0,KLA-159,Nut
PL-A45D,Turntable,KLA-159-0,KLA-159,Nut
PL-A505,Turntable,KLA-215-A,KLA-215,Nut
PL-A505,Turntable,KLA-217-0,KLA-217,Ring
PL-A505,Turntable,KLA-219-0,KLA-219,Shaft
PL-A505,Turntable,KLA-225-A,KLA-225,Shaft
PL-A505,Turntable,KLA-226-0,KLA-226,Pole
