model,category,part_number,normalized_part_number,description
TX-8500II,Tuner,ANE-115,ANE-115,Bonnet case
TX-9500II,Tuner,ANE-115,ANE-115,BONNET
SX-450,Receiver,ANE-120,ANE-120,Top plate (KU/KC)
C-21,Pre-Amplifier,ANE-123,ANE-123,Top cover
M-22,Amplifier,ANE-124,ANE-124,P.C. board cover
M-25,Amplifier,ANE-124,ANE-124,P.C. Board Cover
SX-450,Receiver,ANE-131,ANE-131,Top plate (HG/S)
SX-550,Receiver,ANE-131,ANE-131,Top plate (HG)
SX-550,Receiver,ANE-131,ANE-131,Top plate (S)
TX-5500II,Tuner,ANE-132,ANE-132,BONNET
SA-5500II,Integrated Amplifier,ANE-133,ANE-133,Top cover
SX-1980,Receiver,ANE-180,ANE-180,Top plate
A-27,Integrated Amplifier,ANE-185,ANE-185,Top cover - S
A-27,Integrated Amplifier,ANE-185,ANE-185,Top cover - S/G
F-28,Tuner,ANE-188,ANE-188,Top cover
SX-1980,Receiver,ANE-191,ANE-191,Heat sink cover (HG)
SA-606,Integrated Amplifier,ANE-195,ANE-195,Top cover (HG)
SA-606,Integrated Amplifier,ANE-195,ANE-195,"Top cover (S,S/G)"
SA-706,Integrated Amplifier,ANE-196,ANE-196,Top cover (HG)
SA-706,Integrated Amplifier,ANE-196,ANE-196,"Top cover (S,S/G)"
SA-3000,Integrated Amplifier,ANE-197,ANE-197,Top plate
SX-580/590,Receiver,ANE-202,ANE-202,Top plate (SX-590/HG)
SX-580/590,Receiver,ANE-202,ANE-202,Top plate (SX-590/HGW4)
SX-680/690,Receiver,ANE-202,ANE-202,Top plate (SX -680/HG)
SX-680/690,Receiver,ANE-202,ANE-202,Top plate (SX -680/HGW4)
A-27,Integrated Amplifier,ANE-210,ANE-210,Top cover - KU
SA-9800,Integrated Amplifier,ANE-222,ANE-222,Top cover (metal - S)
SA-708,Integrated Amplifier,ANE-235,ANE-235,Top cover
SG-9800,Equalizer,ANE-245,ANE-245,CABINET
RG-2,Dynamic Range Expander,ANE-246,ANE-246,Bonnet case
SR-303,Reverb,ANE-246,ANE-246,Top cover
TX-6800/608,Tuner,ANE-249,ANE-249,Bonnet case (TX-608/KU)
SA-5800/508,Integrated Amplifier,ANE-250,ANE-250,Bonnet cover - SA-508/KU
SA-6800/608,Integrated Amplifier,ANE-250,ANE-250,Bonnet cover  (SA-608)
SA-710,Integrated Amplifier,ANE-269,ANE-269,Bonnet case
SX-600,Receiver,ANE-269,ANE-269,Bonnet case
SX-600L,Receiver,ANE-269,ANE-269,Bonnet case
SX-700,Receiver,ANE-269,ANE-269,Bonnet case
SX-700L,Receiver,ANE-269,ANE-269,Bonnet case
SA-420,Integrated Amplifier,ANE-289,ANE-289,Top cover
TX-410,Tuner,ANE-291,ANE-291,BONNET CASE
TX-520,Tuner,ANE-291,ANE-291,BONNET CASE
TX-610,Tuner,ANE-291,ANE-291,BONNET CASE
TX-710,Tuner,ANE-291,ANE-291,BONNET CASE
TX-720,Tuner,ANE-291,ANE-291,BONNET CASE
SX-3500,Receiver,ANE-305,ANE-305,Top plate
SX-3600/720,Receiver,ANE-305,ANE-305,Top plate
SX-3600/720,Receiver,ANE-305,ANE-305,Top plate
SX-3400,Receiver,ANE-308,ANE-308,Top plale
TX-940,Tuner,ANE-310,ANE-310,BONNET
SX-D5000,Receiver,ANE-311,ANE-311,Bonnet case
F-7,Tuner,ANE-327,ANE-327,Top cover
A-7,Integrated Amplifier,ANE-330,ANE-330,Bonnet case
A-9,Integrated Amplifier,ANE-333,ANE-333,Top cover
A-6,Integrated Amplifier,ANE-345,ANE-345,Top cover
SG-9,Equalizer,ANE-351,ANE-351,Top cover
SA-530,Integrated Amplifier,ANE-353,ANE-353,Bonnet case
SA-930,Integrated Amplifier,ANE-353,ANE-353,Bonnet case
TX-130L,Tuner,ANE-357,ANE-357,Top cover
TX-530L,Tuner,ANE-357,ANE-357,Top cover
SX-6,Receiver,ANE-360,ANE-360,Top cover
SX-7,Receiver,ANE-360,ANE-360,Top cover
SX-4,Receiver,ANE-362,ANE-362,Top cover
SX-5,Receiver,ANE-369,ANE-369,Top cover
SX-8,Receiver,ANE-380,ANE-380,Top cover
TX-930,Tuner,ANE-393,ANE-393,Top cover
SX-202,Receiver,ANE-410,ANE-410,Bonnet
SA-940,Integrated Amplifier,ANE-419,ANE-419,Bonnet case
SA-950,Integrated Amplifier,ANE-419,ANE-419,Bonnet case
SA-1040,Integrated Amplifier,ANE-420,ANE-420,Bonnet case
SA-1050,Integrated Amplifier,ANE-420,ANE-420,Bonnet case
SX-60,Receiver,ANE-438,ANE-438,Bonnet
SX-50,Receiver,ANE-443,ANE-443,Bonnet
A-70,Integrated Amplifier,ANE-446,ANE-446,Bonnet
A-90,Integrated Amplifier,ANE-447,ANE-447,Bonnet
F-90,Tuner,ANE-450,ANE-450,Bonnet case ass'y
A-60,Integrated Amplifier,ANE-452,ANE-452,Bonnet case
SG-90,Equalizer,ANE-458,ANE-458,Bonnet
A-80,Integrated Amplifier,ANE-459,ANE-459,Bonnet
RG-60,Dynamic Range Expander,ANE-468,ANE-468,Bonnet case
TX-950,Tuner,ANE-475,ANE-475,Bonnet case
A-77X,Integrated Amplifier,ANE-547,ANE-547,Bonnet case
A-88X,Integrated Amplifier,ANE-547,ANE-547,Bonnet case
A-77X,Integrated Amplifier,ANE-573,ANE-573,Bonnet case (Silver) - HE
A-66X,Integrated Amplifier,ANE-586,ANE-586,Bonnet case (Black)
A-66X,Integrated Amplifier,ANE-589,ANE-589,Bonnet case (Silver)
SA-708,Integrated Amplifier,ANE-747,ANE-747,Front panel assembly
SA-970,Integrated Amplifier,ANE1012,ANE1012,Bonnet case (BLACK)
SA-970,Integrated Amplifier,ANE1013,ANE1013,Bonnet case (SILVER)
GR-551,Equalizer,ANE1078,ANE1078,Bonnet
GR-555,Equalizer,ANE1078,ANE1078,Bonnet
SD-1100,Other,ANF-013-0,ANF-013,Switch-hold metal
QX-949,Receiver,ANF-014-A,ANF-014,Lamp-held metal
SD-1100,Other,ANF-014-0,ANF-014,Switch-hold metal B
SX-626 (1973),Receiver,ANF-017-0,ANF-017,Power amplifier-held metal
SX-626 (1973),Receiver,ANF-018-0,ANF-018,Control amplifier-held metal
SX-626 (1973),Receiver,ANF-019-A,ANF-019,Switch-held metal
SX-626 (1973),Receiver,ANF-020-B,ANF-020,Dial scale-held metal
QX-4000,Receiver,ANF-070-0,ANF-070,Switch holder FW model
QX-4000,Receiver,ANF-082-0,ANF-082,Shield cover
SD-1100,Other,ANF-085-0,ANF-085,Volume-hold metal
QX-9900,Receiver,ANF-089-0,ANF-089,Shaft-held metal
QX-9900,Receiver,ANF-090-0,ANF-090,Indicator panel hold metal
QX-9900,Receiver,ANF-091-B,ANF-091,Unit-held metal
QX-9900,Receiver,ANF-092-B,ANF-092,Unit-held metal
QX-9900,Receiver,ANF-094-B,ANF-094,Reverb unit-held metal
TX-7100,Tuner,ANF-106-C,ANF-106,Meter-held metal
TX-8100,Tuner,ANF-106-C,ANF-106,Meter-held metal
TX-9100,Tuner,ANF-106-C,ANF-106,Meter-held metal
TX-7100,Tuner,ANF-107-0,ANF-107,Pilot lamp socket holder
TX-8100,Tuner,ANF-107-0,ANF-107,Pilot lamp socket holder
TX-9100,Tuner,ANF-107-0,ANF-107,Lamp board
TX-9100,Tuner,ANF-132-0,ANF-132,P.C. board held metal
QX-646,Receiver,ANF-133-0,ANF-133,Volume holder
QX-646,Receiver,ANF-135-0,ANF-135,Mode indicater held metal
QX-747,Receiver,ANF-140-A,ANF-140,Lamp-held metal
QX-747,Receiver,ANF-141-0,ANF-141,Variable resistor-held metal
QX-949,Receiver,ANF-141-0,ANF-141,Variable resistor-held metal
QX-747,Receiver,ANF-142-0,ANF-142,Switch-held metal
QX-949,Receiver,ANF-142-0,ANF-142,Switch-held metal
QX-747,Receiver,ANF-145-0,ANF-145,Heat sink-held metal
QX-747,Receiver,ANF-145-0,ANF-145,Heat sink-held metal
QX-747,Receiver,ANF-146-0,ANF-146,P.C. board holder
QX-949,Receiver,ANF-148-0,ANF-148,Power amplifier-held metal (A)
QX-949,Receiver,ANF-149-0,ANF-149,Power amplifier-held metal
QX-949,Receiver,ANF-149-0,ANF-149,Power ampliﬁer-held metal (B)
QX-949,Receiver,ANF-150-0,ANF-150,P.C. board-hold metal
QX-949,Receiver,ANF-150-0,ANF-150,Power amplifier-held metal
QX-747,Receiver,ANF-153-0,ANF-153,Switch-held metal
QX-949,Receiver,ANF-153-0,ANF-153,Switch-held metal
QX-949,Receiver,ANF-154-0,ANF-154,P.C. board-held metal
QX-949,Receiver,ANF-156-0,ANF-156,Power transformer-held metal
QX-747,Receiver,ANF-157-A,ANF-157,P.C. board holder (A)
QX-949,Receiver,ANF-157-A,ANF-157,Tuner assembly-held metal (A)
QX-747,Receiver,ANF-158-A,ANF-158,P.C. board holder (B)
QX-949,Receiver,ANF-158-A,ANF-158,Tuner assembly-held metal (B)
QX-747,Receiver,ANF-159-0,ANF-159,P.C. board holder
QX-747,Receiver,ANF-159-0,ANF-159,P.C. board holder
QX-747,Receiver,ANF-159-0,ANF-159,P.C. board holder
QX-747,Receiver,ANF-159-0,ANF-159,P.C. board holder
QX-949,Receiver,ANF-159-0,ANF-159,P.C. board holder
QX-949,Receiver,ANF-160-0,ANF-160,Switch-held metal
QX-949,Receiver,ANF-161-0,ANF-161,Fuse holder-held metal
QX-747,Receiver,ANF-162-0,ANF-162,Dial scale holder
QX-949,Receiver,ANF-162-0,ANF-162,Dial scale holder
QX-747,Receiver,ANF-163-0,ANF-163,Dial scale holder
QX-949,Receiver,ANF-163-A,ANF-163,Dial scale holder
QX-747,Receiver,ANF-164-0,ANF-164,Rubber bracket holder
QX-949,Receiver,ANF-164-0,ANF-164,Rubber bracket holder
QX-949,Receiver,ANF-166-0,ANF-166,P.C. board-held metal
QX-747,Receiver,ANF-167-0,ANF-167,Shield plate
QX-949,Receiver,ANF-167-0,ANF-167,Shield plate
Exclusive M3,Amplifier,ANF-190-0,ANF-190,P.C. board holder
Exclusive M3,Amplifier,ANF-191-0,ANF-191,AC socket-held metal
Exclusive M3,Amplifier,ANF-192-B,ANF-192,P.C. board-held metal
Exclusive M3,Amplifier,ANF-193-A,ANF-193,Sub-chassis
Exclusive M3,Amplifier,ANF-194-0,ANF-194,Sub-chassis
Exclusive M3,Amplifier,ANF-196-0,ANF-196,Plastic plate-held metal
Exclusive M3,Amplifier,ANF-197-0,ANF-197,Reinforced metal
Exclusive M3,Amplifier,ANF-198-0,ANF-198,Plate
Exclusive M3,Amplifier,ANF-199-0,ANF-199,Electrolytic capacitor holder
Exclusive M3,Amplifier,ANF-200-0,ANF-200,Mirror plate
SX-434,Receiver,ANF-202-0,ANF-202,P.C. board holder
SX-434,Receiver,ANF-204-0,ANF-204,Reinforced metal
SX-1010,Receiver,ANF-231-0,ANF-231,Heat sink-held metal
SX-939,Receiver,ANF-231-0,ANF-231,Heat sink-held rnetal
SX-1010,Receiver,ANF-232-0,ANF-232,Heat sink-held metal
SX-939,Receiver,ANF-232-0,ANF-232,Heat sink-held metal
SX-838,Receiver,ANF-233-0,ANF-233,Shield cover
SX-838,Receiver,ANF-234-0,ANF-234,Shield cover
SX-838,Receiver,ANF-235-A,ANF-235,Sub-chassis
SX-737,Receiver,ANF-237-C,ANF-237,P.C. board-held metal-A
SX-838,Receiver,ANF-237-A,ANF-237,"P.C, board-held metal (A)"
SX-737,Receiver,ANF-238-C,ANF-238,P.C. board-held metal-B
SX-838,Receiver,ANF-238-A,ANF-238,"P.C, board-held metal (B)"
SX-838,Receiver,ANF-240-A,ANF-240,Shield cover
SX-939,Receiver,ANF-240-A,ANF-240,Shield cover
SX-1010,Receiver,ANF-242-A,ANF-242,Sub-chassis
SX-1010,Receiver,ANF-243-A,ANF-243,Dial scale-held metal
SX-838,Receiver,ANF-243-A,ANF-243,Dial scale-held metal
SX-939,Receiver,ANF-243-A,ANF-243,Dial scale-held metal
SX-1010,Receiver,ANF-244-A,ANF-244,Tuner assernbly-held metal
SX-939,Receiver,ANF-246-A,ANF-246,P.C. board-held metal (A)
SX-939,Receiver,ANF-247-A,ANF-247,P.C. board-held metal (B)
SX-939,Receiver,ANF-248-0,ANF-248,Power transformer-held metal
SX-1010,Receiver,ANF-249-0,ANF-249,Shading metal
SX-838,Receiver,ANF-249-0,ANF-249,Shading metal
SX-838,Receiver,ANF-249-0,ANF-249,Shading metal
SX-939,Receiver,ANF-249-0,ANF-249,Shading metal
SX-939,Receiver,ANF-249-0,ANF-249,Shading metal
SX-838,Receiver,ANF-250-0,ANF-250,Shield plate
SX-737,Receiver,ANF-259-0,ANF-259,Sub-chassis
SX-737,Receiver,ANF-260-0,ANF-260,Lamp-held metal
SX-535,Receiver,ANF-262-B,ANF-262,Lamp holder
SX-636,Receiver,ANF-262-A,ANF-262,Lamp-held metal
SX-636,Receiver,ANF-263-0,ANF-263,Power transformer-held metal
SX-535,Receiver,ANF-264-A,ANF-264,Switch mount plate
SX-535,Receiver,ANF-266-A,ANF-266,Sub-chassis
SX-535,Receiver,ANF-267-A,ANF-267,Reinforcement plate
SX-636,Receiver,ANF-267-A,ANF-267,Reinforced metal
TX-5300,Tuner,ANF-270-C,ANF-270,Side frame
TX-5300,Tuner,ANF-271-A,ANF-271,From frame
TX-5300,Tuner,ANF-272-A,ANF-272,Center frame
TX-5300,Tuner,ANF-273-0,ANF-273,Rubber clamper
SA-9900,Integrated Amplifier,ANF-287-0,ANF-287,Slide switch mount
SA-9900,Integrated Amplifier,ANF-289-0,ANF-289,Switch mount plate
SA-9900,Integrated Amplifier,ANF-290-0,ANF-290,Sub-chassis
TX-9500,Tuner,ANF-303-0,ANF-303,Side frame
SA-9900,Integrated Amplifier,ANF-309-A,ANF-309,P.C. board mount metal
SA-9900,Integrated Amplifier,ANF-324-0,ANF-324,Socket mount metal (GN)
SX-650,Receiver,ANF-379,ANF-379,Cover
QX-4000,Receiver,ANG-006-0,ANG-006,Meter-heId metal
TX-9500,Tuner,ANG-014-A,ANG-014,Pulley held metal
TX-6200,Tuner,ANG-019-0,ANG-019,Wire supporter
SX-434,Receiver,ANG-043-0,ANG-043,Pulley-held metal
QX-646,Receiver,ANG-066-0,ANG-066,Meter held metal
SD-1100,Other,ANG-069-0,ANG-069,Meter-hold metal
TX-7100,Tuner,ANG-075-0,ANG-075,Dial scale holder
TX-8100,Tuner,ANG-075-0,ANG-075,Dial scale holder
TX-9100,Tuner,ANG-075-0,ANG-075,Dial scale-held metal
TX-7100,Tuner,ANG-076-A,ANG-076,Pulley-held metal
TX-8100,Tuner,ANG-076-A,ANG-076,Pulley held metal
TX-9100,Tuner,ANG-076-A,ANG-076,Pulley-held metal
TX-6200,Tuner,ANG-081-0,ANG-081,Dial scale holder (Bottom)
TX-6200,Tuner,ANG-082-0,ANG-082,Dial scale holder (L)
TX-6200,Tuner,ANG-082-0,ANG-082,Dial scale holder (R)
TX-6200,Tuner,ANG-083-0,ANG-083,Pulley supporter
QX-747,Receiver,ANG-088-A,ANG-088,Pulley-held metal
QX-949,Receiver,ANG-088-A,ANG-088,Pulley-held metal
QX-949,Receiver,ANG-089-0,ANG-089,Wire guide
SX-626 (1973),Receiver,ANG-091-0,ANG-091,Pulley-held metal
SX-626 (1973),Receiver,ANG-091-0,ANG-091,Pulley-held metal
SX-626 (1973),Receiver,ANG-091-0,ANG-091,Pulley-held metal
QX-4000,Receiver,ANG-095-0,ANG-095,Lamp box
SX-434,Receiver,ANG-096-0,ANG-096,Dial scale-held metal
SX-1010,Receiver,ANG-097-0,ANG-097,Lamp holder
SX-838,Receiver,ANG-097-0,ANG-097,Lamp holder
SX-939,Receiver,ANG-097-0,ANG-097,Lamp holder
SX-1010,Receiver,ANG-099-0,ANG-099,Lamp holder
SX-1010,Receiver,ANG-100-0,ANG-100,P.C. board cover
SX-838,Receiver,ANG-100-0,ANG-100,P.C. board cover
SX-939,Receiver,ANG-100-0,ANG-100,P.C. board cover
SX-1010,Receiver,ANG-102-A,ANG-102,Pulley-held metal
SX-838,Receiver,ANG-102-A,ANG-102,Pulley-held metal
SX-939,Receiver,ANG-102-A,ANG-102,Pulley-held metal
SX-838,Receiver,ANG-103-0,ANG-103,Lamp holder
SX-939,Receiver,ANG-103-0,ANG-103,Pilot lamp holder (A)
SX-838,Receiver,ANG-104-0,ANG-104,Lamp holder
SX-939,Receiver,ANG-104-0,ANG-104,Pilot lamp holder (B)
SX-535,Receiver,ANG-105-0,ANG-105,Dial scale-held metal
SX-636,Receiver,ANG-105-0,ANG-105,Dial scale-head metal
SX-737,Receiver,ANG-105-0,ANG-105,Dial scale-held metal
SX-535,Receiver,ANG-106-A,ANG-106,Pulley-held metal
SX-636,Receiver,ANG-106-A,ANG-106,Pulley-held metal
SX-535,Receiver,ANG-107-A,ANG-107,Pulley-held metal
SX-636,Receiver,ANG-107-A,ANG-107,Pulley-held metal
TX-5300,Tuner,ANG-109-0,ANG-109,Pulley-held metal
TX-5300,Tuner,ANG-110-0,ANG-110,Pulley-held metal
TX-9500,Tuner,ANG-115-0,ANG-115,Pulley-held metal
SX-3400,Receiver,ANG-296,ANG-296,Meter holder B
SX-3400,Receiver,ANG-297,ANG-297,Pulley holder
SX-3400,Receiver,ANG-298,ANG-298,Meter holder A
C-72,Pre-Amplifier,ANG1153,ANG1153,AC CORD SPACER - KU/CA
SX-939,Receiver,ANH -211-B,ANH -211,Lamp box (B)
SD-1100,Other,ANH-039-0,ANH-039,Shield case
SX-626 (1973),Receiver,ANH-044-A,ANH-044,Shield plate (1)
SX-626 (1973),Receiver,ANH-045-A,ANH-045,Shield plate (2)
SX-434,Receiver,ANH-078-B,ANH-078,Lamp box
QX-646,Receiver,ANH-095-0,ANH-095,Lamp box
QX-4000,Receiver,ANH-096-0,ANH-096,Switch cover
QX-646,Receiver,ANH-096-0,ANH-096,Selector cover
QX-4000,Receiver,ANH-097-0,ANH-097,Shield cover
QX-646,Receiver,ANH-097-A,ANH-097,Shield cover (Rear)
QX-9900,Receiver,ANH-101-0,ANH-101,Shield cover
QX-9900,Receiver,ANH-102-0,ANH-102,Shield cover
QX-9900,Receiver,ANH-103-A,ANH-103,Shield cover
QX-9900,Receiver,ANH-104-A,ANH-104,Main amp cover L
QX-9900,Receiver,ANH-105-B,ANH-105,Main amp cover R
QX-9900,Receiver,ANH-106-A,ANH-106,Lamp box
QX-9900,Receiver,ANH-107-A,ANH-107,Meter-held metal
QX-9900,Receiver,ANH-107-A,ANH-107,Meter-held metal
SD-1100,Other,ANH-109-0,ANH-109,Shield plate A
SD-1100,Other,ANH-110-0,ANH-110,Shield plate B
SD-1100,Other,ANH-111-0,ANH-111,Side chassis (Right)
SD-1100,Other,ANH-112-0,ANH-112,Side chassis (Left)
SA-8100,Integrated Amplifier,ANH-119-0,ANH-119,Rear shield cover
SA-9100,Integrated Amplifier,ANH-119-0,ANH-119,Rear shield cover
SA-8100,Integrated Amplifier,ANH-123-0,ANH-123,Front shield cover
TX-7100,Tuner,ANH-126-0,ANH-126,Lamp box-A
TX-8100,Tuner,ANH-126-0,ANH-126,Lamp box-A
TX-7100,Tuner,ANH-127-C,ANH-127,Lamp box-B
TX-8100,Tuner,ANH-127-C,ANH-127,Lamp box-B
TX-9100,Tuner,ANH-127-C,ANH-127,Lamp box (A)
TX-9100,Tuner,ANH-127-C,ANH-127,Lamp box (B)
SA-8100,Integrated Amplifier,ANH-128-0,ANH-128,Shield board
SX-626 (1973),Receiver,ANH-131-0,ANH-131,Cover (power ampliﬁer)
SA-9100,Integrated Amplifier,ANH-133-0,ANH-133,Front shield cover
TX-8100,Tuner,ANH-137-B,ANH-137,Shield cover
SA-8100,Integrated Amplifier,ANH-138-0,ANH-138,Shield board
SA-9100,Integrated Amplifier,ANH-138-0,ANH-138,Shield board
SX-626 (1973),Receiver,ANH-139-A,ANH-139,Shield plate
SX-626 (1973),Receiver,ANH-140-0,ANH-140,Lamp cover
TX-9100,Tuner,ANH-141-0,ANH-141,Shield case (A)
TX-9100,Tuner,ANH-142-A,ANH-142,Shield case (B)
TX-6200,Tuner,ANH-144-A,ANH-144,Lamp box
SA-5200,Integrated Amplifier,ANH-147-0,ANH-147,Shield plate
SA-9100,Integrated Amplifier,ANH-148-0,ANH-148,Shield cover
QX-747,Receiver,ANH-152-A,ANH-152,Shield cover
QX-747,Receiver,ANH-154-0,ANH-154,Shield cover
QX-747,Receiver,ANH-155-0,ANH-155,Shield plate
QX-949,Receiver,ANH-155-A,ANH-155,Shield plate
QX-747,Receiver,ANH-156-A,ANH-156,Lamp-box
QX-949,Receiver,ANH-156-A,ANH-156,Lamp box
QX-747,Receiver,ANH-157-0,ANH-157,Heat sink
QX-949,Receiver,ANH-159-0,ANH-159,Heat sink
QX-747,Receiver,ANH-162-0,ANH-162,Lamp box
QX-949,Receiver,ANH-162-0,ANH-162,Lamp box
QX-949,Receiver,ANH-163-0,ANH-163,Cover (power amplifier)
QX-949,Receiver,ANH-165-A,ANH-165,Shield plate
QX-747,Receiver,ANH-168-A,ANH-168,Shield plate
QX-949,Receiver,ANH-168-A,ANH-168,Shield plate
QX-747,Receiver,ANH-169-0,ANH-169,Shield plate
QX-949,Receiver,ANH-169-0,ANH-169,Shield plate
QX-747,Receiver,ANH-170-A,ANH-170,Shield plate
QX-949,Receiver,ANH-170-A,ANH-170,Shield plate
Exclusive M3,Amplifier,ANH-186-0,ANH-186,Shield cover
SX-434,Receiver,ANH-192-0,ANH-192,Heat sink
SX-1010,Receiver,ANH-205-0,ANH-205,Heat sink
SX-1010,Receiver,ANH-206-0,ANH-206,Shield cover
SX-939,Receiver,ANH-206-0,ANH-206,Shield cover
SX-1010,Receiver,ANH-208-A,ANH-208,Shield cover
SX-939,Receiver,ANH-208-A,ANH-208,Shield cover (rear)
SX-1010,Receiver,ANH-210-A,ANH-210,Lamp box
SX-838,Receiver,ANH-210-A,ANH-210,Lamp box
SX-939,Receiver,ANH-210-A,ANH-210,Lamp box (A)
SX-1010,Receiver,ANH-211-B,ANH-211,Lamp Box
SX-838,Receiver,ANH-211-B,ANH-211,Lamp box
SX-1010,Receiver,ANH-212-0,ANH-212,Shield cover
SX-1010,Receiver,ANH-213-A,ANH-213,Shield cover
SX-939,Receiver,ANH-215-A,ANH-215,Heal sink
SX-636,Receiver,ANH-217-0,ANH-217,Lamp box
SX-737,Receiver,ANH-217-A,ANH-217,Lamp box
SX-737,Receiver,ANH-218-0,ANH-218,Meter lamp box
SX-535,Receiver,ANH-219-B,ANH-219,Lamp box
SX-636,Receiver,ANH-219-B,ANH-219,Meter lamp box
SX-535,Receiver,ANH-221-0,ANH-221,Lamp box
SA-9900,Integrated Amplifier,ANH-231-A,ANH-231,Front shield cover
SA-9900,Integrated Amplifier,ANH-232-0,ANH-232,Shield cover
SA-9900,Integrated Amplifier,ANH-233-A,ANH-233,Shield cover
SA-9900,Integrated Amplifier,ANH-234-0,ANH-234,Shield cover
SA-9900,Integrated Amplifier,ANH-236-B,ANH-236,Heatsink
SA-9900,Integrated Amplifier,ANH-247-0,ANH-247,Shield plate
TX-9500,Tuner,ANH-250-A,ANH-250,Lamp board mount plate
SX-650,Receiver,ANH-298,ANH-298,Slide cover
M-25,Amplifier,ANH-318,ANH-318,Heat sink
A-27,Integrated Amplifier,ANH-340,ANH-340,Heat sink
SX-1980,Receiver,ANH-365,ANH-365,Heatsink (KU/S/SG)
A-27,Integrated Amplifier,ANH-400,ANH-400,Heat sink
SX-1980,Receiver,ANH-424,ANH-424,Heatsink (HG)
SX-850,Receiver,ANK-012,ANK-012,Phone jack (MIC)
SX-434,Receiver,ANK-017-A,ANK-017,Meter-held metal
A-27,Integrated Amplifier,ANK-018,ANK-018,Hexagonal wrench
C-21,Pre-Amplifier,ANK-018,ANK-018,Hexagonal wrench
SA-8100,Integrated Amplifier,ANK-018-0,ANK-018,Hexagonal wrench
SA-9500II,Integrated Amplifier,ANK-018,ANK-018,Hexagonal wrench
TX-6500II,Tuner,ANK-018,ANK-018,Hexagonal wrench
TX-8500II,Tuner,ANK-018,ANK-018,Hexagonal wrench
TX-9500,Tuner,ANK-018-0,ANK-018,Hexagonal wrench
QX-4000,Receiver,ANK-026-0,ANK-026,Wire cover metal
QX-646,Receiver,ANK-026-A,ANK-026,Wire cover
QX-9900,Receiver,ANK-027-0,ANK-027,Dial scale-held metal
TX-7100,Tuner,ANK-034-0,ANK-034,P.C. board cover
TX-8100,Tuner,ANK-034-0,ANK-034,P.C. board cover
TX-9100,Tuner,ANK-034-0,ANK-034,P.C board cover
TX-7100,Tuner,ANK-035-0,ANK-035,Wire holder
TX-8100,Tuner,ANK-035-0,ANK-035,Wire holder
TX-9100,Tuner,ANK-036-B,ANK-036,Dial cover
QX-646,Receiver,ANK-042-0,ANK-042,Side plate
QX-646,Receiver,ANK-044-0,ANK-044,Mode indicater
QX-747,Receiver,ANK-052-0,ANK-052,Wire supporter
QX-747,Receiver,ANK-053-0,ANK-053,P.C. board cover
QX-949,Receiver,ANK-053-0,ANK-053,P.C. board cover
QX-747,Receiver,ANK-054-0,ANK-054,Wire cover
QX-949,Receiver,ANK-054-0,ANK-054,Wire cover
QX-949,Receiver,ANK-055-0,ANK-055,Reinforced metal
QX-747,Receiver,ANK-056-A,ANK-056,Reinforced metal (L)
QX-949,Receiver,ANK-056-0,ANK-056,Wire supporter
QX-949,Receiver,ANK-056-A,ANK-056,Reinforced metal (L)
QX-747,Receiver,ANK-057-A,ANK-057,Reinforced metal (R)
QX-949,Receiver,ANK-057-A,ANK-057,Reinforced metal(R)
SX-535,Receiver,ANK-072-0,ANK-072,P.C. board cover
SX-636,Receiver,ANK-072-0,ANK-072,P.C. board cover
SX-737,Receiver,ANK-072-0,ANK-072,P.C. board cover
SA-9900,Integrated Amplifier,ANK-073-A,ANK-073,Wire guide
TX-9500,Tuner,ANK-077-0,ANK-077,Dial pointer guide plate
SPEC-1,Pre-Amplifier,ANK-084,ANK-084,Handle
SPEC-2,Amplifier,ANK-084,ANK-084,Handle
SPEC-4,Amplifier,ANK-084,ANK-084,Handle
CT-F950,Cassette Tape,ANK-566,ANK-566,Guide (L)
SX-828,Receiver,ANK018-0,ANK018,Hexagonal wrench
SA-420,Integrated Amplifier,ANM-008,ANM-008,Front panel assembly
A-6,Integrated Amplifier,ANM-025,ANM-025,Front panel assembly
SG-9,Equalizer,ANM-055,ANM-055,Front panel assembly
SX-6,Receiver,ANM-064,ANM-064,Front panel assembly
SX-7,Receiver,ANM-065,ANM-065,From panel assembly
SX-5,Receiver,ANM-074,ANM-074,Front panel assembly
SX-4,Receiver,ANM-075,ANM-075,Front panel assemb)y
SX-8,Receiver,ANM-117,ANM-117,From panel assembly
TX-530L,Tuner,ANM-128,ANM-128,Front panel
SA-930,Integrated Amplifier,ANM-201,ANM-201,Front panel assembly
SA-530,Integrated Amplifier,ANM-204,ANM-204,Front panel cover
SA-530,Integrated Amplifier,ANM-205,ANM-205,Front panel assembly
TX-530,Tuner,ANM-207,ANM-207,FRONT PANEL TX530
TX-130L,Tuner,ANM-208,ANM-208,Front panel
TX-930,Tuner,ANM-209,ANM-209,Front cover
SX-202,Receiver,ANM-292,ANM-292,Front panel assembly
SX-60,Receiver,ANM-377,ANM-377,Front panel assembly
SX-50,Receiver,ANM-380,ANM-380,Front panel assembly
SX-60,Receiver,ANM-385,ANM-385,Function plate
SA-1040,Integrated Amplifier,ANM-394,ANM-394,Front panel ass'y
SA-940,Integrated Amplifier,ANM-395,ANM-395,Front panel ass'y
A-70,Integrated Amplifier,ANM-412,ANM-412,Front panel assembly
A-90,Integrated Amplifier,ANM-414,ANM-414,Front panal Asembly
F-90,Tuner,ANM-423,ANM-423,Front panel ass'y
A-60,Integrated Amplifier,ANM-432,ANM-432,Front Panel ass'y
SG-90,Equalizer,ANM-451,ANM-451,Front panel assembly
A-80,Integrated Amplifier,ANM-453,ANM-453,Front panel assembly
RG-60,Dynamic Range Expander,ANM-497,ANM-497,Front panel assembly
SA-1050,Integrated Amplifier,ANM-545,ANM-545,"Front panel ass'y (KU, S, S/G)"
SA-950,Integrated Amplifier,ANM-547,ANM-547,Front panel ass'y - HE
SA-950,Integrated Amplifier,ANM-547,ANM-547,Front panel ass'y - HEZ
SA-950,Integrated Amplifier,ANM-547,ANM-547,Front panel ass'y - KC
SA-950,Integrated Amplifier,ANM-547,ANM-547,Front panel ass'y - KU
SA-950,Integrated Amplifier,ANM-547,ANM-547,Front panel ass'y - S
SA-950,Integrated Amplifier,ANM-547,ANM-547,Front panel ass'y - S/G
SA-950,Integrated Amplifier,ANM-547,ANM-547,Front panel ass’y - YP
TX-950,Tuner,ANM-602,ANM-602,Front panel assembly
A-88X,Integrated Amplifier,ANM-941,ANM-941,Front panel
A-77X,Integrated Amplifier,ANM-943,ANM-943,Front panel assembly
SA-9800,Integrated Amplifier,ANP-865,ANP-865,P.C. board
SX-1080,Receiver,ANR-020,ANR-020,Acrylic board
SX-980,Receiver,ANR-020,ANR-020,Acrylic board
SX-580/590,Receiver,ANR-026,ANR-026,Acrylic board
SX-780,Receiver,ANR-036,ANR-036,Acrylic board
SX-D5000,Receiver,ANR-224,ANR-224,Acrylic cover
SX-D5000,Receiver,ANR-246,ANR-246,Side panel
SG-90,Equalizer,ANR-295,ANR-295,Switch rod
F-90,Tuner,ANR-309,ANR-309,Antenna holder
F-7,Tuner,ANR-316,ANR-316,Slider assembly
F-7,Tuner,ANR-317,ANR-317,Center cover
F-7,Tuner,ANR-320,ANR-320,Hinge L
F-7,Tuner,ANR-321,ANR-321,Hinge R
F-7,Tuner,ANR-322,ANR-322,Door
F-9,Tuner,ANR-324,ANR-324,DOOR
F-7,Tuner,ANR-325,ANR-325,Pillar
A-7,Integrated Amplifier,ANR-331,ANR-331,Center plate
A-9,Integrated Amplifier,ANR-332,ANR-332,Center pillar
A-7,Integrated Amplifier,ANR-333,ANR-333,Cover
A-9,Integrated Amplifier,ANR-334,ANR-334,Display cover
A-7,Integrated Amplifier,ANR-340,ANR-340,Hinge (L)
A-9,Integrated Amplifier,ANR-340,ANR-340,Hinge L
A-7,Integrated Amplifier,ANR-341,ANR-341,Hinge (R)
A-9,Integrated Amplifier,ANR-341,ANR-341,Hinge R
SX-5,Receiver,ANR-407,ANR-407,Display cover
SX-6,Receiver,ANR-408,ANR-408,Display cover
SX-4,Receiver,ANR-432,ANR-432,Case cover
SX-5,Receiver,ANR-432,ANR-432,Case cover
SX-6,Receiver,ANR-432,ANR-432,Case cover
SX-6,Receiver,ANR-450,ANR-450,Slider assembly
SX-7,Receiver,ANR-450,ANR-450,Slider assembly
SX-8,Receiver,ANR-450,ANR-450,Slider assembly
SX-4,Receiver,ANR-454,ANR-454,Display cover
SX-5,Receiver,ANR-455,ANR-455,Slider assembly
SX-7,Receiver,ANR-459,ANR-459,Display cover
SX-8,Receiver,ANR-491,ANR-491,Display cover
TX-930,Tuner,ANR-514,ANR-514,Card holder
TX-930,Tuner,ANR-515,ANR-515,Front base assembly
TX-130L,Tuner,ANR-522,ANR-522,Panel stay assembIy
A-77X,Integrated Amplifier,ANY-048,ANY-048,Front panel assembly (black) - HB
A-77X,Integrated Amplifier,ANY-048,ANY-048,Front panel assembly (black) - HE
A-77X,Integrated Amplifier,ANY-048,ANY-048,Front panel assembly (black) - KU
A-77X,Integrated Amplifier,ANY-048,ANY-048,Front panel assembly (black) - S
A-77X,Integrated Amplifier,ANY-048,ANY-048,Front panel assembly (black) - S/G
A-77X,Integrated Amplifier,ANY-052,ANY-052,Front panel assembly (silver) - HE
A-66X,Integrated Amplifier,ANY-091,ANY-091,Front panel assembly (Silver)
A-66X,Integrated Amplifier,ANY-092,ANY-092,Front panel assembly (Black)
SX-1000TA (Early),Receiver,AP2109,AP2109,Terminal 2P
SX-1000TA (Early),Receiver,AP2213,AP2213,Terminal 6P
SX-1000TA (Early),Receiver,AP3111,AP3111,Terminal 3P antenna
SX-1000TA (Early),Receiver,AR0004,AR0004,10K MPX Separation Control
SX-1000TA (Early),Receiver,AR0015,AR0015,50K Muting Level Adjust
SX-1000TA (Early),Receiver,AR0022,AR0022,1K Left Right Level Adjust
SX-1000TA (Early),Receiver,AR0024,AR0024,30K Auto Level Adjust
SX-1000TA (Early),Receiver,AR0026,AR0026,300Ω Current control
SX-1000TA (Early),Receiver,AR0026,AR0026,300Ω Current control
DT-400,Timer,AR2132D,AR2132D,LED
SX-1000TA (Early),Receiver,AR8549,AR8549,500K dual. Volume
SX-1000TA (Early),Receiver,AR8552,AR8552,50K dual. Balance
SX-1000TA (Early),Receiver,AR8718,AR8718,100K dual. Bass
SX-1000TA (Early),Receiver,AR8718,AR8718,100K dual. Treble
SD-1000,Other,ARB-001-O,ARB-001,Operating instructions
SA-1000,Integrated Amplifier,ARB-002-A,ARB-002,Operating instructions (KUW model)
SA-1000,Integrated Amplifier,ARB-003-A,ARB-003,Operating instructions (FVW model)
QX-8000,Receiver,ARB-006-0,ARB-006,Operating Instructions QX-8000
SX-6000,Receiver,ARB-007-0,ARB-007,Operating Instructions SX-6000
TX-1000,Tuner,ARB-009,ARB-009,O/M TX-1000
SA-800,Integrated Amplifier,ARB-010-0,ARB-010,Operating instructions SA-800
SA-800,Integrated Amplifier,ARB-011-0,ARB-011,Operating instructions SA-800 (KUW/KCW)
SA-600,Integrated Amplifier,ARB-012-0,ARB-012,Operating instructions
QC-800,Pre-Amplifier,ARB-013-0,ARB-013,Operating instructions QC-800
QA-800,Integrated Amplifier,ARB-014-0,ARB-014,Operating instructions QA-800
QC-800A,Pre-Amplifier,ARB-016-0,ARB-016,Operating instructions QC-800A
QM-800,Amplifier,ARB-018-0,ARB-018,Operating instructions QM-800
TX-600,Tuner,ARB-021,ARB-021,O/M TX-600
QX-8000A,Receiver,ARB-028-0,ARB-028,Operating instructions (KUW) QX-8000A
QL-600,Integrated Amplifier,ARB-035-0,ARB-035,Operating Instructions
TX-500A,Tuner,ARB-036,ARB-036,O/M TX-500A
SA-500A,Integrated Amplifier,ARB-039-O,ARB-039,Operating Instructions (KC/FV)
SA-500A,Integrated Amplifier,ARB-040-O,ARB-040,Operating Instructions (KU)
SX-525,Receiver,ARB-042-0,ARB-042,Operating instructions SX-525
SX-626 (1971),Receiver,ARB-044-0,ARB-044,Operating instructions SX-626 (1971)
SX-727,Receiver,ARB-045-0,ARB-045,Operating instructions SX-727
SX-828,Receiver,ARB-049-0,ARB-049,Operating instructions SX-828
SX-424,Receiver,ARB-054-0,ARB-054,Operanng instructions
QD-210,Other,ARB-055,ARB-055,O/M QD-210
QM-800A,Amplifier,ARB-056-0,ARB-056,Operating instructions QM-800A
QL-600A,Integrated Amplifier,ARB-057-0,ARB-057,Operating instructions
QX-8000A,Receiver,ARB-058-0,ARB-058,"Operating instructions (KUW,FW,FSAW) QX-8000A"
QA-800A,Integrated Amplifier,ARB-060-0,ARB-060,Operating instructions QA-800A
QX-4000,Receiver,ARB-063-0,ARB-063,Operating instructions QX-4000
QX-9900,Receiver,ARB-065-0,ARB-065,Operating instructions copy QX-9900
SD-1100,Other,ARB-066-0,ARB-066,Operating instructions
SA-7100,Integrated Amplifier,ARB-068-0,ARB-068,Operating instructions SA-7100
SA-8100,Integrated Amplifier,ARB-069-0,ARB-069,Operating instructions SA-8100
TX-7100,Tuner,ARB-071-0,ARB-071,OPERATING INSTRUCTIONS  TX-7100
TX-8100,Tuner,ARB-072-0,ARB-072,Operating instructions TX-8100
TX-9100,Tuner,ARB-073-0,ARB-073,Operating instructions  TX-9100
SA-5200,Integrated Amplifier,ARB-076-0,ARB-076,Operating instructions  SA-5200
TX-6200,Tuner,ARB-077,ARB-077,Operation instruction TX-6200
QD-240,Other,ARB-080,ARB-080,O/M QD-240
QX-646,Receiver,ARB-081-0,ARB-081,Operating instructions QX-646
QX-949,Receiver,ARB-087-0,ARB-087,Operating instructions QX-949
QX-747,Receiver,ARB-088-0,ARB-088,OPERATING INSTRUCTIONS QX-747
SX-939,Receiver,ARB-099-0,ARB-099,Operating instructions SX-939
SX-737,Receiver,ARB-105-0,ARB-105,Operating instructions SX-737 (English)
SX-636,Receiver,ARB-107-0,ARB-107,Operating instructions SX-636 (English)
Exclusive M3,Amplifier,ARB-125-A,ARB-125,Operating instructions Exclusive M3
SA-9900,Integrated Amplifier,ARB-129-0,ARB-129,Operating Instructions SA-9900 (KCU)
TX-5300,Tuner,ARB-130,ARB-130,O/M TX-5300
TX-9500,Tuner,ARB-132,ARB-132,Operating instructions TX-9500
QX-949A,Receiver,ARB-133,ARB-133,Operation manual QX-949A
TX-7500,Tuner,ARB-135,ARB-135,O/M TX-7500 * (NLA)
QX-747A,Receiver,ARB-142,ARB-142,Operating instructions  QX-747A
SA-9900,Integrated Amplifier,ARB-143-0,ARB-143,Operating instructions SA-9900 (English)
TX-9500,Tuner,ARB-148-0,ARB-148,Operating instructions (English)
RG-1,Dynamic Range Expander,ARB-158-C,ARB-158,Operating Instructions RG-1
SG-9500,Equalizer,ARB-159,ARB-159,Operating instructions SG-9500
TX-6500,Tuner,ARB-160,ARB-160,O/M TX-6500/2
SX-1250,Receiver,ARB-164,ARB-164,Operating instructions-English SX-1250 (KCU)
SPEC-2,Amplifier,ARB-167,ARB-167,Operating Instructions SPEC-2
SX-1250,Receiver,ARB-168,ARB-168,Operating instructions-English SX-1250 (S)
SPEC-1,Pre-Amplifier,ARB-169,ARB-169,Operating Instructions SPEC-1
SX-1250,Receiver,ARB-171,ARB-171,Operating instructions-English SX-1250 (HG)
SX-850,Receiver,ARB-175,ARB-175,Operating Instructions SX-850
SX-850,Receiver,ARB-175,ARB-175,Service Manual SX-850
SX-550,Receiver,ARB-182,ARB-182,Operating instructions SX-550
SX-550,Receiver,ARB-183,ARB-183,Operating instructions SX-550 (Engish - S)
SX-450,Receiver,ARB-185,ARB-185,Operating instructions SX-450 (English-KU/KC)
SX-650,Receiver,ARB-186,ARB-186,Operating instructions English  SX-650 - KCU
SX-650,Receiver,ARB-187,ARB-187,Operating instructions English  SX-650 - HG
SX-450,Receiver,ARB-191,ARB-191,Operating instructions SX-450 (English-S)
SX-450,Receiver,ARB-193,ARB-193,Operating instructions SX-450 (English-HG)
SX-650,Receiver,ARB-195,ARB-195,Operating instructions English  SX-650 - S
TX-8500II,Tuner,ARB-204,ARB-204,"Operating instructions  TX-8500II (English) - KU,KC"
SA-8500II,Integrated Amplifier,ARB-205,ARB-205,Operating instructions  SA-8500II (English-KC)
SA-8500II,Integrated Amplifier,ARB-205,ARB-205,Operating instructions  SA-8500II (English-KU)
TX-6500II,Tuner,ARB-206,ARB-206,"Operating instructions (English -  KU,KC)  TX-6500II"
TX-9500II,Tuner,ARB-207,ARB-207,Operating instructions (English - KU/KC)
SA-9500II,Integrated Amplifier,ARB-208,ARB-208,Operating instructions (KU/KC - English)
TX-5500II,Tuner,ARB-209,ARB-209,O/M TX-5500/2
TX-8500II,Tuner,ARB-212,ARB-212,Operating instructions  TX-8500II (English) - HG
TX-8500II,Tuner,ARB-213,ARB-213,Operating instructions  TX-8500II (English) - S
TX-6500II,Tuner,ARB-214,ARB-214,Operating instructions (English -  HG)  TX-6500II
SA-8500II,Integrated Amplifier,ARB-216,ARB-216,Operating instructions  SA-8500II (English-HG)
SA-8500II,Integrated Amplifier,ARB-216,ARB-216,Operating instructions  SA-8500II (English-S)
TX-9500II,Tuner,ARB-218,ARB-218,Operating instructions (English - HG)
TX-9500II,Tuner,ARB-219,ARB-219,Operating instructions (English - S)
SA-9500II,Integrated Amplifier,ARB-220,ARB-220,Operating instructions (HG - English)
SA-9500II,Integrated Amplifier,ARB-220,ARB-220,Operating instructions (S - English)
TX-6500II,Tuner,ARB-225,ARB-225,Operating instructions (English -  S)  TX-6500II
C-21,Pre-Amplifier,ARB-230,ARB-230,O/M C-21
C-21,Pre-Amplifier,ARB-230,ARB-230,Operating instructions  C-21
M-22,Amplifier,ARB-231,ARB-231,Operating instructions M-22
SPEC-4,Amplifier,ARB-235,ARB-235,Operating Instructions SPEC-4
TX-606,Tuner,ARB-254,ARB-254,O/M TX-6700
TX-6700,Tuner,ARB-254,ARB-254,O/M TX-6700
SA-606,Integrated Amplifier,ARB-258,ARB-258,"Operating instructions SA-606 (ENGLISH - S,S/G,HG)"
SA-7700,Integrated Amplifier,ARB-260,ARB-260,Operating instructions SA-7700
SA-706,Integrated Amplifier,ARB-261,ARB-261,"Operating instructions SA-706 (English -S,S/G,HG)"
M-25,Amplifier,ARB-266,ARB-266,Operating instructions M-25
SX-580/590,Receiver,ARB-267,ARB-267,Operating instructions (ENGLISH) (SX-580/KU)
SX-680/690,Receiver,ARB-268,ARB-268,Operating instructions (English) (SX-680/KU)
SX-680/690,Receiver,ARB-268,ARB-268,Operating instructions (KC type)
SX-880/890,Receiver,ARB-272,ARB-272,Operating instructions (SX-880/KC)
SX-880/890,Receiver,ARB-272,ARB-272,Operating instructions (SX-880/KU)
SX-880/890,Receiver,ARB-273,ARB-273,Operating instructions (SX-880/S)
SX-880/890,Receiver,ARB-273,ARB-273,Operating instructions (SX-880/SG)
SX-580/590,Receiver,ARB-275,ARB-275,Operating instructions (ENGLISH) (SX-590/HG)
SX-580/590,Receiver,ARB-275,ARB-275,Operating instructions (ENGLISH) (SX-590/HGW4)
SX-680/690,Receiver,ARB-276,ARB-276,Operating instructions (English) (SX-680/HG)
SX-680/690,Receiver,ARB-276,ARB-276,Operating instructions (English) (SX-680/HGW4)
SX-680/690,Receiver,ARB-280,ARB-280,Operating instructions (S/SG type)
F-28,Tuner,ARB-282,ARB-282,Operating instructions  F-28 (KU)
F-28,Tuner,ARB-283,ARB-283,Operating instructions  F-28 (S/G)
A-27,Integrated Amplifier,ARB-284,ARB-284,Operating instructions  A-27 - KU
A-40,Integrated Amplifier,ARB-284,ARB-284,Operating instructions A-27
SX-680/690,Receiver,ARB-286,ARB-286,Operating instructions (SX-680/KU)
A-27,Integrated Amplifier,ARB-288,ARB-288,Operating instructions  A-27 - S
A-27,Integrated Amplifier,ARB-288,ARB-288,Operating instructions  A-27 - S/G
SX-680/690,Receiver,ARB-291,ARB-291,Operating instructions (SX-690/KU)
SX-880/890,Receiver,ARB-293,ARB-293,Operating instructions (SX-890/KU)
M-25,Amplifier,ARB-297,ARB-297,O/M M-25
SA-3000,Integrated Amplifier,ARB-305,ARB-305,Operating instructions (English)
TX-7800,Tuner,ARB-306,ARB-306,O/M TX-7800
TX-9800,Tuner,ARB-308,ARB-308,O/M TX-9800
SG-9800,Equalizer,ARB-315,ARB-315,Operating instructions SG-9800
SR-303,Reverb,ARB-316,ARB-316,Operating instructions
TX-6800/608,Tuner,ARB-319,ARB-319,Operating instructions (TX-6800/KU)
RG-2,Dynamic Range Expander,ARB-320,ARB-320,Operating instructions  RG-2
SA-6800/608,Integrated Amplifier,ARB-324,ARB-324,Operating instructions  SA-6800
SA-5800/508,Integrated Amplifier,ARB-325,ARB-325,Operating instructions - SA-5800/KU
TX-6800/608,Tuner,ARB-327-A,ARB-327,"Operating instructions  (TX-608  S,S/G,HE,HB)"
SA-708,Integrated Amplifier,ARB-328,ARB-328,Operating instructions  SA-708 (ENGLISH)
SA-6800/608,Integrated Amplifier,ARB-333,ARB-333,Operating instructions  SA-608
SA-5800/508,Integrated Amplifier,ARB-334,ARB-334,Operating instructions - SA-508/KU
TX-6800/608,Tuner,ARB-335,ARB-335,Operating instructions (TX-608/KU)
TX-410,Tuner,ARB-349,ARB-349,O/M TX-410
SA-710,Integrated Amplifier,ARB-353,ARB-353,Operating instructions -KU (English)
SX-3900,Receiver,ARB-354,ARB-354,Operating instructions SX-3900 (KU)
SX-3800,Receiver,ARB-355,ARB-355,Operating instructions SX-3800 (KU)
SX-3900,Receiver,ARB-356,ARB-356,Operating instructions SX-3900 (S/G)
SX-3800,Receiver,ARB-357,ARB-357,"Operating instructions SX-3800 (S,S/G)"
SX-3700,Receiver,ARB-360,ARB-360,Operating instructions
SX-3600/720,Receiver,ARB-361,ARB-361,Operating instructions  SX-3600 (KU)
SA-710,Integrated Amplifier,ARB-364,ARB-364,Operating instructions -HB (English)
SA-710,Integrated Amplifier,ARB-364,ARB-364,Operating instructions -HE (English)
SX-3400,Receiver,ARB-368,ARB-368,Operating instructions  SX-3600 (KU)
SX-700L,Receiver,ARB-369,ARB-369,Operating instructions (English)  SX-700L
SX-3600/720,Receiver,ARB-370,ARB-370,Operating instructions  SX-720 (KU)
SX-820,Receiver,ARB-375,ARB-375,Operating instructions SX-820
TX-710,Tuner,ARB-377,ARB-377,O/M TX-710
SX-600,Receiver,ARB-378,ARB-378,Operating instructions  SX-600 - YP
SX-700,Receiver,ARB-379,ARB-379,Operating instructions  SX-700
SX-3400,Receiver,ARB-380,ARB-380,Operating instructions  SX-3600 (S)
SX-D7000,Receiver,ARB-381,ARB-381,Operating instructions (KU)
SX-D5000,Receiver,ARB-382,ARB-382,Operating instructions (ENGLISH) SX-D5000 - KU
DT-500,Timer,ARB-385,ARB-385,Operating Instructions DT-500
SX-D5000,Receiver,ARB-388,ARB-388,Operating instructions (ENGLISH) - HG
SX-600,Receiver,ARB-389,ARB-389,Operating instructions  SX-600 - KU
SX-D7000,Receiver,ARB-390,ARB-390,Operating instructions (KC)
F-9,Tuner,ARB-393,ARB-393,O/M F-9
A-7,Integrated Amplifier,ARB-394,ARB-394,Operation instructions  A-7 (KU)
A-8,Integrated Amplifier,ARB-395,ARB-395,Operating instructions  A-8
A-9,Integrated Amplifier,ARB-396,ARB-396,Operating instructions A-9
F-7,Tuner,ARB-397,ARB-397,Operating instructions (English - HG) F7
A-9,Integrated Amplifier,ARB-399,ARB-399,Operating instructions (English)  A-9
A-7,Integrated Amplifier,ARB-400,ARB-400,Operation instructions  A-7 (E)
SA-420,Integrated Amplifier,ARB-405,ARB-405,Operating instructions (English) - KU
SA-420,Integrated Amplifier,ARB-406,ARB-406,Operating instructions (English) - S
SA-420,Integrated Amplifier,ARB-406,ARB-406,Operating instructions (English) - YP
A-6,Integrated Amplifier,ARB-415,ARB-415,Operating instructions (English - KU)  A-6
A-6,Integrated Amplifier,ARB-422,ARB-422,Operating instructions (English - HB)  A-6
SG-9,Equalizer,ARB-428,ARB-428,Operating instructions  SG-9 - KC
SG-9,Equalizer,ARB-428,ARB-428,Operating instructions  SG-9 - KU
SG-9,Equalizer,ARB-433,ARB-433,Operating instructions  SG-9 - R/G
SX-6,Receiver,ARB-437,ARB-437,Operating instructions(English)
SX-5,Receiver,ARB-438,ARB-438,Operating instructions  SX-5
SX-4,Receiver,ARB-439,ARB-439,Operating instructions  SX-4
SX-7,Receiver,ARB-442,ARB-442,Operating instructions  SX-7
SX-8,Receiver,ARB-467,ARB-467,Operating instructions  SX-8 KU-type
SX-8,Receiver,ARB-468,ARB-468,Operating instructions  SX-8 S-type
SX-8,Receiver,ARB-468,ARB-468,Operating instructions  SX-8 S/G-type
SA-930,Integrated Amplifier,ARB-474,ARB-474,Operating instructions (English)  SA-930 - KU
SA-530,Integrated Amplifier,ARB-476,ARB-476,Operating instructions (English) - KU
SA-930,Integrated Amplifier,ARB-479,ARB-479,Operating instructions (English)  SA-930 - HB
SA-930,Integrated Amplifier,ARB-479,ARB-479,Operating instructions (English)  SA-930 - S/SG
SA-930,Integrated Amplifier,ARB-479,ARB-479,Operating instructions (English)  SA-930 - YP
SA-530,Integrated Amplifier,ARB-481,ARB-481,Operating instructions (English) - HB
SA-530,Integrated Amplifier,ARB-481,ARB-481,Operating instructions (English) - S
SA-530,Integrated Amplifier,ARB-481,ARB-481,Operating instructions (English) - YP
TX-530L,Tuner,ARB-485,ARB-485,Operating instructions (HB)(English)
TX-130L,Tuner,ARB-486,ARB-486,Operating instructions (HB - English)
TX-930,Tuner,ARB-493,ARB-493,Operating instructions
SX-202,Receiver,ARB-525,ARB-525,Operating instructions (English)
SA-1040,Integrated Amplifier,ARB-543,ARB-543,Operating instructions  SA-1040 (English) - KU
SA-1040,Integrated Amplifier,ARB-543,ARB-543,Operating instructions  SA-1040 (English) - S
SA-1040,Integrated Amplifier,ARB-543,ARB-543,Operating instructions  SA-1040 (English) - S/G
SA-940,Integrated Amplifier,ARB-544,ARB-544,Operating instructions  SA-940 (English) - S
SA-940,Integrated Amplifier,ARB-544,ARB-544,Operating instructions  SA-940 (English) - S/G
SA-940,Integrated Amplifier,ARB-544,ARB-544,Operating instructions  SA-940(English) - HB
SA-940,Integrated Amplifier,ARB-544,ARB-544,Operating instructions  SA-940(English) - KU
A-60,Integrated Amplifier,ARB-555,ARB-555,Operating instructions  A-60 (English) - KU
A-60,Integrated Amplifier,ARB-555,ARB-555,Operating instructions  A-60 (English) - S
A-60,Integrated Amplifier,ARB-555,ARB-555,Operating instructions (English) - HB
A-60,Integrated Amplifier,ARB-555,ARB-555,Operating instructions (English) - KU
A-60,Integrated Amplifier,ARB-555,ARB-555,Operating instructions (English) - YP
F-90,Tuner,ARB-562,ARB-562,Operating instructions  F-90 (English - HB)
F-90,Tuner,ARB-562,ARB-562,Operating instructions  F-90 (English - KU)
SX-60,Receiver,ARB-569,ARB-569,Operating instructions  SX-60 (English)
A-80,Integrated Amplifier,ARB-575,ARB-575,Operating instructions  A-80 (English) - S
A-80,Integrated Amplifier,ARB-575,ARB-575,Operating instructions  A-80 (English) - S/G
A-80,Integrated Amplifier,ARB-575,ARB-575,Operating instructions A-80 (English) - HB
RG-60,Dynamic Range Expander,ARB-581,ARB-581,"Operating instructions  RG-60 English (S, S/G types)"
SA-1050,Integrated Amplifier,ARB-587,ARB-587,Operating instructions  SA-1050 (English) - KU
SA-1050,Integrated Amplifier,ARB-587,ARB-587,Operating instructions  SA-1050 (English) - S
SA-1050,Integrated Amplifier,ARB-587,ARB-587,Operating instructions  SA-1050 (English) - S/G
SA-1050,Integrated Amplifier,ARB-587,ARB-587,Operating instructions  SA-1050 - YP
SA-950,Integrated Amplifier,ARB-588,ARB-588,Operating instructions  SA-950  - KC
SA-950,Integrated Amplifier,ARB-588,ARB-588,Operating instructions  SA-950  - KU
SA-950,Integrated Amplifier,ARB-588,ARB-588,Operating instructions  SA-950 (English) - S
SA-950,Integrated Amplifier,ARB-588,ARB-588,Operating instructions  SA-950 (English) - S/G
TX-950,Tuner,ARB-602,ARB-602,Operating Instructions  TX-950 (English) - KU
TX-950,Tuner,ARB-602,ARB-602,Operating Instructions  TX-950 (English) - YP
A-88X,Integrated Amplifier,ARB-659,ARB-659,Operating instructions A-88A
A-77X,Integrated Amplifier,ARB-660,ARB-660,Operating instructions  A-77X  (English) - HB
A-77X,Integrated Amplifier,ARB-660,ARB-660,Operating instructions  A-77X  (English) - S
A-77X,Integrated Amplifier,ARB-660,ARB-660,Operating instructions  A-77X  (English) - S/G
A-77X,Integrated Amplifier,ARB-660,ARB-660,Operating instructions  A-77X (English) - KU
A-66X,Integrated Amplifier,ARB-713,ARB-713,Operating instructions (English) (HB)
GR-551,Equalizer,ARB1079,ARB1079,Operating instructions GR-551 (English) - HB
GR-551,Equalizer,ARB1079,ARB1079,Operating instructions GR-551 (English) - KUC
GR-551,Equalizer,ARB1079,ARB1079,Operating instructions GR-551 (English) - SD
GR-551,Equalizer,ARB1079,ARB1079,Operating instructions GR-551 (English) - SD/G
GR-551,Equalizer,ARB1079,ARB1079,Operating instructlons (English) - KUC
GR-777,Equalizer,ARB1109,ARB1109,Operating lnstructlon  GR-777 - KUC
GR-777,Equalizer,ARB1109,ARB1109,Operating lnstructlon  GR-777 - SD
GR-777,Equalizer,ARB1109,ARB1109,Operating lnstructlon  GR-777 - SD/G
GR-555,Equalizer,ARB1121,ARB1121,Operating instractlons (English)  - SD
GR-555,Equalizer,ARB1121,ARB1121,Operating instractlons (English) - HB
GR-555,Equalizer,ARB1121,ARB1121,Operating instractlons (English) - SD/G
GR-555,Equalizer,ARB1121,ARB1121,Operating instructlons (English) - KUC
C-72,Pre-Amplifier,ARB1268,ARB1268,OPERATING INSTRUCTIONS (ENGLISH) - KU/CA
C-72,Pre-Amplifier,ARB1269,ARB1269,OPERATING INSTRUCTIONS (ENGLISH) - SD
SA-930,Integrated Amplifier,ARC-014,ARC-014,Operating instructions (German)  SA-930 - HEZ
SA-530,Integrated Amplifier,ARC-016,ARC-016,Operating instructions (German) - HEZ
SA-530,Integrated Amplifier,ARC-021,ARC-021,Operating instructions (Spanish) - S
SA-930,Integrated Amplifier,ARC-021,ARC-021,Operating instructions (Spanish)  SA-930 - S
SA-1040,Integrated Amplifier,ARC-049,ARC-049,Operating instructions  SA-1040 (Spanish) - S
SA-940,Integrated Amplifier,ARC-049,ARC-049,Operating instructions  SA-940 (Spanish) - S
A-60,Integrated Amplifier,ARC-058,ARC-058,Operating instructions  A-60 (Spanish) - S
SG-90,Equalizer,ARC-060,ARC-060,Operating instructions (S - Spanish)
RG-60,Dynamic Range Expander,ARC-064,ARC-064,Operating instructions  RG-60 ltalian (S type only)
SA-1050,Integrated Amplifier,ARC-065,ARC-065,Operating instructions  SA-1050 (Spanish) - S
SA-950,Integrated Amplifier,ARC-065,ARC-065,Operating instructions  SA-950 (Spanish) - S
SA-950,Integrated Amplifier,ARC-066,ARC-066,Operating instructions  SA-950 (GERMAN) - HEZ
TX-950,Tuner,ARC-068,ARC-068,Operating Instructions  TX-950 (Spanish) - S
A-66X,Integrated Amplifier,ARC-116,ARC-116,Operating instructions (German) (HEZ)
SX-737,Receiver,ARD-069-0,ARD-069,Operating instructions SX-737 (French/German)
SX-636,Receiver,ARD-071-0,ARD-071,Operating instructions SX-636 (French/German - FV)
TX-5300,Tuner,ARD-073-A,ARD-073,Operating instructions TX-5300 (German/French)
SA-9900,Integrated Amplifier,ARD-078-0,ARD-078,Operating instructions SA-9900 (German/French)
TX-9500,Tuner,ARD-082-0,ARD-082,Operating instructions (German/French)
SX-1250,Receiver,ARD-089,ARD-089,Operating instructions-German/French SX-1250 (HG)
SX-550,Receiver,ARD-093,ARD-093,Operating instructions SX-550 (German/Frénch - S)
SX-650,Receiver,ARD-095,ARD-095,Operating instructions German/French  SX-650 - HG
SX-450,Receiver,ARD-096,ARD-096,Operating instructions SX-450 (German/French - HG)
TX-8500II,Tuner,ARD-104,ARD-104,Operating instructions  TX-8500II (Germany/French) - HG
TX-6500II,Tuner,ARD-105,ARD-105,Operating instructions (Germany/French -  HG)  TX-6500II
SA-8500II,Integrated Amplifier,ARD-106,ARD-106,Operating instructions  SA-8500II (German/French-HG)
TX-9500II,Tuner,ARD-107,ARD-107,Operating instructions (German / French - HG)
SA-9500II,Integrated Amplifier,ARD-108,ARD-108,Operating instructions (HG - German/French)
SA-606,Integrated Amplifier,ARD-119,ARD-119,Operating instructions SA-606 (GERMAN/FRENCH - HG)
SA-706,Integrated Amplifier,ARD-120,ARD-120,Operating instructions SA-706 (German/French - HG)
SX-580/590,Receiver,ARD-121,ARD-121,Operating instructions (GERMAN/FRENCH) (SX-590/HGW4)
SX-680/690,Receiver,ARD-122,ARD-122,Operating instructions (German/French) (SX-680/HGW4)
SA-3000,Integrated Amplifier,ARD-128,ARD-128,Operating instructions (German/French)
SA-708,Integrated Amplifier,ARD-137,ARD-137,Operating instructions  SA-708 (GERMAN/FRENCH)
SA-710,Integrated Amplifier,ARD-146,ARD-146,Operating instructions -HE (German/French)
SX-600L,Receiver,ARD-149,ARD-149,Operating instructions (German/French) - HE
SX-700L,Receiver,ARD-149,ARD-149,Operating instructions (German/French)  SX-700L - HE
SX-D5000,Receiver,ARD-153,ARD-153,Operating instructions (GERMAN/FRENCH) - HG
F-7,Tuner,ARD-154,ARD-154,Operating instructions (German/French/Italian - HE) F7
A-9,Integrated Amplifier,ARD-156,ARD-156,"Operating instructions (German/French/ltalian, HE type only)  A-9"
A-7,Integrated Amplifier,ARD-157,ARD-157,Operation instructions  A-7 (G/F)
A-6,Integrated Amplifier,ARD-168,ARD-168,"Operating instructions (English, French, German, Italian - HE)  A-6"
SG-9,Equalizer,ARE-019,ARE-019,Operating instructions  SG-9 - R
TX-530L,Tuner,ARE-023,ARE-023,Operating instructions (HE)(English/German/French/Italian)
SA-930,Integrated Amplifier,ARE-028,ARE-028,Operating instructions (English/German/French/Italian)  SA-930 - HE
SA-530,Integrated Amplifier,ARE-030,ARE-030,Operating instructions (English/German/French Italian) - HE
TX-130L,Tuner,ARE-033,ARE-033,Operating instructions (HE - English/German/French/Italian)
SA-940,Integrated Amplifier,ARE-066,ARE-066,Operating instructions  SA-940 (English/Franch/German/ltalian) - HE
A-60,Integrated Amplifier,ARE-073,ARE-073,"Operating instructions (English French, German, Italian) - HE"
F-90,Tuner,ARE-074,ARE-074,"Operating instructions  F-90 (English, French, German, Italian - HE)"
A-80,Integrated Amplifier,ARE-087,ARE-087,"Operating instructions  A-80 (English, French, German, Italian) - HE"
A-80,Integrated Amplifier,ARE-087,ARE-087,"Operating instructions A-80 (EngIish, German, French, Italian) - HE"
SA-950,Integrated Amplifier,ARE-091,ARE-091,Operating instructions (Engiish/French/German/Italian) - HE
TX-950,Tuner,ARE-101,ARE-101,"Operating Instructions  TX-950 (English, French, German, Italian) - HEZ"
TX-5300,Tuner,ARE-130-0,ARE-130,Operating instructions TX-5300 (English)
A-77X,Integrated Amplifier,ARE-140,ARE-140,Operating instructions  A-77X (English/German/French/Italian) - HE
A-66X,Integrated Amplifier,ARE-159,ARE-159,Operating instructions (English/French/German/Italian) (HE)
SA-950,Integrated Amplifier,ARE-588,ARE-588,Operating instructions  SA-950 (English) - YP
SA-970,Integrated Amplifier,ARE1005,ARE1005,Operating instructions  SA-970 (English/German/French/Italian)
GR-551,Equalizer,ARE1050,ARE1050,Operating instructions GR-551 (English/German/French/Italian) - HEZ
GR-555,Equalizer,ARE1088,ARE1088,Operating lnstractions (English/German/French/Italian) - HEZ
GR-777,Equalizer,ARE1098,ARE1098,Operating lnstructlon  GR-777 - HEZ
M-22,Amplifier,ARG-013,ARG-013,Circuit diagram (for KL-type)
M-25,Amplifier,ARG-013,ARG-013,Circuit diagram
M-22,Amplifier,ARG-014,ARG-014,Circuit diagram (for N-type)
GR-551,Equalizer,ARH1041,ARH1041,Sub instructions - SD
GR-551,Equalizer,ARH1041,ARH1041,Sub instructions - SD/G
GR-555,Equalizer,ARH1051,ARH1051,Sub instructions  - SD
GR-555,Equalizer,ARH1051,ARH1051,Sub instructions - SD/G
GR-777,Equalizer,ARH1053,ARH1053,Operating lnstructlon  GR-777 - SD
GR-777,Equalizer,ARH1053,ARH1053,Operating lnstructlon  GR-777 - SD/G
SX-5,Receiver,ARP-009-0,ARP-009,Service manual  SX-5
SX-7,Receiver,ARP-012-0,ARP-012,Service manual  SX-6
SX-4,Receiver,ARP-015-0,ARP-015,Service manual  SX-4
SX-7,Receiver,ARP-018-0,ARP-018,Service manual  SX-7
SG-9,Equalizer,ARP-030,ARP-030,Service manual  SG-9
SX-8,Receiver,ARP-043-0,ARP-043,Service manual  SX-8 (KU)
A-8,Integrated Amplifier,ARP-052-0,ARP-052,Service manual  A-8
RG-9,Dynamic Range Expander,ARP-054,ARP-054,"S/M RG-9/S,SG"
SR-9,Reverb,ARP-055,ARP-055,"S/M SR-9/KC,S"
A-7,Integrated Amplifier,ARP-082-0,ARP-082,Service manual additional  A-7 (HEZ)
TX-530L,Tuner,ARP-086-0,ARP-086,Service manual  TX-530L
TX-130L,Tuner,ARP-099-0,ARP-099,Service manual  TX-130L
SA-970,Integrated Amplifier,ARP-1109-0,ARP-1109,Service manual  SA-970
TX-930,Tuner,ARP-119-0,ARP-119,Service manual  TX-930
DT-32,Timer,ARP-137,ARP-137,S/M DT-32/NE
SX-202,Receiver,ARP-230-0,ARP-230,Service manual  SX-202
PL-640/S40,Turntable,ARP-282-0,ARP-282,Service Manual  PL-640/S40
SX-60,Receiver,ARP-293-0,ARP-293,Service manual  SX-60
SA-1040,Integrated Amplifier,ARP-296-0,ARP-296,Service manual  SA-1040 (KU)
SA-940,Integrated Amplifier,ARP-298-0,ARP-298,Service manual  SA-940
TX-940,Tuner,ARP-307,ARP-307,S/M(TX940)
A-60,Integrated Amplifier,ARP-318-0,ARP-318,Service manual  A-60 - KU
F-90,Tuner,ARP-326-0,ARP-326,Service manual. F-90 (KU)
SG-90,Equalizer,ARP-342,ARP-342,Service manual SG90
A-90,Integrated Amplifier,ARP-344-0,ARP-344,Service manual  A-90
A-70,Integrated Amplifier,ARP-345-0,ARP-345,Service manual  A-70 (KU)
A-80,Integrated Amplifier,ARP-349-0,ARP-349,Service manual  A-80
TX-540,Tuner,ARP-353,ARP-353,"S/M TX-940,540"
RG-60,Dynamic Range Expander,ARP-446-0,ARP-446,"Service manual  RG-60 (S,S/G)"
TX-950,Tuner,ARP-472-0,ARP-472,Service manual  TX-950 - KU
TX-101Z,Tuner,ARP-476,ARP-476,S/M TX-100ZL/ZE
TX-950,Tuner,ARP-481-0,ARP-481,"Service manual  TX-950 - HEZ,YP,S,S/G,SS"
SA-1050,Integrated Amplifier,ARP-493-0,ARP-493,Service manual  SA-1050 (KU)
SA-950,Integrated Amplifier,ARP-494-0,ARP-494,Service manual additional  SA-950
A-88X,Integrated Amplifier,ARP-688-0,ARP-688,Service manual  A-88X (KU)
A-77X,Integrated Amplifier,ARP-691-0,ARP-691,Service manual  A-77X (KU)
A-77X,Integrated Amplifier,ARP-692-0,ARP-692,"Service manual  A-77X (HE, HB, S, S/G)"
F-717,Tuner,ARP-697,ARP-697,S/M F-77(MAIN)
F-77,Tuner,ARP-697,ARP-697,S/M F-77(MAIN)
TX-960,Tuner,ARP-820,ARP-820,S/M TX-960L(BK)
TX-970,Tuner,ARP-820,ARP-820,S/M TX-960L(BK)
TX-560/BK,Tuner,ARP-822,ARP-822,S/M TX-560L(BK)
DT-570,Timer,ARP1143,ARP1143,S/M DT-570(BK)
GR-551,Equalizer,ARP1417-0,ARP1417,Service manual  GR-551
GR-555,Equalizer,ARP1561,ARP1561,Service manual GR-555
GR-777,Equalizer,ARP1608,ARP1608,Service manual  GR-777
A-858,Integrated Amplifier,ARP1815,ARP1815,Service manual  A-858 (HEZ)
C-72,Pre-Amplifier,ARP2106,ARP2106,Service manual C-72/C-73
TX-9100,Tuner,ART-001-0,ART-001,Service manual  TX-9100
QD-240,Other,ART-002,ART-002,S/M QD-240/KL
QX-747,Receiver,ART-005,ART-005,Service manual QX-747
QX-949,Receiver,ART-006,ART-006,Service Manual QX-949
PL-A45,Turntable,ART-008-A,ART-008,Service manual  PL-A45
PL-15D,Turntable,ART-009-0,ART-009,Service manual PL-15D
PL-51,Turntable,ART-009-A,ART-009,Service manual  PL-51
QT-74,Reel To Reel Tape,ART-011,ART-011,Service manual QT-74/F
PL-55/55D,Turntable,ART-013-0,ART-013,Service manual  PL-55/55D
PL-A505,Turntable,ART-015-0,ART-015,Service manual  PL-A505
SX-626 (1973),Receiver,ART-027-0,ART-027,Service Manual SX-626 (1973)
CT-F7171,Cassette Tape,ART-057-0,ART-057,"Service manual  CT-F7171 (KCU, FV)"
PL-A45D,Turntable,ART-058-0,ART-058,Service manual  PL-A45D
RT-1011L,Reel To Reel Tape,ART-076-0,ART-076,Service Manual RT-1011L (KU/FV)
SX-750,Receiver,ART-081-0,ART-081,Service Manual SX-750
MA-62,Other,ART-084,ART-084,S/M MA-62/KL
SA-9900,Integrated Amplifier,ART-095-0,ART-095,Service Manual SA-9900 (KCU)
CT-F6161,Cassette Tape,ART-100-0,ART-100,"Service Manual  CT-F6161 (KCU, FV)"
PL-55X,Turntable,ART-104-0,ART-104,Service manual  PL-55X
TX-5300,Tuner,ART-105,ART-105,Service manual TX-5300
TX-9500,Tuner,ART-106,ART-106,Service Manual TX-9500
SA-9900,Integrated Amplifier,ART-109,ART-109,"Service manual SA-9900 (D, GN)"
TX-9500,Tuner,ART-113-0,ART-113,Service Manual (FV) TX-9500
TX-7500,Tuner,ART-115,ART-115,S/M(TX7500)
PL-12DII,Turntable,ART-117-0,ART-117,Service manual  PL-12DII
PL-71,Turntable,ART-125-0,ART-125,Service Manual PL-71
PL-51A,Turntable,ART-126-0,ART-126,Service manual PL-51A
CT-F9191,Cassette Tape,ART-138-0,ART-138,"Service Manual CT-F9191 (FV,KCU)"
QX-949A,Receiver,ART-140,ART-140,Service manual QX-949A
QX-747A,Receiver,ART-141-0,ART-141,Service Manual  QX-747A
SPEC-1,Pre-Amplifier,ART-142,ART-142,Service Manual SPEC-1
RG-1,Dynamic Range Expander,ART-145-0,ART-145,Service Manual RG-1
SG-9500,Equalizer,ART-147-0,ART-147,Service Manual SG-9500
TX-6500,Tuner,ART-152,ART-152,S/M(TX6500)
PL-112D,Turntable,ART-154-0,ART-154,Service manual  PL-112D
PL-510,Turntable,ART-163-0,ART-163,Service manual  (PL-510)
PL-510S,Turntable,ART-163-0,ART-163,Service manual  (PL-510S)
PL-115D,Turntable,ART-165,ART-165,S/M PL-115D
PL-117D,Turntable,ART-166-0,ART-166,Service manual  PL-117D
SX-550,Receiver,ART-179,ART-179,Service Manual SX-550 (KC)
PL-510A,Turntable,ART-182-0,ART-182,Service manual  PL-510A
PL-530,Turntable,ART-187-0,ART-187,Service Manual PL-530
CT-F6262,Cassette Tape,ART-189-0,ART-189,Service Manual  CT-F6262  (KCU)
SX-650,Receiver,ART-193-0,ART-193,"Service manual additional (HG,S)  SX-650"
CT-F8282,Cassette Tape,ART-194,ART-194,Service manual CT-F8282 (KCU)
CT-F7272,Cassette Tape,ART-196-0,ART-196,Service manual  CT-F7272  (KCU)
SA-9500II,Integrated Amplifier,ART-198-0,ART-198,Service Manual  SA-9500II (KU)
TX-6500II,Tuner,ART-201-0,ART-201,Service manual  TX-6500II
TX-8500II,Tuner,ART-202,ART-202,Service manual  TX-8500II
TX-9500II,Tuner,ART-203-0,ART-203,Service Manual TX-9500II
SA-8500II,Integrated Amplifier,ART-207,ART-207,"Service manual SA-8500II Additional (S, HG, KC)"
SA-9500II,Integrated Amplifier,ART-208-0,ART-208,"Service Manual  SA-9500II (KC,S,HG)"
PL-550,Turntable,ART-209-0,ART-209,Service Manual PL-550
PL-570,Turntable,ART-210-0,ART-210,Service Manual  PL-570 (KUT/KCT)
TX-5500II,Tuner,ART-211,ART-211,S/M(TX5500-11)
PL-570,Turntable,ART-222-0,ART-222,Service manual - additional  PL-570 (HGT)
PLC-590,Turntable,ART-223-0,ART-223,Service manual  PLC-590
SPEC-4,Amplifier,ART-224,ART-224,Service Manual SPEC-4
C-21,Pre-Amplifier,ART-227,ART-227,"Service manual  C-21/S,KL"
MA-62A,Other,ART-228,ART-228,S/M MA-62A/FV
RT-701,Reel To Reel Tape,ART-231-0,ART-231,Service manual  RT-701
RT-707,Reel To Reel Tape,ART-232,ART-232,Service manual  RT-707
CT-F1000,Cassette Tape,ART-251,ART-251,Service Manual CT-F1000
RT-701,Reel To Reel Tape,ART-254-0,ART-254,Service manual additional  RT-701
RT-707,Reel To Reel Tape,ART-254-0,ART-254,Service manual. RT-707 additional
PL-516,Turntable,ART-261-0,ART-261,Service manual   PL-516
PL-518,Turntable,ART-272-0,ART-272,"Service manual  PL-518 (KCT,KUT,HGT)"
SA-5800/508,Integrated Amplifier,ART-272-0,ART-272,Service manual  SA-5800/508  (KU)
TX-606,Tuner,ART-281,ART-281,S/M(TX6700)
TX-6700,Tuner,ART-281,ART-281,S/M(TX6700)
CT-F700,Cassette Tape,ART-290-0,ART-290,"Additional Service Manual  CT-F700  KC, KU, HG type"
SX-880/890,Receiver,ART-296-0,ART-296,Service manual SX-880
SX-680/690,Receiver,ART-303-0,ART-303,Service manual additional  SX-690 (HG/HGW4)
M-25,Amplifier,ART-304,ART-304,S/M M-25
SX-680/690,Receiver,ART-307-0,ART-307,Service manual additional  SX-680 (KC/S/SG) SX-690 (KU)
SX-880/890,Receiver,ART-309-0,ART-309,Service manual additional SX-880/SX-890
CT-F900,Cassette Tape,ART-320-0,ART-320,Service Manual  CT-F900  (KC/KU)
A-27,Integrated Amplifier,ART-321-0,ART-321,Service manual addnl  A-27
CT-F900,Cassette Tape,ART-323-0,ART-323,"Additional Service Manual  CT-F900  (D, D/G)"
PL-540,Turntable,ART-324-0,ART-324,Service Manual  PL-540
PL-560,Turntable,ART-325-0,ART-325,Service Manual  PL-560
DT-400,Timer,ART-338,ART-338,Service Manual DT-400
TX-9800,Tuner,ART-346,ART-346,S/M(TX9800)
SA-3000,Integrated Amplifier,ART-356-0,ART-356,"Service manual  SA-3000 (HE, HB)"
SG-9800,Equalizer,ART-363,ART-363,Service manual SG9800
SR-303,Reverb,ART-365,ART-365,Service manual  SR-303
RG-2,Dynamic Range Expander,ART-366,ART-366,Service manual  RG-2
TX-6800/608,Tuner,ART-375-0,ART-375,Service manual  TX-6800/608
SA-3000,Integrated Amplifier,ART-379-0,ART-379,Service manual  SA-3000 (KU)
PL-500,Turntable,ART-387-0,ART-387,Service manual  PL-500
PL-600/600X,Turntable,ART-395-0,ART-395,Service manual  PL-600/600X
PL-500X,Turntable,ART-398-0,ART-398,Service manual  PL-500X
PL-200/200X,Turntable,ART-426-0,ART-426,Service manual  PL-200/200X
TX-D1000,Tuner,ART-431,ART-431,S/M(TXD1000)
SX-3900,Receiver,ART-457-0,ART-457,Service Manual SX-3900
SA-710,Integrated Amplifier,ART-477-0,ART-477,Service Manual SA-710
TX-610,Tuner,ART-481,ART-481,S/M(TX610)
TX-410,Tuner,ART-482,ART-482,S/M(TX410)
PL-100/100X,Turntable,ART-513-0,ART-513,Service manual  PL-100/PL-100X
PL-L1000,Turntable,ART-517-0,ART-517,Service manual  PL-L1000
SX-3700,Receiver,ART-535,ART-535,Service Manual SX-3700/SX-820
SX-820,Receiver,ART-535,ART-535,Service Manual SX-3700/SX-820
SX-3600/720,Receiver,ART-538,ART-538,Service manual SX-3600 Additional (S)
SX-600,Receiver,ART-546-0,ART-546,Service manual  SX-600  - YP
TX-710,Tuner,ART-547,ART-547,S/M TX-710S ADD
TX-710,Tuner,ART-548,ART-548,S/M TX710
SX-700,Receiver,ART-554-0,ART-554,Service manual  SX-700
DT-500,Timer,ART-564,ART-564,Service Manual DT-500
SX-600,Receiver,ART-584-0,ART-584,Service manual addnl - KU
A-9,Integrated Amplifier,ART-588-0,ART-588,"Service manual addn'l  S, S/G"
A-9,Integrated Amplifier,ART-590,ART-590,"Service manual  A-9 (HE,HB)"
A-7,Integrated Amplifier,ART-597-0,ART-597,Service manual  A-7 (HE/HB)
F-7,Tuner,ART-601-0,ART-601,Service manual F7  (HG)
A-6,Integrated Amplifier,ART-617-0,ART-617,Service manual Repair & adjustments  A-6
A-6,Integrated Amplifier,ART-618-0,ART-618,"Service manual Additional HE,HB  A-6"
TX-720,Tuner,ART-649,ART-649,S/M(TX720)
TX-520,Tuner,ART-653,ART-653,S/M(TX520)
A-6,Integrated Amplifier,ART-672-0,ART-672,Service manual  Circuit descriptions  A-6
PL-L800,Turntable,ART-692-0,ART-692,Service manual  PL-L800
SX-1000TA (Early),Receiver,AS0214,AS0214,Power Switch
SX-1000TA (Early),Receiver,AS1637,AS1637,Selector Switch
SX-1000TA (Early),Receiver,AS1638,AS1638,Mode Selector Switch
SX-1000TA (Early),Receiver,AS6216,AS6216,Slide Switch
SX-1000TA (Early),Receiver,AS9001,AS9001,"Toggle Switches (SPEAKER, FILTER LOW, FILTER HIGH, MUTING, AFC, LOUDNESS, PHONO)"
SA-1000,Integrated Amplifier,ASA-001-A,ASA-001,Speaker selector with AC switch (KUW model)
SD-1000,Other,ASA-004-O,ASA-004,FUNCTION Switch
QA-800,Integrated Amplifier,ASA-005-0,ASA-005,SPEAKERS/POWER switch
SA-600,Integrated Amplifier,ASA-007-0,ASA-007,Power switch (KUW)
SA-800,Integrated Amplifier,ASA-007-0,ASA-007,POWER Switch (KUW)
TX-1000,Tuner,ASA-008,ASA-008,SWITCH(POWER)
TX-500A,Tuner,ASA-008,ASA-008,SWITCH(POWER)
TX-600,Tuner,ASA-008,ASA-008,SWITCH(POWER)
TX-800,Tuner,ASA-008,ASA-008,SWITCH(POWER)
SA-500A,Integrated Amplifier,ASA-011-O,ASA-011,Speakers Switch (KU)
SA-500A,Integrated Amplifier,ASA-012-0,ASA-012,Speakers Switch (FV)
SX-626 (1973),Receiver,ASA-015-A,ASA-015,"Rotary switch (Speakers)    FW, FVZW, NBW"
SA-500A,Integrated Amplifier,ASA-016-0,ASA-016,Speakers Switch (KC)
SX-424,Receiver,ASA-017-0,ASA-017,Output selector (KUW)
SX-525,Receiver,ASA-017-0,ASA-017,Output selector (POWER/SPEAKERS - KUW/KCW)
SX-525,Receiver,ASA-018,ASA-018,Output selector (POWER/SPEAKERS - FVZW/NBW)
SX-828,Receiver,ASA-020-0,ASA-020,Speakers switch
SX-626 (1971),Receiver,ASA-026-0,ASA-026,Output selector
SX-626 (1973),Receiver,ASA-026-A,ASA-026,"Rotary switch (Speakers)    KUW, KCW"
SX-727,Receiver,ASA-027,ASA-027,Output Selector (KUW)
SX-424,Receiver,ASA-028-0,ASA-028,Output selector (FVZW)
QA-800A,Integrated Amplifier,ASA-031-0,ASA-031,Output selector/Power (FVW)
QA-800A,Integrated Amplifier,ASA-031-0,ASA-031,Output selector/Power (KLW)
QX-4000,Receiver,ASA-032-0,ASA-032,Power switch KLUW model
QX-646,Receiver,ASA-032-0,ASA-032,Power switch (KUW model)
SD-1100,Other,ASA-034-0,ASA-034,AC Selector switch (FUNCTION)
SD-1100,Other,ASA-034-0,ASA-034,Function switch
SX-650,Receiver,ASA-038,ASA-038,Rotary switch (SPEAKER/POWER - S)
SX-750,Receiver,ASA-038,ASA-038,Rotary switch (SPEAKERS/POWER)
SX-434,Receiver,ASA-039-0,ASA-039,Rotary switch (Power - KCU)
SX-434,Receiver,ASA-039-0,ASA-039,Rotary switch (Power - KCU)
SX-650,Receiver,ASA-039,ASA-039,Rotary switch (SPEAKER/POWER - KCU)
SX-434,Receiver,ASA-040-0,ASA-040,"Rotary switch (Power - FV,GN)"
SX-650,Receiver,ASA-040,ASA-040,Rotary switch (SPEAKER/POWER - HG)
SX-450,Receiver,ASA-042,ASA-042,Rotary switch (SPEAKER)
SX-450,Receiver,ASA-042,ASA-042,Rotary Switch (SPEAKER/Power - KC/KU)
SX-550,Receiver,ASA-042,ASA-042,Selector switch (SPEAKER/POWER)
SX-450,Receiver,ASA-044,ASA-044,Rotary Switch (SPEAKER/Power - S)
SX-450,Receiver,ASA-045,ASA-045,Rotary Switch (SPEAKER/Power - HG)
M-22,Amplifier,ASA-048,ASA-048,Rotary switch (POWER KL-type)
M-25,Amplifier,ASA-048,ASA-048,Power switch
M-22,Amplifier,ASA-049,ASA-049,Rotary switch (POWER N-type)
SX-1980,Receiver,ASA-504,ASA-504,Lever switch (POWER-KU)
SA-606,Integrated Amplifier,ASA-505,ASA-505,Lever switch (POWER - HG)
SA-706,Integrated Amplifier,ASA-505,ASA-505,Lever switch (POWER - HG)
SX-1980,Receiver,ASA-505,ASA-505,Lever switch (POWER-HG)
SX-3500,Receiver,ASA-507,ASA-507,Rotary switch (POWER)
SX-3600/720,Receiver,ASA-507,ASA-507,Rotary switch (POWER)
SX-3700,Receiver,ASA-507,ASA-507,Lever switch (POWER)
SX-820,Receiver,ASA-507,ASA-507,Lever switch (POWER)
QM-800,Amplifier,ASB-001-A,ASB-001,lNPUT Level switch
QM-800,Amplifier,ASB-002-A,ASB-002,METER Level switch
QX-8000,Receiver,ASB-003-A,ASB-003,SELECTOR Switch
SX-6000,Receiver,ASB-004- B,ASB-004- B,Selector Switch
QL-600,Integrated Amplifier,ASB-005-0,ASB-005,MODE Switch
SX-626 (1971),Receiver,ASB-007-A,ASB-007,Selector switch
SX-727,Receiver,ASB-011-A,ASB-011,Selector switch
SX-828,Receiver,ASB-011-A,ASB-011,Selector switch
QX-8000A,Receiver,ASB-014-A,ASB-014,Input selector (AM/FM/PHONO/AUX)
QL-600A,Integrated Amplifier,ASB-016-0,ASB-016,Mode switch
QM-800A,Amplifier,ASB-017-0,ASB-017,Selector switch (speaker selector)
QM-800A,Amplifier,ASB-017-0,ASB-017,Selector switch (speaker selector)
QM-800A,Amplifier,ASB-018-0,ASB-018,Selector switch (input level)
QM-800A,Amplifier,ASB-019-0,ASB-019,Selector switch (meter level)
SA-7100,Integrated Amplifier,ASB-020-B,ASB-020,FUNCTION switch
SA-6500,Integrated Amplifier,ASB-021,ASB-021,Rotary switch (SPEAKERS)
SA-6500II,Integrated Amplifier,ASB-021,ASB-021,Rotary switch (SPEAKERS)
SA-7100,Integrated Amplifier,ASB-021-0,ASB-021,SPEAKERS switch
SA-7500II,Integrated Amplifier,ASB-021,ASB-021,Rotary switch (SPEAKERS)
SA-8100,Integrated Amplifier,ASB-021-A,ASB-021,Selector switch (SiPEAKERS)
SA-8100,Integrated Amplifier,ASB-022-A,ASB-022,Selector switch (MODE)
SA-9100,Integrated Amplifier,ASB-022-A,ASB-022,Selector switch (MODE)
SA-8100,Integrated Amplifier,ASB-023-0,ASB-023,Selector switch (FUNCTlON)
SA-8100,Integrated Amplifier,ASB-024-A,ASB-024,LEVEL SET switch with VOLUME
SA-9100,Integrated Amplifier,ASB-024-B,ASB-024,LEVEL SET switch with VOLUME
SA-9100,Integrated Amplifier,ASB-025-A,ASB-025,Selector switch (FUNCTION)
SA-9100,Integrated Amplifier,ASB-026-A,ASB-026,Selector switch (SPEAKERS)
SA-5200,Integrated Amplifier,ASB-029-A,ASB-029,Function switch (rotary type)
QX-949,Receiver,ASB-034-0,ASB-034,Rotary switch (Function)
SX-626 (1973),Receiver,ASB-036-0,ASB-036,Rotary switch (FUNCTION SELECTOR)
SA-9500,Integrated Amplifier,ASB-047-0,ASB-047,Rotary switch (SPEAKERS)
SA-9900,Integrated Amplifier,ASB-047-0,ASB-047,"Rotary switch (S15, SPEAKERS)"
QX-949A,Receiver,ASB-048,ASB-048,Rotary switch (FUNCTION)
SA-6500,Integrated Amplifier,ASB-050,ASB-050,Rotary switch (FUNCTION)
SA-6500II,Integrated Amplifier,ASB-050,ASB-050,Rotary switch (FUNCTION)
SA-7500II,Integrated Amplifier,ASB-050,ASB-050,Rotary switch (FUNCTION)
SA-5800/508,Integrated Amplifier,ASB-051,ASB-051,Rotary switch (SPEAKERS)
SA-606,Integrated Amplifier,ASB-051,ASB-051,Rotary switch (SPEAKERS)
SA-6700,Integrated Amplifier,ASB-051,ASB-051,Rotary switch (SPEAKERS)
SA-6800/608,Integrated Amplifier,ASB-051,ASB-051,Rotary switch (SPEAKERS)
SA-706,Integrated Amplifier,ASB-051,ASB-051,Rotary switch (SPEAKERS)
SA-7700,Integrated Amplifier,ASB-051,ASB-051,Rotary switch (SPEAKERS)
QX-747A,Receiver,ASB-067,ASB-067,Rotary switch (FUNCTlON)
SA-7800,Integrated Amplifier,ASB-102,ASB-102,Rotary switch (SPEAKER)
SA-8800,Integrated Amplifier,ASB-102,ASB-102,Rotary switch (SPEAKERS)
SA-9800,Integrated Amplifier,ASB-102,ASB-102,Rotary switch (SPEAKERS)
SR-202W,Reverb,ASC-001-0,ASC-001,Tape Mode Selector
SR-202W,Reverb,ASC-002-0,ASC-002,Reverberation Mode Selector
SD-1000,Other,ASC-004-O,ASC-004,METER RANGE selector
SD-1000,Other,ASC-004-O,ASC-004,SWEEP RANGE selector
QA-800,Integrated Amplifier,ASC-005-0,ASC-005,MODE switch
QC-800,Pre-Amplifier,ASC-005-0,ASC-005,MODE switch
QC-800,Pre-Amplifier,ASC-006-0,ASC-006,SELECTOR switch
QC-800A,Pre-Amplifier,ASC-006-0,ASC-006,Input selector
QA-800,Integrated Amplifier,ASC-007-0,ASC-007,SELECTOR switch
QA-800A,Integrated Amplifier,ASC-007-0,ASC-007,Input selector
QX-8000,Receiver,ASC-008-A,ASC-008,MODE Switch
SA-1000,Integrated Amplifier,ASC-009-0,ASC-009,Mode switch
SX-6000,Receiver,ASC-010-A,ASC-010,Speakers Switch
SA-500A,Integrated Amplifier,ASC-016-O,ASC-016,Selector Switch
SX-525,Receiver,ASC-020-0,ASC-020,Selector switch (PROGRAM SOURCE)
SX-424,Receiver,ASC-021-0,ASC-021,Selector switch
QX-8000A,Receiver,ASC-023-A,ASC-023,Mode selector
QA-800A,Integrated Amplifier,ASC-025-0,ASC-025,Mode switch
QC-800A,Pre-Amplifier,ASC-025-0,ASC-025,Mode selector
QX-4000,Receiver,ASC-030-0,ASC-030,Input Selector switch
QX-4000,Receiver,ASC-031-0,ASC-031,Mode selector switch
QX-9900,Receiver,ASC-032-0,ASC-032,Selector switch
QX-9900,Receiver,ASC-032-0,ASC-032,Selector switch
QX-9900,Receiver,ASC-033-0,ASC-033,Reverberation mode switch
QX-9900,Receiver,ASC-034-0,ASC-034,Mode switch
SD-1100,Other,ASC-035-0,ASC-035,Selector switch A (METER RANGE)
SD-1100,Other,ASC-036-0,ASC-036,Selector switch B (SWEEP RANGE)
TX-710,Tuner,ASC-037,ASC-037,SWITCH(FUNCTION-AM/FM/AUTO/MONO
TX-7100,Tuner,ASC-037-B,ASC-037,Function switch (rotary type-AM/FM/AUTO/MONO)
TX-8100,Tuner,ASC-037-B,ASC-037,Function switch (AM/FM/AUTO/MONO)
SA-8100,Integrated Amplifier,ASC-038-A,ASC-038,Selector switch (TREBLE 10kHz)
SA-8100,Integrated Amplifier,ASC-039-A,ASC-039,Selector switch (BASS 100HZ)
SA-8100,Integrated Amplifier,ASC-040-B,ASC-040,Selector switch (TREBLE 20kHz)
SA-8100,Integrated Amplifier,ASC-041-A,ASC-041,Selector switch (BASS 50Hz)
SA-9100,Integrated Amplifier,ASC-042-A,ASC-042,Selector switch (TREBLE 10kHZ)
SA-9100,Integrated Amplifier,ASC-043-A,ASC-043,Selector switch (BASS 100Hz)
SA-9100,Integrated Amplifier,ASC-044-A,ASC-044,Selector switch (TREBLE 20kHz)
SA-9100,Integrated Amplifier,ASC-045-A,ASC-045,Selector switch (BASS 50Hz)
TX-9100,Tuner,ASC-046-B,ASC-046,Rotary switch (Function)
TX-6200,Tuner,ASC-047-A,ASC-047,Rotary switch (FUNCTION-AM/FM)
QD-240,Other,ASC-048,ASC-048,SWITCH(MODE)
QX-646,Receiver,ASC-049-B,ASC-049,Selector switch (FUNCTION)
QX-646,Receiver,ASC-050-A,ASC-050,Selector switch (MODE)
QX-747,Receiver,ASC-052-A,ASC-052,Rotary Selector switch (Mode)
QX-949,Receiver,ASC-052-A,ASC-052,Rotary switch (Mode)
QX-747,Receiver,ASC-053-0,ASC-053,Rotary switch (function)
SX-434,Receiver,ASC-059-0,ASC-059,Rotary switch (Function)
SX-636,Receiver,ASC-060-0,ASC-060,Rotary switch (function)
SX-535,Receiver,ASC-061-0,ASC-061,Rotary switch (FUNCTION)
QX-747A,Receiver,ASC-066,ASC-066,Rotary switch (MODE)
QX-949A,Receiver,ASC-066,ASC-066,Rotary switch (MODE)
QX-747A,Receiver,ASC-067,ASC-067,Rotary switch (FUNCTION)
SX-737,Receiver,ASD-017-0,ASD-017,Rotary switch (rec selector)
SX-838,Receiver,ASD-017-0,ASD-017,Rotary switch(Rec selector)
SX-737,Receiver,ASD-018-0,ASD-018,Rotary switch (function)
SA-9500,Integrated Amplifier,ASD-020-A,ASD-020,Rotary switch (MODE)
SA-9900,Integrated Amplifier,ASD-020-A,ASD-020,Rotary Switch (MODE)
SA-9500,Integrated Amplifier,ASD-021-A,ASD-021,Rotary switch (FUNCTION)
SA-9900,Integrated Amplifier,ASD-021-A,ASD-021,Rotary Switch (FUNCTION)
SA-9900,Integrated Amplifier,ASD-022-A,ASD-022,"Rotary Switch (BASS, 50Hz)"
SA-9900,Integrated Amplifier,ASD-023-B,ASD-023,"Rotary Switch (BASS, 100Hz)"
SA-9900,Integrated Amplifier,ASD-025-A,ASD-025,"Rotary Switch (TREBLE, 20KHz)"
SA-7500,Integrated Amplifier,ASD-026-0,ASD-026,Rotary switch (TREBLE TURNOVER)
SA-7500,Integrated Amplifier,ASD-027-0,ASD-027,Rotary switch (BASS TURNOVER)
SA-7500,Integrated Amplifier,ASD-028-0,ASD-028,Rotary switch (FUNCTION)
SA-7500,Integrated Amplifier,ASD-029-0,ASD-029,Rotary switch (MODE)
SA-8500,Integrated Amplifier,ASD-029-0,ASD-029,Rotary switch (MODE)
TX-7500,Tuner,ASD-031,ASD-031,SWITCH(FUNCTION-AM/FM/AUTO)
SA-9500,Integrated Amplifier,ASD-032-A,ASD-032,Rotary switch (BASS TURN OVER)
SA-9500,Integrated Amplifier,ASD-033-A,ASD-033,Rotary switch (BASS)
SA-9500,Integrated Amplifier,ASD-034-A,ASD-034,Rotary switch (TREBLE)
SA-9500,Integrated Amplifier,ASD-035-A,ASD-035,Rotary switch (TREBLE TURN OVER)
SA-8500,Integrated Amplifier,ASD-036-0,ASD-036,Rotary (FUNCTION)
TX-9500,Tuner,ASD-037-A,ASD-037,Rotary switch (FUNCTION)
SA-7500,Integrated Amplifier,ASD-038-0,ASD-038,Rotary switch (SPEAKERS)
SA-8500,Integrated Amplifier,ASD-038-0,ASD-038,Rotary switch (SPEAKERS)
SPEC-1,Pre-Amplifier,ASD-039,ASD-039,Rotary switch (FUNCTION)
SPEC-1,Pre-Amplifier,ASD-040,ASD-040,Rotary switch (SPEAKERS)
SPEC-1,Pre-Amplifier,ASD-041,ASD-041,Rotary switch (BASS 50Hz)
SPEC-1,Pre-Amplifier,ASD-042,ASD-042,Rotary switch (BASS 100Hz)
SPEC-1,Pre-Amplifier,ASD-043,ASD-043,Rotary switch (TREBLE 10kHz)
SPEC-1,Pre-Amplifier,ASD-044,ASD-044,Rotary switch (TREBLE 20kHz)
SPEC-1,Pre-Amplifier,ASD-046,ASD-046,Rotary switch (MODE)
RG-1,Dynamic Range Expander,ASD-047,ASD-047,"Rotary switch (S1, DYNAMIC EXPANSION)"
SX-450,Receiver,ASD-048,ASD-048,Rocary switch (FUNCTION)
SX-550,Receiver,ASD-048,ASD-048,Selector switch (FUNCTION)
SX-650,Receiver,ASD-049,ASD-049,Rotary switch (FUNCTION)
SX-750,Receiver,ASD-049,ASD-049,Rotary switch (FUNCTION)
SA-8500II,Integrated Amplifier,ASD-052,ASD-052,Rotary switch (FUNCTION)
SA-9500II,Integrated Amplifier,ASD-052,ASD-052,Rotary switch (FUNCTION)
SA-8500II,Integrated Amplifier,ASD-053,ASD-053,Rotary switch (MODE)
SA-9500II,Integrated Amplifier,ASD-053,ASD-053,Rotary switch (MODE)
SA-8500II,Integrated Amplifier,ASD-054,ASD-054,Rotary switch (SPEAKERS)
SA-9500II,Integrated Amplifier,ASD-054,ASD-054,Rotary switch (SPEAKERS)
SA-9500II,Integrated Amplifier,ASD-055,ASD-055,Rotary switch (CARTRIDGE LOAD)
SA-8500II,Integrated Amplifier,ASD-056,ASD-056,Rotary switch (TREBLE TURNOVER)
SA-8500II,Integrated Amplifier,ASD-057,ASD-057,Rotary switch (BASS TURNOVER)
C-21,Pre-Amplifier,ASD-061,ASD-061,Rotary switch (FUNCTION)
C-21,Pre-Amplifier,ASD-062,ASD-062,Rotary switch (CARTRIDGE LOAD)
TX-9500II,Tuner,ASD-063,ASD-063,Rotary switch (FUNCTION)
SA-5500II,Integrated Amplifier,ASD-064,ASD-064,Rotary switch (FUNCTION)
SA-8500II,Integrated Amplifier,ASD-065 (ASD-055),ASD-065 (ASD-055),Rotary switch (CARTRIDGE LOAD)
SA-606,Integrated Amplifier,ASD-071,ASD-071,Rotary switch (FUNCTION)
SA-6700,Integrated Amplifier,ASD-071,ASD-071,Rotary switch (FUNCTION)
SA-706,Integrated Amplifier,ASD-071,ASD-071,Rotary switch (FUNCTION)
SA-7700,Integrated Amplifier,ASD-071,ASD-071,Rotary switch (FUNCTION)
SA-3000,Integrated Amplifier,ASD-071 (ASE-110),ASD-071 (ASE-110),Slide rotary (FUNCTION)
DT-32,Timer,ASD-080,ASD-080,SWITCH(MODE SELECTOR)
DT-570,Timer,ASD-080,ASD-080,SWITCH(MODE SELECTOR)
A-9,Integrated Amplifier,ASD-082,ASD-082,"Variable (BASS,TREBLE) with switch (TURN0VER)"
A-27,Integrated Amplifier,ASD-102,ASD-102,Rotary (DUPLICATE)
SA-708,Integrated Amplifier,ASD-104,ASD-104,Rotary switch (SPEAKERS)
SA-7800,Integrated Amplifier,ASD-107,ASD-107,Rotary switch (MODE)
A-27,Integrated Amplifier,ASD-110,ASD-110,Rotary (FUNCTION)
SA-9800,Integrated Amplifier,ASD-113,ASD-113,Rotary switch (FUNCTION)
SA-8800,Integrated Amplifier,ASD-114,ASD-114,Rotary switch (FUNCTION)
SA-7800,Integrated Amplifier,ASD-115,ASD-115,Rotary switch (FUNCTION)
SA-708,Integrated Amplifier,ASD-118,ASD-118,Rotary swltch (FUNCTION)
A-88X,Integrated Amplifier,ASD-128,ASD-128,Rotary switch (TAPE COPY)
A-717,Integrated Amplifier,ASD1002,ASD1002,SW(SPKR)A7171
A-91D,Integrated Amplifier,ASD1002,ASD1002,SW(SPKR)A7171
A-51,Integrated Amplifier,ASD1003,ASD1003,SWITCH(SPKR)
A-71,Integrated Amplifier,ASD1003,ASD1003,SWITCH(SPKR)
A-757,Integrated Amplifier,ASD1003,ASD1003,SWITCH(SPKR)
A-858,Integrated Amplifier,ASD1003,ASD1003,Rotary switch (SPEAKERS)
SX-1280,Receiver,ASE-001,ASE-001,Rotary switch (CARTRIDGE LOAD)
SX-1980,Receiver,ASE-001,ASE-001,Slide rotary switch (kΩ)
SX-1980,Receiver,ASE-001,ASE-001,Slide rotary switch (pF)
SA-710,Integrated Amplifier,ASE-003,ASE-003,Slide rotary switch (SPEAKERS)
SR-60,Reverb,ASE-006,ASE-006,SWITCH(EFF SELECT CONT)
SX-3500,Receiver,ASE-007,ASE-007,Slide rotary switch (FUNCTION)
SX-3600/720,Receiver,ASE-007,ASE-007,Slide rotary switch (FUNCTION)
SX-600L,Receiver,ASE-008,ASE-008,Slide rotary switch (FUNCTION)
SX-700L,Receiver,ASE-008,ASE-008,Slide rotary switch (FUNCTION)
SX-3400,Receiver,ASE-009,ASE-009,Slide rotary switch (FUNCTION)
SX-600,Receiver,ASE-010,ASE-010,Slide rotary switch (FUNCTION)
SX-700,Receiver,ASE-010,ASE-010,Slide rotary switch (FUNCTION)
SA-530,Integrated Amplifier,ASE-014,ASE-014,Rotary switch (SPEAKERS)
A-90,Integrated Amplifier,ASE-015,ASE-015,Rotary slide switch (BASS TURNOVER)
A-90,Integrated Amplifier,ASE-015,ASE-015,Rotary slide switch (TREBLE TURN0VER)
A-90,Integrated Amplifier,ASE-015,ASE-015,Rotary slide switch (TURN0VER)
A-717,Integrated Amplifier,ASE-023,ASE-023,SWITCH(MODE)
A-80,Integrated Amplifier,ASE-023,ASE-023,"Slide rotary swltch (TAPE MONITOR, MODE)"
A-88X,Integrated Amplifier,ASE-023,ASE-023,Slide rotary switch (MODE)
A-90,Integrated Amplifier,ASE-023,ASE-023,Rotary slide switch (MODE)
A-90,Integrated Amplifier,ASE-024,ASE-024,Rotary slide switch (SPEAKERS)
A-80,Integrated Amplifier,ASE-025,ASE-025,Slide rotary switch (TAPE COPY)
RG-60,Dynamic Range Expander,ASE-026,ASE-026,Slide rotary switch (DYNAMIC EXPANSION)
A-88X,Integrated Amplifier,ASE-031,ASE-031,Slide rotary switch (TAPE MONITOR)
A-88X,Integrated Amplifier,ASE-032,ASE-032,Slide rotary switch (SPEAKER)
A-66X,Integrated Amplifier,ASE-033,ASE-033,(SPEAKERS)
A-27,Integrated Amplifier,ASE-102,ASE-102,Rotary slide (CARTRIDGE LOAD)
A-27,Integrated Amplifier,ASE-102,ASE-102,Rotary slide (MODE)
SA-8800,Integrated Amplifier,ASE-102,ASE-102,Rotary switch (MODE)
SA-9800,Integrated Amplifier,ASE-102,ASE-102,Slide rotary switch (MODE)
SA-8800,Integrated Amplifier,ASE-103,ASE-103,Rotary switch (CARTRIDGE LOAD)
SA-9800,Integrated Amplifier,ASE-103,ASE-103,Slide rotary switch (CARTRIDGE LOAD)
A-27,Integrated Amplifier,ASE-104,ASE-104,Rotary slide (SPEAKERS)
SX-1080,Receiver,ASE-105,ASE-105,"Rotary slide switch (BASS, TURNOVER)"
SX-980,Receiver,ASE-105,ASE-105,"Rotary switch (BASS, TURNOVER)"
SX-1080,Receiver,ASE-106,ASE-106,"Rotary slide switch (TREBLE, TURNOVER)"
SX-980,Receiver,ASE-106,ASE-106,"Rotary switch (TREBLE, TURNOVER)"
SX-580/590,Receiver,ASE-107,ASE-107,Slide rotary switch (FUNCTION)
SX-680/690,Receiver,ASE-107,ASE-107,Slide rotary switch (FUNCTION)
SX-780,Receiver,ASE-107,ASE-107,Slide rotary (FUNCTION)
SX-880/890,Receiver,ASE-107,ASE-107,Rotary slide (FUNCTION)
SA-420,Integrated Amplifier,ASE-110,ASE-110,Rotary slide switch (FUNCTION)
SA-5800/508,Integrated Amplifier,ASE-110,ASE-110,Slide rotary switch (FUNCTION)
SA-6800/608,Integrated Amplifier,ASE-110,ASE-110,Slide rotary switch (FUNCTION)
RG-2,Dynamic Range Expander,ASE-115,ASE-115,Slide rotary switch (DYNAMIC EXPANSION)
RG-9,Dynamic Range Expander,ASE-115,ASE-115,SWITCH(DYNAMIC EXPANSION)
SX-3900,Receiver,ASE-125,ASE-125,Slide rotary switch (BASS TURNOVER)
SX-3900,Receiver,ASE-126,ASE-126,Slide rotary switch (TREBLE TURNOVER)
M-91,Amplifier,ASE1001,ASE1001,SWITCH(INPUT SELECTOR)
QX-747,Receiver,ASF-001-0,ASF-001,Microswitch
QX-747A,Receiver,ASF-001,ASF-001,Microswitch (switch cover)
QX-949,Receiver,ASF-001-0,ASF-001,Microswitch
QX-949A,Receiver,ASF-001,ASF-001,Micro switch
SD-1000,Other,ASG-001-O,ASG-001,FRONT-REAR Selector
SD-1000,Other,ASG-002-O,ASG-002,DISPLAY switch
SD-1000,Other,ASG-002-O,ASG-002,WAVEFORM & DISPLAY selector
QX-8000,Receiver,ASG-003-0,ASG-003,POWER Switch (FW)
QX-8000A,Receiver,ASG-003-0,ASG-003,Power switch (FW)
QX-9900,Receiver,ASG-003-0,ASG-003,Power switch
SA-970,Integrated Amplifier,ASG-003,ASG-003,Variable resistor 100k (MAIN VOLUME)
QX-8000,Receiver,ASG-004-0,ASG-004,Mini switch (QUADRILIZER)
QX-8000,Receiver,ASG-005,ASG-005,SWITCH(TAPE MON/HI-/LOW FILTER)
QX-8000,Receiver,ASG-005-0,ASG-005,"Mini Switch (FILTERS,LOUDNESS,MUTING,TAPE MONITORS)"
QX-8000A,Receiver,ASG-005-0,ASG-005,"Mini Switch (FILTERS,LOUDNESS,MUTING,TAPE MONITORS)"
SX-6000,Receiver,ASG-006-0,ASG-006,Mini switch (AF MUTING)
SX-6000,Receiver,ASG-006-0,ASG-006,Mini switch (FM MUTING)
SX-6000,Receiver,ASG-006-0,ASG-006,Mini switch (HIGH CUT)
SX-6000,Receiver,ASG-006-0,ASG-006,Mini switch (LOUDNESS)
SX-6000,Receiver,ASG-006-0,ASG-006,Mini switch (LOW CUT)
SX-6000,Receiver,ASG-006-0,ASG-006,Mini switch (TAPE MONITOR 1)
SX-6000,Receiver,ASG-006-0,ASG-006,Mini switch (TAPE MONITOR 2)
SX-525,Receiver,ASG-016-0,ASG-016,Mini switch
SX-424,Receiver,ASG-017-0,ASG-017,Push switch (Loudness)
SX-424,Receiver,ASG-017-0,ASG-017,Push switch (Mode)
SX-424,Receiver,ASG-017-0,ASG-017,Push switch (Tape Mon)
SX-727,Receiver,ASG-017-0,ASG-017,Push switch (FM Muting)
SX-727,Receiver,ASG-017-0,ASG-017,Push switch (High Filter)
SX-727,Receiver,ASG-017-0,ASG-017,Push switch (Loudness)
SX-727,Receiver,ASG-017-0,ASG-017,Push switch (Mode)
SX-727,Receiver,ASG-017-0,ASG-017,Push switch (Muting)
SX-727,Receiver,ASG-018-0,ASG-018,Push switch (Low Filter)
QX-949,Receiver,ASG-019-0,ASG-019,Push switch (HIGH FILTER)
QX-949,Receiver,ASG-019-0,ASG-019,Push switch (LOW FILTER)
QX-949A,Receiver,ASG-019,ASG-019,Push switch (HIGH FILTER)
QX-949A,Receiver,ASG-019,ASG-019,Push switch (HIGH FILTER)
QX-949A,Receiver,ASG-019,ASG-019,Push switch (LOW FILTER)
QX-949A,Receiver,ASG-019,ASG-019,Push switch (LOW Fl LTER)
SX-727,Receiver,ASG-019-0,ASG-019,Push switch (Monitor-1)
SX-727,Receiver,ASG-019-0,ASG-019,Push switch (Monitor-2)
QX-8000A,Receiver,ASG-023-0,ASG-023,Power switch (KUW)
SA-5200,Integrated Amplifier,ASG-023-0,ASG-023,"Power switch (push-button type) (KU,KC model)"
TX-6200,Tuner,ASG-023-0,ASG-023,Push switch (POWER) KU model
QX-646,Receiver,ASG-025-0,ASG-025,Mini-switch (SPEAKERS/REAR)
QX-4000,Receiver,ASG-026-0,ASG-026,Mini-switch (SPEAKERS)
QX-646,Receiver,ASG-026,ASG-026,SWITCH(SPEAKER)
QX-4000,Receiver,ASG-027-0,ASG-027,"Mini-switch (3-gang LOUDNESS,TAPE MONITOR MUTING)"
QX-646,Receiver,ASG-027-0,ASG-027,"Mini-switch (3-gang, LOUDNESS/MUTING/TAPE)"
QX-9900,Receiver,ASG-029-0,ASG-029,Push switch (AF MUTING)
QX-9900,Receiver,ASG-030-0,ASG-030,Mini-switch (LEVEL METER RANGE)
QX-9900,Receiver,ASG-031-A,ASG-031,Mini-switch (SPEAKERS-FRONT)
QX-9900,Receiver,ASG-031-A,ASG-031,Mini-switch (SPEAKERS-REAR)
QX-9900,Receiver,ASG-032-0,ASG-032,Mini-switch (FM MUTING)
QX-9900,Receiver,ASG-032-0,ASG-032,Mini-switch (LOUDNESS-FRONT/REAR)
SA-5200,Integrated Amplifier,ASG-032-0,ASG-032,"Push switch (MODE, LOUDNESS)"
QX-9900,Receiver,ASG-033-0,ASG-033,Mini-switch (HIGH/LOW FILTER)
QX-9900,Receiver,ASG-034-0,ASG-034,Mini-switch (TAPE MONITOR 1/TAPE MONITOR 2)
SA-7100,Integrated Amplifier,ASG-035-A,ASG-035,LOUDNESS Switch
SA-8100,Integrated Amplifier,ASG-036-A,ASG-036,Push switch (LOUDNESS)
SX-535,Receiver,ASG-040-0,ASG-040,Push switch (FM muting)
SX-636,Receiver,ASG-040-0,ASG-040,Push switch (FM muting)
TX-6200,Tuner,ASG-040-0,ASG-040,Push switch (FM MUTING)
SA-5200,Integrated Amplifier,ASG-041-0,ASG-041,"Push switch (TAPE MONITOR, SPEAKERS A/B)"
SA-5200,Integrated Amplifier,ASG-042-0,ASG-042,Power switch (push-button type) (FV model)
TX-6200,Tuner,ASG-042-A,ASG-042,Push switch (POWER) F and FVZ model
QX-747,Receiver,ASG-043-0,ASG-043,Push switch (power)
QX-949,Receiver,ASG-043-0,ASG-043,Push switch (Power)
QX-949A,Receiver,ASG-043,ASG-043,Push switch (POWER - for KCU type)
SA-9500,Integrated Amplifier,ASG-043-B,ASG-043,Push switch (POWER KCU)
SA-9900,Integrated Amplifier,ASG-043-B,ASG-043,"Push switch (S18, POWER) (Model KCU)"
SX-535,Receiver,ASG-043-0,ASG-043,Push switch (power - KSC)
SX-636,Receiver,ASG-043-0,ASG-043,Push switch (power - KCU)
QX-747,Receiver,ASG-044-0,ASG-044,Push Switch (speakers)
QX-747,Receiver,ASG-045-0,ASG-045,"Push switch (FM muting, dolby, tape,mon., loudness)"
QX-949,Receiver,ASG-046-0,ASG-046,Push switch (SPEAKERS)  ---- Requires Verification
QX-949A,Receiver,ASG-046,ASG-046,"Push switch (SPEAKERS FRONT A, B,SPEAKERS REAR A, B)  ---- Requires Verification"
QX-949,Receiver,ASG-047-0,ASG-047,Push switch (LEVEL INDICATOR SENSITIVITY)  ---- Requires Verification
QX-949A,Receiver,ASG-047,ASG-047,"Push switch (INDICATOR LEVEL -10dB, -20dB)  ---- Requires Verification"
TX-6200,Tuner,ASG-047,ASG-047,SWITCH(MONO/AUTO/NOISE FILTER)
QX-949,Receiver,ASG-049-0,ASG-049,"Push switch (TAPE MON,DOLBY NR ADP,LOUDNESS)  ---- Requires Verification"
QX-949A,Receiver,ASG-049,ASG-049,"Push switch (TAPE MONITOR 2CH, 4CH-1, 4CH-2,DOLBY NR ADAPTOR, LOUDNESS)  ---- Requires Verification"
QX-949,Receiver,ASG-050-A,ASG-050,"Push switch (MPX-noise ﬁlter, FM muting)"
QX-949A,Receiver,ASG-050,ASG-050,"Push switch (FM MUTING, MPX NOISE FILTER)"
Exclusive M3,Amplifier,ASG-052-0,ASG-052,Push switch (input level)
SX-434,Receiver,ASG-055-0,ASG-055,"Push switch (Loudness, Mono,Tape monitor, FM muting)"
Exclusive M3,Amplifier,ASG-056-0,ASG-056,Push switch (subsonic)
Exclusive M3,Amplifier,ASG-057-0,ASG-057,Push switch (speakers)
SX-838,Receiver,ASG-058,ASG-058,Push switch (FM muting)
Exclusive M3,Amplifier,ASG-059-0,ASG-059,Push switch (input)
SX-939,Receiver,ASG-061-0,ASG-061,Push switch (speakers)
SX-838,Receiver,ASG-062-0,ASG-062,"Push switch (Filter, AF muting)"
SX-939,Receiver,ASG-062-0,ASG-062,"Mini switch (filters, AF muting)"
SX-838,Receiver,ASG-063-0,ASG-063,"Push switch (mode, loudness)"
SX-1010,Receiver,ASG-064-0,ASG-064,"Push switch (dimmer, FM muting)"
SX-939,Receiver,ASG-064-0,ASG-064,"Push switch (dimmer, FM muting)"
SX-939,Receiver,ASG-065-0,ASG-065,Push switch (function)
SX-838,Receiver,ASG-068-0,ASG-068,Push switch (speakers)
SX-838,Receiver,ASG-069-A,ASG-069,Push switch (Function)
QX-747A,Receiver,ASG-070,ASG-070,Push Switch (POWER)
QX-949A,Receiver,ASG-070,ASG-070,Push switch (POWER - for “F” type)
SX-535,Receiver,ASG-070-0,ASG-070,"Push switch (power - FV,GN)"
SX-636,Receiver,ASG-070-0,ASG-070,"Push switch (power - FV,GN)"
SX-636,Receiver,ASG-070-0,ASG-070,"Push switch (power - GN,FV)"
SX-737,Receiver,ASG-071-0,ASG-071,"Push switch (mode, FM muting)"
SX-737,Receiver,ASG-072-0,ASG-072,Push switch (speakers)
SX-535,Receiver,ASG-073-A,ASG-073,"Push switch (SPEAKER A, B)"
SX-636,Receiver,ASG-073-0,ASG-073,"Push switch (filter, mode)"
SX-636,Receiver,ASG-073-0,ASG-073,Push switch (speaker)
SX-636,Receiver,ASG-074-0,ASG-074,"Push switch (tape monitor, loudness)"
SX-535,Receiver,ASG-075-A,ASG-075,"Push switch (TAPE MONITOR 1,2,MODE ,LOUDNESS)"
Exclusive M3,Amplifier,ASG-077-0,ASG-077,Push switch (power)
SA-9900,Integrated Amplifier,ASG-077-B,ASG-077,"Push switch (S18, POWER) (Model D)"
SA-9900,Integrated Amplifier,ASG-077-B,ASG-077,"Push switch (S18, POWER) (Model GN)"
SA-9900,Integrated Amplifier,ASG-077-B,ASG-077,"Push switch power (D, GN)"
QX-747A,Receiver,ASG-078,ASG-078,"Push switch (SPEAKERS ALL OFF, FRONT)"
QX-747A,Receiver,ASG-078-A,ASG-078,Push switch (SPEAKERS)
QX-747A,Receiver,ASG-079,ASG-079,"Push switch (TAPE MONITOR 2CH, 4CH,DOLBY NR ADAPTOR,LOUDNESS, FM MUTING)"
QX-747A,Receiver,ASG-079-A,ASG-079,"Push switch (TAPE MONITOR,DOLBY NR ADP,LOUDNESS, FM MUTING)"
QX-747A,Receiver,ASG-080,ASG-080,"Push switch (INDICATOR LEVEL -10,-20dB)"
QX-747A,Receiver,ASG-080-A,ASG-080,Push switch (LEVEL lNDlCATOR SENSITMTY)
SA-9500,Integrated Amplifier,ASG-085-0,ASG-085,"Push switch (POWER D,GN)"
SX-550,Receiver,ASG-092,ASG-092,"Push switch (FM MUTING, MODE)"
SX-550,Receiver,ASG-093,ASG-093,"Push switch (LOUDNESS, TAPE MONITOR 1, 2)"
SX-1050,Receiver,ASG-094,ASG-094,Push switch (SPEAKERS)
SX-1250,Receiver,ASG-094,ASG-094,Push switch (SPEAKERS)
SX-950,Receiver,ASG-094,ASG-094,Push switch (SPEAKERS)
SX-1050,Receiver,ASG-095,ASG-095,Push switch (FUNCTION)
SX-1250,Receiver,ASG-095,ASG-095,Push switch (FUNCTION)
SX-850,Receiver,ASG-095,ASG-095,"Push switch (AM, FM, PHONO 1, PHONO 2/MIC, AUX)"
SX-950,Receiver,ASG-095,ASG-095,"Push switch (AM, FM, PHONO 1, PHONO 2/MIC, AUX)"
SX-850,Receiver,ASG-096,ASG-096,"Push switch (FM MUTING, FM MPX NOISE FILTER)"
SX-950,Receiver,ASG-096,ASG-096,"Push switch (FM MUTING, MPX NOISE FIL"
SX-750,Receiver,ASG-097,ASG-097,Push switch (FM MUTING)
SX-1050,Receiver,ASG-098,ASG-098,Push switch (FILTER / FM MUTING / MULTIPATH)
SX-1250,Receiver,ASG-098,ASG-098,"Push switch (LOW FILTER, HIGH FILTER, MULTIPATH, FM MUTING)"
SX-850,Receiver,ASG-113,ASG-113,"Push switch (SPEAKERS A, B)"
SX-450,Receiver,ASG-115,ASG-115,Push switch assembly
SA-5500II,Integrated Amplifier,ASG-117,ASG-117,Push switch (SPEAKERS)
SX-1080,Receiver,ASG-126,ASG-126,"Push switch (FM, AM, AUX,PHONO 2/MIC, PHONO 1)"
SX-1280,Receiver,ASG-126,ASG-126,Push switch (FUNCTION)
SX-1980,Receiver,ASG-126,ASG-126,Push switch (FUNCTION)
SX-980,Receiver,ASG-126,ASG-126,Push switch (FUNCTION)
SX-1280,Receiver,ASG-127,ASG-127,"Push switch (LOW FlLTER,HIGH FILTER, MULTIPATH,DE-EMPHASIS, FM MUTING)"
SX-1980,Receiver,ASG-127,ASG-127,"Push switch (FILTER, FM)"
SX-1080,Receiver,ASG-128,ASG-128,"Push switch (FILTER, FM)"
SX-980,Receiver,ASG-129,ASG-129,Push switch
SX-1980,Receiver,ASG-130,ASG-130,Push switch (SPEAKERS)
SX-1280,Receiver,ASG-132,ASG-132,Push switch (SPEAKERS)
SX-1080,Receiver,ASG-133,ASG-133,Push switch (SPEAKERS)
SX-980,Receiver,ASG-133,ASG-133,Push switch assembly (SPEAKERS)
F-28,Tuner,ASG-134,ASG-134,Key switch (IF BAND)
F-28,Tuner,ASG-134,ASG-134,Key switch (MODE)
F-28,Tuner,ASG-134,ASG-134,Key switch (MPX NOISE FILTER)
F-28,Tuner,ASG-134,ASG-134,Key switch (MUTING)
F-28,Tuner,ASG-134,ASG-134,Key switch (REC LEVEL CHECK)
SX-580/590,Receiver,ASG-137,ASG-137,"Dual push switch (MODE/FM MUTE, TAPE MONITOR)"
SX-580/590,Receiver,ASG-138,ASG-138,Push switch (LOUDNESS)
SX-680/690,Receiver,ASG-138,ASG-138,Push switch (LOUDNESS)
SX-680/690,Receiver,ASG-138,ASG-138,Push switch (MODE/FM MUTE)
SX-580/590,Receiver,ASG-139,ASG-139,Dual push switch (SPEAKERS)
SX-680/690,Receiver,ASG-139,ASG-139,Dual push switch (SPEAKERS)
SX-780,Receiver,ASG-139,ASG-139,Dual push (SPEAKERS)
SX-880/890,Receiver,ASG-139,ASG-139,"Dual push switch (SPEAKERS A, B)"
SX-680/690,Receiver,ASG-140,ASG-140,Dual push switch (TAPE MONITOR)
SR-303,Reverb,ASG-150,ASG-150,Push switch (ATTENUATOR)
F-7,Tuner,ASG-151,ASG-151,Tact switch (STATION CALL)
SX-D5000,Receiver,ASG-151,ASG-151,Memory switch
SX-D5000,Receiver,ASG-151,ASG-151,Station call switches
SX-D5000,Receiver,ASG-151,ASG-151,Tuning switch
TX-D1000,Tuner,ASG-151,ASG-151,SWITCH(MEMORY/DOWN/UP/STATION C
TX-408,Tuner,ASG-160,ASG-160,SWITCH(FUNCTION-AM/FM/MUTING)
TX-410,Tuner,ASG-160,ASG-160,SWITCH(FUNCTION-AM/FM/MUTING)
SX-600,Receiver,ASG-161,ASG-161,"Tact switch (MANUAL,MEMORY)"
SX-600,Receiver,ASG-161,ASG-161,Tact switch (PRESET)
SX-600L,Receiver,ASG-161,ASG-161,"Tact switch (MANUAL,MEMORY)"
SX-600L,Receiver,ASG-161,ASG-161,Tact switch (PRESET)
SX-700,Receiver,ASG-161,ASG-161,"Tact switch (MANUAL,MEMORY,PRESETS)"
SX-700L,Receiver,ASG-161,ASG-161,"Tact switch (MANUAL,MEMORY,PRESETS)"
TX-710,Tuner,ASG-163,ASG-163,SWITCH(STATION CALL)
F-7,Tuner,ASG-173,ASG-173,"Tact switch (UP, DOWN)"
F-7,Tuner,ASG-174,ASG-174,"Push Switch (FM,AM)"
SX-4,Receiver,ASG-177,ASG-177,Tact switch (STATION)
SX-5,Receiver,ASG-177,ASG-177,Tact switch (STATION CALL SWITCHES)
SX-6,Receiver,ASG-177,ASG-177,"Tact switch (VOLUME, MUTING, PRESET, TUNING, MEMORY/STOP, STATION CALL 1 - 8, FUNCTION)"
SX-7,Receiver,ASG-177,ASG-177,Tact switch (STATION PRESETS)
TX-720,Tuner,ASG-177,ASG-177,SWITCH(FUNCTION-MEMO/LOCAL...ETC
TX-530,Tuner,ASG-178,ASG-178,SWITCH(FUNCT-FM/MW/LW/AM/FM/AUT
TX-3000,Tuner,ASG-206,ASG-206,SWITCH(AM/FM/MUTING/MONO)
SA-9800,Integrated Amplifier,ASG-208,ASG-208,Push switch (METER)
SG-9,Equalizer,ASG-212,ASG-212,Push switch 3-ganged (EQUALIZER)
SG-9800,Equalizer,ASG-212,ASG-212,3-gang push switch (EQUALIZER)
SR-303,Reverb,ASG-212,ASG-212,3-gang push switch (REVERBERATION)
SG-9,Equalizer,ASG-213,ASG-213,Push switch dual (ATTENUATOR)
SG-9800,Equalizer,ASG-213,ASG-213,2-gang push switch (ATTENUATOR)
SG-9,Equalizer,ASG-214,ASG-214,Push switch (TAPE MONITOR)
SG-9800,Equalizer,ASG-214,ASG-214,Push switch (TAPE MONITOR)
SR-303,Reverb,ASG-214,ASG-214,Push switch (TAPE MONITOR)
SR-9,Reverb,ASG-214,ASG-214,PUSH SWITCH(TAPE MON) ASG-316
RG-2,Dynamic Range Expander,ASG-215,ASG-215,Push switch (POWER)
RG-9,Dynamic Range Expander,ASG-215,ASG-215,SWITCH(POWER)
SR-303,Reverb,ASG-215,ASG-215,Push switch (POWER)
SR-9,Reverb,ASG-215,ASG-215,SWITCH(POWER)
RG-2,Dynamic Range Expander,ASG-216,ASG-216,Push switch (PROCESSOR)
RG-2,Dynamic Range Expander,ASG-216,ASG-216,Push switch (TAPE MONITOR)
TX-D1000,Tuner,ASG-217,ASG-217,SWITCH(POWER)
SX-600L,Receiver,ASG-221,ASG-221,Push switch (TAPE MONITOR)
SX-700,Receiver,ASG-221,ASG-221,Push switch (TAPE MONITOR)
SX-700L,Receiver,ASG-221,ASG-221,Push switch (TAPE MONITOR)
SX-600,Receiver,ASG-221 (ASG-246),ASG-221 (ASG-246),Push switch (TAPE MONITOR)
SX-3900,Receiver,ASG-228,ASG-228,"5-gang push switch (FM, AM, AUX, PHONO2, PHONO1)"
SX-3900,Receiver,ASG-229,ASG-229,Dual push switch
SX-3800,Receiver,ASG-230,ASG-230,Push switch (BRIGHTNESS)
SX-3800,Receiver,ASG-230,ASG-230,Push switch (FM MUTING)
SX-3900,Receiver,ASG-230,ASG-230,Push switch (BRIGHT/DIM)
SX-3900,Receiver,ASG-230,ASG-230,Push switch (LOUDNESS)
SX-3800,Receiver,ASG-231,ASG-231,Push switch (FUNCTION - AM)
SX-3800,Receiver,ASG-231,ASG-231,Push switch (FUNCTION - AUX)
SX-3800,Receiver,ASG-231,ASG-231,Push switch (FUNCTION - FM)
SX-3800,Receiver,ASG-231,ASG-231,Push switch (FUNCTION - PHONO)
SX-3700,Receiver,ASG-240,ASG-240,Push switch (AM)
SX-3700,Receiver,ASG-240,ASG-240,Push switch (AUX)
SX-3700,Receiver,ASG-240,ASG-240,Push switch (FM)
SX-3700,Receiver,ASG-240,ASG-240,Push switch (PHONO)
SX-820,Receiver,ASG-240,ASG-240,Push switch (AM)
SX-820,Receiver,ASG-240,ASG-240,Push switch (AUX)
SX-820,Receiver,ASG-240,ASG-240,Push switch (FM)
SX-820,Receiver,ASG-240,ASG-240,Push switch (PHONO)
SX-3700,Receiver,ASG-241,ASG-241,Push switch (SP A)
SX-3700,Receiver,ASG-241,ASG-241,Push switch (SP B)
SX-820,Receiver,ASG-241,ASG-241,Push switch (SP A)
SX-820,Receiver,ASG-241,ASG-241,Push switch (SP B)
SX-3400,Receiver,ASG-242,ASG-242,"Push switch (MODE/FM MUTE, LOUDNESS)"
SX-3600/720,Receiver,ASG-242,ASG-242,"Push switch (FM MUTE/MODE,TAPE MONITOR)"
SX-600L,Receiver,ASG-242,ASG-242,"Push switch (FM MUTING, LOUDNESS)"
SX-700,Receiver,ASG-242,ASG-242,"2-ganged push switch  (FM MUTING, LOUDNESS)"
SX-700L,Receiver,ASG-242,ASG-242,"2-ganged push switch  (FM MUTING, LOUDNESS)"
SX-600,Receiver,ASG-242 (ASG-244),ASG-242 (ASG-244),"Push switch (FM MUTING, LOUDNESS)"
SX-3600/720,Receiver,ASG-243,ASG-243,Push switch (SPEAKER)
SX-3500,Receiver,ASG-244,ASG-244,"2-ganged push switch (MODE/FM MUTE, LOUDNESS)"
SX-3500,Receiver,ASG-245,ASG-245,2-ganged push switch (SPEAKERS)
SX-3500,Receiver,ASG-246,ASG-246,Push switch (TAPE MONITOR)
TX-720,Tuner,ASG-246,ASG-246,SWITCH(TAPE MONITOR)
SX-3400,Receiver,ASG-247,ASG-247,Push switch (TAPE MONITOR)
SX-D7000,Receiver,ASG-248,ASG-248,"Function switch (PHONO1, PHONO2, AUX, AM, FM)"
SX-D5000,Receiver,ASG-249,ASG-249,"3-ganged push switch (MONITOR, ADAPTOR)"
SX-D7000,Receiver,ASG-249,ASG-249,Switch (TAPE MON/ADAPTOR)
SX-D5000,Receiver,ASG-250,ASG-250,3-ganged push switch (DUPLICATE)
SX-D7000,Receiver,ASG-250,ASG-250,Switch (TAPE DUPLICATE)
SX-D5000,Receiver,ASG-251,ASG-251,Push switch (LOUDNESS)
SX-D5000,Receiver,ASG-251,ASG-251,Push switch (MUTING -20dB)
SX-D7000,Receiver,ASG-251,ASG-251,Switch (LOUDNESS)
SX-D7000,Receiver,ASG-251,ASG-251,Switch (MUTING)
TX-530L,Tuner,ASG-251,ASG-251,Push switch (FM MUTING)
TX-530L,Tuner,ASG-251,ASG-251,Push switch (FM MUTING)
SX-D5000,Receiver,ASG-252,ASG-252,"Push switch (AUTO/MANUAL, 75/25us, FM/AM MUTE)"
SX-D7000,Receiver,ASG-252,ASG-252,FM 25us switch
SX-D7000,Receiver,ASG-252,ASG-252,FM/AM mute switch
SX-D7000,Receiver,ASG-252,ASG-252,Tuning (AUTO/MAN)
SX-D7000,Receiver,ASG-253,ASG-253,Turnover switch (BASS)
SX-D7000,Receiver,ASG-253,ASG-253,Turnover switch (TREBLE)
SX-D7000,Receiver,ASG-254,ASG-254,Switch (MODE)
SX-D7000,Receiver,ASG-254,ASG-254,Switch (SPEAKERS/TONE)
SX-D7000,Receiver,ASG-255,ASG-255,Dimmer switch
SX-D5000,Receiver,ASG-256,ASG-256,Function switch (AM/FM)
SX-D5000,Receiver,ASG-257,ASG-257,"Push switch (SPEAKERS, LOW, FILTER, MODE)"
SX-D5000,Receiver,ASG-257,ASG-257,Speaker switch
TX-520,Tuner,ASG-261,ASG-261,SWITCH(FUNCTION-FM/MUTING)
SA-420,Integrated Amplifier,ASG-266,ASG-266,Push switch (SPEAKERS)
F-7,Tuner,ASG-275,ASG-275,"Push switch (REC LEVEL CHECK, MODE)"
F-7,Tuner,ASG-276,ASG-276,"Push switch (MEMORY,TUNlNG MODE)"
F-9,Tuner,ASG-276,ASG-276,SWITCH(MEMORY/TUNING MODE)
A-5,Integrated Amplifier,ASG-278,ASG-278,SWITCH(LOUDNESS/MUTING)
A-6,Integrated Amplifier,ASG-278,ASG-278,Push switch (LOUDNESS)
A-7,Integrated Amplifier,ASG-278,ASG-278,Push switch (MUTING)
A-8,Integrated Amplifier,ASG-278,ASG-278,Muting switch
A-9,Integrated Amplifier,ASG-278,ASG-278,Push switch (MUTlNG)
A-7,Integrated Amplifier,ASG-279,ASG-279,"Push switch (PHONO MC, PHONO MM, LOUDNESS, SUBSONIC)"
A-7,Integrated Amplifier,ASG-280,ASG-280,"Push switch (LINE STRAIGHT, MODE, SPEAKERS)"
A-8,Integrated Amplifier,ASG-280,ASG-280,SWITCH(FUNCTION)
A-8,Integrated Amplifier,ASG-281,ASG-281,PUSH SWITCH
A-9,Integrated Amplifier,ASG-282,ASG-282,"Push switch (LOUDNESS,SUBSONIC, LINE STRAIGHT MODE, SPEAKERS)"
SA-420,Integrated Amplifier,ASG-285,ASG-285,"Push switch (TAPE/ADAPTOR,LOUDNESS)"
A-6,Integrated Amplifier,ASG-287,ASG-287,Push switch
A-6,Integrated Amplifier,ASG-287,ASG-287,"Push switch (SPEAKERS, TONE, SUBSONIC,MUTING, PHONO)"
A-5,Integrated Amplifier,ASG-288,ASG-288,SWITCH(SPEAKERS/TONE/MUTING)
SX-6,Receiver,ASG-297,ASG-297,"Push switch (TAPE, MONO/MUTE OFF, SUBSONIC, LOUDNESS)"
SX-6,Receiver,ASG-298,ASG-298,Push switch (TUNING)
SX-7,Receiver,ASG-298,ASG-298,2-ganged push switch (TUNING)
SX-6,Receiver,ASG-299,ASG-299,Push switch (SPEAKERS)
SX-5,Receiver,ASG-300,ASG-300,"4-ganged push switch (TAPE/ADPT,TUNlNG,MONO,LOUDNESS)"
SX-4,Receiver,ASG-301,ASG-301,"3-ganged push switch (TAPE/ADPT, MONO, LOUDNESS)"
SX-7,Receiver,ASG-302,ASG-302,"3-ganged push switch (CLOCK,SPEAKERS)"
SX-8,Receiver,ASG-310,ASG-310,"3-ganged Push switch (MONO/MUTE OFF, TUNING)"
SX-8,Receiver,ASG-311,ASG-311,"3-ganged push switch (SPEAKERS, CLOCK)"
TX-130,Tuner,ASG-312,ASG-312,SWITCH(FUNCTION-AM/FM)
TX-130L,Tuner,ASG-313,ASG-313,Push switch (FM MUTING)
TX-530,Tuner,ASG-313,ASG-313,SWITCH(FM MUTING/MODE)
SR-303,Reverb,ASG-316,ASG-316,SWITCH(TAPE MONITOR) Replacement part
RG-2,Dynamic Range Expander,ASG-317,ASG-317,SWITCH(TAPE/PROCESSOR ASSY)
RG-9,Dynamic Range Expander,ASG-317,ASG-317,SWITCH(TAPE/PROCESSOR ASSY)
DT-32,Timer,ASG-318,ASG-318,"SWITCH(STDBY,ON TIMER/POWER)"
DT-570,Timer,ASG-318,ASG-318,"SWITCH(STDBY,ON TIMER/POWER)"
SG-90,Equalizer,ASG-345,ASG-345,Push switch (INPUT SELECTOR)
SG-90,Equalizer,ASG-346,ASG-346,Push switch (AUTO FADER)
SR-60,Reverb,ASG-347,ASG-347,SWITCH(SPEAKER)
RG-60,Dynamic Range Expander,ASG-348,ASG-348,Push switch (PROCESSOR)
TX-720,Tuner,ASG-402,ASG-402,SWITCH(FUNCTION-AM/FM)
A-7,Integrated Amplifier,ASG-403,ASG-403,Push switch (FUNCTION)
A-8,Integrated Amplifier,ASG-403,ASG-403,Function switch
A-5,Integrated Amplifier,ASG-408,ASG-408,SWITCH(FUNCTION)
A-6,Integrated Amplifier,ASG-408,ASG-408,"Push switch (FUNCTlON - PHONO,TUNER,AUX,TAPE1,TAPE2)"
SX-202,Receiver,ASG-412,ASG-412,"Push switch (FUNCTION, TAPE, LOUDNESS)"
F-70,Tuner,ASG-413,ASG-413,SWITCH(POWER/ON/STANDBY/SPKR)
F-717,Tuner,ASG-413,ASG-413,SWITCH(POWER/ON/STANDBY/SPKR)
F-77,Tuner,ASG-413,ASG-413,SWITCH(POWER/ON/STANDBY/SPKR)
TX-1060/BK,Tuner,ASG-413,ASG-413,SWITCH(POWER/ON/STANDBY/SPKR)
TX-1070R,Tuner,ASG-413,ASG-413,SWITCH(POWER/ON/STANDBY/SPKR)
TX-201Z,Tuner,ASG-413,ASG-413,SWITCH(POWER/ON/STANDBY/SPKR)
TX-540,Tuner,ASG-413,ASG-413,SWITCH(POWER/ON/STANDBY/SPKR)
TX-550,Tuner,ASG-413,ASG-413,SWITCH(POWER/ON/STANDBY/SPKR)
TX-560/BK,Tuner,ASG-413,ASG-413,SWITCH(POWER/ON/STANDBY/SPKR)
TX-905,Tuner,ASG-413,ASG-413,SWITCH(POWER/ON/STANDBY/SPKR)
TX-940,Tuner,ASG-413,ASG-413,SWITCH(POWER/ON/STANDBY/SPKR)
TX-950,Tuner,ASG-413,ASG-413,Switch (POWER)
TX-960,Tuner,ASG-413,ASG-413,SWITCH(POWER/ON/STANDBY/SPKR)
TX-970,Tuner,ASG-413,ASG-413,SWITCH(POWER/ON/STANDBY/SPKR)
TX-940,Tuner,ASG-414,ASG-414,SWITCH(AUTO SCAN/MEMO/FM MUTING
TX-540,Tuner,ASG-415,ASG-415,SWITCH(FUNCTION-AM/FM/MUTING)
TX-550,Tuner,ASG-415,ASG-415,SWITCH(FUNCTION-AM/FM/MUTING)
F-28,Tuner,ASG-502,ASG-502,Push switch (POWER - S/G)
SX-580/590,Receiver,ASG-503,ASG-503,Push switch - POWER (SX-580/KU)
SX-680/690,Receiver,ASG-503,ASG-503,Push switch (POWER - KC type)
SX-680/690,Receiver,ASG-503,ASG-503,Push switch (POWER) SX-680/KU
SX-580/590,Receiver,ASG-504,ASG-504,Push switch - POWER (SX-590/HG)
SX-580/590,Receiver,ASG-504,ASG-504,Push switch - POWER (SX-590/HGW4)
SX-680/690,Receiver,ASG-504,ASG-504,Push switch (POWER) SX-680/HGW4
SX-680/690,Receiver,ASG-504,ASG-504,Push switch (POWER) SX-680/KU
TX-3000,Tuner,ASG-504,ASG-504,SWITCH(POWER)
F-28,Tuner,ASG-505,ASG-505,Push switch (POWER - KU)
F-28,Tuner,ASG-505,ASG-505,Push switch (POWER)
SX-680/690,Receiver,ASG-507/ASG-501,ASG-507/ASG-501,Push switch (POWER - S/SG type)
SX-680/690,Receiver,ASG-508/ASG-503,ASG-508/ASG-503,Push switch (POWER - KU type)
SX-3400,Receiver,ASG-510,ASG-510,Push switch (POWER - S)
SG-9800,Equalizer,ASG-511,ASG-511,Push switch (POWER)
SX-3400,Receiver,ASG-511,ASG-511,Push switch (POWER - KU)
TX-408,Tuner,ASG-513,ASG-513,SWITCH(POWER)
TX-410,Tuner,ASG-513,ASG-513,SWITCH(POWER)
TX-130L,Tuner,ASG-516,ASG-516,Push switch (POWER)
TX-520,Tuner,ASG-516,ASG-516,SWITCH(POWER)
TX-530L,Tuner,ASG-516,ASG-516,Push switch (POWER)
SX-D5000,Receiver,ASG-518,ASG-518,Push switch (POWER) - KU
SX-D7000,Receiver,ASG-518,ASG-518,Power switch
SX-D5000,Receiver,ASG-519,ASG-519,Push switch (POWER) - HG
SA-420,Integrated Amplifier,ASG-520,ASG-520,Push switch (POWER) - S
SG-9,Equalizer,ASG-520,ASG-520,Push switch (POWER)  - R
SG-9,Equalizer,ASG-520,ASG-520,Push switch (POWER)  - R/G
A-5,Integrated Amplifier,ASG-521,ASG-521,SWITCH(POWER)
A-6,Integrated Amplifier,ASG-521,ASG-521,Push switch (POWER) - KU
SA-420,Integrated Amplifier,ASG-521,ASG-521,Push switch (POWER) - KU
SG-9,Equalizer,ASG-521,ASG-521,Push switch (POWER)  - KC
SG-9,Equalizer,ASG-521,ASG-521,Push switch (POWER)  - KU
SX-4,Receiver,ASG-521,ASG-521,Push switch (POWER)
SX-5,Receiver,ASG-521,ASG-521,Push switch (POWER)
SX-6,Receiver,ASG-521,ASG-521,Push switch (POWER)
SX-7,Receiver,ASG-521,ASG-521,Push switch (POWER)
A-6,Integrated Amplifier,ASG-522,ASG-522,Push switch (POWER) - HB
A-6,Integrated Amplifier,ASG-522,ASG-522,Push switch (POWER) - HE
SA-420,Integrated Amplifier,ASG-522,ASG-522,Push switch (POWER) - YP
SA-530,Integrated Amplifier,ASG-522,ASG-522,Push switch (POWER) - HB
SA-530,Integrated Amplifier,ASG-522,ASG-522,Push switch (POWER) - HE
SA-530,Integrated Amplifier,ASG-522,ASG-522,Push switch (POWER) - HEZ
SA-530,Integrated Amplifier,ASG-522,ASG-522,Push switch (POWER) - YP
SA-930,Integrated Amplifier,ASG-522,ASG-522,Push switch (POWER) - HB
SA-930,Integrated Amplifier,ASG-522,ASG-522,Push switch (POWER) - HE
SA-930,Integrated Amplifier,ASG-522,ASG-522,Push switch (POWER) - HEZ
SA-930,Integrated Amplifier,ASG-522,ASG-522,Push switch (POWER) - YP
TX-720,Tuner,ASG-526,ASG-526,SWITCH(POWER)
F-7,Tuner,ASG-532,ASG-532,Push switch (POWER - HG )
F-7,Tuner,ASG-532,ASG-532,SWITCH(POWER)
F-9,Tuner,ASG-532,ASG-532,SWITCH(POWER)
A-8,Integrated Amplifier,ASG-533,ASG-533,"Power switch (S, S/G)"
A-9,Integrated Amplifier,ASG-533,ASG-533,"Push switch (POWER - S,S/G)"
SX-8,Receiver,ASG-533,ASG-533,Push switch (POWER) S/SG-type
A-8,Integrated Amplifier,ASG-534,ASG-534,"Power switch (KU, KC)"
A-9,Integrated Amplifier,ASG-534,ASG-534,SWITCH(POWER - Pioneer Electronics database) - KU?
SX-8,Receiver,ASG-534,ASG-534,Push switch (POWER)
SX-8,Receiver,ASG-534,ASG-534,Push switch (POWER)  KU-type
A-7,Integrated Amplifier,ASG-535,ASG-535,Push switch (POWER - HE/HB)
A-8,Integrated Amplifier,ASG-535,ASG-535,"Power switch (HE, HB)"
A-9,Integrated Amplifier,ASG-535,ASG-535,"Push switch (POWER - HE,HB)"
MA-62,Other,ASG-536,ASG-536,SWITCH(POWER)
MA-62A,Other,ASG-536,ASG-536,SWITCH(POWER)
QX-9900,Receiver,ASG-536,ASG-536,SWITCH(POWER) ?????
TX-6200,Tuner,ASG-536,ASG-536,SWITCH(POWER)
QX-8000,Receiver,ASG-536 ????,ASG-536 ????,SWITCH(POWER)
QX-8000A,Receiver,ASG-536 ????,ASG-536 ????,SWITCH(POWER)
TX-05,Tuner,ASG-538,ASG-538,SWITCH(POWER/FM MUTING)
SA-530,Integrated Amplifier,ASG-539,ASG-539,Push switch (POWER) - KU
SA-530,Integrated Amplifier,ASG-539,ASG-539,Push switch (POWER) - S
SA-930,Integrated Amplifier,ASG-539,ASG-539,Push switch (POWER) - KU
SA-930,Integrated Amplifier,ASG-539,ASG-539,Push switch (POWER) - S/SG
TX-930,Tuner,ASG-540,ASG-540,"Push switch (POWER, FM MUTING)"
A-40,Integrated Amplifier,ASG-541,ASG-541,SWITCH(POWER/FUNCTION)
F-91,Tuner,ASG-541,ASG-541,SWITCH(POWER/FUNCTION)
SA-950,Integrated Amplifier,ASG-541,ASG-541,Push switch (POWER) - KU
SG-90,Equalizer,ASG-541,ASG-541,Push switch (POWER)
SX-202,Receiver,ASG-541,ASG-541,Push switch (POWER)
SX-60,Receiver,ASG-541,ASG-541,Push switch (POWER)
SA-940,Integrated Amplifier,ASG-541 (ASG-539),ASG-541 (ASG-539),Push switch (POWER) - KU
SX-50,Receiver,ASG-541 (ASG-539),ASG-541 (ASG-539),Push switch (POWER)
SA-940,Integrated Amplifier,ASG-542,ASG-542,Push switch (POWER) - HB
SA-940,Integrated Amplifier,ASG-542,ASG-542,Push switch (POWER) - HE
SA-940,Integrated Amplifier,ASG-542,ASG-542,Push switch (POWER) - YP
SA-950,Integrated Amplifier,ASG-542,ASG-542,Push switch (POWER) - HE
SA-950,Integrated Amplifier,ASG-542,ASG-542,Push switch (POWER) - HEZ
SA-950,Integrated Amplifier,ASG-542,ASG-542,Push switch (POWER) - KC
SA-950,Integrated Amplifier,ASG-542,ASG-542,Push switch (POWER) - YP
A-60,Integrated Amplifier,ASG-545,ASG-545,Push switch (POWER)
A-70,Integrated Amplifier,ASG-545,ASG-545,Push switch (POWER)
A-717,Integrated Amplifier,ASG-545,ASG-545,SWITCH(POWER)
A-77X,Integrated Amplifier,ASG-545,ASG-545,Push switch (POWER)
A-80,Integrated Amplifier,ASG-545,ASG-545,Push switch (POWER)
A-88X,Integrated Amplifier,ASG-545,ASG-545,Push switch (POWER)
A-90,Integrated Amplifier,ASG-545,ASG-545,Push switch (POWER)
SA-1040,Integrated Amplifier,ASG-545,ASG-545,Push switch (POWER)
SA-1050,Integrated Amplifier,ASG-545,ASG-545,Push switch (POWER)
F-90,Tuner,ASG-547,ASG-547,Push Switch (POWER)
GR-777,Equalizer,ASG-549,ASG-549,Push switch (POWER)
GR-860,Equalizer,ASG-549,ASG-549,SWITCH(POWER)GR860BK
SA-970,Integrated Amplifier,ASG-552,ASG-552,Switch (POWER)
A-51,Integrated Amplifier,ASG-553,ASG-553,SWITCH(POWER)A91D
A-66X,Integrated Amplifier,ASG-553,ASG-553,Push (POWER)
A-71,Integrated Amplifier,ASG-553,ASG-553,SWITCH(POWER)A91D
A-717,Integrated Amplifier,ASG-553,ASG-553,SWITCH(POWER)A91D
A-757,Integrated Amplifier,ASG-553,ASG-553,SWITCH(POWER)A91D
A-858,Integrated Amplifier,ASG-553,ASG-553,Push switch (POWER)
A-91D,Integrated Amplifier,ASG-553,ASG-553,SWITCH(POWER)A91D
C-90,Pre-Amplifier,ASG-553,ASG-553,SWITCH(POWER)A91D
C-91,Pre-Amplifier,ASG-553,ASG-553,SWITCH(POWER)A91D
M-91,Amplifier,ASG-553,ASG-553,SWITCH(POWER)A91D
SX-8,Receiver,ASG-703,ASG-703,Tact switch
TX-05,Tuner,ASG-703,ASG-703,SW(FUNCT/POWER/MUTE)
TX-1070R,Tuner,ASG-703,ASG-703,SW(FUNCT/POWER/MUTE)
TX-930,Tuner,ASG-703,ASG-703,SW(FUNCT/POWER/MUTE)
TX-940,Tuner,ASG-703,ASG-703,SW(FUNCT/POWER/MUTE)
SX-50,Receiver,ASG-704,ASG-704,"Tact switch (STATION CALL, FUNCTION, UP, DOWN)"
SX-60,Receiver,ASG-704,ASG-704,"Tact switch (STATION CALL,TAPE1,TAPE2/ADAPTOR,VIDEO, CD/AUX, AM, FM, PHONO,UP,DOWN)"
F-90,Tuner,ASG-705,ASG-705,Tact switch
A-858,Integrated Amplifier,ASG-711,ASG-711,Tact switch (MUTING)
A-91D,Integrated Amplifier,ASG-711,ASG-711,SW(FUNCT)POWER
C-90,Pre-Amplifier,ASG-711,ASG-711,SW(FUNCT)POWER
F-91,Tuner,ASG-711,ASG-711,SW(FUNCT)POWER
GR-777,Equalizer,ASG-711,ASG-711,Tact switch
TX-05,Tuner,ASG-711,ASG-711,SW(FUNCT)POWER
TX-1060/BK,Tuner,ASG-711,ASG-711,SW(FUNCT)POWER
TX-1070R,Tuner,ASG-711,ASG-711,SW(FUNCT)POWER
TX-1090Z,Tuner,ASG-711,ASG-711,SW(FUNCT)POWER
TX-201Z,Tuner,ASG-711,ASG-711,SW(FUNCT)POWER
TX-220Z,Tuner,ASG-711,ASG-711,SW(FUNCT)POWER
TX-221Z,Tuner,ASG-711,ASG-711,SW(FUNCT)POWER
TX-555Z,Tuner,ASG-711,ASG-711,SW(FUNCT)POWER
TX-905,Tuner,ASG-711,ASG-711,SW(FUNCT)POWER
TX-960,Tuner,ASG-711,ASG-711,SW(FUNCT)POWER
TX-950,Tuner,ASG-711 (ASG-703),ASG-711 (ASG-703),Tact switch (AM/FM)
TX-950,Tuner,ASG-711 (ASG-703),ASG-711 (ASG-703),Tact switch (MEMORY)
TX-950,Tuner,ASG-711 (ASG-703),ASG-711 (ASG-703),Tact switch (STAION CALL)
TX-950,Tuner,ASG-711 (ASG-703),ASG-711 (ASG-703),Tact switch (TUNING DOWN/UP)
TX-1090Z,Tuner,ASG-712,ASG-712,SWITCH(STATION CALL/UP/DOWN)
SA-530,Integrated Amplifier,ASG-801,ASG-801,Push switch (FUNCTION)
SA-530,Integrated Amplifier,ASG-802,ASG-802,"Push switch (LOUDNESS, TAPE2/ADAPTOR)"
SA-930,Integrated Amplifier,ASG-803,ASG-803,"Push switch (LOUDNESS, TAPE2/ADAPTOR, SUBSONIC)"
A-70,Integrated Amplifier,ASG-810,ASG-810,"Push switch (TAPE MONITOR, LOUDNESS)"
A-40,Integrated Amplifier,ASG-812,ASG-812,SWITCH(FUNCT-TUNER/PHONO/TAPE)
SA-1040,Integrated Amplifier,ASG-812,ASG-812,Push switch (FUNCTION)
SA-1050,Integrated Amplifier,ASG-812,ASG-812,Push switch (FUNCTION)
SA-940,Integrated Amplifier,ASG-812,ASG-812,Push switch (FUNCTION)
SA-950,Integrated Amplifier,ASG-812,ASG-812,Push switch (FUNCTION)
A-60,Integrated Amplifier,ASG-814,ASG-814,Push switch (FUNCTlON)
A-60,Integrated Amplifier,ASG-815,ASG-815,Push switch (SUBSONIC/TAPE 1 & 2/OFF)
SX-50,Receiver,ASG-816,ASG-816,"Push switch (TUNING MODE, MEMORY)"
SX-60,Receiver,ASG-816,ASG-816,"Push switch (TUNING MODE, MEMORY)"
A-77X,Integrated Amplifier,ASG-821,ASG-821,Push switch (FUNCTIONS)
A-88X,Integrated Amplifier,ASG-821,ASG-821,Push switch (FUNCTION)
A-77X,Integrated Amplifier,ASG-822,ASG-822,"Push switch (TAPE COPY, TAPE MON)"
A-66X,Integrated Amplifier,ASG-829,ASG-829,S501 (FUNCTION)
SA-970,Integrated Amplifier,ASG1003,ASG1003,Push switch (FUNCTION)
A-717,Integrated Amplifier,ASG1018,ASG1018,SW(DIRECT)A717
A-51,Integrated Amplifier,ASG1019,ASG1019,SWITCH(LOUDNESS/TAPE-3)
A-757,Integrated Amplifier,ASG1019,ASG1019,SWITCH(LOUDNESS/TAPE-3)
A-858,Integrated Amplifier,ASG1019,ASG1019,Push switch (ADPT1/TAPE3)
A-51,Integrated Amplifier,ASG1021,ASG1021,SWITCH(LOUDNESS)A71
A-71,Integrated Amplifier,ASG1021,ASG1021,SWITCH(LOUDNESS)A71
A-858,Integrated Amplifier,ASG1021,ASG1021,Push switch (LOUDNESS)
C-72,Pre-Amplifier,ASG1029,ASG1029,"Switch (POWER,LD,TV/AUX,VCR1,VCR2,VIDEO,PHONO,TAPE2/MONITOR,CD,TUNER,TAPE1/DAT,MUTING,SUBSONIC,PHONO-SEL,DIRECT,V-SEL,REC-SEL)"
A-51,Integrated Amplifier,ASG1032,ASG1032,SWITCH(DIRECT)
A-71,Integrated Amplifier,ASG1032,ASG1032,SWITCH(DIRECT)
A-757,Integrated Amplifier,ASG1032,ASG1032,SWITCH(DIRECT)
A-858,Integrated Amplifier,ASG1032,ASG1032,Push switch (DIRECT)
SA-9500,Integrated Amplifier,ASH -012-0,ASH -012,Slide switch (PRE/POWER)
QA-800,Integrated Amplifier,ASH-001-0,ASH-001,PRE & MAIN switch
QM-800,Amplifier,ASH-001-0,ASH-001,INPUT Selector switch
QM-800A,Amplifier,ASH-001-0,ASH-001,Slide switch (input selector)
A-27,Integrated Amplifier,ASH-002,ASH-002,"Slide switch (PRE/POWER AMP) - S, S/G"
A-27,Integrated Amplifier,ASH-002,ASH-002,Slide switch(PRE/POWER AMP)
QX-9900,Receiver,ASH-002-0,ASH-002,Sllde switch (DE-EMPHASIS)
SA-7100,Integrated Amplifier,ASH-003-0,ASH-003,Relay
SD-1100,Other,ASH-004-0,ASH-004,Slide switch (LOW/HIGH)
SA-8100,Integrated Amplifier,ASH-006-A,ASH-006,Slide switch (PRE/POWER)
SA-9100,Integrated Amplifier,ASH-006-0,ASH-006,Slide switch (PRE/POWER)
QX-747A,Receiver,ASH-007,ASH-007,Relay (S6)
SA-9100,Integrated Amplifier,ASH-007-0,ASH-007,Slide switch (PHONO 2 IMP)
QX-747,Receiver,ASH-008-0,ASH-008,Slide switch (FM de-emphasis)
QX-949,Receiver,ASH-008-0,ASH-008,Slide switch (De-emphasis)
QX-949A,Receiver,ASH-008,ASH-008,"Slide switch (FM-De-emphasis for “KCU"" type)"
SX-434,Receiver,ASH-008-0,ASH-008,Slide switch (De-emphasis - FV)
SX-535,Receiver,ASH-008-0,ASH-008,Slide switch (de-emphasis - FV)
SX-636,Receiver,ASH-008-0,ASH-008,Slide switch (de-emphasis - FV)
SX-737,Receiver,ASH-008-0,ASH-008,Slide switch (de-emphasis - F)
SX-737,Receiver,ASH-008-0,ASH-008,Slide switch (de-emphasis - GN)
SX-838,Receiver,ASH-008-0,ASH-008,Slide switch (F)
SX-939,Receiver,ASH-008-0,ASH-008,Slide switch (de-emphasis - F)
SA-9900,Integrated Amplifier,ASH-012-0,ASH-012,"Slide switch (S14, PRE/POWER AMP)"
QX-747A,Receiver,ASH-013,ASH-013,Slide switch (DE-EMPHASIS)
QX-949A,Receiver,ASH-013,ASH-013,"Slide switch  (FM-De-emphasis for  ""F"" type)"
TX-5300,Tuner,ASH-013-0,ASH-013,Slide switch (DE-EMPHASI5)
TX-9500,Tuner,ASH-013-0,ASH-013,Slide switch (DE-EMPHASIS)
TX-9500,Tuner,ASH-013-A,ASH-013,Slide switch (DE-EMPHASIS)
SPEC-2,Amplifier,ASH-014,ASH-014,Slide switch (IMPEDANCE)
SPEC-2,Amplifier,ASH-014,ASH-014,SWITCH (IMPEDANCE)
F-7,Tuner,ASH-015,ASH-015,"Step selector switch (KU, KC)"
SA-3000,Integrated Amplifier,ASH-015,ASH-015,Slide switch (INTERFERENCE)
SA-706,Integrated Amplifier,ASH-015,ASH-015,Slide switch (INTERFERENCE FILTER)
SA-708,Integrated Amplifier,ASH-015,ASH-015,Slide switch (PHONO INTERFERENCE)
SA-7700,Integrated Amplifier,ASH-015,ASH-015,Slide switch (INTERFERENCE FILTER)
SX-1050,Receiver,ASH-015,ASH-015,Slide switch (DE-EMPHASIS)
SX-1250,Receiver,ASH-015-0,ASH-015,Slide switch (DE-EMPHASIS)
SX-3800,Receiver,ASH-015,ASH-015,Slide switch (DE-EMPHASIS)
SX-3900,Receiver,ASH-015,ASH-015,Slide switch (De-emphasis - S/G)
SX-4,Receiver,ASH-015,ASH-015,Slide switch (AM CHANNEL STEP)
SX-450,Receiver,ASH-015,ASH-015,Slide Switch (FM DE-EMPHASIS)
SX-450,Receiver,ASH-015,ASH-015,Slide Switch (KC/KU)
SX-5,Receiver,ASH-015,ASH-015,Slide switch (AM CHANNEL STEP)
SX-580/590,Receiver,ASH-015,ASH-015,Slide switch (DE-EMPHASIS)
SX-6,Receiver,ASH-015,ASH-015,Slide switch (AM CHANNEL STEP)
SX-60,Receiver,ASH-015,ASH-015,Slide switch (CHANNEL STEP)
SX-680/690,Receiver,ASH-015,ASH-015,Slide switch (DE-EMPHASIS)
SX-7,Receiver,ASH-015,ASH-015,Slide switch (AM CHANNEL STEP)
SX-750,Receiver,ASH-015,ASH-015,Slide switch (DE-EMPHASIS)
SX-8,Receiver,ASH-015,ASH-015,Slide switch (AM CHANNEL STEP)
SX-850,Receiver,ASH-015,ASH-015,Slide switch (DE-EMPHASIS)
SX-950,Receiver,ASH-015,ASH-015,Slide switch (DE-EMPHASIS)
SX-D5000,Receiver,ASH-015,ASH-015,Slide switch (AM CHANNEL STEP)
SX-D7000,Receiver,ASH-015,ASH-015,AM channel step switch
TX-6800/608,Tuner,ASH-015,ASH-015,Slide switch (DE-EMPHASIS)
TX-930,Tuner,ASH-015,ASH-015,Slide switch (AM CHANNEL STEP)
TX-930,Tuner,ASH-015,ASH-015,Slide switch (DE-EMPHASIS)
A-90,Integrated Amplifier,ASH-016,ASH-016,Slide switch (SPEAKER IMPEDANCE)
F-28,Tuner,ASH-016,ASH-016,Slide switch (DE-EMPHASIS - KU)
F-28,Tuner,ASH-016,ASH-016,Slide switch (DE-EMPHASIS)
SA-710,Integrated Amplifier,ASH-016,ASH-016,Slide switch (PHONO INTERFERENCE)
SX-1280,Receiver,ASH-016,ASH-016,Slide switch (DE-EMPHASIS S/SG)
SX-1980,Receiver,ASH-016,ASH-016,Slide switch (DE-EMPHASIS-S)
SX-1980,Receiver,ASH-016,ASH-016,Slide switch (DE-EMPHASIS-S/G)
SX-780,Receiver,ASH-016,ASH-016,Slide switch (DE-EMPHASIS)
SX-8,Receiver,ASH-016,ASH-016,Slide switch(DE-EMPHASIS) S/SG-type
SX-880/890,Receiver,ASH-016,ASH-016,Slide (DE-EMPHASIS) SX-880/KC
SX-880/890,Receiver,ASH-016,ASH-016,Slide (DE-EMPHASIS) SX-880/KU
TX-6500II,Tuner,ASH-016,ASH-016,"Slide switch (DE-EM. - KU,KC)"
TX-6500II,Tuner,ASH-016,ASH-016,Slide switch (DE-EMPHASIS)
TX-7800,Tuner,ASH-016,ASH-016,Touch sensor
TX-8500II,Tuner,ASH-016,ASH-016,"Slide switch (DE-EMPHASIS) - KU,KC"
TX-9500II,Tuner,ASH-016,ASH-016,Slide switch(DE-EMPHASIS - KU/KC)
SX-450,Receiver,ASH-017,ASH-017,Slide Switch (S)
SX-550,Receiver,ASH-017,ASH-017,De-emphasis switch (S)
TX-6500II,Tuner,ASH-017,ASH-017,Slide switch (DE-EM. - S)
TX-7800,Tuner,ASH-017,ASH-017,De-emphasis switch (S/SG)
TX-8500II,Tuner,ASH-017,ASH-017,Slide switch (DE-EMPHASIS) - S
TX-9500II,Tuner,ASH-017,ASH-017,Slide switch(DE-EMPHASIS - S)
SA-8800,Integrated Amplifier,ASH-018,ASH-018,Slide switch (PHONO INTERFERENCE FILTER)
SA-9800,Integrated Amplifier,ASH-018,ASH-018,Slide switch (PHONO INTERFERENCE FILTER)
SX-1980,Receiver,ASH-018,ASH-018,Slide switch
SX-880/890,Receiver,ASH-019,ASH-019,Slide (DE-EMPHASIS) SX-880/S
SX-880/890,Receiver,ASH-019,ASH-019,Slide (DE-EMPHASIS) SX-880/SG
A-70,Integrated Amplifier,ASH-023,ASH-023,Slide switch (SPEAKER IMPEDANCE)
SA-708,Integrated Amplifier,ASH-023,ASH-023,Relay
M-22,Amplifier,ASH-026,ASH-026,Relay (N-type)
A-60,Integrated Amplifier,ASH-028,ASH-028,Slide switch (SPEAKER IMPEDANCE)
A-80,Integrated Amplifier,ASH-028,ASH-028,Slide switch (SPEAKER IMPEDANCE)
F-70,Tuner,ASH-028,ASH-028,"SWITCH(TAPE SEL ""A/B""/AM CHAN S"
F-90,Tuner,ASH-029,ASH-029,Slide switch (AM CHANNEL STEP)
SA-8800,Integrated Amplifier,ASH-033 (ASR-023),ASH-033 (ASR-023),Relay
SX-50,Receiver,ASH-034,ASH-034,Slide switch (CHANNEL STEP)
TX-950,Tuner,ASH-034,ASH-034,"Slide switch (DE-EMPHASIS,AM STEP FREQ) - KU"
A-7,Integrated Amplifier,ASH-068,ASH-068,Relay
SA-970,Integrated Amplifier,ASH-112 (ASH-107),ASH-112 (ASH-107),Relay
SX-980,Receiver,ASK 144,ASK 144,Lever switch (LOUDNESS)
SX-980,Receiver,ASK 144,ASK 144,Lever switch (MODE)
SA-1000,Integrated Amplifier,ASK-001-0,ASK-001,Lever switch (TAPE MONITOR)
QA-800,Integrated Amplifier,ASK-003-0,ASK-003,Lever switch (TAPE MON1)
QA-800,Integrated Amplifier,ASK-003-0,ASK-003,Lever switch (TAPE MON2)
QA-800A,Integrated Amplifier,ASK-003-0,ASK-003,Lever switch (TAPE MON1)
QA-800A,Integrated Amplifier,ASK-003-0,ASK-003,Lever switch (TAPE MON2)
QC-800,Pre-Amplifier,ASK-003-0,ASK-003,Lever switch (OUTPUT)
QC-800,Pre-Amplifier,ASK-003-0,ASK-003,Lever switch (TAPE MON 1)
QC-800,Pre-Amplifier,ASK-003-0,ASK-003,Lever switch (TAPE MON 2)
QC-800A,Pre-Amplifier,ASK-003-0,ASK-003,Lever switch (OUTPUT)
QC-800A,Pre-Amplifier,ASK-003-0,ASK-003,Lever switch (TAPE MON 1)
QC-800A,Pre-Amplifier,ASK-003-0,ASK-003,Lever switch (TAPE MON 2)
QA-800,Integrated Amplifier,ASK-004-0,ASK-004,Lever switch (HI FILTER)
QA-800,Integrated Amplifier,ASK-004-0,ASK-004,Lever switch (LOUDNESS)
QA-800,Integrated Amplifier,ASK-004-0,ASK-004,Lever switch (MUTING)
QA-800,Integrated Amplifier,ASK-004-0,ASK-004,Lever switch (QUADRALIZER)
QA-800,Integrated Amplifier,ASK-004-0,ASK-004,Lever swtich (LO FILTER)
QA-800A,Integrated Amplifier,ASK-004-0,ASK-004,Lever switch (HI FILTER)
QA-800A,Integrated Amplifier,ASK-004-0,ASK-004,Lever switch (LOUDNESS)
QA-800A,Integrated Amplifier,ASK-004-0,ASK-004,Lever switch (MATRIX)
QA-800A,Integrated Amplifier,ASK-004-0,ASK-004,Lever switch (MUTING)
QA-800A,Integrated Amplifier,ASK-004-0,ASK-004,Lever swtich (LO FILTER)
QC-800,Pre-Amplifier,ASK-004-0,ASK-004,Lever switch (HIGH FILTER)
QC-800,Pre-Amplifier,ASK-004-0,ASK-004,Lever switch (LOW FILTER)
QC-800,Pre-Amplifier,ASK-004-0,ASK-004,Lever switch (MUTING)
QC-800,Pre-Amplifier,ASK-004-0,ASK-004,Lever switch (QUADRILIZER)
QC-800A,Pre-Amplifier,ASK-004-0,ASK-004,Lever switch (HIGH FILTER)
QC-800A,Pre-Amplifier,ASK-004-0,ASK-004,Lever switch (LOW FILTER)
QC-800A,Pre-Amplifier,ASK-004-0,ASK-004,Lever switch (MATRIX)
QC-800A,Pre-Amplifier,ASK-004-0,ASK-004,Lever switch (MUTING)
TX-600,Tuner,ASK-006,ASK-006,SWITCH(FM MUTING)
QC-800,Pre-Amplifier,ASK-007-A,ASK-007,POWER switch
QL-600,Integrated Amplifier,ASK-007-0,ASK-007,POWER Switch
QM-800,Amplifier,ASK-007-0,ASK-007,POWER Switch
QM-800A,Amplifier,ASK-007-0,ASK-007,Lever switch (power)
QL-600,Integrated Amplifier,ASK-008-0,ASK-008,4 CH. TAPE MONITOR Switch
QL-600A,Integrated Amplifier,ASK-008-0,ASK-008,Lever switch (4 ch. tape mon.)
SA-500A,Integrated Amplifier,ASK-009-A,ASK-009,Lever Switch (Tape Mon 1)
SA-500A,Integrated Amplifier,ASK-009-A,ASK-009,Lever Switch (Tape Mon 2)
TX-500A,Tuner,ASK-009,ASK-009,SWITCH(MUTING/TAPE 1-2)
SA-500A,Integrated Amplifier,ASK-010-A,ASK-010,Lever Switch (Mode)
SX-828,Receiver,ASK-014-0,ASK-014,Lever switch (AUDIO MUTING)
SX-828,Receiver,ASK-014-0,ASK-014,Lever switch (LOUDNESS)
SX-828,Receiver,ASK-014-0,ASK-014,Lever switch (LOW FILTER)
SX-828,Receiver,ASK-015-0,ASK-015,Lever switch (TAPE MON 1)
SX-828,Receiver,ASK-015-0,ASK-015,Lever switch (TAPE MON 2)
SX-828,Receiver,ASK-016-0,ASK-016,Lever switch (HIGH FILTER)
QD-210,Other,ASK-017,ASK-017,SWITCH(TAPE MONITOR)
QD-210,Other,ASK-018,ASK-018,SWITCH(POWER)
QL-600A,Integrated Amplifier,ASK-018-0,ASK-018,Lever switch (power) - KLW
QC-800A,Pre-Amplifier,ASK-022-0,ASK-022,Power switch
QD-240,Other,ASK-022,ASK-022,SWITCH(POWER)
QL-600A,Integrated Amplifier,ASK-022-0,ASK-022,Lever switch (POWER) - FVW
SA-7100,Integrated Amplifier,ASK-024-0,ASK-024,POWER switch for FVW model
TX-5300,Tuner,ASK-024-0,ASK-024,"Lever switch (S1, POWER)"
TX-7100,Tuner,ASK-024-0,ASK-024,"Power switch (lever type - FVZW, FW model)"
SA-7100,Integrated Amplifier,ASK-025-0,ASK-025,POWER switch for KUW model
TX-7100,Tuner,ASK-025-0,ASK-025,"Power switch (lever type - KUW, KCW model)"
SA-7100,Integrated Amplifier,ASK-026-0,ASK-026,TONE DEFEAT Switch
SA-7100,Integrated Amplifier,ASK-027-0,ASK-027,MODE Switch
SA-7100,Integrated Amplifier,ASK-027-0,ASK-027,MUTING Switch
SA-7100,Integrated Amplifier,ASK-027-0,ASK-027,TURN OVER Switch (Bass)
SA-7100,Integrated Amplifier,ASK-027-0,ASK-027,TURN OVER Switch (Treble)
TX-710,Tuner,ASK-027,ASK-027,SWITCH
TX-7100,Tuner,ASK-027-0,ASK-027,"Lever switch (NOISE FILTER,MUTING)"
SA-7100,Integrated Amplifier,ASK-028-0,ASK-028,TAPE MONITOR Switch 1
SA-7100,Integrated Amplifier,ASK-028-0,ASK-028,TAPE MONITOR Switch 2
SX-737,Receiver,ASK-028-A,ASK-028,Lever switch (tape monitor-1)
SX-737,Receiver,ASK-028-A,ASK-028,Lever switch (tape monitor-2)
SA-8100,Integrated Amplifier,ASK-030-0,ASK-030,Lever switch (Muting)
SA-8100,Integrated Amplifier,ASK-032-0,ASK-032,Lever switch (Tape Mon 1)
SA-8100,Integrated Amplifier,ASK-032-0,ASK-032,Lever switch (Tape Mon 2)
SA-8100,Integrated Amplifier,ASK-033-0,ASK-033,Lever switch  (High Filter)
SA-8100,Integrated Amplifier,ASK-033-0,ASK-033,Lever switch (Tone defeat)
SA-9100,Integrated Amplifier,ASK-034-0,ASK-034,Lever switch (TAPE MONITOR)
SA-8100,Integrated Amplifier,ASK-035-0,ASK-035,Lever switch (Lo filter)
SA-9100,Integrated Amplifier,ASK-036-0,ASK-036,Lever switch (DUPLICATE)
SA-8100,Integrated Amplifier,ASK-039-0,ASK-039,Lever switch (POWER - KUW)
SA-9100,Integrated Amplifier,ASK-039-0,ASK-039,Lever switch (POWER) for KUW model
SA-8100,Integrated Amplifier,ASK-040-0,ASK-040,Lever switch (POWER - FVW)
SA-9100,Integrated Amplifier,ASK-040-0,ASK-040,Lever switch (POWER) for FVW model
TX-8100,Tuner,ASK-041-0,ASK-041,MPX Noise filter (lever type)
TX-8100,Tuner,ASK-041-0,ASK-041,Muting (lever type)
TX-9100,Tuner,ASK-042-0,ASK-042,Switch (MUTING/MPX FILTER)
TX-9100,Tuner,ASK-043-0,ASK-043,Switch (PULSE NOISE)
SG-9500,Equalizer,ASK-044,ASK-044,Lever switch (TAPE MONITOR)
TX-8100,Tuner,ASK-051-0,ASK-051,"Power switch (KUW, KCW model)"
TX-8100,Tuner,ASK-052-0,ASK-052,"Power switch (FVZW, FW model)"
TX-9100,Tuner,ASK-054-0,ASK-054,"Lever switch (Power) (KUW, KCW model)"
TX-9100,Tuner,ASK-055-0,ASK-055,"Lever switch (Power) (FVZW, FW model)"
TX-7500,Tuner,ASK-060,ASK-060,SWITCH(POWER)
SX-737,Receiver,ASK-062-0,ASK-062,Lever switch (loudness)
SX-737,Receiver,ASK-062-0,ASK-062,Lever switch (turn over)
SX-737,Receiver,ASK-062-0,ASK-062,Lever switch (turn over)
SA-6500,Integrated Amplifier,ASK-065,ASK-065,Lever switch (POWER)
SA-6500II,Integrated Amplifier,ASK-065,ASK-065,Lever switch (POWER)
TX-6500,Tuner,ASK-065,ASK-065,SWITCH(POWER)
TX-6500II,Tuner,ASK-065,ASK-065,"Lever switch (POWER - KU,KC)"
RG-1,Dynamic Range Expander,ASK-066,ASK-066,Lever switch (Power)
SA-6700,Integrated Amplifier,ASK-066,ASK-066,Lever switch (POWER)
SA-706,Integrated Amplifier,ASK-066,ASK-066,Lever switch (POWER)
SA-7500,Integrated Amplifier,ASK-066-0,ASK-066,Lever switch (POWER-KCU)
SA-7500II,Integrated Amplifier,ASK-066,ASK-066,Lever switch (POWER)
SA-7700,Integrated Amplifier,ASK-066,ASK-066,Lever switch (POWER)
SA-8500,Integrated Amplifier,ASK-066-0,ASK-066,"Lever switch (POWER, KCU)"
SG-9500,Equalizer,ASK-066,ASK-066,Lever switch (POWER)
SX-737,Receiver,ASK-066-0,ASK-066,Lever switch (power - KCU)
SX-838,Receiver,ASK-066-0,ASK-066,Lever switch (Power - KCU)
SX-850,Receiver,ASK-066,ASK-066,Lever switch (POWER)
SX-880/890,Receiver,ASK-066,ASK-066,Lever (POWER) SX-880/KC
SX-737,Receiver,ASK-067-0,ASK-067,Lever switch (Power - F)
SX-838,Receiver,ASK-067-0,ASK-067,Lever switch (Power - F)
SX-939,Receiver,ASK-067-0,ASK-067,Lever switch (Power - F)
SA-7500,Integrated Amplifier,ASK-068-0,ASK-068,"Lever switch (POWER-FV, GN)"
SA-8500,Integrated Amplifier,ASK-068-0,ASK-068,"Lever switch (POWER, FV, GN)"
SX-737,Receiver,ASK-068-0,ASK-068,Lever switch (power - GN)
SX-838,Receiver,ASK-068-0,ASK-068,Lever switch (Power - GN)
SX-939,Receiver,ASK-068-0,ASK-068,Lever Switch (Power - GN)
TX-9500,Tuner,ASK-068-0,ASK-068,Lever switch (POWER)
TX-9500,Tuner,ASK-068-0,ASK-068,"Lever switch (S4, POWER)"
SX-838,Receiver,ASK-069-0,ASK-069,Lever switch (Turn over high)
SX-1010,Receiver,ASK-070-0,ASK-070,Lever switch (Tone)
SX-939,Receiver,ASK-070-0,ASK-070,Lever switch (Tone)
SX-838,Receiver,ASK-071-0,ASK-071,Lever switch (Turn over low)
SX-1010,Receiver,ASK-072-0,ASK-072,Lever switch (4 CH adaptor)
SX-1010,Receiver,ASK-072-0,ASK-072,Lever switch (Duplicate)
SX-1010,Receiver,ASK-072-0,ASK-072,Lever switch (NR adaptor)
SX-1010,Receiver,ASK-072-0,ASK-072,Lever switch (Tape 1)
SX-1010,Receiver,ASK-072-0,ASK-072,Lever switch (Tape 2)
SX-838,Receiver,ASK-072-0,ASK-072,Lever switch(Monitor 1)
SX-838,Receiver,ASK-072-0,ASK-072,Lever switch(Monitor 2)
SX-838,Receiver,ASK-072-0,ASK-072,Lever switch(NR adaptor)
SX-939,Receiver,ASK-072-0,ASK-072,Lever switch (duplicate)
SX-939,Receiver,ASK-072-0,ASK-072,Lever switch (monitor-1)
SX-939,Receiver,ASK-072-0,ASK-072,Lever switch (NR adaptor)
SX-939,Receiver,ASK-072-0,ASK-072,Lever switch [monitor-2)
SPEC-1,Pre-Amplifier,ASK-080,ASK-080,Lever switch (POWER)
SPEC-2,Amplifier,ASK-080,ASK-080,Lever switch (POWER)
SPEC-4,Amplifier,ASK-080,ASK-080,Lever switch (POWER)
SX-1010,Receiver,ASK-080-0,ASK-080,Lever switch (Power) (KCU)
SX-1050,Receiver,ASK-080,ASK-080,Lever switch (POWER)
SX-1050,Receiver,ASK-080,ASK-080,Lever switch-POWER (S)
SX-1080,Receiver,ASK-080,ASK-080,Lever Switch (POWER)
SX-1250,Receiver,ASK-080,ASK-080,Lever switch POWER (KCU)
SX-1280,Receiver,ASK-080,ASK-080,Power switch (POWER)
SX-939,Receiver,ASK-080-0,ASK-080,Lever switch (Power - KCU)
SX-950,Receiver,ASK-080,ASK-080,Lever switch (POWER)
SX-980,Receiver,ASK-080,ASK-080,Lever switch (POWER)
SX-1010,Receiver,ASK-081-0,ASK-081,"Lever switch (Power) (F, GN)"
SG-9500,Equalizer,ASK-082,ASK-082,Lever switch (EQUALIZER)
TX-5300,Tuner,ASK-082,ASK-082,Lever switch (FUNCTION)
TX-5500II,Tuner,ASK-082,ASK-082,SWITCH
SA-9500,Integrated Amplifier,ASK-084-0,ASK-084,Lever switch (TAPE DUPLICATE)
SA-9900,Integrated Amplifier,ASK-084-A,ASK-084,Lever Switch (TAPE DUPLICATE)
SPEC-1,Pre-Amplifier,ASK-084,ASK-084,Lever switch (TAPE DUPLICATE)
SX-1250,Receiver,ASK-084,ASK-084,Lever switch (DUPLICATE)
SA-9500,Integrated Amplifier,ASK-085-0,ASK-085,Lever switch (HIGH FlLTER)
SA-9500,Integrated Amplifier,ASK-085-0,ASK-085,Lever switch (LOW FILTER)
SA-9900,Integrated Amplifier,ASK-085-0,ASK-085,Lever Switch (LOW FILTER/HIGH FILTER)
SPEC-1,Pre-Amplifier,ASK-085,ASK-085,Lever switch (HIGH FILTER)
SPEC-1,Pre-Amplifier,ASK-085,ASK-085,Lever switch (LOW FILTER)
SA-7500,Integrated Amplifier,ASK-086-B,ASK-086,Lever switch (TAPE MONITOR)
SA-8500,Integrated Amplifier,ASK-086-B,ASK-086,"Lever switch (DUPLICATE,MONITOR)"
SA-9500,Integrated Amplifier,ASK-086-B,ASK-086,Lever switch (TAPE MONITOR)
SA-9900,Integrated Amplifier,ASK-086-A,ASK-086,Lever Switch (TAPE MONITOR)
SPEC-1,Pre-Amplifier,ASK-086,ASK-086,Lever switch (TAPE MONITOR)
SA-9500,Integrated Amplifier,ASK-087-A,ASK-087,Lever switch (ATTENUATOR)
SA-9900,Integrated Amplifier,ASK-087-A,ASK-087,Lever Switch (ATTENUATOR )
SPEC-1,Pre-Amplifier,ASK-087,ASK-087,Lever switch (ATTENUATOR)
TX-9500,Tuner,ASK-087-B,ASK-087,Lever switch (MPX NOISE FILTER)
SA-6500,Integrated Amplifier,ASK-089,ASK-089,Lever switch (LOUDNESS)
SA-6500,Integrated Amplifier,ASK-089,ASK-089,Lever switch (TONE)
SA-6500II,Integrated Amplifier,ASK-089,ASK-089,Lever switch (LOUDNESS)
SA-6500II,Integrated Amplifier,ASK-089,ASK-089,Lever switch (TONE)
SA-7500II,Integrated Amplifier,ASK-089,ASK-089,Lever switch (LOUDNESS)
SA-7500II,Integrated Amplifier,ASK-089,ASK-089,Lever switch (LOW FILTER)
SA-7500II,Integrated Amplifier,ASK-089,ASK-089,Lever switch (MODE)
SA-7500II,Integrated Amplifier,ASK-089,ASK-089,Lever switch (TONE)
SX-850,Receiver,ASK-089,ASK-089,Lever switch (HIGH FILTER)
SX-850,Receiver,ASK-089,ASK-089,Lever switch (LOUDNESS)
SX-850,Receiver,ASK-089,ASK-089,Lever switch (LOW FILTER)
SX-850,Receiver,ASK-089,ASK-089,Lever switch (MUTING)
SX-850,Receiver,ASK-089,ASK-089,Lever switch (TREBLE TURNOVER)
SX-950,Receiver,ASK-089,ASK-089,Lever switch (HIGH FILTER)
SX-950,Receiver,ASK-089,ASK-089,Lever switch (LOUDNESS)
SX-950,Receiver,ASK-089,ASK-089,Lever switch (LOW FILTER)
SX-950,Receiver,ASK-089,ASK-089,Lever switch (MUTING)
SX-950,Receiver,ASK-089,ASK-089,Lever switch (TREBLE TURNOVER)
TX-7500,Tuner,ASK-089,ASK-089,SWITCH
SA-7500,Integrated Amplifier,ASK-090-A,ASK-090,"Lever switch (LOW FILTER,HIGH FILTER)"
SA-7500,Integrated Amplifier,ASK-090-A,ASK-090,"Lever switch (MUTlNG,LOUDNESS)"
SA-7500,Integrated Amplifier,ASK-090-A,ASK-090,Lever switch (TONE)
SA-8500,Integrated Amplifier,ASK-090-A,ASK-090,"Lever switch (LOUDNESS,MUTING)"
SA-8500,Integrated Amplifier,ASK-090-A,ASK-090,Lever switch (TONE)
SX-1050,Receiver,ASK-090,ASK-090,Lever switch (ADAPTOR)
SX-1050,Receiver,ASK-090,ASK-090,Lever switch (LOUDNESS)
SX-1050,Receiver,ASK-090,ASK-090,Lever switch (MODE)
SX-1050,Receiver,ASK-090,ASK-090,Lever switch (MUTING)
SX-1050,Receiver,ASK-090,ASK-090,Lever switch (TAPE MONITOR 1)
SX-1050,Receiver,ASK-090,ASK-090,Lever switch (TAPE MONITOR 2)
SX-1050,Receiver,ASK-090,ASK-090,Lever switch (TONE)
SX-1250,Receiver,ASK-090,ASK-090,Lever switch (LOUDNESS)
SX-1250,Receiver,ASK-090,ASK-090,Lever switch (MODE)
SX-1250,Receiver,ASK-090,ASK-090,Lever switch (MUTING)
SX-650,Receiver,ASK-090,ASK-090,"Lever switch (HIGH FILTER, FM MUTING)"
SX-650,Receiver,ASK-090,ASK-090,"Lever switch (LOUDNESS, MODE, TAPE MONITOR 1, 2)"
SX-750,Receiver,ASK-090,ASK-090,Lever switch (HIGH FILTER)
SX-750,Receiver,ASK-090,ASK-090,Lever switch (LOUDNESS)
SX-750,Receiver,ASK-090,ASK-090,Lever switch (MODE)
SX-750,Receiver,ASK-090,ASK-090,Lever switch (TONE)
SX-850,Receiver,ASK-090,ASK-090,Lever switch (MODE)
SX-850,Receiver,ASK-090,ASK-090,Lever switch (TONE)
SX-950,Receiver,ASK-090,ASK-090,Lever switch (MODE)
SX-950,Receiver,ASK-090,ASK-090,Lever switch (TONE)
TX-9500,Tuner,ASK-090-A,ASK-090,Lever switch (FM MUTING)
SA-8500,Integrated Amplifier,ASK-091-B,ASK-091,"Lever switch (LOW FILTER, HIGH FILTER)"
SA-9900,Integrated Amplifier,ASK-091-A,ASK-091,Lever Switch (TONE)
SPEC-1,Pre-Amplifier,ASK-091,ASK-091,Lever switch (TONE)
SX-850,Receiver,ASK-091,ASK-091,Lever switch (BASS TURNOVER)
SX-950,Receiver,ASK-091,ASK-091,Lever switch (BASS TURNOVER)
RG-1,Dynamic Range Expander,ASK-092,ASK-092,"Lever switch (S1, TAPE MONITOR)"
RG-1,Dynamic Range Expander,ASK-092,ASK-092,"Lever switch (S2, PROCESSOR)"
SA-5500II,Integrated Amplifier,ASK-092,ASK-092,Lever Switch (TAPE MONITOR)
SA-6500,Integrated Amplifier,ASK-092,ASK-092,Lever switch (TAPE MONITOR 1)
SA-6500,Integrated Amplifier,ASK-092,ASK-092,Lever switch (TAPE MONITOR 2)
SA-6500II,Integrated Amplifier,ASK-092,ASK-092,Lever switch (TAPE MONITOR 1)
SA-6500II,Integrated Amplifier,ASK-092,ASK-092,Lever switch (TAPE MONITOR 2)
SA-9500,Integrated Amplifier,ASK-092-0,ASK-092,Lever switch (TONE)
SX-1050,Receiver,ASK-092,ASK-092,Lever switch (TAPE DUPLICATE)
SX-1250,Receiver,ASK-092,ASK-092,Lever switch (ADAPTOR)
SX-1250,Receiver,ASK-092,ASK-092,Lever switch (MONITOR 1)
SX-1250,Receiver,ASK-092,ASK-092,Lever switch (MONITOR 2)
SX-750,Receiver,ASK-092,ASK-092,Lever switch (DUPLICATE)
SX-850,Receiver,ASK-092,ASK-092,Lever switch (ADAPTOR)
SX-850,Receiver,ASK-092,ASK-092,Lever switch (DUPLICATE)
SX-850,Receiver,ASK-092,ASK-092,Lever switch (TAPE MONITOR 1)
SX-850,Receiver,ASK-092,ASK-092,Lever switch (TAPE MONITOR 2)
SX-950,Receiver,ASK-092,ASK-092,Lever switch (ADAPTOR)
SX-950,Receiver,ASK-092,ASK-092,Lever switch (DUPLICATE)
SX-950,Receiver,ASK-092,ASK-092,Lever switch (TAPE MONITOR 1)
SX-950,Receiver,ASK-092,ASK-092,Lever switch (TAPE MONITOR 2)
TX-6500II,Tuner,ASK-095,ASK-095,Lever switch (POWER - S)
TX-710,Tuner,ASK-095,ASK-095,SWITCH(FUNCTION)
TX-6500II,Tuner,ASK-096,ASK-096,Lever switch (POWER - HG)
SA-606,Integrated Amplifier,ASK-097,ASK-097,"Lever switch (POWER - S,S/G)"
SA-706,Integrated Amplifier,ASK-097,ASK-097,Lever switch (POWER - S)
SA-706,Integrated Amplifier,ASK-097,ASK-097,Lever switch (POWER - S/G)
SX-1250,Receiver,ASK-099,ASK-099,Lever switch POWER (S)
SX-750,Receiver,ASK-102,ASK-102,Lever switch (TAPE MONITOR)
TX-6500,Tuner,ASK-104,ASK-104,SWITCH(FUNCT-AM/FM/MONO/MUTE/AU
TX-6500II,Tuner,ASK-104,ASK-104,Lever switch (FUNCTION)
SX-1250,Receiver,ASK-105,ASK-105,Lever switch POWER (HG)
SA-5500II,Integrated Amplifier,ASK-108,ASK-108,Lever switch (POWER)
TX-5500II,Tuner,ASK-108,ASK-108,SWITCH(POWER)
TX-606,Tuner,ASK-108,ASK-108,SWITCH(POWER)
TX-6700,Tuner,ASK-108,ASK-108,SWITCH(POWER)
SA-8500II,Integrated Amplifier,ASK-109,ASK-109,Lever switch (TONE)
SA-8800,Integrated Amplifier,ASK-109,ASK-109,Lever switch (FILTER)
SA-8800,Integrated Amplifier,ASK-109,ASK-109,Lever switch (LOUDNESS)
SA-9500II,Integrated Amplifier,ASK-109,ASK-109,Lever switch (TONE)
TX-7800,Tuner,ASK-109,ASK-109,FM Muting/Mode switch
TX-7800,Tuner,ASK-109,ASK-109,MPX filter switch
TX-7800,Tuner,ASK-109,ASK-109,SWITCH(TONE)
TX-7800,Tuner,ASK-109,ASK-109,Wide/Narrow switch
TX-8500II,Tuner,ASK-109,ASK-109,Lever switch (MUTING)
TX-9500II,Tuner,ASK-109,ASK-109,Lever switch (IF BAND)
TX-9800,Tuner,ASK-109,ASK-109,SWITCH(TONE)
SA-7800,Integrated Amplifier,ASK-110,ASK-110,Lever switch (LOUDNESS)
SA-7800,Integrated Amplifier,ASK-110,ASK-110,Lever switch (MUTING)
SA-7800,Integrated Amplifier,ASK-110,ASK-110,Lever switch (SUBSONIC FILTER)
SA-7800,Integrated Amplifier,ASK-110,ASK-110,Lever switch (TONE)
SA-8500II,Integrated Amplifier,ASK-110,ASK-110,Lever switch (HIGH FILTER)
SA-8500II,Integrated Amplifier,ASK-110,ASK-110,Lever switch (LOUDNESS)
SA-8500II,Integrated Amplifier,ASK-110,ASK-110,Lever switch (LOW FILTER)
SA-8500II,Integrated Amplifier,ASK-110,ASK-110,Lever switch (MUTING)
SA-8800,Integrated Amplifier,ASK-110,ASK-110,Lever switch (MUTING)
SA-8800,Integrated Amplifier,ASK-110,ASK-110,Lever switch (TONE)
SA-9500II,Integrated Amplifier,ASK-110,ASK-110,Lever switch (HIGH Fl LTER)
SA-9500II,Integrated Amplifier,ASK-110,ASK-110,Lever switch (LOUDNESS)
SA-9500II,Integrated Amplifier,ASK-110,ASK-110,Lever switch (LOW FILTER)
SA-9500II,Integrated Amplifier,ASK-110,ASK-110,Lever switch (MUTING)
TX-9500II,Tuner,ASK-111,ASK-111,Lever switch (MUTING)
SA-9800,Integrated Amplifier,ASK-112,ASK-112,"Lever switch (MUTING, LOUDNESS)"
SA-9800,Integrated Amplifier,ASK-112,ASK-112,"Lever switch (SUBSONIC, HIGH)"
TX-7800,Tuner,ASK-112,ASK-112,Function switch
TX-8500II,Tuner,ASK-112,ASK-112,Lever switch (IF BAND)
TX-8500II,Tuner,ASK-112,ASK-112,Lever switch (REC LEVEL CHECK)
TX-9800,Tuner,ASK-112,ASK-112,SWITCH
SA-7800,Integrated Amplifier,ASK-113,ASK-113,Lever switch (TAPE DUPLICATE)
SA-7800,Integrated Amplifier,ASK-113,ASK-113,Lever switch (TAPE MONITOR)
SA-8500II,Integrated Amplifier,ASK-113,ASK-113,Lever switch (TAPE DUPLICATE)
SA-8500II,Integrated Amplifier,ASK-113,ASK-113,Lever switch (TAPE MONITOR)
SA-8800,Integrated Amplifier,ASK-113,ASK-113,Lever switch (TAPE)
SA-9500II,Integrated Amplifier,ASK-113,ASK-113,Lever switch (TAPE DUPLICATE)
SA-9500II,Integrated Amplifier,ASK-113,ASK-113,Lever switch (TAPE MONITOR)
SA-9800,Integrated Amplifier,ASK-113,ASK-113,"Lever switch (MONITOR, DUPLICATE)"
TX-9500II,Tuner,ASK-113,ASK-113,Lever switch (MODE)
C-21,Pre-Amplifier,ASK-115,ASK-115,Lever switch (TAPE MONITOR)
SA-7500II,Integrated Amplifier,ASK-118,ASK-118,Lever switch (TAPE DUPLICATE)
SA-7500II,Integrated Amplifier,ASK-118,ASK-118,Lever switch (TAPE MONITOR)
SA-5500II,Integrated Amplifier,ASK-120,ASK-120,Lever switch (LOUDNESS)
SA-606,Integrated Amplifier,ASK-122,ASK-122,Lever switch (LOUDNESS)
SA-606,Integrated Amplifier,ASK-122,ASK-122,Lever switch (TAPE MONITOR)
SA-6700,Integrated Amplifier,ASK-122,ASK-122,Lever switch (LOUDNESS)
SA-6700,Integrated Amplifier,ASK-122,ASK-122,Lever switch (TAPE MONITOR)
SA-706,Integrated Amplifier,ASK-122,ASK-122,"Lever switch (TAPE MONITOR 1, 2, LOUDNESS)"
SA-7700,Integrated Amplifier,ASK-122,ASK-122,"Lever switch (TAPE MONITOR 1, 2, LOUDNESS)"
SA-706,Integrated Amplifier,ASK-123,ASK-123,Lever switch (DUPLICATE)
SA-7700,Integrated Amplifier,ASK-123,ASK-123,Lever switch (DUPLICATE)
SA-7800,Integrated Amplifier,ASK-124,ASK-124,Lever switch (POWER)
SA-8500II,Integrated Amplifier,ASK-124,ASK-124,Lever switch (POWER-KC)
SA-8500II,Integrated Amplifier,ASK-124,ASK-124,Lever switch (POWER-KU)
SA-8800,Integrated Amplifier,ASK-124,ASK-124,"Lever switch (POWER - KU, KC)"
SA-9500II,Integrated Amplifier,ASK-124,ASK-124,Lever switch (POWER-KU/KC)
SA-9800,Integrated Amplifier,ASK-124,ASK-124,Lever switch (POWER - KU)
TX-7800,Tuner,ASK-124,ASK-124,POWER SWITCH
TX-8500II,Tuner,ASK-124,ASK-124,"Lever switch (POWER) - KU,KC"
TX-9500II,Tuner,ASK-124,ASK-124,Lever switch(POWER - KU/KC)
TX-9800,Tuner,ASK-124,ASK-124,POWER SWITCH
SA-8500II,Integrated Amplifier,ASK-127,ASK-127,Lever switch (POWER-HG)
SA-9500II,Integrated Amplifier,ASK-127,ASK-127,Lever switch (POWER-HG)
TX-7800,Tuner,ASK-127,ASK-127,Power switch
TX-8500II,Tuner,ASK-127,ASK-127,Lever switch (POWER) - HG
TX-9500II,Tuner,ASK-127,ASK-127,Lever switch(POWER - HG)
SA-8500II,Integrated Amplifier,ASK-128,ASK-128,Lever switch (POWER-S)
SA-8800,Integrated Amplifier,ASK-128,ASK-128,"Lever switch (POWER - S,S/G)"
SA-9500II,Integrated Amplifier,ASK-128,ASK-128,Lever switch (POWER-S)
SA-9800,Integrated Amplifier,ASK-128,ASK-128,Lever switch (POWER - S)
SA-9800,Integrated Amplifier,ASK-128,ASK-128,Lever switch (POWER - S/G)
TX-7800,Tuner,ASK-128,ASK-128,Power switch (S/SG)
TX-8500II,Tuner,ASK-128,ASK-128,Lever switch (POWER) - S
TX-9500II,Tuner,ASK-128,ASK-128,Lever switch(POWER - S)
TX-606,Tuner,ASK-129,ASK-129,SWITCH
TX-6700,Tuner,ASK-129,ASK-129,SWITCH
C-21,Pre-Amplifier,ASK-130,ASK-130,Lever switch (POWER - for KL-type)
C-21,Pre-Amplifier,ASK-131,ASK-131,Lever switch (POWER - for S-type)
SX-1980,Receiver,ASK-133,ASK-133,Lever switch (POWER-S)
SX-1980,Receiver,ASK-133,ASK-133,Lever switch (POWER-S/G)
A-27,Integrated Amplifier,ASK-139,ASK-139,Lever (PHONO)
A-27,Integrated Amplifier,ASK-139,ASK-139,Lever (TONE)
A-27,Integrated Amplifier,ASK-139,ASK-139,Lever switch (PHONO)
A-27,Integrated Amplifier,ASK-139,ASK-139,Lever switch (TONE)
A-27,Integrated Amplifier,ASK-142,ASK-142,"Lever (SUBSONIC, MUTING)"
A-27,Integrated Amplifier,ASK-143,ASK-143,Lever (TAPE MONITOR)
SX-1080,Receiver,ASK-144,ASK-144,Lever switch (MUTING)
SX-1080,Receiver,ASK-144,ASK-144,"Lever switch (TAPE, MODE, LOUDNESS)"
SX-1280,Receiver,ASK-144,ASK-144,"Lever switch (LOUDNESS, MODE)"
SX-1280,Receiver,ASK-144,ASK-144,Lever switch (TONE)
SX-1980,Receiver,ASK-144,ASK-144,Lever switch (LOUDNESS)
SX-1980,Receiver,ASK-144,ASK-144,Lever switch (MODE)
SX-1980,Receiver,ASK-144,ASK-144,Lever switch (MUTING)
SX-1980,Receiver,ASK-144,ASK-144,Lever switch (TONE)
SX-780,Receiver,ASK-144,ASK-144,Lever (FM MUTING)
SX-780,Receiver,ASK-144,ASK-144,Lever (LOUDNESS)
SX-780,Receiver,ASK-144,ASK-144,Lever (LOW FILTER)
SX-780,Receiver,ASK-144,ASK-144,Lever (MODE)
SX-780,Receiver,ASK-144,ASK-144,Lever switch (FM MUTING)
SX-780,Receiver,ASK-144,ASK-144,Lever switch (LOW FILTER)
SX-880/890,Receiver,ASK-144,ASK-144,Lever switch (FM MUTING)
SX-880/890,Receiver,ASK-144,ASK-144,Lever switch (LOUDNESS)
SX-880/890,Receiver,ASK-144,ASK-144,Lever switch (Low FILTER)
SX-880/890,Receiver,ASK-144,ASK-144,Lever Switch (MODE)
SX-980,Receiver,ASK-144,ASK-144,Lever switch (MUTING)
SX-980,Receiver,ASK-144,ASK-144,"Lever switch (TAPE, MONITOR 1, 2)"
SX-980,Receiver,ASK-144,ASK-144,Lever switch (TONE)
SX-1080,Receiver,ASK-145,ASK-145,Lever switch (DUPLlCATE)
SX-1280,Receiver,ASK-145,ASK-145,"Lever switch (ADAPTOR, MONITOR)"
SX-1980,Receiver,ASK-145,ASK-145,Lever switch (ADAPTOR)
SX-1980,Receiver,ASK-145,ASK-145,Switch (TAPE MONITOR)
SX-780,Receiver,ASK-145,ASK-145,Lever (TAPE MON 1)
SX-780,Receiver,ASK-145,ASK-145,Lever (TAPE MON 2)
SX-880/890,Receiver,ASK-145,ASK-145,Lever switch (DUPLICATE)
SX-980,Receiver,ASK-145,ASK-145,Lever switch (DUPLICATE)
SX-1280,Receiver,ASK-146,ASK-146,Lever switch (DUPLICATE)
SX-1980,Receiver,ASK-146,ASK-146,Lever switch (DUPLICATE)
SA-3000,Integrated Amplifier,ASK-147,ASK-147,Lever switch (LOUDNESS)
SA-3000,Integrated Amplifier,ASK-148,ASK-148,Lever (SPEAKERS)
SA-3000,Integrated Amplifier,ASK-148,ASK-148,Lever (TAPE MONITOR)
SA-3000,Integrated Amplifier,ASK-148,ASK-148,Lever switch (SPEAKERS)
SA-3000,Integrated Amplifier,ASK-148,ASK-148,Lever switch (TAPE MONITOR)
SX-880/890,Receiver,ASK-150,ASK-150,Lever switch (TAPE MONITOR)
SX-3800,Receiver,ASK-152,ASK-152,"Lever switch (MODE,LOW FILTER)"
SX-3800,Receiver,ASK-152,ASK-152,"Lever switch (MUTlNG,LOUDNESS)"
SX-3900,Receiver,ASK-152,ASK-152,"Lever (MODE,MUTlNG)"
SX-3900,Receiver,ASK-152,ASK-152,Lever switch (MODE)
SX-3900,Receiver,ASK-152,ASK-152,Lever switch (MUTING -20dB)
SX-3900,Receiver,ASK-152,ASK-152,Lever switch (TONE)
SA-9800,Integrated Amplifier,ASK-153,ASK-153,Lever switch (TONE)
A-7,Integrated Amplifier,ASK-154,ASK-154,Rotary switch (REC OUT SEL)
SA-9800,Integrated Amplifier,ASK-154,ASK-154,Lever switch (BASS TURNOVER)
SA-9800,Integrated Amplifier,ASK-154,ASK-154,Lever switch (TREBLE TURNOVER)
SA-5800/508,Integrated Amplifier,ASK-155,ASK-155,Lever switch (LOUDNESS)
SA-5800/508,Integrated Amplifier,ASK-155,ASK-155,Lever switch (SUBSONIC)
SA-6800/608,Integrated Amplifier,ASK-155,ASK-155,Lever switch (LOUDNESS)
SA-6800/608,Integrated Amplifier,ASK-155,ASK-155,Lever switch (SUBSONIC)
SA-6800/608,Integrated Amplifier,ASK-155,ASK-155,Lever switch (TONE)
TX-6800/608,Tuner,ASK-155,ASK-155,Lever switch (FUNCTION - AM/FM)
SA-5800/508,Integrated Amplifier,ASK-156,ASK-156,"Lever switch (TAPE MONITOR 1, 2)"
SA-6800/608,Integrated Amplifier,ASK-156,ASK-156,Lever switch (TAPE MONITOR 1)
SA-6800/608,Integrated Amplifier,ASK-156,ASK-156,Lever switch (TAPE MONITOR 2)
SX-3700,Receiver,ASK-157,ASK-157,Lever switch (LOUDNESS)
SX-3700,Receiver,ASK-157,ASK-157,Lever switch (LOW FILTER)
SX-3700,Receiver,ASK-157,ASK-157,Lever switch (TAPE MONITOR 1)
SX-3700,Receiver,ASK-157,ASK-157,Lever switch (TAPE MONITOR 2)
SX-820,Receiver,ASK-157,ASK-157,Lever switch (LOUDNESS)
SX-820,Receiver,ASK-157,ASK-157,Lever switch (LOW FILTER)
SX-820,Receiver,ASK-157,ASK-157,Lever switch (TAPE MONITOR 1)
SX-820,Receiver,ASK-157,ASK-157,Lever switch (TAPE MONITOR 2)
TX-6800/608,Tuner,ASK-157,ASK-157,Lever switch (FM MUTING)
SA-708,Integrated Amplifier,ASK-158,ASK-158,Lever switch (LOUDNESS)
SA-708,Integrated Amplifier,ASK-158,ASK-158,Lever switch (MODE)
SA-708,Integrated Amplifier,ASK-158,ASK-158,Lever switch (MUTING)
SA-708,Integrated Amplifier,ASK-158,ASK-158,Lever switch (SUBSONIC)
SA-708,Integrated Amplifier,ASK-158,ASK-158,Lever switch (TONE)
SX-3700,Receiver,ASK-159,ASK-159,Lever switch (FM MUTING/MODE)
SX-820,Receiver,ASK-159,ASK-159,Lever switch (FM MUTING/MODE)
SA-708,Integrated Amplifier,ASK-160,ASK-160,Lever switch (DUPLICATE)
SA-708,Integrated Amplifier,ASK-160,ASK-160,Lever switch (TAPE MON)
SA-710,Integrated Amplifier,ASK-171,ASK-171,Lever switch (LOUDNESS)
SA-710,Integrated Amplifier,ASK-171,ASK-171,"Lever switch (SUBSONIC, TONE, MODE)"
SA-710,Integrated Amplifier,ASK-172,ASK-172,Lever switch (TAPE 2)
TX-610,Tuner,ASK-172,ASK-172,SWITCH(FUNCTION-TAPE 2....ETC.)
TX-710,Tuner,ASK-172,ASK-172,SWITCH(FUNCTION-TAPE 2....ETC.)
TX-610,Tuner,ASK-173,ASK-173,SWITCH(RECORD LEVEL)
TX-710,Tuner,ASK-174,ASK-174,SWITCH(FUNCTION-AM/FM)
TX-610,Tuner,ASK-178,ASK-178,SWITCH(AM/FM)
TX-610,Tuner,ASK-179,ASK-179,SWITCH(POWER)
TX-710,Tuner,ASK-179,ASK-179,SWITCH(POWER)
A-27,Integrated Amplifier,ASK-502,ASK-502,Lever switch (POWER) - S
A-27,Integrated Amplifier,ASK-502,ASK-502,Lever switch (POWER) - S/G
SX-880/890,Receiver,ASK-506 (ASK-097),ASK-506 (ASK-097),Lever (POWER) SX-880/SG
SX-3800,Receiver,ASK-507,ASK-507,Lever switch (POWER - KU)
SX-3900,Receiver,ASK-507,ASK-507,Lever switch (POWER - KU)
SX-780,Receiver,ASK-507,ASK-507,Lever switch (POWER)
SX-880/890,Receiver,ASK-507 (ASK-066),ASK-507 (ASK-066),Lever (POWER) SX-880/KU
SX-3800,Receiver,ASK-508,ASK-508,"Lever switch (POWER - S/G,S)"
SX-3900,Receiver,ASK-508,ASK-508,Lever (POWER - S/G)
SX-880/890,Receiver,ASK-508 (ASK-097),ASK-508 (ASK-097),Lever (POWER) SX-880/S
A-27,Integrated Amplifier,ASK-509,ASK-509,Lever switch (POWER) - KU
SA-3000,Integrated Amplifier,ASK-511,ASK-511,"Lever switch (POWER - HE, HB)"
SA-5800/508,Integrated Amplifier,ASK-514,ASK-514,Lever switch (POWER)
SA-6800/608,Integrated Amplifier,ASK-514,ASK-514,Lever switch (POWER)
TX-6800/608,Tuner,ASK-514,ASK-514,Lever switch (POWER)
SA-708,Integrated Amplifier,ASK-515,ASK-515,Lever switch (POWER)
SA-3000,Integrated Amplifier,ASK-516,ASK-516,Power switch (KU)
SA-710,Integrated Amplifier,ASK-520,ASK-520,Lever switch (POWER) - KU
SA-710,Integrated Amplifier,ASK-521,ASK-521,Lever switch (POWER) - HB
SA-710,Integrated Amplifier,ASK-521,ASK-521,Lever switch (POWER) - HE
SX-600,Receiver,ASK-522,ASK-522,Lever switch (POWER) - YP
SX-600L,Receiver,ASK-522,ASK-522,Lever switch (POWER)
SX-700L,Receiver,ASK-522,ASK-522,Lever switch (POWER)
SX-600,Receiver,ASK-523,ASK-523,Lever switch (POWER) - KU
SX-700,Receiver,ASK-523,ASK-523,Lever switch (POWER)
SX-727,Receiver,ASM-002-0,ASM-002,Slide switch
SX-727,Receiver,ASR-001-0,ASR-001,Relay
SX-828,Receiver,ASR-001-0,ASR-001,Relay
Exclusive M3,Amplifier,ASR-002-0,ASR-002,Relay
SX-1010,Receiver,ASR-002-0,ASR-002,Relay
QX-747,Receiver,ASR-003-0,ASR-003,Relay
QX-949,Receiver,ASR-003-0,ASR-003,Relay
QX-9900,Receiver,ASR-003-0,ASR-003,Relay
SA-8100,Integrated Amplifier,ASR-003-0,ASR-003,Relay
SA-9100,Integrated Amplifier,ASR-003-0,ASR-003,Relay
TX-8100,Tuner,ASR-004,ASR-004,RELAY SWITCH
Exclusive M3,Amplifier,ASR-007,ASR-007,Relay (Protection)
QX-747A,Receiver,ASR-007,ASR-007,Relay
QX-747A,Receiver,ASR-007,ASR-007,Relay
QX-949A,Receiver,ASR-007,ASR-007,Relay
SA-9500,Integrated Amplifier,ASR-007-0,ASR-007,Relay
SX-737,Receiver,ASR-007-0,ASR-007,Relay
SX-838,Receiver,ASR-007-0,ASR-007,Relay
SX-838,Receiver,ASR-007-0,ASR-007,Relay (KCU)
SX-939,Receiver,ASR-007-0,ASR-007,Relay
SA-9900,Integrated Amplifier,ASR-009-A,ASR-009,Relay (S16)
SA-8500,Integrated Amplifier,ASR-010-0,ASR-010,Relay
SX-1250,Receiver,ASR-010,ASR-010,Relay
SA-9900,Integrated Amplifier,ASR-011-0,ASR-011,Relay (S17)
SPEC-2,Amplifier,ASR-013-0,ASR-013,Relay (Power Supply Assembly - Secondary Surge Current Control)
SPEC-2,Amplifier,ASR-013-0,ASR-013,Relay (Power Supply Assembly - Secondary Surge Current Control)
SPEC-2,Amplifier,ASR-015,ASR-015,Relay (Meter Amplifier Assembly - Primary Surge Current Control)
SX-1050,Receiver,ASR-015,ASR-015,Relay
SX-1050,Receiver,ASR-015,ASR-015,Relay (S)
SX-1250,Receiver,ASR-015,ASR-015,Relay
SPEC-1,Pre-Amplifier,ASR-016,ASR-016,Relay
SPEC-1,Pre-Amplifier,ASR-016,ASR-016,Relay
SPEC-2,Amplifier,ASR-016,ASR-016,Relay (Output Cut-off Relay)
SA-9500II,Integrated Amplifier,ASR-018,ASR-018,Relay
SX-850,Receiver,ASR-019,ASR-019,Relay (S2)
SX-950,Receiver,ASR-019,ASR-019,Relay
SX-780,Receiver,ASR-020,ASR-020,Relay
SA-7500II,Integrated Amplifier,ASR-023,ASR-023,Relay
M-22,Amplifier,ASR-025,ASR-025,Relay (primary KL-type)
M-22,Amplifier,ASR-026,ASR-026,Relay (KL-type)
M-22,Amplifier,ASR-026,ASR-026,Relay (KL-type)
M-22,Amplifier,ASR-026,ASR-026,Relay (N-type)
A-9,Integrated Amplifier,ASR-027,ASR-027,Relay
SX-780,Receiver,ASR-032,ASR-032,Relay
A-6,Integrated Amplifier,ASR-033,ASR-033,Relay
SA-3000,Integrated Amplifier,ASR-033,ASR-033,Relay (KU)
SX-3700,Receiver,ASR-033,ASR-033,Relay
SX-6,Receiver,ASR-033,ASR-033,Relay
SX-7,Receiver,ASR-033,ASR-033,Relay
SX-820,Receiver,ASR-033,ASR-033,Relay
M-25,Amplifier,ASR-034,ASR-034,Relay (L. CH OUTPUT)
M-25,Amplifier,ASR-034,ASR-034,Relay (R. CH OUTPUT)
SPEC-4,Amplifier,ASR-041,ASR-041,Relay
A-27,Integrated Amplifier,ASR-042,ASR-042,Relay (PHONES)
A-27,Integrated Amplifier,ASR-042,ASR-042,"Relay - S, S/G"
RG-2,Dynamic Range Expander,ASR-042,ASR-042,Relay
SX-1080,Receiver,ASR-046,ASR-046,Relay
A-27,Integrated Amplifier,ASR-047,ASR-047,Relay (SPEAKER PROTECTION)
A-27,Integrated Amplifier,ASR-049,ASR-049,Relay
A-27,Integrated Amplifier,ASR-049,ASR-049,Relay - S
A-27,Integrated Amplifier,ASR-049,ASR-049,Relay - S/G
M-25,Amplifier,ASR-050,ASR-050,Relay (SURGE CURRENT CONTROL)
A-80,Integrated Amplifier,ASR-067,ASR-067,Relay (PROT)
A-90,Integrated Amplifier,ASR-067,ASR-067,Relay
SX-D5000,Receiver,ASR-067,ASR-067,Relay
A-9,Integrated Amplifier,ASR-068,ASR-068,Relay
SX-8,Receiver,ASR-068,ASR-068,Relay
SX-3900,Receiver,ASR-069,ASR-069,Relay
SX-D7000,Receiver,ASR-069,ASR-069,SS Relay
A-7,Integrated Amplifier,ASR-071,ASR-071,Relay
A-7,Integrated Amplifier,ASR-071,ASR-071,Relay
A-8,Integrated Amplifier,ASR-071,ASR-071,Relay
A-9,Integrated Amplifier,ASR-071,ASR-071,Relay
A-9,Integrated Amplifier,ASR-071,ASR-071,Relay
A-66X,Integrated Amplifier,ASR-072,ASR-072,RY501
A-70,Integrated Amplifier,ASR-072,ASR-072,Relay
A-80,Integrated Amplifier,ASR-072,ASR-072,Relay
A-90,Integrated Amplifier,ASR-072,ASR-072,Relay
A-88X,Integrated Amplifier,ASR-073,ASR-073,Relay
A-90,Integrated Amplifier,ASR-074,ASR-074,Relay
A-90,Integrated Amplifier,ASR-074,ASR-074,Relay
RG-60,Dynamic Range Expander,ASR-076,ASR-076,Relay (MUTING)
A-88X,Integrated Amplifier,ASR-077,ASR-077,Relay
SA-930,Integrated Amplifier,ASR-102,ASR-102,Relay
A-66X,Integrated Amplifier,ASR-107,ASR-107,RY101
SA-1040,Integrated Amplifier,ASR-107,ASR-107,Relay
SA-1050,Integrated Amplifier,ASR-107,ASR-107,Relay
SA-940,Integrated Amplifier,ASR-107,ASR-107,Relay
SA-950,Integrated Amplifier,ASR-107,ASR-107,Relay
SX-50,Receiver,ASR-107,ASR-107,Relay
SX-60,Receiver,ASR-107,ASR-107,Relay
A-77X,Integrated Amplifier,ASR-108,ASR-108,Relay
A-88X,Integrated Amplifier,ASR-108,ASR-108,Relay
DT-32,Timer,ASR-502,ASR-502,RELAY DT530/540
C-72,Pre-Amplifier,ASR-512,ASR-512,Relay (POWER)
A-858,Integrated Amplifier,ASR1014,ASR1014,Relay
A-858,Integrated Amplifier,ASR1026,ASR1026,Relay
SX-1980,Receiver,ASS-004,ASS-004,Crystal resonator
F-7,Tuner,ASS-015,ASS-015,Crystal resonator
SX-4,Receiver,ASS-016,ASS-016,Crystal resonator
SX-5,Receiver,ASS-016,ASS-016,Crystal resonator
SX-6,Receiver,ASS-016,ASS-016,Crystal resonator (4.5MHz)
SX-7,Receiver,ASS-016,ASS-016,Crystal resonator
SX-7,Receiver,ASS-017,ASS-017,Crystal resonator
SX-50,Receiver,ASS-018,ASS-018,Crystal resonator
TX-930,Tuner,ASS-018,ASS-018,Crystal resonator
SA-9900,Integrated Amplifier,ASS-024-A,ASS-024,"Rotary Switch (TREBLE, 10KHz)"
SA-1000,Integrated Amplifier,AST-001-0,AST-001,Thermo switch (KUW model)
A-717,Integrated Amplifier,ASU1002,ASU1002,SW(REC SELECTOR)
A-717,Integrated Amplifier,ASU1006,ASU1006,SW(INPUT SELECTOR)A717
A-71,Integrated Amplifier,ASU1008,ASU1008,SW(PHONO SELECTOR)A717
A-717,Integrated Amplifier,ASU1008,ASU1008,SW(PHONO SELECTOR)A717
A-858,Integrated Amplifier,ASU1008,ASU1008,Remote slide switch (PHONO SELECTOR)
A-51,Integrated Amplifier,ASU1016,ASU1016,SWITCH(REC SELECTOR/INPUT SEL)
A-71,Integrated Amplifier,ASU1016,ASU1016,SWITCH(REC SELECTOR/INPUT SEL)
A-858,Integrated Amplifier,ASU1016,ASU1016,"Remote slide switch (INPUT SELECTOR, REC SELECTOR)"
A-757,Integrated Amplifier,ASU1024,ASU1024,SWITCH (RECORD SELECTOR)
A-757,Integrated Amplifier,ASU1025,ASU1025,SWITCH(INPUT SELECTOR CONT
A-51,Integrated Amplifier,ASU1026,ASU1026,SWITCH(PHONO SELECTOR CONT)
A-757,Integrated Amplifier,ASU1026,ASU1026,SWITCH(PHONO SELECTOR CONT)
A-858,Integrated Amplifier,ASU1027,ASU1027,Switch (REC SELECTOR)
A-858,Integrated Amplifier,ASU1028,ASU1028,Switch (INPUT)
A-858,Integrated Amplifier,ASU1029,ASU1029,Switch (PHONO)
A-51,Integrated Amplifier,ASU1038,ASU1038,SWITCH(REC SELECT)
A-51,Integrated Amplifier,ASU1039,ASU1039,SWITCH(INPUT SELECT)
Exclusive M3,Amplifier,ASX-001-0,ASX-001,Magnet catch holder
QX-9900,Receiver,ASX-016-0,ASX-016,Tuning shaft ass'y
SX-600L,Receiver,ASX-103,ASX-103,Remote slide switch (FUNCTION-AM BAND)
SX-700L,Receiver,ASX-103,ASX-103,Remote slide (FUNCTION-AM BAND)
SA-710,Integrated Amplifier,ASX-113,ASX-113,Slide rotary switch (FUNCTION)
A-80,Integrated Amplifier,ASX-116,ASX-116,Remote slide rotary switch (SPEAKERS)
A-80,Integrated Amplifier,ASX-118,ASX-118,Side switch (SPEAKERS)
SA-930,Integrated Amplifier,ASX-118,ASX-118,Slide switch (SPEAKERS)
SX-3800,Receiver,ASX-128,ASX-128,Remote lever switch (TAPE MONITOR)
SX-3900,Receiver,ASX-128,ASX-128,"Remote lever (ADAPTOR, DUPLICATE)"
SX-3900,Receiver,ASX-128,ASX-128,"Remote lever switch (ADAPTOR, DUPLICATE)"
SX-3800,Receiver,ASX-130,ASX-130,Remote lever switch (TAPE)
SX-3900,Receiver,ASX-130,ASX-130,Remote slide (ADAPTOR)
SX-3900,Receiver,ASX-131,ASX-131,Remote lever (TAPE MONITOR)
SX-3900,Receiver,ASX-131,ASX-131,Remote lever switch (TAPE MONITOR)
SX-3900,Receiver,ASX-133,ASX-133,Remote slide (TAPE MONITOR)
SX-3900,Receiver,ASX-134,ASX-134,Remote slide (DUPLICATE)
SX-3800,Receiver,ASX-135,ASX-135,Remote push switch (SPEAKER IND SP-A)
SX-3800,Receiver,ASX-135,ASX-135,Remote push switch (SPEAKER IND SP-B)
SX-3900,Receiver,ASX-135,ASX-135,"Remote push switch (SP-A, SP-B)"
SX-3800,Receiver,ASX-137,ASX-137,Remote slide switch (SPEAKER SP-A)
SX-3800,Receiver,ASX-137,ASX-137,Remote slide switch (SPEAKER SP-B)
SX-3900,Receiver,ASX-137,ASX-137,Remote slide switch
SX-3900,Receiver,ASX-137,ASX-137,Remote switch (SPEAKERS)
SX-60,Receiver,ASX-143,ASX-143,Push switch (MC/MM)
SX-D7000,Receiver,ASX-145,ASX-145,Phono switch
A-9,Integrated Amplifier,ASX-151,ASX-151,"Remote push switch (MM/MC, CARTRIDGE LOAD)"
A-9,Integrated Amplifier,ASX-153,ASX-153,Remote slide switch (MM/MC)
TX-130L,Tuner,ASX-153,ASX-153,Remote slide switch
TX-530L,Tuner,ASX-153,ASX-153,Switch
A-9,Integrated Amplifier,ASX-154,ASX-154,Remote rotary switch (REC OUT SELECTOR)
A-7,Integrated Amplifier,ASX-156,ASX-156,Rotary switch (REC OUT SELECT)
A-8,Integrated Amplifier,ASX-156,ASX-156,REC OUT selector switch
A-9,Integrated Amplifier,ASX-156,ASX-156,Remote Slide switch (REC SELECTOR)
A-6,Integrated Amplifier,ASX-169,ASX-169,Remote slide switch (REC OUT SELECTOR)
SX-7,Receiver,ASX-173,ASX-173,"6-ganged push switch (TAPE,MONO,SUBSONlC,LOUDNESS,PHONO)"
SX-7,Receiver,ASX-175,ASX-175,Remote slide switch (MM/MC)
SX-8,Receiver,ASX-175,ASX-175,Remote slide switch (MM/MC)
TX-530L,Tuner,ASX-182,ASX-182,Switch (FUNCTlON)
SX-8,Receiver,ASX-184,ASX-184,"3-ganged Push switch (MEMORY, SUBSONIC, PHONO)"
SA-930,Integrated Amplifier,ASX-189,ASX-189,Rotary switch (SPEAKERS)
TX-130L,Tuner,ASX-190,ASX-190,Remote push switch (FUNCTION)
A-70,Integrated Amplifier,ASX-191,ASX-191,Remote push switch (MC/MM)
A-90,Integrated Amplifier,ASX-193,ASX-193,Remote slide switch (PHONO SELECTOR)
A-80,Integrated Amplifier,ASX-196,ASX-196,Slide switch (PHONO SELECTOR)
A-77X,Integrated Amplifier,ASX-199,ASX-199,Remote slide switch (MC-MM) Eq Assembly
A-88X,Integrated Amplifier,ASX-199,ASX-199,Remote slide switch (MC-MM)
A-5,Integrated Amplifier,ASX-203,ASX-203,SWITCH(REC OUT SELECTOR)
A-6,Integrated Amplifier,ASX-203,ASX-203,Remote slide switch (REC OUT SELECTOR)
A-90,Integrated Amplifier,ASX-204,ASX-204,Remote rotary slide switch (PHONO SELECTOR)
A-80,Integrated Amplifier,ASX-205,ASX-205,Remote slide rotary switch (PHONO SELECTOR)
A-88X,Integrated Amplifier,ASX-206,ASX-206,Remote slide rotary switch (MC-MM)
A-77X,Integrated Amplifier,ASX-207,ASX-207,Remote slide rotary switch (PHONO)
SX-1000TA (Early),Receiver,AT4214,AT4214,AM Ferrite Loopstick antenna coil
SX-1000TA (Early),Receiver,AT5263,AT5263,Power transformer
SX-828,Receiver,ATB-002-0,ATB-002,AM ferrite loopstick antenna (KUW)
TX-1000,Tuner,ATB-002,ATB-002,COIL FOR MW
SX-727,Receiver,ATB-005-0,ATB-005,Ferrite loopstick antenna (KUW)
TX-800,Tuner,ATB-005,ATB-005,BAR ANTENNA SX-616
QX-4000,Receiver,ATB-006-0,ATB-006,AM ferrite loopstick antenna
QX-646,Receiver,ATB-006-0,ATB-006,AM ferrite loopstick antenna
QX-8000A,Receiver,ATB-006-0,ATB-006,Ferrite loopstick antenna (KUW)
SX-525,Receiver,ATB-006-0,ATB-006,Ferrite loopstick antenna (KUW)
TX-500A,Tuner,ATB-009,ATB-009,BAR ANTENNA
SX-424,Receiver,ATB-010-0,ATB-010,AM ferrite loopstick antenna
QX-747,Receiver,ATB-015-A,ATB-015,AM ferrite loopstick antenna
QX-949,Receiver,ATB-015-A,ATB-015,Ferrite loopstick antenna
SX-434,Receiver,ATB-015-A,ATB-015,Ferrite loopstick antenna
SX-434,Receiver,ATB-015-A,ATB-015,Ferrite loopstick antenna
SX-626 (1973),Receiver,ATB-015-A,ATB-015,Ferrite loopstick antenna
TX-6200,Tuner,ATB-015-A,ATB-015,AM ferrite loopstick antenna
TX-7100,Tuner,ATB-015-A,ATB-015,Ferrite loopstick antenna
TX-8100,Tuner,ATB-015-A,ATB-015,Ferrite loopstick antenna
