normalized_part_number,source_file,record_count
100-PLX500-2017,parts_01.csv,1
100-PLX500W-2017,parts_01.csv,1
100-PNTT-3093,parts_01.csv,1
100-PNTT-3094,parts_01.csv,1
100-PNTT-3095,parts_01.csv,1
100-PNTT-3096,parts_01.csv,1
100-PNTT-3100,parts_01.csv,1
100-PNTT-3113,parts_01.csv,1
1S2473,parts_01.csv,1
200-DJ3000-211,parts_01.csv,2
200-PNTT-211A,parts_01.csv,1
200-PNTT-693,parts_01.csv,1
200-ST100-268,parts_01.csv,3
200-TT100-232C,parts_01.csv,2
"258706-R, S or Q",parts_01.csv,1
28432526,parts_01.csv,4
288531A,parts_01.csv,2
2SA1075-G (2SA1075-B),parts_01.csv,2
2SA1075/A,parts_01.csv,2
2SA1075/A/,parts_01.csv,5
2SA1075A/,parts_01.csv,1
2SA1076,parts_01.csv,5
2SA1076/A/-B (2SA1076/A/-G),parts_01.csv,1
2SA1104/A/-Y (2SA1104/A/-O) (2SA1104/A/-P),parts_01.csv,1
2SA1186/A/,parts_01.csv,2
2SA1294/A/-0 (2SA1294/A/-Y),parts_01.csv,2
"2SA679-R or Y (2SA747-R, O or Y)",parts_01.csv,1
"2SA679S-V or R (2SA747A-R, O or Y)",parts_01.csv,2
"2SA679S-Y or R (2SA747A-R, O or Y)",parts_01.csv,2
2SA744-R or O,parts_01.csv,4
"2SA747A-R, O or Y/2SA679S-R or Y/2SB539P-K, L or M",parts_01.csv,4
2SB 541,parts_01.csv,2
2SB530-R or O (2SA745-R or O),parts_01.csv,2
"2SB530-R or O (2SA745-R, O or Y)",parts_01.csv,1
2SB531A,parts_01.csv,2
2SB531S-R or O (2SA756S-B or C),parts_01.csv,2
2SB539C,parts_01.csv,4
"2SB541P-L or M (2SA745A-R, O or Y) (2SB530S-R, O or Y)",parts_01.csv,4
"2SB541P-S or R (2SB530S-R, O or Y) (2SA745A-R, O or Y)",parts_01.csv,4
2SB554-H or O (2SB600-R or S),parts_01.csv,1
2SB554-R or O (2SB600-R or S),parts_01.csv,3
2SB557,parts_01.csv,3
2SB557- R,parts_01.csv,1
2SB600,parts_01.csv,4
2SB616A40 or 2SB616A,parts_01.csv,1
2SB617A/A/-R or Q,parts_01.csv,1
2SB618A-R or Q,parts_01.csv,4
2SB618A/A/-R or Q,parts_01.csv,1
2SB701/A/-5 or C,parts_01.csv,1
2SB701/A/-B or C,parts_01.csv,3
2SB701S-B or C,parts_01.csv,4
2SB705A,parts_01.csv,2
2SB705A/A-R or S,parts_01.csv,1
"2SB706-Q or R, S",parts_01.csv,2
"2SB706-R, S or Q",parts_01.csv,3
"2SB706A-R,S or Q",parts_01.csv,6
2SB758A,parts_01.csv,1
2SB773A-Q (2SB773A-R),parts_01.csv,1
"2SC1079-R or Y (2SC1116-R, O or Y)",parts_01.csv,1
"2SC1079S-Y or R (2SC1116A-R, O or V)",parts_01.csv,2
"2SC1079S-Y or R (2SC111GA-R, O or V)",parts_01.csv,2
"2SC1116A-R, O or Y/2SC1079S-R or Y/2SD287P-K, L or M",parts_01.csv,4
2SC1402-R or O,parts_01.csv,4
2SC1444-O or Y,parts_01.csv,2
2SC2525-G (2SC2525-B),parts_01.csv,2
2SC2525/A,parts_01.csv,3
2SC2525/A/,parts_01.csv,5
2SC2526,parts_01.csv,1
2SC2526/A/-B (2SC2526/A/-G),parts_01.csv,1
2SC2579/A/-Y (2SC2579/A/-O) (2SC2579/A/-P),parts_01.csv,1
2SC2837/A/,parts_01.csv,2
2SC3263/A/-0 (2SC3263/A/-Y),parts_01.csv,1
2SC3263/A/O (2SC3263/A/-Y),parts_01.csv,1
2SC789,parts_01.csv,1
2SC789-0 or Y,parts_01.csv,1
2SD 338,parts_01.csv,2
2SD226 or 2SD130,parts_01.csv,4
2SD287C,parts_01.csv,4
"2SD370-R or 0 (2SC1403-R, O or Y)",parts_01.csv,1
2SD370-R or O (2SC1403-R or O),parts_01.csv,2
2SD371A,parts_01.csv,4
2SD371S-R or O (2SC1030S-B or C),parts_01.csv,2
"2SD388P-L or M (2SC1403A-R, O or Y) (2SD370S-R, O or Y)",parts_01.csv,4
"2SD388P-S or R (2SD370S-R, O or Y) (2SC1403A-R, O or Y)",parts_01.csv,4
2SD424-H or O (2SD555-R or S),parts_01.csv,1
2SD424-R or O (2SD555-R or S),parts_01.csv,3
2SD427,parts_01.csv,4
2SD555,parts_01.csv,4
2SD586A-Q or 2SD586A,parts_01.csv,1
2SD587A/A/-R or Q,parts_01.csv,1
2SD588A-R or Q,parts_01.csv,4
2SD588A/A/-R or Q,parts_01.csv,1
2SD737/A/-B or C,parts_01.csv,4
2SD737S-B or C,parts_01.csv,4
2SD745A,parts_01.csv,2
2SD745A/A-R or S,parts_01.csv,1
"2SD746-Q or R, S",parts_01.csv,2
"2SD746-R, S or Q",parts_01.csv,4
"2SD746A-R,S or Q",parts_01.csv,6
2SD848A,parts_01.csv,1
2SD883A-Q (2SD883A-R),parts_01.csv,1
406-PLX-1288,parts_01.csv,1
408-PL50-068,parts_01.csv,2
408-PLX-140,parts_01.csv,1
408-SUB-132,parts_01.csv,2
409-DJ2-069A,parts_01.csv,2
409-HDJ7100-054D-HA,parts_01.csv,1
411-PLX-912,parts_01.csv,1
420-PLX-396,parts_01.csv,1
502-PX1000A-3365,parts_01.csv,1
505-PNTT-248,parts_01.csv,1
505-S15-117,parts_01.csv,1
506-PNTT-662,parts_01.csv,1
507-PNTT-3467,parts_01.csv,3
604-DJ5500-262,parts_01.csv,1
604-PNTT-638,parts_01.csv,1
604-PNTT-639,parts_01.csv,1
604-PNTT-648,parts_01.csv,1
612-PLX500K-095,parts_01.csv,1
612-PLX500W-095,parts_01.csv,1
612-PNTT-095,parts_01.csv,1
612-ST150-159,parts_01.csv,1
701-PLX500-5669,parts_01.csv,1
701-PLX500-5673,parts_01.csv,2
701-PLX500-5704,parts_01.csv,2
701-PLX500W-5669,parts_01.csv,1
701-PNTT-5415,parts_01.csv,1
702-PLX500-098,parts_01.csv,2
702-PNTT-075,parts_01.csv,1
702-PNTT-076,parts_01.csv,1
703-PNTT-1408,parts_01.csv,1
703-PNTT-1411,parts_01.csv,1
704-PLX-A787,parts_01.csv,1
704-PLX-A790,parts_01.csv,1
704-PLX-A791,parts_01.csv,1
704-PLX-A795,parts_01.csv,1
704-PLX-A796,parts_01.csv,1
704-PLX-A800,parts_01.csv,1
704-PLX-A802,parts_01.csv,1
704-PLX-A803,parts_01.csv,1
704-PLX-A863,parts_01.csv,1
704-PLX500-B516,parts_01.csv,2
704-PLX500-B527,parts_01.csv,2
704-PLX500-B534,parts_01.csv,1
704-PLX500W-B535,parts_01.csv,1
704-PNTT-B013,parts_01.csv,1
705-DJ1900-078,parts_01.csv,1
705-PLX500-1649,parts_01.csv,2
705-PLX500-1650,parts_01.csv,1
705-PLX500-1653,parts_01.csv,2
705-PLX500K-1655,parts_01.csv,1
705-PLX500W-1656,parts_01.csv,1
75104Y31,parts_01.csv,1
75AKB1,parts_01.csv,1
A11-109,parts_01.csv,4
A11-112,parts_01.csv,4
A11-115,parts_01.csv,4
A11-119,parts_01.csv,4
A11-135,parts_01.csv,4
A11-138,parts_01.csv,4
A12-016,parts_01.csv,1
A12-065,parts_01.csv,1
A12-095,parts_01.csv,1
A12-098,parts_01.csv,1
A12-100,parts_01.csv,1
A12-103,parts_01.csv,1
A12-120,parts_01.csv,4
A12-131,parts_01.csv,2
A12-134,parts_01.csv,1
A12-136,parts_01.csv,2
A12-139,parts_01.csv,2
A12-141,parts_01.csv,1
A12-142,parts_01.csv,1
A12-144,parts_01.csv,6
A12-146,parts_01.csv,3
A12-150,parts_01.csv,1
A12-151,parts_01.csv,1
A12-163,parts_01.csv,2
A12-165,parts_01.csv,2
A12-168,parts_01.csv,3
A12-169,parts_01.csv,1
A12-195,parts_01.csv,1
A12-196,parts_01.csv,1
A12-197,parts_01.csv,1
A12-201,parts_01.csv,1
A12-203,parts_01.csv,1
A12-204,parts_01.csv,2
A12-217,parts_01.csv,1
A12-229,parts_01.csv,8
A12-232,parts_01.csv,10
A12-235,parts_01.csv,3
A12-237,parts_01.csv,3
A12-238,parts_01.csv,1
A12-240,parts_01.csv,1
A12-241,parts_01.csv,3
A12-244,parts_01.csv,1
A12-299,parts_01.csv,1
A12-403,parts_01.csv,2
A12-406,parts_01.csv,4
A12-412,parts_01.csv,2
A12-416,parts_01.csv,1
A12-417,parts_01.csv,1
A12-418,parts_01.csv,1
A12-631,parts_01.csv,3
A13-011,parts_01.csv,1
A13-013,parts_01.csv,1
A13-016,parts_01.csv,2
A13-020,parts_01.csv,1
A13-021,parts_01.csv,1
A17-401,parts_01.csv,1
A17-402,parts_01.csv,1
A17-854,parts_01.csv,2
A18-003,parts_01.csv,1
A18-401,parts_01.csv,3
A18-606,parts_01.csv,6
A19-038,parts_01.csv,1
A19-077,parts_01.csv,6
A19-078,parts_01.csv,1
A19-079,parts_01.csv,2
A19-085,parts_01.csv,1
A19-095,parts_01.csv,10
A19-096,parts_01.csv,1
A19-618,parts_01.csv,1
A31-080,parts_01.csv,5
A31-087,parts_01.csv,1
A31-087 0,parts_01.csv,1
A31-090,parts_01.csv,2
A31-092,parts_01.csv,1
A31-095,parts_01.csv,1
A33-023,parts_01.csv,1
A33-036,parts_01.csv,1
A33-050,parts_01.csv,1
A33-065,parts_01.csv,2
A33-074,parts_01.csv,1
A33-084,parts_01.csv,2
A33-088,parts_01.csv,1
A33-110,parts_01.csv,1
A33-124,parts_01.csv,1
A41-628,parts_01.csv,1
A41-629,parts_01.csv,1
A42-607,parts_01.csv,2
A42-609,parts_01.csv,1
A45-603,parts_01.csv,1
A45-607,parts_01.csv,1
A45-635,parts_01.csv,1
A45-670,parts_01.csv,2
A45-678,parts_01.csv,1
A51-008,parts_01.csv,1
A51-009,parts_01.csv,1
A55-008,parts_01.csv,1
A55-013,parts_01.csv,4
A55-014,parts_01.csv,1
A59-026,parts_01.csv,1
A59-030,parts_01.csv,5
A59-040,parts_01.csv,1
A59-051,parts_01.csv,1
A61-032,parts_01.csv,1
A61-206,parts_01.csv,1
A61-216,parts_01.csv,2
A61-217,parts_01.csv,1
A61-224,parts_01.csv,1
A61-406,parts_01.csv,1
A61-409,parts_01.csv,1
A61-602,parts_01.csv,8
A62-039,parts_01.csv,1
A62-040,parts_01.csv,1
A62-041,parts_01.csv,1
A62-042,parts_01.csv,1
A62-043,parts_01.csv,1
A62-044,parts_01.csv,1
A62-045,parts_01.csv,4
A62-054,parts_01.csv,1
A62-055,parts_01.csv,1
A66-026,parts_01.csv,1
A66-402,parts_01.csv,1
A66-404,parts_01.csv,1
A66-409,parts_01.csv,1
A66-852,parts_01.csv,4
A91-005,parts_01.csv,2
A91-007,parts_01.csv,4
A91-008,parts_01.csv,5
A91-009,parts_01.csv,7
A91-014,parts_01.csv,2
A91-016,parts_01.csv,2
A91-017,parts_01.csv,3
A91-019,parts_01.csv,1
A91-020,parts_01.csv,1
A91-402,parts_01.csv,1
A91-403,parts_01.csv,1
A92-401,parts_01.csv,2
AA11009,parts_01.csv,1
AA11012,parts_01.csv,1
AA11015,parts_01.csv,1
AA11019,parts_01.csv,1
AA11035,parts_01.csv,1
AA11038,parts_01.csv,1
AA3180,parts_01.csv,1
AA3323,parts_01.csv,1
AA5030,parts_01.csv,1
AA9105,parts_01.csv,1
AAA-001,parts_01.csv,3
AAA-003,parts_01.csv,1
AAA-004,parts_01.csv,4
AAA-006,parts_01.csv,2
AAA-011,parts_01.csv,1
AAA-014,parts_01.csv,1
AAA-015,parts_01.csv,2
AAA-017,parts_01.csv,1
AAA-018,parts_01.csv,1
AAA-020,parts_01.csv,1
AAA-023,parts_01.csv,4
AAA-024,parts_01.csv,4
AAA-026,parts_01.csv,3
AAA-027,parts_01.csv,1
AAA-028,parts_01.csv,2
AAA-034,parts_01.csv,4
AAA-035,parts_01.csv,1
AAA-036,parts_01.csv,4
AAA-038,parts_01.csv,2
AAA-045,parts_01.csv,1
AAA-046,parts_01.csv,1
AAA-047,parts_01.csv,3
AAA-050,parts_01.csv,4
AAA-057,parts_01.csv,2
AAA-058,parts_01.csv,1
AAA-061,parts_01.csv,1
AAA-065,parts_01.csv,3
AAA-066,parts_01.csv,1
AAA-068,parts_01.csv,2
AAA-069,parts_01.csv,5
AAA-079,parts_01.csv,2
AAA-084,parts_01.csv,1
AAB -152,parts_01.csv,1
AAB-001,parts_01.csv,2
AAB-003,parts_01.csv,2
AAB-004,parts_01.csv,1
AAB-005,parts_01.csv,1
AAB-006,parts_01.csv,1
AAB-007,parts_01.csv,8
AAB-013,parts_01.csv,3
AAB-014,parts_01.csv,3
AAB-024,parts_01.csv,4
AAB-025,parts_01.csv,4
AAB-026,parts_01.csv,2
AAB-027,parts_01.csv,2
AAB-028,parts_01.csv,2
AAB-029,parts_01.csv,3
AAB-030,parts_01.csv,3
AAB-032,parts_01.csv,1
AAB-033,parts_01.csv,1
AAB-035,parts_01.csv,1
AAB-036,parts_01.csv,1
AAB-037,parts_01.csv,1
AAB-038,parts_01.csv,3
AAB-039,parts_01.csv,1
AAB-040,parts_01.csv,3
AAB-041,parts_01.csv,7
AAB-042,parts_01.csv,5
AAB-043,parts_01.csv,6
AAB-044,parts_01.csv,2
AAB-045,parts_01.csv,1
AAB-046,parts_01.csv,3
AAB-051,parts_01.csv,2
AAB-052,parts_01.csv,1
AAB-053,parts_01.csv,1
AAB-055,parts_01.csv,2
AAB-055- B,parts_01.csv,1
AAB-056,parts_01.csv,1
AAB-057,parts_01.csv,1
AAB-058,parts_01.csv,1
AAB-059,parts_01.csv,1
AAB-064,parts_01.csv,2
AAB-065,parts_01.csv,16
AAB-067,parts_01.csv,2
AAB-068,parts_01.csv,10
AAB-069,parts_01.csv,4
AAB-072,parts_01.csv,1
AAB-073,parts_01.csv,1
AAB-079,parts_01.csv,8
AAB-080,parts_01.csv,4
AAB-084,parts_01.csv,4
AAB-085,parts_01.csv,1
AAB-086,parts_01.csv,8
AAB-087,parts_01.csv,2
AAB-089,parts_01.csv,1
AAB-090,parts_01.csv,1
AAB-091,parts_01.csv,5
AAB-094,parts_01.csv,2
AAB-095,parts_01.csv,1
AAB-096,parts_01.csv,1
AAB-097,parts_01.csv,8
AAB-098,parts_01.csv,2
AAB-099,parts_01.csv,11
AAB-100,parts_01.csv,25
AAB-103,parts_01.csv,2
AAB-104,parts_01.csv,2
AAB-105,parts_01.csv,1
AAB-106,parts_01.csv,4
AAB-107,parts_01.csv,1
AAB-110,parts_01.csv,1
AAB-114,parts_01.csv,2
AAB-115,parts_01.csv,2
AAB-116,parts_01.csv,14
AAB-117,parts_01.csv,2
AAB-122,parts_01.csv,1
AAB-123,parts_01.csv,1
AAB-124,parts_01.csv,1
AAB-125,parts_01.csv,1
AAB-129,parts_01.csv,1
AAB-130,parts_01.csv,3
AAB-144,parts_01.csv,1
AAB-145,parts_01.csv,7
AAB-146,parts_01.csv,2
AAB-147,parts_01.csv,1
AAB-152,parts_01.csv,1
AAB-153,parts_01.csv,2
AAB-165,parts_01.csv,1
AAB-167,parts_01.csv,1
AAB-171,parts_01.csv,1
AAB-173,parts_01.csv,1
AAB-174,parts_01.csv,4
AAB-175,parts_01.csv,18
AAB-176,parts_01.csv,8
AAB-178,parts_01.csv,4
AAB-179,parts_01.csv,4
AAB-180,parts_01.csv,8
AAB-185,parts_01.csv,2
AAB-189,parts_01.csv,1
AAB-190,parts_01.csv,1
AAB-191,parts_01.csv,1
AAB-192,parts_01.csv,1
AAB-194,parts_01.csv,3
AAB-195,parts_01.csv,3
AAB-196,parts_01.csv,15
AAB-201,parts_01.csv,3
AAB-202,parts_01.csv,3
AAB-203,parts_01.csv,3
AAB-204,parts_01.csv,8
AAB-214,parts_02.csv,1
AAB-221,parts_02.csv,1
AAB-222,parts_02.csv,2
AAB-223,parts_02.csv,1
AAB-238,parts_02.csv,1
AAB-239,parts_02.csv,7
AAB-240,parts_02.csv,1
AAB-243,parts_02.csv,2
AAB-244,parts_02.csv,4
AAB-245,parts_02.csv,1
AAB-246,parts_02.csv,2
AAB-250,parts_02.csv,1
AAB-251,parts_02.csv,1
AAB-258,parts_02.csv,2
AAB-259,parts_02.csv,2
AAB-260,parts_02.csv,2
AAB-261,parts_02.csv,1
AAB-262,parts_02.csv,1
AAB-263,parts_02.csv,1
AAB-270,parts_02.csv,1
AAB-271,parts_02.csv,1
AAB-272,parts_02.csv,1
AAB-273,parts_02.csv,2
AAB-274,parts_02.csv,4
AAB-283,parts_02.csv,2
AAB-308,parts_02.csv,2
AAB-309,parts_02.csv,1
AAB-310,parts_02.csv,1
AAB-311,parts_02.csv,3
AAB-312,parts_02.csv,1
AAB-313,parts_02.csv,2
AAB-316,parts_02.csv,1
AAB-317,parts_02.csv,1
AAB-324,parts_02.csv,4
AAB-325,parts_02.csv,4
AAB-331,parts_02.csv,1
AAB-337,parts_02.csv,1
AAB-338,parts_02.csv,1
AAB-340,parts_02.csv,1
AAB-341,parts_02.csv,1
AAB-342,parts_02.csv,1
AAB-343,parts_02.csv,1
AAB-345,parts_02.csv,1
AAB-346,parts_02.csv,1
AAB-351,parts_02.csv,1
AAB-377,parts_02.csv,1
AAB-378,parts_02.csv,2
AAB-379,parts_02.csv,1
AAB-380,parts_02.csv,2
AAB-381,parts_02.csv,2
AAB-400,parts_02.csv,1
AAB-421,parts_02.csv,1
AAB-422,parts_02.csv,1
AAB-423,parts_02.csv,1
AAB-424,parts_02.csv,1
AAB-425,parts_02.csv,1
AAB-426,parts_02.csv,1
AAB-427,parts_02.csv,1
AAB-429,parts_02.csv,1
AAB-430,parts_02.csv,1
AAB-432,parts_02.csv,1
AAB-445,parts_02.csv,1
AAB-662,parts_02.csv,1
AAB-714,parts_02.csv,1
AAC-023,parts_02.csv,1
AAC-024,parts_02.csv,1
AAC-034,parts_02.csv,3
AAC-059,parts_02.csv,1
AAD-001,parts_02.csv,2
AAD-003,parts_02.csv,1
AAD-011,parts_02.csv,4
AAD-015,parts_02.csv,1
AAD-023,parts_02.csv,3
AAD-024,parts_02.csv,1
AAD-026,parts_02.csv,2
AAD-028,parts_02.csv,1
AAD-029,parts_02.csv,1
AAD-030,parts_02.csv,2
AAD-033,parts_02.csv,2
AAD-036,parts_02.csv,1
AAD-037,parts_02.csv,1
AAD-038,parts_02.csv,1
AAD-039,parts_02.csv,2
AAD-040,parts_02.csv,30
AAD-045,parts_02.csv,3
AAD-046,parts_02.csv,2
AAD-050,parts_02.csv,2
AAD-054,parts_02.csv,5
AAD-055,parts_02.csv,4
AAD-061,parts_02.csv,1
AAD-063,parts_02.csv,1
AAD-064,parts_02.csv,3
AAD-065,parts_02.csv,3
AAD-066,parts_02.csv,3
AAD-067,parts_02.csv,3
AAD-082,parts_02.csv,6
AAD-084,parts_02.csv,2
AAD-085,parts_02.csv,1
AAD-086,parts_02.csv,2
AAD-100,parts_02.csv,1
AAD-108,parts_02.csv,24
AAD-109,parts_02.csv,10
AAD-110,parts_02.csv,7
AAD-111,parts_02.csv,2
AAD-112,parts_02.csv,1
AAD-113,parts_02.csv,45
AAD-114,parts_02.csv,35
AAD-115,parts_02.csv,21
AAD-117,parts_02.csv,20
AAD-120,parts_02.csv,2
AAD-123,parts_02.csv,3
AAD-126,parts_02.csv,1
AAD-129,parts_02.csv,8
AAD-136,parts_02.csv,2
AAD-138,parts_02.csv,17
AAD-139,parts_02.csv,12
AAD-140,parts_02.csv,8
AAD-146,parts_02.csv,1
AAD-147,parts_02.csv,1
AAD-150,parts_02.csv,4
AAD-151,parts_02.csv,1
AAD-152,parts_02.csv,5
AAD-154,parts_02.csv,8
AAD-155,parts_02.csv,2
AAD-172,parts_02.csv,17
AAD-173,parts_02.csv,1
AAD-178,parts_02.csv,4
AAD-179,parts_02.csv,11
AAD-181,parts_02.csv,2
AAD-183,parts_02.csv,19
AAD-200,parts_02.csv,7
AAD-226,parts_02.csv,5
AAD-227,parts_02.csv,3
AAD-243,parts_02.csv,2
AAD-246,parts_02.csv,1
AAD-248,parts_02.csv,1
AAD-253,parts_02.csv,1
AAD-264,parts_02.csv,1
AAD-265,parts_02.csv,1
AAD-297,parts_02.csv,4
AAD-298,parts_02.csv,4
AAD-299,parts_02.csv,4
AAD-300,parts_02.csv,1
AAD-302,parts_02.csv,1
AAD-332,parts_02.csv,1
AAD-333,parts_02.csv,1
AAD-334,parts_02.csv,1
AAD-335,parts_02.csv,1
AAD-336,parts_02.csv,1
AAD-337,parts_02.csv,1
AAD-338,parts_02.csv,3
AAD-339,parts_02.csv,2
AAD-340,parts_02.csv,3
AAD-341,parts_02.csv,1
AAD-342,parts_02.csv,1
AAD-343,parts_02.csv,1
AAD-344,parts_02.csv,1
AAD-345,parts_02.csv,1
AAD-346,parts_02.csv,1
AAD-347,parts_02.csv,1
AAD-348,parts_02.csv,1
AAD-349,parts_02.csv,1
AAD-350,parts_02.csv,1
AAD-399,parts_02.csv,2
AAD-400,parts_02.csv,2
AAD-401,parts_02.csv,2
AAD-402,parts_02.csv,4
AAD-403,parts_02.csv,4
AAD-404,parts_02.csv,4
AAD-405,parts_02.csv,4
AAD-406,parts_02.csv,4
AAD-407,parts_02.csv,2
AAD-417,parts_02.csv,5
AAD-418,parts_02.csv,2
AAD-457,parts_02.csv,1
AAD-458,parts_02.csv,1
AAD-459,parts_02.csv,1
AAD-460,parts_02.csv,1
AAD-461,parts_02.csv,1
AAD-462,parts_02.csv,1
AAD-463,parts_02.csv,1
AAD-464,parts_02.csv,1
AAD-466,parts_02.csv,1
AAD-467,parts_02.csv,1
AAD-469,parts_02.csv,1
AAD-470,parts_02.csv,1
AAD-471,parts_02.csv,1
AAD-472,parts_02.csv,1
AAD-473,parts_02.csv,1
AAD-474,parts_02.csv,1
AAD-475,parts_02.csv,1
AAD-476,parts_02.csv,1
AAD-480,parts_02.csv,2
AAD-481,parts_02.csv,1
AAD-482,parts_02.csv,1
AAD-484,parts_02.csv,3
AAD-544,parts_02.csv,3
AAD-545,parts_02.csv,1
AAD-546,parts_02.csv,2
AAD-547,parts_02.csv,1
AAD-548,parts_02.csv,1
AAD-549,parts_02.csv,1
AAD-550,parts_02.csv,1
AAD-551,parts_02.csv,1
AAD-552,parts_02.csv,1
AAD-553,parts_02.csv,1
AAD-555,parts_02.csv,1
AAD-556,parts_02.csv,1
AAD-559,parts_02.csv,1
AAD-572,parts_02.csv,1
AAD-573,parts_02.csv,1
AAD-574,parts_02.csv,1
AAD-578,parts_02.csv,1
AAD-579,parts_02.csv,1
AAD-580,parts_02.csv,1
AAD-581,parts_02.csv,1
AAD-582,parts_02.csv,1
AAD-583,parts_02.csv,1
AAD-584,parts_02.csv,1
AAD-585,parts_02.csv,2
AAD-589,parts_02.csv,1
AAD-605,parts_02.csv,1
AAD-606,parts_02.csv,1
AAD-607,parts_02.csv,1
AAD-608,parts_02.csv,1
AAD-634,parts_02.csv,8
AAD-635,parts_02.csv,8
AAD-636,parts_02.csv,8
AAD-637,parts_02.csv,8
AAD-645,parts_02.csv,1
AAD-646,parts_02.csv,1
AAD-658,parts_02.csv,1
AAD-659,parts_02.csv,1
AAD-674,parts_02.csv,1
AAD-675,parts_02.csv,1
AAD-676,parts_02.csv,1
AAD-677,parts_02.csv,2
AAD-679,parts_02.csv,1
AAD-680,parts_02.csv,1
AAD-681,parts_02.csv,1
AAD-682,parts_02.csv,1
AAD-683,parts_02.csv,1
AAD-684,parts_02.csv,1
AAD-685,parts_02.csv,1
AAD-686,parts_02.csv,1
AAD-691,parts_02.csv,1
AAD-692,parts_02.csv,1
AAD-693,parts_02.csv,1
AAD-694,parts_02.csv,1
AAD-697,parts_02.csv,1
AAD-700,parts_02.csv,1
AAD-701,parts_02.csv,1
AAD-702,parts_02.csv,1
AAD-703,parts_02.csv,1
AAD-704,parts_02.csv,1
AAD-705,parts_02.csv,1
AAD-711,parts_02.csv,1
AAD-750,parts_02.csv,1
AAD-753,parts_02.csv,1
AAD-778,parts_02.csv,1
AAD-851,parts_02.csv,2
AAD-852,parts_02.csv,2
AAD-853,parts_02.csv,2
AAD-855,parts_02.csv,2
AAD-856,parts_02.csv,2
AAD-858,parts_02.csv,1
AAD-859,parts_02.csv,2
AAD-860,parts_02.csv,2
AAD-861,parts_02.csv,1
AAD-862,parts_02.csv,1
AAD-864,parts_02.csv,1
AAD-866,parts_02.csv,1
AAD-867,parts_02.csv,1
AAD-868,parts_02.csv,1
AAD1018,parts_02.csv,5
AAD1038,parts_02.csv,1
AAD1039,parts_02.csv,1
AAD1072,parts_02.csv,2
AAD1170,parts_02.csv,2
AAD1343,parts_02.csv,1
AAD1370,parts_02.csv,1
AAD1371,parts_02.csv,1
AAE-001,parts_02.csv,1
AAE-002,parts_02.csv,1
AAE-007,parts_02.csv,9
AAE-008,parts_02.csv,4
AAE-010,parts_02.csv,1
AAE1014,parts_02.csv,2
AAE1015,parts_02.csv,1
AAE1016,parts_02.csv,2
AAE1017,parts_02.csv,1
AAF-002,parts_02.csv,2
AAF-004,parts_02.csv,1
AAF-007,parts_02.csv,4
AAF-011,parts_02.csv,2
AAF-013,parts_02.csv,1
AAF-020,parts_02.csv,7
AAF-024,parts_02.csv,1
AAF-025,parts_02.csv,4
AAF-028,parts_02.csv,2
AAF-031,parts_02.csv,3
AAF-032,parts_02.csv,1
AAF-036,parts_02.csv,3
AAF-040,parts_02.csv,1
AAF-046,parts_02.csv,3
AAF-048,parts_02.csv,2
AAF-051,parts_02.csv,2
AAF-054,parts_02.csv,2
AAF-065,parts_02.csv,3
AAF-074,parts_02.csv,4
AAF-117,parts_02.csv,1
AAF-118,parts_02.csv,1
AAG-003,parts_02.csv,2
AAG-005,parts_02.csv,1
AAG-018,parts_02.csv,1
AAG-023,parts_02.csv,1
AAG-027,parts_02.csv,1
AAG-029,parts_02.csv,1
AAG-031,parts_02.csv,1
AAG-035,parts_02.csv,1
AAG-036,parts_02.csv,1
AAG-038,parts_02.csv,1
AAG-039,parts_02.csv,1
AAG-045,parts_02.csv,2
AAG-046,parts_02.csv,1
AAG-047,parts_02.csv,1
AAG-048,parts_02.csv,1
AAG-050,parts_02.csv,1
AAG-055,parts_02.csv,1
AAG-057,parts_02.csv,1
AAG-063,parts_02.csv,1
AAG-072,parts_02.csv,1
AAG-074,parts_02.csv,1
AAG-075,parts_02.csv,1
AAG-076,parts_02.csv,1
AAG-079,parts_02.csv,1
AAG-081,parts_02.csv,1
AAG-083,parts_02.csv,1
AAG-089,parts_02.csv,1
AAG-090,parts_02.csv,1
AAG-094,parts_02.csv,1
AAG-105,parts_02.csv,2
AAG-106,parts_02.csv,1
AAG-107,parts_02.csv,1
AAG-113,parts_02.csv,1
AAG-114,parts_02.csv,1
AAG-116,parts_02.csv,1
AAG-117,parts_02.csv,1
AAG-130,parts_02.csv,1
AAG-131,parts_02.csv,1
AAG-144,parts_02.csv,1
AAG-148,parts_02.csv,1
AAG-158,parts_02.csv,2
AAG-160,parts_02.csv,4
AAG-161,parts_02.csv,1
AAG-162,parts_02.csv,1
AAG-167,parts_02.csv,1
AAG-170,parts_02.csv,1
AAG-171,parts_02.csv,1
AAG-172,parts_02.csv,1
AAG-237,parts_02.csv,1
AAH-008,parts_02.csv,1
AAH-020,parts_02.csv,1
AAH-021,parts_02.csv,1
AAK1046,parts_02.csv,1
AAK1047,parts_02.csv,1
AAK1062,parts_02.csv,1
AAK1280,parts_02.csv,2
AAK1281,parts_02.csv,6
AAK1314,parts_02.csv,2
AAK1333,parts_02.csv,1
AAK1478,parts_02.csv,1
AAK1480,parts_02.csv,1
AAK1488,parts_02.csv,1
AAK1496,parts_02.csv,1
AAK1523,parts_02.csv,3
AAK1551,parts_02.csv,5
AAK1588,parts_02.csv,3
AAL-047,parts_02.csv,1
AAL-048,parts_02.csv,1
AAL-118,parts_02.csv,1
AAL-119,parts_02.csv,1
AAL-138,parts_02.csv,1
AAL-139,parts_02.csv,1
AAL-141,parts_02.csv,1
AAL-142,parts_02.csv,1
AAL-154,parts_02.csv,1
AAL-159,parts_02.csv,1
AAL-168,parts_02.csv,1
AAL-169,parts_02.csv,1
AAL-180,parts_02.csv,1
AAL-183,parts_02.csv,1
AAL-185,parts_02.csv,1
AAL-186,parts_02.csv,1
AAL-188,parts_02.csv,1
AAL-200,parts_02.csv,1
AAL-201,parts_02.csv,1
AAL-202,parts_02.csv,1
AAL-203,parts_02.csv,1
AAL-204,parts_02.csv,1
AAL-205,parts_02.csv,1
AAL-208,parts_02.csv,1
AAL-209,parts_02.csv,1
AAL-210,parts_02.csv,1
AAL-211,parts_02.csv,1
AAL-212,parts_02.csv,1
AAL-213,parts_02.csv,1
AAL-218,parts_02.csv,1
AAL-219,parts_02.csv,1
AAL-220,parts_02.csv,1
AAL-224,parts_02.csv,1
AAM-003,parts_02.csv,9
AAM-030,parts_02.csv,1
AAN -002,parts_02.csv,1
AAN-001,parts_02.csv,1
AAN-028,parts_02.csv,3
AAN-029,parts_02.csv,4
AAN-047,parts_02.csv,1
AAP-022,parts_02.csv,1
AAT-025,parts_02.csv,1
AAT-026,parts_02.csv,1
AAT-027,parts_02.csv,2
AAT-028,parts_02.csv,2
AAT-036,parts_02.csv,1
AAT-037,parts_02.csv,1
AAT-043,parts_02.csv,1
AAT-483,parts_02.csv,1
AAV-001,parts_02.csv,1
AAV-002,parts_02.csv,2
AAV-003,parts_02.csv,2
AAV-004,parts_02.csv,3
AAV-007,parts_02.csv,3
AAV-008,parts_02.csv,1
AAV-009,parts_02.csv,3
AAV-010,parts_02.csv,1
AAV-012,parts_02.csv,1
AAV-014,parts_02.csv,2
AAV-017,parts_02.csv,1
AAV-021,parts_02.csv,1
AAV-022,parts_02.csv,1
AAV-301,parts_02.csv,2
AAV-302,parts_02.csv,1
AAV-303,parts_02.csv,1
AAV-304,parts_02.csv,1
AAV-305,parts_02.csv,2
AAV-306,parts_02.csv,1
AAV-307,parts_03.csv,1
AAV-311,parts_03.csv,2
AAV-312,parts_03.csv,2
AAV1016 (AAV1015),parts_03.csv,2
AAV1056,parts_03.csv,1
AAW-001,parts_03.csv,3
AAW-002,parts_03.csv,4
AAW-003,parts_03.csv,3
AAW-004,parts_03.csv,1
AAW-005,parts_03.csv,2
AAW-006,parts_03.csv,2
AAW-007,parts_03.csv,2
AAW-009,parts_03.csv,1
AAW-010,parts_03.csv,1
AAW-011,parts_03.csv,1
AAW-012,parts_03.csv,1
AAW-013,parts_03.csv,1
AAW-014,parts_03.csv,1
AAW-015,parts_03.csv,4
AAW-016,parts_03.csv,4
AAW-018,parts_03.csv,2
AAW-019,parts_03.csv,1
AAW-020,parts_03.csv,1
AAW-021,parts_03.csv,4
AAW-025,parts_03.csv,1
AAW-026,parts_03.csv,1
AAW-029,parts_03.csv,3
AAW-032,parts_03.csv,1
AAW-033,parts_03.csv,2
AAW-035,parts_03.csv,1
AAW-040,parts_03.csv,7
AAW-042,parts_03.csv,1
AAW-046,parts_03.csv,1
AAW-051,parts_03.csv,2
AAW-052,parts_03.csv,3
AAW-053,parts_03.csv,3
AAW-054,parts_03.csv,2
AAW-055,parts_03.csv,2
AAW-068,parts_03.csv,2
AAW-069,parts_03.csv,2
AAW-074,parts_03.csv,1
AAW-075,parts_03.csv,4
AAW-076,parts_03.csv,1
AAW-077,parts_03.csv,1
AAW-078,parts_03.csv,1
AAW-079,parts_03.csv,1
AAW-080,parts_03.csv,1
AAW-081,parts_03.csv,1
AAW-087,parts_03.csv,4
AAW-089,parts_03.csv,2
AAW-090,parts_03.csv,1
AAW-091,parts_03.csv,1
AAW-092,parts_03.csv,1
AAW-093,parts_03.csv,1
AAW-094,parts_03.csv,1
AAW-102,parts_03.csv,2
AAW-122,parts_03.csv,1
AAW-124,parts_03.csv,2
AAW-126,parts_03.csv,2
AAW-127,parts_03.csv,2
AAW-128,parts_03.csv,1
AAW-129,parts_03.csv,1
AAX-192,parts_03.csv,2
AAX-193,parts_03.csv,2
AAY-161,parts_03.csv,3
AAY-232,parts_03.csv,1
AAY-233,parts_03.csv,1
AAY-234,parts_03.csv,1
AAY-235,parts_03.csv,1
AAY-236,parts_03.csv,1
AAY-237,parts_03.csv,1
AAY-238,parts_03.csv,1
AAY-239,parts_03.csv,1
AAY-240,parts_03.csv,1
AAY-244,parts_03.csv,1
AAY-245,parts_03.csv,1
AAY-246,parts_03.csv,1
AAY-247,parts_03.csv,1
AAY-248,parts_03.csv,1
AAY-249,parts_03.csv,1
AAY-250,parts_03.csv,1
AAY-251,parts_03.csv,1
AAY-252,parts_03.csv,1
AAY-277,parts_03.csv,1
AAY-404,parts_03.csv,1
AB1016,parts_03.csv,1
ABA-001,parts_03.csv,1
ABA-002,parts_03.csv,1
ABA-003,parts_03.csv,3
ABA-004,parts_03.csv,1
ABA-010,parts_03.csv,23
ABA-011,parts_03.csv,5
ABA-012,parts_03.csv,5
ABA-013,parts_03.csv,1
ABA-016,parts_03.csv,1
ABA-017,parts_03.csv,1
ABA-018,parts_03.csv,1
ABA-021,parts_03.csv,1
ABA-025,parts_03.csv,1
ABA-034,parts_03.csv,1
ABA-048,parts_03.csv,3
ABA-049,parts_03.csv,2
ABA-050,parts_03.csv,1
ABA-065,parts_03.csv,1
ABA-069,parts_03.csv,1
ABA-071,parts_03.csv,1
ABA-076,parts_03.csv,1
ABA-078,parts_03.csv,1
ABA-079,parts_03.csv,7
ABA-082,parts_03.csv,2
ABA-083,parts_03.csv,1
ABA-100,parts_03.csv,1
ABA-115,parts_03.csv,4
ABA-140,parts_03.csv,1
ABA-176,parts_03.csv,7
ABA-180,parts_03.csv,1
ABA-187,parts_03.csv,1
ABA-193,parts_03.csv,3
ABA-204,parts_03.csv,2
ABA-206,parts_03.csv,3
ABA-214,parts_03.csv,2
ABA-228,parts_03.csv,2
ABA-234,parts_03.csv,1
ABA-252,parts_03.csv,1
ABA-258,parts_03.csv,4
ABA-261,parts_03.csv,2
ABA-283,parts_03.csv,2
ABE-001,parts_03.csv,3
ABE-005,parts_03.csv,1
ABE-006,parts_03.csv,1
ABE-035,parts_03.csv,1
ABE-072,parts_03.csv,1
ABF-003,parts_03.csv,1
ABH-043,parts_03.csv,1
ABH-045,parts_03.csv,2
ABH-052,parts_03.csv,1
ABH-058,parts_03.csv,1
ABH-069,parts_03.csv,3
ABH-070,parts_03.csv,1
ABH-088,parts_03.csv,4
ABH-091,parts_03.csv,2
ABH-092,parts_03.csv,1
ABH-093,parts_03.csv,1
ABH-095,parts_03.csv,1
ABH-099,parts_03.csv,2
ABH-100,parts_03.csv,1
ABH-102,parts_03.csv,1
ABH-134,parts_03.csv,1
ABH-135,parts_03.csv,2
ABH-159,parts_03.csv,1
ABH-169,parts_03.csv,1
ABH-230,parts_03.csv,1
ABH1021,parts_03.csv,2
ABH1036,parts_03.csv,1
ABK-003,parts_03.csv,1
ABL-069,parts_03.csv,1
ABN-009,parts_03.csv,1
ABN-018,parts_03.csv,2
ABN-024,parts_03.csv,12
ABN-025,parts_03.csv,2
ABN-028,parts_03.csv,6
ABN-046,parts_03.csv,2
ABN-047,parts_03.csv,4
ABN-048,parts_03.csv,5
ABN-049,parts_03.csv,1
ABN-050,parts_03.csv,1
ABN-066,parts_03.csv,1
ABN-074,parts_03.csv,2
ABN-075,parts_03.csv,2
ABN-080,parts_03.csv,1
ABN-082,parts_03.csv,1
AC6433,parts_03.csv,1
ACE -001,parts_03.csv,1
ACE-001,parts_03.csv,6
ACE-002,parts_03.csv,5
ACE-003,parts_03.csv,1
ACE-004,parts_03.csv,1
ACE-214,parts_03.csv,5
ACE-215,parts_03.csv,16
ACE-216,parts_03.csv,1
ACE-327,parts_03.csv,1
ACE-506,parts_03.csv,1
ACG-001,parts_03.csv,125
ACG-002,parts_03.csv,3
ACG-003,parts_03.csv,48
ACG-004,parts_03.csv,2
ACG-009,parts_03.csv,6
ACG-014,parts_03.csv,5
ACG-017,parts_03.csv,15
ACG-019,parts_03.csv,1
ACG-501,parts_03.csv,2
ACG-502,parts_03.csv,13
ACH 001,parts_03.csv,1
ACH-001,parts_03.csv,6
ACH-003,parts_03.csv,2
ACH-005,parts_03.csv,1
ACH-007,parts_03.csv,1
ACH-008,parts_03.csv,2
ACH-011,parts_03.csv,3
ACH-014,parts_03.csv,5
ACH-015,parts_03.csv,5
ACH-016,parts_03.csv,4
ACH-017,parts_03.csv,1
ACH-018,parts_03.csv,2
ACH-019,parts_03.csv,6
ACH-020,parts_03.csv,2
ACH-022,parts_03.csv,1
ACH-028,parts_03.csv,2
ACH-029,parts_03.csv,10
ACH-035,parts_03.csv,3
ACH-037,parts_03.csv,2
ACH-040,parts_03.csv,1
ACH-041,parts_03.csv,3
ACH-042,parts_03.csv,1
ACH-043,parts_03.csv,1
ACH-046,parts_03.csv,1
ACH-047,parts_03.csv,5
ACH-048,parts_03.csv,1
ACH-052,parts_03.csv,4
ACH-055,parts_03.csv,2
ACH-056,parts_03.csv,7
ACH-057,parts_03.csv,3
ACH-058,parts_03.csv,1
ACH-059,parts_03.csv,2
ACH-062,parts_03.csv,1
ACH-064,parts_03.csv,6
ACH-065,parts_03.csv,4
ACH-068,parts_03.csv,3
ACH-071,parts_03.csv,2
ACH-073,parts_03.csv,1
ACH-082,parts_03.csv,6
ACH-083,parts_03.csv,4
ACH-084,parts_03.csv,4
ACH-085,parts_03.csv,2
ACH-089,parts_03.csv,4
ACH-093,parts_03.csv,1
ACH-094,parts_03.csv,1
ACH-095,parts_03.csv,1
ACH-106,parts_03.csv,1
ACH-107,parts_03.csv,1
ACH-202,parts_03.csv,1
ACH-209,parts_03.csv,3
ACH-210,parts_03.csv,3
ACH-211,parts_03.csv,1
ACH-212,parts_03.csv,1
ACH-215,parts_03.csv,2
ACH-217,parts_03.csv,1
ACH-218,parts_03.csv,1
ACH-224,parts_03.csv,1
ACH-230,parts_03.csv,1
ACH-238,parts_03.csv,4
ACH-239,parts_03.csv,1
ACH-247,parts_03.csv,1
ACH-254,parts_03.csv,1
ACH-255,parts_03.csv,1
ACH-256,parts_03.csv,1
ACH-257,parts_03.csv,1
ACH-259,parts_03.csv,2
ACH-260,parts_03.csv,2
ACH-263,parts_03.csv,1
ACH-264,parts_03.csv,1
ACH-268,parts_03.csv,2
ACH-269,parts_03.csv,2
ACH-389,parts_03.csv,1
ACH1045,parts_03.csv,2
ACH1046,parts_03.csv,1
ACK-005,parts_03.csv,2
ACK-012,parts_03.csv,7
ACK-015,parts_03.csv,1
ACK-016,parts_03.csv,2
ACK-022,parts_03.csv,3
ACK-027,parts_03.csv,1
ACL-001,parts_03.csv,1
ACN-003,parts_03.csv,2
ACN-020,parts_03.csv,1
ACN-022,parts_03.csv,2
ACN-026,parts_03.csv,1
ACN-027,parts_03.csv,1
ACN-029,parts_03.csv,7
ACN-031,parts_03.csv,3
ACN-039,parts_03.csv,1
ACN-044,parts_03.csv,1
ACN-064,parts_03.csv,1
ACN-115,parts_03.csv,1
ACN-116,parts_03.csv,2
ACN-117,parts_03.csv,2
ACN-130,parts_03.csv,2
ACN-131,parts_03.csv,2
ACN-139,parts_03.csv,2
ACN-140,parts_03.csv,1
ACN-144,parts_03.csv,2
ACN-146,parts_03.csv,2
ACN-147,parts_03.csv,1
ACN-190,parts_03.csv,1
ACP-025,parts_03.csv,2
ACP-033,parts_03.csv,1
ACP-056,parts_03.csv,1
ACP-057,parts_03.csv,1
ACP-078,parts_03.csv,1
ACS1061,parts_03.csv,1
ACS1062,parts_03.csv,1
ACT-001,parts_03.csv,4
ACT-002,parts_03.csv,4
ACT-003,parts_03.csv,2
ACT-008,parts_03.csv,5
ACT-009,parts_03.csv,8
ACT-019,parts_03.csv,4
ACT-021,parts_03.csv,4
ACT-022,parts_03.csv,4
ACT-023,parts_03.csv,5
ACT-027,parts_03.csv,1
ACT-028,parts_03.csv,2
ACT-102,parts_03.csv,4
ACT-103,parts_03.csv,2
ACT-104,parts_03.csv,3
ACT-105,parts_03.csv,2
ACT-108,parts_03.csv,1
ACT-112,parts_03.csv,3
ACT-117,parts_03.csv,11
ACT-118,parts_03.csv,8
ACT-121,parts_03.csv,2
ACT-122,parts_03.csv,1
ACT-123,parts_03.csv,1
ACT-126,parts_03.csv,3
ACT-127,parts_03.csv,7
ACT-128,parts_03.csv,9
ACT-129,parts_03.csv,5
ACT-130,parts_03.csv,1
ACT-132,parts_03.csv,1
ACT-133,parts_03.csv,1
ACT-134,parts_03.csv,2
ACT-135,parts_03.csv,1
ACT-136,parts_03.csv,1
ACT-138,parts_03.csv,2
ACT-139,parts_03.csv,2
ACT-140,parts_03.csv,9
ACT-143,parts_03.csv,2
ACT-144,parts_03.csv,2
ACT-145,parts_03.csv,1
ACT-148,parts_03.csv,1
ACT-149,parts_03.csv,5
ACT-162,parts_03.csv,1
ACT-163,parts_03.csv,2
ACT-166,parts_03.csv,1
ACT-168,parts_03.csv,4
ACT-169,parts_03.csv,4
ACT-170,parts_03.csv,4
ACT-171,parts_03.csv,4
ACT-177,parts_03.csv,2
ACT-179,parts_03.csv,3
ACT-180,parts_03.csv,1
ACT-184,parts_03.csv,1
ACT-185,parts_03.csv,1
ACT-187,parts_03.csv,1
ACT-189,parts_03.csv,1
ACT-190,parts_03.csv,2
ACT-200,parts_03.csv,1
ACT-209,parts_03.csv,1
ACT-210,parts_03.csv,1
ACT-301,parts_03.csv,2
ACT-302,parts_03.csv,1
ACT-304,parts_03.csv,2
ACT-305,parts_04.csv,1
ACT-501,parts_04.csv,2
ACT-502,parts_04.csv,2
ACT-503,parts_04.csv,1
ACT-507,parts_04.csv,1
ACT-602,parts_04.csv,1
ACT-706,parts_04.csv,1
ACT1053,parts_04.csv,1
ACT1054,parts_04.csv,1
ACU1017,parts_04.csv,2
ACV -013,parts_04.csv,1
ACV 199,parts_04.csv,1
ACV-001,parts_04.csv,1
ACV-002,parts_04.csv,2
ACV-003,parts_04.csv,2
ACV-004,parts_04.csv,8
ACV-005,parts_04.csv,8
ACV-007,parts_04.csv,8
ACV-008,parts_04.csv,3
ACV-009,parts_04.csv,4
ACV-011,parts_04.csv,1
ACV-013,parts_04.csv,1
ACV-014,parts_04.csv,4
ACV-017,parts_04.csv,4
ACV-019,parts_04.csv,1
ACV-020,parts_04.csv,1
ACV-021,parts_04.csv,2
ACV-103,parts_04.csv,2
ACV-104,parts_04.csv,2
ACV-105,parts_04.csv,3
ACV-106,parts_04.csv,1
ACV-109,parts_04.csv,2
ACV-110,parts_04.csv,19
ACV-111,parts_04.csv,4
ACV-112,parts_04.csv,1
ACV-113,parts_04.csv,5
ACV-115,parts_04.csv,1
ACV-117,parts_04.csv,1
ACV-118,parts_04.csv,2
ACV-119,parts_04.csv,1
ACV-122,parts_04.csv,2
ACV-124,parts_04.csv,1
ACV-125,parts_04.csv,1
ACV-126,parts_04.csv,2
ACV-130,parts_04.csv,2
ACV-131,parts_04.csv,2
ACV-132,parts_04.csv,2
ACV-133,parts_04.csv,2
ACV-134,parts_04.csv,4
ACV-135,parts_04.csv,11
ACV-136,parts_04.csv,17
ACV-137,parts_04.csv,2
ACV-138,parts_04.csv,7
ACV-139,parts_04.csv,2
ACV-143,parts_04.csv,5
ACV-144,parts_04.csv,2
ACV-145,parts_04.csv,2
ACV-146,parts_04.csv,2
ACV-148,parts_04.csv,1
ACV-149,parts_04.csv,1
ACV-150,parts_04.csv,1
ACV-151,parts_04.csv,1
ACV-152,parts_04.csv,1
ACV-154,parts_04.csv,2
ACV-155,parts_04.csv,3
ACV-159,parts_04.csv,1
ACV-160,parts_04.csv,1
ACV-161,parts_04.csv,6
ACV-162,parts_04.csv,3
ACV-163,parts_04.csv,4
ACV-164,parts_04.csv,2
ACV-165,parts_04.csv,2
ACV-166,parts_04.csv,2
ACV-167,parts_04.csv,2
ACV-168,parts_04.csv,2
ACV-169,parts_04.csv,2
ACV-171,parts_04.csv,2
ACV-172,parts_04.csv,2
ACV-173,parts_04.csv,1
ACV-174,parts_04.csv,1
ACV-175,parts_04.csv,1
ACV-176,parts_04.csv,1
ACV-177,parts_04.csv,1
ACV-178,parts_04.csv,2
ACV-179,parts_04.csv,2
ACV-180,parts_04.csv,2
ACV-181,parts_04.csv,4
ACV-182,parts_04.csv,2
ACV-184,parts_04.csv,7
ACV-186,parts_04.csv,3
ACV-187,parts_04.csv,3
ACV-190,parts_04.csv,4
ACV-191,parts_04.csv,1
ACV-193,parts_04.csv,1
ACV-194,parts_04.csv,1
ACV-195 (ACV-193),parts_04.csv,1
ACV-196 (ACV-194),parts_04.csv,1
ACV-198,parts_04.csv,2
ACV-199,parts_04.csv,1
ACV-201,parts_04.csv,1
ACV-202,parts_04.csv,3
ACV-202 A,parts_04.csv,1
ACV-301,parts_04.csv,1
ACV-302,parts_04.csv,2
ACV-303,parts_04.csv,3
ACV-304,parts_04.csv,2
ACV-305,parts_04.csv,1
ACV-306,parts_04.csv,2
ACV-307,parts_04.csv,1
ACV-308,parts_04.csv,1
ACV-310,parts_04.csv,2
ACV-311,parts_04.csv,2
ACV-314,parts_04.csv,1
ACV-315,parts_04.csv,1
ACV-401,parts_04.csv,4
ACV-402,parts_04.csv,1
ACV-403,parts_04.csv,1
ACV-407,parts_04.csv,2
ACV-410,parts_04.csv,1
ACV-506,parts_04.csv,2
ACV-507,parts_04.csv,1
ACV-508,parts_04.csv,1
ACV-701,parts_04.csv,1
ACV-702,parts_04.csv,1
ACV-706,parts_04.csv,1
ACW-101 (ACV-165),parts_04.csv,2
ACW-102 (ACV-166),parts_04.csv,2
ACW-103 (ACV-167),parts_04.csv,2
ACW-104 (ACV-168),parts_04.csv,2
ACW-109,parts_04.csv,1
ACW-110,parts_04.csv,1
ACW-111,parts_04.csv,1
ACW-112,parts_04.csv,1
ACW-113,parts_04.csv,2
ACW-116 (ACV-162),parts_04.csv,2
ACW-117,parts_04.csv,1
ACW-119,parts_04.csv,1
ACW-128,parts_04.csv,1
ACW-129,parts_04.csv,1
ACW-131,parts_04.csv,1
ACW-132,parts_04.csv,3
ACW-136,parts_04.csv,1
ACW-304,parts_04.csv,1
ACW-501,parts_04.csv,1
ACW-502,parts_04.csv,1
ACW1007,parts_04.csv,1
ACW1008,parts_04.csv,1
ACX-004,parts_04.csv,1
ACX-005,parts_04.csv,3
ACX-017,parts_04.csv,1
ACX-107,parts_04.csv,2
ACX-109,parts_04.csv,2
ACX-117,parts_04.csv,1
ACX-122,parts_04.csv,2
ACX-137,parts_04.csv,2
ACX-201,parts_04.csv,4
ACX1045,parts_04.csv,1
ADD-040,parts_04.csv,1
ADD-082,parts_04.csv,1
ADD-584,parts_04.csv,1
ADE-001,parts_04.csv,2
ADE-002,parts_04.csv,4
ADE-005,parts_04.csv,16
ADE-015,parts_04.csv,4
ADE-051,parts_04.csv,1
ADE-072,parts_04.csv,4
ADE-073,parts_04.csv,4
ADE-074,parts_04.csv,1
ADF-124,parts_04.csv,1
ADF-125,parts_04.csv,3
ADG-002,parts_04.csv,7
ADG-003,parts_04.csv,15
ADG-004,parts_04.csv,20
ADG-0040,parts_04.csv,1
ADG-005,parts_04.csv,28
ADG-010,parts_04.csv,2
ADG-011,parts_04.csv,4
ADG-013,parts_04.csv,8
ADG-015,parts_04.csv,6
ADG-016,parts_04.csv,7
ADG-017,parts_04.csv,5
ADG-023,parts_04.csv,24
ADG-023 (ADG-022),parts_04.csv,1
ADG-029,parts_04.csv,4
ADG-032,parts_04.csv,1
ADG-033,parts_04.csv,1
ADG-041,parts_04.csv,11
ADG-043,parts_04.csv,2
ADG-046,parts_04.csv,6
ADG-049,parts_04.csv,4
ADG-051,parts_04.csv,10
ADG-052,parts_04.csv,19
ADG-054,parts_04.csv,1
ADG-060,parts_04.csv,13
ADG-062,parts_04.csv,2
ADG-063,parts_04.csv,6
ADG-064,parts_04.csv,6
ADG-065,parts_04.csv,4
ADG-067,parts_04.csv,2
ADG-068,parts_04.csv,6
ADG-069,parts_04.csv,1
ADG-071,parts_04.csv,1
ADG-072,parts_04.csv,3
ADG-073,parts_04.csv,10
ADG-087,parts_04.csv,2
ADG-088,parts_04.csv,4
ADG-089,parts_04.csv,2
ADG-096,parts_04.csv,2
ADG-097,parts_04.csv,1
ADG1015,parts_04.csv,6
ADG1022,parts_04.csv,3
ADG1036,parts_04.csv,1
ADG1051,parts_04.csv,1
ADG1076,parts_04.csv,1
ADG1077,parts_04.csv,1
ADH -005,parts_04.csv,1
ADH-002,parts_04.csv,14
ADH-004,parts_04.csv,15
ADH-005,parts_04.csv,5
ADK-084,parts_04.csv,1
ADX-004,parts_04.csv,1
ADX-005,parts_04.csv,1
AE4102,parts_04.csv,1
AEA-054,parts_04.csv,1
AEB-002,parts_04.csv,1
AEB-014,parts_04.csv,1
AEB-018,parts_04.csv,2
AEB-019,parts_04.csv,22
AEB-021,parts_04.csv,1
AEB-030,parts_04.csv,2
AEB-031,parts_04.csv,4
AEB-034,parts_04.csv,2
AEB-040,parts_04.csv,1
AEB-042,parts_04.csv,3
AEB-043,parts_04.csv,3
AEB-044,parts_04.csv,3
AEB-048,parts_04.csv,1
AEB-051,parts_04.csv,1
AEB-057,parts_04.csv,5
AEB-058,parts_04.csv,1
AEB-060,parts_04.csv,2
AEB-062,parts_04.csv,1
AEB-064,parts_04.csv,1
AEB-065,parts_04.csv,1
AEB-066,parts_04.csv,1
AEB-068,parts_04.csv,1
AEB-075,parts_04.csv,3
AEB-077,parts_04.csv,2
AEB-091,parts_04.csv,1
AEB-092,parts_04.csv,2
AEB-100,parts_04.csv,1
AEB-106,parts_04.csv,1
AEB-116,parts_04.csv,1
AEB-151,parts_04.csv,1
AEB-257,parts_04.csv,1
AEC- 510,parts_04.csv,1
AEC-004,parts_04.csv,21
AEC-005,parts_04.csv,19
AEC-006,parts_04.csv,17
AEC-007,parts_04.csv,6
AEC-009,parts_04.csv,1
AEC-012,parts_04.csv,10
AEC-014,parts_04.csv,1
AEC-017,parts_04.csv,6
AEC-024,parts_04.csv,3
AEC-027,parts_04.csv,10
AEC-031,parts_04.csv,2
AEC-032,parts_04.csv,2
AEC-036,parts_04.csv,4
AEC-037,parts_04.csv,11
AEC-043,parts_04.csv,1
AEC-057,parts_04.csv,4
AEC-058,parts_04.csv,6
AEC-061,parts_04.csv,9
AEC-063,parts_04.csv,1
AEC-064,parts_04.csv,6
AEC-069,parts_04.csv,1
AEC-070,parts_04.csv,1
AEC-076,parts_04.csv,2
AEC-079,parts_04.csv,30
AEC-083,parts_04.csv,11
AEC-084,parts_04.csv,3
AEC-085,parts_04.csv,6
AEC-086,parts_04.csv,2
AEC-089,parts_04.csv,2
AEC-090,parts_04.csv,3
AEC-095,parts_04.csv,2
AEC-096,parts_04.csv,2
AEC-097,parts_04.csv,1
AEC-099,parts_04.csv,20
AEC-101,parts_04.csv,16
AEC-110,parts_05.csv,4
AEC-111,parts_05.csv,2
AEC-116,parts_05.csv,4
AEC-119,parts_05.csv,3
AEC-120,parts_05.csv,3
AEC-121,parts_05.csv,3
AEC-131,parts_05.csv,1
AEC-136,parts_05.csv,1
AEC-137,parts_05.csv,1
AEC-138,parts_05.csv,1
AEC-139,parts_05.csv,1
AEC-149,parts_05.csv,1
AEC-151,parts_05.csv,2
AEC-152,parts_05.csv,6
AEC-153,parts_05.csv,7
AEC-154,parts_05.csv,6
AEC-160,parts_05.csv,4
AEC-163,parts_05.csv,1
AEC-164,parts_05.csv,2
AEC-166,parts_05.csv,1
AEC-168,parts_05.csv,1
AEC-170,parts_05.csv,1
AEC-173,parts_05.csv,1
AEC-178,parts_05.csv,8
AEC-181,parts_05.csv,1
AEC-182,parts_05.csv,1
AEC-183,parts_05.csv,1
AEC-191,parts_05.csv,1
AEC-192,parts_05.csv,1
AEC-193,parts_05.csv,1
AEC-199,parts_05.csv,2
AEC-209,parts_05.csv,1
AEC-240,parts_05.csv,2
AEC-241,parts_05.csv,1
AEC-249,parts_05.csv,2
AEC-251,parts_05.csv,2
AEC-254,parts_05.csv,1
AEC-255,parts_05.csv,1
AEC-256,parts_05.csv,2
AEC-260,parts_05.csv,1
AEC-262,parts_05.csv,3
AEC-264,parts_05.csv,1
AEC-279,parts_05.csv,8
AEC-288,parts_05.csv,2
AEC-294,parts_05.csv,11
AEC-296,parts_05.csv,1
AEC-318,parts_05.csv,1
AEC-327,parts_05.csv,27
AEC-337,parts_05.csv,1
AEC-351,parts_05.csv,4
AEC-352,parts_05.csv,4
AEC-355,parts_05.csv,1
AEC-358,parts_05.csv,3
AEC-365,parts_05.csv,5
AEC-379,parts_05.csv,2
AEC-383,parts_05.csv,2
AEC-384,parts_05.csv,2
AEC-385,parts_05.csv,1
AEC-410,parts_05.csv,1
AEC-426,parts_05.csv,1
AEC-434,parts_05.csv,1
AEC-441,parts_05.csv,2
AEC-446,parts_05.csv,1
AEC-451,parts_05.csv,1
AEC-452,parts_05.csv,1
AEC-471,parts_05.csv,4
AEC-485,parts_05.csv,2
AEC-488,parts_05.csv,3
AEC-510,parts_05.csv,2
AEC-525,parts_05.csv,2
AEC-527,parts_05.csv,1
AEC-546,parts_05.csv,1
AEC-554,parts_05.csv,1
AEC-558,parts_05.csv,2
AEC-564,parts_05.csv,3
AEC-565,parts_05.csv,1
AEC-570,parts_05.csv,1
AEC-579,parts_05.csv,1
AEC-609,parts_05.csv,3
AEC-613,parts_05.csv,4
AEC-672,parts_05.csv,5
AEC-702,parts_05.csv,2
AEC-716,parts_05.csv,2
AEC-743,parts_05.csv,1
AEC-782,parts_05.csv,1
AEC-783,parts_05.csv,1
AEC-784,parts_05.csv,6
AEC-800,parts_05.csv,3
AEC-818,parts_05.csv,1
AEC-838,parts_05.csv,2
AEC-847,parts_05.csv,2
AEC-875,parts_05.csv,1
AEC-882,parts_05.csv,5
AEC-903,parts_05.csv,1
AEC-936,parts_05.csv,1
AEC-982,parts_05.csv,4
AED-018,parts_05.csv,7
AED-01B,parts_05.csv,1
AED-025,parts_05.csv,1
AED-036,parts_05.csv,1
AEE-007,parts_05.csv,1
AEE-008,parts_05.csv,1
AEE-009,parts_05.csv,1
AEF-002,parts_05.csv,3
AEF-004,parts_05.csv,1
AEK- 405,parts_05.csv,1
AEK- 512,parts_05.csv,1
AEK-003,parts_05.csv,3
AEK-004,parts_05.csv,7
AEK-005,parts_05.csv,1
AEK-008,parts_05.csv,4
AEK-009,parts_05.csv,10
AEK-013,parts_05.csv,1
AEK-014,parts_05.csv,2
AEK-015,parts_05.csv,1
AEK-016,parts_05.csv,12
AEK-017,parts_05.csv,19
AEK-018,parts_05.csv,3
AEK-019,parts_05.csv,3
AEK-020,parts_05.csv,2
AEK-021,parts_05.csv,2
AEK-022,parts_05.csv,5
AEK-024,parts_05.csv,4
AEK-025,parts_05.csv,1
AEK-028,parts_05.csv,1
AEK-031,parts_05.csv,6
AEK-033,parts_05.csv,1
AEK-034,parts_05.csv,1
AEK-035,parts_05.csv,1
AEK-036,parts_05.csv,1
AEK-037,parts_05.csv,6
AEK-039,parts_05.csv,1
AEK-040,parts_05.csv,1
AEK-042,parts_05.csv,15
AEK-100,parts_05.csv,30
AEK-101,parts_05.csv,27
AEK-102,parts_05.csv,7
AEK-103,parts_05.csv,20
AEK-104,parts_05.csv,26
AEK-106,parts_05.csv,74
AEK-107,parts_05.csv,42
AEK-108,parts_05.csv,28
AEK-109,parts_05.csv,18
AEK-110,parts_05.csv,4
AEK-111,parts_05.csv,17
AEK-113,parts_05.csv,2
AEK-114,parts_05.csv,2
AEK-118,parts_05.csv,3
AEK-119,parts_05.csv,3
AEK-121,parts_05.csv,2
AEK-122,parts_05.csv,1
AEK-123,parts_05.csv,9
AEK-124,parts_05.csv,14
AEK-125,parts_05.csv,3
AEK-126,parts_05.csv,2
AEK-136,parts_05.csv,1
AEK-200,parts_05.csv,2
AEK-202,parts_05.csv,1
AEK-205,parts_05.csv,1
AEK-300,parts_05.csv,2
AEK-301,parts_05.csv,5
AEK-302,parts_05.csv,2
AEK-303,parts_05.csv,1
AEK-304,parts_05.csv,4
AEK-305,parts_05.csv,1
AEK-306,parts_05.csv,1
AEK-308,parts_05.csv,4
AEK-309,parts_05.csv,7
AEK-400,parts_05.csv,8
AEK-401,parts_05.csv,13
AEK-402,parts_05.csv,12
AEK-403,parts_05.csv,22
AEK-404,parts_05.csv,3
AEK-405,parts_05.csv,9
AEK-406,parts_05.csv,5
AEK-407,parts_05.csv,6
AEK-408,parts_05.csv,5
AEK-409,parts_05.csv,1
AEK-505,parts_05.csv,1
AEK-511,parts_05.csv,1
AEK-512,parts_05.csv,1
AEK-I06,parts_05.csv,2
AEK1002,parts_05.csv,1
AEL-001,parts_05.csv,2
AEL-002,parts_05.csv,1
AEL-004,parts_05.csv,2
AEL-006,parts_05.csv,7
AEL-007,parts_05.csv,23
AEL-011,parts_05.csv,1
AEL-012,parts_05.csv,1
AEL-014,parts_05.csv,8
AEL-015,parts_05.csv,26
AEL-017,parts_05.csv,2
AEL-019,parts_05.csv,2
AEL-020,parts_05.csv,1
AEL-022,parts_05.csv,10
AEL-023,parts_05.csv,5
AEL-025,parts_05.csv,8
AEL-026,parts_05.csv,3
AEL-029,parts_05.csv,30
AEL-042,parts_05.csv,3
AEL-044,parts_05.csv,1
AEL-047,parts_05.csv,7
AEL-051,parts_05.csv,2
AEL-056,parts_05.csv,17
AEL-057,parts_05.csv,1
AEL-058,parts_05.csv,7
AEL-059,parts_06.csv,2
AEL-060,parts_06.csv,16
AEL-061,parts_06.csv,3
AEL-062,parts_06.csv,3
AEL-063,parts_06.csv,1
AEL-064,parts_06.csv,1
AEL-065,parts_06.csv,2
AEL-066,parts_06.csv,1
AEL-067,parts_06.csv,14
AEL-068,parts_06.csv,1
AEL-069,parts_06.csv,22
AEL-070,parts_06.csv,1
AEL-072,parts_06.csv,14
AEL-073,parts_06.csv,8
AEL-074,parts_06.csv,6
AEL-075,parts_06.csv,19
AEL-076,parts_06.csv,4
AEL-077,parts_06.csv,1
AEL-079,parts_06.csv,3
AEL-080,parts_06.csv,3
AEL-081,parts_06.csv,1
AEL-082,parts_06.csv,1
AEL-085,parts_06.csv,3
AEL-093,parts_06.csv,5
AEL-095,parts_06.csv,3
AEL-097,parts_06.csv,1
AEL-098,parts_06.csv,1
AEL-099,parts_06.csv,2
AEL-101,parts_06.csv,6
AEL-103,parts_06.csv,1
AEL-114,parts_06.csv,1
AEL-119,parts_06.csv,4
AEL-126,parts_06.csv,1
AEL-140,parts_06.csv,5
AEL-141,parts_06.csv,1
AEL-142,parts_06.csv,1
AEL-145,parts_06.csv,1
AEL-150,parts_06.csv,1
AEL-152,parts_06.csv,1
AEL-153,parts_06.csv,1
AEL-157,parts_06.csv,2
AEL-161,parts_06.csv,1
AEL-165,parts_06.csv,2
AEL-169,parts_06.csv,1
AEL-171,parts_06.csv,1
AEL-172,parts_06.csv,1
AEL-175,parts_06.csv,1
AEL-305,parts_06.csv,1
AEL-307,parts_06.csv,17
AEL-308,parts_06.csv,7
AEL-309,parts_06.csv,2
AEL-310,parts_06.csv,1
AEL-315,parts_06.csv,2
AEL-316,parts_06.csv,1
AEL-318,parts_06.csv,1
AEL-319,parts_06.csv,2
AEL-320,parts_06.csv,2
AEL-322,parts_06.csv,1
AEL-324,parts_06.csv,10
AEL-325,parts_06.csv,10
AEL-334,parts_06.csv,2
AEL-343,parts_06.csv,1
AEL-346,parts_06.csv,3
AEL-351,parts_06.csv,3
AEL-352,parts_06.csv,1
AEL-353,parts_06.csv,1
AEL-354,parts_06.csv,1
AEL-355,parts_06.csv,1
AEL-357,parts_06.csv,1
AEL-365,parts_06.csv,4
AEL-369,parts_06.csv,6
AEL-370,parts_06.csv,6
AEL-371,parts_06.csv,1
AEL-372,parts_06.csv,2
AEL-376,parts_06.csv,2
AEL-377,parts_06.csv,2
AEL-378,parts_06.csv,3
AEL-379,parts_06.csv,1
AEL-382,parts_06.csv,5
AEL-383,parts_06.csv,11
AEL-388,parts_06.csv,9
AEL-391,parts_06.csv,1
AEL-392,parts_06.csv,1
AEL-395,parts_06.csv,1
AEL-398,parts_06.csv,1
AEL-404,parts_06.csv,9
AEL-405,parts_06.csv,1
AEL-406,parts_06.csv,1
AEL-407,parts_06.csv,1
AEL-420,parts_06.csv,2
AEL-423,parts_06.csv,1
AEL-424,parts_06.csv,2
AEL-426,parts_06.csv,1
AEL-434,parts_06.csv,1
AEL-435,parts_06.csv,1
AEL-443,parts_06.csv,2
AEL-450,parts_06.csv,2
AEL1009,parts_06.csv,1
AEL1015,parts_06.csv,1
AEO-116,parts_06.csv,1
AEP-007,parts_06.csv,1
AEP-016,parts_06.csv,1
AEP-194,parts_06.csv,5
AEP-210,parts_06.csv,1
AEP-211,parts_06.csv,2
AEP-251,parts_06.csv,3
AEP-313,parts_06.csv,1
AEX-001,parts_06.csv,3
AEX-002,parts_06.csv,1
AEX-004,parts_06.csv,1
AEX-008,parts_06.csv,1
AEX-011,parts_06.csv,1
AFG-073,parts_06.csv,1
AHA-002,parts_06.csv,2
AHA-003,parts_06.csv,2
AHA-004,parts_06.csv,1
AHA-005,parts_06.csv,2
AHA-006,parts_06.csv,2
AHA-007,parts_06.csv,3
AHA-012,parts_06.csv,2
AHA-013,parts_06.csv,2
AHA-015,parts_06.csv,1
AHA-019,parts_06.csv,2
AHA-023,parts_06.csv,1
AHA-024,parts_06.csv,1
AHA-029,parts_06.csv,2
AHA-031,parts_06.csv,1
AHA-035,parts_06.csv,1
AHA-036,parts_06.csv,1
AHA-038,parts_06.csv,1
AHA-039,parts_06.csv,1
AHA-040,parts_06.csv,1
AHA-041,parts_06.csv,1
AHA-050,parts_06.csv,1
AHA-051,parts_06.csv,1
AHA-066,parts_06.csv,1
AHA-068,parts_06.csv,1
AHA-069,parts_06.csv,1
AHA-077,parts_06.csv,1
AHA-078,parts_06.csv,1
AHA-081,parts_06.csv,1
AHA-104,parts_06.csv,1
AHA-113,parts_06.csv,1
AHA-130,parts_06.csv,1
AHA-131,parts_06.csv,1
AHA-167,parts_06.csv,1
AHA-172,parts_06.csv,1
AHA-173,parts_06.csv,1
AHA-174,parts_06.csv,1
AHA-175,parts_06.csv,1
AHA-187,parts_06.csv,1
AHA-188,parts_06.csv,3
AHA-189,parts_06.csv,3
AHA-196,parts_06.csv,1
AHA-197,parts_06.csv,2
AHA-198,parts_06.csv,2
AHA-201,parts_06.csv,2
AHA-223,parts_06.csv,1
AHA-224,parts_06.csv,1
AHA-246,parts_06.csv,1
AHA-247,parts_06.csv,1
AHA-248,parts_06.csv,1
AHA-249,parts_06.csv,1
AHA-251,parts_06.csv,1
AHA-252,parts_06.csv,2
AHA-253,parts_06.csv,1
AHA-254,parts_06.csv,4
AHA-255,parts_06.csv,1
AHA-275,parts_06.csv,1
AHA-277,parts_06.csv,1
AHA-278,parts_06.csv,1
AHA-279,parts_06.csv,1
AHA-280,parts_06.csv,1
AHA-290,parts_06.csv,1
AHA-294,parts_06.csv,2
AHA-295,parts_06.csv,1
AHA-296,parts_06.csv,3
AHA-297,parts_06.csv,3
AHA-298,parts_06.csv,2
AHA-300,parts_06.csv,2
AHA-301,parts_06.csv,2
AHA-313,parts_06.csv,1
AHA-314,parts_06.csv,1
AHA-323,parts_06.csv,1
AHA-328,parts_06.csv,3
AHA-329,parts_06.csv,4
AHA-335,parts_06.csv,1
AHA-340,parts_06.csv,3
AHA-344,parts_06.csv,1
AHA-346,parts_06.csv,1
AHA-347,parts_06.csv,1
AHA-348,parts_06.csv,1
AHA-349,parts_06.csv,1
AHA-366,parts_06.csv,1
AHA-376,parts_06.csv,1
AHA1024,parts_06.csv,2
AHA1095,parts_06.csv,1
AHB-001,parts_06.csv,2
AHB-002,parts_06.csv,2
AHB-006,parts_06.csv,2
AHB-007,parts_06.csv,2
AHB-009,parts_06.csv,1
AHB-010,parts_06.csv,1
AHB-012,parts_06.csv,2
AHB-014,parts_06.csv,1
AHB-019,parts_06.csv,1
AHB-068,parts_06.csv,1
AHB-087,parts_06.csv,1
AHB-088,parts_06.csv,1
AHB-096,parts_06.csv,1
AHB-097,parts_06.csv,1
AHB-098,parts_06.csv,1
AHB-102,parts_06.csv,1
AHB-103,parts_06.csv,1
AHB-104,parts_06.csv,1
AHB-111,parts_06.csv,1
AHB-142,parts_06.csv,1
AHB-149,parts_06.csv,2
AHB-150,parts_06.csv,2
AHB-152,parts_06.csv,1
AHB-367,parts_06.csv,1
AHB-556,parts_06.csv,1
AHB-561,parts_06.csv,1
AHB1023,parts_06.csv,2
AHC-001,parts_06.csv,6
AHC-003,parts_06.csv,1
AHC-006,parts_06.csv,1
AHC-007,parts_06.csv,1
AHC-010,parts_06.csv,1
AHC-014,parts_06.csv,1
AHC-015,parts_06.csv,1
AHC-017,parts_06.csv,1
AHC-041,parts_06.csv,1
AHC-042,parts_06.csv,1
AHC-056,parts_06.csv,1
AHC-063,parts_06.csv,3
AHC-064,parts_06.csv,1
AHC-067,parts_06.csv,1
AHD-001,parts_06.csv,1
AHD-011,parts_06.csv,1
AHD-012,parts_06.csv,1
AHD-016,parts_06.csv,1
AHD-017,parts_06.csv,1
AHD-019,parts_06.csv,1
AHD-021,parts_06.csv,1
AHD-022,parts_06.csv,1
AHD-028,parts_06.csv,1
AHD-038,parts_06.csv,1
AHD-045,parts_06.csv,1
AHD-047,parts_06.csv,1
AHD-057,parts_06.csv,2
AHD-058,parts_06.csv,1
AHD-064,parts_06.csv,2
AHD-070,parts_06.csv,1
AHD-078,parts_06.csv,1
AHD-080,parts_06.csv,2
AHD-081,parts_06.csv,1
AHD-082,parts_06.csv,1
AHD-086,parts_06.csv,1
AHD-088,parts_06.csv,1
AHD-098,parts_06.csv,1
AHD-100,parts_06.csv,1
AHD-101,parts_06.csv,1
AHD-103,parts_06.csv,1
AHD-105,parts_06.csv,1
AHD-107,parts_06.csv,1
AHD-109,parts_06.csv,1
AHD-110,parts_06.csv,1
AHD-116,parts_06.csv,1
AHD-119,parts_06.csv,1
AHD-120,parts_06.csv,1
AHD-122,parts_06.csv,1
AHD-127,parts_06.csv,1
AHD-128,parts_06.csv,1
AHD-136,parts_06.csv,1
AHD-137,parts_06.csv,1
AHD-138,parts_06.csv,1
AHD-139,parts_06.csv,1
AHD-149,parts_06.csv,1
AHD-150,parts_06.csv,1
AHD-151,parts_06.csv,1
AHD-152,parts_06.csv,1
AHD-153,parts_06.csv,1
AHD-154,parts_06.csv,2
AHD-155,parts_06.csv,1
AHD-156,parts_06.csv,1
AHD-157,parts_06.csv,1
AHD-158,parts_06.csv,1
AHD-159,parts_06.csv,1
AHD-160,parts_06.csv,1
AHD-162,parts_06.csv,1
AHD-163,parts_06.csv,1
AHD-165,parts_06.csv,1
AHD-171,parts_06.csv,1
AHD-179,parts_06.csv,1
AHD-186,parts_06.csv,1
AHD-187,parts_06.csv,1
AHD-188,parts_06.csv,1
AHD-189,parts_06.csv,1
AHD-203,parts_06.csv,1
AHD-212,parts_06.csv,1
AHD-215,parts_06.csv,1
AHD-223,parts_06.csv,1
AHD-225,parts_06.csv,1
AHD-246,parts_06.csv,1
AHD-248,parts_06.csv,1
AHD-249,parts_06.csv,1
AHD-298,parts_06.csv,1
AHD-348,parts_06.csv,1
AHD-350,parts_06.csv,1
AHD-382,parts_06.csv,2
AHD-383,parts_06.csv,1
AHD-384,parts_06.csv,1
AHD-430,parts_06.csv,2
AHD-431,parts_06.csv,1
AHD-432,parts_06.csv,1
AHD-433,parts_06.csv,1
AHD-436,parts_06.csv,2
AHD-437,parts_06.csv,1
AHD-438,parts_06.csv,1
AHD-442,parts_06.csv,2
AHD-443,parts_06.csv,1
AHD-444,parts_06.csv,1
AHD-474,parts_06.csv,1
AHD-528,parts_06.csv,1
AHD-529,parts_06.csv,1
AHD-530,parts_06.csv,1
AHD-531,parts_06.csv,1
AHD-532,parts_06.csv,1
AHD-535,parts_06.csv,1
AHD-536,parts_06.csv,1
AHD-537,parts_06.csv,1
AHD-538,parts_06.csv,1
AHD-548,parts_06.csv,1
AHD-549,parts_06.csv,1
AHD-551,parts_06.csv,2
AHD-555,parts_06.csv,2
AHD-557,parts_06.csv,1
AHD-558,parts_06.csv,1
AHD-559,parts_06.csv,2
AHD-565,parts_06.csv,2
AHD-566,parts_06.csv,1
AHD-567,parts_06.csv,1
AHD-574,parts_06.csv,1
AHD-575,parts_06.csv,2
AHD-578,parts_06.csv,1
AHD-580,parts_06.csv,1
AHD-581,parts_06.csv,1
AHD-585,parts_06.csv,1
AHD-671,parts_06.csv,1
AHD-678,parts_06.csv,1
AHD-681,parts_06.csv,1
AHD-684,parts_06.csv,1
AHD-691,parts_06.csv,1
AHD-693,parts_06.csv,1
AHD-694,parts_06.csv,1
AHD-698,parts_06.csv,1
AHD-705,parts_06.csv,1
AHD-707,parts_06.csv,1
AHD-710,parts_06.csv,1
AHD-753,parts_06.csv,1
AHD-755,parts_06.csv,2
AHD-756,parts_06.csv,1
AHD-757,parts_06.csv,1
AHD-758,parts_06.csv,1
AHD-765,parts_06.csv,1
AHD-768,parts_06.csv,1
AHD-774,parts_06.csv,2
AHD-777,parts_06.csv,1
AHD-778,parts_06.csv,1
AHD-780,parts_06.csv,1
AHD-782,parts_06.csv,1
AHD-810,parts_06.csv,1
AHD-816,parts_06.csv,1
AHD-817,parts_06.csv,1
AHD-826,parts_06.csv,1
AHD-830,parts_06.csv,1
AHD-863,parts_06.csv,1
AHD-870,parts_06.csv,1
AHD-871,parts_06.csv,1
AHD-874,parts_06.csv,1
AHD-901,parts_06.csv,1
AHD-902,parts_06.csv,2
AHD-921,parts_06.csv,1
AHD-941,parts_06.csv,2
AHD-942,parts_06.csv,1
AHD-952,parts_06.csv,1
AHD-953,parts_06.csv,1
AHD-958,parts_06.csv,1
AHD-960,parts_06.csv,1
AHD-961,parts_06.csv,1
AHD1037,parts_06.csv,1
AHD1052,parts_06.csv,1
AHD1234,parts_06.csv,5
AHD1280,parts_06.csv,1
AHD1407,parts_06.csv,1
AHD1474,parts_06.csv,5
AHD1926,parts_06.csv,1
AHD1927,parts_06.csv,1
AHE-013,parts_06.csv,1
AHE-019,parts_06.csv,2
AHE-021,parts_06.csv,1
AHE-024,parts_06.csv,1
AHE-030,parts_06.csv,1
AHE-036,parts_06.csv,5
AHE-039,parts_06.csv,5
AHE-042,parts_06.csv,1
AHE-052,parts_06.csv,1
AHE-102,parts_06.csv,1
AHE-191,parts_06.csv,1
AHE-192,parts_06.csv,5
AHE-204,parts_06.csv,1
AHE-205,parts_06.csv,1
AHE-210,parts_06.csv,2
AHE-211,parts_06.csv,1
AHE-214,parts_06.csv,2
AHE-217,parts_06.csv,1
AHE-221,parts_06.csv,3
AHE-227,parts_06.csv,3
AHE-246,parts_06.csv,1
AHE-247,parts_06.csv,1
AHE-251,parts_06.csv,2
AHE-252,parts_06.csv,1
AHE-260,parts_06.csv,1
AHE-283,parts_06.csv,1
AHE-284,parts_06.csv,1
AHE-298,parts_06.csv,3
AHE-299,parts_06.csv,1
AHE-300,parts_06.csv,6
AHE-332,parts_06.csv,1
AHE-340,parts_06.csv,2
AHE-354,parts_06.csv,5
AHE-516,parts_06.csv,1
AHE-517,parts_06.csv,3
AHE-602,parts_06.csv,1
AHE-629,parts_06.csv,2
AHE-630,parts_06.csv,1
AHG-009,parts_06.csv,1
AHG-023,parts_06.csv,8
AHG-024,parts_06.csv,1
AHG-026,parts_06.csv,1
AHG-027,parts_06.csv,1
AHG-040,parts_06.csv,1
AHG-054,parts_06.csv,1
AHG-057,parts_06.csv,2
AHG-058,parts_06.csv,1
AHG-090,parts_06.csv,1
AHG-095,parts_06.csv,1
AJ-0189,parts_06.csv,1
AK4102,parts_06.csv,1
AK5403,parts_06.csv,1
AK5803,parts_06.csv,1
AK7204,parts_06.csv,1
AK8209,parts_06.csv,1
AK9606,parts_06.csv,1
AKA-001,parts_06.csv,8
AKA-002,parts_06.csv,20
AKA-003,parts_06.csv,5
AKA-004,parts_06.csv,9
AKA-005,parts_06.csv,1
AKA-007,parts_06.csv,5
AKA-009,parts_06.csv,1
AKA-013,parts_06.csv,3
AKA-014,parts_06.csv,6
AKA-016,parts_06.csv,1
AKA-017,parts_06.csv,8
AKA-018,parts_06.csv,3
AKA-019,parts_06.csv,1
AKB-001,parts_06.csv,3
AKB-002,parts_06.csv,3
AKB-003,parts_06.csv,1
AKB-005,parts_06.csv,4
AKB-006,parts_06.csv,2
AKB-007,parts_06.csv,6
AKB-008,parts_06.csv,6
AKB-009,parts_06.csv,2
AKB-010,parts_06.csv,4
AKB-011,parts_06.csv,1
AKB-012,parts_06.csv,1
AKB-013,parts_06.csv,7
AKB-014,parts_06.csv,38
AKB-015,parts_06.csv,13
AKB-016,parts_06.csv,1
AKB-017,parts_06.csv,5
AKB-018,parts_06.csv,6
AKB-019,parts_06.csv,9
AKB-023,parts_06.csv,2
AKB-024,parts_06.csv,1
AKB-025,parts_06.csv,1
AKB-027,parts_07.csv,11
AKB-028,parts_07.csv,4
AKB-030,parts_07.csv,15
AKB-033,parts_07.csv,4
AKB-034,parts_07.csv,5
AKB-035,parts_07.csv,33
AKB-036,parts_07.csv,3
AKB-038,parts_07.csv,6
AKB-039,parts_07.csv,2
AKB-040,parts_07.csv,1
AKB-043,parts_07.csv,1
AKB-045,parts_07.csv,8
AKB-046,parts_07.csv,1
AKB-051,parts_07.csv,1
AKB-052,parts_07.csv,1
AKB-054,parts_07.csv,10
AKB-055,parts_07.csv,1
AKB-056,parts_07.csv,1
AKB-057,parts_07.csv,2
AKB-058,parts_07.csv,1
AKB-060,parts_07.csv,1
AKB-061,parts_07.csv,1
AKB-062,parts_07.csv,5
AKB-063,parts_07.csv,18
AKB-064,parts_07.csv,7
AKB-076,parts_07.csv,16
AKB-077,parts_07.csv,9
AKB-078,parts_07.csv,16
AKB-079,parts_07.csv,8
AKB-080,parts_07.csv,1
AKB-093,parts_07.csv,7
AKB-094,parts_07.csv,20
AKB-095,parts_07.csv,10
AKB-096,parts_07.csv,1
AKB-098,parts_07.csv,5
AKB-099,parts_07.csv,3
AKB-100,parts_07.csv,1
AKB-101,parts_07.csv,1
AKB-102,parts_07.csv,2
AKB-108,parts_07.csv,1
AKB-114,parts_07.csv,1
AKB-115,parts_07.csv,4
AKB-116,parts_07.csv,2
AKB-117,parts_07.csv,3
AKB-131,parts_07.csv,1
AKB-132,parts_07.csv,1
AKB1007,parts_07.csv,2
AKB1027,parts_07.csv,1
AKB1028,parts_07.csv,1
AKB1029,parts_07.csv,1
AKB1082,parts_07.csv,1
AKB1083,parts_07.csv,1
AKB1129,parts_07.csv,1
AKB1143,parts_07.csv,1
AKB1147,parts_07.csv,1
AKB1148,parts_07.csv,1
AKB1149,parts_07.csv,1
AKB1150,parts_07.csv,1
AKB1151,parts_07.csv,1
AKB1152,parts_07.csv,1
AKC-01 6,parts_07.csv,1
AKC-013,parts_07.csv,1
AKC-015,parts_07.csv,5
AKC-016,parts_07.csv,7
AKC-017,parts_07.csv,2
AKC-018,parts_07.csv,4
AKC-019,parts_07.csv,1
AKC-021,parts_07.csv,3
AKC-022,parts_07.csv,2
AKC-023,parts_07.csv,5
AKC-024,parts_07.csv,1
AKC-030,parts_07.csv,6
AKC-031,parts_07.csv,2
AKC-038,parts_07.csv,1
AKC-041,parts_07.csv,1
AKD-166,parts_07.csv,1
AKE-002,parts_07.csv,2
AKE-003,parts_07.csv,3
AKE-004,parts_07.csv,1
AKE-007,parts_07.csv,1
AKE-008,parts_07.csv,2
AKE-010,parts_07.csv,8
AKE-011,parts_07.csv,1
AKE-012,parts_07.csv,16
AKE-013,parts_07.csv,1
AKE-014,parts_07.csv,6
AKE-015,parts_07.csv,1
AKE-016,parts_07.csv,3
AKE-017,parts_07.csv,9
AKE-018,parts_07.csv,2
AKE-019,parts_07.csv,4
AKE-020,parts_07.csv,3
AKE-021,parts_07.csv,3
AKE-025,parts_07.csv,2
AKE-026,parts_07.csv,16
AKE-028,parts_07.csv,2
AKE-029,parts_07.csv,5
AKE-030,parts_07.csv,3
AKE-031,parts_07.csv,13
AKE-033,parts_07.csv,2
AKE-035,parts_07.csv,1
AKE-036,parts_07.csv,1
AKE-037,parts_07.csv,2
AKE-038,parts_07.csv,9
AKE-039,parts_07.csv,1
AKE-040,parts_07.csv,1
AKE-044,parts_07.csv,2
AKE-047,parts_07.csv,3
AKE-048,parts_07.csv,5
AKE-050,parts_07.csv,1
AKE-051,parts_07.csv,1
AKE-052,parts_07.csv,4
AKE-054,parts_07.csv,2
AKE-055,parts_07.csv,6
AKE-097,parts_07.csv,1
AKE-101,parts_07.csv,2
AKE-102,parts_07.csv,2
AKE-103,parts_07.csv,4
AKE-105,parts_07.csv,5
AKE-110,parts_07.csv,2
AKE-403,parts_07.csv,1
AKE1015,parts_07.csv,1
AKF-018,parts_07.csv,1
AKF-028,parts_07.csv,2
AKG-001,parts_07.csv,2
AKH-001,parts_07.csv,2
AKH-007,parts_07.csv,1
AKH-008,parts_07.csv,1
AKH-009,parts_07.csv,1
AKH-010,parts_07.csv,1
AKH-012,parts_07.csv,1
AKH-017,parts_07.csv,2
AKH-031,parts_07.csv,1
AKH-032,parts_07.csv,1
AKK-002,parts_07.csv,15
AKK-004,parts_07.csv,4
AKK-005,parts_07.csv,10
AKM-002,parts_07.csv,2
AKM-004,parts_07.csv,9
AKM-006,parts_07.csv,4
AKM-007,parts_07.csv,1
AKM-008,parts_07.csv,1
AKM-010,parts_07.csv,1
AKM-013,parts_07.csv,1
AKM-015,parts_07.csv,1
AKM-017,parts_07.csv,1
AKM-041,parts_07.csv,2
AKM-050,parts_07.csv,1
AKN-002,parts_07.csv,5
AKN-008,parts_07.csv,4
AKN-009,parts_07.csv,8
AKN-010,parts_07.csv,10
AKN-011,parts_07.csv,3
AKN-012,parts_07.csv,5
AKN-013,parts_07.csv,3
AKN-023,parts_07.csv,8
AKN-024,parts_07.csv,1
AKN-028,parts_07.csv,2
AKN-029,parts_07.csv,8
AKN-030,parts_07.csv,12
AKN-034,parts_07.csv,2
AKN-041,parts_07.csv,1
AKN-042,parts_07.csv,1
AKN-044,parts_07.csv,1
AKN-045,parts_07.csv,11
AKN-050,parts_07.csv,1
AKN-945,parts_07.csv,1
AKN1002,parts_07.csv,1
AKN1006,parts_07.csv,2
AKP- 507,parts_07.csv,1
AKP- 509,parts_07.csv,1
AKP-001,parts_07.csv,1
AKP-002,parts_07.csv,42
AKP-003,parts_07.csv,1
AKP-004,parts_07.csv,31
AKP-005,parts_07.csv,31
AKP-006,parts_07.csv,5
AKP-007,parts_07.csv,7
AKP-008,parts_07.csv,27
AKP-010,parts_07.csv,1
AKP-011,parts_07.csv,3
AKP-016,parts_07.csv,8
AKP-018,parts_07.csv,1
AKP-019,parts_07.csv,3
AKP-020,parts_07.csv,4
AKP-021,parts_07.csv,3
AKP-024,parts_07.csv,1
AKP-026,parts_07.csv,7
AKP-032,parts_07.csv,3
AKP-038,parts_07.csv,3
AKP-039,parts_07.csv,12
AKP-040,parts_07.csv,2
AKP-041,parts_07.csv,6
AKP-042,parts_07.csv,2
AKP-044,parts_07.csv,2
AKP-501,parts_07.csv,13
AKP-502,parts_07.csv,13
AKP-503,parts_07.csv,2
AKP-504,parts_07.csv,5
AKP-505,parts_07.csv,5
AKP-507,parts_07.csv,9
AKP-508,parts_07.csv,3
AKP-509,parts_07.csv,1
AKP1053,parts_07.csv,1
AKP1064,parts_07.csv,1
AKP1065,parts_07.csv,1
AKP1067,parts_07.csv,1
AKR -001,parts_07.csv,1
AKR 001,parts_07.csv,1
AKR-001,parts_07.csv,43
AKR-005,parts_07.csv,7
AKR-006,parts_07.csv,4
AKR-007,parts_07.csv,5
AKR-008,parts_07.csv,3
AKR-011,parts_07.csv,6
AKR-012,parts_07.csv,7
AKR-013,parts_07.csv,2
AKR-015,parts_07.csv,3
AKR-017,parts_07.csv,3
AKR-026,parts_07.csv,1
AKR-027,parts_07.csv,10
AKR-030,parts_07.csv,2
AKR-031,parts_08.csv,25
AKR-032,parts_08.csv,11
AKR-033,parts_08.csv,1
AKX-015,parts_08.csv,1
AKX-016,parts_08.csv,1
AKX-017,parts_08.csv,2
AKX-018,parts_08.csv,2
AKX-037,parts_08.csv,12
AKX-055,parts_08.csv,1
AKX-056,parts_08.csv,2
AKX-057,parts_08.csv,10
AKX-063,parts_08.csv,17
AKX-073,parts_08.csv,1
AKX-078,parts_08.csv,1
AKX-080,parts_08.csv,1
AKX-503,parts_08.csv,1
AKX-504,parts_08.csv,3
AKX-505,parts_08.csv,2
AKX-507,parts_08.csv,3
AKX1007,parts_08.csv,6
ALA-006,parts_08.csv,2
ALA-008,parts_08.csv,3
ALA-010,parts_08.csv,1
ALA-012,parts_08.csv,1
ALA-013,parts_08.csv,1
ALA-017,parts_08.csv,1
AM0127,parts_08.csv,1
AM0146,parts_08.csv,1
AM0147,parts_08.csv,1
AM0148,parts_08.csv,1
AM0149,parts_08.csv,1
AM0150,parts_08.csv,1
AM0151,parts_08.csv,1
AM0152,parts_08.csv,1
AM21060,parts_08.csv,1
AM3382,parts_08.csv,1
AM4185,parts_08.csv,1
AM4209,parts_08.csv,1
AM6103,parts_08.csv,1
AMB1149,parts_08.csv,2
AMB1351,parts_08.csv,1
AMD-118,parts_08.csv,1
AMM-003,parts_08.csv,1
AMM-004,parts_08.csv,2
AMM-005- D,parts_08.csv,1
AMM-006,parts_08.csv,3
AMM-012,parts_08.csv,1
AMM-013,parts_08.csv,1
AMM-014,parts_08.csv,1
AMM-015,parts_08.csv,1
AMM-016,parts_08.csv,1
AMM-017,parts_08.csv,3
AMM-018,parts_08.csv,1
AMM-020,parts_08.csv,1
AMM-021,parts_08.csv,1
AMM-022,parts_08.csv,6
AMM-025,parts_08.csv,1
AMM-026,parts_08.csv,1
AMM-028,parts_08.csv,1
AMM-030,parts_08.csv,1
AMM-031,parts_08.csv,1
AMM-034,parts_08.csv,1
AMM-035,parts_08.csv,2
AMM-037,parts_08.csv,1
AMM-040,parts_08.csv,1
AMM-041,parts_08.csv,2
AMM-048,parts_08.csv,2
AMM-049,parts_08.csv,1
AMM-050,parts_08.csv,1
AMM-053,parts_08.csv,3
AMM-054,parts_08.csv,1
AMM-065,parts_08.csv,1
AMM-066,parts_08.csv,2
AMM-067,parts_08.csv,1
AMM-071,parts_08.csv,2
AMM-072,parts_08.csv,4
AMM-075,parts_08.csv,1
AMM-077,parts_08.csv,1
AMM-079,parts_08.csv,2
AMM-086,parts_08.csv,1
AMM-087,parts_08.csv,1
AMM-088,parts_08.csv,1
AMM-089,parts_08.csv,2
AMN-001,parts_08.csv,1
AMN-002,parts_08.csv,1
AMR1033,parts_08.csv,1
AMR1034,parts_08.csv,1
AMR1066,parts_08.csv,2
AMR1350,parts_08.csv,1
AMR1353,parts_08.csv,1
AMS-003,parts_08.csv,2
AMS-004,parts_08.csv,2
AMS-012,parts_08.csv,1
AMS-013,parts_08.csv,1
AMS-020,parts_08.csv,1
AMS-021,parts_08.csv,1
AMS-022,parts_08.csv,1
AMS-023,parts_08.csv,2
AMS-024,parts_08.csv,2
AMS-025,parts_08.csv,2
AMS-026,parts_08.csv,2
AMS-027,parts_08.csv,2
AMS-028,parts_08.csv,2
AMS-029,parts_08.csv,2
AMS-030,parts_08.csv,2
AMS-031,parts_08.csv,2
AMS-032,parts_08.csv,2
AMS-033,parts_08.csv,1
AMS-034,parts_08.csv,1
AMS-035,parts_08.csv,1
AMS-039,parts_08.csv,2
AMS-040,parts_08.csv,2
AMS-041,parts_08.csv,1
AMS-042,parts_08.csv,1
AMS-057,parts_08.csv,4
ANA-012,parts_08.csv,1
ANA-027,parts_08.csv,1
ANA-028,parts_08.csv,1
ANA-029,parts_08.csv,1
ANA-030,parts_08.csv,1
ANA-032,parts_08.csv,1
ANA-033,parts_08.csv,1
ANA-034,parts_08.csv,1
ANA-036,parts_08.csv,1
ANA-037,parts_08.csv,1
ANA-038,parts_08.csv,1
ANA-042,parts_08.csv,1
ANA-044,parts_08.csv,1
ANA-045,parts_08.csv,1
ANA-049,parts_08.csv,1
ANA-051,parts_08.csv,1
ANA-053,parts_08.csv,1
ANA-054,parts_08.csv,1
ANA-062,parts_08.csv,1
ANA-066,parts_08.csv,1
ANA-067,parts_08.csv,1
ANA-068,parts_08.csv,1
ANA-069,parts_08.csv,1
ANA-070,parts_08.csv,2
ANA-075,parts_08.csv,1
ANA-076,parts_08.csv,1
ANA-077,parts_08.csv,1
ANA-082,parts_08.csv,1
ANA-083,parts_08.csv,1
ANA-087,parts_08.csv,1
ANA-088,parts_08.csv,1
ANB-001,parts_08.csv,1
ANB-049,parts_08.csv,1
ANB-051,parts_08.csv,2
ANB-053,parts_08.csv,1
ANB-054,parts_08.csv,1
ANB-058,parts_08.csv,1
ANB-060,parts_08.csv,1
ANB-062,parts_08.csv,1
ANB-064,parts_08.csv,1
ANB-066,parts_08.csv,1
ANB-068,parts_08.csv,1
ANB-070,parts_08.csv,1
ANB-072,parts_08.csv,1
ANB-082,parts_08.csv,1
ANB-091,parts_08.csv,1
ANB-103,parts_08.csv,1
ANB-108,parts_08.csv,2
ANB-121,parts_08.csv,1
ANB-123,parts_08.csv,1
ANB-127,parts_08.csv,1
ANB-133,parts_08.csv,1
ANB-136,parts_08.csv,2
ANB-139,parts_08.csv,1
ANB-145,parts_08.csv,1
ANB-147,parts_08.csv,1
ANB-148,parts_08.csv,1
ANB-150,parts_08.csv,1
ANB-155,parts_08.csv,1
ANB-156,parts_08.csv,1
ANB-157,parts_08.csv,2
ANB-178,parts_08.csv,1
ANB-179,parts_08.csv,2
ANB-180,parts_08.csv,1
ANB-187,parts_08.csv,1
ANB-188,parts_08.csv,1
ANB-189,parts_08.csv,1
ANB-191,parts_08.csv,1
ANB-192,parts_08.csv,1
ANB-193,parts_08.csv,1
ANB-197,parts_08.csv,1
ANB-214,parts_08.csv,1
ANB-219,parts_08.csv,1
ANB-236,parts_08.csv,1
ANB-255,parts_08.csv,1
ANB-260,parts_08.csv,1
ANB-262,parts_08.csv,1
ANB-265,parts_08.csv,1
ANB-273,parts_08.csv,1
ANB-277,parts_08.csv,1
ANB-283,parts_08.csv,1
ANB-313,parts_08.csv,1
ANB-314,parts_08.csv,1
ANB-315,parts_08.csv,1
ANB-316,parts_08.csv,1
ANB-317,parts_08.csv,1
ANB-318,parts_08.csv,1
ANB-326,parts_08.csv,1
ANB-327,parts_08.csv,1
ANB-329,parts_08.csv,1
ANB-330,parts_08.csv,1
ANB-337,parts_08.csv,1
ANB-338,parts_08.csv,1
ANB-348,parts_08.csv,1
ANB-358,parts_08.csv,1
ANB-360,parts_08.csv,1
ANB-367,parts_08.csv,1
ANB-374,parts_08.csv,1
ANB-386,parts_08.csv,1
ANB-387,parts_08.csv,1
ANB-388,parts_08.csv,1
ANB-389,parts_08.csv,1
ANB-417,parts_08.csv,1
ANB-421,parts_08.csv,1
ANB-432,parts_08.csv,1
ANB-438,parts_08.csv,1
ANB-443,parts_08.csv,1
ANB-444,parts_08.csv,1
ANB-480,parts_08.csv,1
ANB-481,parts_08.csv,1
ANB-482,parts_08.csv,1
ANB-483,parts_08.csv,1
ANB-484,parts_08.csv,1
ANB-485,parts_08.csv,1
ANB-486,parts_08.csv,1
ANB-491,parts_08.csv,1
ANB-492,parts_08.csv,1
ANB-508,parts_08.csv,1
ANB-525,parts_08.csv,1
ANB-543,parts_08.csv,1
ANB-550,parts_08.csv,1
ANB-554,parts_08.csv,1
ANB-577,parts_08.csv,2
ANB-589,parts_08.csv,1
ANB-590,parts_08.csv,2
ANB-591,parts_08.csv,2
ANB-592,parts_08.csv,2
ANB-595,parts_08.csv,1
ANB-596,parts_08.csv,1
ANB-599,parts_08.csv,2
ANB-600,parts_08.csv,2
ANB-601,parts_08.csv,1
ANB-611,parts_08.csv,1
ANB-617,parts_08.csv,1
ANB-625,parts_08.csv,1
ANB-631,parts_08.csv,1
ANB-632,parts_08.csv,2
ANB-685,parts_08.csv,1
ANB-686,parts_08.csv,1
ANB-687,parts_08.csv,1
ANB-695,parts_08.csv,1
ANB-714,parts_08.csv,1
ANB-715,parts_08.csv,1
ANB-716,parts_08.csv,1
ANB-721,parts_08.csv,1
ANB-735,parts_08.csv,1
ANB-736,parts_08.csv,1
ANB-737,parts_08.csv,1
ANB-747,parts_08.csv,1
ANB-758,parts_08.csv,1
ANB-759,parts_08.csv,1
ANB-843,parts_08.csv,1
ANB-846,parts_08.csv,1
ANB-851,parts_08.csv,1
ANB-861,parts_08.csv,1
ANB-883,parts_08.csv,1
ANB-888,parts_08.csv,1
ANB-891,parts_08.csv,1
ANB-894,parts_08.csv,1
ANB-897,parts_08.csv,1
ANB-900,parts_08.csv,1
ANB-902,parts_08.csv,1
ANB-904,parts_08.csv,1
ANB-909,parts_08.csv,1
ANB-912,parts_08.csv,1
ANB-916,parts_08.csv,1
ANB-918,parts_08.csv,1
ANB-920,parts_08.csv,1
ANB-924,parts_08.csv,1
ANB-925,parts_08.csv,1
ANB-950,parts_08.csv,1
ANB-967,parts_08.csv,1
ANB-975,parts_08.csv,1
ANB-976,parts_08.csv,1
ANB-977,parts_08.csv,1
ANB-980,parts_08.csv,1
ANB-984,parts_08.csv,1
ANB1016,parts_08.csv,1
ANB1020,parts_08.csv,1
ANB1115,parts_08.csv,1
ANB1218,parts_08.csv,6
ANB1235,parts_08.csv,1
ANB1412,parts_08.csv,1
ANB1414,parts_08.csv,1
ANC-027,parts_08.csv,1
ANC-032,parts_08.csv,1
ANC-042,parts_08.csv,1
ANC-062,parts_08.csv,1
ANC-063,parts_08.csv,1
ANC-065,parts_08.csv,1
ANC-066,parts_08.csv,1
ANC-067,parts_08.csv,1
ANC-074,parts_08.csv,1
ANC-078,parts_08.csv,2
ANC-079,parts_08.csv,1
ANC-084,parts_08.csv,1
ANC-087,parts_08.csv,1
ANC-089,parts_08.csv,1
ANC-098,parts_08.csv,1
ANC-105,parts_08.csv,1
ANC-107,parts_08.csv,2
ANC-108,parts_08.csv,1
ANC-109,parts_08.csv,1
ANC-110,parts_08.csv,1
ANC-111,parts_08.csv,1
ANC-112,parts_08.csv,2
ANC-113,parts_08.csv,1
ANC-114,parts_08.csv,2
ANC-118,parts_08.csv,1
ANC-119,parts_08.csv,1
ANC-120,parts_08.csv,1
ANC-122,parts_08.csv,1
ANC-123,parts_08.csv,1
ANC-124,parts_08.csv,2
ANC-126,parts_08.csv,1
ANC-127,parts_08.csv,1
ANC-156,parts_08.csv,1
ANC-188,parts_08.csv,1
AND-016,parts_08.csv,1
AND-040,parts_08.csv,1
AND-045,parts_08.csv,1
AND-046,parts_08.csv,1
AND-050,parts_08.csv,1
AND-051,parts_08.csv,3
AND-061,parts_08.csv,1
AND-063,parts_08.csv,1
AND-064,parts_08.csv,1
AND-072,parts_08.csv,2
AND-073,parts_08.csv,3
AND-074,parts_08.csv,1
AND-075,parts_08.csv,1
AND-076,parts_08.csv,2
AND-078,parts_08.csv,1
AND-080,parts_08.csv,2
AND-081,parts_08.csv,1
AND-084,parts_08.csv,1
AND-086,parts_08.csv,1
ANE-004,parts_08.csv,1
ANE-006,parts_08.csv,1
ANE-008,parts_08.csv,1
ANE-016,parts_08.csv,1
ANE-018,parts_08.csv,1
ANE-021,parts_08.csv,1
ANE-023,parts_08.csv,1
ANE-024,parts_08.csv,1
ANE-027,parts_08.csv,1
ANE-028,parts_08.csv,1
ANE-030,parts_08.csv,1
ANE-033,parts_08.csv,1
ANE-046,parts_08.csv,1
ANE-047,parts_08.csv,1
ANE-055,parts_08.csv,1
ANE-056,parts_08.csv,1
ANE-057,parts_08.csv,1
ANE-058,parts_08.csv,1
ANE-059,parts_08.csv,2
ANE-061,parts_08.csv,1
ANE-071,parts_08.csv,2
ANE-072,parts_08.csv,1
ANE-073,parts_08.csv,1
ANE-078,parts_08.csv,1
ANE-079,parts_08.csv,3
ANE-082,parts_08.csv,1
ANE-086,parts_08.csv,1
ANE-096,parts_08.csv,1
ANE-108,parts_08.csv,2
ANE-115,parts_08.csv,2
ANE-120,parts_08.csv,1
ANE-123,parts_08.csv,1
ANE-124,parts_08.csv,2
ANE-131,parts_08.csv,3
ANE-132,parts_08.csv,1
ANE-133,parts_08.csv,1
ANE-180,parts_08.csv,1
ANE-185,parts_08.csv,2
ANE-188,parts_08.csv,1
ANE-191,parts_08.csv,1
ANE-195,parts_08.csv,2
ANE-196,parts_08.csv,2
ANE-197,parts_08.csv,1
ANE-202,parts_08.csv,4
ANE-210,parts_08.csv,1
ANE-222,parts_08.csv,1
ANE-235,parts_08.csv,1
ANE-245,parts_08.csv,1
ANE-246,parts_08.csv,2
ANE-249,parts_08.csv,1
ANE-250,parts_08.csv,2
ANE-269,parts_08.csv,5
ANE-289,parts_08.csv,1
ANE-291,parts_08.csv,5
ANE-305,parts_08.csv,3
ANE-308,parts_08.csv,1
ANE-310,parts_08.csv,1
ANE-311,parts_08.csv,1
ANE-327,parts_08.csv,1
ANE-330,parts_08.csv,1
ANE-333,parts_08.csv,1
ANE-345,parts_08.csv,1
ANE-351,parts_08.csv,1
ANE-353,parts_08.csv,2
ANE-357,parts_08.csv,2
ANE-360,parts_08.csv,2
ANE-362,parts_08.csv,1
ANE-369,parts_08.csv,1
ANE-380,parts_08.csv,1
ANE-393,parts_08.csv,1
ANE-410,parts_08.csv,1
ANE-419,parts_08.csv,2
ANE-420,parts_08.csv,2
ANE-438,parts_08.csv,1
ANE-443,parts_08.csv,1
ANE-446,parts_08.csv,1
ANE-447,parts_08.csv,1
ANE-450,parts_08.csv,1
ANE-452,parts_08.csv,1
ANE-458,parts_08.csv,1
ANE-459,parts_08.csv,1
ANE-468,parts_08.csv,1
ANE-475,parts_08.csv,1
ANE-547,parts_08.csv,2
ANE-573,parts_08.csv,1
ANE-586,parts_08.csv,1
ANE-589,parts_08.csv,1
ANE-747,parts_08.csv,1
ANE1012,parts_08.csv,1
ANE1013,parts_08.csv,1
ANE1078,parts_08.csv,2
ANF-013,parts_08.csv,1
ANF-014,parts_08.csv,2
ANF-017,parts_08.csv,1
ANF-018,parts_08.csv,1
ANF-019,parts_08.csv,1
ANF-020,parts_08.csv,1
ANF-070,parts_08.csv,1
ANF-082,parts_08.csv,1
ANF-085,parts_08.csv,1
ANF-089,parts_08.csv,1
ANF-090,parts_08.csv,1
ANF-091,parts_08.csv,1
ANF-092,parts_08.csv,1
ANF-094,parts_08.csv,1
ANF-106,parts_08.csv,3
ANF-107,parts_08.csv,3
ANF-132,parts_08.csv,1
ANF-133,parts_08.csv,1
ANF-135,parts_08.csv,1
ANF-140,parts_08.csv,1
ANF-141,parts_08.csv,2
ANF-142,parts_08.csv,2
ANF-145,parts_08.csv,2
ANF-146,parts_08.csv,1
ANF-148,parts_08.csv,1
ANF-149,parts_08.csv,2
ANF-150,parts_08.csv,2
ANF-153,parts_08.csv,2
ANF-154,parts_08.csv,1
ANF-156,parts_08.csv,1
ANF-157,parts_08.csv,2
ANF-158,parts_08.csv,2
ANF-159,parts_08.csv,5
ANF-160,parts_08.csv,1
ANF-161,parts_08.csv,1
ANF-162,parts_08.csv,2
ANF-163,parts_08.csv,2
ANF-164,parts_08.csv,2
ANF-166,parts_08.csv,1
ANF-167,parts_08.csv,2
ANF-190,parts_08.csv,1
ANF-191,parts_08.csv,1
ANF-192,parts_08.csv,1
ANF-193,parts_08.csv,1
ANF-194,parts_08.csv,1
ANF-196,parts_08.csv,1
ANF-197,parts_08.csv,1
ANF-198,parts_08.csv,1
ANF-199,parts_08.csv,1
ANF-200,parts_08.csv,1
ANF-202,parts_08.csv,1
ANF-204,parts_08.csv,1
ANF-231,parts_08.csv,2
ANF-232,parts_08.csv,2
ANF-233,parts_08.csv,1
ANF-234,parts_08.csv,1
ANF-235,parts_08.csv,1
ANF-237,parts_08.csv,2
ANF-238,parts_08.csv,2
ANF-240,parts_08.csv,2
ANF-242,parts_08.csv,1
ANF-243,parts_08.csv,3
ANF-244,parts_08.csv,1
ANF-246,parts_08.csv,1
ANF-247,parts_08.csv,1
ANF-248,parts_08.csv,1
ANF-249,parts_08.csv,5
ANF-250,parts_08.csv,1
ANF-259,parts_08.csv,1
ANF-260,parts_08.csv,1
ANF-262,parts_08.csv,2
ANF-263,parts_08.csv,1
ANF-264,parts_08.csv,1
ANF-266,parts_08.csv,1
ANF-267,parts_08.csv,2
ANF-270,parts_08.csv,1
ANF-271,parts_08.csv,1
ANF-272,parts_08.csv,1
ANF-273,parts_08.csv,1
ANF-287,parts_08.csv,1
ANF-289,parts_08.csv,1
ANF-290,parts_08.csv,1
ANF-303,parts_08.csv,1
ANF-309,parts_08.csv,1
ANF-324,parts_08.csv,1
ANF-379,parts_08.csv,1
ANG-006,parts_08.csv,1
ANG-014,parts_08.csv,1
ANG-019,parts_08.csv,1
ANG-043,parts_08.csv,1
ANG-066,parts_08.csv,1
ANG-069,parts_08.csv,1
ANG-075,parts_08.csv,3
ANG-076,parts_08.csv,3
ANG-081,parts_08.csv,1
ANG-082,parts_08.csv,2
ANG-083,parts_08.csv,1
ANG-088,parts_08.csv,2
ANG-089,parts_08.csv,1
ANG-091,parts_08.csv,3
ANG-095,parts_08.csv,1
ANG-096,parts_08.csv,1
ANG-097,parts_08.csv,3
ANG-099,parts_08.csv,1
ANG-100,parts_08.csv,3
ANG-102,parts_08.csv,3
ANG-103,parts_08.csv,2
ANG-104,parts_08.csv,2
ANG-105,parts_08.csv,3
ANG-106,parts_08.csv,2
ANG-107,parts_08.csv,2
ANG-109,parts_08.csv,1
ANG-110,parts_08.csv,1
ANG-115,parts_08.csv,1
ANG-296,parts_08.csv,1
ANG-297,parts_08.csv,1
ANG-298,parts_08.csv,1
ANG1153,parts_08.csv,1
ANH -211,parts_08.csv,1
ANH-039,parts_08.csv,1
ANH-044,parts_08.csv,1
ANH-045,parts_08.csv,1
ANH-078,parts_08.csv,1
ANH-095,parts_08.csv,1
ANH-096,parts_08.csv,2
ANH-097,parts_08.csv,2
ANH-101,parts_08.csv,1
ANH-102,parts_08.csv,1
ANH-103,parts_08.csv,1
ANH-104,parts_08.csv,1
ANH-105,parts_08.csv,1
ANH-106,parts_08.csv,1
ANH-107,parts_08.csv,2
ANH-109,parts_08.csv,1
ANH-110,parts_08.csv,1
ANH-111,parts_08.csv,1
ANH-112,parts_08.csv,1
ANH-119,parts_08.csv,2
ANH-123,parts_08.csv,1
ANH-126,parts_08.csv,2
ANH-127,parts_08.csv,4
ANH-128,parts_08.csv,1
ANH-131,parts_08.csv,1
ANH-133,parts_08.csv,1
ANH-137,parts_08.csv,1
ANH-138,parts_08.csv,2
ANH-139,parts_08.csv,1
ANH-140,parts_08.csv,1
ANH-141,parts_08.csv,1
ANH-142,parts_08.csv,1
ANH-144,parts_08.csv,1
ANH-147,parts_08.csv,1
ANH-148,parts_08.csv,1
ANH-152,parts_08.csv,1
ANH-154,parts_08.csv,1
ANH-155,parts_08.csv,2
ANH-156,parts_08.csv,2
ANH-157,parts_08.csv,1
ANH-159,parts_08.csv,1
ANH-162,parts_08.csv,2
ANH-163,parts_08.csv,1
ANH-165,parts_08.csv,1
ANH-168,parts_08.csv,2
ANH-169,parts_08.csv,2
ANH-170,parts_08.csv,2
ANH-186,parts_08.csv,1
ANH-192,parts_08.csv,1
ANH-205,parts_08.csv,1
ANH-206,parts_08.csv,2
ANH-208,parts_08.csv,2
ANH-210,parts_08.csv,3
ANH-211,parts_08.csv,2
ANH-212,parts_08.csv,1
ANH-213,parts_08.csv,1
ANH-215,parts_08.csv,1
ANH-217,parts_08.csv,2
ANH-218,parts_08.csv,1
ANH-219,parts_08.csv,2
ANH-221,parts_08.csv,1
ANH-231,parts_08.csv,1
ANH-232,parts_08.csv,1
ANH-233,parts_08.csv,1
ANH-234,parts_08.csv,1
ANH-236,parts_08.csv,1
ANH-247,parts_08.csv,1
ANH-250,parts_08.csv,1
ANH-298,parts_08.csv,1
ANH-318,parts_08.csv,1
ANH-340,parts_08.csv,1
ANH-365,parts_08.csv,1
ANH-400,parts_08.csv,1
ANH-424,parts_08.csv,1
ANK-012,parts_08.csv,1
ANK-017,parts_08.csv,1
ANK-018,parts_08.csv,7
ANK-026,parts_08.csv,2
ANK-027,parts_08.csv,1
ANK-034,parts_08.csv,3
ANK-035,parts_08.csv,2
ANK-036,parts_08.csv,1
ANK-042,parts_08.csv,1
ANK-044,parts_08.csv,1
ANK-052,parts_08.csv,1
ANK-053,parts_08.csv,2
ANK-054,parts_08.csv,2
ANK-055,parts_08.csv,1
ANK-056,parts_08.csv,3
ANK-057,parts_08.csv,2
ANK-072,parts_08.csv,3
ANK-073,parts_08.csv,1
ANK-077,parts_08.csv,1
ANK-084,parts_08.csv,3
ANK-566,parts_08.csv,1
ANK018,parts_08.csv,1
ANM-008,parts_08.csv,1
ANM-025,parts_08.csv,1
ANM-055,parts_08.csv,1
ANM-064,parts_08.csv,1
ANM-065,parts_08.csv,1
ANM-074,parts_08.csv,1
ANM-075,parts_08.csv,1
ANM-117,parts_08.csv,1
ANM-128,parts_08.csv,1
ANM-201,parts_08.csv,1
ANM-204,parts_08.csv,1
ANM-205,parts_08.csv,1
ANM-207,parts_08.csv,1
ANM-208,parts_08.csv,1
ANM-209,parts_08.csv,1
ANM-292,parts_08.csv,1
ANM-377,parts_08.csv,1
ANM-380,parts_08.csv,1
ANM-385,parts_08.csv,1
ANM-394,parts_08.csv,1
ANM-395,parts_08.csv,1
ANM-412,parts_08.csv,1
ANM-414,parts_08.csv,1
ANM-423,parts_08.csv,1
ANM-432,parts_08.csv,1
ANM-451,parts_08.csv,1
ANM-453,parts_08.csv,1
ANM-497,parts_08.csv,1
ANM-545,parts_08.csv,1
ANM-547,parts_08.csv,7
ANM-602,parts_08.csv,1
ANM-941,parts_08.csv,1
ANM-943,parts_08.csv,1
ANP-865,parts_08.csv,1
ANR-020,parts_08.csv,2
ANR-026,parts_08.csv,1
ANR-036,parts_08.csv,1
ANR-224,parts_08.csv,1
ANR-246,parts_08.csv,1
ANR-295,parts_08.csv,1
ANR-309,parts_08.csv,1
ANR-316,parts_08.csv,1
ANR-317,parts_08.csv,1
ANR-320,parts_08.csv,1
ANR-321,parts_08.csv,1
ANR-322,parts_08.csv,1
ANR-324,parts_08.csv,1
ANR-325,parts_08.csv,1
ANR-331,parts_08.csv,1
ANR-332,parts_08.csv,1
ANR-333,parts_09.csv,1
ANR-334,parts_09.csv,1
ANR-340,parts_09.csv,2
ANR-341,parts_09.csv,2
ANR-407,parts_09.csv,1
ANR-408,parts_09.csv,1
ANR-432,parts_09.csv,3
ANR-450,parts_09.csv,3
ANR-454,parts_09.csv,1
ANR-455,parts_09.csv,1
ANR-459,parts_09.csv,1
ANR-491,parts_09.csv,1
ANR-514,parts_09.csv,1
ANR-515,parts_09.csv,1
ANR-522,parts_09.csv,1
ANY-048,parts_09.csv,5
ANY-052,parts_09.csv,1
ANY-091,parts_09.csv,1
ANY-092,parts_09.csv,1
AP2109,parts_09.csv,1
AP2213,parts_09.csv,1
AP3111,parts_09.csv,1
AR0004,parts_09.csv,1
AR0015,parts_09.csv,1
AR0022,parts_09.csv,1
AR0024,parts_09.csv,1
AR0026,parts_09.csv,2
AR2132D,parts_09.csv,1
AR8549,parts_09.csv,1
AR8552,parts_09.csv,1
AR8718,parts_09.csv,2
ARB-001,parts_09.csv,1
ARB-002,parts_09.csv,1
ARB-003,parts_09.csv,1
ARB-006,parts_09.csv,1
ARB-007,parts_09.csv,1
ARB-009,parts_09.csv,1
ARB-010,parts_09.csv,1
ARB-011,parts_09.csv,1
ARB-012,parts_09.csv,1
ARB-013,parts_09.csv,1
ARB-014,parts_09.csv,1
ARB-016,parts_09.csv,1
ARB-018,parts_09.csv,1
ARB-021,parts_09.csv,1
ARB-028,parts_09.csv,1
ARB-035,parts_09.csv,1
ARB-036,parts_09.csv,1
ARB-039,parts_09.csv,1
ARB-040,parts_09.csv,1
ARB-042,parts_09.csv,1
ARB-044,parts_09.csv,1
ARB-045,parts_09.csv,1
ARB-049,parts_09.csv,1
ARB-054,parts_09.csv,1
ARB-055,parts_09.csv,1
ARB-056,parts_09.csv,1
ARB-057,parts_09.csv,1
ARB-058,parts_09.csv,1
ARB-060,parts_09.csv,1
ARB-063,parts_09.csv,1
ARB-065,parts_09.csv,1
ARB-066,parts_09.csv,1
ARB-068,parts_09.csv,1
ARB-069,parts_09.csv,1
ARB-071,parts_09.csv,1
ARB-072,parts_09.csv,1
ARB-073,parts_09.csv,1
ARB-076,parts_09.csv,1
ARB-077,parts_09.csv,1
ARB-080,parts_09.csv,1
ARB-081,parts_09.csv,1
ARB-087,parts_09.csv,1
ARB-088,parts_09.csv,1
ARB-099,parts_09.csv,1
ARB-105,parts_09.csv,1
ARB-107,parts_09.csv,1
ARB-125,parts_09.csv,1
ARB-129,parts_09.csv,1
ARB-130,parts_09.csv,1
ARB-132,parts_09.csv,1
ARB-133,parts_09.csv,1
ARB-135,parts_09.csv,1
ARB-142,parts_09.csv,1
ARB-143,parts_09.csv,1
ARB-148,parts_09.csv,1
ARB-158,parts_09.csv,1
ARB-159,parts_09.csv,1
ARB-160,parts_09.csv,1
ARB-164,parts_09.csv,1
ARB-167,parts_09.csv,1
ARB-168,parts_09.csv,1
ARB-169,parts_09.csv,1
ARB-171,parts_09.csv,1
ARB-175,parts_09.csv,2
ARB-182,parts_09.csv,1
ARB-183,parts_09.csv,1
ARB-185,parts_09.csv,1
ARB-186,parts_09.csv,1
ARB-187,parts_09.csv,1
ARB-191,parts_09.csv,1
ARB-193,parts_09.csv,1
ARB-195,parts_09.csv,1
ARB-204,parts_09.csv,1
ARB-205,parts_09.csv,2
ARB-206,parts_09.csv,1
ARB-207,parts_09.csv,1
ARB-208,parts_09.csv,1
ARB-209,parts_09.csv,1
ARB-212,parts_09.csv,1
ARB-213,parts_09.csv,1
ARB-214,parts_09.csv,1
ARB-216,parts_09.csv,2
ARB-218,parts_09.csv,1
ARB-219,parts_09.csv,1
ARB-220,parts_09.csv,2
ARB-225,parts_09.csv,1
ARB-230,parts_09.csv,2
ARB-231,parts_09.csv,1
ARB-235,parts_09.csv,1
ARB-254,parts_09.csv,2
ARB-258,parts_09.csv,1
ARB-260,parts_09.csv,1
ARB-261,parts_09.csv,1
ARB-266,parts_09.csv,1
ARB-267,parts_09.csv,1
ARB-268,parts_09.csv,2
ARB-272,parts_09.csv,2
ARB-273,parts_09.csv,2
ARB-275,parts_09.csv,2
ARB-276,parts_09.csv,2
ARB-280,parts_09.csv,1
ARB-282,parts_09.csv,1
ARB-283,parts_09.csv,1
ARB-284,parts_09.csv,2
ARB-286,parts_09.csv,1
ARB-288,parts_09.csv,2
ARB-291,parts_09.csv,1
ARB-293,parts_09.csv,1
ARB-297,parts_09.csv,1
ARB-305,parts_09.csv,1
ARB-306,parts_09.csv,1
ARB-308,parts_09.csv,1
ARB-315,parts_09.csv,1
ARB-316,parts_09.csv,1
ARB-319,parts_09.csv,1
ARB-320,parts_09.csv,1
ARB-324,parts_09.csv,1
ARB-325,parts_09.csv,1
ARB-327,parts_09.csv,1
ARB-328,parts_09.csv,1
ARB-333,parts_09.csv,1
ARB-334,parts_09.csv,1
ARB-335,parts_09.csv,1
ARB-349,parts_09.csv,1
ARB-353,parts_09.csv,1
ARB-354,parts_09.csv,1
ARB-355,parts_09.csv,1
ARB-356,parts_09.csv,1
ARB-357,parts_09.csv,1
ARB-360,parts_09.csv,1
ARB-361,parts_09.csv,1
ARB-364,parts_09.csv,2
ARB-368,parts_09.csv,1
ARB-369,parts_09.csv,1
ARB-370,parts_09.csv,1
ARB-375,parts_09.csv,1
ARB-377,parts_09.csv,1
ARB-378,parts_09.csv,1
ARB-379,parts_09.csv,1
ARB-380,parts_09.csv,1
ARB-381,parts_09.csv,1
ARB-382,parts_09.csv,1
ARB-385,parts_09.csv,1
ARB-388,parts_09.csv,1
ARB-389,parts_09.csv,1
ARB-390,parts_09.csv,1
ARB-393,parts_09.csv,1
ARB-394,parts_09.csv,1
ARB-395,parts_09.csv,1
ARB-396,parts_09.csv,1
ARB-397,parts_09.csv,1
ARB-399,parts_09.csv,1
ARB-400,parts_09.csv,1
ARB-405,parts_09.csv,1
ARB-406,parts_09.csv,2
ARB-415,parts_09.csv,1
ARB-422,parts_09.csv,1
ARB-428,parts_09.csv,2
ARB-433,parts_09.csv,1
ARB-437,parts_09.csv,1
ARB-438,parts_09.csv,1
ARB-439,parts_09.csv,1
ARB-442,parts_09.csv,1
ARB-467,parts_09.csv,1
ARB-468,parts_09.csv,2
ARB-474,parts_09.csv,1
ARB-476,parts_09.csv,1
ARB-479,parts_09.csv,3
ARB-481,parts_09.csv,3
ARB-485,parts_09.csv,1
ARB-486,parts_09.csv,1
ARB-493,parts_09.csv,1
ARB-525,parts_09.csv,1
ARB-543,parts_09.csv,3
ARB-544,parts_09.csv,4
ARB-555,parts_09.csv,5
ARB-562,parts_09.csv,2
ARB-569,parts_09.csv,1
ARB-575,parts_09.csv,3
ARB-581,parts_09.csv,1
ARB-587,parts_09.csv,4
ARB-588,parts_09.csv,4
ARB-602,parts_09.csv,2
ARB-659,parts_09.csv,1
ARB-660,parts_09.csv,4
ARB-713,parts_09.csv,1
ARB1079,parts_09.csv,5
ARB1109,parts_09.csv,3
ARB1121,parts_09.csv,4
ARB1268,parts_09.csv,1
ARB1269,parts_09.csv,1
ARC-014,parts_09.csv,1
ARC-016,parts_09.csv,1
ARC-021,parts_09.csv,2
ARC-049,parts_09.csv,2
ARC-058,parts_09.csv,1
ARC-060,parts_09.csv,1
ARC-064,parts_09.csv,1
ARC-065,parts_09.csv,2
ARC-066,parts_09.csv,1
ARC-068,parts_09.csv,1
ARC-116,parts_09.csv,1
ARD-069,parts_09.csv,1
ARD-071,parts_09.csv,1
ARD-073,parts_09.csv,1
ARD-078,parts_09.csv,1
ARD-082,parts_09.csv,1
ARD-089,parts_09.csv,1
ARD-093,parts_09.csv,1
ARD-095,parts_09.csv,1
ARD-096,parts_09.csv,1
ARD-104,parts_09.csv,1
ARD-105,parts_09.csv,1
ARD-106,parts_09.csv,1
ARD-107,parts_09.csv,1
ARD-108,parts_09.csv,1
ARD-119,parts_09.csv,1
ARD-120,parts_09.csv,1
ARD-121,parts_09.csv,1
ARD-122,parts_09.csv,1
ARD-128,parts_09.csv,1
ARD-137,parts_09.csv,1
ARD-146,parts_09.csv,1
ARD-149,parts_09.csv,2
ARD-153,parts_09.csv,1
ARD-154,parts_09.csv,1
ARD-156,parts_09.csv,1
ARD-157,parts_09.csv,1
ARD-168,parts_09.csv,1
ARE-019,parts_09.csv,1
ARE-023,parts_09.csv,1
ARE-028,parts_09.csv,1
ARE-030,parts_09.csv,1
ARE-033,parts_09.csv,1
ARE-066,parts_09.csv,1
ARE-073,parts_09.csv,1
ARE-074,parts_09.csv,1
ARE-087,parts_09.csv,2
ARE-091,parts_09.csv,1
ARE-101,parts_09.csv,1
ARE-130,parts_09.csv,1
ARE-140,parts_09.csv,1
ARE-159,parts_09.csv,1
ARE-588,parts_09.csv,1
ARE1005,parts_09.csv,1
ARE1050,parts_09.csv,1
ARE1088,parts_09.csv,1
ARE1098,parts_09.csv,1
ARG-013,parts_09.csv,2
ARG-014,parts_09.csv,1
ARH1041,parts_09.csv,2
ARH1051,parts_09.csv,2
ARH1053,parts_09.csv,2
ARP-009,parts_09.csv,1
ARP-012,parts_09.csv,1
ARP-015,parts_09.csv,1
ARP-018,parts_09.csv,1
ARP-030,parts_09.csv,1
ARP-043,parts_09.csv,1
ARP-052,parts_09.csv,1
ARP-054,parts_09.csv,1
ARP-055,parts_09.csv,1
ARP-082,parts_09.csv,1
ARP-086,parts_09.csv,1
ARP-099,parts_09.csv,1
ARP-1109,parts_09.csv,1
ARP-119,parts_09.csv,1
ARP-137,parts_09.csv,1
ARP-230,parts_09.csv,1
ARP-282,parts_09.csv,1
ARP-293,parts_09.csv,1
ARP-296,parts_09.csv,1
ARP-298,parts_09.csv,1
ARP-307,parts_09.csv,1
ARP-318,parts_09.csv,1
ARP-326,parts_09.csv,1
ARP-342,parts_09.csv,1
ARP-344,parts_09.csv,1
ARP-345,parts_09.csv,1
ARP-349,parts_09.csv,1
ARP-353,parts_09.csv,1
ARP-446,parts_09.csv,1
ARP-472,parts_09.csv,1
ARP-476,parts_09.csv,1
ARP-481,parts_09.csv,1
ARP-493,parts_09.csv,1
ARP-494,parts_09.csv,1
ARP-688,parts_09.csv,1
ARP-691,parts_09.csv,1
ARP-692,parts_09.csv,1
ARP-697,parts_09.csv,2
ARP-820,parts_09.csv,2
ARP-822,parts_09.csv,1
ARP1143,parts_09.csv,1
ARP1417,parts_09.csv,1
ARP1561,parts_09.csv,1
ARP1608,parts_09.csv,1
ARP1815,parts_09.csv,1
ARP2106,parts_09.csv,1
ART-001,parts_09.csv,1
ART-002,parts_09.csv,1
ART-005,parts_09.csv,1
ART-006,parts_09.csv,1
ART-008,parts_09.csv,1
ART-009,parts_09.csv,2
ART-011,parts_09.csv,1
ART-013,parts_09.csv,1
ART-015,parts_09.csv,1
ART-027,parts_09.csv,1
ART-057,parts_09.csv,1
ART-058,parts_09.csv,1
ART-076,parts_09.csv,1
ART-081,parts_09.csv,1
ART-084,parts_09.csv,1
ART-095,parts_09.csv,1
ART-100,parts_09.csv,1
ART-104,parts_09.csv,1
ART-105,parts_09.csv,1
ART-106,parts_09.csv,1
ART-109,parts_09.csv,1
ART-113,parts_09.csv,1
ART-115,parts_09.csv,1
ART-117,parts_09.csv,1
ART-125,parts_09.csv,1
ART-126,parts_09.csv,1
ART-138,parts_09.csv,1
ART-140,parts_09.csv,1
ART-141,parts_09.csv,1
ART-142,parts_09.csv,1
ART-145,parts_09.csv,1
ART-147,parts_09.csv,1
ART-152,parts_09.csv,1
ART-154,parts_09.csv,1
ART-163,parts_09.csv,2
ART-165,parts_09.csv,1
ART-166,parts_09.csv,1
ART-179,parts_09.csv,1
ART-182,parts_09.csv,1
ART-187,parts_09.csv,1
ART-189,parts_09.csv,1
ART-193,parts_09.csv,1
ART-194,parts_09.csv,1
ART-196,parts_09.csv,1
ART-198,parts_09.csv,1
ART-201,parts_09.csv,1
ART-202,parts_09.csv,1
ART-203,parts_09.csv,1
ART-207,parts_09.csv,1
ART-208,parts_09.csv,1
ART-209,parts_09.csv,1
ART-210,parts_09.csv,1
ART-211,parts_09.csv,1
ART-222,parts_09.csv,1
ART-223,parts_09.csv,1
ART-224,parts_09.csv,1
ART-227,parts_09.csv,1
ART-228,parts_09.csv,1
ART-231,parts_09.csv,1
ART-232,parts_09.csv,1
ART-251,parts_09.csv,1
ART-254,parts_09.csv,2
ART-261,parts_09.csv,1
ART-272,parts_09.csv,2
ART-281,parts_09.csv,2
ART-290,parts_09.csv,1
ART-296,parts_09.csv,1
ART-303,parts_09.csv,1
ART-304,parts_09.csv,1
ART-307,parts_09.csv,1
ART-309,parts_09.csv,1
ART-320,parts_09.csv,1
ART-321,parts_09.csv,1
ART-323,parts_09.csv,1
ART-324,parts_09.csv,1
ART-325,parts_09.csv,1
ART-338,parts_09.csv,1
ART-346,parts_09.csv,1
ART-356,parts_09.csv,1
ART-363,parts_09.csv,1
ART-365,parts_09.csv,1
ART-366,parts_09.csv,1
ART-375,parts_09.csv,1
ART-379,parts_09.csv,1
ART-387,parts_09.csv,1
ART-395,parts_09.csv,1
ART-398,parts_09.csv,1
ART-426,parts_09.csv,1
ART-431,parts_09.csv,1
ART-457,parts_09.csv,1
ART-477,parts_09.csv,1
ART-481,parts_09.csv,1
ART-482,parts_09.csv,1
ART-513,parts_09.csv,1
ART-517,parts_09.csv,1
ART-535,parts_09.csv,2
ART-538,parts_09.csv,1
ART-546,parts_09.csv,1
ART-547,parts_09.csv,1
ART-548,parts_09.csv,1
ART-554,parts_09.csv,1
ART-564,parts_09.csv,1
ART-584,parts_09.csv,1
ART-588,parts_09.csv,1
ART-590,parts_09.csv,1
ART-597,parts_09.csv,1
ART-601,parts_09.csv,1
ART-617,parts_09.csv,1
ART-618,parts_09.csv,1
ART-649,parts_09.csv,1
ART-653,parts_09.csv,1
ART-672,parts_09.csv,1
ART-692,parts_09.csv,1
AS0214,parts_09.csv,1
AS1637,parts_09.csv,1
AS1638,parts_09.csv,1
AS6216,parts_09.csv,1
AS9001,parts_09.csv,1
ASA-001,parts_09.csv,1
ASA-004,parts_09.csv,1
ASA-005,parts_09.csv,1
ASA-007,parts_09.csv,2
ASA-008,parts_09.csv,4
ASA-011,parts_09.csv,1
ASA-012,parts_09.csv,1
ASA-015,parts_09.csv,1
ASA-016,parts_09.csv,1
ASA-017,parts_09.csv,2
ASA-018,parts_09.csv,1
ASA-020,parts_09.csv,1
ASA-026,parts_09.csv,2
ASA-027,parts_09.csv,1
ASA-028,parts_09.csv,1
ASA-031,parts_09.csv,2
ASA-032,parts_09.csv,2
ASA-034,parts_09.csv,2
ASA-038,parts_09.csv,2
ASA-039,parts_09.csv,3
ASA-040,parts_09.csv,2
ASA-042,parts_09.csv,3
ASA-044,parts_09.csv,1
ASA-045,parts_09.csv,1
ASA-048,parts_09.csv,2
ASA-049,parts_09.csv,1
ASA-504,parts_09.csv,1
ASA-505,parts_09.csv,3
ASA-507,parts_09.csv,4
ASB-001,parts_09.csv,1
ASB-002,parts_09.csv,1
ASB-003,parts_09.csv,1
ASB-004- B,parts_09.csv,1
ASB-005,parts_09.csv,1
ASB-007,parts_09.csv,1
ASB-011,parts_09.csv,2
ASB-014,parts_09.csv,1
ASB-016,parts_09.csv,1
ASB-017,parts_09.csv,2
ASB-018,parts_09.csv,1
ASB-019,parts_09.csv,1
ASB-020,parts_09.csv,1
ASB-021,parts_09.csv,5
ASB-022,parts_09.csv,2
ASB-023,parts_09.csv,1
ASB-024,parts_09.csv,2
ASB-025,parts_09.csv,1
ASB-026,parts_09.csv,1
ASB-029,parts_09.csv,1
ASB-034,parts_09.csv,1
ASB-036,parts_09.csv,1
ASB-047,parts_09.csv,2
ASB-048,parts_09.csv,1
ASB-050,parts_09.csv,3
ASB-051,parts_09.csv,6
ASB-067,parts_09.csv,1
ASB-102,parts_09.csv,3
ASC-001,parts_09.csv,1
ASC-002,parts_09.csv,1
ASC-004,parts_09.csv,2
ASC-005,parts_09.csv,2
ASC-006,parts_09.csv,2
ASC-007,parts_09.csv,2
ASC-008,parts_09.csv,1
ASC-009,parts_09.csv,1
ASC-010,parts_09.csv,1
ASC-016,parts_09.csv,1
ASC-020,parts_09.csv,1
ASC-021,parts_09.csv,1
ASC-023,parts_09.csv,1
ASC-025,parts_09.csv,2
ASC-030,parts_09.csv,1
ASC-031,parts_09.csv,1
ASC-032,parts_09.csv,2
ASC-033,parts_09.csv,1
ASC-034,parts_09.csv,1
ASC-035,parts_09.csv,1
ASC-036,parts_09.csv,1
ASC-037,parts_09.csv,3
ASC-038,parts_09.csv,1
ASC-039,parts_09.csv,1
ASC-040,parts_09.csv,1
ASC-041,parts_09.csv,1
ASC-042,parts_09.csv,1
ASC-043,parts_09.csv,1
ASC-044,parts_09.csv,1
ASC-045,parts_09.csv,1
ASC-046,parts_09.csv,1
ASC-047,parts_09.csv,1
ASC-048,parts_09.csv,1
ASC-049,parts_09.csv,1
ASC-050,parts_09.csv,1
ASC-052,parts_09.csv,2
ASC-053,parts_09.csv,1
ASC-059,parts_09.csv,1
ASC-060,parts_09.csv,1
ASC-061,parts_09.csv,1
ASC-066,parts_09.csv,2
ASC-067,parts_09.csv,1
ASD-017,parts_09.csv,2
ASD-018,parts_09.csv,1
ASD-020,parts_09.csv,2
ASD-021,parts_09.csv,2
ASD-022,parts_09.csv,1
ASD-023,parts_09.csv,1
ASD-025,parts_09.csv,1
ASD-026,parts_09.csv,1
ASD-027,parts_09.csv,1
ASD-028,parts_09.csv,1
ASD-029,parts_09.csv,2
ASD-031,parts_09.csv,1
ASD-032,parts_09.csv,1
ASD-033,parts_09.csv,1
ASD-034,parts_09.csv,1
ASD-035,parts_09.csv,1
ASD-036,parts_09.csv,1
ASD-037,parts_09.csv,1
ASD-038,parts_09.csv,2
ASD-039,parts_09.csv,1
ASD-040,parts_09.csv,1
ASD-041,parts_09.csv,1
ASD-042,parts_09.csv,1
ASD-043,parts_09.csv,1
ASD-044,parts_09.csv,1
ASD-046,parts_09.csv,1
ASD-047,parts_09.csv,1
ASD-048,parts_09.csv,2
ASD-049,parts_09.csv,2
ASD-052,parts_09.csv,2
ASD-053,parts_09.csv,2
ASD-054,parts_09.csv,2
ASD-055,parts_09.csv,1
ASD-056,parts_09.csv,1
ASD-057,parts_09.csv,1
ASD-061,parts_09.csv,1
ASD-062,parts_09.csv,1
ASD-063,parts_09.csv,1
ASD-064,parts_09.csv,1
ASD-065 (ASD-055),parts_09.csv,1
ASD-071,parts_09.csv,4
ASD-071 (ASE-110),parts_09.csv,1
ASD-080,parts_09.csv,2
ASD-082,parts_09.csv,1
ASD-102,parts_09.csv,1
ASD-104,parts_09.csv,1
ASD-107,parts_09.csv,1
ASD-110,parts_09.csv,1
ASD-113,parts_09.csv,1
ASD-114,parts_09.csv,1
ASD-115,parts_09.csv,1
ASD-118,parts_09.csv,1
ASD-128,parts_09.csv,1
ASD1002,parts_09.csv,2
ASD1003,parts_09.csv,4
ASE-001,parts_09.csv,3
ASE-003,parts_09.csv,1
ASE-006,parts_09.csv,1
ASE-007,parts_09.csv,2
ASE-008,parts_09.csv,2
ASE-009,parts_09.csv,1
ASE-010,parts_09.csv,2
ASE-014,parts_09.csv,1
ASE-015,parts_09.csv,3
ASE-023,parts_09.csv,4
ASE-024,parts_09.csv,1
ASE-025,parts_09.csv,1
ASE-026,parts_09.csv,1
ASE-031,parts_09.csv,1
ASE-032,parts_09.csv,1
ASE-033,parts_09.csv,1
ASE-102,parts_09.csv,4
ASE-103,parts_09.csv,2
ASE-104,parts_09.csv,1
ASE-105,parts_09.csv,2
ASE-106,parts_09.csv,2
ASE-107,parts_09.csv,4
ASE-110,parts_09.csv,3
ASE-115,parts_09.csv,2
ASE-125,parts_09.csv,1
ASE-126,parts_09.csv,1
ASE1001,parts_09.csv,1
ASF-001,parts_09.csv,4
ASG-001,parts_09.csv,1
ASG-002,parts_09.csv,2
ASG-003,parts_09.csv,4
ASG-004,parts_09.csv,1
ASG-005,parts_09.csv,3
ASG-006,parts_09.csv,7
ASG-016,parts_09.csv,1
ASG-017,parts_09.csv,8
ASG-018,parts_09.csv,1
ASG-019,parts_09.csv,8
ASG-023,parts_09.csv,3
ASG-025,parts_09.csv,1
ASG-026,parts_09.csv,2
ASG-027,parts_09.csv,2
ASG-029,parts_09.csv,1
ASG-030,parts_09.csv,1
ASG-031,parts_09.csv,2
ASG-032,parts_09.csv,3
ASG-033,parts_09.csv,1
ASG-034,parts_09.csv,1
ASG-035,parts_09.csv,1
ASG-036,parts_09.csv,1
ASG-040,parts_09.csv,3
ASG-041,parts_09.csv,1
ASG-042,parts_09.csv,2
ASG-043,parts_09.csv,7
ASG-044,parts_09.csv,1
ASG-045,parts_09.csv,1
ASG-046,parts_09.csv,2
ASG-047,parts_09.csv,3
ASG-049,parts_09.csv,2
ASG-050,parts_09.csv,2
ASG-052,parts_09.csv,1
ASG-055,parts_09.csv,1
ASG-056,parts_09.csv,1
ASG-057,parts_09.csv,1
ASG-058,parts_09.csv,1
ASG-059,parts_09.csv,1
ASG-061,parts_09.csv,1
ASG-062,parts_09.csv,2
ASG-063,parts_09.csv,1
ASG-064,parts_09.csv,2
ASG-065,parts_09.csv,1
ASG-068,parts_09.csv,1
ASG-069,parts_09.csv,1
ASG-070,parts_09.csv,5
ASG-071,parts_09.csv,1
ASG-072,parts_09.csv,1
ASG-073,parts_09.csv,3
ASG-074,parts_09.csv,1
ASG-075,parts_09.csv,1
ASG-077,parts_09.csv,4
ASG-078,parts_09.csv,2
ASG-079,parts_09.csv,2
ASG-080,parts_09.csv,2
ASG-085,parts_09.csv,1
ASG-092,parts_09.csv,1
ASG-093,parts_09.csv,1
ASG-094,parts_09.csv,3
ASG-095,parts_09.csv,4
ASG-096,parts_09.csv,2
ASG-097,parts_09.csv,1
ASG-098,parts_09.csv,2
ASG-113,parts_09.csv,1
ASG-115,parts_09.csv,1
ASG-117,parts_09.csv,1
ASG-126,parts_09.csv,4
ASG-127,parts_09.csv,2
ASG-128,parts_09.csv,1
ASG-129,parts_09.csv,1
ASG-130,parts_09.csv,1
ASG-132,parts_09.csv,1
ASG-133,parts_09.csv,2
ASG-134,parts_09.csv,5
ASG-137,parts_09.csv,1
ASG-138,parts_09.csv,3
ASG-139,parts_09.csv,4
ASG-140,parts_09.csv,1
ASG-150,parts_09.csv,1
ASG-151,parts_09.csv,5
ASG-160,parts_09.csv,2
ASG-161,parts_09.csv,6
ASG-163,parts_09.csv,1
ASG-173,parts_09.csv,1
ASG-174,parts_09.csv,1
ASG-177,parts_09.csv,5
ASG-178,parts_09.csv,1
ASG-206,parts_09.csv,1
ASG-208,parts_09.csv,1
ASG-212,parts_09.csv,3
ASG-213,parts_09.csv,2
ASG-214,parts_09.csv,4
ASG-215,parts_09.csv,4
ASG-216,parts_10.csv,2
ASG-217,parts_10.csv,1
ASG-221,parts_10.csv,3
ASG-221 (ASG-246),parts_10.csv,1
ASG-228,parts_10.csv,1
ASG-229,parts_10.csv,1
ASG-230,parts_10.csv,4
ASG-231,parts_10.csv,4
ASG-240,parts_10.csv,8
ASG-241,parts_10.csv,4
ASG-242,parts_10.csv,5
ASG-242 (ASG-244),parts_10.csv,1
ASG-243,parts_10.csv,1
ASG-244,parts_10.csv,1
ASG-245,parts_10.csv,1
ASG-246,parts_10.csv,2
ASG-247,parts_10.csv,1
ASG-248,parts_10.csv,1
ASG-249,parts_10.csv,2
ASG-250,parts_10.csv,2
ASG-251,parts_10.csv,6
ASG-252,parts_10.csv,4
ASG-253,parts_10.csv,2
ASG-254,parts_10.csv,2
ASG-255,parts_10.csv,1
ASG-256,parts_10.csv,1
ASG-257,parts_10.csv,2
ASG-261,parts_10.csv,1
ASG-266,parts_10.csv,1
ASG-275,parts_10.csv,1
ASG-276,parts_10.csv,2
ASG-278,parts_10.csv,5
ASG-279,parts_10.csv,1
ASG-280,parts_10.csv,2
ASG-281,parts_10.csv,1
ASG-282,parts_10.csv,1
ASG-285,parts_10.csv,1
ASG-287,parts_10.csv,2
ASG-288,parts_10.csv,1
ASG-297,parts_10.csv,1
ASG-298,parts_10.csv,2
ASG-299,parts_10.csv,1
ASG-300,parts_10.csv,1
ASG-301,parts_10.csv,1
ASG-302,parts_10.csv,1
ASG-310,parts_10.csv,1
ASG-311,parts_10.csv,1
ASG-312,parts_10.csv,1
ASG-313,parts_10.csv,2
ASG-316,parts_10.csv,1
ASG-317,parts_10.csv,2
ASG-318,parts_10.csv,2
ASG-345,parts_10.csv,1
ASG-346,parts_10.csv,1
ASG-347,parts_10.csv,1
ASG-348,parts_10.csv,1
ASG-402,parts_10.csv,1
ASG-403,parts_10.csv,2
ASG-408,parts_10.csv,2
ASG-412,parts_10.csv,1
ASG-413,parts_10.csv,14
ASG-414,parts_10.csv,1
ASG-415,parts_10.csv,2
ASG-502,parts_10.csv,1
ASG-503,parts_10.csv,3
ASG-504,parts_10.csv,5
ASG-505,parts_10.csv,2
ASG-507/ASG-501,parts_10.csv,1
ASG-508/ASG-503,parts_10.csv,1
ASG-510,parts_10.csv,1
ASG-511,parts_10.csv,2
ASG-513,parts_10.csv,2
ASG-516,parts_10.csv,3
ASG-518,parts_10.csv,2
ASG-519,parts_10.csv,1
ASG-520,parts_10.csv,3
ASG-521,parts_10.csv,9
ASG-522,parts_10.csv,11
ASG-526,parts_10.csv,1
ASG-532,parts_10.csv,3
ASG-533,parts_10.csv,3
ASG-534,parts_10.csv,4
ASG-535,parts_10.csv,3
ASG-536,parts_10.csv,4
ASG-536 ????,parts_10.csv,2
ASG-538,parts_10.csv,1
ASG-539,parts_10.csv,4
ASG-540,parts_10.csv,1
ASG-541,parts_10.csv,6
ASG-541 (ASG-539),parts_10.csv,2
ASG-542,parts_10.csv,7
ASG-545,parts_10.csv,9
ASG-547,parts_10.csv,1
ASG-549,parts_10.csv,2
ASG-552,parts_10.csv,1
ASG-553,parts_10.csv,10
ASG-703,parts_10.csv,5
ASG-704,parts_10.csv,2
ASG-705,parts_10.csv,1
ASG-711,parts_10.csv,15
ASG-711 (ASG-703),parts_10.csv,4
ASG-712,parts_10.csv,1
ASG-801,parts_10.csv,1
ASG-802,parts_10.csv,1
ASG-803,parts_10.csv,1
ASG-810,parts_10.csv,1
ASG-812,parts_10.csv,5
ASG-814,parts_10.csv,1
ASG-815,parts_10.csv,1
ASG-816,parts_10.csv,2
ASG-821,parts_10.csv,2
ASG-822,parts_10.csv,1
ASG-829,parts_10.csv,1
ASG1003,parts_10.csv,1
ASG1018,parts_10.csv,1
ASG1019,parts_10.csv,3
ASG1021,parts_10.csv,3
ASG1029,parts_10.csv,1
ASG1032,parts_10.csv,4
ASH -012,parts_10.csv,1
ASH-001,parts_10.csv,3
ASH-002,parts_10.csv,3
ASH-003,parts_10.csv,1
ASH-004,parts_10.csv,1
ASH-006,parts_10.csv,2
ASH-007,parts_10.csv,2
ASH-008,parts_10.csv,10
ASH-012,parts_10.csv,1
ASH-013,parts_10.csv,5
ASH-014,parts_10.csv,2
ASH-015,parts_10.csv,27
ASH-016,parts_10.csv,16
ASH-017,parts_10.csv,6
ASH-018,parts_10.csv,3
ASH-019,parts_10.csv,2
ASH-023,parts_10.csv,2
ASH-026,parts_10.csv,1
ASH-028,parts_10.csv,3
ASH-029,parts_10.csv,1
ASH-033 (ASR-023),parts_10.csv,1
ASH-034,parts_10.csv,2
ASH-068,parts_10.csv,1
ASH-112 (ASH-107),parts_10.csv,1
ASK 144,parts_10.csv,2
ASK-001,parts_10.csv,1
ASK-003,parts_10.csv,10
ASK-004,parts_10.csv,18
ASK-006,parts_10.csv,1
ASK-007,parts_10.csv,4
ASK-008,parts_10.csv,2
ASK-009,parts_10.csv,3
ASK-010,parts_10.csv,1
ASK-014,parts_10.csv,3
ASK-015,parts_10.csv,2
ASK-016,parts_10.csv,1
ASK-017,parts_10.csv,1
ASK-018,parts_10.csv,2
ASK-022,parts_10.csv,3
ASK-024,parts_10.csv,3
ASK-025,parts_10.csv,2
ASK-026,parts_10.csv,1
ASK-027,parts_10.csv,6
ASK-028,parts_10.csv,4
ASK-030,parts_10.csv,1
ASK-032,parts_10.csv,2
ASK-033,parts_10.csv,2
ASK-034,parts_10.csv,1
ASK-035,parts_10.csv,1
ASK-036,parts_10.csv,1
ASK-039,parts_10.csv,2
ASK-040,parts_10.csv,2
ASK-041,parts_10.csv,2
ASK-042,parts_10.csv,1
ASK-043,parts_10.csv,1
ASK-044,parts_10.csv,1
ASK-051,parts_10.csv,1
ASK-052,parts_10.csv,1
ASK-054,parts_10.csv,1
ASK-055,parts_10.csv,1
ASK-060,parts_10.csv,1
ASK-062,parts_10.csv,3
ASK-065,parts_10.csv,4
ASK-066,parts_10.csv,12
ASK-067,parts_10.csv,3
ASK-068,parts_10.csv,7
ASK-069,parts_10.csv,1
ASK-070,parts_10.csv,2
ASK-071,parts_10.csv,1
ASK-072,parts_10.csv,12
ASK-080,parts_10.csv,12
ASK-081,parts_10.csv,1
ASK-082,parts_10.csv,3
ASK-084,parts_10.csv,4
ASK-085,parts_10.csv,5
ASK-086,parts_10.csv,5
ASK-087,parts_10.csv,4
ASK-089,parts_10.csv,19
ASK-090,parts_10.csv,26
ASK-091,parts_10.csv,5
ASK-092,parts_10.csv,21
ASK-095,parts_10.csv,2
ASK-096,parts_10.csv,1
ASK-097,parts_10.csv,3
ASK-099,parts_10.csv,1
ASK-102,parts_10.csv,1
ASK-104,parts_10.csv,2
ASK-105,parts_10.csv,1
ASK-108,parts_10.csv,4
ASK-109,parts_10.csv,11
ASK-110,parts_10.csv,14
ASK-111,parts_10.csv,1
ASK-112,parts_10.csv,6
ASK-113,parts_10.csv,9
ASK-115,parts_10.csv,1
ASK-118,parts_10.csv,2
ASK-120,parts_10.csv,1
ASK-122,parts_10.csv,6
ASK-123,parts_10.csv,2
ASK-124,parts_10.csv,10
ASK-127,parts_10.csv,5
ASK-128,parts_10.csv,8
ASK-129,parts_10.csv,2
ASK-130,parts_10.csv,1
ASK-131,parts_10.csv,1
ASK-133,parts_10.csv,2
ASK-139,parts_10.csv,4
ASK-142,parts_10.csv,1
ASK-143,parts_10.csv,1
ASK-144,parts_10.csv,21
ASK-145,parts_10.csv,8
ASK-146,parts_10.csv,2
ASK-147,parts_10.csv,1
ASK-148,parts_10.csv,4
ASK-150,parts_10.csv,1
ASK-152,parts_10.csv,6
ASK-153,parts_10.csv,1
ASK-154,parts_10.csv,3
ASK-155,parts_10.csv,6
ASK-156,parts_10.csv,3
ASK-157,parts_10.csv,9
ASK-158,parts_10.csv,5
ASK-159,parts_10.csv,2
ASK-160,parts_10.csv,2
ASK-171,parts_10.csv,2
ASK-172,parts_10.csv,3
ASK-173,parts_10.csv,1
ASK-174,parts_10.csv,1
ASK-178,parts_10.csv,1
ASK-179,parts_10.csv,2
ASK-502,parts_10.csv,2
ASK-506 (ASK-097),parts_10.csv,1
ASK-507,parts_10.csv,3
ASK-507 (ASK-066),parts_10.csv,1
ASK-508,parts_10.csv,2
ASK-508 (ASK-097),parts_10.csv,1
ASK-509,parts_10.csv,1
ASK-511,parts_10.csv,1
ASK-514,parts_10.csv,3
ASK-515,parts_10.csv,1
ASK-516,parts_10.csv,1
ASK-520,parts_10.csv,1
ASK-521,parts_10.csv,2
ASK-522,parts_10.csv,3
ASK-523,parts_10.csv,2
ASM-002,parts_10.csv,1
ASR-001,parts_10.csv,2
ASR-002,parts_10.csv,2
ASR-003,parts_10.csv,5
ASR-004,parts_10.csv,1
ASR-007,parts_10.csv,9
ASR-009,parts_10.csv,1
ASR-010,parts_10.csv,2
ASR-011,parts_10.csv,1
ASR-013,parts_10.csv,2
ASR-015,parts_10.csv,4
ASR-016,parts_10.csv,3
ASR-018,parts_10.csv,1
ASR-019,parts_10.csv,2
ASR-020,parts_10.csv,1
ASR-023,parts_10.csv,1
ASR-025,parts_10.csv,1
ASR-026,parts_10.csv,3
ASR-027,parts_10.csv,1
ASR-032,parts_10.csv,1
ASR-033,parts_10.csv,6
ASR-034,parts_10.csv,2
ASR-041,parts_10.csv,1
ASR-042,parts_10.csv,3
ASR-046,parts_10.csv,1
ASR-047,parts_10.csv,1
ASR-049,parts_10.csv,3
ASR-050,parts_10.csv,1
ASR-067,parts_10.csv,3
ASR-068,parts_10.csv,2
ASR-069,parts_10.csv,2
ASR-071,parts_10.csv,5
ASR-072,parts_10.csv,4
ASR-073,parts_10.csv,1
ASR-074,parts_10.csv,2
ASR-076,parts_10.csv,1
ASR-077,parts_10.csv,1
ASR-102,parts_10.csv,1
ASR-107,parts_10.csv,7
ASR-108,parts_10.csv,2
ASR-502,parts_10.csv,1
ASR-512,parts_10.csv,1
ASR1014,parts_10.csv,1
ASR1026,parts_10.csv,1
ASS-004,parts_10.csv,1
ASS-015,parts_10.csv,1
ASS-016,parts_10.csv,4
ASS-017,parts_10.csv,1
ASS-018,parts_10.csv,2
ASS-024,parts_10.csv,1
AST-001,parts_10.csv,1
ASU1002,parts_10.csv,1
ASU1006,parts_10.csv,1
ASU1008,parts_10.csv,3
ASU1016,parts_10.csv,3
ASU1024,parts_10.csv,1
ASU1025,parts_10.csv,1
ASU1026,parts_10.csv,2
ASU1027,parts_10.csv,1
ASU1028,parts_10.csv,1
ASU1029,parts_10.csv,1
ASU1038,parts_10.csv,1
ASU1039,parts_10.csv,1
ASX-001,parts_10.csv,1
ASX-016,parts_10.csv,1
ASX-103,parts_10.csv,2
ASX-113,parts_10.csv,1
ASX-116,parts_10.csv,1
ASX-118,parts_10.csv,2
ASX-128,parts_10.csv,3
ASX-130,parts_10.csv,2
ASX-131,parts_10.csv,2
ASX-133,parts_10.csv,1
ASX-134,parts_10.csv,1
ASX-135,parts_10.csv,3
ASX-137,parts_10.csv,4
ASX-143,parts_10.csv,1
ASX-145,parts_10.csv,1
ASX-151,parts_10.csv,1
ASX-153,parts_10.csv,3
ASX-154,parts_11.csv,1
ASX-156,parts_11.csv,3
ASX-169,parts_11.csv,1
ASX-173,parts_11.csv,1
ASX-175,parts_11.csv,2
ASX-182,parts_11.csv,1
ASX-184,parts_11.csv,1
ASX-189,parts_11.csv,1
ASX-190,parts_11.csv,1
ASX-191,parts_11.csv,1
ASX-193,parts_11.csv,1
ASX-196,parts_11.csv,1
ASX-199,parts_11.csv,2
ASX-203,parts_11.csv,2
ASX-204,parts_11.csv,1
ASX-205,parts_11.csv,1
ASX-206,parts_11.csv,1
ASX-207,parts_11.csv,1
AT4214,parts_11.csv,1
AT5263,parts_11.csv,1
ATB-002,parts_11.csv,2
ATB-005,parts_11.csv,2
ATB-006,parts_11.csv,4
ATB-009,parts_11.csv,1
ATB-010,parts_11.csv,1
ATB-015,parts_11.csv,8
ATB-021,parts_11.csv,1
ATB-026,parts_11.csv,5
ATB-027,parts_11.csv,1
ATB-037,parts_11.csv,1
ATB-038,parts_11.csv,2
ATB-040,parts_11.csv,1
ATB-041,parts_11.csv,1
ATB-042,parts_11.csv,1
ATB-046,parts_11.csv,1
ATB-050,parts_11.csv,1
ATB-051,parts_11.csv,1
ATB-076,parts_11.csv,4
ATB-086,parts_11.csv,4
ATB-505,parts_11.csv,9
ATB-506,parts_11.csv,1
ATB-507,parts_11.csv,2
ATB-602,parts_11.csv,1
ATB-619,parts_11.csv,1
ATB-623,parts_11.csv,2
ATB-624,parts_11.csv,4
ATB-626,parts_11.csv,2
ATB-631,parts_11.csv,2
ATB-634,parts_11.csv,1
ATB-636,parts_11.csv,2
ATB-638,parts_11.csv,1
ATF-016,parts_11.csv,1
ATF-125,parts_11.csv,2
ATH-003,parts_11.csv,2
ATS-004,parts_11.csv,2
ATS-005,parts_11.csv,1
ATS-010,parts_11.csv,1
ATS-013,parts_11.csv,2
ATS-014,parts_11.csv,1
ATS-016,parts_11.csv,1
ATS-017,parts_11.csv,1
ATS-018,parts_11.csv,6
ATS-022,parts_11.csv,1
ATS-023,parts_11.csv,2
ATS-025,parts_11.csv,1
ATS-027,parts_11.csv,5
ATS-030,parts_11.csv,4
ATS-031,parts_11.csv,4
ATS-041,parts_11.csv,1
ATS-042,parts_11.csv,1
ATS-047,parts_11.csv,1
ATS-049,parts_11.csv,1
ATS-053,parts_11.csv,2
ATS-095,parts_11.csv,3
ATS-096,parts_11.csv,1
ATS-097,parts_11.csv,2
ATS-201,parts_11.csv,1
ATS-202,parts_11.csv,1
ATS-203,parts_11.csv,2
ATS-204,parts_11.csv,2
ATS-216,parts_11.csv,4
ATS-217,parts_11.csv,2
ATS-224,parts_11.csv,4
ATS-226,parts_11.csv,2
ATS-227,parts_11.csv,1
ATS-252,parts_11.csv,1
ATS-253,parts_11.csv,1
ATS1198,parts_11.csv,1
ATS1199,parts_11.csv,1
ATT-008,parts_11.csv,1
ATT-010,parts_11.csv,1
ATT-011,parts_11.csv,1
ATT-012,parts_11.csv,1
ATT-013,parts_11.csv,2
ATT-015,parts_11.csv,1
ATT-016,parts_11.csv,1
ATT-019,parts_11.csv,1
ATT-020,parts_11.csv,1
ATT-021,parts_11.csv,1
ATT-023,parts_11.csv,1
ATT-025,parts_11.csv,1
ATT-029,parts_11.csv,1
ATT-034,parts_11.csv,1
ATT-036,parts_11.csv,1
ATT-037,parts_11.csv,1
ATT-040,parts_11.csv,2
ATT-041,parts_11.csv,2
ATT-043,parts_11.csv,1
ATT-044,parts_11.csv,1
ATT-050,parts_11.csv,1
ATT-051,parts_11.csv,1
ATT-058,parts_11.csv,1
ATT-059,parts_11.csv,1
ATT-060,parts_11.csv,1
ATT-061,parts_11.csv,2
ATT-063,parts_11.csv,1
ATT-064,parts_11.csv,1
ATT-072,parts_11.csv,1
ATT-079,parts_11.csv,1
ATT-080,parts_11.csv,1
ATT-082,parts_11.csv,1
ATT-083,parts_11.csv,1
ATT-086,parts_11.csv,1
ATT-087,parts_11.csv,1
ATT-091,parts_11.csv,1
ATT-095,parts_11.csv,2
ATT-096,parts_11.csv,2
ATT-097,parts_11.csv,1
ATT-098,parts_11.csv,1
ATT-100,parts_11.csv,1
ATT-101,parts_11.csv,1
ATT-104,parts_11.csv,1
ATT-105,parts_11.csv,1
ATT-107,parts_11.csv,1
ATT-108,parts_11.csv,1
ATT-110,parts_11.csv,2
ATT-111,parts_11.csv,2
ATT-113,parts_11.csv,1
ATT-114,parts_11.csv,1
ATT-120,parts_11.csv,1
ATT-121,parts_11.csv,1
ATT-127,parts_11.csv,1
ATT-128,parts_11.csv,1
ATT-131,parts_11.csv,1
ATT-132,parts_11.csv,2
ATT-133,parts_11.csv,1
ATT-135,parts_11.csv,1
ATT-144,parts_11.csv,1
ATT-145,parts_11.csv,1
ATT-166,parts_11.csv,1
ATT-167,parts_11.csv,1
ATT-168,parts_11.csv,1
ATT-169,parts_11.csv,1
ATT-170,parts_11.csv,1
ATT-171,parts_11.csv,1
ATT-172,parts_11.csv,1
ATT-173,parts_11.csv,1
ATT-174,parts_11.csv,1
ATT-176,parts_11.csv,1
ATT-179,parts_11.csv,1
ATT-180,parts_11.csv,1
ATT-181,parts_11.csv,1
ATT-184,parts_11.csv,1
ATT-185,parts_11.csv,1
ATT-186,parts_11.csv,1
ATT-188,parts_11.csv,1
ATT-189,parts_11.csv,1
ATT-190,parts_11.csv,1
ATT-191,parts_11.csv,1
ATT-192,parts_11.csv,1
ATT-199,parts_11.csv,2
ATT-206,parts_11.csv,1
ATT-218,parts_11.csv,1
ATT-221,parts_11.csv,1
ATT-222,parts_11.csv,1
ATT-226,parts_11.csv,1
ATT-227,parts_11.csv,1
ATT-228,parts_11.csv,1
ATT-232,parts_11.csv,1
ATT-233,parts_11.csv,1
ATT-234,parts_11.csv,1
ATT-235,parts_11.csv,1
ATT-236,parts_11.csv,1
ATT-238,parts_11.csv,1
ATT-239,parts_11.csv,1
ATT-240,parts_11.csv,1
ATT-242,parts_11.csv,1
ATT-248,parts_11.csv,1
ATT-249,parts_11.csv,1
ATT-253,parts_11.csv,1
ATT-263,parts_11.csv,1
ATT-264,parts_11.csv,1
ATT-265,parts_11.csv,1
ATT-266,parts_11.csv,1
ATT-267,parts_11.csv,1
ATT-270,parts_11.csv,1
ATT-285,parts_11.csv,1
ATT-286,parts_11.csv,2
ATT-290,parts_11.csv,1
ATT-291,parts_11.csv,1
ATT-295,parts_11.csv,1
ATT-298,parts_11.csv,1
ATT-301,parts_11.csv,1
ATT-302,parts_11.csv,1
ATT-303,parts_11.csv,1
ATT-304,parts_11.csv,1
ATT-305,parts_11.csv,1
ATT-315,parts_11.csv,1
ATT-320,parts_11.csv,1
ATT-322,parts_11.csv,1
ATT-323,parts_11.csv,1
ATT-327,parts_11.csv,1
ATT-333,parts_11.csv,1
ATT-339,parts_11.csv,1
ATT-340,parts_11.csv,1
ATT-342,parts_11.csv,1
ATT-343,parts_11.csv,1
ATT-344,parts_11.csv,1
ATT-345,parts_11.csv,1
ATT-347,parts_11.csv,1
ATT-348,parts_11.csv,1
ATT-349,parts_11.csv,1
ATT-350,parts_11.csv,1
ATT-353,parts_11.csv,1
ATT-354,parts_11.csv,1
ATT-356,parts_11.csv,1
ATT-366,parts_11.csv,1
ATT-367,parts_11.csv,1
ATT-368,parts_11.csv,1
ATT-369,parts_11.csv,1
ATT-370,parts_11.csv,1
ATT-371,parts_11.csv,1
ATT-372,parts_11.csv,1
ATT-373,parts_11.csv,1
ATT-374,parts_11.csv,1
ATT-375,parts_11.csv,1
ATT-376,parts_11.csv,1
ATT-377,parts_11.csv,1
ATT-378,parts_11.csv,1
ATT-379,parts_11.csv,1
ATT-380,parts_11.csv,1
ATT-381,parts_11.csv,1
ATT-389,parts_11.csv,1
ATT-395,parts_11.csv,1
ATT-396,parts_11.csv,1
ATT-397,parts_11.csv,1
ATT-398,parts_11.csv,1
ATT-407,parts_11.csv,1
ATT-408,parts_11.csv,1
ATT-410,parts_11.csv,1
ATT-416,parts_11.csv,1
ATT-417,parts_11.csv,1
ATT-446,parts_11.csv,1
ATT-447,parts_11.csv,1
ATT-448,parts_11.csv,1
ATT-449,parts_11.csv,1
ATT-450,parts_11.csv,1
ATT-451,parts_11.csv,1
ATT-460,parts_11.csv,1
ATT-463,parts_11.csv,1
ATT-464,parts_11.csv,1
ATT-472,parts_11.csv,1
ATT-473,parts_11.csv,1
ATT-474,parts_11.csv,1
ATT-475,parts_11.csv,1
ATT-480,parts_11.csv,2
ATT-483,parts_11.csv,1
ATT-484,parts_11.csv,1
ATT-485,parts_11.csv,1
ATT-486,parts_11.csv,1
ATT-487,parts_11.csv,1
ATT-488,parts_11.csv,1
ATT-489,parts_11.csv,1
ATT-490,parts_11.csv,1
ATT-491,parts_11.csv,1
ATT-492,parts_11.csv,1
ATT-493,parts_11.csv,1
ATT-494,parts_11.csv,2
ATT-495,parts_11.csv,1
ATT-496,parts_11.csv,1
ATT-510,parts_11.csv,1
ATT-511,parts_11.csv,1
ATT-512,parts_11.csv,1
ATT-513,parts_11.csv,1
ATT-516,parts_11.csv,1
ATT-518,parts_11.csv,1
ATT-520,parts_11.csv,1
ATT-522,parts_11.csv,2
ATT-523,parts_11.csv,2
ATT-524,parts_11.csv,2
ATT-528,parts_11.csv,2
ATT-529,parts_11.csv,2
ATT-530,parts_11.csv,1
ATT-534,parts_11.csv,1
ATT-538,parts_11.csv,2
ATT-539,parts_11.csv,2
ATT-552,parts_11.csv,1
ATT-553,parts_11.csv,1
ATT-556,parts_11.csv,2
ATT-559,parts_11.csv,1
ATT-560,parts_11.csv,1
ATT-563,parts_11.csv,1
ATT-564,parts_11.csv,1
ATT-565,parts_11.csv,1
ATT-567,parts_11.csv,1
ATT-574,parts_11.csv,1
ATT-575,parts_11.csv,1
ATT-576,parts_11.csv,1
ATT-577,parts_11.csv,2
ATT-578,parts_11.csv,1
ATT-579,parts_11.csv,1
ATT-580,parts_11.csv,1
ATT-588,parts_11.csv,1
ATT-589,parts_11.csv,1
ATT-591,parts_11.csv,2
ATT-592,parts_11.csv,2
ATT-595,parts_11.csv,1
ATT-597,parts_11.csv,1
ATT-601,parts_11.csv,1
ATT-602,parts_11.csv,1
ATT-603,parts_11.csv,1
ATT-605,parts_11.csv,1
ATT-609,parts_11.csv,1
ATT-612,parts_11.csv,1
ATT-668,parts_11.csv,1
ATT-675,parts_11.csv,1
ATT-676,parts_11.csv,2
ATT-677,parts_11.csv,1
ATT-678,parts_11.csv,4
ATT-681,parts_11.csv,1
ATT-682,parts_11.csv,1
ATT-683,parts_11.csv,1
ATT-687,parts_11.csv,1
ATT-689,parts_11.csv,1
ATT-690,parts_11.csv,1
ATT-693,parts_11.csv,1
ATT-696,parts_11.csv,2
ATT-703,parts_11.csv,2
ATT-706,parts_11.csv,1
ATT-707,parts_11.csv,1
ATT-714,parts_11.csv,1
ATT-717,parts_11.csv,1
ATT-718,parts_11.csv,1
ATT-719,parts_11.csv,2
ATT-721,parts_11.csv,1
ATT-727,parts_11.csv,1
ATT-730,parts_11.csv,1
ATT-731,parts_11.csv,1
ATT-737,parts_11.csv,1
ATT-738,parts_11.csv,1
ATT-759,parts_11.csv,1
ATT-760,parts_11.csv,1
ATT-761,parts_11.csv,2
ATT-762,parts_11.csv,1
ATT-763,parts_11.csv,1
ATT-764,parts_11.csv,1
ATT-765,parts_11.csv,1
ATT-766,parts_11.csv,1
ATT-770,parts_11.csv,2
ATT-774,parts_11.csv,1
ATT-776,parts_11.csv,1
ATT-793,parts_11.csv,1
ATT-794,parts_11.csv,1
ATT-795,parts_11.csv,1
ATT-796,parts_11.csv,1
ATT-798,parts_11.csv,2
ATT-839,parts_11.csv,1
ATT-840,parts_11.csv,1
ATT-841,parts_11.csv,1
ATT-842,parts_11.csv,1
ATT-847,parts_11.csv,1
ATT-881,parts_11.csv,2
ATT-882,parts_11.csv,1
ATT-883,parts_11.csv,1
ATT-887,parts_11.csv,1
ATT-888,parts_11.csv,1
ATT-889,parts_11.csv,1
ATT-890,parts_11.csv,4
ATT-891,parts_11.csv,1
ATT-895,parts_11.csv,1
ATT-896,parts_11.csv,4
ATT-897,parts_11.csv,1
ATT-916,parts_11.csv,1
ATT-942,parts_11.csv,1
ATT-987,parts_11.csv,2
ATT1032,parts_11.csv,4
ATT1039,parts_11.csv,2
ATT1049,parts_11.csv,4
ATT1067,parts_11.csv,1
ATT1122,parts_11.csv,1
ATT1123,parts_11.csv,1
ATT1126,parts_11.csv,1
ATT1127,parts_11.csv,1
ATX-013,parts_11.csv,1
ATX-019,parts_11.csv,2
AV0212,parts_11.csv,1
AV7211,parts_11.csv,1
AV7305,parts_11.csv,1
AWB-001,parts_11.csv,1
AWB-005,parts_11.csv,1
AWB-006,parts_11.csv,1
AWB-008,parts_11.csv,1
AWB-009,parts_11.csv,1
AWB-013,parts_11.csv,1
AWB-015,parts_11.csv,1
AWB-017,parts_11.csv,1
AWB-023,parts_11.csv,3
AWB-028,parts_11.csv,1
AWB-030,parts_11.csv,1
AWB-036,parts_11.csv,2
AWB-044,parts_11.csv,1
AWD-002,parts_11.csv,2
AWD-007,parts_11.csv,1
AWD-008,parts_11.csv,1
AWD-009,parts_11.csv,2
AWD-010,parts_11.csv,1
AWD-014,parts_11.csv,1
AWD-015,parts_11.csv,1
AWE-003,parts_11.csv,5
AWE-004,parts_11.csv,1
AWE-008,parts_11.csv,1
AWE-011,parts_11.csv,1
AWE-015,parts_11.csv,2
AWE-016,parts_11.csv,1
AWE-023,parts_11.csv,1
AWE-024,parts_11.csv,1
AWE-025,parts_11.csv,1
AWE-026,parts_11.csv,2
AWE-027,parts_11.csv,1
AWE-028,parts_11.csv,1
AWE-031,parts_11.csv,1
AWE-037,parts_11.csv,1
AWE-040,parts_11.csv,1
AWE-041,parts_11.csv,3
AWE-043,parts_11.csv,1
AWE-046,parts_11.csv,2
AWE-048,parts_11.csv,1
AWE-055,parts_11.csv,1
AWE-056,parts_11.csv,1
AWE-062,parts_11.csv,1
AWE-066,parts_11.csv,1
AWE-067,parts_11.csv,1
AWE-068,parts_11.csv,1
AWE-069,parts_11.csv,1
AWE-070,parts_11.csv,1
AWE-071,parts_11.csv,1
AWE-072,parts_11.csv,1
AWE-073,parts_11.csv,1
AWE-074,parts_11.csv,1
AWE-075,parts_11.csv,2
AWE-084,parts_11.csv,1
AWE-085,parts_11.csv,1
AWE-087,parts_11.csv,1
AWE-088,parts_11.csv,1
AWE-092,parts_11.csv,2
AWE-093,parts_11.csv,1
AWE-094,parts_11.csv,1
AWE-097,parts_11.csv,2
AWE-099,parts_11.csv,2
AWE-114,parts_11.csv,1
AWF-002,parts_11.csv,2
AWF-003,parts_11.csv,4
AWF-005,parts_11.csv,1
AWF-006,parts_11.csv,1
AWF-007,parts_11.csv,1
AWF-008,parts_11.csv,1
AWF-010,parts_11.csv,2
AWF-011,parts_11.csv,4
AWF-013,parts_11.csv,2
AWF-014,parts_11.csv,2
AWF-015,parts_11.csv,1
AWF-016,parts_11.csv,1
AWF-017,parts_11.csv,1
AWF-020,parts_11.csv,1
AWF-021,parts_11.csv,1
AWF-023,parts_11.csv,1
AWF-024,parts_11.csv,1
AWF-025,parts_11.csv,1
AWF-030,parts_11.csv,1
AWF-031,parts_11.csv,1
AWF-034,parts_11.csv,1
AWF-046,parts_11.csv,1
AWF-047,parts_11.csv,1
AWF-048,parts_11.csv,1
AWF-049,parts_11.csv,1
AWF-052,parts_11.csv,1
AWF-054,parts_11.csv,1
AWF-058,parts_11.csv,1
AWF-059,parts_11.csv,2
AWF-060,parts_11.csv,1
AWF-073,parts_11.csv,1
AWF-076,parts_11.csv,2
AWG-001,parts_11.csv,2
AWG-002,parts_11.csv,2
AWG-003,parts_11.csv,2
AWG-006,parts_11.csv,1
AWG-008,parts_11.csv,2
AWG-009,parts_11.csv,2
AWG-010,parts_11.csv,1
AWG-011,parts_11.csv,1
AWG-013,parts_11.csv,2
AWG-014,parts_11.csv,1
AWG-015,parts_11.csv,2
AWG-016,parts_11.csv,1
AWG-017,parts_11.csv,1
AWG-018,parts_11.csv,1
AWG-021,parts_11.csv,1
AWG-023,parts_11.csv,2
AWG-024,parts_11.csv,4
AWG-027,parts_11.csv,2
AWG-029,parts_11.csv,1
AWG-030,parts_11.csv,1
AWG-031,parts_11.csv,1
AWG-032,parts_11.csv,1
AWG-033,parts_11.csv,1
AWG-034,parts_11.csv,1
AWG-035,parts_11.csv,1
AWG-036,parts_11.csv,1
AWG-038,parts_11.csv,2
AWG-039,parts_11.csv,2
AWG-040,parts_11.csv,1
AWG-041,parts_11.csv,2
AWG-042,parts_11.csv,1
AWG-044,parts_11.csv,1
AWG-045,parts_11.csv,1
AWG-046,parts_11.csv,1
AWG-047,parts_11.csv,1
AWG-049,parts_11.csv,1
AWG-056,parts_11.csv,2
AWG-058,parts_11.csv,1
AWG-059,parts_11.csv,2
AWG-060,parts_11.csv,1
AWG-080,parts_11.csv,1
AWG-084,parts_11.csv,1
AWG-088,parts_11.csv,1
AWG-090,parts_11.csv,2
AWG-091,parts_11.csv,2
AWG1002,parts_11.csv,1
AWH -013,parts_11.csv,1
AWH -021,parts_11.csv,1
AWH-002,parts_11.csv,4
AWH-005,parts_11.csv,3
AWH-006,parts_11.csv,1
AWH-010,parts_11.csv,1
AWH-011,parts_11.csv,1
AWH-012,parts_11.csv,1
AWH-013,parts_11.csv,1
AWH-015,parts_11.csv,3
AWH-019,parts_11.csv,4
AWH-022,parts_11.csv,1
AWH-023,parts_11.csv,2
AWH-027,parts_11.csv,4
AWH-028,parts_11.csv,2
AWH-029,parts_11.csv,2
AWH-030,parts_11.csv,1
AWH-031,parts_11.csv,1
AWH-032,parts_11.csv,1
AWH-033,parts_11.csv,1
AWH-034,parts_11.csv,1
AWH-035,parts_11.csv,1
AWH-037,parts_11.csv,1
AWH-040,parts_11.csv,1
AWH-041,parts_11.csv,1
AWH-042,parts_11.csv,1
AWH-045,parts_11.csv,2
AWH-046,parts_11.csv,1
AWH-047,parts_11.csv,1
AWH-048,parts_11.csv,1
AWH-050,parts_11.csv,1
AWH-051,parts_11.csv,3
AWH-052,parts_11.csv,2
AWH-059,parts_11.csv,1
AWH-061,parts_11.csv,1
AWH-062,parts_11.csv,1
AWH-065,parts_11.csv,1
AWH-071,parts_11.csv,1
AWH-073,parts_11.csv,1
AWH-074,parts_11.csv,1
AWH-079,parts_11.csv,1
AWH-097,parts_11.csv,2
AWH-099,parts_11.csv,1
AWH-104,parts_11.csv,1
AWH-108,parts_11.csv,2
AWH-110,parts_11.csv,1
AWH-112,parts_11.csv,1
AWH-113,parts_11.csv,1
AWH-117,parts_11.csv,1
AWH-121,parts_11.csv,1
AWH-124,parts_11.csv,1
AWK-001,parts_11.csv,1
AWK-010,parts_11.csv,1
AWK-012,parts_11.csv,1
AWK-014,parts_11.csv,1
AWK-016,parts_11.csv,1
AWK-019,parts_11.csv,2
AWK-020,parts_11.csv,1
AWK-021,parts_11.csv,1
AWK-023,parts_11.csv,1
AWK-025,parts_11.csv,1
AWK-034,parts_11.csv,1
AWK-035,parts_11.csv,1
AWK-038,parts_11.csv,1
AWK-039,parts_11.csv,1
AWK-040,parts_11.csv,1
AWK-052,parts_11.csv,2
AWK-054,parts_11.csv,1
AWK-055,parts_11.csv,1
AWK-056,parts_11.csv,1
AWK-057,parts_11.csv,1
AWK-058,parts_11.csv,1
AWK-059,parts_11.csv,1
AWK-060,parts_11.csv,1
AWK-061,parts_11.csv,1
AWK-064,parts_11.csv,1
AWK-065,parts_11.csv,2
AWK-067,parts_11.csv,1
AWK-069,parts_11.csv,1
AWK-079,parts_11.csv,1
AWK-083,parts_11.csv,1
AWK-087,parts_11.csv,1
AWK-088,parts_11.csv,1
AWK-199,parts_11.csv,1
AWK-200,parts_11.csv,1
AWK-201,parts_11.csv,1
AWK-202,parts_11.csv,1
AWK1301,parts_11.csv,1
AWM -033,parts_11.csv,1
AWM -045,parts_11.csv,1
AWM-001,parts_11.csv,4
AWM-003,parts_11.csv,1
AWM-004,parts_11.csv,1
AWM-009,parts_11.csv,1
AWM-011,parts_11.csv,2
AWM-012,parts_11.csv,1
AWM-020,parts_11.csv,1
AWM-025,parts_11.csv,4
AWM-026,parts_11.csv,1
AWM-027,parts_11.csv,3
AWM-028,parts_11.csv,2
AWM-029,parts_11.csv,2
AWM-031,parts_11.csv,9
AWM-032,parts_11.csv,5
AWM-034,parts_11.csv,1
AWM-036,parts_11.csv,1
AWM-037,parts_11.csv,1
AWM-038,parts_11.csv,1
AWM-039,parts_11.csv,2
AWM-041,parts_11.csv,1
AWM-044,parts_11.csv,1
AWM-045,parts_11.csv,1
AWM-046,parts_11.csv,1
AWM-048,parts_11.csv,2
AWM-049,parts_11.csv,2
AWM-050,parts_11.csv,1
AWM-057,parts_11.csv,1
AWM-059,parts_11.csv,1
AWM-062,parts_11.csv,4
AWM-063,parts_11.csv,1
AWM-064,parts_11.csv,1
AWM-066,parts_11.csv,1
AWM-068,parts_11.csv,1
AWM-071,parts_11.csv,1
AWM-072,parts_11.csv,1
AWM-073,parts_11.csv,1
AWM-074,parts_11.csv,1
AWM-076,parts_11.csv,2
AWM-077,parts_11.csv,2
AWM-078,parts_11.csv,1
AWM-079,parts_11.csv,2
AWM-081,parts_11.csv,1
AWM-082,parts_11.csv,1
AWM-083,parts_11.csv,1
AWM-086,parts_11.csv,1
AWM-089,parts_11.csv,2
AWM-090,parts_11.csv,1
AWM-091,parts_11.csv,1
AWM-094,parts_11.csv,1
AWM-101,parts_11.csv,1
AWM-113,parts_11.csv,1
AWM-119,parts_11.csv,2
AWM-120,parts_11.csv,1
AWM-121,parts_11.csv,1
AWM-122,parts_11.csv,2
AWM-123,parts_11.csv,1
AWM-124,parts_11.csv,1
AWM-126,parts_11.csv,1
AWM-162,parts_11.csv,1
AWM-163,parts_11.csv,1
AWM-179,parts_11.csv,1
AWM-226,parts_11.csv,1
AWM-227,parts_11.csv,1
AWM-351,parts_11.csv,1
AWM-433,parts_11.csv,1
AWM-439,parts_11.csv,1
AWP-014,parts_11.csv,1
AWR -089,parts_11.csv,1
AWR -191,parts_11.csv,1
AWR-001,parts_11.csv,2
AWR-002,parts_11.csv,1
AWR-003,parts_11.csv,1
AWR-004,parts_11.csv,2
AWR-006,parts_11.csv,1
AWR-007,parts_11.csv,1
AWR-010,parts_11.csv,1
AWR-011,parts_11.csv,1
AWR-012,parts_11.csv,1
AWR-013,parts_11.csv,1
AWR-016,parts_11.csv,1
AWR-018,parts_11.csv,1
AWR-019,parts_11.csv,1
AWR-021,parts_11.csv,1
AWR-022,parts_11.csv,1
AWR-023,parts_11.csv,1
AWR-024,parts_11.csv,1
AWR-026,parts_11.csv,1
AWR-027,parts_11.csv,1
AWR-028,parts_11.csv,1
AWR-029,parts_11.csv,1
AWR-030,parts_11.csv,1
AWR-031,parts_11.csv,1
AWR-032,parts_11.csv,1
AWR-033,parts_11.csv,1
AWR-034,parts_11.csv,1
AWR-035,parts_11.csv,1
AWR-038,parts_11.csv,1
AWR-039,parts_11.csv,2
AWR-040,parts_11.csv,1
AWR-049,parts_11.csv,1
AWR-050,parts_11.csv,1
AWR-052,parts_11.csv,1
AWR-053,parts_11.csv,1
AWR-054,parts_11.csv,1
AWR-055,parts_11.csv,1
AWR-056,parts_11.csv,1
AWR-057,parts_11.csv,1
AWR-058,parts_11.csv,1
AWR-059,parts_11.csv,1
AWR-060,parts_11.csv,1
AWR-061,parts_11.csv,1
AWR-062,parts_11.csv,1
AWR-063,parts_11.csv,1
AWR-064,parts_11.csv,1
AWR-065,parts_11.csv,2
AWR-067,parts_11.csv,1
AWR-069,parts_11.csv,2
AWR-070,parts_11.csv,2
AWR-074,parts_11.csv,1
AWR-075,parts_11.csv,1
AWR-076,parts_11.csv,1
AWR-077,parts_11.csv,1
AWR-079,parts_11.csv,1
AWR-080,parts_11.csv,1
AWR-086,parts_11.csv,1
AWR-087,parts_11.csv,1
AWR-088,parts_11.csv,1
AWR-090,parts_11.csv,1
AWR-093,parts_11.csv,1
AWR-094,parts_12.csv,1
AWR-095,parts_12.csv,1
AWR-097,parts_12.csv,1
AWR-099,parts_12.csv,1
AWR-100,parts_12.csv,1
AWR-101,parts_12.csv,2
AWR-102,parts_12.csv,1
AWR-103,parts_12.csv,1
AWR-104,parts_12.csv,1
AWR-106,parts_12.csv,1
AWR-107,parts_12.csv,1
AWR-108,parts_12.csv,1
AWR-117,parts_12.csv,1
AWR-118,parts_12.csv,1
AWR-119,parts_12.csv,1
AWR-124,parts_12.csv,1
AWR-128,parts_12.csv,1
AWR-129,parts_12.csv,1
AWR-130,parts_12.csv,1
AWR-131,parts_12.csv,1
AWR-132,parts_12.csv,1
AWR-133,parts_12.csv,1
AWR-134,parts_12.csv,1
AWR-135,parts_12.csv,1
AWR-137,parts_12.csv,1
AWR-139,parts_12.csv,1
AWR-140,parts_12.csv,1
AWR-143,parts_12.csv,1
AWR-152,parts_12.csv,1
AWR-154,parts_12.csv,1
AWR-155,parts_12.csv,1
AWR-156,parts_12.csv,1
AWR-157,parts_12.csv,1
AWR-169,parts_12.csv,1
AWR-171,parts_12.csv,1
AWR-174,parts_12.csv,1
AWR-175,parts_12.csv,2
AWR-176,parts_12.csv,1
AWR-177,parts_12.csv,1
AWR-178,parts_12.csv,1
AWR-181,parts_12.csv,1
AWR-182,parts_12.csv,1
AWR-185,parts_12.csv,1
AWR-186,parts_12.csv,1
AWR-192,parts_12.csv,1
AWR-193,parts_12.csv,2
AWR-198,parts_12.csv,1
AWR-200,parts_12.csv,1
AWR-201,parts_12.csv,1
AWR-210,parts_12.csv,1
AWR-211,parts_12.csv,2
AWR-214,parts_12.csv,1
AWR-216,parts_12.csv,1
AWR-217,parts_12.csv,1
AWR-218,parts_12.csv,1
AWR-226,parts_12.csv,1
AWR-227,parts_12.csv,1
AWR-236,parts_12.csv,1
AWR-243,parts_12.csv,1
AWR-244,parts_12.csv,1
AWS-001,parts_12.csv,2
AWS-002,parts_12.csv,4
AWS-003,parts_12.csv,2
AWS-004,parts_12.csv,2
AWS-005,parts_12.csv,2
AWS-006,parts_12.csv,1
AWS-007,parts_12.csv,1
AWS-009,parts_12.csv,1
AWS-013,parts_12.csv,2
AWS-014,parts_12.csv,2
AWS-015,parts_12.csv,1
AWS-016,parts_12.csv,1
AWS-017,parts_12.csv,1
AWS-023,parts_12.csv,2
AWS-024,parts_12.csv,2
AWS-025,parts_12.csv,1
AWS-026,parts_12.csv,1
AWS-027,parts_12.csv,1
AWS-028,parts_12.csv,1
AWS-029,parts_12.csv,1
AWS-030,parts_12.csv,1
AWS-031,parts_12.csv,1
AWS-032,parts_12.csv,1
AWS-035,parts_12.csv,1
AWS-036,parts_12.csv,1
AWS-037,parts_12.csv,1
AWS-038,parts_12.csv,1
AWS-039,parts_12.csv,1
AWS-040,parts_12.csv,1
AWS-046,parts_12.csv,1
AWS-047,parts_12.csv,1
AWS-048,parts_12.csv,1
AWS-049,parts_12.csv,1
AWS-062,parts_12.csv,1
AWS-064,parts_12.csv,2
AWS-065,parts_12.csv,2
AWS-066,parts_12.csv,2
AWS-067,parts_12.csv,1
AWS-068,parts_12.csv,2
AWS-069,parts_12.csv,2
AWS-070,parts_12.csv,1
AWS-071,parts_12.csv,1
AWS-072,parts_12.csv,1
AWS-073,parts_12.csv,1
AWS-074,parts_12.csv,1
AWS-075,parts_12.csv,1
AWS-076,parts_12.csv,1
AWS-077,parts_12.csv,1
AWS-079,parts_12.csv,1
AWS-080,parts_12.csv,1
AWS-081,parts_12.csv,1
AWS-082,parts_12.csv,1
AWS-083,parts_12.csv,1
AWS-085,parts_12.csv,1
AWS-089,parts_12.csv,1
AWS-090,parts_12.csv,1
AWS-091,parts_12.csv,1
AWS-092,parts_12.csv,1
AWS-093,parts_12.csv,2
AWS-094,parts_12.csv,4
AWS-095,parts_12.csv,3
AWS-098,parts_12.csv,1
AWS-099,parts_12.csv,1
AWS-108,parts_12.csv,1
AWS-109,parts_12.csv,2
AWS-110,parts_12.csv,1
AWS-111,parts_12.csv,1
AWS-112,parts_12.csv,1
AWS-113,parts_12.csv,1
AWS-114,parts_12.csv,1
AWS-115,parts_12.csv,1
AWS-125,parts_12.csv,1
AWS-134,parts_12.csv,4
AWS-146,parts_12.csv,1
AWS-147,parts_12.csv,1
AWS-148,parts_12.csv,1
AWS-149,parts_12.csv,2
AWS-154,parts_12.csv,4
AWS-159,parts_12.csv,1
AWS-160,parts_12.csv,1
AWS-163,parts_12.csv,1
AWT-001,parts_12.csv,1
AWT-002,parts_12.csv,1
AWV-001,parts_12.csv,4
AWV-002,parts_12.csv,1
AWV-003,parts_12.csv,1
AWV-004,parts_12.csv,3
AWV-007,parts_12.csv,3
AWV-008,parts_12.csv,1
AWV-009,parts_12.csv,1
AWV-010,parts_12.csv,2
AWV-011,parts_12.csv,2
AWV-012,parts_12.csv,1
AWV-013,parts_12.csv,1
AWV-014,parts_12.csv,1
AWV-015,parts_12.csv,2
AWV-017,parts_12.csv,1
AWW-004,parts_12.csv,2
AWX -052,parts_12.csv,1
AWX- 110,parts_12.csv,1
AWX-001,parts_12.csv,2
AWX-002,parts_12.csv,2
AWX-003,parts_12.csv,2
AWX-004,parts_12.csv,3
AWX-005,parts_12.csv,2
AWX-007,parts_12.csv,1
AWX-009,parts_12.csv,1
AWX-010,parts_12.csv,3
AWX-012,parts_12.csv,3
AWX-014,parts_12.csv,1
AWX-016,parts_12.csv,2
AWX-017,parts_12.csv,1
AWX-022,parts_12.csv,1
AWX-028,parts_12.csv,2
AWX-029,parts_12.csv,2
AWX-030,parts_12.csv,1
AWX-032,parts_12.csv,1
AWX-033,parts_12.csv,1
AWX-034,parts_12.csv,1
AWX-035,parts_12.csv,1
AWX-036,parts_12.csv,1
AWX-037,parts_12.csv,1
AWX-038,parts_12.csv,1
AWX-039,parts_12.csv,1
AWX-040,parts_12.csv,1
AWX-041,parts_12.csv,1
AWX-042,parts_12.csv,3
AWX-044,parts_12.csv,1
AWX-046,parts_12.csv,1
AWX-048,parts_12.csv,1
AWX-051,parts_12.csv,3
AWX-052,parts_12.csv,2
AWX-053,parts_12.csv,1
AWX-054,parts_12.csv,4
AWX-062,parts_12.csv,14
AWX-063,parts_12.csv,1
AWX-069,parts_12.csv,3
AWX-070,parts_12.csv,1
AWX-071,parts_12.csv,1
AWX-072,parts_12.csv,3
AWX-073,parts_12.csv,2
AWX-081,parts_12.csv,1
AWX-083,parts_12.csv,1
AWX-085,parts_12.csv,1
AWX-086,parts_12.csv,1
AWX-087,parts_12.csv,1
AWX-088,parts_12.csv,1
AWX-089,parts_12.csv,1
AWX-091,parts_12.csv,1
AWX-092,parts_12.csv,1
AWX-095,parts_12.csv,2
AWX-096,parts_12.csv,2
AWX-097,parts_12.csv,1
AWX-098,parts_12.csv,1
AWX-099,parts_12.csv,2
AWX-100,parts_12.csv,1
AWX-101,parts_12.csv,3
AWX-104,parts_12.csv,2
AWX-106,parts_12.csv,1
AWX-113,parts_12.csv,2
AWX-114,parts_12.csv,1
AWX-124,parts_12.csv,1
AWX-125,parts_12.csv,1
AWX-126,parts_12.csv,1
AWX-127,parts_12.csv,1
AWX-132,parts_12.csv,2
AWX-134,parts_12.csv,1
AWX-135,parts_12.csv,1
AWX-136,parts_12.csv,1
AWX-137,parts_12.csv,2
AWX-139,parts_12.csv,1
AWX-145,parts_12.csv,1
AWX-146,parts_12.csv,2
AWX-147,parts_12.csv,1
AWX-159,parts_12.csv,1
AWX-164,parts_12.csv,1
AWX-200,parts_12.csv,2
AWX-205,parts_12.csv,1
AWX-212,parts_12.csv,1
AWX-220,parts_12.csv,1
AWX-223,parts_12.csv,1
AWZ1002,parts_12.csv,1
AWZ1087,parts_12.csv,2
AWZ1091,parts_12.csv,2
AWZ1856,parts_12.csv,1
AWZ1857,parts_12.csv,1
AWZ2006,parts_12.csv,1
AWZ2324,parts_12.csv,1
AWZ2325,parts_12.csv,1
AWZ2326,parts_12.csv,1
AWZ2327,parts_12.csv,1
AWZ2328,parts_12.csv,1
AWZ2340,parts_12.csv,1
AWZ2341,parts_12.csv,1
AWZ2342,parts_12.csv,1
AWZ2343,parts_12.csv,1
AWZ2898,parts_12.csv,1
AWZ2900,parts_12.csv,1
AXA-003,parts_12.csv,4
AXA-006,parts_12.csv,1
AXA-007,parts_12.csv,1
AXA-013,parts_12.csv,2
AXA-015,parts_12.csv,16
AXA-016,parts_12.csv,1
AXA-021,parts_12.csv,3
AXA-025,parts_12.csv,4
AXA-027,parts_12.csv,1
AXA-032,parts_12.csv,1
AXA-039,parts_12.csv,5
AXA-056,parts_12.csv,3
AXA-057,parts_12.csv,1
AXA-058,parts_12.csv,1
AXA-061,parts_12.csv,1
AXA-066,parts_12.csv,2
AXA-070,parts_12.csv,5
AXA-071,parts_12.csv,1
AXA-105,parts_12.csv,1
AXA-106,parts_12.csv,1
AXA-111,parts_12.csv,3
AXA-113,parts_12.csv,9
AXA-114,parts_12.csv,2
AXA-117,parts_12.csv,2
AXA-124,parts_12.csv,2
AXA-180,parts_12.csv,1
AXA-184,parts_12.csv,1
AXA-188,parts_12.csv,1
AXA-191,parts_12.csv,1
AXA-208,parts_12.csv,2
AXA-211,parts_12.csv,2
AXA-215,parts_12.csv,1
AXA-228,parts_12.csv,1
AXA-240,parts_12.csv,1
AXA-260,parts_12.csv,1
AXA-264,parts_12.csv,1
AXA-274,parts_12.csv,4
AXA-290,parts_12.csv,1
AXA-290 (AXA-270),parts_12.csv,1
AXA-350,parts_12.csv,2
AXA-373,parts_12.csv,1
AXB-001,parts_12.csv,24
AXB-004,parts_12.csv,2
AXB-006,parts_12.csv,3
AXB-009,parts_12.csv,1
AXB-010,parts_12.csv,2
AXB-011,parts_12.csv,3
AXB-012,parts_12.csv,10
AXC-001,parts_12.csv,1
AXC-003,parts_12.csv,1
AXC-008,parts_12.csv,1
AXC-012,parts_12.csv,1
AXC-013,parts_12.csv,3
AXC-019,parts_12.csv,2
AXD1049,parts_12.csv,1
AXD1171,parts_12.csv,1
AXX1003,parts_12.csv,1
AXX1005,parts_12.csv,1
AZN1744,parts_12.csv,1
B-21-011,parts_12.csv,1
B01-263,parts_12.csv,1
B01-267,parts_12.csv,2
B01-862,parts_12.csv,1
B01-863,parts_12.csv,5
B01-864,parts_12.csv,2
B01-875,parts_12.csv,2
B02-013,parts_12.csv,1
B03-008,parts_12.csv,1
B06-109,parts_12.csv,2
B06-111,parts_12.csv,2
B06-162,parts_12.csv,2
B06-168,parts_12.csv,1
B08-219,parts_12.csv,2
B08-220,parts_12.csv,1
B09-382,parts_12.csv,2
B1 l-012,parts_12.csv,1
B10-203,parts_12.csv,2
B10-204,parts_12.csv,1
B10-205,parts_12.csv,1
B10-264,parts_12.csv,1
B10-802,parts_12.csv,1
B10-863,parts_12.csv,4
B10-864,parts_12.csv,2
B11-005,parts_12.csv,3
B11-012,parts_12.csv,33
B11-015,parts_12.csv,5
B11-016,parts_12.csv,3
B11-017,parts_12.csv,1
B11-021,parts_12.csv,2
B11-022,parts_12.csv,4
B11-034,parts_12.csv,2
B11-037,parts_12.csv,2
B11-041,parts_12.csv,5
B11-043,parts_12.csv,1
B11-044,parts_12.csv,4
B11-054,parts_12.csv,2
B11-055,parts_12.csv,3
B11-603,parts_12.csv,1
B11-607,parts_12.csv,1
B11-646,parts_12.csv,1
B11-657,parts_12.csv,9
B11-678,parts_12.csv,2
B13-601,parts_12.csv,1
B20-002,parts_12.csv,2
B20-003,parts_12.csv,1
B20-010,parts_12.csv,2
B20-012,parts_12.csv,1
B20-013,parts_12.csv,3
B20-074,parts_12.csv,2
B20-103,parts_12.csv,2
B20-105,parts_12.csv,2
B20-111,parts_12.csv,2
B20-126,parts_12.csv,1
B20-508,parts_12.csv,2
B21-001,parts_12.csv,1
B21-008,parts_12.csv,25
B21-011,parts_12.csv,15
B21-601,parts_12.csv,1
B21-659,parts_12.csv,4
B21-660,parts_12.csv,1
B21-661,parts_12.csv,4
B21-667,parts_12.csv,1
B22-009,parts_12.csv,1
B22-012,parts_12.csv,1
B22-013,parts_12.csv,1
B22-016,parts_12.csv,4
B22-017,parts_12.csv,1
B22-026,parts_12.csv,8
B22-032,parts_12.csv,1
B22-420,parts_12.csv,2
B22-422,parts_12.csv,3
B22-423,parts_12.csv,2
B22-424,parts_12.csv,6
B22-425,parts_12.csv,6
B22-426,parts_12.csv,18
B22-602,parts_12.csv,2
B22-603,parts_12.csv,2
B22-604,parts_12.csv,1
B22-605,parts_12.csv,1
B22-606,parts_12.csv,1
B22-607,parts_12.csv,2
B22-610,parts_12.csv,1
B22-612,parts_12.csv,6
B22-614,parts_12.csv,1
B22-632,parts_12.csv,2
B22-640,parts_12.csv,1
B22-641,parts_12.csv,1
B22-642,parts_12.csv,4
B22-643,parts_12.csv,4
B22-646,parts_12.csv,2
B22-650,parts_12.csv,6
B23-405,parts_12.csv,1
B23-601,parts_12.csv,2
B23-602,parts_12.csv,2
B23-613,parts_12.csv,1
B23-614,parts_12.csv,1
B23-615,parts_12.csv,1
B23-629,parts_12.csv,4
B23-635,parts_12.csv,1
B23-642,parts_12.csv,16
B23-644,parts_12.csv,2
B23-657,parts_12.csv,2
B23-854,parts_12.csv,2
B23-865,parts_12.csv,5
B23-866,parts_12.csv,4
B28-002,parts_12.csv,1
B28-851,parts_12.csv,3
B31 -858,parts_12.csv,1
B31 -865,parts_12.csv,1
B31-0160,parts_12.csv,1
B31-026,parts_12.csv,3
B31-028,parts_12.csv,3
B31-029,parts_12.csv,3
B31-030,parts_12.csv,1
B31-031,parts_12.csv,1
B31-032,parts_12.csv,1
B31-033,parts_12.csv,1
B31-034,parts_12.csv,1
B31-035,parts_12.csv,1
B31-036,parts_12.csv,3
B31-042,parts_12.csv,1
B31-443,parts_12.csv,3
B31-444,parts_12.csv,3
B31-607,parts_12.csv,1
B31-612,parts_12.csv,2
B31-613,parts_12.csv,1
B31-616,parts_12.csv,1
B31-617,parts_12.csv,2
B31-621,parts_12.csv,1
B31-622,parts_12.csv,1
B31-623,parts_12.csv,1
B31-645,parts_12.csv,4
B31-696,parts_12.csv,2
B31-698,parts_12.csv,1
B31-700,parts_12.csv,1
B31-701,parts_12.csv,1
B31-744,parts_12.csv,2
B31-745,parts_12.csv,7
B31-746,parts_12.csv,4
B31-747,parts_12.csv,1
B31-748,parts_12.csv,4
B31-749,parts_12.csv,4
B31-778,parts_12.csv,1
B31-854,parts_12.csv,3
B31-858,parts_12.csv,2
B31-860,parts_12.csv,4
B31-864,parts_12.csv,3
B31-865,parts_12.csv,4
B32-010,parts_12.csv,1
B32-044,parts_12.csv,1
B32-056,parts_12.csv,2
B32-419,parts_12.csv,1
B32-605,parts_12.csv,1
B32-650,parts_12.csv,1
B32-667,parts_12.csv,1
B32-678,parts_12.csv,1
B32-853,parts_12.csv,3
B33-603,parts_12.csv,4
B33-604,parts_12.csv,1
B33-606,parts_12.csv,1
B33-607,parts_12.csv,1
B33-608,parts_12.csv,4
B33-609,parts_12.csv,4
B33-613,parts_12.csv,2
B33-616,parts_12.csv,1
B33-635,parts_12.csv,4
B33-671,parts_12.csv,2
B33-673,parts_12.csv,2
B33-726,parts_12.csv,2
B33-727,parts_12.csv,2
B71-004,parts_12.csv,13
B71-005,parts_12.csv,2
B71-010,parts_12.csv,4
B71-031,parts_12.csv,4
B71-403,parts_12.csv,6
B71-602,parts_13.csv,2
B71-603,parts_13.csv,1
B71-619,parts_13.csv,2
B71-625,parts_13.csv,1
B71-635,parts_13.csv,1
B71-636,parts_13.csv,4
B71-642,parts_13.csv,1
B71-646,parts_13.csv,1
B71-652,parts_13.csv,3
B71-653,parts_13.csv,7
B71-656,parts_13.csv,6
B71-673,parts_13.csv,2
B71-856,parts_13.csv,2
B90-002,parts_13.csv,1
BBH-352,parts_13.csv,1
BBT30P080FZK,parts_13.csv,1
BBT3OPU80FZK,parts_13.csv,1
BBZ30P060FMC,parts_13.csv,1
BBZ30P060FZK,parts_13.csv,2
BBZ30P080FZK,parts_13.csv,1
BEB-219,parts_13.csv,1
BG-30,parts_13.csv,2
BG5724S,parts_13.csv,1
BMZ40P080FZB,parts_13.csv,1
BT5B 151 K,parts_13.csv,1
C15-001,parts_13.csv,2
C22-403,parts_13.csv,3
C35-055,parts_13.csv,1
C43-003,parts_13.csv,46
C45-004,parts_13.csv,1
C51-021,parts_13.csv,2
C52-045,parts_13.csv,2
C52-046,parts_13.csv,1
C52-066,parts_13.csv,2
C52-071,parts_13.csv,2
C52-074,parts_13.csv,1
C52-075,parts_13.csv,3
C52-076,parts_13.csv,1
C52-077,parts_13.csv,12
C52-083,parts_13.csv,1
C52-084,parts_13.csv,2
C52-085,parts_13.csv,2
C52-088,parts_13.csv,15
C64-030,parts_13.csv,4
C64-033,parts_13.csv,1
C64-036,parts_13.csv,2
C64-045,parts_13.csv,1
C81-013,parts_13.csv,2
C81-017,parts_13.csv,1
C81-433,parts_13.csv,1
C81-435,parts_13.csv,2
C81-436,parts_13.csv,1
C82-033,parts_13.csv,2
C82-038,parts_13.csv,5
C82-040,parts_13.csv,9
C82-045,parts_13.csv,9
C82-045 0,parts_13.csv,1
C82-046,parts_13.csv,4
C82-049,parts_13.csv,4
C82-050,parts_13.csv,8
C82-051,parts_13.csv,1
C82-056,parts_13.csv,2
C85-010,parts_13.csv,1
C85-048,parts_13.csv,6
C85-052,parts_13.csv,7
C85-054,parts_13.csv,8
C85-056,parts_13.csv,4
C85-058,parts_13.csv,1
C87-018,parts_13.csv,10
C87-021,parts_13.csv,2
C87-024,parts_13.csv,2
C87-025,parts_13.csv,1
C87-401,parts_13.csv,1
C88-009,parts_13.csv,2
C88-010,parts_13.csv,1
C92-004,parts_13.csv,1
C92-022,parts_13.csv,4
C92-026,parts_13.csv,5
C92-028,parts_13.csv,4
C92-032,parts_13.csv,2
C92-037,parts_13.csv,6
C92-051,parts_13.csv,1
CA-20,parts_13.csv,1
CAA-035,parts_13.csv,1
CAA-036,parts_13.csv,1
CAA-037,parts_13.csv,3
CAB-003,parts_13.csv,3
CAB-004,parts_13.csv,1
CAB-005,parts_13.csv,1
CAC-036,parts_13.csv,3
CAC-037,parts_13.csv,3
CAC-061,parts_13.csv,1
CAC-075,parts_13.csv,1
CAC-087,parts_13.csv,1
CAG-017,parts_13.csv,1
CAT-013,parts_13.csv,1
CAW-005,parts_13.csv,4
CAW-006,parts_13.csv,1
CAW-007,parts_13.csv,3
CAW-013,parts_13.csv,2
CBE-003,parts_13.csv,2
CBE-012,parts_13.csv,4
CBE-013,parts_13.csv,2
CBE-014,parts_13.csv,4
CBE-019,parts_13.csv,2
CBF-021,parts_13.csv,1
CBF-034,parts_13.csv,2
CBH-001,parts_13.csv,2
CBH-002,parts_13.csv,2
CBH-048,parts_13.csv,1
CBH-074,parts_13.csv,1
CBH-102,parts_13.csv,2
CBH-103,parts_13.csv,2
CBH-122,parts_13.csv,2
CBH-123,parts_13.csv,1
CBH-124,parts_13.csv,1
CBH-131,parts_13.csv,1
CBH-177,parts_13.csv,1
CBL-045,parts_13.csv,1
CBL-046,parts_13.csv,1
CBN-003,parts_13.csv,4
CBN-004,parts_13.csv,2
CBN-005,parts_13.csv,3
CCDSL 030D 50,parts_13.csv,1
CCDSL 101Z 50,parts_13.csv,2
CCDSL 150K 50,parts_13.csv,1
CCDSL 680K 50,parts_13.csv,2
CCDSL560K50,parts_13.csv,1
CCG-003,parts_13.csv,2
CCS-038,parts_13.csv,1
CCS-039,parts_13.csv,1
CCS-040,parts_13.csv,7
CDE-045,parts_13.csv,2
CDE-052,parts_13.csv,1
CDE-094,parts_13.csv,1
CDG-002,parts_13.csv,2
CDG-012,parts_13.csv,1
CEA  010P 80,parts_13.csv,1
CEA 010P 50,parts_13.csv,2
CEA 100P 50,parts_13.csv,1
CEA 101 P 16,parts_13.csv,3
CEA 101 P 6,parts_13.csv,1
CEA 101P 10,parts_13.csv,1
CEA 101P 16,parts_13.csv,2
CEA 101P 6,parts_13.csv,2
CEA 102P 25,parts_13.csv,1
CEA 221M 10,parts_13.csv,1
CEA 221P 6,parts_13.csv,1
CEA 331M 16,parts_13.csv,1
CEA 331P 35,parts_13.csv,1
CEB 101P 50,parts_13.csv,2
CEB 102P 25,parts_13.csv,1
CEB 102P 50,parts_13.csv,1
CEB 221P 10,parts_13.csv,1
CEB 471 P35,parts_13.csv,1
CEB 471P 16,parts_13.csv,1
CEB 471P 35,parts_13.csv,1
CEB 4R7P 16,parts_13.csv,1
CEG-004,parts_13.csv,1
CEG-013,parts_13.csv,1
CEK-002,parts_13.csv,3
CEK-008,parts_13.csv,1
CEL-002,parts_13.csv,5
CEL-020,parts_13.csv,3
CEL-021,parts_13.csv,5
CEL-024,parts_13.csv,2
CEL-027,parts_13.csv,4
CETG 100MF 100V,parts_13.csv,1
CHA-227,parts_13.csv,1
CHA-228,parts_13.csv,1
CHA-255,parts_13.csv,1
CHA-256,parts_13.csv,1
CHA-415,parts_13.csv,1
CHA-416,parts_13.csv,1
CKB-002,parts_13.csv,1
CKB-003,parts_13.csv,5
CKB-007,parts_13.csv,1
CKC-002,parts_13.csv,1
CKC-003,parts_13.csv,2
CKC-018,parts_13.csv,1
CKC-019,parts_13.csv,1
CKDBC 104Z 25,parts_13.csv,8
CKDVF 103Z 50,parts_13.csv,1
CKDY F 103Z 50,parts_13.csv,7
CKDYA912J 50,parts_13.csv,1
CKDYB 562K 50,parts_13.csv,1
CKDYF 1032 50,parts_13.csv,8
CKDYF 103Z 50,parts_13.csv,54
CKDYF 402Z 50,parts_13.csv,8
CKDYF 403Z 50,parts_13.csv,10
CKDYF 4732 50,parts_13.csv,1
CKDYF 473Z 50,parts_13.csv,27
CKDYX104M 25,parts_13.csv,1
CKN-013,parts_13.csv,1
CKN-014,parts_13.csv,4
CKP-001,parts_13.csv,1
CKS-006,parts_13.csv,1
CLA-028,parts_13.csv,2
CLA-149,parts_13.csv,1
CLA-178,parts_13.csv,2
CLA-187,parts_13.csv,2
CLA-212,parts_13.csv,1
CLA-214,parts_13.csv,1
CLA-298,parts_13.csv,1
CMS-013,parts_13.csv,1
CMS-014,parts_13.csv,1
CMS-015,parts_13.csv,1
CMS-016,parts_13.csv,1
CMX-084,parts_13.csv,1
CNA-053,parts_13.csv,2
CNA-054,parts_13.csv,2
CNA-056,parts_13.csv,1
CNA-062,parts_13.csv,1
CNB-005,parts_13.csv,1
CNB-054,parts_13.csv,2
CNB-101,parts_13.csv,1
CNB-102,parts_13.csv,1
CNB-120,parts_13.csv,1
CNC-242,parts_13.csv,2
CNC-432,parts_13.csv,2
CNC-433,parts_13.csv,3
CNC-435,parts_13.csv,1
CNC-443,parts_13.csv,2
CNC-444,parts_13.csv,2
CNC-445,parts_13.csv,2
CNC-446,parts_13.csv,2
CNC-447,parts_13.csv,2
CNC-453,parts_13.csv,2
CNC-455,parts_13.csv,1
CNC-459,parts_13.csv,1
CNC-462,parts_13.csv,2
CNC-463,parts_13.csv,1
CNC-464,parts_13.csv,1
CNC-474,parts_13.csv,1
CNC-475,parts_13.csv,1
CNC-476,parts_13.csv,2
CNC-535,parts_13.csv,2
CNC-538,parts_13.csv,1
CNC-545,parts_13.csv,1
CNC-570,parts_13.csv,1
CNC-576,parts_13.csv,1
CNC-577,parts_13.csv,2
CNC-586,parts_13.csv,1
CNC-587,parts_13.csv,2
CNC-588,parts_13.csv,2
CNC-590,parts_13.csv,1
CNC-592,parts_13.csv,1
CNC-624,parts_13.csv,2
CNC-645,parts_13.csv,1
CNC-647,parts_13.csv,1
CNC-648,parts_13.csv,1
CNC-658,parts_13.csv,1
CNC-659,parts_13.csv,1
CNC-660,parts_13.csv,1
CNC-661,parts_13.csv,1
CNC-663,parts_13.csv,1
CNC-664,parts_13.csv,1
CNC-888,parts_13.csv,1
CNC-889,parts_13.csv,1
CNC-890,parts_13.csv,1
CNM-113,parts_13.csv,1
CNP-098,parts_13.csv,1
CNR-019,parts_13.csv,2
CNR-029,parts_13.csv,1
CNR-032,parts_13.csv,1
CNS-086,parts_13.csv,1
CNS-092,parts_13.csv,1
CNS-093,parts_13.csv,1
CNS-141,parts_13.csv,1
CNT-016,parts_13.csv,3
CNT-021,parts_13.csv,3
CNT-035,parts_13.csv,1
CNV-038,parts_13.csv,2
CNV-104,parts_13.csv,1
CNV-122,parts_13.csv,1
CNV-138,parts_13.csv,1
CNV-181,parts_13.csv,1
CNV-183,parts_13.csv,1
CNV-245,parts_13.csv,1
CNV-247,parts_13.csv,1
CNV-281,parts_13.csv,1
COMA 103K 50,parts_13.csv,1
COMA 472K 50,parts_13.csv,1
COMA 822J 50,parts_13.csv,1
COS-039,parts_13.csv,1
CPB-007,parts_13.csv,2
CPB-013,parts_13.csv,1
CPB-019,parts_13.csv,1
CQMA 102K 50,parts_13.csv,2
CQMA 103J 50,parts_13.csv,2
CQMA 103K 50,parts_13.csv,2
CQMA 104K 200,parts_13.csv,2
CQMA 122K 50,parts_13.csv,1
CQMA 152K 50,parts_13.csv,2
CQMA 182K 50,parts_13.csv,2
CQMA 222K 50,parts_13.csv,2
CQMA 223K 50,parts_13.csv,5
CQMA 272k 50,parts_13.csv,1
CQMA 332J 50,parts_13.csv,4
CQMA 332K 50,parts_13.csv,4
CQMA 392K 50,parts_13.csv,4
CQMA 472J 50,parts_13.csv,8
CQMA 472K 50,parts_13.csv,3
CQMA 473K 400,parts_13.csv,1
CQMA 473K 50,parts_13.csv,2
CQMA 512J 50,parts_13.csv,2
CQMA 562K 50,parts_13.csv,4
CQMA 822 J 50,parts_13.csv,1
CQMA 822J 50,parts_13.csv,2
CQMA 822K 50,parts_13.csv,5
CQMA 912J 50,parts_13.csv,2
CQSA 561J 50,parts_13.csv,2
CQSA511J50,parts_13.csv,2
CQSB 330K 50,parts_13.csv,1
CQSB 680K 50,parts_13.csv,1
CRB-005,parts_13.csv,1
CRB-046,parts_13.csv,1
CRB-054,parts_13.csv,1
CRB-086,parts_13.csv,1
CRB-109,parts_13.csv,1
CRT-022,parts_13.csv,1
CRT-025,parts_13.csv,1
CRT-038,parts_13.csv,1
CRY-002,parts_13.csv,3
CRY-054,parts_13.csv,1
CSC-002,parts_13.csv,1
CSE-002,parts_13.csv,1
CSE-003,parts_13.csv,1
CSG-020,parts_13.csv,2
CSG-022,parts_13.csv,2
CSG-027,parts_13.csv,1
CSG-036,parts_13.csv,1
CSG-039,parts_13.csv,1
CSG-040,parts_13.csv,1
CSG-041,parts_13.csv,1
CSH-017,parts_13.csv,4
CSK-001,parts_13.csv,1
CSN-010,parts_13.csv,3
CSN-012,parts_13.csv,2
CSN-017,parts_13.csv,2
CSN-027,parts_13.csv,1
CSN-028,parts_13.csv,1
CSN-032,parts_13.csv,1
CSN-033,parts_13.csv,1
CSN-435,parts_13.csv,1
CSSA 2R2M 16,parts_13.csv,2
CTB-017,parts_13.csv,1
CTT-008,parts_13.csv,1
CTT-019,parts_13.csv,1
CTT-021,parts_13.csv,1
CTT-028,parts_13.csv,1
CTT-030,parts_13.csv,1
CTT-039,parts_13.csv,1
CWE-042,parts_13.csv,1
CWF-013,parts_13.csv,1
CWF-022,parts_13.csv,1
CWH-018,parts_13.csv,1
CWK-034,parts_13.csv,1
CWK-069,parts_13.csv,1
CWK-091,parts_13.csv,1
CWR-030,parts_13.csv,1
CWR-033,parts_13.csv,1
CWR-047,parts_13.csv,1
CWX-069,parts_13.csv,1
CWX-147,parts_13.csv,1
CXA-264,parts_13.csv,2
CXA-331,parts_13.csv,2
CXA-332,parts_13.csv,2
CXA-333,parts_13.csv,2
CXA-379,parts_13.csv,2
CXA-381,parts_13.csv,2
CXA-412,parts_13.csv,2
CXA-413,parts_13.csv,2
CXA-431,parts_13.csv,1
CXA-433,parts_13.csv,1
CXA-434,parts_13.csv,2
CXA-439,parts_13.csv,1
CXA-440,parts_13.csv,1
CXA-441,parts_13.csv,1
CXA-447,parts_13.csv,2
CXA-503,parts_13.csv,1
CXA-525,parts_13.csv,2
CXA-526,parts_13.csv,1
CXA-528,parts_13.csv,1
CXA-529,parts_13.csv,1
CXA-531,parts_13.csv,1
CXA-532,parts_13.csv,1
CXA-533,parts_13.csv,1
CXA-717,parts_13.csv,1
CXA-719,parts_13.csv,1
CXA-781,parts_13.csv,1
CXA-866,parts_13.csv,1
CXA-868,parts_13.csv,1
CXM-013,parts_13.csv,2
CXM-019,parts_13.csv,1
CXM-020,parts_13.csv,2
CXP-009,parts_13.csv,3
CXP-010,parts_13.csv,1
CXP-011,parts_13.csv,1
D11 -002 B,parts_13.csv,1
D11-002,parts_13.csv,16
D11-003,parts_13.csv,21
D11-604,parts_13.csv,1
D51-003,parts_13.csv,11
D51-004,parts_13.csv,11
D52-013,parts_13.csv,19
D53-002,parts_13.csv,2
D53-851,parts_13.csv,2
D54-003,parts_13.csv,1
D54-009,parts_13.csv,1
D54-015,parts_13.csv,5
D54-019,parts_13.csv,1
D54-613,parts_13.csv,3
E-21-022,parts_13.csv,1
E11-024,parts_13.csv,9
E11-033,parts_13.csv,8
E11-034,parts_13.csv,2
E11-060,parts_13.csv,1
E11-075,parts_13.csv,1
E11-125,parts_13.csv,5
E17-401,parts_14.csv,2
E17-402,parts_14.csv,2
E17-403,parts_14.csv,4
E17-408,parts_14.csv,4
E17-409,parts_14.csv,3
E17-414,parts_14.csv,1
E17-421,parts_14.csv,1
E17-428,parts_14.csv,1
E17-430,parts_14.csv,1
E17-431,parts_14.csv,1
E17-432,parts_14.csv,1
E17-434,parts_14.csv,1
E17-435,parts_14.csv,1
E17-436,parts_14.csv,1
E17-440,parts_14.csv,1
E17-449,parts_14.csv,1
E17-452,parts_14.csv,3
E17-511,parts_14.csv,5
E17-512,parts_14.csv,2
E21 -0060,parts_14.csv,1
E21 -022,parts_14.csv,1
E21 -033,parts_14.csv,4
E21 -034,parts_14.csv,2
E21 -036,parts_14.csv,2
E21-004,parts_14.csv,19
E21-005,parts_14.csv,8
E21-006,parts_14.csv,14
E21-007,parts_14.csv,6
E21-012,parts_14.csv,15
E21-014,parts_14.csv,2
E21-016,parts_14.csv,3
E21-017,parts_14.csv,2
E21-019,parts_14.csv,2
E21-020,parts_14.csv,14
E21-021,parts_14.csv,8
E21-022,parts_14.csv,7
E21-026,parts_14.csv,5
E21-027,parts_14.csv,8
E21-028,parts_14.csv,5
E21-0280,parts_14.csv,1
E21-030,parts_14.csv,3
E21-031,parts_14.csv,1
E21-032,parts_14.csv,2
E21-033,parts_14.csv,13
E21-034,parts_14.csv,14
E21-035,parts_14.csv,6
E21-036,parts_14.csv,8
E21-606,parts_14.csv,3
E22 617,parts_14.csv,1
E22-002,parts_14.csv,10
E22-0020,parts_14.csv,1
E22-006,parts_14.csv,5
E22-011,parts_14.csv,5
E22-012,parts_14.csv,2
E22-013,parts_14.csv,4
E22-015,parts_14.csv,4
E22-017,parts_14.csv,31
E22-018,parts_14.csv,2
E22-020,parts_14.csv,8
E22-021,parts_14.csv,4
E22-025,parts_14.csv,4
E22-026,parts_14.csv,2
E22-029,parts_14.csv,2
E22-030,parts_14.csv,1
E22-031,parts_14.csv,2
E22-032,parts_14.csv,32
E22-607,parts_14.csv,1
E22-609,parts_14.csv,1
E22-617,parts_14.csv,5
E22-851,parts_14.csv,7
E22-854,parts_14.csv,3
E31-064,parts_14.csv,1
E31-065,parts_14.csv,1
E31-066,parts_14.csv,3
E31-145,parts_14.csv,1
E31-147,parts_14.csv,4
E31-151,parts_14.csv,1
E31-152,parts_14.csv,1
E31-163,parts_14.csv,1
E31-166,parts_14.csv,1
E31-173,parts_14.csv,1
E31-604,parts_14.csv,1
E31-605,parts_14.csv,6
E31-606,parts_14.csv,6
E31-695,parts_14.csv,1
E31-698,parts_14.csv,1
E31-699,parts_14.csv,1
E31-700,parts_14.csv,1
E31-701,parts_14.csv,1
E31-709,parts_14.csv,1
E31-727,parts_14.csv,2
E31-736,parts_14.csv,4
E31-737,parts_14.csv,1
E31-742,parts_14.csv,1
E31-743,parts_14.csv,4
E31-744,parts_14.csv,7
E31-750,parts_14.csv,1
E31-754,parts_14.csv,1
E31-755,parts_14.csv,1
E31-761,parts_14.csv,1
E31-762,parts_14.csv,1
E31-774,parts_14.csv,2
E31-775,parts_14.csv,1
E31-776,parts_14.csv,1
E31-851,parts_14.csv,3
E31-854,parts_14.csv,1
E31-856,parts_14.csv,1
E31-857,parts_14.csv,4
E32-004,parts_14.csv,1
E32-016,parts_14.csv,1
E32-022,parts_14.csv,1
E32-031,parts_14.csv,1
E32-034,parts_14.csv,2
E32-045,parts_14.csv,13
E32-056,parts_14.csv,23
E32-070,parts_14.csv,1
E32-079,parts_14.csv,3
E32-478,parts_14.csv,1
E32-603,parts_14.csv,2
E32-656,parts_14.csv,2
E32-685,parts_14.csv,1
E32-687,parts_14.csv,1
E32-718,parts_14.csv,2
E33-001,parts_14.csv,4
E33-009,parts_14.csv,7
E33-427,parts_14.csv,2
E33-625,parts_14.csv,5
E33-856,parts_14.csv,2
E34-004,parts_14.csv,10
E34-402,parts_14.csv,1
E34-404,parts_14.csv,3
E34-852,parts_14.csv,2
E34-853,parts_14.csv,1
E35-407,parts_14.csv,2
E36-618,parts_14.csv,1
E36-620,parts_14.csv,1
E41-002,parts_14.csv,1
E91-006,parts_14.csv,1
EDG-022,parts_14.csv,1
EE-SME3B,parts_14.csv,1
Ell-033,parts_14.csv,1
FBT40P080FZK,parts_14.csv,1
FIP 5D 8,parts_14.csv,1
FIP 5D8,parts_14.csv,1
FlP5D8,parts_14.csv,1
FR2-02,parts_14.csv,2
G00-533,parts_14.csv,1
G00-535,parts_14.csv,1
GL-2PR1,parts_14.csv,2
GL-9PG2,parts_14.csv,1
GL-9PR2,parts_14.csv,1
GP-411B,parts_14.csv,1
GWB-101,parts_14.csv,2
GWB-102,parts_14.csv,4
GWB-103,parts_14.csv,1
GWE-112,parts_14.csv,1
GWE-113,parts_14.csv,1
GWE-132,parts_14.csv,1
GWE-133,parts_14.csv,1
GWE-138,parts_14.csv,2
GWE-143,parts_14.csv,1
GWE-145,parts_14.csv,1
GWE-168,parts_14.csv,1
GWE-178,parts_14.csv,1
GWE-181,parts_14.csv,1
GWE-186,parts_14.csv,1
GWE-210,parts_14.csv,1
GWE-211,parts_14.csv,2
GWE-212,parts_14.csv,1
GWF-103,parts_14.csv,1
GWF-113,parts_14.csv,1
GWF-114,parts_14.csv,1
GWF-115,parts_14.csv,1
GWF-116,parts_14.csv,1
GWF-117,parts_14.csv,2
GWF-119,parts_14.csv,1
GWF-121,parts_14.csv,1
GWF-122,parts_14.csv,1
GWF-123,parts_14.csv,1
GWF-133,parts_14.csv,2
GWF-134,parts_14.csv,2
GWF-148,parts_14.csv,1
GWF-154,parts_14.csv,1
GWF-155,parts_14.csv,1
GWF-160,parts_14.csv,1
GWF-161,parts_14.csv,1
GWG-103,parts_14.csv,1
GWG-112,parts_14.csv,2
GWG-118,parts_14.csv,1
GWG-119,parts_14.csv,1
GWG-122,parts_14.csv,1
GWG-123,parts_14.csv,1
GWG-124,parts_14.csv,1
GWG-125,parts_14.csv,3
GWG-129,parts_14.csv,1
GWG-130,parts_14.csv,1
GWG-139,parts_14.csv,1
GWG-140,parts_14.csv,1
GWG-141,parts_14.csv,1
GWG-142,parts_14.csv,2
GWG-150,parts_14.csv,1
GWG-151,parts_14.csv,1
GWG-152,parts_14.csv,2
GWG-154,parts_14.csv,1
GWG-160,parts_14.csv,2
GWG-179,parts_14.csv,1
GWG-183,parts_14.csv,1
GWG-186,parts_14.csv,1
GWH -120,parts_14.csv,1
GWH-101,parts_14.csv,1
GWH-103,parts_14.csv,1
GWH-109,parts_14.csv,1
GWH-110,parts_14.csv,1
GWH-115,parts_14.csv,1
GWH-116,parts_14.csv,1
GWH-117,parts_14.csv,1
GWH-118,parts_14.csv,1
GWH-119,parts_14.csv,1
GWH-124,parts_14.csv,3
GWH-131,parts_14.csv,1
GWH-132,parts_14.csv,1
GWH-139,parts_14.csv,1
GWH-141,parts_14.csv,1
GWH-142,parts_14.csv,1
GWH-146,parts_14.csv,1
GWH-148,parts_14.csv,1
GWH-168,parts_14.csv,1
GWH-169,parts_14.csv,1
GWH-170,parts_14.csv,1
GWH-171,parts_14.csv,1
GWH-172,parts_14.csv,1
GWH-173,parts_14.csv,1
GWK-110,parts_14.csv,1
GWK-111,parts_14.csv,1
GWK-112,parts_14.csv,1
GWK-113,parts_14.csv,1
GWK-115,parts_14.csv,2
GWK-118,parts_14.csv,1
GWK-119,parts_14.csv,1
GWK-127,parts_14.csv,1
GWK-128,parts_14.csv,1
GWK-130,parts_14.csv,1
GWK-145,parts_14.csv,1
GWK-146,parts_14.csv,2
GWK-152,parts_14.csv,2
GWK-174,parts_14.csv,1
GWK-176,parts_14.csv,1
GWK-177,parts_14.csv,1
GWK-179,parts_14.csv,1
GWK-181,parts_14.csv,2
GWK-185,parts_14.csv,1
GWK-188,parts_14.csv,1
GWK-196,parts_14.csv,1
GWK-216,parts_14.csv,1
GWK-223,parts_14.csv,1
GWK-225,parts_14.csv,1
GWK-228,parts_14.csv,2
GWK-229,parts_14.csv,2
GWK-231,parts_14.csv,3
GWK-232,parts_14.csv,1
GWK-235,parts_14.csv,1
GWK-265,parts_14.csv,1
GWK-269,parts_14.csv,2
GWM-104,parts_14.csv,1
GWM-105,parts_14.csv,1
GWM-113,parts_14.csv,1
GWM-116,parts_14.csv,2
GWM-117,parts_14.csv,1
GWM-118,parts_14.csv,1
GWM-119,parts_14.csv,1
GWM-120,parts_14.csv,2
GWM-132,parts_14.csv,2
GWM-133,parts_14.csv,1
GWM-134,parts_14.csv,1
GWM-135,parts_14.csv,1
GWM-158,parts_14.csv,1
GWM-159,parts_14.csv,2
GWM-160,parts_14.csv,2
GWM-161,parts_14.csv,1
GWM-163,parts_14.csv,1
GWM-164,parts_14.csv,1
GWM-165,parts_14.csv,1
GWM-166,parts_14.csv,1
GWM-167,parts_14.csv,1
GWM-171,parts_14.csv,1
GWM-178,parts_14.csv,1
GWM-181,parts_14.csv,2
GWM-182,parts_14.csv,2
GWM-185,parts_14.csv,2
GWM-188,parts_14.csv,1
GWM-207,parts_14.csv,1
GWM-229,parts_14.csv,1
GWM-236,parts_14.csv,1
GWM-267,parts_14.csv,1
GWM-303,parts_14.csv,1
GWM-312,parts_14.csv,1
GWM-330,parts_14.csv,1
GWM-346,parts_14.csv,1
GWM-357,parts_14.csv,2
GWM-358,parts_14.csv,2
GWM-364,parts_14.csv,1
GWP-121,parts_14.csv,1
GWR-101,parts_14.csv,1
GWR-106,parts_14.csv,1
GWR-107,parts_14.csv,1
GWR-110,parts_14.csv,1
GWR-112,parts_14.csv,1
GWR-122,parts_14.csv,1
GWR-124,parts_14.csv,1
GWR-125,parts_14.csv,1
GWR-131,parts_14.csv,1
GWR-135,parts_14.csv,1
GWR-138,parts_14.csv,1
GWR-139,parts_14.csv,2
GWR-140,parts_14.csv,1
GWR-143,parts_14.csv,1
GWR-188,parts_14.csv,1
GWR-203,parts_14.csv,1
GWR-212,parts_14.csv,1
GWR-217,parts_14.csv,1
GWR-222,parts_14.csv,2
GWR-225,parts_14.csv,2
GWS-124,parts_14.csv,1
GWS-125,parts_14.csv,2
GWS-126,parts_14.csv,2
GWS-127,parts_14.csv,2
GWS-128,parts_14.csv,1
GWS-129,parts_14.csv,1
GWS-130,parts_14.csv,1
GWS-131,parts_14.csv,1
GWS-132,parts_14.csv,1
GWS-133,parts_14.csv,1
GWS-134,parts_14.csv,1
GWS-141,parts_14.csv,2
GWS-142,parts_14.csv,2
GWS-150,parts_14.csv,1
GWS-151,parts_14.csv,1
GWS-164,parts_14.csv,1
GWS-165,parts_14.csv,1
GWS-166,parts_14.csv,1
GWS-167,parts_14.csv,1
GWS-169,parts_14.csv,1
GWS-170,parts_14.csv,1
GWS-171,parts_14.csv,1
GWS-172,parts_14.csv,1
GWS-176,parts_14.csv,1
GWS-177,parts_14.csv,3
GWS-185,parts_14.csv,1
GWS-186,parts_14.csv,1
GWS-187,parts_14.csv,1
GWS-188,parts_14.csv,1
GWS-192,parts_14.csv,1
GWS-194,parts_14.csv,1
GWS-218,parts_14.csv,1
GWS-219,parts_14.csv,1
GWS-220,parts_14.csv,1
GWS-221,parts_14.csv,1
GWS-222,parts_14.csv,2
GWS-223,parts_14.csv,2
GWS-224,parts_14.csv,1
GWS-226,parts_14.csv,1
GWS-233,parts_14.csv,2
GWS-234,parts_14.csv,2
GWS-235,parts_14.csv,2
GWS-258,parts_14.csv,2
GWS-259,parts_14.csv,2
GWS-260,parts_14.csv,2
GWS-261,parts_14.csv,2
GWS-262,parts_14.csv,1
GWS-263,parts_14.csv,1
GWS-264,parts_14.csv,1
GWS-265,parts_14.csv,1
GWS-285,parts_14.csv,2
GWS-301,parts_14.csv,1
GWS-303,parts_14.csv,1
GWS-392,parts_14.csv,1
GWS-438,parts_14.csv,1
GWS-497,parts_14.csv,1
GWS-519,parts_14.csv,1
GWS-520,parts_14.csv,1
GWS-521,parts_14.csv,1
GWS-522,parts_14.csv,1
GWS-523,parts_14.csv,1
GWS-524,parts_14.csv,1
GWS-576,parts_14.csv,1
GWV-101,parts_14.csv,1
GWV-102,parts_14.csv,1
GWV-118,parts_14.csv,1
GWX -184,parts_14.csv,2
GWX-117,parts_14.csv,1
GWX-137,parts_14.csv,2
GWX-138,parts_14.csv,2
GWX-139,parts_14.csv,1
GWX-140,parts_14.csv,1
GWX-141,parts_14.csv,1
GWX-142,parts_14.csv,1
GWX-143,parts_14.csv,1
GWX-152,parts_14.csv,1
GWX-153,parts_14.csv,1
GWX-154,parts_14.csv,2
GWX-155,parts_14.csv,1
GWX-160,parts_14.csv,1
GWX-161,parts_14.csv,1
GWX-162,parts_14.csv,1
GWX-163,parts_14.csv,1
GWX-164,parts_14.csv,1
GWX-165,parts_14.csv,1
GWX-166,parts_14.csv,1
GWX-167,parts_14.csv,1
GWX-170,parts_14.csv,2
GWX-171,parts_14.csv,2
GWX-172,parts_14.csv,2
GWX-173,parts_14.csv,2
GWX-177,parts_14.csv,3
GWX-178,parts_14.csv,2
GWX-179,parts_14.csv,4
GWX-180,parts_14.csv,3
GWX-181,parts_14.csv,1
GWX-183,parts_14.csv,1
GWX-184,parts_14.csv,1
GWX-185,parts_14.csv,1
GWX-186,parts_14.csv,2
GWX-187,parts_14.csv,1
GWX-188,parts_14.csv,3
GWX-190,parts_14.csv,2
GWX-191,parts_14.csv,1
GWX-192,parts_14.csv,1
GWX-193,parts_14.csv,1
GWX-194,parts_14.csv,1
GWX-195,parts_14.csv,1
GWX-201,parts_14.csv,1
GWX-210,parts_14.csv,1
GWX-211,parts_14.csv,1
GWX-212,parts_14.csv,1
GWX-242,parts_14.csv,1
GWX-243,parts_14.csv,1
GWX-244,parts_14.csv,1
GWX-246,parts_14.csv,1
GWX-255,parts_14.csv,1
GWX-256,parts_14.csv,1
GWX-257,parts_14.csv,1
GWX-258,parts_14.csv,1
GWX-259,parts_14.csv,1
GWX-260,parts_14.csv,1
GWX-261,parts_14.csv,1
GWX-262,parts_14.csv,1
GWX-264,parts_14.csv,1
GWX-274,parts_14.csv,2
GWX-275,parts_14.csv,3
GWX-276,parts_14.csv,3
GWX-290,parts_14.csv,1
GWX-298,parts_14.csv,2
GWX-299,parts_14.csv,2
GWX-300,parts_14.csv,1
GWX-301,parts_14.csv,1
GWX-302,parts_14.csv,1
GWX-303,parts_14.csv,1
GWX-304,parts_14.csv,1
GWX-305,parts_14.csv,1
GWX-306,parts_14.csv,1
GWX-307,parts_14.csv,1
GWX-308,parts_14.csv,2
GWX-311,parts_14.csv,1
GWX-312,parts_14.csv,1
GWX-320,parts_14.csv,1
GWX-321,parts_14.csv,1
GWX-322,parts_14.csv,1
GWX-323,parts_14.csv,1
GWX-324,parts_14.csv,1
GWX-332,parts_14.csv,1
GWX-333,parts_14.csv,1
GWX-334,parts_14.csv,1
GWX-335,parts_14.csv,1
GWX-336,parts_14.csv,1
GWX-337,parts_14.csv,1
GWX-344,parts_14.csv,1
GWX-345,parts_14.csv,1
GWX-455,parts_14.csv,1
GWX-456,parts_14.csv,1
GWX-461,parts_14.csv,1
GWX-462,parts_14.csv,1
GWX-463,parts_14.csv,4
GWX-482,parts_14.csv,2
GWX-483,parts_14.csv,2
GWX-484,parts_14.csv,2
GWX-487,parts_14.csv,4
GWX-488,parts_14.csv,2
GWX-495,parts_14.csv,2
GWX-496,parts_14.csv,2
GWX-497,parts_14.csv,1
GWX-498,parts_14.csv,1
GWX-499,parts_14.csv,1
GWX-500,parts_14.csv,1
GWX-501,parts_14.csv,1
GWX-502,parts_14.csv,1
GWX-507,parts_14.csv,1
GWX-508,parts_14.csv,1
GWX-509,parts_14.csv,1
GWX-510,parts_14.csv,1
GWX-511,parts_14.csv,1
GWX-512,parts_14.csv,1
GWX-528,parts_14.csv,2
GWX-529,parts_14.csv,2
GWX-530,parts_14.csv,1
GWX-531,parts_14.csv,1
GWX-571,parts_14.csv,2
GWX-585,parts_14.csv,1
GWX-590,parts_14.csv,1
GWX-591,parts_14.csv,1
GWX-593,parts_14.csv,1
GWX-594,parts_14.csv,1
GWX-659,parts_14.csv,1
GWX-706,parts_14.csv,1
GWX-717,parts_14.csv,1
GWX-721,parts_14.csv,1
GWX-827,parts_14.csv,1
GWX-905,parts_15.csv,1
GWX-909,parts_15.csv,1
GWX-918,parts_15.csv,1
GWX-964,parts_15.csv,1
GWY-106,parts_15.csv,1
GWY-107,parts_15.csv,1
GWY-110,parts_15.csv,1
GWY-111,parts_15.csv,1
H11-034,parts_15.csv,2
H11-038,parts_15.csv,1
H11-065,parts_15.csv,1
H11-066,parts_15.csv,1
H11-070,parts_15.csv,14
H11-078,parts_15.csv,1
H12-113,parts_15.csv,1
H12-126,parts_15.csv,1
H12-159,parts_15.csv,1
H14-023,parts_15.csv,1
H14-044,parts_15.csv,1
H15-114,parts_15.csv,1
H46-853,parts_15.csv,2
H46-854,parts_15.csv,3
H46-856,parts_15.csv,1
H51-601,parts_15.csv,1
H52-623,parts_15.csv,2
H52-632,parts_15.csv,7
H52-647,parts_15.csv,7
H53-627,parts_15.csv,2
H55-002,parts_15.csv,6
H56-603,parts_15.csv,17
H61-601,parts_15.csv,1
HA1142,parts_15.csv,1
HA12010,parts_15.csv,2
HII-070,parts_15.csv,2
HNV-135,parts_15.csv,2
HWX-176,parts_15.csv,1
HWX-181,parts_15.csv,1
HXM-033,parts_15.csv,1
HXX-268,parts_15.csv,1
IPZ30P100FMC,parts_15.csv,1
JT-216,parts_15.csv,1
K11-018,parts_15.csv,4
K11-043,parts_15.csv,19
K11-626,parts_15.csv,1
K12-002,parts_15.csv,2
K13-026,parts_15.csv,3
K13-042,parts_15.csv,1
K13-043,parts_15.csv,1
K13-047,parts_15.csv,43
K13-048,parts_15.csv,19
K13-049,parts_15.csv,2
K13-761,parts_15.csv,1
K13-784,parts_15.csv,1
k13-806,parts_15.csv,1
K15-402,parts_15.csv,2
K16-602,parts_15.csv,5
K16-664,parts_15.csv,1
K21 -005,parts_15.csv,1
K21-005,parts_15.csv,8
K21-009,parts_15.csv,6
K21-010,parts_15.csv,9
K21-010E,parts_15.csv,1
K21-013,parts_15.csv,1
K21-026,parts_15.csv,1
K22-010,parts_15.csv,5
K22-013,parts_15.csv,11
K22-G13,parts_15.csv,1
K23-007,parts_15.csv,1
K24-002,parts_15.csv,4
K28-003,parts_15.csv,4
K28-005,parts_15.csv,4
K28-008,parts_15.csv,2
K31-011,parts_15.csv,1
K31-013,parts_15.csv,1
K31-018,parts_15.csv,3
K32-007,parts_15.csv,1
K41-002,parts_15.csv,11
K42-003,parts_15.csv,18
K54-003,parts_15.csv,1
K71 -031,parts_15.csv,1
K71-02,parts_15.csv,1
K71-026,parts_15.csv,1
K71-028,parts_15.csv,5
K71-030,parts_15.csv,2
K71-032,parts_15.csv,1
K72-004,parts_15.csv,1
K72-006,parts_15.csv,4
K72-007,parts_15.csv,23
K72-015,parts_15.csv,18
K72-018,parts_15.csv,1
K72-020,parts_15.csv,18
K72-021,parts_15.csv,8
K72-024,parts_15.csv,21
K72-026,parts_15.csv,46
K72-028,parts_15.csv,13
K72-031,parts_15.csv,10
K72-622,parts_15.csv,5
K72-627,parts_15.csv,2
K73-003,parts_15.csv,9
K73-028,parts_15.csv,1
K82-007,parts_15.csv,8
K82-009,parts_15.csv,1
K82-011,parts_15.csv,3
K82-012,parts_15.csv,6
K82-014,parts_15.csv,14
K85-020,parts_15.csv,1
K91-005,parts_15.csv,21
K91-005A,parts_15.csv,1
K91-006,parts_15.csv,4
K91-008,parts_15.csv,10
K91-009,parts_15.csv,1
K92-006,parts_15.csv,1
K93-003,parts_15.csv,40
K93-003B,parts_15.csv,1
K96-006,parts_15.csv,7
K96-007,parts_15.csv,14
KAA-008,parts_15.csv,3
KAA-013,parts_15.csv,2
KAH-003,parts_15.csv,2
KAH-007,parts_15.csv,11
KAH-008,parts_15.csv,1
KAK-003,parts_15.csv,1
KAK-013,parts_15.csv,1
KAK-017,parts_15.csv,1
KAK-023,parts_15.csv,1
KAK-037,parts_15.csv,1
KAK-038,parts_15.csv,1
KAK-039,parts_15.csv,1
KAK-046,parts_15.csv,1
KAM-020,parts_15.csv,1
KAM-034,parts_15.csv,1
KAM-042,parts_15.csv,2
KAM-051,parts_15.csv,1
KAM-052,parts_15.csv,1
KAM-056,parts_15.csv,1
KAM-058,parts_15.csv,1
KAM-090,parts_15.csv,1
KAM-092,parts_15.csv,1
KBA-022,parts_15.csv,3
KBA-025,parts_15.csv,4
KBA-040,parts_15.csv,1
KBA-043,parts_15.csv,3
KBA-044,parts_15.csv,5
KBA-045,parts_15.csv,7
KBC-001,parts_15.csv,1
KBE-002,parts_15.csv,1
KBE-008,parts_15.csv,2
KBE-014,parts_15.csv,1
KBE-015,parts_15.csv,1
KBF-006,parts_15.csv,1
KBF-007,parts_15.csv,1
KBF-017,parts_15.csv,1
KBH -099,parts_15.csv,1
KBH-002,parts_15.csv,1
KBH-022,parts_15.csv,3
KBH-027,parts_15.csv,4
KBH-029,parts_15.csv,4
KBH-040,parts_15.csv,3
KBH-041,parts_15.csv,1
KBH-042,parts_15.csv,1
KBH-044,parts_15.csv,2
KBH-048,parts_15.csv,1
KBH-049,parts_15.csv,1
KBH-050,parts_15.csv,1
KBH-052,parts_15.csv,1
KBH-053,parts_15.csv,1
KBH-054,parts_15.csv,1
KBH-055,parts_15.csv,1
KBH-061,parts_15.csv,1
KBH-064,parts_15.csv,1
KBH-065,parts_15.csv,1
KBH-066,parts_15.csv,4
KBH-078,parts_15.csv,2
KBH-079,parts_15.csv,2
KBH-080,parts_15.csv,1
KBH-081,parts_15.csv,1
KBH-082,parts_15.csv,1
KBH-084,parts_15.csv,1
KBH-087,parts_15.csv,1
KBH-090,parts_15.csv,1
KBH-091,parts_15.csv,1
KBH-092,parts_15.csv,1
KBH-094,parts_15.csv,1
KBH-099,parts_15.csv,4
KBH-124,parts_15.csv,1
KBH-125,parts_15.csv,2
KBH-130,parts_15.csv,1
KBH-131,parts_15.csv,1
KBH-132,parts_15.csv,1
KBH-133,parts_15.csv,1
KBH-135,parts_15.csv,1
KBH-149,parts_15.csv,1
KBH-2504,parts_15.csv,1
KBK-008,parts_15.csv,1
KBK-015,parts_15.csv,1
KBK-016,parts_15.csv,7
KBK-019,parts_15.csv,1
KBK-020,parts_15.csv,1
KCE-005,parts_15.csv,3
KCE-009,parts_15.csv,4
KCS-006,parts_15.csv,3
KCS-006 A,parts_15.csv,1
KCS-007,parts_15.csv,1
KDA-006,parts_15.csv,3
KDE-003,parts_15.csv,1
KDE-022,parts_15.csv,5
KDE-037,parts_15.csv,4
KDE-039,parts_15.csv,1
KDE-040,parts_15.csv,1
KDE-066,parts_15.csv,1
KDE-067,parts_15.csv,1
KDE-068,parts_15.csv,1
KDE-069,parts_15.csv,1
KDG-003,parts_15.csv,2
KDG-007,parts_15.csv,8
KDG-011,parts_15.csv,18
KDX-006,parts_15.csv,2
KDX-008,parts_15.csv,1
KEA-008,parts_15.csv,1
KEA-019,parts_15.csv,5
KEA-022,parts_15.csv,1
KEB-004,parts_15.csv,7
KEB-006,parts_15.csv,4
KEB-034,parts_15.csv,2
KEB-035,parts_15.csv,1
KEB-058,parts_15.csv,7
KEB-059,parts_15.csv,1
KEB-063,parts_15.csv,3
KEB-065,parts_15.csv,2
KEC-004,parts_15.csv,3
KEC-010,parts_15.csv,2
KEC-037,parts_15.csv,2
KEC-045,parts_15.csv,1
KEC-060,parts_15.csv,2
KEC-062,parts_15.csv,1
KED-009,parts_15.csv,1
KED-023,parts_15.csv,1
KEE-010,parts_15.csv,1
KEK-002,parts_15.csv,2
KEK-005,parts_15.csv,2
KEK-008,parts_15.csv,1
KEL-004,parts_15.csv,1
KEM-001,parts_15.csv,6
KEX-002,parts_15.csv,29
KEX-004,parts_15.csv,6
KHA-125,parts_15.csv,1
KHA-126,parts_15.csv,1
KHA-127,parts_15.csv,1
KHA-146,parts_15.csv,2
KHA-205,parts_15.csv,1
KHA-226,parts_15.csv,3
KHA-227,parts_15.csv,3
KHA-233,parts_15.csv,1
KHA-280,parts_15.csv,1
KHC-059,parts_15.csv,3
KHC-069,parts_15.csv,1
KHG-225,parts_15.csv,1
KHG-235,parts_15.csv,1
KHK-022,parts_15.csv,1
KHK-072,parts_15.csv,1
KHK-113,parts_15.csv,1
KHK-137,parts_15.csv,1
KHK-164,parts_15.csv,1
KHK-165,parts_15.csv,1
KHK-204,parts_15.csv,1
KHK-229,parts_15.csv,1
KHK-238,parts_15.csv,1
KHK-239,parts_15.csv,1
KHK-240,parts_15.csv,2
KHK-243,parts_15.csv,1
KHK-252,parts_15.csv,1
KHK-265,parts_15.csv,1
KHK-403,parts_15.csv,2
KHX-001,parts_15.csv,4
KHX-002,parts_15.csv,4
KHX-017,parts_15.csv,4
KHX-026,parts_15.csv,7
KHX-027,parts_15.csv,6
KHX-030,parts_15.csv,1
KKC-001,parts_15.csv,1
KKC-008,parts_15.csv,5
KKC-011,parts_15.csv,6
KKC-021,parts_15.csv,6
KKC-101,parts_16.csv,1
KKE-003,parts_16.csv,1
KKE-006,parts_16.csv,3
KKP-006,parts_16.csv,1
KKP-007,parts_16.csv,1
KKR-001,parts_16.csv,3
KLA-068,parts_16.csv,5
KLA-111,parts_16.csv,2
KLA-112,parts_16.csv,1
KLA-131,parts_16.csv,7
KLA-141,parts_16.csv,1
KLA-151,parts_16.csv,1
KLA-154,parts_16.csv,3
KLA-155,parts_16.csv,3
KLA-159,parts_16.csv,3
KLA-215,parts_16.csv,1
KLA-217,parts_16.csv,1
KLA-219,parts_16.csv,1
KLA-225,parts_16.csv,1
KLA-226,parts_16.csv,1
KLA-231,parts_16.csv,1
KLA-240,parts_16.csv,2
KLA-252,parts_16.csv,1
KLA-253,parts_16.csv,1
KLA-254,parts_16.csv,1
KLA-258,parts_16.csv,1
KLA-325,parts_16.csv,2
KLA-326,parts_16.csv,1
KLA-337,parts_16.csv,1
KLA-350,parts_16.csv,3
KLA-359,parts_16.csv,1
KLA-374,parts_16.csv,1
KLA-389,parts_16.csv,2
KLA-390,parts_16.csv,1
KLA-392,parts_16.csv,1
KLA-438,parts_16.csv,9
KLA-457,parts_16.csv,1
KLA-458,parts_16.csv,1
KLA-459,parts_16.csv,1
KLA-488,parts_16.csv,1
KLA-494,parts_16.csv,4
KLA-518,parts_16.csv,5
KLA-527,parts_16.csv,4
KLA-530,parts_16.csv,3
KLA-573,parts_16.csv,1
KLA-574,parts_16.csv,2
KLA-575,parts_16.csv,1
KLA-588,parts_16.csv,1
KLA-601,parts_16.csv,2
KLA-632,parts_16.csv,1
KLA-633,parts_16.csv,1
KLA-655,parts_16.csv,1
KLA-671,parts_16.csv,2
KLA-679,parts_16.csv,2
KLA-683,parts_16.csv,2
KLA-710,parts_16.csv,1
KLA-716,parts_16.csv,1
KLA-727,parts_16.csv,1
KLA-748,parts_16.csv,1
KMM-053,parts_16.csv,1
KMM-060,parts_16.csv,1
KMM-070,parts_16.csv,1
KMM-071,parts_16.csv,1
KMM-072,parts_16.csv,1
KMM-074,parts_16.csv,1
KMM-077,parts_16.csv,1
KMM-090,parts_16.csv,1
KMM-093,parts_16.csv,1
KMN-021,parts_16.csv,1
KMS-024,parts_16.csv,1
KMS-067,parts_16.csv,1
KMS-069,parts_16.csv,1
KMS-074,parts_16.csv,4
KMS-076,parts_16.csv,1
KMS-089,parts_16.csv,1
KNA-006,parts_16.csv,1
KNA-097,parts_16.csv,3
KNA-099,parts_16.csv,3
KNA-100,parts_16.csv,4
KNA-101,parts_16.csv,3
KNA-102,parts_16.csv,3
KNA-103,parts_16.csv,3
KNA-104,parts_16.csv,4
KNA-111,parts_16.csv,3
KNA-125,parts_16.csv,5
KNA-138,parts_16.csv,1
KNA-142,parts_16.csv,1
KNA-144,parts_16.csv,1
KNA-170,parts_16.csv,3
KNA-190,parts_16.csv,1
KNA-191,parts_16.csv,3
KNA-192,parts_16.csv,2
KNA-217,parts_16.csv,3
KNA-223,parts_16.csv,1
KNA-241,parts_16.csv,1
KNA-245,parts_16.csv,1
KNA-247,parts_16.csv,1
KNA-248,parts_16.csv,1
KNA-250,parts_16.csv,1
KNA-251,parts_16.csv,1
KNA-252,parts_16.csv,1
KNA-267,parts_16.csv,1
KNA-268,parts_16.csv,1
KNA-270,parts_16.csv,1
KNA-276,parts_16.csv,1
KNA-284,parts_16.csv,1
KNA-287,parts_16.csv,2
KNA-288,parts_16.csv,1
KNA-289,parts_16.csv,2
KNA-309,parts_16.csv,1
KNA-321,parts_16.csv,1
KNA-328,parts_16.csv,3
KNA-361,parts_16.csv,1
KNA-368,parts_16.csv,2
KNA-371,parts_16.csv,1
KNA-374,parts_16.csv,2
KNA-375,parts_16.csv,1
KNA-384,parts_16.csv,1
KNA-385,parts_16.csv,1
KNA-386,parts_16.csv,1
KNA-387,parts_16.csv,1
KNA-391,parts_16.csv,1
KNA-393,parts_16.csv,1
KNA-394,parts_16.csv,1
KNA-403,parts_16.csv,1
KNA-438,parts_16.csv,1
KNA-439,parts_16.csv,1
KNA-450,parts_16.csv,1
KNA-452,parts_16.csv,1
KNA-456,parts_16.csv,1
KNA-463,parts_16.csv,1
KNA-464,parts_16.csv,1
KNA-466,parts_16.csv,1
KNA-484,parts_16.csv,1
KNA-487,parts_16.csv,5
KNA-491,parts_16.csv,1
KNA-522,parts_16.csv,5
KNA-570,parts_16.csv,1
KNA-571,parts_16.csv,1
KNA-572,parts_16.csv,3
KNA-573,parts_16.csv,1
KNA-574,parts_16.csv,1
KNA-575,parts_16.csv,1
KNA-576,parts_16.csv,2
KNA-585,parts_16.csv,1
KNA-597,parts_16.csv,1
KNA-603,parts_16.csv,3
KNA-607,parts_16.csv,1
KNA-616,parts_16.csv,1
KNA-621,parts_16.csv,2
KNA-629,parts_16.csv,3
KNA-646,parts_16.csv,1
KNA-660,parts_16.csv,1
KNA-664,parts_16.csv,1
KNA-667,parts_16.csv,1
KNA-668,parts_16.csv,1
KNA-674,parts_16.csv,1
KNA-675,parts_16.csv,1
KNA-677,parts_16.csv,1
KNA-679,parts_16.csv,1
KNA-680,parts_16.csv,1
KNA-682,parts_16.csv,1
KNA-687,parts_16.csv,1
KNA-689,parts_16.csv,1
KNA-691,parts_16.csv,1
KNA-692,parts_16.csv,1
KNA-715,parts_16.csv,1
KNA-716,parts_16.csv,1
KNA-730,parts_16.csv,1
KNA-731,parts_16.csv,1
KNA-761,parts_16.csv,1
KNA-783,parts_16.csv,1
KNB-004,parts_16.csv,1
KNB-005,parts_16.csv,1
KNB-031,parts_16.csv,1
KNH-067,parts_16.csv,1
KNH-078,parts_16.csv,3
KNH-090,parts_16.csv,4
KNH-096,parts_16.csv,2
KNH-108,parts_16.csv,2
KNK-047,parts_16.csv,3
KNK-055,parts_16.csv,19
KNK-071,parts_16.csv,3
KNK-081,parts_16.csv,1
KNK-085,parts_16.csv,1
KNK-086,parts_16.csv,1
KNK-109,parts_16.csv,1
KNK-117,parts_16.csv,2
KNK-120,parts_16.csv,2
KNK-122,parts_16.csv,4
KNK-124,parts_16.csv,1
KNK-125,parts_16.csv,1
KNK-127,parts_16.csv,1
KNK-130,parts_16.csv,1
KNK-132,parts_16.csv,1
KNK-133,parts_16.csv,1
KNK-134,parts_16.csv,1
KNK-136,parts_16.csv,2
KNK-142,parts_16.csv,1
KNK-143,parts_16.csv,2
KNK-144,parts_16.csv,1
KNK-145,parts_16.csv,1
KNK-146,parts_16.csv,2
KNK-147,parts_16.csv,1
KNK-148,parts_16.csv,2
KNK-155,parts_16.csv,1
KNK-157,parts_16.csv,1
KNK-159,parts_16.csv,2
KNK-164,parts_16.csv,2
KNK-165,parts_16.csv,2
KNK-166,parts_16.csv,1
KNK-167,parts_16.csv,1
KNK-168,parts_16.csv,2
KNK-169,parts_16.csv,2
KNK-183,parts_16.csv,1
KNK-185,parts_16.csv,1
KNK-186,parts_16.csv,11
KNK-200,parts_16.csv,1
KNK-201,parts_16.csv,1
KNK-202,parts_16.csv,1
KNK-203,parts_16.csv,1
KNK-204,parts_16.csv,1
KNK-205,parts_16.csv,1
KNK-206,parts_16.csv,1
KNK-213,parts_16.csv,3
KNK-222,parts_16.csv,5
KNK-226,parts_16.csv,1
KNK-227,parts_16.csv,1
KNK-232,parts_16.csv,1
KNK-233,parts_16.csv,1
KNK-234,parts_16.csv,1
KNK-235,parts_16.csv,1
KNK-237,parts_16.csv,2
KNK-238,parts_16.csv,1
KNK-239,parts_16.csv,1
KNK-240,parts_16.csv,1
KNK-241,parts_16.csv,1
KNK-244,parts_16.csv,4
KNK-245,parts_16.csv,1
KNK-250,parts_16.csv,1
KNK-253,parts_16.csv,6
KNK-254,parts_16.csv,6
KNK-255,parts_16.csv,1
KNK-262,parts_16.csv,1
KNK-263,parts_16.csv,1
KNK-266,parts_16.csv,10
KNK-287,parts_16.csv,2
KNK-290,parts_16.csv,5
KNK-297,parts_16.csv,2
KNK-299,parts_16.csv,2
KNK-317,parts_16.csv,1
KNK-320,parts_16.csv,1
KNK-323,parts_16.csv,3
KNK-325,parts_16.csv,1
KNK-336,parts_16.csv,1
KNK-339,parts_16.csv,1
KNK-340,parts_16.csv,1
KNK-341,parts_16.csv,1
KNK-343,parts_16.csv,1
KNK-344,parts_16.csv,1
KNK-345,parts_16.csv,1
KNK-353,parts_16.csv,1
KNK-376,parts_16.csv,1
KNK-403,parts_16.csv,4
KNK-494,parts_16.csv,1
KNL-139,parts_16.csv,1
KNP-009,parts_16.csv,1
KNP-024,parts_16.csv,1
KNP-031,parts_16.csv,1
KNP-032,parts_16.csv,1
KNP-046,parts_16.csv,1
KNP-049,parts_16.csv,1
KNP-050,parts_16.csv,1
KNP-054,parts_16.csv,1
KNP-062,parts_16.csv,1
KNP-065,parts_16.csv,1
KNS-001,parts_16.csv,1
KPC5,parts_16.csv,1
KPC9,parts_16.csv,2
KPD-006,parts_16.csv,1
KPD-013,parts_16.csv,2
KPD-022,parts_16.csv,1
KPD-030,parts_16.csv,1
KPD-035,parts_16.csv,1
KPD-037,parts_16.csv,1
KPD-038,parts_16.csv,1
KPE15,parts_16.csv,1
KRB-013,parts_16.csv,1
KRB-027,parts_16.csv,1
KRB-030,parts_16.csv,1
KRB-037,parts_16.csv,2
KRB-040,parts_16.csv,1
KRB-041,parts_16.csv,1
KRB-042,parts_16.csv,1
KRB-043,parts_16.csv,1
KRB-062,parts_16.csv,1
KRB-066,parts_16.csv,1
KRB-069,parts_16.csv,1
KSF-001,parts_16.csv,1
KSF-008,parts_16.csv,1
KSF-009,parts_16.csv,7
KSF-010,parts_16.csv,5
KSF-015,parts_16.csv,2
KSF-016,parts_16.csv,8
KSF-019,parts_16.csv,1
KSF-023,parts_16.csv,19
KSF-024,parts_16.csv,1
KSH-002,parts_16.csv,3
KSN-001,parts_16.csv,5
KTT-003,parts_16.csv,1
KTT-004,parts_16.csv,1
KTT-005,parts_16.csv,1
KTT-015,parts_16.csv,5
KWM-005,parts_16.csv,3
KWM-010,parts_16.csv,3
KWM-011,parts_16.csv,3
KWM-012,parts_16.csv,3
KWM-013,parts_16.csv,3
KWM-014,parts_16.csv,3
KWM-015,parts_16.csv,3
KWM-019,parts_16.csv,3
KWM-026,parts_16.csv,1
KWM-027,parts_16.csv,1
KWR-030,parts_16.csv,4
KWX-002,parts_16.csv,1
KXA-013,parts_16.csv,1
KXA-021,parts_16.csv,1
KXA-061,parts_16.csv,1
KXA-068,parts_16.csv,2
KXA-084,parts_16.csv,3
KXA-093,parts_16.csv,2
KXA-103,parts_16.csv,1
KXA-126,parts_16.csv,3
KXA-127,parts_16.csv,1
KXA-129,parts_16.csv,1
KXA-142,parts_16.csv,1
KXA-158,parts_16.csv,4
KXA-199,parts_16.csv,1
KXA-202,parts_16.csv,1
KXA-208,parts_16.csv,3
KXA-209,parts_16.csv,1
KXA-219,parts_16.csv,1
KXA-224,parts_16.csv,1
KXA-225,parts_16.csv,1
KXA-226,parts_16.csv,1
KXA-229,parts_16.csv,1
KXA-230,parts_16.csv,1
KXA-233,parts_16.csv,1
KXA-241,parts_16.csv,3
KXA-244,parts_16.csv,2
KXA-245,parts_16.csv,2
KXA-246,parts_16.csv,1
KXA-251,parts_16.csv,1
KXA-252,parts_16.csv,1
KXA-262,parts_16.csv,1
KXA-263,parts_16.csv,1
KXA-264,parts_16.csv,1
KXA-270,parts_16.csv,1
KXA-272,parts_16.csv,1
KXA-283,parts_16.csv,1
KXA-286,parts_16.csv,1
KXA-287,parts_16.csv,1
KXA-293,parts_16.csv,1
KXA-296,parts_16.csv,2
KXA-308,parts_16.csv,1
KXA-318,parts_16.csv,1
KXA-320,parts_16.csv,1
KXA-331,parts_16.csv,1
KXA-342,parts_16.csv,1
KXA-344,parts_16.csv,1
KXA-345,parts_16.csv,1
KXA-346,parts_16.csv,1
KXA-349,parts_16.csv,1
KXA-352,parts_16.csv,1
KXA-353,parts_16.csv,1
KXA-354,parts_16.csv,1
KXA-391,parts_16.csv,1
KXA-392,parts_16.csv,3
KXA-394,parts_16.csv,1
KXA-399,parts_16.csv,1
KXA-420,parts_16.csv,9
KXA-433,parts_16.csv,1
KXA-439,parts_16.csv,1
KXA-441,parts_16.csv,1
KXA-443,parts_16.csv,1
KXA-446,parts_16.csv,1
KXA-449,parts_16.csv,2
KXA-458,parts_16.csv,1
KXA-471,parts_16.csv,1
KXA-478,parts_16.csv,1
KXA-479,parts_16.csv,1
KXA-480,parts_16.csv,1
KXA-487,parts_16.csv,1
KXA-495,parts_16.csv,1
KXA-502,parts_16.csv,3
KXA-513,parts_16.csv,1
KXA-514,parts_16.csv,1
KXA-516,parts_16.csv,2
KXA-517,parts_16.csv,2
KXA-524,parts_16.csv,2
KXA-566,parts_16.csv,10
KXA-571,parts_16.csv,6
KXA-581,parts_16.csv,1
KXA-582,parts_16.csv,1
KXA-583,parts_16.csv,1
KXA-603,parts_16.csv,6
KXA-630,parts_16.csv,1
KXA-631,parts_16.csv,1
KXA-644,parts_16.csv,1
KXA-660,parts_16.csv,2
KXA-661,parts_16.csv,2
KXA-664,parts_16.csv,1
KXA-688,parts_16.csv,1
KXA-689,parts_16.csv,1
KXA-698,parts_16.csv,1
KXA-704,parts_16.csv,1
KXA-705,parts_16.csv,1
KXA-706,parts_16.csv,1
KXA-709,parts_16.csv,1
KXA-714,parts_16.csv,1
KXA-715,parts_16.csv,1
KXA-720,parts_16.csv,1
KXA-721,parts_16.csv,1
KXA-727,parts_16.csv,1
KXA-752,parts_16.csv,1
KXA-753,parts_16.csv,1
KXA-756,parts_16.csv,5
KXA-757,parts_16.csv,1
KXA-758,parts_16.csv,3
KXA-759,parts_16.csv,1
KXA-760,parts_16.csv,2
KXA-761,parts_16.csv,2
KXA-762,parts_16.csv,1
KXA-763,parts_16.csv,1
KXA-764,parts_16.csv,2
KXA-765,parts_16.csv,2
KXA-766,parts_16.csv,1
KXA-767,parts_16.csv,1
KXA-768,parts_16.csv,1
KXA-771,parts_16.csv,1
KXA-774,parts_16.csv,1
KXA-775,parts_16.csv,1
KXA-778,parts_16.csv,1
KXA-779,parts_16.csv,1
KXA-784,parts_16.csv,1
KXA-787,parts_16.csv,1
KXA-790,parts_16.csv,1
KXA-791,parts_16.csv,1
KXA-792,parts_16.csv,1
KXA-796,parts_16.csv,2
KXA-797,parts_16.csv,2
KXB-008,parts_16.csv,1
KXB-012,parts_16.csv,1
KXB-014,parts_16.csv,1
KXB-015,parts_16.csv,1
KXB-016,parts_16.csv,1
KXB-040,parts_16.csv,1
KXB-041,parts_16.csv,1
KXB-042,parts_16.csv,1
KXB-063,parts_16.csv,1
KXB-162,parts_16.csv,2
KXB-209,parts_16.csv,1
KXB-768,parts_16.csv,1
KXH-002,parts_16.csv,1
KXM-002,parts_16.csv,2
KXM-015,parts_16.csv,1
KXM-021,parts_16.csv,5
KXM-024-A or KXM-015,parts_16.csv,1
KXM-026,parts_16.csv,1
KXM-034,parts_16.csv,1
KXM-035,parts_16.csv,1
KXM-037,parts_16.csv,1
KXX-392,parts_16.csv,1
LD 8242,parts_16.csv,1
LD8242,parts_16.csv,1
M10-014,parts_16.csv,1
M11-158,parts_16.csv,1
M11-657,parts_16.csv,1
M11-663,parts_16.csv,1
M15-327,parts_16.csv,1
M15-414,parts_16.csv,2
M16-043,parts_16.csv,1
M16-602,parts_16.csv,1
M16-606,parts_16.csv,2
M16-608,parts_16.csv,2
M16-610,parts_16.csv,2
M16-624,parts_16.csv,4
M21-060,parts_16.csv,1
M21-069,parts_16.csv,1
M21-219,parts_16.csv,1
M21-224,parts_16.csv,2
M21-228,parts_16.csv,1
M21-267,parts_16.csv,1
M21-269,parts_16.csv,1
M21-271,parts_16.csv,1
M21-273,parts_16.csv,1
M21-283,parts_16.csv,1
M21-293,parts_16.csv,1
M21-303,parts_16.csv,1
M21-309,parts_16.csv,1
M21-323,parts_16.csv,1
M21-328,parts_16.csv,1
M21-334,parts_16.csv,1
M21-335,parts_16.csv,1
M21-354,parts_16.csv,1
M21-355,parts_16.csv,1
M21-356,parts_16.csv,1
M21-357,parts_16.csv,1
M21-358,parts_16.csv,1
M22-009,parts_16.csv,1
M24-624,parts_16.csv,1
M33-082,parts_16.csv,2
M33-086,parts_16.csv,3
M33-105,parts_16.csv,1
M33-113,parts_16.csv,2
M33-114,parts_16.csv,1
M33-117,parts_16.csv,1
M33-122,parts_16.csv,1
M41-085,parts_16.csv,1
M42-009,parts_16.csv,8
M42-018,parts_16.csv,2
M42-021,parts_16.csv,1
M42-027,parts_16.csv,8
M42-041,parts_16.csv,2
M42-053,parts_16.csv,1
M42-054,parts_16.csv,1
M42-056,parts_16.csv,2
M42-058,parts_16.csv,1
M42-071,parts_16.csv,8
M42-080,parts_16.csv,4
M42-080A,parts_16.csv,1
M44-022,parts_16.csv,1
M44-621,parts_16.csv,3
M44-628,parts_16.csv,1
M44-635,parts_16.csv,1
M44-851,parts_16.csv,3
M45-005,parts_16.csv,1
M45-032,parts_16.csv,1
M45-086,parts_16.csv,11
M45-105,parts_16.csv,6
M45-408,parts_16.csv,3
M46-025,parts_16.csv,3
M46-027,parts_16.csv,1
M46-138,parts_16.csv,1
M46-139,parts_16.csv,3
M46-612,parts_16.csv,1
M46-614,parts_16.csv,1
M46-615,parts_16.csv,1
M46-616,parts_16.csv,1
M46-687,parts_16.csv,5
M46-701,parts_16.csv,2
M46-751,parts_16.csv,1
M46-857,parts_16.csv,1
M48-401,parts_16.csv,6
M49-009,parts_16.csv,1
M49-025,parts_16.csv,32
M49-052,parts_16.csv,1
M49-127,parts_17.csv,8
M49-128,parts_17.csv,2
M52-010,parts_17.csv,7
M52-112,parts_17.csv,1
M52-119,parts_17.csv,2
M52-130,parts_17.csv,1
M52-139,parts_17.csv,9
M52-150,parts_17.csv,1
M53-021,parts_17.csv,1
M53-618,parts_17.csv,1
M61-003,parts_17.csv,5
M61-017,parts_17.csv,10
M62-150,parts_17.csv,2
M62-601,parts_17.csv,6
M62-602,parts_17.csv,2
M62-603,parts_17.csv,1
M63-042,parts_17.csv,2
M63-612,parts_17.csv,1
M63-615,parts_17.csv,2
M64-076,parts_17.csv,1
M64-077,parts_17.csv,1
M64-613,parts_17.csv,2
M64-621,parts_17.csv,1
M6525-B1B,parts_17.csv,1
M71-004 O,parts_17.csv,1
M71-005 O,parts_17.csv,1
M91-610,parts_17.csv,1
M98-576,parts_17.csv,1
M98-613,parts_17.csv,1
M98-631,parts_17.csv,1
M98-855,parts_17.csv,6
MB84011UM,parts_17.csv,1
MN25-G or B,parts_17.csv,1
MN6076,parts_17.csv,1
MNR-001,parts_17.csv,1
MP25-G or B,parts_17.csv,1
MTZ30P100FZK,parts_17.csv,1
MXA-001,parts_17.csv,1
N/A,parts_17.csv,22
N11-005,parts_17.csv,1
N11-006,parts_17.csv,3
N11-409,parts_17.csv,1
N11-410,parts_17.csv,1
N11-411,parts_17.csv,2
N11-412,parts_17.csv,1
N11-611,parts_17.csv,1
N11-618,parts_17.csv,1
N11-619,parts_17.csv,1
N11-852,parts_17.csv,2
N15-852,parts_17.csv,3
N21-611,parts_17.csv,1
N21-G14,parts_17.csv,1
N22-602,parts_17.csv,1
N23-601,parts_17.csv,1
N23-608,parts_17.csv,5
N23-614,parts_17.csv,4
N24-005,parts_17.csv,12
N24-006,parts_17.csv,12
N24-603,parts_17.csv,1
N24-627,parts_17.csv,1
N24-628,parts_17.csv,1
N24-640,parts_17.csv,2
N24-641,parts_17.csv,2
N26-608,parts_17.csv,1
N26-621,parts_17.csv,2
N27-409,parts_17.csv,1
N27-609,parts_17.csv,1
N28-414,parts_17.csv,1
N28-416,parts_17.csv,1
N28-417,parts_17.csv,2
N28-418,parts_17.csv,1
N28-419,parts_17.csv,2
N28-420,parts_17.csv,2
N28-608,parts_17.csv,1
N28-612,parts_17.csv,1
N28-851,parts_17.csv,3
N28-853,parts_17.csv,8
N51-010,parts_17.csv,1
N51-064,parts_17.csv,3
N51-065,parts_17.csv,4
N51-073,parts_17.csv,2
N51-076,parts_17.csv,2
N51-080,parts_17.csv,1
N51-082,parts_17.csv,1
N51-083,parts_17.csv,1
N51-607,parts_17.csv,2
N51-609,parts_17.csv,2
N51-615,parts_17.csv,1
N51-619,parts_17.csv,1
N51-620,parts_17.csv,2
N51-624,parts_17.csv,1
N51-625,parts_17.csv,1
N51-626,parts_17.csv,1
N51-676,parts_17.csv,1
N51-719,parts_17.csv,1
N51-721,parts_17.csv,1
N51-722,parts_17.csv,1
N51-723,parts_17.csv,1
N51-729,parts_17.csv,1
N51-730,parts_17.csv,1
N51-786,parts_17.csv,4
N51-790,parts_17.csv,1
N51-791,parts_17.csv,3
N51-792,parts_17.csv,1
N51-794,parts_17.csv,6
N51-795,parts_17.csv,4
N51-854,parts_17.csv,4
N51-855,parts_17.csv,8
N51-857,parts_17.csv,3
N51-873,parts_17.csv,3
N52-602,parts_17.csv,1
N52-603,parts_17.csv,1
N52-672,parts_17.csv,2
N52-728,parts_17.csv,2
N54-048,parts_17.csv,4
N54-050,parts_17.csv,1
N54-068,parts_17.csv,1
N54-069,parts_17.csv,1
N54-493,parts_17.csv,3
N54-494,parts_17.csv,3
N54-614,parts_17.csv,1
N54-623,parts_17.csv,1
N54-625,parts_17.csv,1
N54-626,parts_17.csv,1
N54-628,parts_17.csv,1
N54-703,parts_17.csv,1
N54-747,parts_17.csv,1
N54-748,parts_17.csv,1
N54-755,parts_17.csv,1
N54-786,parts_17.csv,4
N54-815,parts_17.csv,1
N54-816,parts_17.csv,1
N54-819,parts_17.csv,2
N54-823,parts_17.csv,1
N54-843,parts_17.csv,2
N54-856,parts_17.csv,3
N54-862,parts_17.csv,6
N54-863,parts_17.csv,3
N54-864,parts_17.csv,3
N54-866,parts_17.csv,8
N54-867,parts_17.csv,3
N55-612,parts_17.csv,1
N55-639,parts_17.csv,1
N55-653,parts_17.csv,2
N61-017,parts_17.csv,3
N61-030,parts_17.csv,1
N61-063,parts_17.csv,3
N61-068,parts_17.csv,1
N61-084,parts_17.csv,11
N61-086,parts_17.csv,1
N61-087,parts_17.csv,1
N61-089,parts_17.csv,1
N61-622,parts_17.csv,1
N61-623,parts_17.csv,2
N61-625,parts_17.csv,1
N61-634,parts_17.csv,1
N61-639,parts_17.csv,2
N61-644,parts_17.csv,1
N61-645,parts_17.csv,1
N61-647,parts_17.csv,1
N61-651,parts_17.csv,1
N61-652,parts_17.csv,1
N61-655,parts_17.csv,1
N61-656,parts_17.csv,1
N61-863,parts_17.csv,3
N61-878,parts_17.csv,1
N62-001,parts_17.csv,1
N62-003,parts_17.csv,1
N62-004,parts_17.csv,1
N62-524,parts_17.csv,3
N62-525,parts_17.csv,3
N62-528,parts_17.csv,3
N62-529,parts_17.csv,1
N62-532,parts_17.csv,1
N62-569,parts_17.csv,1
N62-610,parts_17.csv,1
N62-648,parts_17.csv,1
N62-650,parts_17.csv,1
N62-651,parts_17.csv,1
N62-754,parts_17.csv,1
N62-755,parts_17.csv,1
N62-756,parts_17.csv,1
N62-757,parts_17.csv,1
N62-761,parts_17.csv,1
N62-764,parts_17.csv,1
N62-765,parts_17.csv,1
N62-766,parts_17.csv,1
N62-770,parts_17.csv,4
N62-771,parts_17.csv,1
N62-799,parts_17.csv,4
N62-800,parts_17.csv,1
N63-610,parts_17.csv,1
N63-611,parts_17.csv,1
N63-631,parts_17.csv,1
N64-013,parts_17.csv,3
N64-018,parts_17.csv,3
N64-030,parts_17.csv,3
N64-031,parts_17.csv,3
N64-605,parts_17.csv,3
N64-647,parts_17.csv,1
N64-698,parts_17.csv,8
N64-853,parts_17.csv,3
N81-006,parts_17.csv,1
N81-007,parts_17.csv,1
N81-404,parts_17.csv,3
N82-001,parts_17.csv,1
N83-001,parts_17.csv,1
N83-401,parts_17.csv,3
N83-402,parts_17.csv,3
N91-602,parts_17.csv,3
N92-602,parts_17.csv,4
N92-609,parts_17.csv,2
N92-851,parts_17.csv,3
N93-004,parts_17.csv,1
N93-007,parts_17.csv,7
N93-035,parts_17.csv,3
N93-044,parts_17.csv,1
N93-051,parts_17.csv,1
N93-052,parts_17.csv,1
N93-053,parts_17.csv,1
N93-054,parts_17.csv,1
N93-063,parts_17.csv,1
N93-064,parts_17.csv,1
N93-067,parts_17.csv,1
N93-070,parts_17.csv,1
N93-438,parts_17.csv,3
N93-603,parts_17.csv,16
N93-640,parts_17.csv,1
N93-641,parts_17.csv,2
N93-644,parts_17.csv,3
N93-659,parts_17.csv,1
N93-665,parts_17.csv,1
N93-679,parts_17.csv,3
N93-709,parts_17.csv,1
N93-742,parts_17.csv,3
N93-855,parts_17.csv,3
N93-857,parts_17.csv,3
N94-828,parts_17.csv,2
NK70FUC,parts_17.csv,1
NK90FUC,parts_17.csv,1
P21-603,parts_17.csv,1
P21-613,parts_17.csv,2
P21-615,parts_17.csv,1
P22-015,parts_17.csv,2
P22-608,parts_17.csv,1
P22-626,parts_17.csv,1
P23-611,parts_17.csv,1
P23-612,parts_17.csv,1
P25-607,parts_17.csv,3
P25-609,parts_17.csv,2
P25-677,parts_17.csv,1
P45-851,parts_17.csv,4
P52-404,parts_17.csv,1
P53-001,parts_17.csv,1
P53-402,parts_17.csv,2
P54-403,parts_17.csv,1
P54-404,parts_17.csv,1
P54-851,parts_17.csv,1
PA4006,parts_17.csv,1
PAA-009,parts_17.csv,1
PAA-014,parts_17.csv,1
PAA-017,parts_17.csv,1
PAA-022,parts_17.csv,1
PAA-024,parts_17.csv,1
PAA-025,parts_17.csv,1
PAA-028,parts_17.csv,1
PAA-030,parts_17.csv,2
PAA-034,parts_17.csv,1
PAA-035,parts_17.csv,1
PAC-016,parts_17.csv,4
PAC-020,parts_17.csv,2
PAC-023,parts_17.csv,2
PAC-024,parts_17.csv,4
PAC-026,parts_17.csv,2
PAC-041,parts_17.csv,2
PAC-043,parts_17.csv,2
PAC-044,parts_17.csv,1
PAC-045,parts_17.csv,2
PAC-047,parts_17.csv,2
PAC-073,parts_17.csv,1
PAC-074,parts_17.csv,1
PAC-130,parts_17.csv,1
PAD-009,parts_17.csv,5
PAD-014,parts_17.csv,1
PAD-015,parts_17.csv,1
PAD-016,parts_17.csv,1
PAD-017,parts_17.csv,1
PAD-018,parts_17.csv,1
PAD-019,parts_17.csv,1
PAD-020,parts_17.csv,1
PAD-023,parts_17.csv,2
PAD-024,parts_17.csv,1
PAD-025,parts_17.csv,3
PAD-033,parts_17.csv,1
PAD-034,parts_17.csv,2
PAD-035,parts_17.csv,1
PAD-037,parts_17.csv,1
PAD-040,parts_17.csv,1
PAD-041,parts_17.csv,1
PAD-042,parts_17.csv,1
PAD-043,parts_17.csv,1
PAD-044,parts_17.csv,1
PAD-045,parts_17.csv,1
PAD-046,parts_17.csv,1
PAD-058,parts_17.csv,1
PAD-059,parts_17.csv,1
PAD-060,parts_17.csv,1
PAD-061,parts_17.csv,1
PAD-062,parts_17.csv,1
PAD-063,parts_17.csv,1
PAD-064,parts_17.csv,1
PAD-075,parts_17.csv,1
PAD-076,parts_17.csv,1
PAD-077,parts_17.csv,1
PAD-078,parts_17.csv,1
PAD-133,parts_17.csv,1
PAD-134,parts_17.csv,2
PAD-135,parts_17.csv,2
PAD-136,parts_17.csv,2
PAD-137,parts_17.csv,5
PAD-138,parts_17.csv,4
PAD-139,parts_17.csv,5
PAD-939,parts_17.csv,1
PAG-001,parts_17.csv,2
PAL-027,parts_17.csv,1
PAM-003,parts_17.csv,1
PAM-004,parts_17.csv,1
PAM-005,parts_17.csv,1
PAM-014,parts_17.csv,1
PAM-049,parts_17.csv,1
PAM-060,parts_17.csv,1
PAM-061,parts_17.csv,1
PAM-064,parts_17.csv,1
PAM-065,parts_17.csv,1
PAM-068,parts_17.csv,1
PAM-069,parts_17.csv,1
PAM-070,parts_17.csv,1
PAM-071,parts_17.csv,1
PAM-072,parts_17.csv,1
PAM-073,parts_17.csv,1
PAM-080,parts_17.csv,1
PAN -025,parts_17.csv,1
PAN-016,parts_17.csv,1
PAN-017,parts_17.csv,1
PAN-019,parts_17.csv,1
PAN-024,parts_17.csv,2
PAN-029,parts_17.csv,1
PAN-032,parts_17.csv,1
PAN-034,parts_17.csv,1
PAN-036,parts_17.csv,1
PAN-037,parts_17.csv,1
PAN-051,parts_17.csv,1
PAT-007,parts_17.csv,2
PAT-022,parts_17.csv,1
PAT-024,parts_17.csv,1
PAT-028,parts_17.csv,1
PAT-032,parts_17.csv,1
PAT-034,parts_17.csv,1
PAW-001,parts_17.csv,1
PAW-002,parts_17.csv,1
PAW-003,parts_17.csv,1
PAW-007,parts_17.csv,1
PBA-006,parts_17.csv,2
PBA-008,parts_17.csv,2
PBA-011,parts_17.csv,2
PBA-034,parts_17.csv,1
PBA-046,parts_17.csv,1
PBA-052,parts_17.csv,1
PBA-071,parts_17.csv,1
PBA-073,parts_17.csv,1
PBA-079,parts_17.csv,1
PBA-085,parts_17.csv,1
PBA-086,parts_17.csv,2
PBA-096,parts_17.csv,1
PBA-099,parts_17.csv,2
PBA-100,parts_17.csv,2
PBA-103,parts_17.csv,2
PBA-108,parts_17.csv,2
PBA-109,parts_17.csv,2
PBA-111,parts_17.csv,1
PBA-112,parts_17.csv,1
PBA-905,parts_17.csv,1
PBA-909,parts_17.csv,7
PBE-012,parts_17.csv,4
PBE-019,parts_17.csv,1
PBF-002,parts_17.csv,1
PBF-005,parts_17.csv,4
PBF-010,parts_17.csv,1
PBH-002,parts_17.csv,1
PBH-004,parts_17.csv,1
PBH-006,parts_17.csv,1
PBH-007,parts_17.csv,1
PBH-008,parts_17.csv,1
PBH-010,parts_17.csv,1
PBH-023,parts_17.csv,2
PBH-028,parts_17.csv,2
PBH-029,parts_17.csv,2
PBH-045,parts_17.csv,1
PBH-086,parts_17.csv,2
PBH-087,parts_17.csv,2
PBH-108,parts_17.csv,1
PBH-140,parts_17.csv,1
PBH-145,parts_17.csv,1
PBH-147,parts_17.csv,1
PBH-148,parts_17.csv,1
PBH-149,parts_17.csv,2
PBH-151,parts_17.csv,1
PBH-155,parts_17.csv,1
PBH-163,parts_17.csv,1
PBH-166,parts_17.csv,1
PBH-169,parts_17.csv,2
PBH-180,parts_17.csv,1
PBH-181,parts_17.csv,1
PBH-182,parts_17.csv,1
PBH-193,parts_17.csv,1
PBH-196,parts_17.csv,1
PBH-197,parts_17.csv,1
PBH-198,parts_17.csv,2
PBH-201,parts_17.csv,1
PBH-207,parts_17.csv,1
PBH-213,parts_17.csv,1
PBH-224,parts_17.csv,4
PBH-225,parts_17.csv,3
PBH-236,parts_17.csv,2
PBH-237,parts_17.csv,2
PBH-238,parts_17.csv,2
PBH-240,parts_17.csv,1
PBH-241,parts_17.csv,1
PBH-244,parts_17.csv,1
PBH-250,parts_17.csv,1
PBH-251,parts_17.csv,1
PBH-252,parts_17.csv,1
PBH-254,parts_17.csv,2
PBH-255,parts_17.csv,1
PBH-257,parts_17.csv,1
PBH-259,parts_17.csv,2
PBH-261,parts_17.csv,2
PBH-264,parts_17.csv,1
PBH-265,parts_17.csv,1
PBH-266,parts_17.csv,1
PBH-282,parts_17.csv,1
PBH-288,parts_17.csv,1
PBH-289,parts_17.csv,1
PBH-290,parts_17.csv,1
PBH-292,parts_17.csv,1
PBH-304,parts_17.csv,1
PBH-305,parts_17.csv,2
PBH-306,parts_17.csv,1
PBH-339,parts_17.csv,1
PBH-355,parts_17.csv,1
PBH-374,parts_17.csv,1
PBH-375,parts_17.csv,1
PBH-505,parts_17.csv,2
PBH-506,parts_17.csv,2
PBH-511,parts_17.csv,1
PBH-514,parts_17.csv,1
PBK-023,parts_17.csv,1
PBK-027,parts_17.csv,2
PBK-030,parts_17.csv,1
PBK-042,parts_17.csv,2
PBK-047,parts_17.csv,1
PBK-069,parts_17.csv,1
PBN-501,parts_17.csv,2
PBN-902,parts_17.csv,2
PC-12,parts_17.csv,1
PC-135,parts_17.csv,2
PC-50,parts_17.csv,3
PC-Q1,parts_17.csv,1
PCP-012,parts_17.csv,1
PCP-031,parts_17.csv,1
PCS-003,parts_17.csv,3
PCS-005,parts_17.csv,3
PCS-008,parts_17.csv,1
PCS-009,parts_17.csv,1
PCS-011,parts_17.csv,2
PCS-016,parts_17.csv,2
PCX-031,parts_17.csv,1
PCX-045,parts_17.csv,1
PCX-051,parts_17.csv,1
PDA-001,parts_17.csv,1
PDA-013,parts_17.csv,1
PDA-018,parts_17.csv,1
PDA-020,parts_17.csv,1
PDE-003,parts_17.csv,1
PDE-004,parts_17.csv,11
PDE-016,parts_17.csv,6
PDE-029,parts_17.csv,1
PDE-031,parts_17.csv,2
PDE-032,parts_17.csv,1
PDE-038,parts_17.csv,1
PDE-044,parts_17.csv,3
PDE-061,parts_17.csv,1
PDE-064,parts_17.csv,1
PDE-065,parts_17.csv,1
PDE-066,parts_17.csv,1
PDE-067,parts_17.csv,1
PDE-068,parts_17.csv,1
PDE-070,parts_17.csv,1
PDE-071,parts_17.csv,1
PDE-073,parts_17.csv,1
PDE-074,parts_17.csv,1
PDE-079,parts_17.csv,1
PDF-082,parts_17.csv,1
PDF-097,parts_17.csv,1
PDF-121,parts_17.csv,1
PDF-122,parts_17.csv,1
PDF-123,parts_17.csv,1
PDF-127,parts_17.csv,1
PDF-147,parts_17.csv,2
PDF-205,parts_17.csv,3
PDF-206,parts_17.csv,2
PDF-208,parts_17.csv,1
PDF-209,parts_17.csv,1
PDF-210,parts_17.csv,1
PDF-542,parts_17.csv,1
PDG-004,parts_17.csv,5
PDG-010,parts_17.csv,2
PDG-017,parts_17.csv,3
PDG-020,parts_17.csv,1
PDG-021,parts_17.csv,3
PDG-022,parts_17.csv,1
PDG-023,parts_17.csv,1
PDX-001,parts_17.csv,4
PDX-002,parts_17.csv,3
PDX-003,parts_17.csv,1
PDX-006,parts_17.csv,1
PDX-007,parts_17.csv,1
PDX-008,parts_17.csv,1
PDZ30P050FMC,parts_17.csv,1
PDZ30P080FMC,parts_17.csv,1
PEA-008,parts_17.csv,2
PEA-010,parts_17.csv,4
PEA-011,parts_17.csv,2
PEA-013,parts_17.csv,3
PEA-015,parts_17.csv,1
PEA-017,parts_17.csv,3
PEA-025,parts_17.csv,1
PEA-026,parts_17.csv,1
PEA-028,parts_17.csv,1
PEA-029,parts_17.csv,1
PEA-030,parts_17.csv,1
PEA-031,parts_17.csv,1
PEA-032,parts_17.csv,6
PEA-034,parts_17.csv,4
PEA-035,parts_17.csv,3
PEA-036,parts_17.csv,5
PEA-052,parts_18.csv,1
PEA-067,parts_18.csv,1
PEA-079,parts_18.csv,1
PEA-905,parts_18.csv,1
PEB-009,parts_18.csv,2
PEB-010,parts_18.csv,5
PEB-011,parts_18.csv,5
PEB-034,parts_18.csv,2
PEB-037,parts_18.csv,1
PEB-041,parts_18.csv,2
PEB-046,parts_18.csv,2
PEB-068,parts_18.csv,1
PEB-074,parts_18.csv,1
PEB-086,parts_18.csv,1
PEB-096,parts_18.csv,1
PEB-097,parts_18.csv,3
PEB-102,parts_18.csv,4
PEB-114,parts_18.csv,1
PEB-119,parts_18.csv,1
PEB-122,parts_18.csv,1
PEB-123,parts_18.csv,1
PEB-143,parts_18.csv,1
PEB-150,parts_18.csv,3
PEB-152,parts_18.csv,2
PEB-155,parts_18.csv,1
PEB-158,parts_18.csv,1
PEB-163,parts_18.csv,2
PEB-167,parts_18.csv,1
PEB-170,parts_18.csv,1
PEB-171,parts_18.csv,2
PEB-172,parts_18.csv,1
PEB-192,parts_18.csv,1
PEB-197,parts_18.csv,1
PEB-250,parts_18.csv,1
PEB-258,parts_18.csv,1
PEC-004,parts_18.csv,2
PEC-012,parts_18.csv,10
PEC-015,parts_18.csv,2
PEC-018,parts_18.csv,1
PEC-025,parts_18.csv,1
PEC-028,parts_18.csv,1
PEC-044,parts_18.csv,2
PEC-051,parts_18.csv,6
PEC-052,parts_18.csv,2
PEC-053,parts_18.csv,1
PEC-056,parts_18.csv,2
PEC-057,parts_18.csv,1
PEC-058,parts_18.csv,1
PEC-059,parts_18.csv,1
PEC-063,parts_18.csv,1
PEC-065,parts_18.csv,1
PED-004,parts_18.csv,2
PED-016,parts_18.csv,1
PED-021,parts_18.csv,1
PEF-001,parts_18.csv,2
PEF-003,parts_18.csv,1
PEK-005,parts_18.csv,1
PEK-023,parts_18.csv,1
PEK-027,parts_18.csv,1
PEK-033,parts_18.csv,1
PEL-001,parts_18.csv,1
PEL-005,parts_18.csv,3
PEL-009,parts_18.csv,3
PEL-016,parts_18.csv,1
PEL-017,parts_18.csv,1
PEL-018,parts_18.csv,1
PEL-019,parts_18.csv,2
PEL-020,parts_18.csv,1
PEL-021,parts_18.csv,1
PEL-025,parts_18.csv,1
PEL-030,parts_18.csv,1
PEL-031,parts_18.csv,2
PEL-033,parts_18.csv,1
PEL-035,parts_18.csv,1
PEL-036,parts_18.csv,1
PEL-037,parts_18.csv,1
PEL-039,parts_18.csv,2
PEL-040,parts_18.csv,1
PEL-041,parts_18.csv,2
PEL-042,parts_18.csv,1
PEM-001,parts_18.csv,2
PH-101,parts_18.csv,1
PHA-052,parts_18.csv,1
PHA-053,parts_18.csv,1
PHA-055,parts_18.csv,1
PHA-060,parts_18.csv,1
PHA-069,parts_18.csv,1
PHA-077,parts_18.csv,2
PHA-080,parts_18.csv,1
PHA-107,parts_18.csv,2
PHA-108,parts_18.csv,2
PHA-109,parts_18.csv,1
PHA-110,parts_18.csv,1
PHA-122,parts_18.csv,1
PHA-125,parts_18.csv,1
PHA-126,parts_18.csv,1
PHA-131,parts_18.csv,1
PHB-162,parts_18.csv,1
PHB-232,parts_18.csv,1
PHC-016,parts_18.csv,2
PHC-017,parts_18.csv,2
PHC-036,parts_18.csv,1
PHC-040,parts_18.csv,1
PHC-041,parts_18.csv,1
PHC-049,parts_18.csv,2
PHC-054,parts_18.csv,1
PHC-069,parts_18.csv,2
PHE-303FA,parts_18.csv,2
PHG-034,parts_18.csv,1
PHG-036,parts_18.csv,1
PHG-039,parts_18.csv,1
PHG-054,parts_18.csv,1
PHG-058,parts_18.csv,1
PHG-086,parts_18.csv,1
PHG-090,parts_18.csv,1
PHG-104,parts_18.csv,1
PHG-106,parts_18.csv,1
PHG-113,parts_18.csv,1
PHG-117,parts_18.csv,1
PHG-124,parts_18.csv,1
PHG-125,parts_18.csv,1
PHG-126,parts_18.csv,1
PHG-128,parts_18.csv,1
PHG-139,parts_18.csv,1
PHG-140,parts_18.csv,1
PHG-148,parts_18.csv,1
PHG-156,parts_18.csv,1
PHG-167,parts_18.csv,1
PHG-168,parts_18.csv,1
PHG-173,parts_18.csv,1
PHG-174,parts_18.csv,1
PHG-223,parts_18.csv,1
PHG-233,parts_18.csv,1
PHG-234,parts_18.csv,1
PHG-238,parts_18.csv,1
PHG-241,parts_18.csv,1
PHG-242,parts_18.csv,1
PHG-243,parts_18.csv,1
PHG-246,parts_18.csv,1
PHG-257,parts_18.csv,1
PHG-258,parts_18.csv,1
PHG-269,parts_18.csv,1
PHG-276,parts_18.csv,1
PHG-279,parts_18.csv,1
PHG-281,parts_18.csv,1
PHG-369,parts_18.csv,1
PHG-370,parts_18.csv,1
PHG-374,parts_18.csv,1
PHG-376,parts_18.csv,1
PHG-378,parts_18.csv,1
PHG-382,parts_18.csv,1
PHG-386,parts_18.csv,1
PHG-387,parts_18.csv,1
PHG-388,parts_18.csv,1
PHG-408,parts_18.csv,1
PHG-414,parts_18.csv,1
PHG-416,parts_18.csv,1
PHG-436,parts_18.csv,1
PHH-053,parts_18.csv,1
PHH-054,parts_18.csv,3
PHH-057,parts_18.csv,1
PHH-058,parts_18.csv,4
PHL-006,parts_18.csv,1
PHN-006,parts_18.csv,2
PHN-007,parts_18.csv,2
PHN-008,parts_18.csv,1
PHN-009,parts_18.csv,1
PHP-023,parts_18.csv,2
PKA-630,parts_18.csv,1
PKB-059,parts_18.csv,1
PKC-001,parts_18.csv,1
PKC-004,parts_18.csv,2
PKP-014,parts_18.csv,4
PKP-015,parts_18.csv,1
PLA-002,parts_18.csv,1
PLA-039,parts_18.csv,2
PLA-040,parts_18.csv,3
PLA-071,parts_18.csv,3
PLA-210,parts_18.csv,3
PLA-286,parts_18.csv,1
PLA-304,parts_18.csv,1
PLA-356,parts_18.csv,1
PLA-382,parts_18.csv,1
PLA-396,parts_18.csv,2
PLA-466,parts_18.csv,1
PLA-563,parts_18.csv,4
PLA-564,parts_18.csv,2
PLA-567,parts_18.csv,4
PLA-586,parts_18.csv,7
PLA-620,parts_18.csv,3
PLA-627,parts_18.csv,1
PLA-676,parts_18.csv,1
PLA-677,parts_18.csv,1
PLA-697,parts_18.csv,1
PLA-702,parts_18.csv,1
PLA-719,parts_18.csv,1
PLA-720,parts_18.csv,1
PLB-046,parts_18.csv,1
PLB-047,parts_18.csv,1
PLB-050,parts_18.csv,2
PLB-051,parts_18.csv,2
PLB-059,parts_18.csv,1
PLB-060,parts_18.csv,1
PLB-067,parts_18.csv,2
PLB-100,parts_18.csv,1
PLB-210,parts_18.csv,1
PLZ40P120FMC,parts_18.csv,1
PMK26P100FMC,parts_18.csv,1
PMM-018,parts_18.csv,1
PMM-024,parts_18.csv,1
PMM-025,parts_18.csv,1
PMM-041,parts_18.csv,1
PMM-042,parts_18.csv,2
PMM-044,parts_18.csv,3
PMM-049,parts_18.csv,2
PMM-059,parts_18.csv,1
PMM-064,parts_18.csv,1
PMM-091,parts_18.csv,1
PMM-097,parts_18.csv,1
PMM-098,parts_18.csv,1
PMM-106,parts_18.csv,1
PMM-134,parts_18.csv,1
PMM-138,parts_18.csv,1
PMM-142,parts_18.csv,1
PMM-148,parts_18.csv,1
PMM-159,parts_18.csv,1
PMS-003,parts_18.csv,2
PMW-007,parts_18.csv,1
PMW-009,parts_18.csv,1
PMZ30P050FMC,parts_18.csv,1
PMZ30P060FZB,parts_18.csv,1
PN-135,parts_18.csv,1
PNA-008,parts_18.csv,1
PNA-086,parts_18.csv,1
PNA-090,parts_18.csv,1
PNB-014,parts_18.csv,1
PNB-032,parts_18.csv,1
PNB-063,parts_18.csv,1
PNB-064,parts_18.csv,1
PNB-105,parts_18.csv,10
PNB-112,parts_18.csv,1
PNB-142,parts_18.csv,1
PNB-224,parts_18.csv,1
PNB-366,parts_18.csv,1
PNB-385,parts_18.csv,1
PNB-387,parts_18.csv,1
PNB-393,parts_18.csv,1
PNB-432,parts_18.csv,2
PNB-434,parts_18.csv,1
PNB-435,parts_18.csv,1
PNB-460,parts_18.csv,3
PNB-519,parts_18.csv,3
PNB-541,parts_18.csv,1
PNB-544,parts_18.csv,1
PNC-040,parts_18.csv,1
PNC-044,parts_18.csv,1
PNC-067,parts_18.csv,1
PNC-068,parts_18.csv,2
PNC-126,parts_18.csv,2
PNC-132,parts_18.csv,1
PNC-145,parts_18.csv,1
PNC-204,parts_18.csv,1
PNC-227,parts_18.csv,1
PNC-311,parts_18.csv,1
PNC-312,parts_18.csv,1
PNK-848,parts_18.csv,1
PNM-005,parts_18.csv,1
PNM-009,parts_18.csv,1
PNN-005,parts_18.csv,1
PNP-027,parts_18.csv,1
PNP-078,parts_18.csv,1
PNP-090,parts_18.csv,1
PNR-001,parts_18.csv,1
PNR-0110,parts_18.csv,1
PNR-013,parts_18.csv,1
PNR-022,parts_18.csv,2
PNR-029,parts_18.csv,1
PNR-031,parts_18.csv,2
PNR-034,parts_18.csv,1
PNR-045,parts_18.csv,1
PNR-061,parts_18.csv,1
PNR-064,parts_18.csv,1
PNR-067,parts_18.csv,1
PNR-068,parts_18.csv,1
PNR-072,parts_18.csv,2
PNR-083,parts_18.csv,1
PNR-084,parts_18.csv,1
PNR-086,parts_18.csv,1
PNR-087,parts_18.csv,1
PNR-089,parts_18.csv,2
PNR-094,parts_18.csv,2
PNR-095,parts_18.csv,1
PNR-114,parts_18.csv,1
PNR-121,parts_18.csv,1
PNR-124,parts_18.csv,1
PNR-125,parts_18.csv,1
PNR-126,parts_18.csv,1
PNR-127,parts_18.csv,1
PNR-140,parts_18.csv,1
PNR-144,parts_18.csv,1
PNR-187,parts_18.csv,1
PNT-002,parts_18.csv,2
PNT-008,parts_18.csv,3
PNT-507,parts_18.csv,1
PNT-508,parts_18.csv,1
PNT-516,parts_18.csv,4
PNT-521,parts_18.csv,1
PNV-002,parts_18.csv,1
PNV-005,parts_18.csv,1
PNV-008,parts_18.csv,1
PNV-011,parts_18.csv,2
PNV-014,parts_18.csv,4
PNV-016,parts_18.csv,1
PNV-024,parts_18.csv,1
PNV-025,parts_18.csv,1
PNV-034,parts_18.csv,2
PNV-035,parts_18.csv,1
PNV-039,parts_18.csv,1
PNV-046,parts_18.csv,1
PNW-001,parts_18.csv,1
PNW-002,parts_18.csv,1
PNW-011,parts_18.csv,2
PNW-014,parts_18.csv,1
PNW-021,parts_18.csv,1
PNW-027,parts_18.csv,2
PNW-028,parts_18.csv,1
PNW-042,parts_18.csv,1
PNW-043,parts_18.csv,1
PNW-044,parts_18.csv,1
PNW-046,parts_18.csv,1
PNW-070,parts_18.csv,1
PNW-073,parts_18.csv,8
PNW-078,parts_18.csv,1
PNW-084,parts_18.csv,2
PNW-088,parts_18.csv,2
PNW-091,parts_18.csv,2
PNW-092,parts_18.csv,2
PNW-096,parts_18.csv,1
PNW-104,parts_18.csv,1
PNW-124,parts_18.csv,1
PNW-133,parts_18.csv,2
PNW-151,parts_18.csv,2
PNW-169,parts_18.csv,2
PNW-170,parts_18.csv,1
PNW-175,parts_18.csv,1
PNW-176,parts_18.csv,2
PNW-191,parts_18.csv,1
PNW-225,parts_18.csv,1
PNW-243,parts_18.csv,1
PNW-247,parts_18.csv,1
PNW-251,parts_18.csv,1
PNW-264,parts_18.csv,1
PNW-287,parts_18.csv,1
PNW-293,parts_18.csv,1
PNW-296,parts_18.csv,2
PNW-302,parts_18.csv,1
PNW-312,parts_18.csv,1
PNW-313,parts_18.csv,1
PNW-314,parts_18.csv,1
PNW-315,parts_18.csv,1
PNW-317,parts_18.csv,1
PNW-324,parts_18.csv,2
PNW-325,parts_18.csv,2
PNW-329,parts_18.csv,1
PNW-333,parts_18.csv,1
PNW-334,parts_18.csv,1
PNW-338,parts_18.csv,4
PNW-339,parts_18.csv,5
PNW-345,parts_18.csv,1
PNW-346,parts_18.csv,1
PNW-375,parts_18.csv,4
PNW-379,parts_18.csv,3
PNW-384,parts_18.csv,2
PNW-390,parts_18.csv,1
PNW-391,parts_18.csv,3
PNW-392,parts_18.csv,3
PNW-393,parts_18.csv,2
PNW-396,parts_18.csv,1
PNW-397,parts_18.csv,1
PNW-415,parts_18.csv,1
PNW-418,parts_18.csv,1
PNW-435,parts_18.csv,1
PNW-454,parts_18.csv,1
PNW-455,parts_18.csv,2
PNW-456,parts_18.csv,1
PNW-469,parts_18.csv,1
PNW-472,parts_18.csv,2
PNW-473,parts_18.csv,2
PNW-474,parts_18.csv,2
PNW-475,parts_18.csv,2
PNW-479,parts_18.csv,1
PNW-482,parts_18.csv,2
PNW-483,parts_18.csv,1
PNW-484,parts_18.csv,3
PNW-485,parts_18.csv,2
PNW-496,parts_18.csv,1
PNW-497,parts_18.csv,1
PNW-500,parts_18.csv,1
PNW-541,parts_18.csv,1
PNW-542,parts_18.csv,2
PNW-544,parts_18.csv,2
PNW-545,parts_18.csv,2
PNW-546,parts_18.csv,2
PNW-547,parts_18.csv,2
PNW-548,parts_18.csv,2
PNW-577,parts_18.csv,6
PNW-591,parts_18.csv,1
PNW-592,parts_18.csv,1
PNW-597,parts_18.csv,1
PNW-602,parts_18.csv,1
PNW-603,parts_18.csv,1
PNW-616,parts_18.csv,1
PNX-001,parts_18.csv,1
PNX-002,parts_18.csv,1
PNX-003,parts_18.csv,1
PNX-010,parts_18.csv,1
PNX-015,parts_18.csv,1
PNX-030,parts_18.csv,3
PNX-031,parts_18.csv,3
PNX-033,parts_18.csv,1
PNX-035,parts_18.csv,3
PNX-036,parts_18.csv,2
PNX-051,parts_18.csv,2
PNX-052,parts_18.csv,1
PNX-053,parts_18.csv,1
PNX-054,parts_18.csv,2
PNX-055,parts_18.csv,2
PNX-059,parts_18.csv,2
PNX-060,parts_18.csv,1
PNX-061,parts_18.csv,2
PNX-062,parts_18.csv,2
PNX-064,parts_18.csv,2
PNX-074,parts_18.csv,1
PNX-078,parts_18.csv,2
PNX-079,parts_18.csv,1
PNX-080,parts_18.csv,1
PNX-085,parts_18.csv,1
PNX-088,parts_18.csv,1
PNX-089,parts_18.csv,1
PNX-092,parts_18.csv,1
PNX-094,parts_18.csv,1
PNX-097,parts_18.csv,1
PNX-098,parts_18.csv,1
PNX-102,parts_18.csv,1
PNX-103,parts_18.csv,1
PNX-108,parts_18.csv,2
PNX-110,parts_18.csv,1
PNX-111,parts_18.csv,1
PNX-118,parts_18.csv,1
PNX-119,parts_18.csv,1
PNX-128,parts_18.csv,1
PNX-130,parts_18.csv,1
PNX-135,parts_18.csv,1
PNX-151,parts_18.csv,1
PNX-152,parts_18.csv,1
PNX-155,parts_18.csv,1
PNX-156,parts_18.csv,1
PNX-182,parts_18.csv,1
PNX-190,parts_18.csv,1
PNX-246,parts_18.csv,1
PNX-247,parts_18.csv,1
PNX-249,parts_18.csv,1
PNX-252,parts_18.csv,1
PNX-256,parts_18.csv,1
PNX-257,parts_18.csv,1
PNX-258,parts_18.csv,1
PNX-260,parts_18.csv,1
PNX-262,parts_18.csv,1
PNX-264,parts_18.csv,1
PNX-294,parts_18.csv,1
PNX-295,parts_18.csv,1
PNX-345,parts_18.csv,1
PNX-360,parts_18.csv,1
PNY-044,parts_18.csv,1
PNY-101,parts_18.csv,3
PNY-104,parts_18.csv,4
PNY-106,parts_18.csv,1
PNY-109,parts_18.csv,1
PNY-130,parts_18.csv,1
PP-303,parts_18.csv,1
PP-402,parts_18.csv,1
PPB-935,parts_18.csv,1
PPD-504,parts_18.csv,1
PPD-518,parts_18.csv,1
PPD-520,parts_18.csv,2
PPD-535,parts_18.csv,1
PPD-539,parts_18.csv,3
PPD-545,parts_18.csv,1
PPD-546,parts_18.csv,1
PPD-550,parts_18.csv,1
PPD-559,parts_18.csv,1
PPD-569,parts_18.csv,1
PPD-572,parts_18.csv,2
PPD-573,parts_18.csv,1
PPD-576,parts_18.csv,1
PPD-577,parts_18.csv,1
PPD-580,parts_18.csv,1
PPD-589,parts_18.csv,1
PPD-590,parts_18.csv,1
PPD-595,parts_18.csv,1
PPD-597,parts_18.csv,1
PPD-598,parts_18.csv,1
PPD-601,parts_18.csv,1
PPD-603,parts_18.csv,1
PPD-609,parts_18.csv,1
PPD-619,parts_18.csv,1
PPD-653,parts_18.csv,1
PPZ30P080FMC,parts_18.csv,1
PQX-101,parts_18.csv,1
PQX-1011,parts_18.csv,2
PR-100,parts_18.csv,2
PR-85,parts_18.csv,1
PR5724S,parts_18.csv,1
PRB-014,parts_18.csv,1
PRB-019,parts_18.csv,1
PRB-022,parts_18.csv,1
PRB-023,parts_18.csv,2
PRB-025,parts_18.csv,1
PRB-028,parts_18.csv,1
PRB-029,parts_18.csv,1
PRB-031,parts_18.csv,1
PRB-035,parts_18.csv,1
PRB-036,parts_18.csv,1
PRB-039,parts_18.csv,1
PRB-044,parts_18.csv,1
PRB-045,parts_18.csv,1
PRB-048,parts_18.csv,1
PRB-054,parts_18.csv,1
PRB-056,parts_18.csv,1
PRB-068,parts_18.csv,1
PRB-074,parts_18.csv,1
PRB-075,parts_18.csv,1
PRB-079,parts_18.csv,1
PRB-080,parts_18.csv,1
PRB-083,parts_18.csv,1
PRB-097,parts_18.csv,1
PRB-100,parts_18.csv,1
PRB-111,parts_18.csv,1
PRB-134,parts_18.csv,1
PRB-135,parts_18.csv,1
PRB-141,parts_18.csv,1
PRB-142,parts_18.csv,1
PRB-149,parts_18.csv,1
PRB-156,parts_18.csv,1
PRB-158,parts_18.csv,1
PRB-167,parts_18.csv,1
PRB-186,parts_18.csv,1
PRB-232,parts_18.csv,1
PRB-233,parts_18.csv,4
PRC-006,parts_18.csv,1
PRC-007,parts_18.csv,1
PRD-015,parts_18.csv,1
PRD-016,parts_18.csv,1
PRD-024,parts_18.csv,1
PRD-026,parts_18.csv,1
PRD-028,parts_18.csv,1
PRD-046,parts_18.csv,1
PRD-051,parts_18.csv,1
PRD-054,parts_18.csv,1
PRD-055,parts_18.csv,1
PRE-021,parts_18.csv,1
PRF-009,parts_18.csv,1
PRM-011,parts_18.csv,2
PRW-003,parts_18.csv,1
PRW-038,parts_18.csv,2
PRW-046,parts_18.csv,1
PRW-068,parts_18.csv,1
PR½PS 225J,parts_18.csv,1
PS2P 332J,parts_18.csv,1
PSA-002,parts_18.csv,1
PSB-001,parts_18.csv,1
PSB-002,parts_18.csv,3
PSB-007,parts_18.csv,2
PSB-008,parts_18.csv,1
PSB-009,parts_18.csv,1
PSB-010,parts_18.csv,1
PSB-011,parts_18.csv,2
PSB-022,parts_18.csv,1
PSE-201,parts_18.csv,1
PSE-202,parts_18.csv,1
PSE-501,parts_18.csv,1
PSF-005,parts_18.csv,3
PSF-006,parts_18.csv,8
PSF-007,parts_18.csv,2
PSF-008,parts_18.csv,6
PSF-009,parts_18.csv,5
PSF-012,parts_18.csv,5
PSF-018,parts_18.csv,1
PSF-020,parts_18.csv,1
PSF-023,parts_18.csv,1
PSG-001,parts_18.csv,5
PSG-002,parts_18.csv,1
PSG-003,parts_18.csv,1
PSG-009,parts_18.csv,1
PSG-010,parts_18.csv,1
PSG-011,parts_18.csv,1
PSG-013,parts_18.csv,1
PSG-014,parts_18.csv,1
PSG-015,parts_18.csv,2
PSG-016,parts_18.csv,1
PSG-017,parts_18.csv,3
PSG-018,parts_18.csv,1
PSG-020,parts_18.csv,2
PSG-025,parts_18.csv,1
PSG-030,parts_18.csv,1
PSG-031,parts_18.csv,1
PSG-048,parts_18.csv,1
PSG-049,parts_18.csv,1
PSH-001,parts_18.csv,2
PSH1006,parts_18.csv,3
PSN -001,parts_18.csv,1
PSS-003,parts_18.csv,2
PTL-003,parts_18.csv,3
PTT-008,parts_18.csv,2
PTT-009,parts_18.csv,1
PTT-017,parts_18.csv,2
PTT-020,parts_18.csv,1
PTT-021,parts_18.csv,2
PTT-025,parts_18.csv,1
PTT-026,parts_18.csv,1
PTT-032,parts_18.csv,1
PTT-033,parts_18.csv,1
PTT-037,parts_18.csv,1
PTT-038,parts_18.csv,1
PTT-041,parts_18.csv,1
PTT-042,parts_18.csv,1
PTT-048,parts_18.csv,1
PTT-050,parts_18.csv,1
PTT-051,parts_18.csv,1
PTT-053,parts_18.csv,1
PTT-054,parts_18.csv,1
PTT-057,parts_18.csv,1
PTT-077,parts_18.csv,1
PTT-090,parts_18.csv,1
PTT-092,parts_18.csv,1
PTT-093,parts_18.csv,2
PTT-094,parts_18.csv,1
PTT-095,parts_18.csv,1
PTT-097,parts_18.csv,1
PTT-098,parts_18.csv,1
PTT-099,parts_18.csv,1
PTT-100,parts_18.csv,1
PTT-102,parts_18.csv,1
PTT-103,parts_18.csv,1
PTT-107,parts_18.csv,1
PTT-128,parts_18.csv,1
PTX-042,parts_18.csv,3
PTX-043,parts_18.csv,1
PTX-044,parts_18.csv,4
PTX-045,parts_18.csv,1
PTX-645,parts_18.csv,1
PWG-007,parts_18.csv,3
PWG-009,parts_18.csv,1
PWG-011,parts_18.csv,2
PWG-012,parts_18.csv,1
PWG-016,parts_18.csv,1
PWG-017,parts_18.csv,2
PWM-032,parts_18.csv,1
PWM-063,parts_18.csv,1
PWN-338,parts_18.csv,1
PWR -813,parts_18.csv,1
PWR-002,parts_18.csv,2
PWR-006,parts_18.csv,1
PWR-008,parts_18.csv,1
PWR-016,parts_18.csv,1
PWR-017,parts_18.csv,1
PWR-021,parts_18.csv,1
PWR-023,parts_18.csv,1
PWR-026,parts_18.csv,1
PWR-027,parts_18.csv,1
PWR-028,parts_18.csv,1
PWR-031,parts_18.csv,1
PWR-032,parts_18.csv,1
PWR-035,parts_18.csv,1
PWR-040,parts_18.csv,1
PWR-042,parts_18.csv,1
PWR-044,parts_18.csv,1
PWR-045,parts_18.csv,1
PWR-048,parts_18.csv,1
PWR-049,parts_18.csv,1
PWR-056,parts_18.csv,1
PWR-057,parts_18.csv,2
PWR-058,parts_18.csv,1
PWR-810,parts_18.csv,2
PWR-816,parts_18.csv,1
PWR-818,parts_18.csv,1
PWR-820,parts_18.csv,1
PWR-821,parts_18.csv,1
PWR-827,parts_18.csv,1
PWR-828,parts_18.csv,1
PWR-830,parts_18.csv,1
PWR-832,parts_18.csv,1
PWR-834,parts_18.csv,1
PWX-003,parts_18.csv,2
PWX-004,parts_18.csv,1
PWX-006,parts_18.csv,2
PWX-007,parts_18.csv,1
PWX-010,parts_18.csv,1
PWX-011,parts_18.csv,1
PWX-021,parts_18.csv,1
PWX-022,parts_18.csv,2
PWX-023,parts_18.csv,3
PWX-027,parts_18.csv,1
PWX-028,parts_18.csv,1
PWX-035,parts_18.csv,1
PWX-066,parts_18.csv,1
PWX-113,parts_18.csv,1
PXA-003,parts_18.csv,1
PXA-008,parts_18.csv,1
PXA-014,parts_18.csv,1
PXA-019,parts_18.csv,1
PXA-030,parts_18.csv,1
PXA-047,parts_19.csv,1
PXA-070,parts_19.csv,1
PXA-085,parts_19.csv,1
PXA-086,parts_19.csv,1
PXA-088,parts_19.csv,1
PXA-103,parts_19.csv,3
PXA-104,parts_19.csv,5
PXA-106,parts_19.csv,2
PXA-107,parts_19.csv,2
PXA-108,parts_19.csv,3
PXA-109,parts_19.csv,3
PXA-117,parts_19.csv,3
PXA-124,parts_19.csv,1
PXA-134,parts_19.csv,2
PXA-142,parts_19.csv,1
PXA-143,parts_19.csv,1
PXA-148,parts_19.csv,2
PXA-149,parts_19.csv,1
PXA-150,parts_19.csv,1
PXA-155,parts_19.csv,3
PXA-159,parts_19.csv,5
PXA-164,parts_19.csv,1
PXA-165,parts_19.csv,1
PXA-171,parts_19.csv,3
PXA-180,parts_19.csv,1
PXA-187,parts_19.csv,1
PXA-196,parts_19.csv,1
PXA-198,parts_19.csv,1
PXA-200,parts_19.csv,1
PXA-206,parts_19.csv,2
PXA-211,parts_19.csv,1
PXA-214,parts_19.csv,2
PXA-216,parts_19.csv,1
PXA-219,parts_19.csv,1
PXA-220,parts_19.csv,1
PXA-221,parts_19.csv,1
PXA-236,parts_19.csv,1
PXA-241,parts_19.csv,1
PXA-242,parts_19.csv,1
PXA-244,parts_19.csv,1
PXA-245,parts_19.csv,1
PXA-246,parts_19.csv,1
PXA-247,parts_19.csv,1
PXA-252,parts_19.csv,1
PXA-253,parts_19.csv,1
PXA-255,parts_19.csv,1
PXA-272,parts_19.csv,1
PXA-286,parts_19.csv,1
PXA-291,parts_19.csv,1
PXA-292,parts_19.csv,2
PXA-323,parts_19.csv,6
PXA-324,parts_19.csv,2
PXA-346,parts_19.csv,1
PXA-347,parts_19.csv,1
PXA-352,parts_19.csv,1
PXA-353,parts_19.csv,1
PXA-354,parts_19.csv,1
PXA-355,parts_19.csv,2
PXA-359,parts_19.csv,1
PXA-363,parts_19.csv,1
PXA-373,parts_19.csv,1
PXA-380,parts_19.csv,2
PXA-381,parts_19.csv,1
PXA-384,parts_19.csv,1
PXA-401,parts_19.csv,1
PXA-402,parts_19.csv,1
PXA-404,parts_19.csv,1
PXA-406,parts_19.csv,2
PXA-412,parts_19.csv,1
PXA-417,parts_19.csv,1
PXA-419,parts_19.csv,1
PXA-420,parts_19.csv,3
PXA-421,parts_19.csv,3
PXA-441,parts_19.csv,1
PXA-442,parts_19.csv,1
PXA-443,parts_19.csv,2
PXA-444,parts_19.csv,1
PXA-463,parts_19.csv,1
PXA-469,parts_19.csv,2
PXA-500,parts_19.csv,1
PXA-502,parts_19.csv,1
PXA-503,parts_19.csv,1
PXA-558,parts_19.csv,4
PXA-580,parts_19.csv,1
PXA-598,parts_19.csv,3
PXA-599,parts_19.csv,6
PXA-615,parts_19.csv,1
PXA-622,parts_19.csv,2
PXA-630,parts_19.csv,4
PXA-641,parts_19.csv,2
PXA-646,parts_19.csv,1
PXA-648,parts_19.csv,1
PXA-656,parts_19.csv,1
PXA-657,parts_19.csv,1
PXA-676,parts_19.csv,3
PXA-693,parts_19.csv,6
PXA-694,parts_19.csv,1
PXA-697,parts_19.csv,1
PXA-708,parts_19.csv,3
PXA-716,parts_19.csv,1
PXA-720,parts_19.csv,1
PXA-735,parts_19.csv,2
PXA-736,parts_19.csv,2
PXA-791,parts_19.csv,2
PXA-792,parts_19.csv,3
PXA-804,parts_19.csv,1
PXA-806,parts_19.csv,1
PXA-809,parts_19.csv,1
PXA-841,parts_19.csv,2
PXA-881,parts_19.csv,1
PXA-891,parts_19.csv,1
PXA-893,parts_19.csv,1
PXB-001,parts_19.csv,2
PXB-002,parts_19.csv,2
PXB-007,parts_19.csv,1
PXB-010,parts_19.csv,3
PXB-022,parts_19.csv,1
PXB-061,parts_19.csv,1
PXB-092,parts_19.csv,2
PXB-094,parts_19.csv,2
PXB-102,parts_19.csv,1
PXB-103,parts_19.csv,1
PXB-105,parts_19.csv,1
PXB-107,parts_19.csv,2
PXB-116,parts_19.csv,1
PXB-118,parts_19.csv,1
PXB-119,parts_19.csv,1
PXB-120,parts_19.csv,2
PXB-121,parts_19.csv,2
PXB-125,parts_19.csv,4
PXB-126,parts_19.csv,1
PXB-128,parts_19.csv,1
PXB-133,parts_19.csv,1
PXB-134,parts_19.csv,1
PXB-151,parts_19.csv,1
PXB-152,parts_19.csv,1
PXB-155,parts_19.csv,2
PXB-177,parts_19.csv,1
PXB-201,parts_19.csv,1
PXB-212,parts_19.csv,1
PXB-232,parts_19.csv,1
PXB-233,parts_19.csv,1
PXB-234,parts_19.csv,1
PXB-321,parts_19.csv,1
PXB-332,parts_19.csv,1
PXB-333,parts_19.csv,6
PXB-340,parts_19.csv,1
PXB-345,parts_19.csv,4
PXB-563,parts_19.csv,1
PXB-583,parts_19.csv,1
PXF-058,parts_19.csv,1
PXM-005,parts_19.csv,1
PXM-020,parts_19.csv,3
PXM-022,parts_19.csv,1
PXM-030,parts_19.csv,1
PXM-032,parts_19.csv,1
PXM-037,parts_19.csv,2
PXM-041,parts_19.csv,1
PXM-048,parts_19.csv,1
PXM-049,parts_19.csv,2
PXM-050,parts_19.csv,1
PXM-053,parts_19.csv,1
PXM-054,parts_19.csv,1
PXM-058,parts_19.csv,1
PXM-059,parts_19.csv,1
PXM-061,parts_19.csv,1
PXM-064,parts_19.csv,3
PXM-065,parts_19.csv,1
PXM-069,parts_19.csv,1
PXM-073,parts_19.csv,1
PXM-074,parts_19.csv,1
PXM-080,parts_19.csv,1
PXM-093,parts_19.csv,1
PXM-096,parts_19.csv,1
PXM-101,parts_19.csv,1
PXM-126,parts_19.csv,1
PXP-003,parts_19.csv,1
PXT 537,parts_19.csv,1
PXT-035,parts_19.csv,3
PXT-036,parts_19.csv,3
PXT-069,parts_19.csv,1
PXT-076,parts_19.csv,1
PXT-085,parts_19.csv,1
PXT-098,parts_19.csv,1
PXT-109,parts_19.csv,2
PXT-127,parts_19.csv,1
PXT-129,parts_19.csv,1
PXT-174,parts_19.csv,1
PXT-186,parts_19.csv,1
PXT-189,parts_19.csv,1
PXT-199,parts_19.csv,1
PXT-201,parts_19.csv,2
PXT-204,parts_19.csv,1
PXT-213,parts_19.csv,1
PXT-214,parts_19.csv,1
PXT-219,parts_19.csv,1
PXT-226,parts_19.csv,2
PXT-229,parts_19.csv,1
PXT-230,parts_19.csv,1
PXT-238,parts_19.csv,1
PXT-239,parts_19.csv,1
PXT-240,parts_19.csv,1
PXT-243,parts_19.csv,1
PXT-250,parts_19.csv,1
PXT-253,parts_19.csv,2
PXT-262,parts_19.csv,1
PXT-277,parts_19.csv,1
PXT-292,parts_19.csv,1
PXT-295,parts_19.csv,2
PXT-296,parts_19.csv,2
PXT-301,parts_19.csv,2
PXT-314,parts_19.csv,2
PXT-355,parts_19.csv,2
PXT-356,parts_19.csv,1
PXT-382,parts_19.csv,2
PXT-385,parts_19.csv,1
PXT-391,parts_19.csv,1
PXT-392,parts_19.csv,1
PXT-394,parts_19.csv,1
PXT-403,parts_19.csv,1
PXT-413,parts_19.csv,1
PXT-414,parts_19.csv,1
PXT-440,parts_19.csv,1
PXT-446,parts_19.csv,1
PXT-447,parts_19.csv,1
PXT-458,parts_19.csv,1
PXT-517,parts_19.csv,2
PXT-518,parts_19.csv,2
PXT-523,parts_19.csv,3
PXT-524,parts_19.csv,1
PXT-527,parts_19.csv,1
PXT-537,parts_19.csv,1
PXT-910,parts_19.csv,1
PXT-941,parts_19.csv,1
PXV-033,parts_19.csv,1
PXV-928,parts_19.csv,7
PYY-009,parts_19.csv,1
PYY-010,parts_19.csv,1
PYY-012,parts_19.csv,1
PYY-021,parts_19.csv,1
PYY-022,parts_19.csv,1
PYY-023,parts_19.csv,1
PYY-024,parts_19.csv,3
PYY-025,parts_19.csv,1
PYY-058,parts_19.csv,2
PYY-071,parts_19.csv,1
PYY-100,parts_19.csv,1
PYY-104,parts_19.csv,1
PZS1001,parts_19.csv,1
PZS1002,parts_19.csv,1
R XA-310,parts_19.csv,1
R12-001,parts_19.csv,1
R12-006,parts_19.csv,1
R12-010,parts_19.csv,1
R12-024,parts_19.csv,1
R12-025,parts_19.csv,1
R12-026,parts_19.csv,1
R12-029,parts_19.csv,1
R12-044,parts_19.csv,1
R12-048,parts_19.csv,1
R12-054,parts_19.csv,1
R12-056,parts_19.csv,1
R12-061,parts_19.csv,1
R12-066,parts_19.csv,1
R12-067,parts_19.csv,1
R12-068,parts_19.csv,1
R12-406,parts_19.csv,1
R12-407,parts_19.csv,1
R12-408,parts_19.csv,1
R12-409,parts_19.csv,1
R19-189,parts_19.csv,1
R42-085,parts_19.csv,1
R42-104,parts_19.csv,1
R42-105,parts_19.csv,2
R42-115,parts_19.csv,1
R42-133,parts_19.csv,1
R42-145,parts_19.csv,1
R42-147,parts_19.csv,1
R42-152,parts_19.csv,1
R42-158,parts_19.csv,1
R42-185,parts_19.csv,1
R42-186,parts_19.csv,1
R42-187,parts_19.csv,1
R42-188,parts_19.csv,2
R42-189,parts_19.csv,1
R42-190,parts_19.csv,1
R42-191,parts_19.csv,1
R42-219,parts_19.csv,1
R42-221,parts_19.csv,1
R42-222,parts_19.csv,1
R42-227,parts_19.csv,1
R42-244,parts_19.csv,1
R42-245,parts_19.csv,1
R42-251,parts_19.csv,1
R42-256,parts_19.csv,1
R42-257,parts_19.csv,1
R42-259,parts_19.csv,1
R42-261,parts_19.csv,3
R42-278,parts_19.csv,1
R42-282,parts_19.csv,1
R42-285,parts_19.csv,1
R42-328,parts_19.csv,1
R42-333,parts_19.csv,1
R42-334,parts_19.csv,1
R42-335,parts_19.csv,1
R42-341,parts_19.csv,1
R42-345,parts_19.csv,1
RAA-001,parts_19.csv,1
RAA-003,parts_19.csv,4
RAA-004,parts_19.csv,2
RAA-005,parts_19.csv,2
RAA-006,parts_19.csv,1
RAA-007,parts_19.csv,1
RAA-008,parts_19.csv,2
RAA-010,parts_19.csv,2
RAA-013,parts_19.csv,1
RAA-034,parts_19.csv,1
RAA-035,parts_19.csv,1
RAA-036,parts_19.csv,1
RAA-045,parts_19.csv,1
RAA-055,parts_19.csv,1
RAA-057,parts_19.csv,1
RAA-060,parts_19.csv,1
RAA-062,parts_19.csv,2
RAA-063,parts_19.csv,1
RAA-065,parts_19.csv,1
RAA-066,parts_19.csv,1
RAA-070,parts_19.csv,1
RAA-071,parts_19.csv,1
RAA-089,parts_19.csv,1
RAA-090,parts_19.csv,1
RAA-091,parts_19.csv,1
RAA-092,parts_19.csv,4
RAA-093,parts_19.csv,3
RAA-094,parts_19.csv,3
RAA-096,parts_19.csv,1
RAA-097,parts_19.csv,1
RAA-099,parts_19.csv,1
RAA-102,parts_19.csv,1
RAA-103,parts_19.csv,1
RAA-109,parts_19.csv,1
RAA-110,parts_19.csv,1
RAA-113,parts_19.csv,2
RAA-117,parts_19.csv,1
RAA-118,parts_19.csv,1
RAA-119,parts_19.csv,2
RAA-120,parts_19.csv,2
RAA-141,parts_19.csv,1
RAA-153,parts_19.csv,1
RAA-154,parts_19.csv,3
RAA-157,parts_19.csv,1
RAA-159,parts_19.csv,2
RAA-160,parts_19.csv,2
RAA-161,parts_19.csv,3
RAA-162,parts_19.csv,1
RAA-164,parts_19.csv,2
RAA-165,parts_19.csv,2
RAA-166,parts_19.csv,2
RAA-180,parts_19.csv,1
RAA-184,parts_19.csv,3
RAA-187,parts_19.csv,1
RAA-188,parts_19.csv,1
RAA-189,parts_19.csv,1
RAA-191,parts_19.csv,1
RAA-207,parts_19.csv,1
RAA-208,parts_19.csv,1
RAA-209,parts_19.csv,1
RAA-210,parts_19.csv,1
RAA-223,parts_19.csv,2
RAA-225,parts_19.csv,2
RAA-227,parts_19.csv,2
RAA-229,parts_19.csv,2
RAA-231,parts_19.csv,2
RAA-233,parts_19.csv,1
RAA-254,parts_19.csv,1
RAA-255,parts_19.csv,1
RAA-259,parts_19.csv,1
RAA-260,parts_19.csv,1
RAA-262,parts_19.csv,1
RAA-264,parts_19.csv,1
RAA-266,parts_19.csv,1
RAA-268,parts_19.csv,1
RAA-282,parts_19.csv,1
RAA-283,parts_19.csv,1
RAA-284,parts_19.csv,1
RAA-294,parts_19.csv,1
RAA-295,parts_19.csv,1
RAA-301,parts_19.csv,1
RAA-303,parts_19.csv,1
RAA-305,parts_19.csv,1
RAA-307,parts_19.csv,1
RAA-309,parts_19.csv,1
RAA-311,parts_19.csv,1
RAA-351,parts_19.csv,2
RAA-352,parts_19.csv,2
RAA-353,parts_19.csv,2
RAC-001,parts_19.csv,1
RAC-002,parts_19.csv,3
RAC-003,parts_19.csv,1
RAC-004,parts_19.csv,2
RAC-023,parts_19.csv,1
RAC-052,parts_19.csv,1
RAC-054,parts_19.csv,1
RAC-055,parts_19.csv,2
RAC-056,parts_19.csv,2
RAC-057,parts_19.csv,2
RAC-069,parts_19.csv,1
RAC-070,parts_19.csv,1
RAC-083,parts_19.csv,1
RAC-084,parts_19.csv,1
RAC-085,parts_19.csv,1
RAC-091,parts_19.csv,3
RAC-092,parts_19.csv,1
RAC-093,parts_19.csv,3
RAC-094,parts_19.csv,4
RAC-095,parts_19.csv,1
RAC-097,parts_19.csv,1
RAC-100,parts_19.csv,1
RAC-103,parts_19.csv,1
RAC-104,parts_19.csv,1
RAC-105,parts_19.csv,1
RAC-107,parts_19.csv,1
RAC-108,parts_19.csv,1
RAC-109,parts_19.csv,1
RAC-110,parts_19.csv,1
RAC-111,parts_19.csv,1
RAC-112,parts_19.csv,1
RAC-113,parts_19.csv,1
RAC-114,parts_19.csv,1
RAC-115,parts_19.csv,1
RAC-116,parts_19.csv,1
RAC-117,parts_19.csv,1
RAC-118,parts_19.csv,1
RAC-119,parts_19.csv,1
RAC-120,parts_19.csv,1
RAC-121,parts_19.csv,1
RAC-122,parts_19.csv,1
RAD-130,parts_19.csv,2
RAH -071,parts_19.csv,1
RAH-010,parts_19.csv,1
RAH-014,parts_19.csv,1
RAH-016,parts_19.csv,1
RAH-019,parts_19.csv,1
RAH-020,parts_19.csv,1
RAH-023,parts_19.csv,1
RAH-058,parts_19.csv,2
RAH-060,parts_19.csv,1
RAH-063,parts_19.csv,2
RAH-064,parts_19.csv,2
RAH-075,parts_19.csv,1
RAH-076,parts_19.csv,1
RAH-079,parts_19.csv,2
RAH-092,parts_19.csv,1
RAH-093,parts_19.csv,1
RAH-106,parts_19.csv,1
RAH-107,parts_19.csv,1
RAH-116,parts_19.csv,1
RAH-126,parts_19.csv,1
RAH-128,parts_19.csv,1
RAH-152,parts_19.csv,2
RAH-153,parts_19.csv,1
RAH-154,parts_19.csv,2
RAH-161,parts_19.csv,1
RAH-163,parts_19.csv,1
RAH-165,parts_19.csv,1
RAH-170,parts_19.csv,2
RAH-171,parts_19.csv,2
RAH-172,parts_19.csv,1
RAH-176,parts_19.csv,1
RAH-187,parts_19.csv,1
RAH-188,parts_19.csv,1
RAH-189,parts_19.csv,1
RAH-190,parts_19.csv,1
RAH-191,parts_19.csv,1
RAH-192,parts_19.csv,1
RAH-200,parts_19.csv,1
RAH-213,parts_19.csv,1
RAH-224,parts_19.csv,1
RAH-230,parts_19.csv,1
RAH-233,parts_19.csv,1
RAH-259,parts_19.csv,1
RAH-264,parts_19.csv,1
RAH-284,parts_19.csv,1
RAH-285,parts_19.csv,1
RAH-286,parts_19.csv,1
RAH-287,parts_19.csv,1
RAH-289,parts_19.csv,1
RAH-290,parts_19.csv,1
RAH-293,parts_19.csv,1
RAH-298,parts_19.csv,1
RAH-299,parts_19.csv,1
RAK-001,parts_19.csv,2
RAK-004,parts_19.csv,1
RAL-037,parts_19.csv,1
RAL-039,parts_19.csv,1
RAL-092,parts_19.csv,1
RAL-100,parts_19.csv,1
RAL-127,parts_19.csv,1
RAL-129,parts_19.csv,1
RAL-130,parts_19.csv,1
RAL-150,parts_19.csv,1
RAL-151,parts_19.csv,1
RAL-161,parts_19.csv,1
RAL-163,parts_19.csv,1
RAP-002,parts_19.csv,1
RAP-003,parts_19.csv,1
RAP-004,parts_19.csv,1
RAP-017,parts_19.csv,2
RAP-024,parts_19.csv,1
RAP-032,parts_19.csv,2
RAP-033,parts_19.csv,1
RAP-034,parts_19.csv,1
RAP-035,parts_19.csv,2
RAP-036,parts_19.csv,2
RAP-041,parts_19.csv,1
RAP-043,parts_19.csv,1
RAP-046,parts_19.csv,2
RAT-002,parts_19.csv,2
RAT-003,parts_19.csv,1
RAT-005,parts_19.csv,1
RAT-007,parts_19.csv,1
RAW-001,parts_19.csv,3
RAW-002,parts_19.csv,2
RAW-003,parts_19.csv,1
RAW-005,parts_19.csv,1
RAW-013,parts_19.csv,1
RAW-017,parts_19.csv,2
RAW-018,parts_19.csv,2
RAW-022,parts_19.csv,1
RAW-023,parts_19.csv,1
RAW-025,parts_19.csv,1
RAW-026,parts_19.csv,1
RAW-032,parts_19.csv,1
RAW-033,parts_19.csv,2
RAW-041,parts_19.csv,1
RAW-045,parts_19.csv,1
RAW-046,parts_19.csv,1
RAW-047,parts_19.csv,1
RAW-049,parts_19.csv,1
RAW-051,parts_19.csv,1
RAW-054,parts_19.csv,1
RAW-055,parts_19.csv,1
RAW-056,parts_19.csv,1
RAW-057,parts_19.csv,1
RAW-061,parts_19.csv,1
RAW-062,parts_19.csv,1
RAW-064,parts_19.csv,1
RAW-067,parts_19.csv,1
RAW-070,parts_19.csv,1
RAW-074,parts_19.csv,1
RAW-094,parts_19.csv,1
RAW-095,parts_19.csv,1
RAW-109,parts_19.csv,1
RAW-121,parts_19.csv,1
RAW-126,parts_19.csv,1
RAW-127,parts_19.csv,1
RAW-156,parts_19.csv,1
RAX-001,parts_19.csv,3
RAX-008,parts_19.csv,1
RBA-004,parts_19.csv,2
RBA-026,parts_19.csv,1
RBA-036,parts_19.csv,1
RBA-038,parts_19.csv,2
RBA-039,parts_19.csv,1
RBA-044,parts_19.csv,2
RBA-045,parts_19.csv,2
RBA-046,parts_19.csv,2
RBA-064,parts_19.csv,1
RBE-005,parts_19.csv,1
RBF-007,parts_19.csv,1
RBF-013,parts_19.csv,4
RBF-018,parts_19.csv,1
RBF-019,parts_19.csv,2
RBF-020,parts_19.csv,1
RBF-021,parts_19.csv,2
RBF-030,parts_19.csv,5
RBF-037,parts_19.csv,3
RBG-003,parts_19.csv,1
RBH -076,parts_19.csv,2
RBH-050,parts_19.csv,3
RBH-055,parts_19.csv,1
RBH-076,parts_19.csv,2
RBH-080,parts_19.csv,1
RBH-081,parts_19.csv,1
RBH-110,parts_19.csv,2
RBH-121,parts_19.csv,1
RBH-146,parts_19.csv,2
RBH-148,parts_19.csv,1
RBH-149,parts_19.csv,2
RBH-152,parts_19.csv,2
RBH-162,parts_19.csv,3
RBH-169,parts_19.csv,2
RBH-170,parts_19.csv,2
RBH-173,parts_19.csv,2
RBH-176,parts_19.csv,2
RBH-181,parts_19.csv,2
RBH-182,parts_19.csv,2
RBH-183,parts_19.csv,2
RBH-184,parts_19.csv,2
RBH-187,parts_19.csv,2
RBH-188,parts_19.csv,2
RBH-189,parts_19.csv,2
RBH-190,parts_19.csv,2
RBH-194,parts_19.csv,1
RBH-200,parts_19.csv,2
RBH-201,parts_19.csv,2
RBH-202,parts_19.csv,2
RBH-203,parts_19.csv,2
RBH-204,parts_19.csv,2
RBH-205,parts_19.csv,2
RBH-208,parts_19.csv,2
RBH-209,parts_19.csv,2
RBH-210,parts_19.csv,2
RBH-211,parts_19.csv,2
RBH-214,parts_19.csv,2
RBH-215,parts_19.csv,2
RBH-216,parts_19.csv,1
RBH-217,parts_19.csv,2
RBH-218,parts_19.csv,2
RBH-219,parts_19.csv,2
RBH-220,parts_19.csv,2
RBH-221,parts_19.csv,2
RBH-222,parts_19.csv,2
RBH-226,parts_19.csv,2
RBH-227,parts_19.csv,2
RBH-277,parts_19.csv,2
RBH-280,parts_19.csv,1
RBH-281,parts_19.csv,1
RBH-282,parts_19.csv,2
RBH-283,parts_19.csv,2
RBH-284,parts_19.csv,2
RBH-285,parts_19.csv,2
RBH-286,parts_19.csv,2
RBH-287,parts_19.csv,2
RBH-288,parts_19.csv,2
RBH-290,parts_19.csv,2
RBH-291,parts_19.csv,2
RBH-292,parts_19.csv,2
RBH-293,parts_19.csv,2
RBH-294,parts_19.csv,2
RBH-295,parts_19.csv,2
RBH-296,parts_19.csv,2
RBH-297,parts_19.csv,2
RBH-301,parts_19.csv,2
RBH-302,parts_19.csv,1
RBH-304,parts_19.csv,2
RBH-306,parts_19.csv,3
RBH-310,parts_19.csv,2
RBH-313,parts_19.csv,2
RBH-320,parts_19.csv,2
RBH-322,parts_19.csv,1
RBH-323,parts_19.csv,1
RBH-325,parts_19.csv,1
RBH-326,parts_19.csv,1
RBH-329,parts_19.csv,1
RBH-351,parts_19.csv,1
RBH-356,parts_19.csv,1
RBH-362,parts_19.csv,1
RBH-373,parts_19.csv,3
RBH-374,parts_19.csv,4
RBH-388,parts_19.csv,1
RBH-391,parts_19.csv,1
RBH-397,parts_19.csv,1
RBH-398,parts_19.csv,1
RBH-399,parts_19.csv,1
RBH-425,parts_19.csv,1
RBH-498,parts_19.csv,3
RBH-502,parts_19.csv,4
RBH-503,parts_19.csv,4
RBH-504,parts_19.csv,1
RBH-505,parts_19.csv,3
RBH-506,parts_19.csv,3
RBH-507,parts_19.csv,4
RBH-511,parts_19.csv,3
RBH-516,parts_19.csv,2
RBH-524,parts_19.csv,3
RBH-532,parts_19.csv,1
RBH-534,parts_19.csv,3
RBH-557,parts_19.csv,3
RBH-563,parts_19.csv,3
RBH-564,parts_19.csv,3
RBH-583,parts_19.csv,1
RBH-584,parts_20.csv,1
RBH-585,parts_20.csv,1
RBH-586,parts_20.csv,1
RBH-591,parts_20.csv,1
RBH-592,parts_20.csv,1
RBH-593,parts_20.csv,1
RBH-594,parts_20.csv,1
RBH-595,parts_20.csv,1
RBH-596,parts_20.csv,1
RBH-597,parts_20.csv,1
RBH-598,parts_20.csv,1
RBH-603,parts_20.csv,1
RBH-604,parts_20.csv,1
RBH-605,parts_20.csv,1
RBH-606,parts_20.csv,1
RBH-607,parts_20.csv,1
RBH-608,parts_20.csv,1
RBH-609,parts_20.csv,1
RBH-610,parts_20.csv,1
RBH-611,parts_20.csv,1
RBH-613,parts_20.csv,1
RBH-614,parts_20.csv,1
RBH-615,parts_20.csv,1
RBH-616,parts_20.csv,1
RBH-617,parts_20.csv,1
RBH-618,parts_20.csv,1
RBH-622,parts_20.csv,1
RBH-623,parts_20.csv,1
RBH-636,parts_20.csv,1
RBH-637,parts_20.csv,1
RBH-638,parts_20.csv,1
RBH-639,parts_20.csv,1
RBH-640,parts_20.csv,1
RBH-641,parts_20.csv,1
RBH-642,parts_20.csv,1
RBH-643,parts_20.csv,1
RBH-645,parts_20.csv,1
RBH-647,parts_20.csv,1
RBH-763,parts_20.csv,1
RBH-764,parts_20.csv,1
RBH-765,parts_20.csv,1
RBH-766,parts_20.csv,1
RBH-768,parts_20.csv,1
RBH-769,parts_20.csv,1
RBH-770,parts_20.csv,1
RBH-771,parts_20.csv,1
RBH-773,parts_20.csv,1
RBH-774,parts_20.csv,1
RBH-783,parts_20.csv,1
RBH-786,parts_20.csv,1
RBH-797,parts_20.csv,1
RBH-808,parts_20.csv,1
RBH-809,parts_20.csv,1
RBH-810,parts_20.csv,1
RBH-811,parts_20.csv,1
RBH-824,parts_20.csv,1
RBH-825,parts_20.csv,1
RBK-034,parts_20.csv,2
RBK-035,parts_20.csv,2
RBK-055,parts_20.csv,5
RBK-060,parts_20.csv,2
RBK-072,parts_20.csv,2
RBK-073,parts_20.csv,1
RBK-093,parts_20.csv,2
RBK-096,parts_20.csv,1
RBK-099,parts_20.csv,2
RBK-107,parts_20.csv,2
RBK-119,parts_20.csv,3
RBK-127,parts_20.csv,1
RBK-132,parts_20.csv,1
RBK-137,parts_20.csv,1
RBK-139,parts_20.csv,1
RBK-160,parts_20.csv,1
RBK-161,parts_20.csv,1
RBK-419,parts_20.csv,1
RBM-004,parts_20.csv,4
RBM-216,parts_20.csv,1
RBN-004,parts_20.csv,2
RBN-005,parts_20.csv,1
RBN-009,parts_20.csv,1
RBS-024,parts_20.csv,1
RBS-110,parts_20.csv,1
RCG-006,parts_20.csv,1
RCH-010,parts_20.csv,2
RCL-010,parts_20.csv,3
RCL-013,parts_20.csv,2
RCL-015,parts_20.csv,3
RCL-017,parts_20.csv,1
RCN -001,parts_20.csv,1
RCN-001,parts_20.csv,4
RCN-010,parts_20.csv,1
RCN-011,parts_20.csv,1
RCN-012,parts_20.csv,1
RCN-014,parts_20.csv,1
RCN-020,parts_20.csv,2
RCN-021,parts_20.csv,2
RCN-022,parts_20.csv,2
RCN-023,parts_20.csv,3
RCN-024,parts_20.csv,1
RCN-033,parts_20.csv,1
RCN-034,parts_20.csv,1
RCS-011,parts_20.csv,2
RCS-013,parts_20.csv,2
RCS-015,parts_20.csv,1
RCS-016,parts_20.csv,1
RCS-017,parts_20.csv,1
RCS-020,parts_20.csv,1
RCS-021,parts_20.csv,1
RCS-022,parts_20.csv,1
RCV-001,parts_20.csv,4
RCV-002,parts_20.csv,6
RCV-003,parts_20.csv,1
RCV-004,parts_20.csv,1
RCV-010,parts_20.csv,4
RCV-011,parts_20.csv,1
RCV-017,parts_20.csv,2
RCV-018,parts_20.csv,2
RCV-019,parts_20.csv,2
RCV-020,parts_20.csv,1
RCV-021,parts_20.csv,2
RCV-027,parts_20.csv,2
RCV-028,parts_20.csv,2
RCV-029,parts_20.csv,2
RCV-030,parts_20.csv,2
RCV-033,parts_20.csv,4
RCV-041,parts_20.csv,1
RCV-042,parts_20.csv,1
RCV-043,parts_20.csv,1
RCV-045,parts_20.csv,1
RCV-046,parts_20.csv,1
RCV-055,parts_20.csv,2
RCV-056,parts_20.csv,2
RCV-060,parts_20.csv,1
RCV-061,parts_20.csv,1
RCV-064,parts_20.csv,1
RCV-065,parts_20.csv,1
RCV-066,parts_20.csv,1
RCV-070,parts_20.csv,1
RCV-071,parts_20.csv,1
RCV-074,parts_20.csv,1
RCV-075,parts_20.csv,1
RCV-076,parts_20.csv,1
RCV-077,parts_20.csv,1
RCV-078,parts_20.csv,1
RCV-079,parts_20.csv,1
RCV-091,parts_20.csv,1
RCV-092,parts_20.csv,1
RCW-001,parts_20.csv,1
RD ½PS 225J,parts_20.csv,3
RDE-010,parts_20.csv,12
RDE-010 (RDE-024) (RDE-025),parts_20.csv,1
RDE-019,parts_20.csv,2
RDE-027 (RDE-028) (RDE-031),parts_20.csv,2
RDE-031 (RDE-028) (RDE-032),parts_20.csv,1
RDE-039 (RDE-032) (RDE-028) (RDE-033) (RDE-029),parts_20.csv,1
RDG-003,parts_20.csv,1
RDG-013,parts_20.csv,6
RDG-019,parts_20.csv,2
RDG-021,parts_20.csv,5
RDG-022,parts_20.csv,5
RDG-024,parts_20.csv,2
RDM-010,parts_20.csv,1
RD¼F'S 332K,parts_20.csv,1
RD¼P5 104J,parts_20.csv,1
RD¼PS  154J,parts_20.csv,4
RD¼PS 102J,parts_20.csv,1
RD¼PS 103J,parts_20.csv,3
RD¼PS 104J,parts_20.csv,16
RD¼PS 104JNL,parts_20.csv,1
RD¼PS 105J,parts_20.csv,1
RD¼PS 152J,parts_20.csv,4
RD¼PS 154J,parts_20.csv,2
RD¼PS 183J,parts_20.csv,2
RD¼PS 183JNL,parts_20.csv,2
RD¼PS 220J,parts_20.csv,1
RD¼PS 222J,parts_20.csv,2
RD¼PS 223J,parts_20.csv,4
RD¼PS 225J,parts_20.csv,1
RD¼PS 274J,parts_20.csv,2
RD¼PS 302J,parts_20.csv,1
RD¼PS 330J,parts_20.csv,1
RD¼PS 332K,parts_20.csv,3
RD¼PS 333K,parts_20.csv,2
RD¼PS 334K,parts_20.csv,4
RD¼PS 393J,parts_20.csv,2
RD¼PS 472J,parts_20.csv,2
RD¼PS 472JNL,parts_20.csv,1
RD¼PS 473J,parts_20.csv,2
RD¼PS 474J,parts_20.csv,3
RD¼PS 511J,parts_20.csv,1
RD¼PS 622J,parts_20.csv,1
RD¼PS 820.1,parts_20.csv,1
RD¼PS 820J,parts_20.csv,1
RD¼PS 823J,parts_20.csv,3
RD¼PS330J,parts_20.csv,1
RD½FS 225J,parts_20.csv,1
RD½P5 5R6J,parts_20.csv,1
RD½PS  220J,parts_20.csv,1
RD½PS 100J,parts_20.csv,2
RD½PS 122J,parts_20.csv,1
RD½PS 151J,parts_20.csv,2
RD½PS 220J,parts_20.csv,3
RD½PS 222J,parts_20.csv,1
RD½PS 225J,parts_20.csv,18
RD½PS 333J,parts_20.csv,1
RD½PS 393J,parts_20.csv,1
RD½PS 562J,parts_20.csv,1
RD½PS 5R6J,parts_20.csv,4
RD½PS 821J,parts_20.csv,2
RD½PS225J,parts_20.csv,1
RD½PW  225J,parts_20.csv,1
RD½PW 225J,parts_20.csv,3
REA-005,parts_20.csv,2
REA-007,parts_20.csv,2
REA-014,parts_20.csv,4
REA-016,parts_20.csv,1
REA-019,parts_20.csv,2
REA-021,parts_20.csv,8
REB-004,parts_20.csv,2
REB-0040,parts_20.csv,1
REB-014,parts_20.csv,2
REB-021,parts_20.csv,1
REB-022,parts_20.csv,3
REB-039,parts_20.csv,3
REB-051,parts_20.csv,5
REB-052,parts_20.csv,6
REB-068,parts_20.csv,3
REB-069,parts_20.csv,4
REB-077,parts_20.csv,2
REB-078,parts_20.csv,2
REB-091,parts_20.csv,1
REB-093,parts_20.csv,2
REB-094,parts_20.csv,1
REB-098,parts_20.csv,1
REB-099,parts_20.csv,2
REB-100,parts_20.csv,3
REB-103,parts_20.csv,2
REB-103A,parts_20.csv,1
REB-108,parts_20.csv,1
REB-109,parts_20.csv,2
REB-116,parts_20.csv,2
REB-117,parts_20.csv,2
REB-119,parts_20.csv,1
REB-129,parts_20.csv,2
REB-130,parts_20.csv,2
REB-131,parts_20.csv,2
REB-132,parts_20.csv,1
REB-133,parts_20.csv,2
REB-134,parts_20.csv,2
REB-135,parts_20.csv,2
REB-140,parts_20.csv,2
REB-142,parts_20.csv,1
REB-145,parts_20.csv,1
REB-150,parts_20.csv,2
REB-153,parts_20.csv,7
REB-156,parts_20.csv,1
REB-158,parts_20.csv,1
REB-184,parts_20.csv,1
REB-185,parts_20.csv,1
REB-187,parts_20.csv,9
REB-189,parts_20.csv,2
REB-190,parts_20.csv,2
REB-191,parts_20.csv,3
REB-194,parts_20.csv,5
REB-200,parts_20.csv,1
REB-205,parts_20.csv,2
REB-210,parts_20.csv,1
REB-211,parts_20.csv,1
REB-212,parts_20.csv,2
REB-215,parts_20.csv,1
REB-220,parts_20.csv,2
REB-221,parts_20.csv,1
REB-223,parts_20.csv,5
REB-233,parts_20.csv,2
REB-241,parts_20.csv,1
REB-260,parts_20.csv,1
REB-263,parts_20.csv,1
REB-267,parts_20.csv,1
REB-270,parts_20.csv,3
REB-271,parts_20.csv,1
REB-272,parts_20.csv,4
REB-275,parts_20.csv,2
REB-283,parts_20.csv,2
REB-289,parts_20.csv,1
REB-291,parts_20.csv,1
REB-292,parts_20.csv,2
REB-297,parts_20.csv,4
REB-299,parts_20.csv,1
REB-300,parts_20.csv,1
REB-301,parts_20.csv,1
REB-305,parts_20.csv,1
REB-306,parts_20.csv,1
REB-307,parts_20.csv,1
REB-310,parts_20.csv,1
REB-314,parts_20.csv,2
REB-317,parts_20.csv,3
REB-330,parts_20.csv,1
REB-335,parts_20.csv,1
REB-341,parts_20.csv,1
REB-344,parts_20.csv,1
REB-348,parts_20.csv,1
REB-349,parts_20.csv,1
REB-350,parts_20.csv,1
REB-352,parts_20.csv,1
REB-353,parts_20.csv,1
REB-354,parts_20.csv,1
REB-361,parts_20.csv,1
REB-368,parts_20.csv,1
REB-372,parts_20.csv,1
REB-374,parts_20.csv,1
REB-398,parts_20.csv,1
REB-408,parts_20.csv,1
REB-428,parts_20.csv,1
REB-429,parts_20.csv,3
REB-435,parts_20.csv,1
REB-436,parts_20.csv,1
REC-017,parts_20.csv,2
REC-018,parts_20.csv,1
REC-034,parts_20.csv,1
REC-035,parts_20.csv,1
REC-037,parts_20.csv,1
REC-038,parts_20.csv,2
REC-051,parts_20.csv,1
REC-115,parts_20.csv,1
REC-116,parts_20.csv,2
REC-119,parts_20.csv,2
REC-122,parts_20.csv,2
REC-145,parts_20.csv,1
REC-148,parts_20.csv,1
REC-150,parts_20.csv,3
REC-160,parts_20.csv,1
REC-164,parts_20.csv,5
REC-167,parts_20.csv,1
REC-168,parts_20.csv,1
REC-170,parts_20.csv,1
REC-174,parts_20.csv,1
REC-175,parts_20.csv,1
REC-218,parts_20.csv,1
REC-223,parts_20.csv,1
REC-234,parts_20.csv,2
REC-245,parts_20.csv,1
REC-250,parts_20.csv,6
REC-252,parts_20.csv,1
REC-254,parts_20.csv,1
REC-256,parts_20.csv,2
REC-257,parts_20.csv,3
REC-260,parts_20.csv,2
REC-272,parts_20.csv,9
REC-278,parts_20.csv,6
REC-287,parts_20.csv,1
REC-297,parts_20.csv,1
REC-305,parts_20.csv,1
REC-315,parts_20.csv,1
REC-319,parts_20.csv,1
REC-320,parts_20.csv,1
REC-359,parts_20.csv,1
RED-045,parts_20.csv,1
RED-047,parts_20.csv,3
RED-050,parts_20.csv,1
RED-052,parts_20.csv,2
RED-053,parts_20.csv,2
RED-054,parts_20.csv,1
RED-060,parts_20.csv,1
RED-065,parts_20.csv,1
RED-066,parts_20.csv,1
RED-067,parts_20.csv,1
RED-068,parts_20.csv,1
RED-069,parts_20.csv,2
RED-074,parts_20.csv,2
RED-079,parts_20.csv,1
RED-117,parts_20.csv,1
RED-136,parts_20.csv,2
RED-140,parts_20.csv,1
RED-141,parts_20.csv,2
RED-145,parts_20.csv,3
RED-147,parts_20.csv,2
RED-151,parts_20.csv,4
RED-157,parts_20.csv,1
RED-159,parts_20.csv,1
RED-166,parts_20.csv,1
RED-167,parts_20.csv,1
RED-168,parts_20.csv,1
RED-172,parts_20.csv,1
RED-175,parts_20.csv,1
REE-042,parts_20.csv,1
REE-043,parts_20.csv,1
REE-045,parts_20.csv,1
REE-046,parts_20.csv,1
REE-050,parts_20.csv,1
REE-051,parts_20.csv,1
REE-055,parts_20.csv,2
REE-060,parts_20.csv,1
REE-062,parts_20.csv,1
REF-005,parts_20.csv,2
REF-009,parts_20.csv,2
REF-010,parts_20.csv,2
REF-013,parts_20.csv,6
REF-014,parts_20.csv,3
REG-010,parts_20.csv,1
REH-669,parts_20.csv,1
REK-031,parts_20.csv,2
REK-033,parts_20.csv,3
REK-044,parts_20.csv,2
REK-048,parts_20.csv,5
REK-051,parts_20.csv,6
REK-055,parts_20.csv,2
REK-058,parts_20.csv,3
REK-059,parts_20.csv,1
REK-063,parts_20.csv,3
REK-066,parts_20.csv,1
REL-002,parts_20.csv,3
REL-004,parts_20.csv,1
REL-007,parts_20.csv,2
REL-013,parts_20.csv,2
REL-019,parts_20.csv,4
REL-026,parts_20.csv,7
REL-027,parts_20.csv,1
REL-029,parts_20.csv,1
REL-033,parts_20.csv,2
REL-042,parts_20.csv,1
REL-048,parts_20.csv,1
REL-051,parts_20.csv,1
REL-056,parts_20.csv,1
REL-062,parts_20.csv,1
REL-072,parts_20.csv,4
REL-075,parts_20.csv,2
REL-076,parts_20.csv,1
REL-088,parts_20.csv,1
REL-089,parts_20.csv,2
REN-157,parts_20.csv,1
RFB-039,parts_20.csv,1
RHA-003,parts_20.csv,1
RHA-015,parts_20.csv,1
RHA-042,parts_20.csv,1
RHA-043C,parts_20.csv,1
RHA-044,parts_20.csv,1
RHA-045,parts_20.csv,2
RHA-046,parts_20.csv,1
RHA-047,parts_20.csv,1
RHA-049,parts_20.csv,1
RHA-077,parts_20.csv,1
RHA-082,parts_20.csv,1
RHA-083,parts_20.csv,1
RHA-089,parts_20.csv,1
RHA-119,parts_20.csv,1
RHA-122,parts_20.csv,1
RHA-123,parts_20.csv,1
RHA-13,parts_20.csv,1
RHA-135,parts_20.csv,1
RHA-143,parts_20.csv,1
RHA-156,parts_20.csv,1
RHA-157,parts_20.csv,1
RHA-158,parts_20.csv,1
RHA-174,parts_20.csv,2
RHA-175,parts_20.csv,2
RHA-176,parts_20.csv,1
RHA-177,parts_20.csv,1
RHA-184,parts_20.csv,1
RHA-185,parts_20.csv,1
RHA-188,parts_20.csv,1
RHA-189,parts_20.csv,1
RHA-226,parts_20.csv,1
RHA-227,parts_20.csv,1
RHB-107,parts_20.csv,1
RHC-023,parts_20.csv,2
RHC-027,parts_20.csv,1
RHC-028,parts_20.csv,1
RHC-029,parts_20.csv,1
RHC-030,parts_20.csv,1
RHC-031,parts_20.csv,1
RHC-064,parts_20.csv,1
RHC-071,parts_20.csv,1
RHC-072,parts_20.csv,1
RHC-077,parts_20.csv,1
RHC-094,parts_20.csv,1
RHC-095,parts_20.csv,1
RHC-121,parts_20.csv,1
RHG-072,parts_20.csv,1
RHG-103,parts_20.csv,1
RHG-116,parts_20.csv,1
RHG-150,parts_20.csv,1
RHG-151,parts_20.csv,1
RHG-157,parts_20.csv,1
RHG-158,parts_20.csv,1
RHG-167,parts_20.csv,1
RHG-168,parts_20.csv,1
RHG-184,parts_20.csv,1
RHG-185,parts_20.csv,1
RHG-210,parts_20.csv,1
RHG-211,parts_20.csv,1
RHG-215,parts_20.csv,1
RHG-216,parts_20.csv,1
RHG-218,parts_20.csv,1
RHG-220,parts_20.csv,1
RHG-221,parts_20.csv,1
RHG-231,parts_20.csv,1
RHG-233,parts_20.csv,2
RHG-266,parts_20.csv,1
RHG-267,parts_20.csv,1
RHG-281,parts_20.csv,1
RHG-282,parts_20.csv,1
RHG-284,parts_20.csv,1
RHG-285,parts_20.csv,1
RHG-286,parts_20.csv,1
RHG-287,parts_20.csv,1
RHG-291,parts_20.csv,1
RHG-292,parts_20.csv,1
RHG-313,parts_20.csv,1
RHG-318,parts_20.csv,1
RHG-376,parts_20.csv,1
RHK-058,parts_20.csv,1
RHK-102,parts_20.csv,1
RHK-128,parts_20.csv,1
RHK-131,parts_20.csv,1
RHL-001,parts_20.csv,1
RHL-007,parts_20.csv,1
RHL-015,parts_20.csv,1
RHL-018,parts_20.csv,12
RHL-019,parts_20.csv,7
RHL-021,parts_20.csv,1
RHL-025,parts_20.csv,2
RHL-031,parts_20.csv,4
RHL-035,parts_20.csv,3
RHL-041,parts_20.csv,3
RHL-044,parts_20.csv,1
RHL-050,parts_20.csv,1
RHL-055,parts_20.csv,1
RHL-056,parts_20.csv,1
RHX-004,parts_20.csv,1
RHX-019,parts_20.csv,1
RKB-001,parts_20.csv,2
RKB-003,parts_20.csv,1
RKB-007,parts_20.csv,2
RKB-010,parts_20.csv,3
RKB-011,parts_20.csv,1
RKB-013,parts_20.csv,2
RKB-014,parts_20.csv,6
RKB-014 (RKB-016),parts_20.csv,4
RKC -016,parts_20.csv,1
RKC-002,parts_20.csv,2
RKC-003,parts_20.csv,2
RKC-004,parts_20.csv,3
RKC-008,parts_20.csv,1
RKC-01 3,parts_20.csv,1
RKC-013,parts_20.csv,3
RKC-015,parts_20.csv,2
RKH-005,parts_20.csv,2
RKK-002,parts_20.csv,1
RKK-005,parts_20.csv,2
RKN-002,parts_20.csv,3
RKN-013,parts_20.csv,1
RKN-020,parts_20.csv,2
RKN-021,parts_20.csv,2
RKN-031,parts_20.csv,3
RKN-032,parts_20.csv,6
RKN-037,parts_20.csv,1
RKN-040,parts_20.csv,1
RKN-044,parts_20.csv,2
RKN-046,parts_20.csv,2
RKN-047,parts_20.csv,1
RKN-048,parts_20.csv,1
RKN-049,parts_20.csv,1
RKN-052,parts_20.csv,1
RKN-054,parts_20.csv,1
RKN-055,parts_20.csv,2
RKN-056,parts_20.csv,3
RKN-058,parts_20.csv,1
RKN-069,parts_20.csv,1
RKN-070,parts_20.csv,1
RKP-003,parts_20.csv,1
RKP-006,parts_20.csv,4
RKP-007,parts_20.csv,1
RKP-008,parts_20.csv,1
RKP-009,parts_20.csv,1
RKP-010,parts_20.csv,1
RKP-014,parts_20.csv,1
RKP-017,parts_20.csv,2
RKP-030,parts_21.csv,1
RKP-044,parts_21.csv,1
RKP-050,parts_21.csv,1
RKP-064,parts_21.csv,1
RKP-066,parts_21.csv,1
RKP-111,parts_21.csv,1
RKP-114,parts_21.csv,1
RKP-117,parts_21.csv,1
RKP-121,parts_21.csv,1
RKP-126,parts_21.csv,1
RKP-128,parts_21.csv,1
RKP-130,parts_21.csv,1
RKP-138,parts_21.csv,1
RKP-139,parts_21.csv,1
RKP-144,parts_21.csv,1
RKP-213,parts_21.csv,1
RKP-217,parts_21.csv,1
RKP-218,parts_21.csv,1
RKP-219,parts_21.csv,1
RKP-220,parts_21.csv,1
RKP-222,parts_21.csv,1
RKP-225,parts_21.csv,1
RKP-226,parts_21.csv,1
RKP-228,parts_21.csv,1
RKP-229,parts_21.csv,2
RKP-230,parts_21.csv,1
RKP-231,parts_21.csv,1
RKP-232,parts_21.csv,2
RKP-233,parts_21.csv,1
RKP-234,parts_21.csv,1
RKP-235,parts_21.csv,1
RKP-236,parts_21.csv,1
RKP-237,parts_21.csv,1
RKP-238,parts_21.csv,1
RKP-239,parts_21.csv,1
RKR-016,parts_21.csv,1
RKR-017,parts_21.csv,1
RKR-019,parts_21.csv,1
RKR-020,parts_21.csv,4
RLA 667,parts_21.csv,1
RLA-032,parts_21.csv,2
RLA-035,parts_21.csv,2
RLA-036,parts_21.csv,4
RLA-037,parts_21.csv,4
RLA-038,parts_21.csv,2
RLA-040,parts_21.csv,2
RLA-070,parts_21.csv,1
RLA-077,parts_21.csv,2
RLA-102,parts_21.csv,4
RLA-197,parts_21.csv,5
RLA-294,parts_21.csv,1
RLA-295,parts_21.csv,1
RLA-296,parts_21.csv,1
RLA-297,parts_21.csv,2
RLA-298,parts_21.csv,1
RLA-300,parts_21.csv,3
RLA-300A,parts_21.csv,1
RLA-301,parts_21.csv,2
RLA-302,parts_21.csv,1
RLA-304,parts_21.csv,2
RLA-305,parts_21.csv,1
RLA-307,parts_21.csv,4
RLA-308,parts_21.csv,2
RLA-309,parts_21.csv,2
RLA-310,parts_21.csv,2
RLA-311,parts_21.csv,2
RLA-317,parts_21.csv,1
RLA-321,parts_21.csv,3
RLA-328,parts_21.csv,1
RLA-342,parts_21.csv,2
RLA-343,parts_21.csv,2
RLA-344,parts_21.csv,2
RLA-345,parts_21.csv,1
RLA-346,parts_21.csv,2
RLA-347,parts_21.csv,1
RLA-356,parts_21.csv,1
RLA-359,parts_21.csv,2
RLA-366,parts_21.csv,2
RLA-367,parts_21.csv,2
RLA-369,parts_21.csv,1
RLA-389,parts_21.csv,2
RLA-415,parts_21.csv,2
RLA-417,parts_21.csv,1
RLA-423,parts_21.csv,1
RLA-428,parts_21.csv,1
RLA-429,parts_21.csv,1
RLA-433,parts_21.csv,2
RLA-435,parts_21.csv,1
RLA-466,parts_21.csv,1
RLA-499,parts_21.csv,1
RLA-549,parts_21.csv,1
RLA-601,parts_21.csv,2
RLA-602,parts_21.csv,2
RLA-647,parts_21.csv,1
RLA-652,parts_21.csv,1
RLA-653,parts_21.csv,1
RLA-655,parts_21.csv,1
RLA-656,parts_21.csv,1
RLA-657,parts_21.csv,1
RLA-658,parts_21.csv,1
RLA-659,parts_21.csv,1
RLA-668,parts_21.csv,1
RLA-669,parts_21.csv,1
RLA-724,parts_21.csv,1
RLA-736,parts_21.csv,1
RLA-740,parts_21.csv,1
RLA-741,parts_21.csv,1
RLA-789,parts_21.csv,1
RLA-790,parts_21.csv,1
RLA-915,parts_21.csv,1
RLA-989,parts_21.csv,1
RLA-993,parts_21.csv,1
RLA-994,parts_21.csv,1
RLB-001,parts_21.csv,1
RLB-105,parts_21.csv,1
RLB-108,parts_21.csv,1
RLB-111,parts_21.csv,1
RLB-112,parts_21.csv,1
RLB-116,parts_21.csv,1
RLB-129,parts_21.csv,1
RLB-152,parts_21.csv,1
RLB-162,parts_21.csv,1
RLB-165,parts_21.csv,1
RLB-166,parts_21.csv,1
RLB-217,parts_21.csv,1
RLB-374,parts_21.csv,2
RLP-002,parts_21.csv,2
RLP-003,parts_21.csv,2
RLP-004,parts_21.csv,3
RLP-009,parts_21.csv,2
RLP-010,parts_21.csv,2
RLP-019,parts_21.csv,1
Rl\IE-404,parts_21.csv,1
RM2P 151 K,parts_21.csv,1
RM2P 151K,parts_21.csv,5
RMM-015,parts_21.csv,1
RMM-022,parts_21.csv,2
RMM-029,parts_21.csv,1
RMM-031,parts_21.csv,1
RMM-032,parts_21.csv,1
RMM-033,parts_21.csv,1
RMM-034,parts_21.csv,1
RMS-021,parts_21.csv,2
RMS-036,parts_21.csv,2
RMS-044,parts_21.csv,1
RMS-045,parts_21.csv,1
RMS-052,parts_21.csv,1
RMS-060,parts_21.csv,1
RMS-064,parts_21.csv,1
RNA-095,parts_21.csv,2
RNA-096,parts_21.csv,1
RNA-098,parts_21.csv,1
RNA-155,parts_21.csv,1
RNA-164,parts_21.csv,1
RNA-166,parts_21.csv,1
RNA-167,parts_21.csv,1
RNA-212,parts_21.csv,1
RNA-227,parts_21.csv,1
RNA-296,parts_21.csv,1
RNA-298,parts_21.csv,2
RNA-310,parts_21.csv,1
RNA-321,parts_21.csv,1
RNA-359,parts_21.csv,1
RNA-364,parts_21.csv,2
RNA-377,parts_21.csv,1
RNA-390,parts_21.csv,1
RNA-411,parts_21.csv,1
RNA-419,parts_21.csv,1
RNA-424,parts_21.csv,1
RNA-428,parts_21.csv,1
RNA-528,parts_21.csv,1
RNB-007,parts_21.csv,2
RNB-008,parts_21.csv,1
RNB-015,parts_21.csv,1
RNB-023,parts_21.csv,1
RNB-030,parts_21.csv,2
RNB-032,parts_21.csv,1
RNB-042,parts_21.csv,1
RNB-043,parts_21.csv,1
RNB-052,parts_21.csv,1
RNB-053,parts_21.csv,1
RNB-057,parts_21.csv,1
RNB-058,parts_21.csv,1
RNB-060,parts_21.csv,1
RNC-020,parts_21.csv,2
RNC-025,parts_21.csv,1
RNC-038,parts_21.csv,1
RNC-068,parts_21.csv,2
RNC-072,parts_21.csv,2
RNC-073,parts_21.csv,1
RNC-086,parts_21.csv,1
RNC-089,parts_21.csv,2
RNC-091,parts_21.csv,1
RNE -074,parts_21.csv,1
RNE 513,parts_21.csv,1
RNE-034,parts_21.csv,3
RNE-064,parts_21.csv,3
RNE-065,parts_21.csv,3
RNE-069,parts_21.csv,3
RNE-081,parts_21.csv,2
RNE-082,parts_21.csv,2
RNE-083,parts_21.csv,3
RNE-088,parts_21.csv,2
RNE-089,parts_21.csv,2
RNE-091,parts_21.csv,2
RNE-092,parts_21.csv,2
RNE-093,parts_21.csv,2
RNE-098,parts_21.csv,1
RNE-119,parts_21.csv,2
RNE-131,parts_21.csv,3
RNE-142,parts_21.csv,2
RNE-143,parts_21.csv,2
RNE-148,parts_21.csv,1
RNE-151,parts_21.csv,1
RNE-158,parts_21.csv,1
RNE-167,parts_21.csv,2
RNE-209,parts_21.csv,3
RNE-213,parts_21.csv,2
RNE-214,parts_21.csv,2
RNE-215,parts_21.csv,2
RNE-223,parts_21.csv,1
RNE-226,parts_21.csv,1
RNE-230,parts_21.csv,1
RNE-240,parts_21.csv,2
RNE-241,parts_21.csv,3
RNE-308,parts_21.csv,1
RNE-327,parts_21.csv,2
RNE-356,parts_21.csv,4
RNE-386,parts_21.csv,2
RNE-389,parts_21.csv,1
RNE-392,parts_21.csv,1
RNE-393,parts_21.csv,2
RNE-394,parts_21.csv,2
RNE-399,parts_21.csv,1
RNE-400,parts_21.csv,1
RNE-401,parts_21.csv,2
RNE-403,parts_21.csv,1
RNE-404,parts_21.csv,1
RNE-406,parts_21.csv,2
RNE-407,parts_21.csv,1
RNE-409,parts_21.csv,2
RNE-412,parts_21.csv,2
RNE-413- B,parts_21.csv,1
RNE-415,parts_21.csv,1
RNE-474,parts_21.csv,1
RNE-475,parts_21.csv,2
RNE-478,parts_21.csv,2
RNE-479,parts_21.csv,1
RNE-513,parts_21.csv,8
RNE-537,parts_21.csv,2
RNE-543,parts_21.csv,1
RNE-554,parts_21.csv,1
RNE-562,parts_21.csv,1
RNE-578,parts_21.csv,2
RNE-579,parts_21.csv,1
RNE-580,parts_21.csv,2
RNE-583,parts_21.csv,2
RNE-605,parts_21.csv,6
RNE-652,parts_21.csv,1
RNE-659,parts_21.csv,2
RNE-659-,parts_21.csv,1
RNE-660,parts_21.csv,2
RNE-669,parts_21.csv,2
RNE-670,parts_21.csv,2
RNE-671,parts_21.csv,2
RNE-673,parts_21.csv,1
RNE-674,parts_21.csv,2
RNE-675,parts_21.csv,2
RNE-676,parts_21.csv,2
RNE-677,parts_21.csv,1
RNE-678,parts_21.csv,2
RNE-680,parts_21.csv,1
RNE-684,parts_21.csv,2
RNE-685,parts_21.csv,2
RNE-686,parts_21.csv,1
RNE-690,parts_21.csv,2
RNE-691,parts_21.csv,2
RNE-700,parts_21.csv,1
RNE-702,parts_21.csv,1
RNE-712,parts_21.csv,2
RNE-713,parts_21.csv,2
RNE-714,parts_21.csv,2
RNE-715,parts_21.csv,2
RNE-717,parts_21.csv,2
RNE-723,parts_21.csv,1
RNE-724,parts_21.csv,1
RNE-727,parts_21.csv,1
RNE-730,parts_21.csv,1
RNE-731,parts_21.csv,2
RNE-732,parts_21.csv,1
RNE-735,parts_21.csv,1
RNE-736,parts_21.csv,1
RNE-737,parts_21.csv,1
RNE-738,parts_21.csv,1
RNE-739,parts_21.csv,1
RNE-740,parts_21.csv,1
RNE-741,parts_21.csv,2
RNE-746,parts_21.csv,1
RNE-766,parts_21.csv,1
RNE-767,parts_21.csv,1
RNE-773,parts_21.csv,1
RNE-792,parts_21.csv,1
RNE-951,parts_21.csv,1
RNE-974,parts_21.csv,2
RNE-976,parts_21.csv,3
RNE-978,parts_21.csv,2
RNE-983,parts_21.csv,3
RNE-987,parts_21.csv,2
RNE-991,parts_21.csv,2
RNE-992,parts_21.csv,2
RNF-009,parts_21.csv,1
RNF-010,parts_21.csv,1
RNF-023,parts_21.csv,2
RNF-024,parts_21.csv,2
RNF-034,parts_21.csv,1
RNF-067,parts_21.csv,2
RNF-068,parts_21.csv,2
RNF-069,parts_21.csv,2
RNF-074,parts_21.csv,2
RNF-077,parts_21.csv,2
RNF-078,parts_21.csv,2
RNF-079,parts_21.csv,2
RNF-082,parts_21.csv,1
RNF-085,parts_21.csv,2
RNF-094,parts_21.csv,1
RNF-104,parts_21.csv,2
RNF-117,parts_21.csv,1
RNF-144,parts_21.csv,1
RNF-146,parts_21.csv,1
RNF-147,parts_21.csv,1
RNF-165,parts_21.csv,1
RNF-202,parts_21.csv,1
RNF-203,parts_21.csv,1
RNF-499,parts_21.csv,1
RNF-527,parts_21.csv,2
RNF-601,parts_21.csv,1
RNF-974,parts_21.csv,1
RNG-031,parts_21.csv,2
RNG-036,parts_21.csv,2
RNG-051,parts_21.csv,2
RNG-053,parts_21.csv,2
RNG-055,parts_21.csv,1
RNG-055A,parts_21.csv,1
RNG-112,parts_21.csv,1
RNG-123,parts_21.csv,1
RNG-125,parts_21.csv,1
RNG-209,parts_21.csv,1
RNG-227,parts_21.csv,1
RNG-230,parts_21.csv,2
RNK-013,parts_21.csv,1
RNK-014,parts_21.csv,1
RNK-015,parts_21.csv,1
RNK-018,parts_21.csv,1
RNK-039,parts_21.csv,1
RNK-111,parts_21.csv,2
RNK-153,parts_21.csv,2
RNK-154,parts_21.csv,2
RNK-167,parts_21.csv,2
RNK-168,parts_21.csv,2
RNK-170,parts_21.csv,1
RNK-171,parts_21.csv,2
RNK-173,parts_21.csv,1
RNK-173-,parts_21.csv,1
RNK-179,parts_21.csv,2
RNK-181,parts_21.csv,1
RNK-198,parts_21.csv,1
RNK-199,parts_21.csv,1
RNK-202,parts_21.csv,3
RNK-203,parts_21.csv,1
RNK-206,parts_21.csv,1
RNK-208,parts_21.csv,1
RNK-211,parts_21.csv,1
RNK-235,parts_21.csv,1
RNK-236,parts_21.csv,2
RNK-237,parts_21.csv,1
RNK-238,parts_21.csv,1
RNK-239,parts_21.csv,1
RNK-240,parts_21.csv,2
RNK-241,parts_21.csv,2
RNK-244,parts_21.csv,2
RNK-245,parts_21.csv,1
RNK-258,parts_21.csv,1
RNK-259,parts_21.csv,3
RNK-260,parts_21.csv,2
RNK-261,parts_21.csv,1
RNK-268,parts_21.csv,1
RNK-275,parts_21.csv,1
RNK-279,parts_21.csv,2
RNK-280,parts_21.csv,6
RNK-281,parts_21.csv,2
RNK-282,parts_21.csv,2
RNK-283,parts_21.csv,2
RNK-290,parts_21.csv,2
RNK-292,parts_21.csv,2
RNK-294,parts_21.csv,1
RNK-296,parts_21.csv,2
RNK-297,parts_21.csv,1
RNK-300,parts_21.csv,1
RNK-303,parts_21.csv,2
RNK-308,parts_21.csv,1
RNK-319,parts_21.csv,1
RNK-328,parts_21.csv,1
RNK-332,parts_21.csv,1
RNK-333,parts_21.csv,1
RNK-334,parts_21.csv,1
RNK-335,parts_21.csv,1
RNK-348,parts_21.csv,4
RNK-382,parts_21.csv,1
RNK-385,parts_21.csv,1
RNK-386,parts_21.csv,1
RNK-388,parts_21.csv,1
RNK-389,parts_21.csv,1
RNK-391,parts_21.csv,2
RNK-393,parts_21.csv,1
RNK-395,parts_21.csv,1
RNK-432,parts_21.csv,1
RNK-447,parts_21.csv,3
RNK-451,parts_21.csv,2
RNK-454,parts_21.csv,1
RNK-455,parts_21.csv,1
RNK-457,parts_21.csv,1
RNK-461,parts_21.csv,1
RNK-463,parts_21.csv,1
RNK-464,parts_21.csv,1
RNK-466,parts_21.csv,1
RNK-472,parts_21.csv,1
RNK-473,parts_21.csv,1
RNK-477,parts_21.csv,1
RNK-478,parts_21.csv,1
RNK-480,parts_21.csv,2
RNK-483,parts_21.csv,1
RNK-484,parts_21.csv,1
RNK-485,parts_21.csv,1
RNK-486,parts_21.csv,2
RNK-487,parts_21.csv,2
RNK-489,parts_21.csv,1
RNK-493,parts_21.csv,2
RNK-495,parts_21.csv,1
RNK-523,parts_21.csv,1
RNK-524,parts_21.csv,1
RNK-533,parts_21.csv,2
RNK-534,parts_21.csv,5
RNK-535,parts_21.csv,4
RNK-556,parts_21.csv,4
RNK-558,parts_21.csv,1
RNK-559,parts_21.csv,1
RNK-561,parts_21.csv,4
RNK-562,parts_21.csv,3
RNK-566,parts_21.csv,4
RNK-567,parts_21.csv,1
RNK-583,parts_21.csv,1
RNK-584,parts_21.csv,1
RNK-587,parts_21.csv,1
RNK-588,parts_21.csv,3
RNK-608,parts_21.csv,4
RNK-613,parts_21.csv,1
RNK-616,parts_21.csv,1
RNK-632,parts_21.csv,1
RNK-633,parts_21.csv,1
RNK-640,parts_21.csv,1
RNK-665,parts_21.csv,1
RNK-666,parts_21.csv,1
RNK-670,parts_21.csv,1
RNK-703,parts_21.csv,2
RNK-707,parts_21.csv,1
RNK-708,parts_21.csv,1
RNK-729,parts_21.csv,1
RNK-731,parts_21.csv,1
RNK-746,parts_21.csv,1
RNK-749,parts_21.csv,1
RNK-750,parts_21.csv,1
RNK-751,parts_21.csv,1
RNK-761,parts_21.csv,1
RNK-762,parts_21.csv,1
RNK-764,parts_21.csv,1
RNK-777,parts_21.csv,1
RNK-780,parts_21.csv,1
RNK-786,parts_21.csv,1
RNK-787,parts_21.csv,1
RNK-788,parts_21.csv,1
RNK-794,parts_21.csv,1
RNK-795,parts_21.csv,1
RNK-802,parts_21.csv,1
RNK-804,parts_21.csv,1
RNK-808,parts_21.csv,1
RNK-810,parts_21.csv,1
RNK-811,parts_21.csv,1
RNK-812,parts_21.csv,1
RNK-815,parts_21.csv,6
RNK-827,parts_21.csv,1
RNK-829,parts_21.csv,1
RNK-831,parts_21.csv,1
RNK-832,parts_21.csv,1
RNK-833,parts_21.csv,1
RNK-834,parts_21.csv,1
RNK-835,parts_21.csv,1
RNK-837,parts_21.csv,1
RNK-838,parts_21.csv,1
RNK-840,parts_21.csv,1
RNK-841,parts_21.csv,1
RNK-842,parts_21.csv,1
RNK-843,parts_21.csv,1
RNK-845,parts_21.csv,1
RNK-846,parts_21.csv,1
RNK-847,parts_21.csv,1
RNK-848,parts_21.csv,1
RNK-849,parts_21.csv,1
RNK-854,parts_21.csv,1
RNK-855,parts_21.csv,1
RNK-856,parts_21.csv,1
RNL-010,parts_21.csv,1
RNL-118,parts_21.csv,1
RNL-123,parts_21.csv,1
RNL-126,parts_21.csv,1
RNL-127,parts_21.csv,1
RNL-135,parts_21.csv,1
RNL-136,parts_21.csv,1
RNL-137,parts_21.csv,1
RNL-138,parts_21.csv,1
RNL-147,parts_21.csv,1
RNL-148,parts_21.csv,1
RNL-149,parts_21.csv,1
RNL-150,parts_21.csv,1
RNL-151,parts_21.csv,1
RNL-152,parts_21.csv,1
RNL-155,parts_21.csv,1
RNL-158,parts_21.csv,1
RNL-174,parts_21.csv,1
RNL-206,parts_21.csv,1
RNL-207,parts_21.csv,1
RNL-208,parts_21.csv,1
RNP-153,parts_21.csv,1
RNX-003,parts_21.csv,2
RNX-060,parts_21.csv,1
RPB-003,parts_21.csv,2
RPB-004,parts_21.csv,2
RPB-005,parts_21.csv,5
RPB-006,parts_21.csv,1
RPB-007,parts_21.csv,1
RPB-008,parts_21.csv,1
RPB-013,parts_21.csv,2
RPB-014,parts_21.csv,9
RPB-020,parts_21.csv,2
RPB-021,parts_21.csv,2
RPB-022,parts_21.csv,1
RPB-023,parts_21.csv,1
RPB-027,parts_21.csv,2
RPB-031,parts_21.csv,1
RPB-032,parts_21.csv,1
RPB-034,parts_21.csv,1
RPB-037,parts_21.csv,1
RPB-038,parts_21.csv,1
RPB-039 or RPB-047,parts_21.csv,1
RPB-040,parts_21.csv,2
RPB-041,parts_21.csv,2
RPB-047,parts_21.csv,2
RPB-052,parts_21.csv,2
RPB-064,parts_21.csv,1
RPB-065,parts_21.csv,1
RPB-090,parts_21.csv,1
RRB-005,parts_21.csv,1
RRB-007,parts_21.csv,1
RRB-010,parts_21.csv,1
RRB-021,parts_21.csv,1
RRB-022,parts_21.csv,1
RRB-040,parts_21.csv,1
RRB-041,parts_21.csv,1
RRB-042,parts_21.csv,1
RRB-046,parts_21.csv,1
RRB-050,parts_21.csv,1
RRB-051,parts_21.csv,1
RRB-054,parts_21.csv,1
RRB-056,parts_21.csv,1
RRB-063,parts_21.csv,1
RRB-070,parts_21.csv,1
RRB-072,parts_21.csv,1
RRB-078,parts_21.csv,1
RRB-083,parts_21.csv,1
RRB-085,parts_21.csv,2
RRB-087,parts_21.csv,2
RRB-088,parts_21.csv,3
RRB-090,parts_21.csv,1
RRB-092,parts_21.csv,1
RRB-093,parts_21.csv,1
RRB-103,parts_21.csv,1
RRB-104,parts_21.csv,1
RRB-106,parts_21.csv,1
RRB-108,parts_21.csv,1
RRB-109,parts_21.csv,1
RRB-119,parts_21.csv,1
RRB-143,parts_21.csv,1
RRD-007,parts_21.csv,1
RRD-008,parts_21.csv,1
RRD-012,parts_21.csv,1
RRD-014,parts_21.csv,1
RRD-027,parts_21.csv,1
RRF-040,parts_21.csv,1
RRG-020,parts_21.csv,1
RRH-001,parts_21.csv,1
RRH-002,parts_21.csv,1
RRW-001,parts_21.csv,2
RRW-007,parts_21.csv,1
RRW-016,parts_21.csv,1
RRW-026,parts_21.csv,1
RRW-076,parts_21.csv,1
RRW-078,parts_21.csv,1
RRW-081,parts_21.csv,2
RRW-082,parts_21.csv,2
RRW-096,parts_21.csv,1
RRW-112,parts_21.csv,6
RRW-118,parts_21.csv,1
RS 2P 122J,parts_21.csv,2
RS2P 103J,parts_21.csv,1
RS2P 272J,parts_21.csv,4
RS2P 332J,parts_21.csv,3
RS2P 472J,parts_21.csv,4
RS2P 561K,parts_21.csv,2
RS2P 911J,parts_21.csv,2
RS3P 332J,parts_21.csv,2
RS3P 332K,parts_21.csv,4
RS3P 392J,parts_21.csv,1
RS3P 472K,parts_21.csv,2
RS8-027,parts_21.csv,1
RSA-009,parts_21.csv,1
RSA-010,parts_21.csv,5
RSA-011,parts_21.csv,2
RSA-016,parts_21.csv,3
RSA-017,parts_21.csv,1
RSA-020,parts_21.csv,3
RSA-021,parts_21.csv,7
RSA-022,parts_21.csv,1
RSA-028,parts_21.csv,2
RSA-032,parts_21.csv,1
RSA-034,parts_21.csv,1
RSB-001,parts_21.csv,1
RSB-003,parts_21.csv,1
RSB-004,parts_21.csv,3
RSB-008,parts_21.csv,1
RSB-009,parts_21.csv,1
RSB-017,parts_21.csv,3
RSB-018,parts_21.csv,1
RSB-019,parts_21.csv,1
RSB-020,parts_21.csv,1
RSB-021,parts_21.csv,1
RSB-022,parts_21.csv,1
RSB-023,parts_21.csv,1
RSB-027,parts_21.csv,1
RSF-002,parts_21.csv,1
RSF-007,parts_21.csv,3
RSF-013,parts_21.csv,2
RSF-017,parts_21.csv,2
RSF-019,parts_21.csv,1
RSF-022,parts_21.csv,7
RSF-024,parts_21.csv,7
RSF-025,parts_21.csv,1
RSF-026,parts_21.csv,1
RSG-022,parts_21.csv,2
RSG-023,parts_21.csv,1
RSG-024,parts_21.csv,1
RSG-029,parts_21.csv,1
RSG-045,parts_21.csv,1
RSG-046,parts_21.csv,2
RSG-047,parts_21.csv,4
RSG-048,parts_22.csv,1
RSG-049,parts_22.csv,5
RSG-050,parts_22.csv,1
RSG-051,parts_22.csv,6
RSG-053,parts_22.csv,1
RSG-057,parts_22.csv,1
RSG-062,parts_22.csv,1
RSG-063,parts_22.csv,2
RSG-064,parts_22.csv,2
RSG-065,parts_22.csv,1
RSG-066,parts_22.csv,1
RSG-067,parts_22.csv,1
RSG-068,parts_22.csv,3
RSG-071,parts_22.csv,1
RSG-074,parts_22.csv,1
RSG-078,parts_22.csv,1
RSG-083,parts_22.csv,1
RSG-086,parts_22.csv,5
RSG-087,parts_22.csv,2
RSG-088,parts_22.csv,7
RSG-089,parts_22.csv,4
RSG-090,parts_22.csv,1
RSG-099,parts_22.csv,1
RSG-106,parts_22.csv,1
RSG-107,parts_22.csv,1
RSG-108,parts_22.csv,1
RSH-002,parts_22.csv,2
RSH-003,parts_22.csv,3
RSH-004,parts_22.csv,2
RSH-006,parts_22.csv,1
RSH-008,parts_22.csv,1
RSH-009,parts_22.csv,2
RSH-011,parts_22.csv,2
RSH-013,parts_22.csv,2
RSH-021,parts_22.csv,3
RSH-027,parts_22.csv,1
RSH-030,parts_22.csv,1
RSH-037,parts_22.csv,1
RSH-038,parts_22.csv,1
RSH-043,parts_22.csv,1
RSH-048,parts_22.csv,1
RSH-058,parts_22.csv,1
RSK-001,parts_22.csv,1
RSK-007,parts_22.csv,1
RSK-008,parts_22.csv,1
RSK-011,parts_22.csv,1
RSK-019,parts_22.csv,4
RSK-021,parts_22.csv,1
RSK-024,parts_22.csv,1
RSK-026,parts_22.csv,3
RSK-031,parts_22.csv,2
RSK-032,parts_22.csv,3
RSK-033,parts_22.csv,1
RSK-038,parts_22.csv,1
RSK-039,parts_22.csv,1
RSK-040,parts_22.csv,1
RSK-041,parts_22.csv,1
RSK-042,parts_22.csv,1
RSK-043,parts_22.csv,1
RSK-055,parts_22.csv,1
RSK-056,parts_22.csv,1
RSL-004,parts_22.csv,2
RSN-002,parts_22.csv,2
RSN-006,parts_22.csv,6
RSN-010,parts_22.csv,4
RSN-011,parts_22.csv,2
RSN-013,parts_22.csv,1
RSN-014,parts_22.csv,1
RSN-016,parts_22.csv,1
RSN-018,parts_22.csv,1
RSN-019,parts_22.csv,1
RSN-021,parts_22.csv,1
RSN-024,parts_22.csv,1
RSN-025,parts_22.csv,2
RSN-027,parts_22.csv,1
RSN-027 (RSN-010),parts_22.csv,1
RSN-028,parts_22.csv,1
RSR-013,parts_22.csv,1
RSR-024,parts_22.csv,1
RSR-025,parts_22.csv,1
RSR-031,parts_22.csv,1
RSR-035,parts_22.csv,1
RSX-002,parts_22.csv,1
RSX-034,parts_22.csv,2
RSX-035,parts_22.csv,1
RSX-040,parts_22.csv,1
RSX-041,parts_22.csv,2
RSX-044,parts_22.csv,1
RSX-050,parts_22.csv,1
RT3B  151K,parts_22.csv,2
RT5B  100K,parts_22.csv,1
RT5B 100K,parts_22.csv,1
RT5B 151 K,parts_22.csv,2
RT5B 151K,parts_22.csv,2
RTEB 151K,parts_22.csv,1
RTSB  100K,parts_22.csv,1
RTSB 151K,parts_22.csv,2
RTT-005,parts_22.csv,1
RTT-007,parts_22.csv,3
RTT-039,parts_22.csv,1
RTT-048,parts_22.csv,2
RTT-055,parts_22.csv,1
RTT-056,parts_22.csv,1
RTT-057,parts_22.csv,1
RTT-059,parts_22.csv,1
RTT-060,parts_22.csv,1
RTT-069,parts_22.csv,1
RTT-070,parts_22.csv,1
RTT-097,parts_22.csv,2
RTT-101,parts_22.csv,1
RTT-115,parts_22.csv,2
RTT-116,parts_22.csv,1
RTT-117,parts_22.csv,1
RTT-118,parts_22.csv,1
RTT-123,parts_22.csv,1
RTT-131,parts_22.csv,1
RTT-132,parts_22.csv,3
RTT-133,parts_22.csv,1
RTT-138,parts_22.csv,1
RTT-140,parts_22.csv,1
RTT-142,parts_22.csv,1
RTT-161,parts_22.csv,1
RTT-162,parts_22.csv,1
RTT-166,parts_22.csv,1
RTT-174,parts_22.csv,1
RTT-175,parts_22.csv,1
RTT-176,parts_22.csv,1
RTT-177,parts_22.csv,1
RTT-178,parts_22.csv,1
RTT-185,parts_22.csv,1
RTT-188,parts_22.csv,1
RTT-195,parts_22.csv,1
RTT-198,parts_22.csv,1
RTT-199,parts_22.csv,1
RTT-224,parts_22.csv,1
RWA-002,parts_22.csv,2
RWA-004,parts_22.csv,1
RWA-008,parts_22.csv,1
RWA-021,parts_22.csv,1
RWA-028,parts_22.csv,1
RWF-003,parts_22.csv,2
RWF-004,parts_22.csv,2
RWF-005,parts_22.csv,1
RWF-006,parts_22.csv,1
RWF-014,parts_22.csv,1
RWF-015,parts_22.csv,1
RWF-025,parts_22.csv,1
RWF-028,parts_22.csv,1
RWF-029,parts_22.csv,1
RWF-038,parts_22.csv,1
RWF-041,parts_22.csv,1
RWF-055,parts_22.csv,1
RWF-056,parts_22.csv,1
RWF-061,parts_22.csv,1
RWF-064,parts_22.csv,1
RWF-065,parts_22.csv,6
RWF-069,parts_22.csv,1
RWF-078,parts_22.csv,1
RWF-079,parts_22.csv,1
RWF-080,parts_22.csv,2
RWF-081,parts_22.csv,1
RWF-082,parts_22.csv,1
RWF-084,parts_22.csv,2
RWF-085,parts_22.csv,2
RWF-088,parts_22.csv,1
RWF-191,parts_22.csv,1
RWG-040,parts_22.csv,1
RWG-046,parts_22.csv,1
RWG-047,parts_22.csv,1
RWG-048,parts_22.csv,1
RWG-057,parts_22.csv,1
RWG-062,parts_22.csv,1
RWG-063,parts_22.csv,1
RWG-068,parts_22.csv,1
RWG-069,parts_22.csv,2
RWG-070,parts_22.csv,4
RWG-076,parts_22.csv,2
RWG-080,parts_22.csv,1
RWG-082,parts_22.csv,1
RWG-085,parts_22.csv,1
RWG-093,parts_22.csv,1
RWG-100,parts_22.csv,1
RWG-103,parts_22.csv,1
RWG-104,parts_22.csv,1
RWG-105,parts_22.csv,1
RWR-008,parts_22.csv,1
RWR-008 A,parts_22.csv,1
RWR-020,parts_22.csv,1
RWR-023,parts_22.csv,1
RWR-025,parts_22.csv,1
RWR-026,parts_22.csv,1
RWR-035,parts_22.csv,1
RWR-043,parts_22.csv,1
RWR-045,parts_22.csv,1
RWR-050,parts_22.csv,1
RWR-053,parts_22.csv,1
RWR-054,parts_22.csv,1
RWR-055,parts_22.csv,1
RWR-056,parts_22.csv,1
RWR-058,parts_22.csv,1
RWR-059,parts_22.csv,1
RWR-061,parts_22.csv,2
RWR-063,parts_22.csv,1
RWR-066,parts_22.csv,2
RWR-067,parts_22.csv,2
RWR-074,parts_22.csv,1
RWR-075,parts_22.csv,1
RWR-076,parts_22.csv,1
RWS-010,parts_22.csv,1
RWS-011,parts_22.csv,1
RWS-013,parts_22.csv,1
RWS-022,parts_22.csv,1
RWS-023,parts_22.csv,1
RWS-024,parts_22.csv,1
RWS-026,parts_22.csv,1
RWS-027,parts_22.csv,1
RWS-030,parts_22.csv,1
RWS-031,parts_22.csv,1
RWS-044,parts_22.csv,1
RWS-046,parts_22.csv,1
RWS-048,parts_22.csv,1
RWS-051,parts_22.csv,1
RWS-052,parts_22.csv,3
RWS-053,parts_22.csv,1
RWS-058,parts_22.csv,2
RWS-059,parts_22.csv,2
RWS-062,parts_22.csv,1
RWS-063,parts_22.csv,1
RWS-064,parts_22.csv,1
RWS-065,parts_22.csv,1
RWS-066,parts_22.csv,1
RWS-067,parts_22.csv,1
RWS-068,parts_22.csv,1
RWS-075,parts_22.csv,1
RWS-077,parts_22.csv,1
RWS-078,parts_22.csv,1
RWS-079,parts_22.csv,1
RWX -176,parts_22.csv,1
RWX-001,parts_22.csv,2
RWX-002,parts_22.csv,2
RWX-003,parts_22.csv,2
RWX-004,parts_22.csv,2
RWX-008,parts_22.csv,3
RWX-009,parts_22.csv,1
RWX-010,parts_22.csv,1
RWX-030,parts_22.csv,8
RWX-033,parts_22.csv,1
RWX-035,parts_22.csv,1
RWX-036,parts_22.csv,1
RWX-038,parts_22.csv,1
RWX-040,parts_22.csv,1
RWX-047,parts_22.csv,1
RWX-048,parts_22.csv,1
RWX-050,parts_22.csv,1
RWX-051,parts_22.csv,1
RWX-052,parts_22.csv,2
RWX-053,parts_22.csv,1
RWX-054,parts_22.csv,1
RWX-056,parts_22.csv,1
RWX-057,parts_22.csv,1
RWX-058,parts_22.csv,1
RWX-059,parts_22.csv,1
RWX-061,parts_22.csv,1
RWX-066,parts_22.csv,1
RWX-070,parts_22.csv,1
RWX-073,parts_22.csv,1
RWX-075,parts_22.csv,1
RWX-076,parts_22.csv,1
RWX-078,parts_22.csv,1
RWX-080,parts_22.csv,1
RWX-081,parts_22.csv,1
RWX-083,parts_22.csv,1
RWX-084,parts_22.csv,1
RWX-109,parts_22.csv,11
RWX-113,parts_22.csv,1
RWX-127,parts_22.csv,1
RWX-128,parts_22.csv,3
RWX-129,parts_22.csv,1
RWX-130,parts_22.csv,2
RWX-138,parts_22.csv,1
RWX-139,parts_22.csv,2
RWX-141,parts_22.csv,1
RWX-142,parts_22.csv,5
RWX-146,parts_22.csv,1
RWX-147,parts_22.csv,1
RWX-150,parts_22.csv,6
RWX-151,parts_22.csv,4
RWX-152,parts_22.csv,4
RWX-154,parts_22.csv,1
RWX-155,parts_22.csv,1
RWX-170,parts_22.csv,2
RWX-171,parts_22.csv,1
RWX-172,parts_22.csv,1
RWX-174,parts_22.csv,1
RWX-175,parts_22.csv,1
RWX-177,parts_22.csv,1
RWX-178,parts_22.csv,1
RWX-179,parts_22.csv,1
RWX-180,parts_22.csv,1
RWX-181,parts_22.csv,1
RWX-182,parts_22.csv,1
RWX-183,parts_22.csv,1
RWX-185,parts_22.csv,1
RWX-191,parts_22.csv,1
RWX-192,parts_22.csv,5
RWX-195,parts_22.csv,5
RWX-196,parts_22.csv,1
RWX-200,parts_22.csv,3
RWX-202,parts_22.csv,1
RWX-228,parts_22.csv,1
RWX-233,parts_22.csv,1
RWX-234,parts_22.csv,1
RWX-235,parts_22.csv,1
RWX-236,parts_22.csv,1
RWX-238,parts_22.csv,1
RWX-240,parts_22.csv,1
RWX-302,parts_22.csv,1
RWX-311,parts_22.csv,1
RWX-317,parts_22.csv,1
RWX-319,parts_22.csv,1
RWX-322,parts_22.csv,1
RWX-327,parts_22.csv,1
RWX-328,parts_22.csv,1
RWX-330,parts_22.csv,1
RWX-331,parts_22.csv,1
RWX-336,parts_22.csv,1
RWX-339,parts_22.csv,1
RWX-340,parts_22.csv,1
RWX-359,parts_22.csv,1
RWX-360,parts_22.csv,1
RWX-361,parts_22.csv,1
RWX-388,parts_22.csv,1
RWX-I52,parts_22.csv,1
RXA-,parts_22.csv,1
RXA-001,parts_22.csv,2
RXA-002,parts_22.csv,2
RXA-075,parts_22.csv,1
RXA-077,parts_22.csv,3
RXA-080,parts_22.csv,2
RXA-095,parts_22.csv,1
RXA-103,parts_22.csv,3
RXA-130,parts_22.csv,2
RXA-132,parts_22.csv,3
RXA-151,parts_22.csv,1
RXA-154,parts_22.csv,1
RXA-174,parts_22.csv,1
RXA-183,parts_22.csv,1
RXA-232,parts_22.csv,3
RXA-235,parts_22.csv,3
RXA-238,parts_22.csv,3
RXA-241,parts_22.csv,1
RXA-294,parts_22.csv,1
RXA-295,parts_22.csv,1
RXA-307,parts_22.csv,2
RXA-309,parts_22.csv,2
RXA-310,parts_22.csv,1
RXA-311,parts_22.csv,1
RXA-313,parts_22.csv,1
RXA-314,parts_22.csv,1
RXA-316,parts_22.csv,2
RXA-327,parts_22.csv,1
RXA-328,parts_22.csv,1
RXA-360,parts_22.csv,2
RXA-371,parts_22.csv,1
RXA-382,parts_22.csv,2
RXA-399,parts_22.csv,2
RXA-400,parts_22.csv,1
RXA-417,parts_22.csv,2
RXA-421,parts_22.csv,2
RXA-430,parts_22.csv,2
RXA-431,parts_22.csv,2
RXA-432,parts_22.csv,2
RXA-433,parts_22.csv,2
RXA-435,parts_22.csv,1
RXA-436,parts_22.csv,1
RXA-439,parts_22.csv,1
RXA-455,parts_22.csv,1
RXA-456,parts_22.csv,1
RXA-457,parts_22.csv,1
RXA-458,parts_22.csv,1
RXA-459,parts_22.csv,2
RXA-460,parts_22.csv,1
RXA-461,parts_22.csv,1
RXA-463,parts_22.csv,1
RXA-464,parts_22.csv,2
RXA-466,parts_22.csv,2
RXA-477,parts_22.csv,2
RXA-481,parts_22.csv,2
RXA-485,parts_22.csv,2
RXA-486,parts_22.csv,2
RXA-489,parts_22.csv,2
RXA-490,parts_22.csv,2
RXA-492,parts_22.csv,2
RXA-498,parts_22.csv,2
RXA-499,parts_22.csv,2
RXA-500,parts_22.csv,2
RXA-501,parts_22.csv,2
RXA-502,parts_22.csv,2
RXA-508,parts_22.csv,1
RXA-509,parts_22.csv,1
RXA-510,parts_22.csv,1
RXA-511,parts_22.csv,1
RXA-513,parts_22.csv,1
RXA-519,parts_22.csv,1
RXA-523,parts_22.csv,2
RXA-536,parts_22.csv,1
RXA-537,parts_22.csv,1
RXA-538,parts_22.csv,1
RXA-539,parts_22.csv,1
RXA-540,parts_22.csv,1
RXA-544,parts_22.csv,1
RXA-558,parts_22.csv,2
RXA-559,parts_22.csv,2
RXA-560,parts_22.csv,1
RXA-563,parts_22.csv,1
RXA-565,parts_22.csv,1
RXA-570,parts_22.csv,1
RXA-571,parts_22.csv,1
RXA-573,parts_22.csv,1
RXA-574,parts_22.csv,1
RXA-575,parts_22.csv,1
RXA-581,parts_22.csv,2
RXA-584,parts_22.csv,1
RXA-601,parts_22.csv,2
RXA-657,parts_22.csv,1
RXA-661,parts_22.csv,2
RXA-664,parts_22.csv,2
RXA-677,parts_22.csv,2
RXA-678,parts_22.csv,2
RXA-682,parts_22.csv,2
RXA-683,parts_22.csv,2
RXA-685,parts_22.csv,1
RXA-686,parts_22.csv,2
RXA-687,parts_22.csv,2
RXA-688,parts_22.csv,2
RXA-689,parts_22.csv,2
RXA-690,parts_22.csv,2
RXA-691,parts_22.csv,3
RXA-692,parts_22.csv,2
RXA-693,parts_22.csv,2
RXA-696,parts_22.csv,2
RXA-700,parts_22.csv,2
RXA-703,parts_22.csv,1
RXA-723,parts_22.csv,2
RXA-724,parts_22.csv,2
RXA-732,parts_22.csv,1
RXA-735,parts_22.csv,1
RXA-740,parts_22.csv,2
RXA-741,parts_22.csv,2
RXA-742,parts_22.csv,2
RXA-744,parts_22.csv,2
RXA-751,parts_22.csv,1
RXA-754,parts_22.csv,2
RXA-758,parts_22.csv,2
RXA-759,parts_22.csv,1
RXA-760,parts_22.csv,1
RXA-761,parts_22.csv,1
RXA-762,parts_22.csv,1
RXA-766,parts_22.csv,2
RXA-767,parts_22.csv,2
RXA-769,parts_22.csv,1
RXA-771,parts_22.csv,1
RXA-772,parts_22.csv,1
RXA-773,parts_22.csv,1
RXA-774,parts_22.csv,2
RXA-780,parts_22.csv,1
RXA-781,parts_22.csv,2
RXA-782,parts_22.csv,2
RXA-783,parts_22.csv,1
RXA-787,parts_22.csv,1
RXA-808,parts_22.csv,1
RXA-809,parts_22.csv,1
RXA-810,parts_22.csv,1
RXA-811,parts_22.csv,1
RXA-832,parts_22.csv,1
RXA-848,parts_22.csv,1
RXA-850,parts_22.csv,1
RXA-853,parts_22.csv,1
RXA-871,parts_22.csv,1
RXA-873,parts_22.csv,1
RXA-874,parts_22.csv,1
RXA-888,parts_22.csv,1
RXA-890,parts_22.csv,1
RXA-902,parts_22.csv,1
RXA-903,parts_22.csv,1
RXA-904,parts_22.csv,1
RXA-905,parts_22.csv,3
RXA-906,parts_22.csv,1
RXA-944,parts_22.csv,1
RXA-945,parts_22.csv,1
RXA-948,parts_22.csv,1
RXA-949,parts_22.csv,2
RXA-950,parts_22.csv,2
RXA-952,parts_22.csv,2
RXA-954,parts_22.csv,2
RXA-955,parts_22.csv,2
RXA-956,parts_22.csv,2
RXA-959,parts_22.csv,2
RXA-960,parts_22.csv,1
RXA-962,parts_22.csv,2
RXA-963,parts_22.csv,2
RXA-964,parts_22.csv,2
RXA-965,parts_22.csv,2
RXA-966,parts_22.csv,1
RXA-967,parts_22.csv,1
RXA-976,parts_22.csv,2
RXA-980,parts_22.csv,1
RXA-997,parts_22.csv,1
RXA-998,parts_22.csv,4
RXA-999,parts_22.csv,1
RXB-001,parts_22.csv,1
RXB-005,parts_22.csv,3
RXB-045,parts_22.csv,1
RXB-047,parts_22.csv,1
RXB-055,parts_22.csv,3
RXB-056,parts_22.csv,2
RXB-057,parts_22.csv,2
RXB-058,parts_22.csv,3
RXB-063,parts_22.csv,3
RXB-064,parts_22.csv,4
RXB-089,parts_22.csv,1
RXB-093,parts_22.csv,2
RXB-105,parts_22.csv,1
RXB-133,parts_22.csv,1
RXB-134,parts_22.csv,1
RXB-144,parts_22.csv,3
RXB-146,parts_22.csv,1
RXB-150,parts_22.csv,1
RXB-155,parts_22.csv,1
RXB-156,parts_22.csv,1
RXB-157,parts_22.csv,1
RXB-158,parts_22.csv,1
RXB-159,parts_22.csv,1
RXB-160,parts_22.csv,1
RXB-162,parts_22.csv,1
RXB-169,parts_22.csv,1
RXB-174,parts_22.csv,1
RXB-189,parts_22.csv,3
RXB-190,parts_22.csv,2
RXB-191,parts_22.csv,1
RXB-194,parts_22.csv,1
RXB-195,parts_22.csv,1
RXB-196,parts_22.csv,1
RXB-200,parts_22.csv,1
RXB-204,parts_22.csv,1
RXB-209,parts_22.csv,1
RXB-212,parts_22.csv,1
RXB-221,parts_22.csv,1
RXB-222,parts_22.csv,1
RXB-223,parts_22.csv,1
RXB-224,parts_22.csv,1
RXB-225,parts_22.csv,1
RXB-226,parts_22.csv,1
RXB-229,parts_22.csv,1
RXB-230,parts_22.csv,1
RXB-232,parts_22.csv,1
RXB-237 (RXB-285),parts_22.csv,1
RXB-239,parts_22.csv,1
RXB-240,parts_22.csv,1
RXB-243,parts_22.csv,1
RXB-255,parts_22.csv,1
RXB-257,parts_22.csv,1
RXB-283,parts_22.csv,1
RXB-436,parts_22.csv,1
RXB-438,parts_22.csv,1
RXB-439,parts_22.csv,1
RXB-441,parts_22.csv,1
RXB-442,parts_22.csv,1
RXB-443,parts_22.csv,1
RXB-444,parts_22.csv,1
RXB-447,parts_22.csv,1
RXB-448,parts_22.csv,1
RXB-451,parts_22.csv,1
RXB-452,parts_22.csv,1
RXB-482,parts_22.csv,1
RXB-483,parts_22.csv,1
RXB-488,parts_22.csv,1
RXE-010,parts_22.csv,3
RXM-0 1 2,parts_22.csv,1
RXM-003,parts_22.csv,3
RXM-006,parts_22.csv,2
RXM-012,parts_22.csv,2
RXM-015,parts_22.csv,1
RXM-017,parts_22.csv,2
RXM-018,parts_22.csv,1
RXM-019,parts_22.csv,3
RXM-022,parts_22.csv,1
RXM-027,parts_22.csv,4
RXM-032,parts_22.csv,2
RXM-033,parts_22.csv,2
RXM-034,parts_22.csv,1
RXM-035,parts_22.csv,1
RXM-036,parts_22.csv,1
RXM-046,parts_22.csv,1
RXM-047,parts_22.csv,4
RXM-050,parts_22.csv,2
RXM-055,parts_22.csv,1
RXM-056,parts_22.csv,1
RXM-060,parts_22.csv,1
RXM-061,parts_22.csv,1
RXP-011,parts_22.csv,1
RXP-012,parts_22.csv,1
RXP-013,parts_22.csv,1
RXP-016,parts_22.csv,2
RXP-019,parts_22.csv,1
RXP-021,parts_22.csv,2
RXP-022,parts_22.csv,3
RXP-029,parts_22.csv,2
RXP-030,parts_22.csv,2
RXP-031,parts_22.csv,2
RXP-032,parts_22.csv,2
RXP-036,parts_22.csv,2
RXP-038,parts_22.csv,2
RXP-040,parts_22.csv,2
RXP-041,parts_22.csv,2
RXP-042,parts_22.csv,1
RXP-045,parts_22.csv,1
RXP-048,parts_22.csv,1
RXP-056,parts_22.csv,3
RXP-057,parts_22.csv,1
RXP-062,parts_22.csv,2
RXP-068,parts_22.csv,1
RXP-069,parts_22.csv,1
RXP-070,parts_22.csv,1
RXP-071,parts_22.csv,1
RXP-072,parts_22.csv,1
RXP-073,parts_22.csv,1
RXP-074,parts_22.csv,1
RXP-075,parts_22.csv,1
RXP-096,parts_22.csv,1
RXP-097,parts_22.csv,1
RXP-098,parts_22.csv,1
RXT-034,parts_22.csv,2
RXX-001,parts_22.csv,2
RXX-002,parts_22.csv,2
RXX-003,parts_22.csv,1
RXX-004,parts_22.csv,2
RXX-020,parts_22.csv,1
RXX-021,parts_22.csv,1
RXX-022,parts_22.csv,1
RXX-023,parts_22.csv,1
RXX-024,parts_22.csv,1
RXX-025,parts_22.csv,1
RXX-026,parts_22.csv,1
RXX-028,parts_22.csv,1
RXX-049,parts_22.csv,1
RXX-050,parts_22.csv,1
RXX-051,parts_22.csv,1
RXX-052,parts_22.csv,1
RXX-053,parts_22.csv,3
RXX-054,parts_22.csv,1
RXX-055,parts_22.csv,1
RXX-056,parts_22.csv,1
RXX-062,parts_22.csv,1
RXX-077,parts_22.csv,1
RXX-078,parts_22.csv,1
RXX-079,parts_22.csv,1
RXX-080,parts_22.csv,1
RXX-085,parts_22.csv,1
RXX-086,parts_22.csv,1
RXX-105,parts_22.csv,2
RXX-106,parts_22.csv,1
RXX-107,parts_22.csv,1
RXX-108,parts_22.csv,1
RXX-109,parts_22.csv,1
RXX-110,parts_22.csv,2
RXX-111,parts_22.csv,2
RXX-112,parts_22.csv,1
RXX-113,parts_22.csv,1
RXX-115,parts_22.csv,1
RXX-124,parts_22.csv,1
RXX-128,parts_22.csv,1
RXX-129,parts_22.csv,1
RXX-143,parts_22.csv,1
RXX-144,parts_22.csv,3
RXX-145,parts_22.csv,1
RXX-146,parts_22.csv,1
RXX-147,parts_22.csv,1
RXX-149,parts_22.csv,1
RXX-150,parts_22.csv,1
RXX-151,parts_22.csv,1
RXX-152,parts_22.csv,1
RXX-154,parts_22.csv,1
RXX-167,parts_22.csv,1
RXX-199,parts_22.csv,1
RXX-207,parts_22.csv,1
RXX-212,parts_22.csv,1
RXX-221,parts_22.csv,3
RXX-223,parts_22.csv,2
RXX-227,parts_22.csv,1
RXX-230,parts_22.csv,2
RXX-234,parts_22.csv,2
RXX-235,parts_23.csv,1
RXX-236,parts_23.csv,1
RXX-251,parts_23.csv,1
RXX-252,parts_23.csv,1
RXX-253,parts_23.csv,1
RXX-259,parts_23.csv,1
RXX-260,parts_23.csv,1
RXX-261,parts_23.csv,1
RXX-262,parts_23.csv,1
RXX-263,parts_23.csv,1
RXX-265,parts_23.csv,1
RXX-266,parts_23.csv,1
RXX-267,parts_23.csv,1
RXX-268,parts_23.csv,1
RXX-269,parts_23.csv,1
RXX-302,parts_23.csv,1
RXX-303,parts_23.csv,1
RXX-304,parts_23.csv,1
RXX-305,parts_23.csv,1
RXX-308,parts_23.csv,1
RXX-309,parts_23.csv,1
RXX-310,parts_23.csv,1
RXX-311,parts_23.csv,1
RXX-312,parts_23.csv,1
RXX-313,parts_23.csv,1
RYM-073,parts_23.csv,1
RYY-003,parts_23.csv,1
S11 -016,parts_23.csv,1
S11-014,parts_23.csv,3
S11-016,parts_23.csv,7
S11-018,parts_23.csv,13
S11-019,parts_23.csv,1
S11-020,parts_23.csv,3
S11-022,parts_23.csv,6
S11-023,parts_23.csv,2
S11-024,parts_23.csv,3
S11-029,parts_23.csv,1
S11-029A,parts_23.csv,1
S11-030,parts_23.csv,1
S11-404,parts_23.csv,1
S11-602,parts_23.csv,1
S12-011,parts_23.csv,2
S13-021 B,parts_23.csv,1
S13-024,parts_23.csv,2
S13-025,parts_23.csv,1
S13-026,parts_23.csv,2
S13-027,parts_23.csv,2
S13-028,parts_23.csv,1
S13-029,parts_23.csv,2
S13-030,parts_23.csv,1
S13-036,parts_23.csv,1
S13-038,parts_23.csv,1
S13-039,parts_23.csv,1
S13-044,parts_23.csv,2
S13-045,parts_23.csv,2
S14-025,parts_23.csv,1
S14-035,parts_23.csv,9
S14-038,parts_23.csv,1
S14-401,parts_23.csv,1
S14-402,parts_23.csv,1
S14-403,parts_23.csv,1
S14-404,parts_23.csv,1
S14-612,parts_23.csv,1
S15-033,parts_23.csv,2
S15-034,parts_23.csv,4
S15-035,parts_23.csv,1
S15-037,parts_23.csv,2
S15-402,parts_23.csv,1
S16-037,parts_23.csv,5
S16-038,parts_23.csv,5
S16-038 C,parts_23.csv,1
S16-041,parts_23.csv,1
S16-046,parts_23.csv,7
S16-047,parts_23.csv,2
S16-054,parts_23.csv,5
S16-401,parts_23.csv,1
S21-004,parts_23.csv,1
S21-404,parts_23.csv,1
S21-411,parts_23.csv,2
S21-416,parts_23.csv,2
S21-418,parts_23.csv,3
S21-610,parts_23.csv,1
S21-625,parts_23.csv,2
S21-851,parts_23.csv,6
S31-016,parts_23.csv,1
S31-018,parts_23.csv,3
S31-022,parts_23.csv,7
S31-023,parts_23.csv,5
S31-028,parts_23.csv,4
S31-029,parts_23.csv,1
S31-030,parts_23.csv,1
S31-406,parts_23.csv,2
S31-614,parts_23.csv,2
S31-851,parts_23.csv,4
S32-401,parts_23.csv,1
S41 -609,parts_23.csv,1
S41-022,parts_23.csv,11
S41-025,parts_23.csv,8
S41-407,parts_23.csv,1
S41-409,parts_23.csv,1
S41-410,parts_23.csv,1
S41-605,parts_23.csv,1
S41-609,parts_23.csv,1
S41-852,parts_23.csv,4
S41-854,parts_23.csv,1
S41-856,parts_23.csv,2
S42-001,parts_23.csv,13
S42-002,parts_23.csv,5
S42-004,parts_23.csv,1
S42-005,parts_23.csv,1
S42-006,parts_23.csv,2
S42-011,parts_23.csv,6
S42-012,parts_23.csv,10
S42-013,parts_23.csv,1
S42-014,parts_23.csv,2
S42-015,parts_23.csv,1
S42-016,parts_23.csv,2
S42-403,parts_23.csv,5
S42-405,parts_23.csv,1
S42-406,parts_23.csv,1
S42-407,parts_23.csv,1
S43-401,parts_23.csv,1
S48-002,parts_23.csv,1
S48-003,parts_23.csv,1
S48-401,parts_23.csv,1
S48-623,parts_23.csv,1
S48-624,parts_23.csv,1
S48-625,parts_23.csv,2
S48-645,parts_23.csv,1
S48-855,parts_23.csv,3
S48-856,parts_23.csv,2
S61-006,parts_23.csv,2
S61-007,parts_23.csv,2
S61-414,parts_23.csv,1
S61-416,parts_23.csv,1
S61-417,parts_23.csv,2
S61-853,parts_23.csv,2
SEA5V044L,parts_23.csv,1
SEA5V2B2S,parts_23.csv,1
SEA5V2BB3S,parts_23.csv,1
SEA5V4B3B2S,parts_23.csv,1
SEA5V4B4S,parts_23.csv,2
SEA6V441S,parts_23.csv,1
SEA6V4B4B4L,parts_23.csv,1
SEA6V4B4S,parts_23.csv,1
SEA7VB2B4S,parts_23.csv,3
SEA8V222L,parts_23.csv,1
SEA8V222S,parts_23.csv,1
SEA8V2B1B4S,parts_23.csv,2
SEA8V2BBB4S,parts_23.csv,3
SEA8V440L,parts_23.csv,1
SEAV1S,parts_23.csv,1
SEAV2S,parts_23.csv,6
SEAV3S,parts_23.csv,6
SEAV4S,parts_23.csv,15
SIB01-01,parts_23.csv,2
SIB01-01 or W03B,parts_23.csv,1
SIB01-04,parts_23.csv,5
SIBO1-02,parts_23.csv,1
SII-016,parts_23.csv,1
SLC-26GG5,parts_23.csv,2
SP-40W,parts_23.csv,2
STK-0029,parts_23.csv,3
STK-0039,parts_23.csv,2
STK-0050/A,parts_23.csv,1
STV2H,parts_23.csv,1
STV4H,parts_23.csv,1
SUJ8L2BBB4LF,parts_23.csv,1
SUJSLYXSF,parts_23.csv,1
SUL5L4B4B4B4LFC,parts_23.csv,2
SUL5L4B4B4LFC,parts_23.csv,1
SUL5LYBYSFC,parts_23.csv,1
SUL6L4B4B4B4LFC,parts_23.csv,1
SUL6L6B6S,parts_23.csv,2
SUL6MYBXSFC,parts_23.csv,5
SUL8LXXXS,parts_23.csv,1
SUL8LYZSF,parts_23.csv,1
SUL8LZYSF,parts_23.csv,1
SUL8MYXSC,parts_23.csv,1
SULLYS,parts_23.csv,2
SUN6L4444LF,parts_23.csv,1
SUN6L54SF,parts_23.csv,1
SUN6L66SF,parts_23.csv,1
SUN6LB4BS,parts_23.csv,1
SUN6MXBXSFC,parts_23.csv,1
SUNLYS,parts_23.csv,1
SUNLYSF,parts_23.csv,1
T22-022,parts_23.csv,1
T22-025,parts_23.csv,32
T24-025,parts_23.csv,4
T24-026,parts_23.csv,4
T24-028,parts_23.csv,6
T24-030,parts_23.csv,27
T24-0300,parts_23.csv,1
T42-014,parts_23.csv,5
T42-022,parts_23.csv,6
T42-024,parts_23.csv,8
T42-025,parts_23.csv,12
T52-063,parts_23.csv,1
T52-109,parts_23.csv,1
T52-114,parts_23.csv,1
T52-115,parts_23.csv,1
T52-131,parts_23.csv,2
T52-135,parts_23.csv,1
T52-141,parts_23.csv,1
T52-148,parts_23.csv,1
T52-149,parts_23.csv,1
T52-150,parts_23.csv,1
T52-152,parts_23.csv,1
T52-157,parts_23.csv,1
T52-158,parts_23.csv,1
T52-160,parts_23.csv,1
T52-174,parts_23.csv,1
T52-176,parts_23.csv,2
T52-182,parts_23.csv,1
T52-186,parts_23.csv,1
T52-209,parts_23.csv,1
T52-211,parts_23.csv,1
T52-619,parts_23.csv,1
T61-041,parts_23.csv,3
TLG 206,parts_23.csv,1
TLG-113,parts_23.csv,1
TLG205,parts_23.csv,1
TLR-113P,parts_23.csv,1
VBZ30P060FMC,parts_23.csv,2
VBZ30P080FMC,parts_23.csv,1
VBZ30P100FMC,parts_23.csv,1
VMZ30P060FMC,parts_23.csv,2
VTZ40P080FMC,parts_23.csv,1
VTZ40P100FMC,parts_23.csv,1
W035,parts_23.csv,1
W03B,parts_23.csv,2
W063,parts_23.csv,1
W06B,parts_23.csv,7
W11-013,parts_23.csv,1
W11-021,parts_23.csv,1
W11-028,parts_23.csv,7
W11-035,parts_23.csv,1
W11-041,parts_23.csv,1
W11-043,parts_23.csv,2
W11-045,parts_23.csv,2
W12-006,parts_23.csv,1
W12-009,parts_23.csv,1
W12-020,parts_23.csv,3
W12-025,parts_23.csv,2
W12-028,parts_23.csv,1
W12-030,parts_23.csv,1
W12-032,parts_23.csv,2
W13-019,parts_23.csv,1
W13-021,parts_23.csv,4
W13-024,parts_23.csv,3
W13-026,parts_23.csv,5
W14-004,parts_23.csv,5
W14-008,parts_23.csv,2
W14-015,parts_23.csv,2
W14-016,parts_23.csv,1
W15-004,parts_23.csv,1
W15-005,parts_23.csv,3
W15-006,parts_23.csv,1
W15-007,parts_23.csv,1
W15-009,parts_23.csv,1
W15-010,parts_23.csv,1
W15-027,parts_23.csv,1
W15-032,parts_23.csv,6
W15-033,parts_23.csv,2
W15-045,parts_23.csv,1
W15-047,parts_23.csv,2
W15-049,parts_23.csv,2
W15-050,parts_23.csv,5
W15-052,parts_23.csv,1
W15-055,parts_23.csv,1
W15-056,parts_23.csv,1
W15-058,parts_23.csv,1
W15-059,parts_23.csv,1
W15-060,parts_23.csv,1
W15-060C,parts_23.csv,1
W15-068,parts_23.csv,1
W15-069,parts_23.csv,1
W15-070,parts_23.csv,1
W15-073,parts_23.csv,1
W15-075,parts_23.csv,1
W15-079,parts_23.csv,3
W15-080,parts_23.csv,2
W15-081,parts_23.csv,2
W15-082,parts_23.csv,2
W15-085,parts_23.csv,1
W15-086,parts_23.csv,1
W15-087,parts_23.csv,1
W15-089,parts_23.csv,2
W15-090,parts_23.csv,2
W15-091,parts_23.csv,2
W15-101,parts_23.csv,1
W15-106,parts_23.csv,1
W16-006,parts_23.csv,1
W16-008,parts_23.csv,1
W16-010,parts_23.csv,3
W16-017,parts_23.csv,1
W16-018,parts_23.csv,1
W16-021,parts_23.csv,1
W16-022,parts_23.csv,1
W16-024,parts_23.csv,1
W16-026,parts_23.csv,2
W16-027,parts_23.csv,1
W16-028,parts_23.csv,1
W16-029,parts_23.csv,1
W16-033,parts_23.csv,1
W16-035,parts_23.csv,1
W16-036,parts_23.csv,1
W16-037,parts_23.csv,1
W16-063,parts_23.csv,1
W18-012,parts_23.csv,2
W18-015,parts_23.csv,1
W18-016,parts_23.csv,1
W18-026,parts_23.csv,4
W18-028,parts_23.csv,1
W18-029,parts_23.csv,1
W18-037,parts_23.csv,1
W18-038,parts_23.csv,1
W18-039,parts_23.csv,1
W18-040,parts_23.csv,2
W18-442,parts_23.csv,1
W21-001,parts_23.csv,1
W21-002,parts_23.csv,5
W21-003,parts_23.csv,2
W21-004,parts_23.csv,3
W21-007,parts_23.csv,2
W21-371,parts_23.csv,1
W22-002,parts_23.csv,1
W22-007,parts_23.csv,1
W23-002,parts_23.csv,2
W23-004,parts_23.csv,1
W23-007,parts_23.csv,3
W23-008,parts_23.csv,1
W23-009,parts_23.csv,2
W23-010,parts_23.csv,1
W26-001,parts_23.csv,1
W26-002,parts_23.csv,1
W26-003,parts_23.csv,1
W26-004,parts_23.csv,1
W26-005,parts_23.csv,1
W26-006,parts_23.csv,1
W26-007,parts_23.csv,1
W28-001,parts_23.csv,1
W28-002,parts_23.csv,1
W28-004,parts_23.csv,1
W28-006,parts_23.csv,1
W28-007,parts_23.csv,1
W28-008,parts_23.csv,2
W35-007,parts_23.csv,1
W35-012,parts_23.csv,1
W35-022,parts_23.csv,1
W35-027,parts_23.csv,1
W36-004,parts_23.csv,1
W36-011,parts_23.csv,1
W38-001,parts_23.csv,1
W38-004,parts_23.csv,1
W42-009,parts_23.csv,1
W52-004,parts_23.csv,21
W53-045,parts_23.csv,4
W71-004,parts_23.csv,5
W71-011,parts_23.csv,1
W71-018,parts_23.csv,1
W71-033,parts_23.csv,3
W71-082,parts_23.csv,1
W71-436,parts_23.csv,1
W71-602,parts_23.csv,2
W71-603,parts_23.csv,3
W71-606,parts_23.csv,1
W71-607,parts_23.csv,1
W71-617,parts_23.csv,1
W71-618,parts_23.csv,1
W71-692,parts_23.csv,1
W71-693,parts_23.csv,1
W71-735,parts_23.csv,1
W71-741,parts_23.csv,1
W71-751,parts_23.csv,1
W71-752,parts_23.csv,1
W71-753,parts_23.csv,1
W71-754,parts_23.csv,1
W71-755,parts_23.csv,4
W71-756,parts_23.csv,1
W71-757,parts_23.csv,3
W71-758,parts_23.csv,1
W71-759,parts_23.csv,1
W71-760,parts_23.csv,1
W71-761,parts_23.csv,1
W71-762,parts_23.csv,1
W71-763,parts_23.csv,4
W71-764,parts_23.csv,1
W71-767,parts_23.csv,1
W71-768,parts_23.csv,1
W71-773,parts_23.csv,1
W71-774,parts_23.csv,1
W71-788,parts_23.csv,1
W71-852,parts_23.csv,2
W72-002,parts_23.csv,4
W72-014,parts_23.csv,1
W72-015,parts_23.csv,1
W72-016,parts_23.csv,2
W72-040,parts_23.csv,2
W72-041,parts_23.csv,3
W72-049,parts_23.csv,3
W72-050,parts_23.csv,3
W72-051,parts_23.csv,3
W72-052,parts_23.csv,3
W72-055,parts_23.csv,3
W72-056,parts_23.csv,1
W72-061,parts_23.csv,1
W72-062,parts_23.csv,1
W72-063,parts_23.csv,1
W72-066,parts_23.csv,1
W72-067,parts_23.csv,1
W72-068,parts_23.csv,1
W72-069,parts_23.csv,1
W72-070,parts_23.csv,1
W72-071,parts_23.csv,1
W72-072,parts_23.csv,1
W72-079,parts_23.csv,2
W72-080,parts_23.csv,2
W72-081,parts_23.csv,1
W72-083,parts_23.csv,1
W72-085,parts_23.csv,1
W72-092,parts_23.csv,10
W72-140,parts_23.csv,1
W72-474,parts_23.csv,3
W72-477,parts_23.csv,3
W72-479,parts_23.csv,2
W72-602,parts_23.csv,1
W72-603,parts_23.csv,3
W72-604,parts_23.csv,3
W72-610,parts_23.csv,1
W72-681,parts_23.csv,1
W72-697,parts_23.csv,3
W72-701,parts_23.csv,1
W72-729,parts_23.csv,1
W72-772,parts_23.csv,1
W72-783,parts_23.csv,1
W72-788,parts_23.csv,1
W72-789,parts_23.csv,1
W72-851,parts_23.csv,3
W72-855,parts_23.csv,3
W72-862,parts_23.csv,3
W72-864,parts_23.csv,3
W72-869,parts_23.csv,3
W72-871,parts_23.csv,4
W72-883,parts_23.csv,5
W72-886,parts_23.csv,2
W72-887,parts_23.csv,2
W72-888,parts_23.csv,3
W73-020,parts_23.csv,1
W73-022,parts_23.csv,1
W73-023,parts_23.csv,1
W73-408,parts_23.csv,1
W73-409,parts_23.csv,3
W73-414,parts_23.csv,1
W73-639,parts_23.csv,1
W73-640,parts_23.csv,3
W73-641,parts_23.csv,1
W73-660,parts_23.csv,4
W73-666,parts_23.csv,1
W73-667,parts_23.csv,2
W73-677,parts_23.csv,1
W73-679,parts_23.csv,1
W73-686,parts_23.csv,2
W74-776,parts_23.csv,3
W74-842,parts_23.csv,2
WA35F100N080,parts_23.csv,2
XWM-032,parts_23.csv,1
XWM-033,parts_23.csv,1
XWM-036,parts_23.csv,1
XWM-053,parts_23.csv,1
XWM-058,parts_23.csv,1
XWR-010,parts_23.csv,1
XWR-050,parts_23.csv,1
XWS-021,parts_23.csv,1
XWX-007,parts_23.csv,1
XWX-008,parts_23.csv,1
XWX-009,parts_23.csv,1
XWX-013,parts_23.csv,2
XWX-040,parts_23.csv,1
XWX-041,parts_23.csv,1
XWX-042,parts_23.csv,1
XWX-043,parts_23.csv,1
XWX-044,parts_23.csv,1
XWX-045,parts_23.csv,1
XWX-062,parts_23.csv,1
XWX-063,parts_23.csv,1
XWX-064,parts_23.csv,1
XWX-065,parts_23.csv,1
XWX-066,parts_23.csv,1
XWX-067,parts_23.csv,1
Y03-343,parts_23.csv,1
Y05-241,parts_23.csv,1
Y05-249,parts_23.csv,1
Y20-943,parts_23.csv,1
YE15S,parts_24.csv,1
YE30S,parts_24.csv,1
YE40FUC,parts_24.csv,1
YE4OS,parts_24.csv,1
YE70S,parts_24.csv,1
ZMD40H080BT,parts_24.csv,1
ZMR30H120FZK,parts_24.csv,1
