model,category,part_number,normalized_part_number,description
CT-F700,Cassette Tape,RKR-019,RKR-019,Line voltage selector (Switchable 2 position)  (HG type)
CT-F1050,Cassette Tape,RKR-020,RKR-020,"Line voltage selector (switchable 3 positions: 110V, 220V and 240V)"
CT-F700,Cassette Tape,RKR-020,RKR-020,Line voltage selector (Switchable 3 positions)  (D type)
CT-F700,Cassette Tape,RKR-020,RKR-020,Line voltage selector (Switchable 3 positions)  (D/G type)
RT-909,Reel To Reel Tape,RKR-020,RKR-020,Line voltage selector - Switchable 3-positions (D/G)
RT-707,Reel To Reel Tape,RLA 667,RLA 667,Shut off arm pin
QT-6100,Reel To Reel Tape,RLA-032-0,RLA-032,Fastforward cam collar
QT-6600,Reel To Reel Tape,RLA-032-0,RLA-032,Fast-forward cam collar
QT-6600,Reel To Reel Tape,RLA-035-0,RLA-035,E. head spacer
QT-74,Reel To Reel Tape,RLA-035-0,RLA-035,Erase head spacer
QT-6100,Reel To Reel Tape,RLA-036-0,RLA-036,Tape guide 8M
QT-6100,Reel To Reel Tape,RLA-036-0,RLA-036,Tape guide SM
QT-6600,Reel To Reel Tape,RLA-036-0,RLA-036,Tape guide 8lVl .
QT-74,Reel To Reel Tape,RLA-036-0,RLA-036,Tape guide 8M
QT-6100,Reel To Reel Tape,RLA-037-0,RLA-037,Tape guide 6M
QT-6100,Reel To Reel Tape,RLA-037-0,RLA-037,Tape guide BM
QT-6600,Reel To Reel Tape,RLA-037-0,RLA-037,Tape guide 6M
QT-74,Reel To Reel Tape,RLA-037-0,RLA-037,Tape guide 6M
QT-6600,Reel To Reel Tape,RLA-038-0,RLA-038,Recording lever shaft
QT-74,Reel To Reel Tape,RLA-038-0,RLA-038,Recording lever shaft
QT-6600,Reel To Reel Tape,RLA-040-0,RLA-040,Slide pole
QT-74,Reel To Reel Tape,RLA-040-0,RLA-040,Slide pole
QT-6100,Reel To Reel Tape,RLA-070-0,RLA-070,Recording lever shaft
QT-74,Reel To Reel Tape,RLA-077-B,RLA-077,Reel mount shaft
QT-74,Reel To Reel Tape,RLA-077-B,RLA-077,Reel mount shaft
QT-6100,Reel To Reel Tape,RLA-102-0,RLA-102,Reel mount shaft
QT-6100,Reel To Reel Tape,RLA-102-0,RLA-102,Reel mount shaft
QT-6600,Reel To Reel Tape,RLA-102-0,RLA-102,Reel mount shaft
QT-6600,Reel To Reel Tape,RLA-102-0,RLA-102,Reel mount shaft
QT-6100,Reel To Reel Tape,RLA-197-0,RLA-197,Take-up pulley spacer
QT-6100,Reel To Reel Tape,RLA-197-0,RLA-197,Take-up pulley spacer
QT-6600,Reel To Reel Tape,RLA-197-0,RLA-197,Take-up pulley spacer
QT-6600,Reel To Reel Tape,RLA-197-0,RLA-197,Take-up pulley spacer
QT-74,Reel To Reel Tape,RLA-197-0,RLA-197,Take-up pulley spacer
RT-1020L,Reel To Reel Tape,RLA-294-A,RLA-294,Flywheel shaft (A)
RT-1020L,Reel To Reel Tape,RLA-295-A,RLA-295,Flywheel shaft (B)
RT-1020L,Reel To Reel Tape,RLA-296-A,RLA-296,Hex. pole (motor)
RT-1011L,Reel To Reel Tape,RLA-297-0,RLA-297,Shifter arm shaft
RT-1020L,Reel To Reel Tape,RLA-297-0,RLA-297,Shifter arm shaft
RT-1020L,Reel To Reel Tape,RLA-298-0,RLA-298,Shifter pole
RT-1011L,Reel To Reel Tape,RLA-300-B,RLA-300,Tape guide (A)
RT-1011L,Reel To Reel Tape,RLA-300-B,RLA-300,Tape guide (A)
RT-1020L,Reel To Reel Tape,RLA-300-A,RLA-300,Tape guide (A)
RT-1020L,Reel To Reel Tape,RLA-300A,RLA-300A,Tape guide (A)
RT-1011L,Reel To Reel Tape,RLA-301-A,RLA-301,Tape guide (B)
RT-1020L,Reel To Reel Tape,RLA-301-0,RLA-301,Tape guide (B)
RT-1020L,Reel To Reel Tape,RLA-302-0,RLA-302,Roller arm shaft
RT-1020L,Reel To Reel Tape,RLA-304-A,RLA-304,Stepped washer
RT-1020L,Reel To Reel Tape,RLA-304-A,RLA-304,Steppedwasher
RT-1020L,Reel To Reel Tape,RLA-305-B,RLA-305,Solenoid shaft
RT-1011L,Reel To Reel Tape,RLA-307-0,RLA-307,Pinch arm shaft
RT-1011L,Reel To Reel Tape,RLA-307-0,RLA-307,Pinch arm shaft
RT-1020L,Reel To Reel Tape,RLA-307-0,RLA-307,Pinch arm shaft
RT-1020L,Reel To Reel Tape,RLA-307-0,RLA-307,Pinch arm shaft
RT-1011L,Reel To Reel Tape,RLA-308-0,RLA-308,Tension arm shaft
RT-1020L,Reel To Reel Tape,RLA-308-0,RLA-308,Tension arm shaft
RT-1011L,Reel To Reel Tape,RLA-309-A,RLA-309,Tape guide (C)
RT-1020L,Reel To Reel Tape,RLA-309-A,RLA-309,Tape guide (C)
RT-1011L,Reel To Reel Tape,RLA-310-A,RLA-310,Function button shaft
RT-1020L,Reel To Reel Tape,RLA-310-A,RLA-310,Function button shaft
RT-1011L,Reel To Reel Tape,RLA-311-B,RLA-311,Pole
RT-1020L,Reel To Reel Tape,RLA-311-0,RLA-311,Hex. pole (head assembly)
RT-1020L,Reel To Reel Tape,RLA-317-0,RLA-317,Roller arm guide
RT-1011L,Reel To Reel Tape,RLA-321-0,RLA-321,Reel base screw
RT-1020L,Reel To Reel Tape,RLA-321-0,RLA-321,Reel base screw
RT-701,Reel To Reel Tape,RLA-321,RLA-321,Reel base screw
QT-74,Reel To Reel Tape,RLA-328-0,RLA-328,Fast-forward cam collar
CT-F6161,Cassette Tape,RLA-342-0,RLA-342,Button shaft
CT-F7171,Cassette Tape,RLA-342-0,RLA-342,Button shaft
CT-F6161,Cassette Tape,RLA-343-0,RLA-343,Collar
CT-F7171,Cassette Tape,RLA-343-0,RLA-343,Collar
CT-F6161,Cassette Tape,RLA-344-0,RLA-344,Motor pulley
CT-F7171,Cassette Tape,RLA-344-0,RLA-344,Motor pulley
RT-1020L,Reel To Reel Tape,RLA-345-0,RLA-345,Drive pulley (slightly small drive pulley in diam)
RT-1011L,Reel To Reel Tape,RLA-346-0,RLA-346,Drive pulley (2)
RT-1020L,Reel To Reel Tape,RLA-346-0,RLA-346,Drive pulley (standard-size drive pulley in diam. - standard speeds)
RT-1020L,Reel To Reel Tape,RLA-347-0,RLA-347,Drive pulley (slightly large drive pulley in diam.)
RT-1011L,Reel To Reel Tape,RLA-356-A,RLA-356,Shifter pole
CT-F6161,Cassette Tape,RLA-359-0,RLA-359,Spacer
CT-F7171,Cassette Tape,RLA-359-0,RLA-359,Spacer
CT-F6161,Cassette Tape,RLA-366-0,RLA-366,Shaft A
CT-F7171,Cassette Tape,RLA-366-0,RLA-366,Shaft A
CT-F6161,Cassette Tape,RLA-367-0,RLA-367,Shaft B
CT-F7171,Cassette Tape,RLA-367-0,RLA-367,Shaft B
CT-F7171,Cassette Tape,RLA-369-0,RLA-369,Shaft
CT-F6161,Cassette Tape,RLA-389-0,RLA-389,Shaft (head base)
CT-F7171,Cassette Tape,RLA-389-0,RLA-389,Shaft (head base)
RT-1011L,Reel To Reel Tape,RLA-415-0,RLA-415,Flywheel prop (L)
RT-1011L,Reel To Reel Tape,RLA-415-0,RLA-415,Flywheel prop (R)
RT-1011L,Reel To Reel Tape,RLA-417-0,RLA-417,Pole
CT-F6161,Cassette Tape,RLA-423-0,RLA-423,Shaft
RT-1011L,Reel To Reel Tape,RLA-428-0,RLA-428,Roller arm shaft
RT-1011L,Reel To Reel Tape,RLA-429-0,RLA-429,Roller arm guide
RT-1011L,Reel To Reel Tape,RLA-433-0,RLA-433,Stepped washer
RT-1011L,Reel To Reel Tape,RLA-433-0,RLA-433,Stepped washer
RT-1011L,Reel To Reel Tape,RLA-435-0,RLA-435,Solenoid shaft
CT-F9191,Cassette Tape,RLA-466,RLA-466,Pulley
CT-F6262,Cassette Tape,RLA-499,RLA-499,Collar
CT-F8282,Cassette Tape,RLA-549,RLA-549,Shaft
CT-F6262,Cassette Tape,RLA-601,RLA-601,Motor pulley
CT-F7272,Cassette Tape,RLA-601,RLA-601,Pulley
CT-F6262,Cassette Tape,RLA-602,RLA-602,Operating lever shaft
CT-F7272,Cassette Tape,RLA-602,RLA-602,Shaft
RT-707,Reel To Reel Tape,RLA-647,RLA-647,Pinch arm shaft
RT-707,Reel To Reel Tape,RLA-652,RLA-652,Spring retainer B
RT-701,Reel To Reel Tape,RLA-653,RLA-653,Housing Stud
RT-707,Reel To Reel Tape,RLA-655,RLA-655,Tape guide B
RT-701,Reel To Reel Tape,RLA-656,RLA-656,Tape guide C
RT-707,Reel To Reel Tape,RLA-657,RLA-657,Spring hook
RT-707,Reel To Reel Tape,RLA-658,RLA-658,Pin
RT-707,Reel To Reel Tape,RLA-659,RLA-659,Arm pin A
RT-707,Reel To Reel Tape,RLA-668,RLA-668,Oil cap B
RT-707,Reel To Reel Tape,RLA-669,RLA-669,Oil cap A
CT-F700,Cassette Tape,RLA-724,RLA-724,Pulley
RT-701,Reel To Reel Tape,RLA-736,RLA-736,Tape guide A
RT-707,Reel To Reel Tape,RLA-740,RLA-740,Stopper boss
RT-707,Reel To Reel Tape,RLA-741,RLA-741,Tape guide A
RT-701,Reel To Reel Tape,RLA-789,RLA-789,Pinch arm shaft
RT-701,Reel To Reel Tape,RLA-790,RLA-790,Tape guide B
CT-F600/605,Cassette Tape,RLA-915,RLA-915,Arm bush
CT-F600/605,Cassette Tape,RLA-989,RLA-989,Collar
CT-F950,Cassette Tape,RLA-993,RLA-993,Pinch-roller arm shaft (R)
CT-F950,Cassette Tape,RLA-994,RLA-994,Pinch-roller arm shaft (L)
CT-F600/605,Cassette Tape,RLB-001,RLB-001,Collar
RT-909,Reel To Reel Tape,RLB-105,RLB-105,Finch roller collar
RT-909,Reel To Reel Tape,RLB-108,RLB-108,Shalt
RT-909,Reel To Reel Tape,RLB-111,RLB-111,Tape guide
RT-909,Reel To Reel Tape,RLB-112,RLB-112,Tape guide R
RT-909,Reel To Reel Tape,RLB-116,RLB-116,Reel base shaft
RT-909,Reel To Reel Tape,RLB-129,RLB-129,Sliding key
CT-F750,Cassette Tape,RLB-152,RLB-152,Roller (C)
CT-F750,Cassette Tape,RLB-162,RLB-162,Roller
CT-F750,Cassette Tape,RLB-165,RLB-165,Pulley
CT-F750,Cassette Tape,RLB-166,RLB-166,Hight adjuster
CT-F750,Cassette Tape,RLB-217,RLB-217,Gear roller
CT-F1050,Cassette Tape,RLB-374,RLB-374,Shaft
CT-F1050,Cassette Tape,RLB-374,RLB-374,Shaft
RT-1011L,Reel To Reel Tape,RLP-002-0,RLP-002,Button spacer (A)
RT-1020L,Reel To Reel Tape,RLP-002-0,RLP-002,Button spacer (A)
RT-1011L,Reel To Reel Tape,RLP-003-A,RLP-003,Button spacer (B)
RT-1020L,Reel To Reel Tape,RLP-003-A,RLP-003,Button spacer (B)
RT-1011L,Reel To Reel Tape,RLP-004-0,RLP-004,Shifter roller
RT-1020L,Reel To Reel Tape,RLP-004-0,RLP-004,Shifter roller
RT-707,Reel To Reel Tape,RLP-004,RLP-004,Shifter roller
CT-F6262,Cassette Tape,RLP-009,RLP-009,Roller
CT-F7272,Cassette Tape,RLP-009,RLP-009,Roller
CT-F6262,Cassette Tape,RLP-010,RLP-010,Roller
CT-F7272,Cassette Tape,RLP-010,RLP-010,Roller
CT-F600/605,Cassette Tape,RLP-019,RLP-019,Collar
RT-1020L,Reel To Reel Tape,Rl\IE-404-B,Rl\IE-404,Release plate
SX-424,Receiver,RM2P 151 K,RM2P 151 K,Wire wound  150  2W
SX-424,Receiver,RM2P 151K,RM2P 151K,Wire wound  150  2W
SX-424,Receiver,RM2P 151K,RM2P 151K,Wire wound  150  2W
SX-424,Receiver,RM2P 151K,RM2P 151K,Wire wound  150  2W
SX-525,Receiver,RM2P 151K,RM2P 151K,Wire wound 150  2W
SX-525,Receiver,RM2P 151K,RM2P 151K,Wire wound 150  2W
QT-6100,Reel To Reel Tape,RMM-015-0,RMM-015,Wooden cabinet ass'y
QT-6600,Reel To Reel Tape,RMM-022-0,RMM-022,Wooden cabient assembly
QT-74,Reel To Reel Tape,RMM-022-0,RMM-022,Wooden cabinet assembly
CT-F7171,Cassette Tape,RMM-029-0,RMM-029,Wooden case
CT-F6161,Cassette Tape,RMM-031-A,RMM-031,Wooden case
CT-F7272,Cassette Tape,RMM-032,RMM-032,Wooden case
CT-F8282,Cassette Tape,RMM-033,RMM-033,Top board assembly
CT-F6262,Cassette Tape,RMM-034,RMM-034,Wooden cabinet
RT-1020L,Reel To Reel Tape,RMS-021-0,RMS-021,Side board
RT-1020L,Reel To Reel Tape,RMS-021-0,RMS-021,Slde board
RT-1011L,Reel To Reel Tape,RMS-036-0,RMS-036,Side Board
RT-1011L,Reel To Reel Tape,RMS-036-0,RMS-036,Sideboard
CT-F9191,Cassette Tape,RMS-044,RMS-044,Side board (R)
CT-F9191,Cassette Tape,RMS-045,RMS-045,Side board (L)
CT-F9191,Cassette Tape,RMS-052,RMS-052,Top board
CT-F6262,Cassette Tape,RMS-060,RMS-060,Hardboard protector
CT-F8282,Cassette Tape,RMS-064,RMS-064,Bottom plate
RT-1011L,Reel To Reel Tape,RNA-095-A,RNA-095,Shield case (A)
RT-1020L,Reel To Reel Tape,RNA-095-A,RNA-095,Shield case (A)
RT-1020L,Reel To Reel Tape,RNA-096-A,RNA-096,Shield case (B)
RT-1020L,Reel To Reel Tape,RNA-098-C,RNA-098,Rear panel
CT-F7171,Cassette Tape,RNA-155-B,RNA-155,Rear pane!
RT-1011L,Reel To Reel Tape,RNA-164-0,RNA-164,Back cover (B)
CT-F6161,Cassette Tape,RNA-166-A,RNA-166,Rear panel  (KCU model)
RT-1011L,Reel To Reel Tape,RNA-167-0,RNA-167,Rear panel
CT-F6161,Cassette Tape,RNA-212-0,RNA-212,Rear panel  (FV model)
CT-F9191,Cassette Tape,RNA-227,RNA-227,Top panel
RT-707,Reel To Reel Tape,RNA-296,RNA-296,Bonnet
RT-701,Reel To Reel Tape,RNA-298,RNA-298,Shield case
RT-707,Reel To Reel Tape,RNA-298,RNA-298,Shield case P
CT-F1000,Cassette Tape,RNA-310,RNA-310,Bonnet
CT-F700,Cassette Tape,RNA-321,RNA-321,Bonnet
CT-F500/505,Cassette Tape,RNA-359,RNA-359,Bonnet case
CT-F900,Cassette Tape,RNA-364,RNA-364,Bonnet
CT-F950,Cassette Tape,RNA-364,RNA-364,Bonnet
CT-F850,Cassette Tape,RNA-377,RNA-377,Bonnet case
CT-F600/605,Cassette Tape,RNA-390,RNA-390,Bonnet case
CT-F1250,Cassette Tape,RNA-411,RNA-411,Bonnet
CT-F750,Cassette Tape,RNA-419,RNA-419,Bonnet
RT-909,Reel To Reel Tape,RNA-424,RNA-424,Bonnet
RT-909,Reel To Reel Tape,RNA-428,RNA-428,Blank panel
CT-F1050,Cassette Tape,RNA-528,RNA-528,Bonnet
QT-6600,Reel To Reel Tape,RNB-007-G,RNB-007,AMP. chassis
QT-74,Reel To Reel Tape,RNB-007-G,RNB-007,Amplifier chassis
QT-6600,Reel To Reel Tape,RNB-008-C,RNB-008,Front chassis
QT-6100,Reel To Reel Tape,RNB-015-B,RNB-015,Amplifier chassis
QT-74,Reel To Reel Tape,RNB-023-0,RNB-023,From chassis
RT-1011L,Reel To Reel Tape,RNB-030-F,RNB-030,Mechanism chassis
RT-1020L,Reel To Reel Tape,RNB-030-F,RNB-030,Mechanism chassis
RT-1020L,Reel To Reel Tape,RNB-032-C,RNB-032,Control chassis
RT-1020L,Reel To Reel Tape,RNB-042-0,RNB-042,Reel chassis
RT-1020L,Reel To Reel Tape,RNB-043-0,RNB-043,Amp chassis
CT-F7171,Cassette Tape,RNB-052-0,RNB-052,Chassis
RT-1011L,Reel To Reel Tape,RNB-053-0,RNB-053,Reel chassis
RT-1011L,Reel To Reel Tape,RNB-057-0,RNB-057,AMP chassis
CT-F6161,Cassette Tape,RNB-058-B,RNB-058,Chassis
RT-1011L,Reel To Reel Tape,RNB-060-0,RNB-060,Control chassis
QT-6600,Reel To Reel Tape,RNC-020-A,RNC-020,Side chassis (Left side)
QT-74,Reel To Reel Tape,RNC-020-A,RNC-020,Side chassis
QT-6100,Reel To Reel Tape,RNC-025-B,RNC-025,Side chassis (E) ass'y
QT-6100,Reel To Reel Tape,RNC-038-0,RNC-038,Amp holder
RT-1011L,Reel To Reel Tape,RNC-068-0,RNC-068,Stiffen angle
RT-1020L,Reel To Reel Tape,RNC-068-0,RNC-068,Stiffen angle
RT-1011L,Reel To Reel Tape,RNC-072-0,RNC-072,Motor fan
RT-1020L,Reel To Reel Tape,RNC-072-0,RNC-072,Motor fan (A)
RT-1020L,Reel To Reel Tape,RNC-073-0,RNC-073,Meter clamper
CT-F7171,Cassette Tape,RNC-086-E,RNC-086,Bottom cover
CT-F6161,Cassette Tape,RNC-089-A,RNC-089,Actuating lever A
CT-F7171,Cassette Tape,RNC-089-0,RNC-089,Actuating laver A
CT-F6161,Cassette Tape,RNC-091-A,RNC-091,Bottom cover
QT-6100,Reel To Reel Tape,RNE -074-0,RNE -074,Spring lever
RT-1011L,Reel To Reel Tape,RNE 513-0,RNE 513,Cord fixer
QT-6100,Reel To Reel Tape,RNE-034-0,RNE-034,Counter mounting plate
QT-6600,Reel To Reel Tape,RNE-034-0,RNE-034,Counter mounting plate
QT-74,Reel To Reel Tape,RNE-034-0,RNE-034,Counter mounting plate
QT-6100,Reel To Reel Tape,RNE-064-0,RNE-064,P.C.B. stay
QT-6600,Reel To Reel Tape,RNE-064-0,RNE-064,P.C.B. stay
QT-74,Reel To Reel Tape,RNE-064-0,RNE-064,P.C. board stay
QT-6100,Reel To Reel Tape,RNE-065-0,RNE-065,Switch mounting plate
QT-6600,Reel To Reel Tape,RNE-065-0,RNE-065,Switch mounting plate
QT-74,Reel To Reel Tape,RNE-065-0,RNE-065,Switch mounting plate
QT-6100,Reel To Reel Tape,RNE-069-0,RNE-069,Pinch roller holder
QT-6600,Reel To Reel Tape,RNE-069-0,RNE-069,Pinch roller holder
QT-74,Reel To Reel Tape,RNE-069-0,RNE-069,Pinch roller holder
QT-74,Reel To Reel Tape,RNE-081-0,RNE-081,Shield case
QT-74,Reel To Reel Tape,RNE-081-0,RNE-081,Shield case
QT-74,Reel To Reel Tape,RNE-082-0,RNE-082,Spacer
QT-74,Reel To Reel Tape,RNE-082-0,RNE-082,Spacer
QT-6100,Reel To Reel Tape,RNE-083-0,RNE-083,Rotary switch holder
QT-6600,Reel To Reel Tape,RNE-083-0,RNE-083,Rotary switch holder
QT-74,Reel To Reel Tape,RNE-083-0,RNE-083,Rotary switch holder
QT-6600,Reel To Reel Tape,RNE-088-A,RNE-088,Recording lever
QT-74,Reel To Reel Tape,RNE-088-A,RNE-088,Recording lever
QT-6600,Reel To Reel Tape,RNE-089-0,RNE-089,Washer (t = 2)
QT-74,Reel To Reel Tape,RNE-089-0,RNE-089,Washer
QT-6600,Reel To Reel Tape,RNE-091-0,RNE-091,Bracket
QT-74,Reel To Reel Tape,RNE-091-0,RNE-091,Bracket
QT-6600,Reel To Reel Tape,RNE-092-0,RNE-092,Slide metal
QT-74,Reel To Reel Tape,RNE-092-0,RNE-092,Slide metal
QT-6600,Reel To Reel Tape,RNE-093-A,RNE-093,P.C.B. protector
QT-74,Reel To Reel Tape,RNE-093-A,RNE-093,P.C. board protector
QT-74,Reel To Reel Tape,RNE-098-0,RNE-098,MS plate
QT-6600,Reel To Reel Tape,RNE-119-0,RNE-119,Mounting plate
QT-74,Reel To Reel Tape,RNE-119-0,RNE-119,Mounting plate
QT-6100,Reel To Reel Tape,RNE-131-0,RNE-131,Rotary switch holder (A)
QT-6600,Reel To Reel Tape,RNE-131-0,RNE-131,Rotary switch holder (A)
QT-74,Reel To Reel Tape,RNE-131-0,RNE-131,Rotary switch holder (A)
QT-6600,Reel To Reel Tape,RNE-142-0,RNE-142,Unit holder (Left sidel
QT-74,Reel To Reel Tape,RNE-142-0,RNE-142,P.C. board holder (L)
QT-6600,Reel To Reel Tape,RNE-143-0,RNE-143,Unit holder (Right side)
QT-74,Reel To Reel Tape,RNE-143-0,RNE-143,P.C. board holder (Rl
QT-6100,Reel To Reel Tape,RNE-148-A,RNE-148,Recording lever
QT-74,Reel To Reel Tape,RNE-151-0,RNE-151,Head base plate (A)
QT-74,Reel To Reel Tape,RNE-158-0,RNE-158,Head spacer A
QT-6100,Reel To Reel Tape,RNE-167-0,RNE-167,Speed selector stopper
QT-6600,Reel To Reel Tape,RNE-167-0,RNE-167,Speed selector Stopper
QT-6100,Reel To Reel Tape,RNE-209-0,RNE-209,Pinch arm bearing
QT-6600,Reel To Reel Tape,RNE-209-0,RNE-209,Pinch arm bearing
QT-74,Reel To Reel Tape,RNE-209-0,RNE-209,Pinch arm bearing
QT-6600,Reel To Reel Tape,RNE-213-A,RNE-213,Plate
QT-74,Reel To Reel Tape,RNE-213-A,RNE-213,Plate
QT-6600,Reel To Reel Tape,RNE-214-A,RNE-214,Spring lever mounting plate
QT-74,Reel To Reel Tape,RNE-214-A,RNE-214,Spring lever mounting plate
QT-6600,Reel To Reel Tape,RNE-215-0,RNE-215,Slide metal (B)
QT-74,Reel To Reel Tape,RNE-215-0,RNE-215,Slide metal (B)
QT-6100,Reel To Reel Tape,RNE-223-0,RNE-223,P.C.B. stay
QT-6100,Reel To Reel Tape,RNE-226-0,RNE-226,Amp stay
QT-6100,Reel To Reel Tape,RNE-230-0,RNE-230,Jack shield plate
QT-6600,Reel To Reel Tape,RNE-240-0,RNE-240,E head mounting metal (Right side)
QT-74,Reel To Reel Tape,RNE-240-0,RNE-240,Erase head mounting metal (R)
QT-6100,Reel To Reel Tape,RNE-241-0,RNE-241,E head mounting metal (left side)
QT-6600,Reel To Reel Tape,RNE-241 -0,RNE-241 ,E. head mounting metal (Left side)
QT-74,Reel To Reel Tape,RNE-241-0,RNE-241,Erase head mounting metal (L)
QT-74,Reel To Reel Tape,RNE-308-0,RNE-308,Speed selector stopper
CT-F6161,Cassette Tape,RNE-327-0,RNE-327,Cassette protector
CT-F7171,Cassette Tape,RNE-327-0,RNE-327,Cassette protector
QT-6100,Reel To Reel Tape,RNE-356-0,RNE-356,Slide metal lever (A)
QT-6600,Reel To Reel Tape,RNE-356-0,RNE-356,Slide metal lever (A)
QT-74,Reel To Reel Tape,RNE-356-0,RNE-356,Slide metal lever (A)
QT-74,Reel To Reel Tape,RNE-356-0,RNE-356,Slide metal lever (A)
RT-1011L,Reel To Reel Tape,RNE-386-B,RNE-386,Solenoid bracket
RT-1020L,Reel To Reel Tape,RNE-386-B,RNE-386,Solenoid bracket
RT-1020L,Reel To Reel Tape,RNE-389-B,RNE-389,Roller bracket
RT-1020L,Reel To Reel Tape,RNE-392-0,RNE-392,Rubber washer
RT-1011L,Reel To Reel Tape,RNE-393-0,RNE-393,Switch mounting plate
RT-1020L,Reel To Reel Tape,RNE-393-0,RNE-393,Switch mounting plate
RT-1011L,Reel To Reel Tape,RNE-394-0,RNE-394,Counter bracket
RT-1020L,Reel To Reel Tape,RNE-394-0,RNE-394,Counter bracket
RT-1020L,Reel To Reel Tape,RNE-399-B,RNE-399,Brake arm (L)
RT-1020L,Reel To Reel Tape,RNE-400-B,RNE-400,Brake arm (R)
RT-1011L,Reel To Reel Tape,RNE-401-A,RNE-401,Brake adjustment plate
RT-1020L,Reel To Reel Tape,RNE-401-0,RNE-401,Plate
RT-1020L,Reel To Reel Tape,RNE-403-C,RNE-403,Shield plate
RT-1011L,Reel To Reel Tape,RNE-404-B,RNE-404,Release plate
RT-1011L,Reel To Reel Tape,RNE-406-0,RNE-406,Spring hook
RT-1020L,Reel To Reel Tape,RNE-406-0,RNE-406,Spring hook
RT-1020L,Reel To Reel Tape,RNE-407-E,RNE-407,Heat sink
RT-1011L,Reel To Reel Tape,RNE-409-A,RNE-409,Button frame
RT-1020L,Reel To Reel Tape,RNE-409-A,RNE-409,Button frame
RT-1011L,Reel To Reel Tape,RNE-412-A,RNE-412,Function switch bracket
RT-1020L,Reel To Reel Tape,RNE-412-A,RNE-412,Function switch bracket
RT-1020L,Reel To Reel Tape,RNE-413- B,RNE-413- B,Pin jack mounting bracket
RT-1020L,Reel To Reel Tape,RNE-415-D,RNE-415,Head base
RT-1020L,Reel To Reel Tape,RNE-474-B,RNE-474,Motor chassis
RT-1011L,Reel To Reel Tape,RNE-475-A,RNE-475,Flywheel bracket
RT-1020L,Reel To Reel Tape,RNE-475-0,RNE-475,Flywheel bracket
RT-1011L,Reel To Reel Tape,RNE-478-0,RNE-478,Terminal mounting plate
RT-1020L,Reel To Reel Tape,RNE-478-0,RNE-478,Terminal mounting plate
RT-1020L,Reel To Reel Tape,RNE-479-0,RNE-479,Terminal strip mounting metal
CT-F6161,Cassette Tape,RNE-513-0,RNE-513,Cord clamper B
CT-F7171,Cassette Tape,RNE-513-0,RNE-513,Cord clamper B
RT-1011L,Reel To Reel Tape,RNE-513-0,RNE-513,Cord fixer (B)
RT-1011L,Reel To Reel Tape,RNE-513-0,RNE-513,Cord fixer (B)
RT-1011L,Reel To Reel Tape,RNE-513-0,RNE-513,Cord fixer (B) (FV model)
RT-1020L,Reel To Reel Tape,RNE-513-0,RNE-513,Cord fixer (B)
RT-1020L,Reel To Reel Tape,RNE-513-0,RNE-513,Cord fixer (B)
RT-1020L,Reel To Reel Tape,RNE-513-0,RNE-513,Cord fixer (B)
RT-1011L,Reel To Reel Tape,RNE-537-A,RNE-537,P.C. board holder
RT-1020L,Reel To Reel Tape,RNE-537-A,RNE-537,P. C. board holder
RT-1020L,Reel To Reel Tape,RNE-543-0,RNE-543,Shield Cover
RT-1020L,Reel To Reel Tape,RNE-554-0,RNE-554,Switch mounting plate
QT-74,Reel To Reel Tape,RNE-562-A,RNE-562,Plate
CT-F6161,Cassette Tape,RNE-578-0,RNE-578,Syl-lock prevention cam
CT-F7171,Cassette Tape,RNE-578-0,RNE-578,Syl-lock prevention cam
CT-F6161,Cassette Tape,RNE-579-0,RNE-579,Brake lever
CT-F6161,Cassette Tape,RNE-580-0,RNE-580,Brake lever
CT-F7171,Cassette Tape,RNE-580-0,RNE-580,Brake lever
CT-F6161,Cassette Tape,RNE-583-0,RNE-583,Thrust holder
CT-F7171,Cassette Tape,RNE-583-0,RNE-583,Thrust holder
CT-F6161,Cassette Tape,RNE-605-0,RNE-605,Cord clamper D
CT-F6161,Cassette Tape,RNE-605-0,RNE-605,Cord clamper D
CT-F7171,Cassette Tape,RNE-605-0,RNE-605,Cord clamper D
CT-F7171,Cassette Tape,RNE-605-0,RNE-605,Cord clamper D
RT-1011L,Reel To Reel Tape,RNE-605-0,RNE-605,Cord fixer (B)
RT-909,Reel To Reel Tape,RNE-605,RNE-605,UL cord clamper D
RT-1011L,Reel To Reel Tape,RNE-652-A,RNE-652,Terminal strip mounting metal
CT-F6161,Cassette Tape,RNE-659-B,RNE-659,Sub panel
CT-F7171,Cassette Tape,RNE-659-B,RNE-659,Sub panel
CT-F7171,Cassette Tape,RNE-659-,RNE-659-,Sub panel
CT-F6161,Cassette Tape,RNE-660-A,RNE-660,Angle
CT-F7171,Cassette Tape,RNE-660-A,RNE-660,Angle
CT-F6161,Cassette Tape,RNE-669-D,RNE-669,Bracket
CT-F7171,Cassette Tape,RNE-669-C,RNE-669,Bracket
CT-F6161,Cassette Tape,RNE-670-0,RNE-670,Plate
CT-F7171,Cassette Tape,RNE-670-0,RNE-670,Plate
CT-F6161,Cassette Tape,RNE-671-A,RNE-671,Terminal board holder
CT-F7171,Cassette Tape,RNE-671-A,RNE-671,Terminal board holder
CT-F7171,Cassette Tape,RNE-673-A,RNE-673,Adjustment plate
CT-F6161,Cassette Tape,RNE-674-B,RNE-674,Sliding bar (REC)
CT-F7171,Cassette Tape,RNE-674-B,RNE-674,Sliding bar (REC)
CT-F6161,Cassette Tape,RNE-675-0,RNE-675,Angle (door spring)
CT-F7171,Cassette Tape,RNE-675-0,RNE-675,Angle (door spring)
CT-F6161,Cassette Tape,RNE-676-A,RNE-676,Lamp box
CT-F7171,Cassette Tape,RNE-676-0,RNE-676,Lamp box
CT-F7171,Cassette Tape,RNE-677-0,RNE-677,Sliding plate
CT-F6161,Cassette Tape,RNE-678-A,RNE-678,Door lock bar
CT-F7171,Cassette Tape,RNE-678-A,RNE-678,Door lock bar
RT-1011L,Reel To Reel Tape,RNE-680-0,RNE-680,Motor Fuse P.C. Board holder
CT-F6161,Cassette Tape,RNE-684-0,RNE-684,Button lever A
CT-F7171,Cassette Tape,RNE-684-0,RNE-684,Button lever A
CT-F6161,Cassette Tape,RNE-685-0,RNE-685,Button lever P
CT-F7171,Cassette Tape,RNE-685-0,RNE-685,Button lever P
CT-F7171,Cassette Tape,RNE-686-A,RNE-686,Bracket
CT-F6161,Cassette Tape,RNE-690-0,RNE-690,Spacer
CT-F7171,Cassette Tape,RNE-690-0,RNE-690,Spacer
CT-F6161,Cassette Tape,RNE-691-0,RNE-691,REC lever B
CT-F7171,Cassette Tape,RNE-691-0,RNE-691,REC lever B
RT-1011L,Reel To Reel Tape,RNE-700-0,RNE-700,Safety angle (A)
RT-1011L,Reel To Reel Tape,RNE-702-0,RNE-702,Motor chassis
CT-F6161,Cassette Tape,RNE-712-0,RNE-712,Lever (EJECT)
CT-F7171,Cassette Tape,RNE-712-0,RNE-712,Lever (EJECT)
CT-F6161,Cassette Tape,RNE-713-0,RNE-713,Pause lock plate
CT-F7171,Cassette Tape,RNE-713-0,RNE-713,Pause lock plate
CT-F6161,Cassette Tape,RNE-714-0,RNE-714,REW lever B
CT-F7171,Cassette Tape,RNE-714-0,RNE-714,REW lever B
CT-F6161,Cassette Tape,RNE-715-0,RNE-715,Shield plate
CT-F7171,Cassette Tape,RNE-715-0,RNE-715,Shield plate
CT-F6161,Cassette Tape,RNE-717-0,RNE-717,FF lever
CT-F7171,Cassette Tape,RNE-717-0,RNE-717,FF lever
RT-1011L,Reel To Reel Tape,RNE-723-0,RNE-723,Brake arm (L)
RT-1011L,Reel To Reel Tape,RNE-724-0,RNE-724,Brake arm (R)
CT-F6161,Cassette Tape,RNE-727-B,RNE-727,Panel stay
RT-1011L,Reel To Reel Tape,RNE-730-0,RNE-730,Heat sink
CT-F6161,Cassette Tape,RNE-731-A,RNE-731,Actuating lever B
CT-F7171,Cassette Tape,RNE-731-0,RNE-731,Actuating lever B
CT-F6161,Cassette Tape,RNE-732-A,RNE-732,Adjustment plate
RT-1011L,Reel To Reel Tape,RNE-735-0,RNE-735,Roller bracket
RT-1011L,Reel To Reel Tape,RNE-736-0,RNE-736,Pin jack mounting bracket
RT-1011L,Reel To Reel Tape,RNE-737-0,RNE-737,Shield plate
RT-1011L,Reel To Reel Tape,RNE-738-0,RNE-738,Head mounting metal
RT-1011L,Reel To Reel Tape,RNE-739-0,RNE-739,Head base
RT-1011L,Reel To Reel Tape,RNE-740-0,RNE-740,Switch mounting plate (FV model)
CT-F6161,Cassette Tape,RNE-741-0,RNE-741,Cord clamper
CT-F7171,Cassette Tape,RNE-741-0,RNE-741,Cord clamper
CT-F6161,Cassette Tape,RNE-746-A,RNE-746,Angly
CT-F6161,Cassette Tape,RNE-766-0,RNE-766,Protection bar
CT-F6161,Cassette Tape,RNE-767-0,RNE-767,Sliding plate
CT-F8282,Cassette Tape,RNE-773,RNE-773,Lever
CT-F7171,Cassette Tape,RNE-792-A,RNE-792,Protection bar
CT-F8282,Cassette Tape,RNE-951,RNE-951,Fixed plate
CT-F6262,Cassette Tape,RNE-974,RNE-974,Pause ratchet
CT-F7272,Cassette Tape,RNE-974,RNE-974,Plate
CT-F6262,Cassette Tape,RNE-976,RNE-976,SW bracket
CT-F700,Cassette Tape,RNE-976,RNE-976,Switch bracket
CT-F7272,Cassette Tape,RNE-976,RNE-976,Bracket
CT-F6262,Cassette Tape,RNE-978,RNE-978,Detector bracket
CT-F7272,Cassette Tape,RNE-978,RNE-978,Angle
CT-F6262,Cassette Tape,RNE-983,RNE-983,Pause arm
CT-F700,Cassette Tape,RNE-983,RNE-983,Pause arm
CT-F7272,Cassette Tape,RNE-983,RNE-983,Arm
CT-F6262,Cassette Tape,RNE-987,RNE-987,Lock plate
CT-F7272,Cassette Tape,RNE-987,RNE-987,Plate
CT-F6262,Cassette Tape,RNE-991,RNE-991,Switch holder
CT-F7272,Cassette Tape,RNE-991,RNE-991,Plate
CT-F6262,Cassette Tape,RNE-992,RNE-992,Switch holder
CT-F7272,Cassette Tape,RNE-992,RNE-992,Angle
CT-F6262,Cassette Tape,RNF-009,RNF-009,Step washer
CT-F6262,Cassette Tape,RNF-010,RNF-010,Brake arm
CT-F6262,Cassette Tape,RNF-023,RNF-023,Switch holder
CT-F7272,Cassette Tape,RNF-023,RNF-023,Plate
CT-F6262,Cassette Tape,RNF-024,RNF-024,Cord guide
CT-F7272,Cassette Tape,RNF-024,RNF-024,Cord clamper
CT-F6262,Cassette Tape,RNF-034,RNF-034,Brake operating plate
RT-701,Reel To Reel Tape,RNF-067,RNF-067,Head mount A
RT-707,Reel To Reel Tape,RNF-067,RNF-067,Head mount A
RT-701,Reel To Reel Tape,RNF-068,RNF-068,Head mount B
RT-707,Reel To Reel Tape,RNF-068,RNF-068,Head mount B
RT-701,Reel To Reel Tape,RNF-069,RNF-069,R head mount
RT-707,Reel To Reel Tape,RNF-069,RNF-069,R Head Mount
RT-701,Reel To Reel Tape,RNF-074,RNF-074,Brake adjustment plate
RT-707,Reel To Reel Tape,RNF-074,RNF-074,Brake adjustment plate
RT-701,Reel To Reel Tape,RNF-077,RNF-077,E head spacer A (for E head height adjustment)
RT-707,Reel To Reel Tape,RNF-077,RNF-077,E head spacer A
RT-701,Reel To Reel Tape,RNF-078,RNF-078,E head spacer B (for E head height adjustment)
RT-707,Reel To Reel Tape,RNF-078,RNF-078,E head spacer B
RT-701,Reel To Reel Tape,RNF-079,RNF-079,Mount plate
RT-707,Reel To Reel Tape,RNF-079,RNF-079,Mount plate
RT-701,Reel To Reel Tape,RNF-082,RNF-082,Reel plate
RT-701,Reel To Reel Tape,RNF-085,RNF-085,Shield case spacer
RT-707,Reel To Reel Tape,RNF-085,RNF-085,Shield case spacer
RT-707,Reel To Reel Tape,RNF-094,RNF-094,Head spacer
RT-701,Reel To Reel Tape,RNF-104,RNF-104,Pause adjuster
RT-707,Reel To Reel Tape,RNF-104,RNF-104,Pause adjuster
CT-F700,Cassette Tape,RNF-117,RNF-117,Pause ratchet
CT-F700,Cassette Tape,RNF-144,RNF-144,Lock plate
RT-707,Reel To Reel Tape,RNF-146,RNF-146,Tension-R
RT-707,Reel To Reel Tape,RNF-147,RNF-147,Tension holder L
RT-707,Reel To Reel Tape,RNF-165,RNF-165,Boss collar
RT-701,Reel To Reel Tape,RNF-202,RNF-202,Tension holder R
RT-701,Reel To Reel Tape,RNF-203,RNF-203,Tension holder L
CT-F600/605,Cassette Tape,RNF-499,RNF-499,Meter holder
CT-F850,Cassette Tape,RNF-527,RNF-527,Spacer
CT-F950,Cassette Tape,RNF-527,RNF-527,Spacer
CT-F750,Cassette Tape,RNF-601,RNF-601,Lever
CT-F1050,Cassette Tape,RNF-974,RNF-974,Head cord clamper
RT-1011L,Reel To Reel Tape,RNG-031-A,RNG-031,Pinch arm (B)
RT-1020L,Reel To Reel Tape,RNG-031-A,RNG-031,Pinch arm (B)
RT-1011L,Reel To Reel Tape,RNG-036-0,RNG-036,Chassis frame
RT-1020L,Reel To Reel Tape,RNG-036-C,RNG-036,Chassis frame
RT-1011L,Reel To Reel Tape,RNG-051-A,RNG-051,Reel feather shaft
RT-1020L,Reel To Reel Tape,RNG-051-0,RNG-051,Reel feather shaft
RT-1011L,Reel To Reel Tape,RNG-053-A,RNG-053,Shifter arm
RT-1020L,Reel To Reel Tape,RNG-053-0,RNG-053,Shifter arm
RT-1020L,Reel To Reel Tape,RNG-055-0,RNG-055,Reel base
RT-1011L,Reel To Reel Tape,RNG-055A,RNG-055A,Reel base
RT-707,Reel To Reel Tape,RNG-112,RNG-112,Reel base
RT-701,Reel To Reel Tape,RNG-123,RNG-123,Reel base
RT-701,Reel To Reel Tape,RNG-125,RNG-125,Reel stopper
RT-909,Reel To Reel Tape,RNG-209,RNG-209,Reel base
RT-909,Reel To Reel Tape,RNG-227,RNG-227,Heel base blade
RT-909,Reel To Reel Tape,RNG-230,RNG-230,Head base
RT-909,Reel To Reel Tape,RNG-230,RNG-230,Head base
T-3300,Cassette Tape,RNK-013,RNK-013,BUTTON(EJECT/FF/REW/PAUSE)
T-3300,Cassette Tape,RNK-014,RNK-014,BUTTON(RECORD)
T-3300,Cassette Tape,RNK-015,RNK-015,BUTTON(STOP)
T-3300,Cassette Tape,RNK-018,RNK-018,BUTTON(PLAY)T3300
QT-74,Reel To Reel Tape,RNK-039-0,RNK-039,Thrust pulley
RT-1011L,Reel To Reel Tape,RNK-111-B,RNK-111,Brake guide
RT-1020L,Reel To Reel Tape,RNK-111-B,RNK-111,Brake guide
CT-F6161,Cassette Tape,RNK-153-0,RNK-153,Shaft cap
CT-F7171,Cassette Tape,RNK-153-0,RNK-153,Shaft cap
CT-F6161,Cassette Tape,RNK-154-0,RNK-154,Thrust adjusting screw
CT-F7171,Cassette Tape,RNK-154-0,RNK-154,Thrust adjusting screw
CT-F6161,Cassette Tape,RNK-167-A,RNK-167,Cassette positioner
CT-F7171,Cassette Tape,RNK-167-A,RNK-167,Cassette positioner
CT-F6161,Cassette Tape,RNK-168-B,RNK-168,Cam (Eject)
CT-F7171,Cassette Tape,RNK-168-A,RNK-168,Cam (Eject)
CT-F6161,Cassette Tape,RNK-170-A,RNK-170,Compartment
CT-F6161,Cassette Tape,RNK-171-C,RNK-171,Door
CT-F7171,Cassette Tape,RNK-171-C,RNK-171,Door
CT-F6161,Cassette Tape,RNK-173-A,RNK-173,Lamp lens
CT-F7171,Cassette Tape,RNK-173-,RNK-173-,Lamp lens
CT-F6161,Cassette Tape,RNK-179-A,RNK-179,Lamp lens
CT-F7171,Cassette Tape,RNK-179-0,RNK-179,Lamp lens
CT-F7171,Cassette Tape,RNK-181-0,RNK-181,Compartment
CT-F9191,Cassette Tape,RNK-198,RNK-198,ON indicator
CT-F9191,Cassette Tape,RNK-199,RNK-199,CrO2 indicator
CT-F6262,Cassette Tape,RNK-202,RNK-202,Illuminating plate
CT-F700,Cassette Tape,RNK-202,RNK-202,Lens
CT-F7272,Cassette Tape,RNK-202,RNK-202,Lens
CT-F9191,Cassette Tape,RNK-203,RNK-203,Counter cover
CT-F9191,Cassette Tape,RNK-206,RNK-206,Memory marker
CT-F6262,Cassette Tape,RNK-208,RNK-208,Joint
CT-F9191,Cassette Tape,RNK-211,RNK-211,Door
CT-F8282,Cassette Tape,RNK-235,RNK-235,Knob guide
CT-F6262,Cassette Tape,RNK-236,RNK-236,Tape counter lens
CT-F8282,Cassette Tape,RNK-236,RNK-236,Tape counter indicator
CT-F8282,Cassette Tape,RNK-237,RNK-237,Door
CT-F8282,Cassette Tape,RNK-238,RNK-238,Indicator (ON)
CT-F8282,Cassette Tape,RNK-239,RNK-239,CrO2 indicator
CT-F6262,Cassette Tape,RNK-240,RNK-240,Cassette guide (L)
CT-F7272,Cassette Tape,RNK-240,RNK-240,Cassette guide (L)
CT-F6262,Cassette Tape,RNK-241,RNK-241,Cassette guide (R)
CT-F7272,Cassette Tape,RNK-241,RNK-241,Cassette guide (R)
CT-F6262,Cassette Tape,RNK-244,RNK-244,Door
CT-F7272,Cassette Tape,RNK-244,RNK-244,Door
CT-F6262,Cassette Tape,RNK-245,RNK-245,Cassette frame
CT-F7272,Cassette Tape,RNK-258,RNK-258,Holder
CT-F6262,Cassette Tape,RNK-259,RNK-259,Cassette retaining arm
CT-F700,Cassette Tape,RNK-259,RNK-259,Arm
CT-F7272,Cassette Tape,RNK-259,RNK-259,Arm
CT-F6262,Cassette Tape,RNK-260,RNK-260,CrO2 detector lever
CT-F7272,Cassette Tape,RNK-260,RNK-260,Lever
CT-F6262,Cassette Tape,RNK-261,RNK-261,Thrust screw
CT-F6262,Cassette Tape,RNK-268,RNK-268,Indicator lens
CT-F6262,Cassette Tape,RNK-275,RNK-275,Meter frame
CT-F6262,Cassette Tape,RNK-279,RNK-279,Cassette retainer
CT-F7272,Cassette Tape,RNK-279,RNK-279,Cassette cover
CT-F6262,Cassette Tape,RNK-280,RNK-280,Knob (FF)
CT-F6262,Cassette Tape,RNK-280,RNK-280,Knob (PAUSE)
CT-F6262,Cassette Tape,RNK-280,RNK-280,Knob (REW)
CT-F7272,Cassette Tape,RNK-280,RNK-280,Knob (A - FF)
CT-F7272,Cassette Tape,RNK-280,RNK-280,Knob (A - PAUSE)
CT-F7272,Cassette Tape,RNK-280,RNK-280,Knob (A - REW)
CT-F6262,Cassette Tape,RNK-281,RNK-281,Knob (PLAY)
CT-F7272,Cassette Tape,RNK-281,RNK-281,Knob (B - PLAY)
CT-F6262,Cassette Tape,RNK-282,RNK-282,Knob (STOP)
CT-F7272,Cassette Tape,RNK-282,RNK-282,Knob (C - STOP)
CT-F6262,Cassette Tape,RNK-283,RNK-283,Knob (REC)
CT-F7272,Cassette Tape,RNK-283,RNK-283,Knob (D - REC)
CT-F600/605,Cassette Tape,RNK-290,RNK-290,Guide
CT-F6262,Cassette Tape,RNK-290,RNK-290,Ball guide
CT-F700,Cassette Tape,RNK-292,RNK-292,Pulley
CT-F750,Cassette Tape,RNK-292,RNK-292,ElT pulley
CT-F8282,Cassette Tape,RNK-294,RNK-294,Meter escutcheon
RT-701,Reel To Reel Tape,RNK-296,RNK-296,Brake guide
RT-707,Reel To Reel Tape,RNK-296,RNK-296,Brake guide
RT-707,Reel To Reel Tape,RNK-297,RNK-297,Spring retainer A
CT-F700,Cassette Tape,RNK-300,RNK-300,Cassette guide L
RT-701,Reel To Reel Tape,RNK-303,RNK-303,Brake drum
RT-707,Reel To Reel Tape,RNK-303,RNK-303,Brake drum
CT-F750,Cassette Tape,RNK-308,RNK-308,Roller
CT-F600/605,Cassette Tape,RNK-319,RNK-319,Screw
CT-F700,Cassette Tape,RNK-328,RNK-328,Shaft stopper
CT-F700,Cassette Tape,RNK-332,RNK-332,"Button A (FFW, PAUSE)"
CT-F700,Cassette Tape,RNK-333,RNK-333,Button B (PLAY)
CT-F700,Cassette Tape,RNK-334,RNK-334,Button C (STOP)
CT-F700,Cassette Tape,RNK-335,RNK-335,Button D (REC)
CT-F1250,Cassette Tape,RNK-348,RNK-348,Tape guide
CT-F850,Cassette Tape,RNK-348,RNK-348,Tape guide
CT-F900,Cassette Tape,RNK-348,RNK-348,Tape guide
CT-F950,Cassette Tape,RNK-348,RNK-348,Tape guide
CT-F700,Cassette Tape,RNK-382,RNK-382,Guide collar
CT-F700,Cassette Tape,RNK-385,RNK-385,Joint-bar guide
CT-F700,Cassette Tape,RNK-386,RNK-386,Damper gear
CT-F700,Cassette Tape,RNK-388,RNK-388,Meter cover L
CT-F700,Cassette Tape,RNK-389,RNK-389,Meter cover S
CT-F700,Cassette Tape,RNK-391,RNK-391,Cassette guide R
RT-1020L,Reel To Reel Tape,RNK-391-0,RNK-391,Head mounting metal
CT-F700,Cassette Tape,RNK-393,RNK-393,Door
CT-F700,Cassette Tape,RNK-395,RNK-395,Door cam arm
CT-F700,Cassette Tape,RNK-432,RNK-432,Lens
CT-F600/605,Cassette Tape,RNK-447,RNK-447,Cap
CT-F600/605,Cassette Tape,RNK-447,RNK-447,Cap
CT-F900,Cassette Tape,RNK-447,RNK-447,Reel cap
CT-F500/505,Cassette Tape,RNK-451,RNK-451,Drive arm
CT-F600/605,Cassette Tape,RNK-451,RNK-451,Drive Arm (B)
CT-F600/605,Cassette Tape,RNK-454,RNK-454,TU idler
CT-F600/605,Cassette Tape,RNK-455,RNK-455,TU arm
CT-F600/605,Cassette Tape,RNK-457,RNK-457,FF idler
CT-F600/605,Cassette Tape,RNK-461,RNK-461,Arm
CT-F600/605,Cassette Tape,RNK-463,RNK-463,Pinch return lever
CT-F600/605,Cassette Tape,RNK-464,RNK-464,Switch arm (A)
CT-F600/605,Cassette Tape,RNK-466,RNK-466,Lever
CT-F600/605,Cassette Tape,RNK-472,RNK-472,Cassette guide L
CT-F600/605,Cassette Tape,RNK-473,RNK-473,Cassette guide R
CT-F600/605,Cassette Tape,RNK-477,RNK-477,Erase preventing lever
CT-F600/605,Cassette Tape,RNK-478,RNK-478,Lever
CT-F500/505,Cassette Tape,RNK-480,RNK-480,Pinch return lever
CT-F600/605,Cassette Tape,RNK-480,RNK-480,Return lever
CT-F600/605,Cassette Tape,RNK-483,RNK-483,Lever
CT-F600/605,Cassette Tape,RNK-484,RNK-484,Lever
CT-F600/605,Cassette Tape,RNK-485,RNK-485,Shaft
CT-F500/505,Cassette Tape,RNK-486,RNK-486,Arm L
CT-F600/605,Cassette Tape,RNK-486,RNK-486,Arm L
CT-F500/505,Cassette Tape,RNK-487,RNK-487,Arm R
CT-F600/605,Cassette Tape,RNK-487,RNK-487,Arm R
CT-F600/605,Cassette Tape,RNK-489,RNK-489,Shaft L
CT-F500/505,Cassette Tape,RNK-493,RNK-493,"Operation button (REW,FF,REC,PLAY,STOP/EJECT,PAUSE)"
CT-F600/605,Cassette Tape,RNK-493,RNK-493,Operation button
CT-F600/605,Cassette Tape,RNK-495,RNK-495,Shaft R
CT-F500/505,Cassette Tape,RNK-523,RNK-523,Front cover
CT-F500/505,Cassette Tape,RNK-524,RNK-524,Escutcheon (RECORD/DOLBY INDICATOR)
CT-F1250,Cassette Tape,RNK-533,RNK-533,Detector arm
CT-F950,Cassette Tape,RNK-533,RNK-533,Detector arm
CT-F1250,Cassette Tape,RNK-534,RNK-534,Half holder arm
CT-F1250,Cassette Tape,RNK-534,RNK-534,Half holder bracket (R) assembly
CT-F850,Cassette Tape,RNK-534,RNK-534,Arm
CT-F900,Cassette Tape,RNK-534,RNK-534,Arm
CT-F950,Cassette Tape,RNK-534,RNK-534,Half holder arm
CT-F1250,Cassette Tape,RNK-535,RNK-535,Hight adjuster
CT-F850,Cassette Tape,RNK-535,RNK-535,Height adjuster
CT-F900,Cassette Tape,RNK-535,RNK-535,Adjuster
CT-F950,Cassette Tape,RNK-535,RNK-535,Adjuster
CT-F1250,Cassette Tape,RNK-556,RNK-556,Half holder
CT-F850,Cassette Tape,RNK-556,RNK-556,Half holder
CT-F900,Cassette Tape,RNK-556,RNK-556,Half holder
CT-F950,Cassette Tape,RNK-556,RNK-556,Half holder
CT-F600/605,Cassette Tape,RNK-558,RNK-558,REC joint
CT-F600/605,Cassette Tape,RNK-559,RNK-559,REC pivot
CT-F1250,Cassette Tape,RNK-561,RNK-561,Idler
CT-F850,Cassette Tape,RNK-561,RNK-561,Idler
CT-F900,Cassette Tape,RNK-561,RNK-561,Idler
CT-F950,Cassette Tape,RNK-561,RNK-561,Idler
CT-F1250,Cassette Tape,RNK-562,RNK-562,Spring can
CT-F850,Cassette Tape,RNK-562,RNK-562,Spring holder
CT-F950,Cassette Tape,RNK-562,RNK-562,Spring holder
CT-F1250,Cassette Tape,RNK-566,RNK-566,Guide (L)
CT-F850,Cassette Tape,RNK-566,RNK-566,Guide (L)
CT-F900,Cassette Tape,RNK-566,RNK-566,Guide L
CT-F950,Cassette Tape,RNK-566,RNK-566,Guide L
CT-F900,Cassette Tape,RNK-567,RNK-567,Half cover
CT-F900,Cassette Tape,RNK-583,RNK-583,Escutcheon
CT-F900,Cassette Tape,RNK-584,RNK-584,Head cover
CT-F900,Cassette Tape,RNK-587,RNK-587,Function panel
CT-F500/505,Cassette Tape,RNK-588,RNK-588,"Cap (REW,FF,REC,PLAY,STOP/EJECT,PAUSE)"
CT-F600/605,Cassette Tape,RNK-588,RNK-588,Cap
CT-F600/605,Cassette Tape,RNK-588,RNK-588,Cap
CT-F1250,Cassette Tape,RNK-608,RNK-608,Guide (R)
CT-F850,Cassette Tape,RNK-608,RNK-608,Guide (R)
CT-F900,Cassette Tape,RNK-608,RNK-608,Guide R
CT-F950,Cassette Tape,RNK-608,RNK-608,Guide R
CT-F600/605,Cassette Tape,RNK-613,RNK-613,REC lever
CT-F600/605,Cassette Tape,RNK-616,RNK-616,Lock plate
CT-F850,Cassette Tape,RNK-632,RNK-632,Switch joint bar (B)
CT-F850,Cassette Tape,RNK-633,RNK-633,Power switch joint bar
CT-F850,Cassette Tape,RNK-640,RNK-640,Pulley
CT-F600/605,Cassette Tape,RNK-665,RNK-665,REC hook
CT-F600/605,Cassette Tape,RNK-666,RNK-666,Front cover
CT-F600/605,Cassette Tape,RNK-670,RNK-670,Knob escutcheon
CT-F1250,Cassette Tape,RNK-703,RNK-703,Head cord cover
CT-F950,Cassette Tape,RNK-703,RNK-703,Head cord cover
CT-F1250,Cassette Tape,RNK-707,RNK-707,lndicator lens
CT-F1250,Cassette Tape,RNK-708,RNK-708,Half cover
CT-F1250,Cassette Tape,RNK-729,RNK-729,Escutcheon
CT-F950,Cassette Tape,RNK-731,RNK-731,Escutcheon lens
CT-F600/605,Cassette Tape,RNK-746,RNK-746,Meter lens
CT-F750,Cassette Tape,RNK-749,RNK-749,Gear B
CT-F750,Cassette Tape,RNK-750,RNK-750,Switch arm A
CT-F750,Cassette Tape,RNK-751,RNK-751,Switch arm B
CT-F750,Cassette Tape,RNK-761,RNK-761,Screw
CT-F750,Cassette Tape,RNK-762,RNK-762,"Cap (REW, FF, STOP, PLAY, REC, PAUSE)"
CT-F750,Cassette Tape,RNK-764,RNK-764,Button stopper
CT-F950,Cassette Tape,RNK-777,RNK-777,Half cover (M)
CT-F950,Cassette Tape,RNK-780,RNK-780,Escutcheon (M)
CT-F850,Cassette Tape,RNK-786,RNK-786,Control escutcheon
CT-F850,Cassette Tape,RNK-787,RNK-787,Indicator escutcheon
CT-F850,Cassette Tape,RNK-788,RNK-788,Display window
CT-F750,Cassette Tape,RNK-794,RNK-794,Cassette guide ( L)
CT-F750,Cassette Tape,RNK-795,RNK-795,Cassette guide (R)
CT-F750,Cassette Tape,RNK-802,RNK-802,Half holder arm
CT-F750,Cassette Tape,RNK-804,RNK-804,Lever
CT-F750,Cassette Tape,RNK-808,RNK-808,Roller (B)
CT-F750,Cassette Tape,RNK-810,RNK-810,Head cord cover
RT-909,Reel To Reel Tape,RNK-811,RNK-811,Power switch joint
RT-909,Reel To Reel Tape,RNK-812,RNK-812,Switch joint
CT-F1050,Cassette Tape,RNK-815,RNK-815,Cap
CT-F1250,Cassette Tape,RNK-815,RNK-815,Reel cap
CT-F1250,Cassette Tape,RNK-815,RNK-815,Reel cap
CT-F750,Cassette Tape,RNK-815,RNK-815,Reel cap (Bl
CT-F850,Cassette Tape,RNK-815,RNK-815,Reel cap (B)
CT-F950,Cassette Tape,RNK-815,RNK-815,Reel cap (B)
RT-909,Reel To Reel Tape,RNK-827,RNK-827,Sensor slit
RT-909,Reel To Reel Tape,RNK-829,RNK-829,Counter lens
RT-909,Reel To Reel Tape,RNK-831,RNK-831,Meter lens
RT-909,Reel To Reel Tape,RNK-832,RNK-832,Handle L
RT-909,Reel To Reel Tape,RNK-833,RNK-833,Brake drum
RT-909,Reel To Reel Tape,RNK-834,RNK-834,Handle R
RT-909,Reel To Reel Tape,RNK-835,RNK-835,Head housing A
CT-F750,Cassette Tape,RNK-837,RNK-837,Illuminating plate
CT-F750,Cassette Tape,RNK-838,RNK-838,FR indicator
CT-F750,Cassette Tape,RNK-840,RNK-840,Lamp holder L
CT-F750,Cassette Tape,RNK-841,RNK-841,Lamp holder R
RT-909,Reel To Reel Tape,RNK-842,RNK-842,Head housing B
CT-F750,Cassette Tape,RNK-843,RNK-843,Knob
CT-F750,Cassette Tape,RNK-845,RNK-845,Meter cover
CT-F750,Cassette Tape,RNK-846,RNK-846,Meter lens
CT-F750,Cassette Tape,RNK-847,RNK-847,Meter panel
CT-F750,Cassette Tape,RNK-848,RNK-848,Push knob
CT-F750,Cassette Tape,RNK-849,RNK-849,Head cover
CT-F850,Cassette Tape,RNK-854,RNK-854,Lens
CT-F600/605,Cassette Tape,RNK-855,RNK-855,Escutcheon
CT-F600/605,Cassette Tape,RNK-856,RNK-856,Lens
CT-F1050,Cassette Tape,RNL-010,RNL-010,Cylinder
CT-F1050,Cassette Tape,RNL-118,RNL-118,Reference pole
CT-F1050,Cassette Tape,RNL-123,RNL-123,ldler (17)
CT-F1050,Cassette Tape,RNL-126,RNL-126,ldler cam
CT-F1050,Cassette Tape,RNL-127,RNL-127,Spring cup
CT-F1050,Cassette Tape,RNL-135,RNL-135,Eject arm
CT-F1050,Cassette Tape,RNL-136,RNL-136,Arm fulcrum
CT-F1050,Cassette Tape,RNL-137,RNL-137,Arm
CT-F1050,Cassette Tape,RNL-138,RNL-138,Lock arm
CT-F1050,Cassette Tape,RNL-147,RNL-147,Knob (EJECT)
CT-F1050,Cassette Tape,RNL-148,RNL-148,Knob (POWER)
CT-F1050,Cassette Tape,RNL-149,RNL-149,Knob A
CT-F1050,Cassette Tape,RNL-150,RNL-150,Knob B
CT-F1050,Cassette Tape,RNL-151,RNL-151,Knob (DIRECTION)
CT-F1050,Cassette Tape,RNL-152,RNL-152,Knob (FUNCTION)
CT-F1050,Cassette Tape,RNL-155,RNL-155,lndicator lens
CT-F1050,Cassette Tape,RNL-158,RNL-158,Push knob
CT-F1050,Cassette Tape,RNL-174,RNL-174,Button holder
CT-F1050,Cassette Tape,RNL-206,RNL-206,Detector arm R
CT-F1050,Cassette Tape,RNL-207,RNL-207,Detector arm L
CT-F1050,Cassette Tape,RNL-208,RNL-208,Piston
RT-1011L,Reel To Reel Tape,RNP-153-0,RNP-153,Transistor board
RT-1011L,Reel To Reel Tape,RNX-003-0,RNX-003,Ball bearing
RT-1020L,Reel To Reel Tape,RNX-003-0,RNX-003,Ball bearing
PL-100/100X,Turntable,RNX-060,RNX-060,PU plate (A)
QT-6600,Reel To Reel Tape,RPB-003-0,RPB-003,REC/P.B. head (4 channel)
QT-74,Reel To Reel Tape,RPB-003-0,RPB-003,REC./P.B. head (4ch)
QT-6600,Reel To Reel Tape,RPB-004-0,RPB-004,REC/P.B. head (2 channel)
QT-74,Reel To Reel Tape,RPB-004-0,RPB-004,REC./P.B. head (2ch)
QT-6100,Reel To Reel Tape,RPB-005-A,RPB-005,E head
QT-6600,Reel To Reel Tape,RPB-005-A,RPB-005,E. head
QT-6600,Reel To Reel Tape,RPB-005-A,RPB-005,E. head
QT-74,Reel To Reel Tape,RPB-005-A,RPB-005,Erase head
QT-74,Reel To Reel Tape,RPB-005-A,RPB-005,Erase head
QT-2100,8-Track Tape,RPB-006,RPB-006,HEAD (PBH8-4)
T-3500,Cassette Tape,RPB-007,RPB-007,HEAD
T-3500,Cassette Tape,RPB-008,RPB-008,HEAD (ERASE)
CT-F6161,Cassette Tape,RPB-013-E,RPB-013,REC/P.B. head
CT-F6262,Cassette Tape,RPB-013,RPB-013,REC/PB head
CT-F500/505,Cassette Tape,RPB-014,RPB-014,Erase Head
CT-F600/605,Cassette Tape,RPB-014,RPB-014,Erase head
CT-F600/605,Cassette Tape,RPB-014,RPB-014,Erase head
CT-F6161,Cassette Tape,RPB-014-0,RPB-014,Erasing head
CT-F700,Cassette Tape,RPB-014,RPB-014,Erasing head
CT-F7171,Cassette Tape,RPB-014-0,RPB-014,Erasing head
CT-F7272,Cassette Tape,RPB-014,RPB-014,Erase head
CT-F8282,Cassette Tape,RPB-014,RPB-014,Erase head
CT-F9191,Cassette Tape,RPB-014,RPB-014,Erasing head
RT-1011L,Reel To Reel Tape,RPB-020-0,RPB-020,Erase head
RT-1020L,Reel To Reel Tape,RPB-020-0,RPB-020,Erase head
RT-1011L,Reel To Reel Tape,RPB-021-B,RPB-021,Recording head
RT-1020L,Reel To Reel Tape,RPB-021-A,RPB-021,Recording head
RT-1020L,Reel To Reel Tape,RPB-022-0,RPB-022,Playback head
T-3300,Cassette Tape,RPB-023,RPB-023,HEAD (REC/P.B.)
CT-F7171,Cassette Tape,RPB-027-A,RPB-027,REC/P.B. head
CT-F8282,Cassette Tape,RPB-027,RPB-027,REC/PB head
RT-1011L,Reel To Reel Tape,RPB-031-0,RPB-031,Playback head
CT-F700,Cassette Tape,RPB-032,RPB-032,PB/REC head
CT-F9191,Cassette Tape,RPB-034,RPB-034,REC/ PB Head
CT-F7272,Cassette Tape,RPB-037,RPB-037,REC/PB head
CT-F6262,Cassette Tape,RPB-038,RPB-038,Erase head
RT-707,Reel To Reel Tape,RPB-039 or RPB-047,RPB-039 or RPB-047,Erase head (4T2C)
RT-701,Reel To Reel Tape,RPB-040,RPB-040,Recording head (4T2C)
RT-707,Reel To Reel Tape,RPB-040,RPB-040,Recording head (4T2C)
RT-701,Reel To Reel Tape,RPB-041,RPB-041,Playback head (4T2C)
RT-707,Reel To Reel Tape,RPB-041,RPB-041,Playback head (4T2C)
RT-701,Reel To Reel Tape,RPB-047,RPB-047,Erase head (4T2C)
RT-909,Reel To Reel Tape,RPB-047,RPB-047,Erase head (4T 2C EH)
CT-F500/505,Cassette Tape,RPB-052,RPB-052,REC/RB. Head
CT-F600/605,Cassette Tape,RPB-052,RPB-052,REC/PB head
RT-909,Reel To Reel Tape,RPB-064,RPB-064,REC head (4T 2C RH)
RT-909,Reel To Reel Tape,RPB-065,RPB-065,P.B head (4T 2C PBH)
CT-F1050,Cassette Tape,RPB-090,RPB-090,REC/PB head (4ch)
QT-6600,Reel To Reel Tape,RRB-005,RRB-005,Operating instructions QT-6600
QT-2100,8-Track Tape,RRB-007,RRB-007,O/M QT-2100
T-3500,Cassette Tape,RRB-010,RRB-010,O/M T-3500
RT-1020L,Reel To Reel Tape,RRB-021-0,RRB-021,Operating instructions RT-1020L
QT-74,Reel To Reel Tape,RRB-022,RRB-022,Operating instructions QT-74
CT-F7171,Cassette Tape,RRB-040-0,RRB-040,Operating instructions KCU model
RT-1011L,Reel To Reel Tape,RRB-041-A,RRB-041,Operating instructions (KU model)
CT-F7171,Cassette Tape,RRB-042-0,RRB-042,Operating instructions FV model
RT-1011L,Reel To Reel Tape,RRB-046-0,RRB-046,Operating instructions (FV model)
CT-F6161,Cassette Tape,RRB-050-0,RRB-050,Operating instructions (KCU model)
CT-F6161,Cassette Tape,RRB-051-0,RRB-051,Operating instructions (FV model)
CT-F9191,Cassette Tape,RRB-054,RRB-054,Operating instruction CT-F9191 (KCU model)
CT-F9191,Cassette Tape,RRB-056,RRB-056,Operating instruction CT-F9191 (FV model)
CT-F8282,Cassette Tape,RRB-063,RRB-063,Operating instructions  CT-F8282
CT-F6262,Cassette Tape,RRB-070,RRB-070,Operating instructions
CT-F7272,Cassette Tape,RRB-072,RRB-072,Operating instructions
RT-707,Reel To Reel Tape,RRB-078,RRB-078,Operating instructions  RT-707
CT-F1000,Cassette Tape,RRB-083-0,RRB-083,"Operating Instructions CT-F1000 (D, D/G, HG)"
CT-F700,Cassette Tape,RRB-085,RRB-085,Operating instructions (D type)
CT-F700,Cassette Tape,RRB-085,RRB-085,Operating instructions (English) (D type)
CT-F700,Cassette Tape,RRB-087,RRB-087,Operating instructions (English) (KC type)
CT-F700,Cassette Tape,RRB-087,RRB-087,Operating instructions (English) (KU type)
CT-F700,Cassette Tape,RRB-088,RRB-088,Operating instructions (D/G type)
CT-F700,Cassette Tape,RRB-088,RRB-088,Operating instructions (English) (D/G type)
CT-F700,Cassette Tape,RRB-088,RRB-088,Operating instructions (English) (HG type)
CT-F500/505,Cassette Tape,RRB-090,RRB-090,Operating instruction (CT-F500)
CT-F900,Cassette Tape,RRB-092,RRB-092,Operating instructions
CT-F500/505,Cassette Tape,RRB-093,RRB-093,Operating instruction (CT-F505)
CT-F600/605,Cassette Tape,RRB-103,RRB-103,Operating instruction (CT-F605/KU)
CT-F1250,Cassette Tape,RRB-104,RRB-104,Operating instructions  CT-F1250
CT-F950,Cassette Tape,RRB-106,RRB-106,Operating instructions
CT-F750,Cassette Tape,RRB-108,RRB-108,Operating instruction
CT-F850,Cassette Tape,RRB-109,RRB-109,Operating instruction
DT-400,Timer,RRB-119,RRB-119,Operating Instructions DT400
CT-F1050,Cassette Tape,RRB-143,RRB-143,Operating instructions  CT-F1050
CT-F7171,Cassette Tape,RRD-007-0,RRD-007,German operating instructions
RT-1011L,Reel To Reel Tape,RRD-008-0,RRD-008,Operating instructions (German/French - FV model)
CT-F6161,Cassette Tape,RRD-012-0,RRD-012,Operating instructions (German/France)
CT-F9191,Cassette Tape,RRD-014,RRD-014,Operating instruction CT-F9191 (German/French)
CT-F700,Cassette Tape,RRD-027,RRD-027,Operating instructions (German/French) (HG type)
RT-707,Reel To Reel Tape,RRF-040,RRF-040,Reel pad instructions
CT-F1050,Cassette Tape,RRG-020,RRG-020,Operating guide
RT-1020L,Reel To Reel Tape,RRH-001-0,RRH-001,Label (mechanism adj.)
RT-1020L,Reel To Reel Tape,RRH-002-0,RRH-002,Label (amp. adj.)
CT-F7272,Cassette Tape,RRW-001,RRW-001,Head label
CT-F8282,Cassette Tape,RRW-001,RRW-001,Label
CT-F6262,Cassette Tape,RRW-007,RRW-007,Head label
RT-1020L,Reel To Reel Tape,RRW-016-0,RRW-016,Label (voltage selector)
CT-F900,Cassette Tape,RRW-026,RRW-026,Caution label (English) (for KC type)
CT-F900,Cassette Tape,RRW-076,RRW-076,Caution label (French) (for KC type)
CT-F900,Cassette Tape,RRW-078,RRW-078,Caution label (for KC type)
CT-F600/605,Cassette Tape,RRW-081,RRW-081,Erase label
CT-F700,Cassette Tape,RRW-081,RRW-081,E head label
CT-F600/605,Cassette Tape,RRW-082,RRW-082,REC/PB label
CT-F750,Cassette Tape,RRW-082,RRW-082,R/P head label
CT-F700,Cassette Tape,RRW-096,RRW-096,PB/REC head label
CT-F1250,Cassette Tape,RRW-112,RRW-112,UL caution label
CT-F600/605,Cassette Tape,RRW-112,RRW-112,UL Label (A)
CT-F600/605,Cassette Tape,RRW-112,RRW-112,UL Label (A) - CT-F605/KU Model
CT-F850,Cassette Tape,RRW-112,RRW-112,Label
CT-F950,Cassette Tape,RRW-112,RRW-112,UL Caution label (A)
RT-909,Reel To Reel Tape,RRW-112,RRW-112,UL caution label A
CT-F750,Cassette Tape,RRW-118,RRW-118,E head label
SX-1080,Receiver,RS 2P 122J,RS 2P 122J,Metal dxide 1.2k 2W
SX-1080,Receiver,RS 2P 122J,RS 2P 122J,Metal oxide 1.2k 2W
PL-51A,Turntable,RS2P 103J,RS2P 103J,Metal oxide 10k 2W
SX-939,Receiver,RS2P 272J,RS2P 272J,Metal oxide  2.7k  2W
SX-939,Receiver,RS2P 272J,RS2P 272J,Metal oxide  2.7k  2W
SX-950,Receiver,RS2P 272J,RS2P 272J,Metal oxide 2.7k 2W
SX-950,Receiver,RS2P 272J,RS2P 272J,Metal oxide 2.7k 2W
QX-747,Receiver,RS2P 332J,RS2P 332J,Metal oxide 3.3k 2W
QX-747,Receiver,RS2P 332J,RS2P 332J,Metal oxide 3.3k 2W
SX-1010,Receiver,RS2P 332J,RS2P 332J,Metal oxide 3.3k 2W
SA-9500,Integrated Amplifier,RS2P 472J,RS2P 472J,Metal oxide 4.7k 2W
SA-9500,Integrated Amplifier,RS2P 472J,RS2P 472J,Metal oxide 4.7k 2W
SX-850,Receiver,RS2P 472J,RS2P 472J,Metal oxide 4.7k 2W
SX-850,Receiver,RS2P 472J,RS2P 472J,Metal oxide 4.7k 2W
SX-535,Receiver,RS2P 561K,RS2P 561K,Metal oxide  560  2W
SX-535,Receiver,RS2P 561K,RS2P 561K,Metal oxide  560  2W
SX-980,Receiver,RS2P 911J,RS2P 911J,Metal oxide 910 2W
SX-980,Receiver,RS2P 911J,RS2P 911J,Metal oxide 910 2W
QX-747A,Receiver,RS3P 332J,RS3P 332J,Metal oxide 3.3k  3W
QX-747A,Receiver,RS3P 332J,RS3P 332J,Metal oxide 3.3k  3W
QX-949,Receiver,RS3P 332K,RS3P 332K,Metal oxide 3.3k 3W
QX-949,Receiver,RS3P 332K,RS3P 332K,Metal oxide 3.3k 3W
QX-949,Receiver,RS3P 332K,RS3P 332K,Metal oxide 3.3k 3W
QX-949,Receiver,RS3P 332K,RS3P 332K,Metal oxide 3.3k 3W
PL-71,Turntable,RS3P 392J,RS3P 392J,Metal oxide 3.9k 3W
SPEC-2,Amplifier,RS3P 472K,RS3P 472K,Metal oxide 4.7k 3W
SPEC-2,Amplifier,RS3P 472K,RS3P 472K,Metal oxide 4.7k 3W
CT-F1050,Cassette Tape,RS8-027,RS8-027,Rotary slide switch
QT-74,Reel To Reel Tape,RSA-009-0,RSA-009,Push switch (POWER)
CT-F6161,Cassette Tape,RSA-010-A,RSA-010,"Push switch (S5, POWER)    (KCU model)"
CT-F6262,Cassette Tape,RSA-010,RSA-010,Push switch (POWER)
CT-F7171,Cassette Tape,RSA-010-A,RSA-010,"Push switch (S11, POWER)    (KCU Model)"
CT-F7272,Cassette Tape,RSA-010,RSA-010,Power switch
CT-F8282,Cassette Tape,RSA-010,RSA-010,Power switch
CT-F6161,Cassette Tape,RSA-011-0,RSA-011,"Push switch (S5, POWER)   (FV model)"
CT-F7171,Cassette Tape,RSA-011-0,RSA-011,"Push switch (S11, POWER)  (FV model)"
CT-F1000,Cassette Tape,RSA-016,RSA-016,Power switch
CT-F7272,Cassette Tape,RSA-016,RSA-016,Power switch
CT-F9191,Cassette Tape,RSA-016,RSA-016,Lever switch (POWER - KCU)
CT-F9191,Cassette Tape,RSA-017,RSA-017,Lever switch (POWER -FV)
CT-F700,Cassette Tape,RSA-020,RSA-020,Power switch (D type)
CT-F700,Cassette Tape,RSA-020,RSA-020,Power switch (D/G type)
RT-909,Reel To Reel Tape,RSA-020,RSA-020,Power switch (D/G)
CT-F500/505,Cassette Tape,RSA-021,RSA-021,Power switch
CT-F700,Cassette Tape,RSA-021,RSA-021,Power switch (KC type)
CT-F700,Cassette Tape,RSA-021,RSA-021,Power switch (KU type)
CT-F850,Cassette Tape,RSA-021,RSA-021,Power switch
CT-F900,Cassette Tape,RSA-021,RSA-021,Power switch
CT-F950,Cassette Tape,RSA-021,RSA-021,"Power switch (CT-F950/KC, KU)"
RT-909,Reel To Reel Tape,RSA-021,RSA-021,"Power switch (KC, KU)"
CT-F700,Cassette Tape,RSA-022,RSA-022,Power switch (HG type)
CT-F600/605,Cassette Tape,RSA-028,RSA-028,Power switch
CT-F750,Cassette Tape,RSA-028,RSA-028,Power switch
CT-F1250,Cassette Tape,RSA-032,RSA-032,"Power switch (KU, KC)"
CT-F1050,Cassette Tape,RSA-034,RSA-034,Power switch
T-6100,Reel To Reel Tape,RSB-001,RSB-001,SWITCH(SPEED SELECTOR)
QT-6100,Reel To Reel Tape,RSB-003-0,RSB-003,MODE switch
QT-6100,Reel To Reel Tape,RSB-004-0,RSB-004,Rotary switch (EQ SELECTOR SW)
QT-6600,Reel To Reel Tape,RSB-004,RSB-004,SWITCH(EQ SELECTOR)
QT-74,Reel To Reel Tape,RSB-004-0,RSB-004,Rotary switch - Equalizer selector
RT-1020L,Reel To Reel Tape,RSB-008-0,RSB-008,BIAS switch
RT-1020L,Reel To Reel Tape,RSB-009-0,RSB-009,EQ switch
CT-F700,Cassette Tape,RSB-017,RSB-017,Rotary switch (EQ)
CT-F700,Cassette Tape,RSB-017,RSB-017,Rotary switch (INPUT)
CT-F700,Cassette Tape,RSB-017,RSB-017,"Rotary switch (METER, EQ, INPUT)"
CT-F700,Cassette Tape,RSB-018,RSB-018,Rotary switch (DOLBY NR)
DT-400,Timer,RSB-019,RSB-019,ROTARY SWITCH
CT-F950,Cassette Tape,RSB-020,RSB-020,Rotary Switch (TAPE SELECT)
CT-F850,Cassette Tape,RSB-021,RSB-021,Rotary switch (TAPE SELECTOR)
CT-F1250,Cassette Tape,RSB-022,RSB-022,Switch (A - TAPE CAL MODE SEL)
CT-F1250,Cassette Tape,RSB-023,RSB-023,Switch (B - TAPE SELECTOR)
CT-F1050,Cassette Tape,RSB-027,RSB-027,Rotary slide-switch (MODE SELECTOR)
T-3500,Cassette Tape,RSF-002,RSF-002,SWITCH(SENSING/MOTOR)
RT-1020L,Reel To Reel Tape,RSF-007-0,RSF-007,Microswitch (shut-off switch)
RT-701,Reel To Reel Tape,RSF-007,RSF-007,Micro switch
RT-707,Reel To Reel Tape,RSF-007,RSF-007,Micro switch (SHUT-OFF)
RT-1011L,Reel To Reel Tape,RSF-013-0,RSF-013,Microswitch (shut-off switch)
RT-1011L,Reel To Reel Tape,RSF-013-0,RSF-013,Microswitch (Shut-Off)
CT-F8282,Cassette Tape,RSF-017,RSF-017,Micro switch (PAUSE)
CT-F9191,Cassette Tape,RSF-017,RSF-017,Microswitch
CT-F8282,Cassette Tape,RSF-019,RSF-019,Micro switch
CT-F1250,Cassette Tape,RSF-022,RSF-022,Microswltch
CT-F750,Cassette Tape,RSF-022,RSF-022,Microswitch
CT-F850,Cassette Tape,RSF-022,RSF-022,Microswitch S6
CT-F900,Cassette Tape,RSF-022,RSF-022,"Micro switch (CrO, TAPE DETECTOR)"
CT-F900,Cassette Tape,RSF-022,RSF-022,Micro switch (ERASE PREVENT DETECTOR)
CT-F950,Cassette Tape,RSF-022,RSF-022,Microswitch (ERASE PREVENT DETECTOR)
RT-909,Reel To Reel Tape,RSF-022,RSF-022,Micro switch
CT-F1050,Cassette Tape,RSF-024,RSF-024,Micro switch A (REC SENSOR A)
CT-F1050,Cassette Tape,RSF-024,RSF-024,Micro switch B
CT-F1250,Cassette Tape,RSF-024,RSF-024,Microswitch (B)
CT-F750,Cassette Tape,RSF-024,RSF-024,Microswitch (B)
CT-F850,Cassette Tape,RSF-024,RSF-024,Microswitch (B) S7
CT-F900,Cassette Tape,RSF-024,RSF-024,Micro switch (CASSETTE HALF DETECTOR)
CT-F950,Cassette Tape,RSF-024,RSF-024,Microswitch B (CASSETTE HALF DETECTOR)
CT-F750,Cassette Tape,RSF-025,RSF-025,Microswitch
CT-F750,Cassette Tape,RSF-026,RSF-026,Micro switch
CT-F6161,Cassette Tape,RSG-022-0,RSG-022,"Push switch (S8, SKIP)"
CT-F7171,Cassette Tape,RSG-022-0,RSG-022,"Push switch (S8, SKIP)"
CT-F7171,Cassette Tape,RSG-023-0,RSG-023,"Push switch (Dolby, Bias, EQ, Limiter)"
CT-F6161,Cassette Tape,RSG-024-0,RSG-024,"Push switch (Dolby, Bias, EQ)"
CT-F9191,Cassette Tape,RSG-029,RSG-029,"Push switch assembly (EQ,BIAS,LIMITER,DOLBY,MPX FILTER,MEMORY)"
CT-F8282,Cassette Tape,RSG-045,RSG-045,"Push Switch (EQ, BIAS, DOLBY, MEMORY)"
CT-F8282,Cassette Tape,RSG-046,RSG-046,"Function switch (REW, FF, PLAY, REC)"
RT-701,Reel To Reel Tape,RSG-046,RSG-046,Pause switch
RT-701,Reel To Reel Tape,RSG-047,RSG-047,Function switch (FF)
RT-701,Reel To Reel Tape,RSG-047,RSG-047,Function switch (PLAY)
RT-701,Reel To Reel Tape,RSG-047,RSG-047,Function switch (REC)
RT-701,Reel To Reel Tape,RSG-047,RSG-047,Function switch (REW)
RT-707,Reel To Reel Tape,RSG-048,RSG-048,SWITCH(PAUSE/REPEAT)
RT-701,Reel To Reel Tape,RSG-049,RSG-049,Push switch (BIAS)
RT-701,Reel To Reel Tape,RSG-049,RSG-049,Push switch (EQUALIZATION)
RT-701,Reel To Reel Tape,RSG-049,RSG-049,Push switch (MONITOR)
RT-701,Reel To Reel Tape,RSG-049,RSG-049,Push switch (POWER)
RT-701,Reel To Reel Tape,RSG-049,RSG-049,Push switch (SPEED)
RT-707,Reel To Reel Tape,RSG-050,RSG-050,SWITCH ASSY(FF/REW/PLAY/REC)
RT-707,Reel To Reel Tape,RSG-051,RSG-051,Push switch (EQ)
RT-707,Reel To Reel Tape,RSG-051,RSG-051,Push switch (POWER)
RT-707,Reel To Reel Tape,RSG-051,RSG-051,Push switch (RECORD LEFT)
RT-707,Reel To Reel Tape,RSG-051,RSG-051,Push switch (RECORD RIGHT)
RT-707,Reel To Reel Tape,RSG-051,RSG-051,Push switch (SPEED)
RT-707,Reel To Reel Tape,RSG-051,RSG-051,Push switch(BIAS)
CT-F1000,Cassette Tape,RSG-053,RSG-053,Push switch
CT-F700,Cassette Tape,RSG-057,RSG-057,Push switch (MEMORY)
CT-F500/505,Cassette Tape,RSG-062,RSG-062,"Push switch (TAPE SELECTOR,DOLBY NR)"
CT-F1050,Cassette Tape,RSG-063,RSG-063,"Function switch (MEMORY,SET,A/B,UP,DOWN,CHECK,RUN/SKIP)"
RT-909,Reel To Reel Tape,RSG-063,RSG-063,Function switch (RESET)
CT-F900,Cassette Tape,RSG-064,RSG-064,Push switch A (MONITOR)
CT-F950,Cassette Tape,RSG-064,RSG-064,Push switch A (MONITOR)
CT-F900,Cassette Tape,RSG-065,RSG-065,Push switch C (TAPE)
CT-F950,Cassette Tape,RSG-066,RSG-066,Switch E
CT-F950,Cassette Tape,RSG-067,RSG-067,Switch F
CT-F900,Cassette Tape,RSG-068,RSG-068,"Push switch B (DOLBY NR, INPUT)"
CT-F900,Cassette Tape,RSG-068,RSG-068,"Push switch C (DOLBY.NR, INPUT)"
CT-F950,Cassette Tape,RSG-068,RSG-068,"Push switch B (INPUT SELECTOR, DOLBY)"
CT-F850,Cassette Tape,RSG-071,RSG-071,"Function switch (REW, FF, STOP, PLAY, REC, PAUSE)"
CT-F600/605,Cassette Tape,RSG-074,RSG-074,"Push switch ass'y (DOLBY,TAPE STD,FeCr,CrO2)"
CT-F850,Cassette Tape,RSG-078,RSG-078,"Push switch  (MONITOR, METER SELECT, DOLBY)"
CT-F1250,Cassette Tape,RSG-083,RSG-083,Switch
RT-909,Reel To Reel Tape,RSG-086,RSG-086,Mode switch (BIAS)
RT-909,Reel To Reel Tape,RSG-086,RSG-086,Mode switch (EQ)
RT-909,Reel To Reel Tape,RSG-086,RSG-086,Mode switch (MONITOR)
RT-909,Reel To Reel Tape,RSG-086,RSG-086,Mode switch (REC MODE - L)
RT-909,Reel To Reel Tape,RSG-086,RSG-086,Mode switch (REC MODE - R)
RT-909,Reel To Reel Tape,RSG-087,RSG-087,Meter switch (AVG/PEAK)
RT-909,Reel To Reel Tape,RSG-087,RSG-087,Meter switch (DIMMER)
RT-909,Reel To Reel Tape,RSG-088,RSG-088,Push switch (FF)
RT-909,Reel To Reel Tape,RSG-088,RSG-088,Push switch (FWD)
RT-909,Reel To Reel Tape,RSG-088,RSG-088,Push switch (PAUSE)
RT-909,Reel To Reel Tape,RSG-088,RSG-088,Push switch (REC)
RT-909,Reel To Reel Tape,RSG-088,RSG-088,Push switch (REV)
RT-909,Reel To Reel Tape,RSG-088,RSG-088,Push switch (REW)
RT-909,Reel To Reel Tape,RSG-088,RSG-088,Push switch (STOP)
RT-909,Reel To Reel Tape,RSG-089,RSG-089,AUTO REPEAT
RT-909,Reel To Reel Tape,RSG-089,RSG-089,REEL
RT-909,Reel To Reel Tape,RSG-089,RSG-089,TAPE SPEED
RT-909,Reel To Reel Tape,RSG-089,RSG-089,TIMER START
CT-F750,Cassette Tape,RSG-090,RSG-090,Push switch assembly
CT-F1050,Cassette Tape,RSG-099,RSG-099,"Push switch (REC MUTE,REC,PAUSE,PLAY,STOP,REW,FF)"
CT-F1050,Cassette Tape,RSG-106,RSG-106,"Push switch A (TIMER-REC/PLAY/STOP,MEMORY STOP,RESET)"
CT-F1050,Cassette Tape,RSG-107,RSG-107,"Push switch B (DOLBY,METAL,NORM,CrO2)"
CT-F1050,Cassette Tape,RSG-108,RSG-108,Push switch
QT-6600,Reel To Reel Tape,RSH-002,RSH-002,SWITCH(REC/PLAYBACK/PB POS)
QT-74,Reel To Reel Tape,RSH-002-0,RSH-002,Slide switch (REC/PB)
PL-15D,Turntable,RSH-003-A,RSH-003,Line voltage switch
QT-6600,Reel To Reel Tape,RSH-003,RSH-003,SWITCH(MODE/4 CHNL. POS)
QT-74,Reel To Reel Tape,RSH-003-0,RSH-003,Rotary switch (MODE)
QT-6600,Reel To Reel Tape,RSH-004,RSH-004,SWITCH(REC/PLAYBACK/REC POS)
QT-74,Reel To Reel Tape,RSH-004-0,RSH-004,Slide switch (REC/PB)
QT-74,Reel To Reel Tape,RSH-006-0,RSH-006,Slide switch (TAPE SELECTOR)
CT-F6161,Cassette Tape,RSH-008-B,RSH-008,Slide switch (REC/P.B Selector)
CT-F6161,Cassette Tape,RSH-009-A,RSH-009,Slide Switch (Muting)
CT-F7171,Cassette Tape,RSH-009-A,RSH-009,Slide Switch (Muting)
CT-F6262,Cassette Tape,RSH-011,RSH-011,Slide switch (REC/PB)
CT-F7272,Cassette Tape,RSH-011,RSH-011,Slide switch
RT-1011L,Reel To Reel Tape,RSH-013-0,RSH-013,Frequency change switch (FV model)
RT-1011L,Reel To Reel Tape,RSH-013-0,RSH-013,Frequency switch
CT-F6262,Cassette Tape,RSH-021,RSH-021,Slide switch (INPUT SELECTOR)
CT-F7272,Cassette Tape,RSH-021,RSH-021,Switch (INPUT SELECTOR)
CT-F8282,Cassette Tape,RSH-021,RSH-021,Switch (INPUT SELECTOR)
CT-F700,Cassette Tape,RSH-027,RSH-027,Slide switch
CT-F700,Cassette Tape,RSH-030,RSH-030,Slide switch M
CT-F500/505,Cassette Tape,RSH-037,RSH-037,Slide switch (REC/PLAYBACK SELECTOR)
CT-F600/605,Cassette Tape,RSH-038,RSH-038,Slide switch
CT-F750,Cassette Tape,RSH-043,RSH-043,Slide switch (REC PLAYBACK SEL - L)
CT-F750,Cassette Tape,RSH-048,RSH-048,"Slide switch (FWD REV SEL, REC PLAYBACK SEL - R)"
CT-F1050,Cassette Tape,RSH-058,RSH-058,Slide switch
QT-74,Reel To Reel Tape,RSK-001-0,RSK-001,Lever switch (Muting)
T-3500,Cassette Tape,RSK-007,RSK-007,SWITCH(MUTING)
QT-6600,Reel To Reel Tape,RSK-008,RSK-008,SWITCH(MUTING/PLAY POS)
QT-6100,Reel To Reel Tape,RSK-011-0,RSK-011,Muting switch ass’y
CT-F6161,Cassette Tape,RSK-019-A,RSK-019,Leaf switch (PAUSE)
CT-F700,Cassette Tape,RSK-019,RSK-019,Leaf switch
CT-F7171,Cassette Tape,RSK-019-A,RSK-019,Leaf switch (PAUSE)
CT-F7171,Cassette Tape,RSK-019-A,RSK-019,Leaf switch (REW)
RT-1020L,Reel To Reel Tape,RSK-021-B,RSK-021,Lever switch (PAUSE)
CT-F7171,Cassette Tape,RSK-024-0,RSK-024,Lever switch (MEMORY and LIGHT)
CT-F9191,Cassette Tape,RSK-026,RSK-026,Lever switch (PAUSE)
RT-1011L,Reel To Reel Tape,RSK-026-0,RSK-026,Lever switch
RT-1011L,Reel To Reel Tape,RSK-026-0,RSK-026,Lever switch (PAUSE)
CT-F6262,Cassette Tape,RSK-031,RSK-031,Lever switch (DOLBY NR)
CT-F7272,Cassette Tape,RSK-031,RSK-031,Lever switch
CT-F6262,Cassette Tape,RSK-032,RSK-032,Lever switch (TAPE SELECTOR)
CT-F7272,Cassette Tape,RSK-032,RSK-032,Lever switch
CT-F7272,Cassette Tape,RSK-032,RSK-032,Lever switch
CT-F8282,Cassette Tape,RSK-033,RSK-033,Lever switch (PAUSE)
CT-F1000,Cassette Tape,RSK-038,RSK-038,"Lever switch A (REC-LIMITER, BlAS)"
CT-F1000,Cassette Tape,RSK-039,RSK-039,Lever switch B (EQ)
CT-F1000,Cassette Tape,RSK-040,RSK-040,Lever switch C (DOLBY REC CAL TEST)
CT-F1000,Cassette Tape,RSK-041,RSK-041,"Lever switch D (DOLBY, MPX FIL)"
CT-F1000,Cassette Tape,RSK-042,RSK-042,Lever switch E (PAUSE)
CT-F1000,Cassette Tape,RSK-043,RSK-043,Lever switch F (MONITOR)
CT-F750,Cassette Tape,RSK-055,RSK-055,Lever switch (REC MUTE)
CT-F750,Cassette Tape,RSK-056,RSK-056,Lever switch (DOLBY NR)
RT-1020L,Reel To Reel Tape,RSL-004-0,RSL-004,Frequency switch
RT-1020L,Reel To Reel Tape,RSL-004-0,RSL-004,Snap switch (frequency change switch)
CT-F6161,Cassette Tape,RSN-002-0,RSN-002,Leaf switch (Play)
CT-F7171,Cassette Tape,RSN-002-0,RSN-002,Leaf switch (Play)
CT-F600/605,Cassette Tape,RSN-006,RSN-006,Switch
CT-F6262,Cassette Tape,RSN-006,RSN-006,Spring switch (Muting)
CT-F6262,Cassette Tape,RSN-006,RSN-006,Spring switch (Pause)
CT-F700,Cassette Tape,RSN-006,RSN-006,Leaf switch D
CT-F7272,Cassette Tape,RSN-006,RSN-006,MUTING Switch
CT-F7272,Cassette Tape,RSN-006,RSN-006,PAUSE Switch
CT-F500/505,Cassette Tape,RSN-010,RSN-010,Motor
CT-F6262,Cassette Tape,RSN-010,RSN-010,Lever switch (Cr02 DET.)
CT-F700,Cassette Tape,RSN-010,RSN-010,Lever switch
CT-F7272,Cassette Tape,RSN-010,RSN-010,CHROME TAPE DETECTOR
CT-F6262,Cassette Tape,RSN-011,RSN-011,Spring switch (Motor)
CT-F7272,Cassette Tape,RSN-011,RSN-011,PLAY Switch
CT-F500/505,Cassette Tape,RSN-013,RSN-013,"FF, REW Muting"
CT-F500/505,Cassette Tape,RSN-014,RSN-014,Chrome tape detector
CT-F700,Cassette Tape,RSN-016,RSN-016,Leaf switch (REC)
CT-F600/605,Cassette Tape,RSN-018,RSN-018,Switch
CT-F7272,Cassette Tape,RSN-019,RSN-019,REW Switch
CT-F500/505,Cassette Tape,RSN-021,RSN-021,Play
CT-F600/605,Cassette Tape,RSN-024,RSN-024,Chrome switch
CT-F600/605,Cassette Tape,RSN-025,RSN-025,Switch
CT-F750,Cassette Tape,RSN-025,RSN-025,Leaf switch
CT-F750,Cassette Tape,RSN-027,RSN-027,Lever switch
CT-F600/605,Cassette Tape,RSN-027 (RSN-010),RSN-027 (RSN-010),Lever switch
CT-F750,Cassette Tape,RSN-028,RSN-028,Switch S002
QT-74,Reel To Reel Tape,RSR-013-0,RSR-013,Relay (12V)
RT-909,Reel To Reel Tape,RSR-024,RSR-024,Relay
RT-707,Reel To Reel Tape,RSR-025,RSR-025,RELAY SWITCH
CT-F750,Cassette Tape,RSR-031,RSR-031,Relay
CT-F1050,Cassette Tape,RSR-035,RSR-035,Relay
T-3500,Cassette Tape,RSX-002,RSX-002,SWITCH(REED)
CT-F6161,Cassette Tape,RSX-034-A,RSX-034,Sensing switch assembly
CT-F7171,Cassette Tape,RSX-034-0,RSX-034,Sensing switch assembly
CT-F9191,Cassette Tape,RSX-035,RSX-035,Sensing switch assembly
CT-F8282,Cassette Tape,RSX-040,RSX-040,Sensing switch assembly
CT-F6262,Cassette Tape,RSX-041,RSX-041,Hall tape running detector
CT-F7272,Cassette Tape,RSX-041,RSX-041,Switch assembly
CT-F700,Cassette Tape,RSX-044,RSX-044,Sensing switch assembly
CT-F1050,Cassette Tape,RSX-050,RSX-050,Plunger slide-switch
SX-626 (1971),Receiver,RT3B  151K,RT3B  151K,Wire wound  150  3W
SX-626 (1971),Receiver,RT3B  151K,RT3B  151K,Wire wound  150  3W
SX-626 (1971),Receiver,RT5B  100K,RT5B  100K,Wire wound  10  5W
SX-525,Receiver,RT5B 100K,RT5B 100K,Wire wound 10  5W
SX-828,Receiver,RT5B 151 K,RT5B 151 K,Wire wound  150 5W
SX-828,Receiver,RT5B 151 K,RT5B 151 K,Wire wound  150 5W
SX-727,Receiver,RT5B 151K,RT5B 151K,Wire wound  150  5W
SX-828,Receiver,RT5B 151K,RT5B 151K,Wire wound  150 5W
SPEC-1,Pre-Amplifier,RTEB 151K,RTEB 151K,Wire wound 150 5W
SX-626 (1971),Receiver,RTSB  100K,RTSB  100K,Wire wound  10  5W
SPEC-1,Pre-Amplifier,RTSB 151K,RTSB 151K,Wire wound 150 5W
SX-727,Receiver,RTSB 151K,RTSB 151K,Wire wound  150  5W
QT-2100,8-Track Tape,RTT-005,RTT-005,PWR XFMR QT-2100
QT-6100,Reel To Reel Tape,RTT-007-0,RTT-007,Power transformer
QT-6600,Reel To Reel Tape,RTT-007-A,RTT-007,Power transformer
QT-74,Reel To Reel Tape,RTT-007-A,RTT-007,Power transformer
RT-1020L,Reel To Reel Tape,RTT-039-A,RTT-039,Power transformer
RT-1011L,Reel To Reel Tape,RTT-048-A,RTT-048,Power transformer
RT-1011L,Reel To Reel Tape,RTT-048-A,RTT-048,Power transformer (FV model)
CT-F7171,Cassette Tape,RTT-055-B,RTT-055,Power transformer  (KCU model)
CT-F7171,Cassette Tape,RTT-056-A,RTT-056,Power transformer (FV model)
RT-1011L,Reel To Reel Tape,RTT-057-A,RTT-057,Power transformer (KU model)
CT-F6161,Cassette Tape,RTT-059-B,RTT-059,Power transformer  (KCU model)
CT-F6161,Cassette Tape,RTT-060-0,RTT-060,Power transformer  (FV model)
CT-F9191,Cassette Tape,RTT-069-0,RTT-069,Power transformer (KCU model)
CT-F9191,Cassette Tape,RTT-070-0,RTT-070,Power transformer (FV model)
CT-F6262,Cassette Tape,RTT-097,RTT-097,Power transformer
CT-F7272,Cassette Tape,RTT-097,RTT-097,Power transformer
CT-F8282,Cassette Tape,RTT-101,RTT-101,Power transformer
RT-701,Reel To Reel Tape,RTT-115,RTT-115,Power transformer
RT-707,Reel To Reel Tape,RTT-115,RTT-115,Power transformer (KCU)
RT-707,Reel To Reel Tape,RTT-116,RTT-116,Power transformer (KCU - Improved)
CT-F1000,Cassette Tape,RTT-117,RTT-117,Power transformer
RT-707,Reel To Reel Tape,RTT-118,RTT-118,Power transformer (D model)
RT-707,Reel To Reel Tape,RTT-123,RTT-123,Power transformer (HG model)
CT-F700,Cassette Tape,RTT-131,RTT-131,Power transformer (KU type)
CT-F700,Cassette Tape,RTT-132,RTT-132,Power transformer
CT-F700,Cassette Tape,RTT-132,RTT-132,Power transformer (D type)
CT-F700,Cassette Tape,RTT-132,RTT-132,Power transformer (D/G type)
CT-F700,Cassette Tape,RTT-133,RTT-133,Power transformer (HG type)
CT-F700,Cassette Tape,RTT-138,RTT-138,Power transformer (KC type)
CT-F900,Cassette Tape,RTT-140,RTT-140,Power transformer
CT-F500/505,Cassette Tape,RTT-142,RTT-142,Power transformer (KU)
CT-F600/605,Cassette Tape,RTT-161,RTT-161,Power transformer - CT-F605/KU Model
CT-F600/605,Cassette Tape,RTT-162,RTT-162,Power transformer  (CT-F600/KC)
RT-701,Reel To Reel Tape,RTT-166,RTT-166,Power transformer (Improved)
CT-F850,Cassette Tape,RTT-174,RTT-174,Power transformer
CT-F950,Cassette Tape,RTT-175,RTT-175,Power transformer (CT-F950/KU)
CT-F1250,Cassette Tape,RTT-176,RTT-176,"Power transformer (KU, KC)"
CT-F750,Cassette Tape,RTT-177,RTT-177,Power transformer (KU)
RT-909,Reel To Reel Tape,RTT-178,RTT-178,Power transformer (KU)
CT-F950,Cassette Tape,RTT-185,RTT-185,Power transformer (CT-F950/KC)
CT-F1250,Cassette Tape,RTT-188,RTT-188,"Power transformer (HB, HE)"
CT-F1250,Cassette Tape,RTT-195,RTT-195,"Power transformer (D, DG)"
CT-F750,Cassette Tape,RTT-198,RTT-198,Power transformer (KC)
RT-909,Reel To Reel Tape,RTT-199,RTT-199,Power transformer (D/G)
CT-F1050,Cassette Tape,RTT-224,RTT-224,"Power transformer (120V, 220V and 240V)"
QT-6600,Reel To Reel Tape,RWA-002-B,RWA-002,OSC. unit
QT-74,Reel To Reel Tape,RWA-002-B,RWA-002,Oscillator assembly
QT-6100,Reel To Reel Tape,RWA-004-0,RWA-004,OSC unit
RT-1020L,Reel To Reel Tape,RWA-008-A,RWA-008,OSC assembly
RT-1011L,Reel To Reel Tape,RWA-021-0,RWA-021,OSC assembly
CT-F1000,Cassette Tape,RWA-028,RWA-028,Test tone assembly
QT-6600,Reel To Reel Tape,RWF-003-B,RWF-003,AMP. unit (A)
QT-74,Reel To Reel Tape,RWF-003-B,RWF-003,Amplifier-A assembly
QT-6600,Reel To Reel Tape,RWF-004-B,RWF-004,AMP. unit (B)
QT-74,Reel To Reel Tape,RWF-004-B,RWF-004,Amplifier-B assembly
QT-6100,Reel To Reel Tape,RWF-005-A,RWF-005,Amp unit (A)
QT-6100,Reel To Reel Tape,RWF-006-0,RWF-006,Amp unit (B)
RT-1020L,Reel To Reel Tape,RWF-014-0,RWF-014,P. B. amplifier assembly
RT-1020L,Reel To Reel Tape,RWF-015-0,RWF-015,REC ampiifier assembly
CT-F7171,Cassette Tape,RWF-025-A,RWF-025,REC/P.B. amplifier assembly
RT-1011L,Reel To Reel Tape,RWF-028-0,RWF-028,P.B. amplifier assembly
RT-1011L,Reel To Reel Tape,RWF-029-0,RWF-029,REC amplifier assembly
CT-F6161,Cassette Tape,RWF-038-B,RWF-038,REC/P.B. amplifier assembly
CT-F9191,Cassette Tape,RWF-041,RWF-041,REC/PB ampliﬁer assembly
CT-F8282,Cassette Tape,RWF-055,RWF-055,REC/PB amplifier assembly
CT-F7272,Cassette Tape,RWF-056,RWF-056,REC/PB amplifier assembly
CT-F6262,Cassette Tape,RWF-061,RWF-061,REC/PB amplifier assembly
RT-701,Reel To Reel Tape,RWF-064,RWF-064,Playback amplifier assembly
RT-701,Reel To Reel Tape,RWF-065,RWF-065,MIC amplifier assembly
RT-707,Reel To Reel Tape,RWF-065,RWF-065,Mic amplifier assembly
RT-707,Reel To Reel Tape,RWF-065,RWF-065,"MlC amplifier assembly (D,D/G)"
RT-707,Reel To Reel Tape,RWF-065,RWF-065,MlC amplifier assembly (HG)
RT-707,Reel To Reel Tape,RWF-065,RWF-065,MlC amplifier assembly (Improved Model - KCU)
RT-707,Reel To Reel Tape,RWF-065,RWF-065,MlC amplifier assembly (KCU)
RT-707,Reel To Reel Tape,RWF-069,RWF-069,Playback amplifier assembly (KCU)
RT-707,Reel To Reel Tape,RWF-078,RWF-078,"Playback amplifier assembly (D,D/G)"
CT-F1000,Cassette Tape,RWF-079,RWF-079,Playback equalizer assembly
RT-707,Reel To Reel Tape,RWF-080,RWF-080,Playback amplifier assembly (HG)
RT-707,Reel To Reel Tape,RWF-080,RWF-080,Playback amplifier assembly (Improved Model - KCU)
RT-701,Reel To Reel Tape,RWF-081,RWF-081,Playback ampliﬁer assembly
CT-F700,Cassette Tape,RWF-082,RWF-082,Amplifier assembly (HG type)
CT-F700,Cassette Tape,RWF-084,RWF-084,Amplifier assembly (D type)
CT-F700,Cassette Tape,RWF-084,RWF-084,Amplifier assembly (D/G type)
CT-F700,Cassette Tape,RWF-085,RWF-085,Amplifier assembly (KC type)
CT-F700,Cassette Tape,RWF-085,RWF-085,Amplifier assembly (KU type)
RT-909,Reel To Reel Tape,RWF-088,RWF-088,Preamplifier assembly
CT-F700,Cassette Tape,RWF-191,RWF-191,Dolby assembly (D/G type)
RT-1020L,Reel To Reel Tape,RWG-040-0,RWG-040,Control assembly
RT-1011L,Reel To Reel Tape,RWG-046-0,RWG-046,Control assembly (FV model)
RT-1011L,Reel To Reel Tape,RWG-047-0,RWG-047,Control assembly (KU model)
CT-F9191,Cassette Tape,RWG-048,RWG-048,Control assembly
CT-F6262,Cassette Tape,RWG-057,RWG-057,Control assembly
CT-F7272,Cassette Tape,RWG-062,RWG-062,Control assembly
CT-F8282,Cassette Tape,RWG-063,RWG-063,Control assembly
RT-701,Reel To Reel Tape,RWG-068,RWG-068,Servo amplifier assembly
RT-707,Reel To Reel Tape,RWG-069,RWG-069,"Servo amplifier assembly (D,D/G)"
RT-707,Reel To Reel Tape,RWG-069,RWG-069,Servo amplifier assembly (HG)
RT-701,Reel To Reel Tape,RWG-070,RWG-070,Control assembly
RT-707,Reel To Reel Tape,RWG-070,RWG-070,"Control assembly (D,D/G)"
RT-707,Reel To Reel Tape,RWG-070,RWG-070,Control assembly (Improved Model - KCU)
RT-707,Reel To Reel Tape,RWG-070,RWG-070,Control assembly (KCU)
RT-707,Reel To Reel Tape,RWG-076,RWG-076,Servo amplifier assembly (Improved Mode - KCU)
RT-707,Reel To Reel Tape,RWG-076,RWG-076,Servo amplifier assembly (KCU)
CT-F1000,Cassette Tape,RWG-080,RWG-080,Control assembly
RT-707,Reel To Reel Tape,RWG-082,RWG-082,Control assembly (HG)
CT-F700,Cassette Tape,RWG-085,RWG-085,Control assembly
CT-F900,Cassette Tape,RWG-093,RWG-093,Control assembly
CT-F1250,Cassette Tape,RWG-100,RWG-100,Control unit
CT-F950,Cassette Tape,RWG-103,RWG-103,Control assembly
CT-F1250,Cassette Tape,RWG-104,RWG-104,Control unit
RT-909,Reel To Reel Tape,RWG-105,RWG-105,Control B assembly
QT-6600,Reel To Reel Tape,RWR-008-A,RWR-008,Power supply unit
QT-6100,Reel To Reel Tape,RWR-008 A,RWR-008 A,Power supply unit
QT-74,Reel To Reel Tape,RWR-020-A,RWR-020,Power supply circuit assembly
CT-F7171,Cassette Tape,RWR-023-A,RWR-023,Sensing circuit assembly  with in power supply
CT-F6161,Cassette Tape,RWR-025-0,RWR-025,Sensing circuit assembly  (with in power supply)
CT-F9191,Cassette Tape,RWR-026,RWR-026,Power supply assembly
CT-F7272,Cassette Tape,RWR-035,RWR-035,Power supply assembly
CT-F8282,Cassette Tape,RWR-043,RWR-043,Power supply assembly
CT-F6262,Cassette Tape,RWR-045,RWR-045,Power supply assembly
RT-707,Reel To Reel Tape,RWR-050,RWR-050,"Power and oscillation assembly (D,D/G)"
RT-707,Reel To Reel Tape,RWR-053,RWR-053,Power and oscillation assembly (KCU)
RT-701,Reel To Reel Tape,RWR-054,RWR-054,Power and oscillation assembly
CT-F1000,Cassette Tape,RWR-055,RWR-055,Power supply assembly
RT-707,Reel To Reel Tape,RWR-056,RWR-056,Power and oscillation assembly (HG)
RT-707,Reel To Reel Tape,RWR-058,RWR-058,Power and oscillation assembly (Improved Model - KCU)
RT-701,Reel To Reel Tape,RWR-059,RWR-059,Power and oscillation assembly (Improved)
CT-F700,Cassette Tape,RWR-061,RWR-061,Power and oscillation assembly (D type)
CT-F700,Cassette Tape,RWR-061,RWR-061,Power and oscillation assembly (D/G type)
CT-F700,Cassette Tape,RWR-063,RWR-063,Power and oscillation assembly (KU type)
CT-F700,Cassette Tape,RWR-066,RWR-066,Power and oscillation assembly (HG type)
CT-F700,Cassette Tape,RWR-066,RWR-066,Power and oscillation assembly (KC type)
CT-F900,Cassette Tape,RWR-067,RWR-067,Power supply assembly
CT-F950,Cassette Tape,RWR-067,RWR-067,Power supply assembly
CT-F1250,Cassette Tape,RWR-074,RWR-074,Power supply unit
CT-F750,Cassette Tape,RWR-075,RWR-075,Power supply unit
CT-F850,Cassette Tape,RWR-076,RWR-076,Power supply & control assembly
CT-F7171,Cassette Tape,RWS-010-A,RWS-010,Slide switch assembly (Muting)
RT-1020L,Reel To Reel Tape,RWS-011-A,RWS-011,SW circuit assembly
RT-1020L,Reel To Reel Tape,RWS-013-A,RWS-013,EQ switch circuit assembly
CT-F7171,Cassette Tape,RWS-022-A,RWS-022,Switch assembly
CT-F6161,Cassette Tape,RWS-023-A,RWS-023,Switch assembly
RT-1011L,Reel To Reel Tape,RWS-024-0,RWS-024,SW circuit assembly
RT-1011L,Reel To Reel Tape,RWS-026-A,RWS-026,EQ switch circuit assembly (KU model)
RT-1011L,Reel To Reel Tape,RWS-027-B,RWS-027,EQ switch circuit assembly (FV model)
CT-F6161,Cassette Tape,RWS-030-0,RWS-030,Slide switch assembly (Muting)
CT-F9191,Cassette Tape,RWS-031,RWS-031,Switch assembly
CT-F7272,Cassette Tape,RWS-044,RWS-044,Switch assembly
CT-F6262,Cassette Tape,RWS-046,RWS-046,Switch assembly
CT-F8282,Cassette Tape,RWS-048,RWS-048,Switch assembly
RT-701,Reel To Reel Tape,RWS-051,RWS-051,Function switch assembly
RT-707,Reel To Reel Tape,RWS-052,RWS-052,"Function switch assembly (D,D/G)"
RT-707,Reel To Reel Tape,RWS-052,RWS-052,Function switch assembly (Improved Model - KCU)
RT-707,Reel To Reel Tape,RWS-052,RWS-052,Function switch assembly (KCU)
RT-707,Reel To Reel Tape,RWS-053,RWS-053,"Switch assembly (D,D/G)"
RT-707,Reel To Reel Tape,RWS-058,RWS-058,Switch assembly (Improved Model - KU)
RT-707,Reel To Reel Tape,RWS-058,RWS-058,Switch assembly (KU)
RT-707,Reel To Reel Tape,RWS-059,RWS-059,Switch assembly (Improved Model - KC)
RT-707,Reel To Reel Tape,RWS-059,RWS-059,Switch assembly (KC)
RT-701,Reel To Reel Tape,RWS-062,RWS-062,Switch assembly (KU)
RT-701,Reel To Reel Tape,RWS-063,RWS-063,Switch assembly (KC)
CT-F1000,Cassette Tape,RWS-064,RWS-064,Pause switch assembly
RT-707,Reel To Reel Tape,RWS-065,RWS-065,Switch assembly (HG)
RT-707,Reel To Reel Tape,RWS-066,RWS-066,Function switch assembly (HG)
RT-701,Reel To Reel Tape,RWS-067,RWS-067,Switch assembly  (Improved - KC)
RT-701,Reel To Reel Tape,RWS-068,RWS-068,Switch assembly  (Improved - KU)
CT-F1250,Cassette Tape,RWS-075,RWS-075,Function switch unit
CT-F750,Cassette Tape,RWS-077,RWS-077,Switch unit
RT-909,Reel To Reel Tape,RWS-078,RWS-078,Function switch assembly
RT-909,Reel To Reel Tape,RWS-079,RWS-079,Switch assembly
CT-F1000,Cassette Tape,RWX -176,RWX -176,lndicator assembly
QT-6600,Reel To Reel Tape,RWX-001-A,RWX-001,Mode switch unit
QT-74,Reel To Reel Tape,RWX-001-A,RWX-001,Mode switch circuit assembly
QT-6600,Reel To Reel Tape,RWX-002-0,RWX-002,REC. SW. unit
QT-74,Reel To Reel Tape,RWX-002-0,RWX-002,REC switch assembly
QT-6600,Reel To Reel Tape,RWX-003-0,RWX-003,Muting SW.unit
QT-74,Reel To Reel Tape,RWX-003-0,RWX-003,Muting switch assembly
QT-6600,Reel To Reel Tape,RWX-004-0,RWX-004,Lamp unit
QT-74,Reel To Reel Tape,RWX-004-0,RWX-004,Lamp board
QT-6100,Reel To Reel Tape,RWX-008-0,RWX-008,Equalizer switch unit
QT-6600,Reel To Reel Tape,RWX-008-0,RWX-008,Equalizer switch unit
QT-74,Reel To Reel Tape,RWX-008-A,RWX-008,Equalizer switch assembly
QT-6100,Reel To Reel Tape,RWX-009-0,RWX-009,Lamp unit
QT-6100,Reel To Reel Tape,RWX-010-0,RWX-010,Muting switch unit
QT-74,Reel To Reel Tape,RWX-030-0,RWX-030,Spark killer
QT-74,Reel To Reel Tape,RWX-030-0,RWX-030,Spark killer
RT-1011L,Reel To Reel Tape,RWX-030-0,RWX-030,Spark killer
RT-1020L,Reel To Reel Tape,RWX-030-0,RWX-030,Spark killer
RT-701,Reel To Reel Tape,RWX-030,RWX-030,Spark killer
RT-701,Reel To Reel Tape,RWX-030,RWX-030,Spark killer
RT-707,Reel To Reel Tape,RWX-030,RWX-030,Spark killer
RT-707,Reel To Reel Tape,RWX-030,RWX-030,Spark killer
RT-1020L,Reel To Reel Tape,RWX-033-0,RWX-033,REC lamp P.C. board assembly
RT-1020L,Reel To Reel Tape,RWX-035-0,RWX-035,Head P.C. board assembly
RT-1020L,Reel To Reel Tape,RWX-036-A,RWX-036,Fuse P.C. board assembly
RT-1020L,Reel To Reel Tape,RWX-038-0,RWX-038,Shut-off switch P.C. board assembly
RT-1020L,Reel To Reel Tape,RWX-040-0,RWX-040,VR assembly
RT-1011L,Reel To Reel Tape,RWX-047-0,RWX-047,Shut-off switch P.C. board assembly
RT-1011L,Reel To Reel Tape,RWX-048-0,RWX-048,Motor Fuse board assembly
CT-F7171,Cassette Tape,RWX-050-A,RWX-050,Limiter circuit assembly
CT-F7171,Cassette Tape,RWX-051-B,RWX-051,Dolby processor assembly
CT-F6161,Cassette Tape,RWX-052-0,RWX-052,Lamp board assembly
CT-F7171,Cassette Tape,RWX-052-0,RWX-052,Lamp board assembly
CT-F7171,Cassette Tape,RWX-053-0,RWX-053,Indicator board assembly
CT-F7171,Cassette Tape,RWX-054-0,RWX-054,Terminal board
CT-F6161,Cassette Tape,RWX-056-A,RWX-056,Indicator board assembly
RT-1011L,Reel To Reel Tape,RWX-057-A,RWX-057,Transistor P.C. board assembly
RT-1011L,Reel To Reel Tape,RWX-058-0,RWX-058,REC lamp P.C. board assembly
RT-1011L,Reel To Reel Tape,RWX-059-0,RWX-059,Head P.C. board assembly
RT-1011L,Reel To Reel Tape,RWX-061-A,RWX-061,Fuse P.C. board assembly
CT-F7171,Cassette Tape,RWX-066-C,RWX-066,Fuse board assembly
CT-F6161,Cassette Tape,RWX-070-B,RWX-070,Dolby processor assembly
CT-F6161,Cassette Tape,RWX-073-0,RWX-073,Fuse board assembly  (KCU model)
CT-F6161,Cassette Tape,RWX-075-0,RWX-075,Terminal board
CT-F6161,Cassette Tape,RWX-076-0,RWX-076,Fuse board assembly   (FV model)
CT-F9191,Cassette Tape,RWX-078,RWX-078,Dolby assembly
CT-F9191,Cassette Tape,RWX-080,RWX-080,Fuse assembly
CT-F9191,Cassette Tape,RWX-081,RWX-081,Indicator assembly
CT-F9191,Cassette Tape,RWX-083,RWX-083,Transistor assembly
CT-F9191,Cassette Tape,RWX-084,RWX-084,Connector assembly
CT-F1000,Cassette Tape,RWX-109,RWX-109,Spark killer (KU)
CT-F1250,Cassette Tape,RWX-109,RWX-109,Spark killer (KU)
CT-F6262,Cassette Tape,RWX-109,RWX-109,Spark killer
CT-F700,Cassette Tape,RWX-109,RWX-109,Spark killer (KU type)
CT-F7272,Cassette Tape,RWX-109,RWX-109,Spark killer
CT-F750,Cassette Tape,RWX-109,RWX-109,Spark killer (KU)
CT-F8282,Cassette Tape,RWX-109,RWX-109,Spark killer
CT-F850,Cassette Tape,RWX-109,RWX-109,Spark killer (KU)
CT-F900,Cassette Tape,RWX-109,RWX-109,Spark killer (for KU type)
CT-F950,Cassette Tape,RWX-109,RWX-109,Spark killer (CT-F950/KU)
RT-909,Reel To Reel Tape,RWX-109,RWX-109,Spark klller (UL)
CT-F8282,Cassette Tape,RWX-113,RWX-113,Indicator assembly
CT-F8282,Cassette Tape,RWX-127,RWX-127,Transistor assembly
CT-F6262,Cassette Tape,RWX-128,RWX-128,Jack assembly
CT-F7272,Cassette Tape,RWX-128,RWX-128,Jack Assembly
CT-F8282,Cassette Tape,RWX-128,RWX-128,Jack assembly
CT-F8282,Cassette Tape,RWX-129,RWX-129,Dolby processer assembly
CT-F6262,Cassette Tape,RWX-130,RWX-130,Indicator assembly
CT-F7272,Cassette Tape,RWX-130,RWX-130,Indicator assembly
CT-F6262,Cassette Tape,RWX-138,RWX-138,Dolby assembly
CT-F1000,Cassette Tape,RWX-139,RWX-139,Fuse assembly
CT-F8282,Cassette Tape,RWX-139,RWX-139,Fuse assembly
RT-707,Reel To Reel Tape,RWX-141,RWX-141,Fuse assembly (KCU)
RT-701,Reel To Reel Tape,RWX-142,RWX-142,Indicator assembly
RT-707,Reel To Reel Tape,RWX-142,RWX-142,"lndicator assembly (D,D/G)"
RT-707,Reel To Reel Tape,RWX-142,RWX-142,lndicator assembly (HG)
RT-707,Reel To Reel Tape,RWX-142,RWX-142,lndicator assembly (Improved Model - KCU)
RT-707,Reel To Reel Tape,RWX-142,RWX-142,lndicator assembly (KCU)
RT-701,Reel To Reel Tape,RWX-146,RWX-146,Connector assembly L
RT-701,Reel To Reel Tape,RWX-147,RWX-147,Connector assembly R
CT-F1000,Cassette Tape,RWX-150,RWX-150,Spark killer (KC)
CT-F1250,Cassette Tape,RWX-150,RWX-150,Spark killer (KC)
CT-F700,Cassette Tape,RWX-150,RWX-150,Spark killer (KC type)
CT-F750,Cassette Tape,RWX-150,RWX-150,Spark killer (KC)
CT-F850,Cassette Tape,RWX-150,RWX-150,Spark killer (KC)
CT-F950,Cassette Tape,RWX-150,RWX-150,Spark killer (CT-F950/KC)
RT-707,Reel To Reel Tape,RWX-151,RWX-151,"Connector assembly L (D,D/G)"
RT-707,Reel To Reel Tape,RWX-151,RWX-151,Connector assembly L (HG)
RT-707,Reel To Reel Tape,RWX-151,RWX-151,Connector assembly L (Improved Model - KCU)
RT-707,Reel To Reel Tape,RWX-151,RWX-151,Connector assembly L (KCU)
RT-707,Reel To Reel Tape,RWX-152,RWX-152,"Connector assembly R (D,D/G)"
RT-707,Reel To Reel Tape,RWX-152,RWX-152,Connector assembly R (HG)
RT-707,Reel To Reel Tape,RWX-152,RWX-152,Connector assembly R (Improved Model - KCU)
RT-707,Reel To Reel Tape,RWX-152,RWX-152,Connector assembly R (KCU)
RT-707,Reel To Reel Tape,RWX-154,RWX-154,Equalizer amplifier assembly
RT-707,Reel To Reel Tape,RWX-155,RWX-155,Meter amplifier assembly
RT-701,Reel To Reel Tape,RWX-170,RWX-170,Fuse assembly
RT-707,Reel To Reel Tape,RWX-170,RWX-170,Fuse assembly (Improved Model - KCU)
RT-701,Reel To Reel Tape,RWX-171,RWX-171,Connector assembly L
RT-701,Reel To Reel Tape,RWX-172,RWX-172,Connector assembly R
RT-707,Reel To Reel Tape,RWX-174,RWX-174,"Terminal assembly (D,D/G)"
CT-F1000,Cassette Tape,RWX-175,RWX-175,IC amplifier assembly
CT-F1000,Cassette Tape,RWX-177,RWX-177,Flat amplifier assembly
CT-F1000,Cassette Tape,RWX-178,RWX-178,Main board assembly
CT-F1000,Cassette Tape,RWX-179,RWX-179,Peak amplifier assembIy
CT-F1000,Cassette Tape,RWX-180,RWX-180,Meter amplifier assembly
CT-F1000,Cassette Tape,RWX-181,RWX-181,Volume assembly
CT-F1000,Cassette Tape,RWX-182,RWX-182,Recording equalizer assembly
CT-F1000,Cassette Tape,RWX-183,RWX-183,Dolby assembly
RT-707,Reel To Reel Tape,RWX-185,RWX-185,Fuse assembly (HG)
CT-F700,Cassette Tape,RWX-191,RWX-191,Dolby assembly (D type)
CT-F700,Cassette Tape,RWX-192,RWX-192,Muting assembly (D type)
CT-F700,Cassette Tape,RWX-192,RWX-192,Muting assembly (D/G type)
CT-F700,Cassette Tape,RWX-192,RWX-192,Muting assembly (HG type)
CT-F700,Cassette Tape,RWX-192,RWX-192,Muting assembly (KC type)
CT-F700,Cassette Tape,RWX-192,RWX-192,Muting assembly (KU type)
CT-F700,Cassette Tape,RWX-195,RWX-195,Meter amplifier assembly (D type)
CT-F700,Cassette Tape,RWX-195,RWX-195,Meter amplifier assembly (D/G type)
CT-F700,Cassette Tape,RWX-195,RWX-195,Meter amplifier assembly (HG type)
CT-F700,Cassette Tape,RWX-195,RWX-195,Meter amplifier assembly (KC type)
CT-F700,Cassette Tape,RWX-195,RWX-195,Meter amplifier assembly (KU type)
CT-F700,Cassette Tape,RWX-196,RWX-196,Connector assembly
CT-F700,Cassette Tape,RWX-200,RWX-200,Dolby assembly (HG type)
CT-F700,Cassette Tape,RWX-200,RWX-200,Dolby assembly (KC type)
CT-F700,Cassette Tape,RWX-200,RWX-200,Dolby assembly (KU type)
CT-F700,Cassette Tape,RWX-202,RWX-202,Fuse assembly (HG type)
CT-F500/505,Cassette Tape,RWX-228,RWX-228,Dolby assembly
CT-F900,Cassette Tape,RWX-233,RWX-233,Mother assembly
CT-F500/505,Cassette Tape,RWX-234,RWX-234,Spark killer (KU)
CT-F500/505,Cassette Tape,RWX-235,RWX-235,Spark killer (KC)
CT-F900,Cassette Tape,RWX-236,RWX-236,Indicator assembly
CT-F900,Cassette Tape,RWX-238,RWX-238,IC amplifier assembly
CT-F950,Cassette Tape,RWX-240,RWX-240,Volume unit
CT-F850,Cassette Tape,RWX-302,RWX-302,Mother assembly
CT-F950,Cassette Tape,RWX-311,RWX-311,Tape selector assembly
CT-F1250,Cassette Tape,RWX-317,RWX-317,Indicator unit
CT-F1250,Cassette Tape,RWX-319,RWX-319,Mother unit
CT-F1250,Cassette Tape,RWX-322,RWX-322,BLE unit
CT-F950,Cassette Tape,RWX-327,RWX-327,Indicator unit
CT-F950,Cassette Tape,RWX-328,RWX-328,Indicator amp assembly
CT-F750,Cassette Tape,RWX-330,RWX-330,Main unit (KU)
CT-F750,Cassette Tape,RWX-331,RWX-331,FL unit
RT-909,Reel To Reel Tape,RWX-336,RWX-336,Counter assembly
RT-909,Reel To Reel Tape,RWX-339,RWX-339,Driver assembly
RT-909,Reel To Reel Tape,RWX-340,RWX-340,Mother assembly
CT-F950,Cassette Tape,RWX-359,RWX-359,Mother assembly
CT-F950,Cassette Tape,RWX-360,RWX-360,Integrated amplifier assembly
CT-F950,Cassette Tape,RWX-361,RWX-361,REC EQ assembly
CT-F750,Cassette Tape,RWX-388,RWX-388,Main unit (KC)
RT-707,Reel To Reel Tape,RWX-I52,RWX-I52,Connector assembly R
CT-F6161,Cassette Tape,RXA-,RXA-,Front panel assembly
QT-6100,Reel To Reel Tape,RXA-001-0,RXA-001,Brake arm (A) assembly
QT-6600,Reel To Reel Tape,RXA-001-0,RXA-001,Brake arm (A) assembly
QT-6100,Reel To Reel Tape,RXA-002-0,RXA-002,Brake arm (B) assembly
QT-6600,Reel To Reel Tape,RXA-002-0,RXA-002,Brake arm (B) assembly
T-3500,Cassette Tape,RXA-075,RXA-075,REEL BASE ASSY
QT-6100,Reel To Reel Tape,RXA-077-A,RXA-077,Mounting plate ass'y
QT-6600,Reel To Reel Tape,RXA-077-A,RXA-077,Mounting plate assembly
QT-74,Reel To Reel Tape,RXA-077-A,RXA-077,Mounting plate assembly
QT-6600,Reel To Reel Tape,RXA-080-A,RXA-080,Joint lever assembly
QT-74,Reel To Reel Tape,RXA-080-A,RXA-080,Joint lever assembly
T-3500,Cassette Tape,RXA-095,RXA-095,IDLE PULLEY
QT-6600,Reel To Reel Tape,RXA-103-A,RXA-103,Chassis assembly
QT-74,Reel To Reel Tape,RXA-103-B,RXA-103,Chassis
QT-74,Reel To Reel Tape,RXA-103-B,RXA-103,Chassis
QT-6100,Reel To Reel Tape,RXA-130-B,RXA-130,Slide lever assembly
QT-6600,Reel To Reel Tape,RXA-130-B,RXA-130,Slide lever assembly
QT-6100,Reel To Reel Tape,RXA-132-A,RXA-132,Chassis
QT-6100,Reel To Reel Tape,RXA-132-A,RXA-132,Chassis ass'y
QT-6600,Reel To Reel Tape,RXA-132-A,RXA-132,Chassis
T-3500,Cassette Tape,RXA-151,RXA-151,SUPPLY REEL ASSY
T-3500,Cassette Tape,RXA-154,RXA-154,PINCH ROLLER ASSY
T-3500,Cassette Tape,RXA-174,RXA-174,MOTOR FAN
QT-74,Reel To Reel Tape,RXA-183-0,RXA-183,Back tension pulley assembly
QT-6100,Reel To Reel Tape,RXA-232-0,RXA-232,Side chassis (B) ass'y
QT-6600,Reel To Reel Tape,RXA-232-0,RXA-232,Side chassis (Right side)
QT-74,Reel To Reel Tape,RXA-232-0,RXA-232,Side chassis (B) assembly
QT-6100,Reel To Reel Tape,RXA-235-0,RXA-235,Motor pulley 50Hz
QT-6600,Reel To Reel Tape,RXA-235-0,RXA-235,Motor pulley 50Hz
QT-74,Reel To Reel Tape,RXA-235-0,RXA-235,Motor pulley 50Hz
QT-6100,Reel To Reel Tape,RXA-238-0,RXA-238,Motor pulley 60Hz
QT-6600,Reel To Reel Tape,RXA-238-0,RXA-238,Motor pulley 60Hz
QT-74,Reel To Reel Tape,RXA-238-0,RXA-238,Motor pulley 60Hz
QT-74,Reel To Reel Tape,RXA-241-0,RXA-241,Speed selector cam (B) assembly
QT-74,Reel To Reel Tape,RXA-294-0,RXA-294,Brake arm lL) assembly
QT-74,Reel To Reel Tape,RXA-295-0,RXA-295,Brake arm (R) assembly
RT-1011L,Reel To Reel Tape,RXA-307-0,RXA-307,Capstan holder assembly
RT-1020L,Reel To Reel Tape,RXA-307-0,RXA-307,Capstan bearing assembly
RT-1011L,Reel To Reel Tape,RXA-309-0,RXA-309,Pinch roller assembly
RT-1020L,Reel To Reel Tape,RXA-309-0,RXA-309,Pinch roller assembly
RT-1011L,Reel To Reel Tape,RXA-310-D,RXA-310,Tension arm assembly
RT-1020L,Reel To Reel Tape,RXA-311-A,RXA-311,Roller arm assembly
RT-1020L,Reel To Reel Tape,RXA-313-A,RXA-313,Brake plate (L) assembly
RT-1020L,Reel To Reel Tape,RXA-314-A,RXA-314,Brake plate (R) assembly
RT-1011L,Reel To Reel Tape,RXA-316-A,RXA-316,Button spring assembly
RT-1020L,Reel To Reel Tape,RXA-316-A,RXA-316,Button spring assembly
QT-74,Reel To Reel Tape,RXA-327-0,RXA-327,Back tension plate (L) assembly
QT-74,Reel To Reel Tape,RXA-328-0,RXA-328,Back tension plate (R) assembly
RT-1011L,Reel To Reel Tape,RXA-360-A,RXA-360,Tension arm cam assembly
RT-1020L,Reel To Reel Tape,RXA-360-A,RXA-360,Tension arm cam assembly
QT-74,Reel To Reel Tape,RXA-371-0,RXA-371,Tension adjusting plate assembly
RT-1011L,Reel To Reel Tape,RXA-382-A,RXA-382,Tension arm bracket assembly
RT-1020L,Reel To Reel Tape,RXA-382-A,RXA-382,Tension arm bracket assembly
RT-1011L,Reel To Reel Tape,RXA-399-0,RXA-399,Pinch arm (A) assembly
RT-1020L,Reel To Reel Tape,RXA-399-0,RXA-399,Pinch arm (A) assembly
RT-1020L,Reel To Reel Tape,RXA-400-0,RXA-400,Reel base assembly
CT-F6161,Cassette Tape,RXA-417-0,RXA-417,FR lever assembly
CT-F7171,Cassette Tape,RXA-417-0,RXA-417,FR lever assembly
CT-F6161,Cassette Tape,RXA-421-0,RXA-421,Idler B lever assembly
CT-F7171,Cassette Tape,RXA-421-0,RXA-421,Idler B lever assembly
CT-F6161,Cassette Tape,RXA-430-0,RXA-430,Tension arm assembly
CT-F7171,Cassette Tape,RXA-430-0,RXA-430,Tension arm assembly
CT-F6161,Cassette Tape,RXA-431-0,RXA-431,Sliding bar assembly (FF)
CT-F7171,Cassette Tape,RXA-431-0,RXA-431,Sliding bar assembly (FF)
CT-F6161,Cassette Tape,RXA-432-0,RXA-432,Flywheel assembly B
CT-F7171,Cassette Tape,RXA-432-0,RXA-432,Flywheel assembly B
CT-F6161,Cassette Tape,RXA-433-0,RXA-433,Reel base B assembly
CT-F7171,Cassette Tape,RXA-433-0,RXA-433,Reel base B assembly
QT-74,Reel To Reel Tape,RXA-435-0,RXA-435,Slide lever assembly
RT-1011L,Reel To Reel Tape,RXA-436-0,RXA-436,Reel base assembly
QT-74,Reel To Reel Tape,RXA-439-0,RXA-439,Capstan bearing
CT-F7171,Cassette Tape,RXA-455-A,RXA-455,Knob A assembly  (REC (red))
CT-F7171,Cassette Tape,RXA-456-A,RXA-456,Knob B assembly  (STOP (blue))
CT-F7171,Cassette Tape,RXA-457-A,RXA-457,Knob C assembly  (PLAY (white))
CT-F7171,Cassette Tape,RXA-458-A,RXA-458,"Knob D assembly  (FF, REW, PAUSE)"
CT-F6161,Cassette Tape,RXA-459-B,RXA-459,Release lever assembly
CT-F7171,Cassette Tape,RXA-459-A,RXA-459,Release lever assembly
CT-F7171,Cassette Tape,RXA-460-0,RXA-460,Sliding bar assembly
CT-F7171,Cassette Tape,RXA-461-A,RXA-461,Sub chassis assembly
CT-F7171,Cassette Tape,RXA-463-A,RXA-463,Eject plate assembly
CT-F6161,Cassette Tape,RXA-464-A,RXA-464,Counter mounting angle assembly
CT-F7171,Cassette Tape,RXA-464-A,RXA-464,Counter mounting angle assembly
CT-F6161,Cassette Tape,RXA-466-A,RXA-466,Pulley assembly
CT-F7171,Cassette Tape,RXA-466-0,RXA-466,Pulley assembly
CT-F6161,Cassette Tape,RXA-477-0,RXA-477,Foot assembly
CT-F7171,Cassette Tape,RXA-477-0,RXA-477,Foot assembly
CT-F6161,Cassette Tape,RXA-481-A,RXA-481,Chassis assembly
CT-F7171,Cassette Tape,RXA-481-0,RXA-481,Chassis assembly
CT-F6161,Cassette Tape,RXA-485-0,RXA-485,Head base assembly
CT-F7171,Cassette Tape,RXA-485-0,RXA-485,Head base assembly
CT-F6161,Cassette Tape,RXA-486-0,RXA-486,Pinch roller arm assembly
CT-F7171,Cassette Tape,RXA-486-0,RXA-486,Pinch roller arm assembly
CT-F6161,Cassette Tape,RXA-489-0,RXA-489,Idler A assembly
CT-F7171,Cassette Tape,RXA-489-0,RXA-489,Idler A assembly
CT-F6161,Cassette Tape,RXA-490-0,RXA-490,Sliding bar assembly (PAUSE)
CT-F7171,Cassette Tape,RXA-490-0,RXA-490,Sliding bar assembly (PAUSE)
CT-F6161,Cassette Tape,RXA-492-0,RXA-492,Button lever P assembly
CT-F7171,Cassette Tape,RXA-492-0,RXA-492,Button lever P assembly
CT-F6161,Cassette Tape,RXA-498-0,RXA-498,"Button block assembly  (Part No. RXA-498 contains
key No.1 ~ 11, 13 and 14)"
CT-F7171,Cassette Tape,RXA-498-0,RXA-498,"Button block assembly (Part No.RXA-498 contains
key No.1 ~ 11, 13 and 14)"
CT-F6161,Cassette Tape,RXA-499-0,RXA-499,Button chassis assembly
CT-F7171,Cassette Tape,RXA-499-0,RXA-499,Button chassis assembly
CT-F6161,Cassette Tape,RXA-500-0,RXA-500,Button lever assembly
CT-F7171,Cassette Tape,RXA-500-0,RXA-500,Button lever assembly
CT-F6161,Cassette Tape,RXA-501-0,RXA-501,Sliding cam assembly
CT-F7171,Cassette Tape,RXA-501-0,RXA-501,Sliding cam assembly
CT-F6161,Cassette Tape,RXA-502-0,RXA-502,Bracket
CT-F7171,Cassette Tape,RXA-502-0,RXA-502,Bracket
RT-1011L,Reel To Reel Tape,RXA-508-0,RXA-508,Brake plate (R) assembly
RT-1011L,Reel To Reel Tape,RXA-509-0,RXA-509,Brake plate (L) assembly
RT-1011L,Reel To Reel Tape,RXA-510-0,RXA-510,Roller guide assembly
RT-1011L,Reel To Reel Tape,RXA-511-0,RXA-511,Roller arm assembly
CT-F7171,Cassette Tape,RXA-513-A,RXA-513,Front panel assembly
CT-F6161,Cassette Tape,RXA-519-A,RXA-519,Sliding bar assembly
CT-F6161,Cassette Tape,RXA-523-B,RXA-523,Bracket assembly (EJECT)
CT-F7171,Cassette Tape,RXA-523-0,RXA-523,Bracket assembly (EJECT)
CT-F6161,Cassette Tape,RXA-536-0,RXA-536,Knob A assembly  REC (red)
CT-F6161,Cassette Tape,RXA-537-0,RXA-537,Knob B assembly  STOP (blue)
CT-F6161,Cassette Tape,RXA-538-0,RXA-538,Knob C assembly  PLAY (white)
CT-F6161,Cassette Tape,RXA-539-0,RXA-539,"Knob D assembly  FF, REW, PAUSE"
CT-F6161,Cassette Tape,RXA-540-A,RXA-540,Sub chassis assembly
CT-F6161,Cassette Tape,RXA-544-0,RXA-544,Eject plate assembly
CT-F6262,Cassette Tape,RXA-558,RXA-558,Bearing
CT-F7272,Cassette Tape,RXA-558,RXA-558,Shaft holder
CT-F8282,Cassette Tape,RXA-559,RXA-559,Flywheel assembly
CT-F9191,Cassette Tape,RXA-559,RXA-559,Flywheel
CT-F8282,Cassette Tape,RXA-560,RXA-560,Take up reel full assembly
CT-F8282,Cassette Tape,RXA-563,RXA-563,Supply reel full assembly
CT-F8282,Cassette Tape,RXA-565,RXA-565,TU Idler assembly
CT-F8282,Cassette Tape,RXA-570,RXA-570,TU idler lever A assembly
CT-F8282,Cassette Tape,RXA-571,RXA-571,TU Idler lever B assembly
CT-F8282,Cassette Tape,RXA-573,RXA-573,Rapid lever A assembly
CT-F8282,Cassette Tape,RXA-574,RXA-574,Protector assembly
CT-F8282,Cassette Tape,RXA-575,RXA-575,Pinch arm assembly
CT-F8282,Cassette Tape,RXA-581,RXA-581,F.F. Idler Assembly
CT-F9191,Cassette Tape,RXA-581,RXA-581,FF Idler assembly
CT-F9191,Cassette Tape,RXA-584,RXA-584,Door arm assembly
RT-701,Reel To Reel Tape,RXA-601,RXA-601,Shield assembly
RT-707,Reel To Reel Tape,RXA-601,RXA-601,Shield assembly
CT-F8282,Cassette Tape,RXA-657,RXA-657,Angle assembly
CT-F6262,Cassette Tape,RXA-661,RXA-661,REW arm
CT-F7272,Cassette Tape,RXA-661,RXA-661,Angle assembly
CT-F6262,Cassette Tape,RXA-664,RXA-664,Flywheel
CT-F7272,Cassette Tape,RXA-664,RXA-664,Flywheel assembly
CT-F6262,Cassette Tape,RXA-677,RXA-677,Door stopper
CT-F7272,Cassette Tape,RXA-677,RXA-677,Door cushion assembly
CT-F6262,Cassette Tape,RXA-678,RXA-678,Head base
CT-F7272,Cassette Tape,RXA-678,RXA-678,Chassis assembly
CT-F6262,Cassette Tape,RXA-682,RXA-682,REC coupling arm
CT-F7272,Cassette Tape,RXA-682,RXA-682,REC arm assembly
CT-F6262,Cassette Tape,RXA-683,RXA-683,REC lever
CT-F7272,Cassette Tape,RXA-683,RXA-683,REC lever assembly
CT-F6262,Cassette Tape,RXA-685,RXA-685,REW operating plate
CT-F6262,Cassette Tape,RXA-686,RXA-686,Bracket R
CT-F7272,Cassette Tape,RXA-686,RXA-686,Bracket (R) Assembly
CT-F6262,Cassette Tape,RXA-687,RXA-687,Bracket I
CT-F7272,Cassette Tape,RXA-687,RXA-687,Bracket (L) assembly
CT-F6262,Cassette Tape,RXA-688,RXA-688,Pause plate
CT-F7272,Cassette Tape,RXA-688,RXA-688,Plate assembly
CT-F6262,Cassette Tape,RXA-689,RXA-689,Detector lever holder
CT-F7272,Cassette Tape,RXA-689,RXA-689,Holder assembly
CT-F6262,Cassette Tape,RXA-690,RXA-690,Operating lever frame
CT-F7272,Cassette Tape,RXA-690,RXA-690,Bracket assembly
CT-F6262,Cassette Tape,RXA-691,RXA-691,Pinch arm
CT-F700,Cassette Tape,RXA-691,RXA-691,Pinch arm assembly
CT-F7272,Cassette Tape,RXA-691,RXA-691,Pinch arm assembly
CT-F6262,Cassette Tape,RXA-692,RXA-692,Shaft-held plate
CT-F7272,Cassette Tape,RXA-692,RXA-692,Bracket assembly
CT-F6262,Cassette Tape,RXA-693,RXA-693,Cassette detector
CT-F7272,Cassette Tape,RXA-693,RXA-693,Lever assembly
CT-F6262,Cassette Tape,RXA-696,RXA-696,Pause lever
CT-F7272,Cassette Tape,RXA-696,RXA-696,Lever assembly
CT-F6262,Cassette Tape,RXA-700,RXA-700,Operating lever
CT-F7272,Cassette Tape,RXA-700,RXA-700,Lever assembly
CT-F600/605,Cassette Tape,RXA-703,RXA-703,Foot assembly
CT-F6262,Cassette Tape,RXA-723,RXA-723,Fast arm R
CT-F7272,Cassette Tape,RXA-723,RXA-723,Fast arm full assembly (R)
CT-F6262,Cassette Tape,RXA-724,RXA-724,Fast arm (L)
CT-F7272,Cassette Tape,RXA-724,RXA-724,Fast arm full assembly(L)
CT-F6262,Cassette Tape,RXA-732,RXA-732,Foot assembly
CT-F8282,Cassette Tape,RXA-735,RXA-735,Plastic cover assembly
CT-F6262,Cassette Tape,RXA-740,RXA-740,Take-up reel base
CT-F7272,Cassette Tape,RXA-740,RXA-740,Take up reel full assembly
CT-F6262,Cassette Tape,RXA-741,RXA-741,Supply reel base
CT-F7272,Cassette Tape,RXA-741,RXA-741,Supply reel full assembly
CT-F6262,Cassette Tape,RXA-742,RXA-742,REW idler
CT-F7272,Cassette Tape,RXA-742,RXA-742,Idler assembly
CT-F6262,Cassette Tape,RXA-744,RXA-744,Idler
CT-F7272,Cassette Tape,RXA-744,RXA-744,Idler assembly
CT-F700,Cassette Tape,RXA-751,RXA-751,Bearing assembly
CT-F6262,Cassette Tape,RXA-754,RXA-754,TU arm assembly
CT-F7272,Cassette Tape,RXA-754,RXA-754,Arm full assembly
RT-701,Reel To Reel Tape,RXA-758,RXA-758,Jack assembly
RT-707,Reel To Reel Tape,RXA-758,RXA-758,Jack assembly
RT-707,Reel To Reel Tape,RXA-759,RXA-759,Pinch roller assembly
RT-707,Reel To Reel Tape,RXA-760,RXA-760,Shifter roller assembly
RT-707,Reel To Reel Tape,RXA-761,RXA-761,Pinch roller arm assembly
RT-707,Reel To Reel Tape,RXA-762,RXA-762,Shifter roller arm assembly
RT-701,Reel To Reel Tape,RXA-766,RXA-766,Brake arm L assembly
RT-707,Reel To Reel Tape,RXA-766,RXA-766,Brake arm L assembly
RT-701,Reel To Reel Tape,RXA-767,RXA-767,Brake arm R assembly
RT-707,Reel To Reel Tape,RXA-767,RXA-767,Brake arm R assembly
RT-707,Reel To Reel Tape,RXA-769,RXA-769,Brake arm assembly
RT-701,Reel To Reel Tape,RXA-771,RXA-771,Pause arm assembly
RT-707,Reel To Reel Tape,RXA-772,RXA-772,Brake band assembIy
RT-707,Reel To Reel Tape,RXA-773,RXA-773,Release arm assembly
RT-701,Reel To Reel Tape,RXA-774,RXA-774,Solenoid bar assembly
RT-707,Reel To Reel Tape,RXA-774,RXA-774,Solenoid bar assembly
RT-707,Reel To Reel Tape,RXA-780,RXA-780,Sensing guide assembly
RT-701,Reel To Reel Tape,RXA-781,RXA-781,Tension arm R assembly
RT-707,Reel To Reel Tape,RXA-781,RXA-781,Tension arm R assembly
RT-701,Reel To Reel Tape,RXA-782,RXA-782,Tension arm L assembly
RT-707,Reel To Reel Tape,RXA-782,RXA-782,Tension arm L assembly
CT-F700,Cassette Tape,RXA-783,RXA-783,TU idler assembly
CT-F700,Cassette Tape,RXA-787,RXA-787,Supply reel full assembly
CT-F700,Cassette Tape,RXA-808,RXA-808,Lever assembly
CT-F700,Cassette Tape,RXA-809,RXA-809,REW arm full assembly
CT-F700,Cassette Tape,RXA-810,RXA-810,Plate assembly
CT-F700,Cassette Tape,RXA-811,RXA-811,Pause lever assembly
RT-707,Reel To Reel Tape,RXA-832,RXA-832,Shut off arm assembly
RT-701,Reel To Reel Tape,RXA-848,RXA-848,Brake drive arm assembly
RT-701,Reel To Reel Tape,RXA-850,RXA-850,Shut off bracket assembly
RT-701,Reel To Reel Tape,RXA-853,RXA-853,Brake band assembly
RT-701,Reel To Reel Tape,RXA-871,RXA-871,Pinch roller assembly
RT-701,Reel To Reel Tape,RXA-873,RXA-873,Pinch roller arm assembly
RT-701,Reel To Reel Tape,RXA-874,RXA-874,Shifter roller arm assembly
CT-F700,Cassette Tape,RXA-888,RXA-888,Fly wheel assembly
CT-F700,Cassette Tape,RXA-890,RXA-890,Bracket assembly
RT-701,Reel To Reel Tape,RXA-902,RXA-902,Shifter roller assembly
CT-F700,Cassette Tape,RXA-903,RXA-903,TU idler arm assembly
CT-F700,Cassette Tape,RXA-904,RXA-904,Button frame assembly
CT-F1250,Cassette Tape,RXA-905,RXA-905,Foot assembly
CT-F900,Cassette Tape,RXA-905,RXA-905,Foot assembly
CT-F950,Cassette Tape,RXA-905,RXA-905,Foot assembly
CT-F700,Cassette Tape,RXA-906,RXA-906,Stop lever assembly
CT-F700,Cassette Tape,RXA-944,RXA-944,Fast arm R full assembly
CT-F700,Cassette Tape,RXA-945,RXA-945,Fast arm L full assembly
CT-F700,Cassette Tape,RXA-948,RXA-948,Take-up reel full assembly
CT-F500/505,Cassette Tape,RXA-949,RXA-949,Air dump assembly
CT-F600/605,Cassette Tape,RXA-949,RXA-949,Air dump assembly
CT-F500/505,Cassette Tape,RXA-950,RXA-950,Arm Assembly
CT-F600/605,Cassette Tape,RXA-950,RXA-950,Arm assembly
CT-F500/505,Cassette Tape,RXA-952,RXA-952,Flywheel assembly
CT-F600/605,Cassette Tape,RXA-952,RXA-952,Flywheel assembly
CT-F500/505,Cassette Tape,RXA-954,RXA-954,Take-up reel assembly
CT-F600/605,Cassette Tape,RXA-954,RXA-954,Take-up reel assembly
CT-F500/505,Cassette Tape,RXA-955,RXA-955,Supply reel assembly
CT-F600/605,Cassette Tape,RXA-955,RXA-955,Supply reel assembly
CT-F500/505,Cassette Tape,RXA-956,RXA-956,Drive arm assembly
CT-F600/605,Cassette Tape,RXA-956,RXA-956,Drive pulley assembly
CT-F500/505,Cassette Tape,RXA-959,RXA-959,TU arm assembIy
CT-F600/605,Cassette Tape,RXA-959,RXA-959,TU idler arm assembly
CT-F600/605,Cassette Tape,RXA-960,RXA-960,FF idler arm full assembly
CT-F500/505,Cassette Tape,RXA-962,RXA-962,Pulley assembly
CT-F600/605,Cassette Tape,RXA-962,RXA-962,Pulley assembly
CT-F500/505,Cassette Tape,RXA-963,RXA-963,Plate assembly
CT-F600/605,Cassette Tape,RXA-963,RXA-963,Plate assembly
CT-F500/505,Cassette Tape,RXA-964,RXA-964,Plate assembly
CT-F600/605,Cassette Tape,RXA-964,RXA-964,Plate assembly
CT-F500/505,Cassette Tape,RXA-965,RXA-965,Shaft (cam)
CT-F600/605,Cassette Tape,RXA-965,RXA-965,Gear assembly
CT-F700,Cassette Tape,RXA-966,RXA-966,Open lever assembly
CT-F700,Cassette Tape,RXA-967,RXA-967,Power switch joint-bar assembly
CT-F500/505,Cassette Tape,RXA-976,RXA-976,Button frame
CT-F600/605,Cassette Tape,RXA-976,RXA-976,Button frame assembly
CT-F500/505,Cassette Tape,RXA-980,RXA-980,Reel base assembly
CT-F900,Cassette Tape,RXA-997,RXA-997,Bearing assembly
CT-F1250,Cassette Tape,RXA-998,RXA-998,Take-up pulley assembly
CT-F850,Cassette Tape,RXA-998,RXA-998,Take-up pulley assembly
CT-F900,Cassette Tape,RXA-998,RXA-998,Take-up pulley assembly
CT-F950,Cassette Tape,RXA-998,RXA-998,Take-up pulley assembly
CT-F900,Cassette Tape,RXA-999,RXA-999,Take-up reel assembly
CT-F900,Cassette Tape,RXB-001,RXB-001,Supply reel assembly
CT-F850,Cassette Tape,RXB-005,RXB-005,Pinch-roller arm assembly
CT-F900,Cassette Tape,RXB-005,RXB-005,Pinch-roller arm assembly
CT-F950,Cassette Tape,RXB-005,RXB-005,Pinch-roller arm assembly
CT-F900,Cassette Tape,RXB-045,RXB-045,Arm assembly
CT-F900,Cassette Tape,RXB-047,RXB-047,Idler arm full assembly
CT-F850,Cassette Tape,RXB-055,RXB-055,Flywheel assembly
CT-F900,Cassette Tape,RXB-055,RXB-055,Flywheel assembly
CT-F950,Cassette Tape,RXB-055,RXB-055,Flywheel assembly
CT-F500/505,Cassette Tape,RXB-056,RXB-056,REC Arm assembly
CT-F600/605,Cassette Tape,RXB-056,RXB-056,REC arm assembly
CT-F900,Cassette Tape,RXB-057,RXB-057,Head base assembly
CT-F900,Cassette Tape,RXB-057,RXB-057,Sub head-base assembly
CT-F850,Cassette Tape,RXB-058,RXB-058,Supply pulley assembly
CT-F900,Cassette Tape,RXB-058,RXB-058,Supply pulley assembly
CT-F950,Cassette Tape,RXB-058,RXB-058,Supply pulley assembly
CT-F850,Cassette Tape,RXB-063,RXB-063,Motor pulley (A) assembly
CT-F900,Cassette Tape,RXB-063,RXB-063,Motor pulley A assembly
CT-F950,Cassette Tape,RXB-063,RXB-063,Motor pulley Assembly
CT-F1250,Cassette Tape,RXB-064,RXB-064,Motor pulley (B) assembly
CT-F850,Cassette Tape,RXB-064,RXB-064,Motor pulley (B) assembly
CT-F900,Cassette Tape,RXB-064,RXB-064,Motor pulley B assembly
CT-F950,Cassette Tape,RXB-064,RXB-064,Motor pulley (B) assembly
CT-F600/605,Cassette Tape,RXB-089,RXB-089,Fleel base assembly
CT-F850,Cassette Tape,RXB-093,RXB-093,Holder assembly
CT-F950,Cassette Tape,RXB-093,RXB-093,Bearing assembly
CT-F600/605,Cassette Tape,RXB-105,RXB-105,Pinch arm (B) assembly
CT-F750,Cassette Tape,RXB-133,RXB-133,Foot assembly
CT-F1050,Cassette Tape,RXB-134,RXB-134,Foot assembly
CT-F1250,Cassette Tape,RXB-144,RXB-144,Idler arm full assembly
CT-F850,Cassette Tape,RXB-144,RXB-144,Idler arm full assembly
CT-F950,Cassette Tape,RXB-144,RXB-144,Idler arm full assembly
CT-F750,Cassette Tape,RXB-146,RXB-146,Gear A assembly
CT-F750,Cassette Tape,RXB-150,RXB-150,TU operation pulley assembly
CT-F750,Cassette Tape,RXB-155,RXB-155,Pinch spring arm L assembly
CT-F750,Cassette Tape,RXB-156,RXB-156,Pinch spring arm R assembly
CT-F750,Cassette Tape,RXB-157,RXB-157,Pinch-arm assembly
CT-F750,Cassette Tape,RXB-158,RXB-158,Flywheel assembly (L)
CT-F750,Cassette Tape,RXB-159,RXB-159,Flywheel assembly (R)
CT-F750,Cassette Tape,RXB-160,RXB-160,Holder assembly
CT-F1250,Cassette Tape,RXB-162,RXB-162,Bearing (Bl assembly
CT-F950,Cassette Tape,RXB-169,RXB-169,Head cover assembly
RT-909,Reel To Reel Tape,RXB-174,RXB-174,Bearing assembly
CT-F1250,Cassette Tape,RXB-189,RXB-189,Supply reel assembly (B)
CT-F850,Cassette Tape,RXB-189,RXB-189,Take-up reel base assembly (B)
CT-F950,Cassette Tape,RXB-189,RXB-189,Supply reel assembly (B)
CT-F1250,Cassette Tape,RXB-190,RXB-190,Take-up reel assembly (B)
CT-F950,Cassette Tape,RXB-190,RXB-190,Take-up reel assembly (B)
CT-F850,Cassette Tape,RXB-191,RXB-191,Supply reel base assembly (B)
RT-909,Reel To Reel Tape,RXB-194,RXB-194,Pinch roller assembly
RT-909,Reel To Reel Tape,RXB-195,RXB-195,Pinch arm L assembly
RT-909,Reel To Reel Tape,RXB-196,RXB-196,Pinch arm R assembly
RT-909,Reel To Reel Tape,RXB-200,RXB-200,Sensing guide assembly
RT-909,Reel To Reel Tape,RXB-204,RXB-204,Brake band assembly
CT-F850,Cassette Tape,RXB-209,RXB-209,Head cover assembly
CT-F1250,Cassette Tape,RXB-212,RXB-212,Sub-head base assembly
CT-F750,Cassette Tape,RXB-221,RXB-221,TU arm full assembly
CT-F750,Cassette Tape,RXB-222,RXB-222,Spring bracket assembly
CT-F750,Cassette Tape,RXB-223,RXB-223,Pulley assembly
CT-F750,Cassette Tape,RXB-224,RXB-224,Reel L assembly
CT-F750,Cassette Tape,RXB-225,RXB-225,Reel R assembly
CT-F750,Cassette Tape,RXB-226,RXB-226,REW pulley assembly
CT-F750,Cassette Tape,RXB-229,RXB-229,Fast operation full assembly
CT-F750,Cassette Tape,RXB-230,RXB-230,REW arm full assembly A
CT-F750,Cassette Tape,RXB-232,RXB-232,REW arm full assembly B
CT-F750,Cassette Tape,RXB-237 (RXB-285),RXB-237 (RXB-285),Sub-head assembly
RT-909,Reel To Reel Tape,RXB-239,RXB-239,Pulley assembly
CT-F850,Cassette Tape,RXB-240,RXB-240,Sub-head base assembly
CT-F1250,Cassette Tape,RXB-243,RXB-243,Supply pulley assembly
CT-F950,Cassette Tape,RXB-255,RXB-255,Sub-head base assembly
CT-F1250,Cassette Tape,RXB-257,RXB-257,Pinch-roIler arm assembly
RT-909,Reel To Reel Tape,RXB-283,RXB-283,Capstan assembly
CT-F1050,Cassette Tape,RXB-436,RXB-436,ldler arm full assembly
CT-F1050,Cassette Tape,RXB-438,RXB-438,Reel base R assembly
CT-F1050,Cassette Tape,RXB-439,RXB-439,Detector pulley assembiy
CT-F1050,Cassette Tape,RXB-441,RXB-441,Metal flange assembly
CT-F1050,Cassette Tape,RXB-442,RXB-442,BT pulley assembly
CT-F1050,Cassette Tape,RXB-443,RXB-443,Flywheel F assembly
CT-F1050,Cassette Tape,RXB-444,RXB-444,Flywheel R assembly
CT-F1050,Cassette Tape,RXB-447,RXB-447,Pinch roller arm F assembly
CT-F1050,Cassette Tape,RXB-448,RXB-448,Pinch roller arm R assembly
CT-F1050,Cassette Tape,RXB-451,RXB-451,Erase head L assembly
CT-F1050,Cassette Tape,RXB-452,RXB-452,Erase head R assembly
CT-F1050,Cassette Tape,RXB-482,RXB-482,Reel base F assembly
CT-F1050,Cassette Tape,RXB-483,RXB-483,Head base assembly
CT-F1050,Cassette Tape,RXB-488,RXB-488,Arm assembly
QT-6100,Reel To Reel Tape,RXE-010-0,RXE-010,Push switch ass'y
QT-6600,Reel To Reel Tape,RXE-010-0,RXE-010,Push switch assembly
QT-74,Reel To Reel Tape,RXE-010-0,RXE-010,Push switch assembly
RT-1011L,Reel To Reel Tape,RXM-0 1 2-0,RXM-0 1 2,Capstan motor
QT-6100,Reel To Reel Tape,RXM-003-A,RXM-003,Motor
QT-6600,Reel To Reel Tape,RXM-003-A,RXM-003,Motor
QT-74,Reel To Reel Tape,RXM-003-A,RXM-003,Motor
CT-F6161,Cassette Tape,RXM-006-0,RXM-006,Motor
CT-F7171,Cassette Tape,RXM-006-0,RXM-006,Motor
RT-1011L,Reel To Reel Tape,RXM-012-0,RXM-012,Capstan motor
RT-1020L,Reel To Reel Tape,RXM-012-0,RXM-012,Capstan motor
RT-1020L,Reel To Reel Tape,RXM-015-0,RXM-015,Reel motor
RT-1011L,Reel To Reel Tape,RXM-017-0,RXM-017,Reel motor
RT-1011L,Reel To Reel Tape,RXM-017-0,RXM-017,Reel motor
CT-F9191,Cassette Tape,RXM-018,RXM-018,Main motor
CT-F1000,Cassette Tape,RXM-019,RXM-019,Motor
CT-F8282,Cassette Tape,RXM-019,RXM-019,Motor (FFW/REW)
CT-F9191,Cassette Tape,RXM-019,RXM-019,FF motor
CT-F8282,Cassette Tape,RXM-022,RXM-022,Motor (CAPSTAN)
CT-F6262,Cassette Tape,RXM-027,RXM-027,Motor
CT-F700,Cassette Tape,RXM-027,RXM-027,Motor
CT-F7272,Cassette Tape,RXM-027,RXM-027,Motor
CT-F900,Cassette Tape,RXM-027,RXM-027,Capstan motor
RT-701,Reel To Reel Tape,RXM-032,RXM-032,Reel motor
RT-707,Reel To Reel Tape,RXM-032,RXM-032,Reel motor
RT-701,Reel To Reel Tape,RXM-033,RXM-033,Capstan motor
RT-707,Reel To Reel Tape,RXM-033,RXM-033,Capstan motor
RT-707,Reel To Reel Tape,RXM-034,RXM-034,Reel motor (L)
RT-707,Reel To Reel Tape,RXM-035,RXM-035,Capstan motor
CT-F1000,Cassette Tape,RXM-036,RXM-036,Capstan motor
CT-F500/505,Cassette Tape,RXM-046,RXM-046,Motor
CT-F1250,Cassette Tape,RXM-047,RXM-047,Take-up motor
CT-F850,Cassette Tape,RXM-047,RXM-047,Take-up motor
CT-F900,Cassette Tape,RXM-047,RXM-047,Take-up motor
CT-F950,Cassette Tape,RXM-047,RXM-047,Take up motor
CT-F850,Cassette Tape,RXM-050,RXM-050,Capstan motor
CT-F950,Cassette Tape,RXM-050,RXM-050,Motor
CT-F600/605,Cassette Tape,RXM-055,RXM-055,Motor
CT-F1250,Cassette Tape,RXM-056,RXM-056,Motor unit
RT-909,Reel To Reel Tape,RXM-060,RXM-060,Reel motor
CT-F750,Cassette Tape,RXM-061,RXM-061,Motor
RT-1020L,Reel To Reel Tape,RXP-011-C,RXP-011,Pinch solenoid
RT-1020L,Reel To Reel Tape,RXP-012-A,RXP-012,Brake solenoid
RT-1020L,Reel To Reel Tape,RXP-013-B,RXP-013,Reset solenoid
CT-F6161,Cassette Tape,RXP-016-A,RXP-016,Solenoid
CT-F7171,Cassette Tape,RXP-016-0,RXP-016,Solenoid
RT-1011L,Reel To Reel Tape,RXP-019-A,RXP-019,Reset solenoid
RT-1011L,Reel To Reel Tape,RXP-021-0,RXP-021,Pinch solenoid
RT-1011L,Reel To Reel Tape,RXP-021-A,RXP-021,Pinch solenoid
RT-1011L,Reel To Reel Tape,RXP-022-0,RXP-022,Brake solenoid
RT-1011L,Reel To Reel Tape,RXP-022-A,RXP-022,Brake solenoid
RT-1011L,Reel To Reel Tape,RXP-022-A,RXP-022,Brake solenoid
CT-F8282,Cassette Tape,RXP-029,RXP-029,Plunger solenoid
CT-F9191,Cassette Tape,RXP-029-0,RXP-029,Solenoid A (PlNCH solenoid)
CT-F8282,Cassette Tape,RXP-030,RXP-030,Plunger solenoid
CT-F9191,Cassette Tape,RXP-030-0,RXP-030,Solenoid C (BRAKE solenoid)
CT-F8282,Cassette Tape,RXP-031,RXP-031,Solenoid (REC)
CT-F9191,Cassette Tape,RXP-031-0,RXP-031,Solenoid B (REC solenoid)
CT-F8282,Cassette Tape,RXP-032,RXP-032,Solenoid D (ControlAssembly)
CT-F9191,Cassette Tape,RXP-032-0,RXP-032,Solenoid D (RESET solenoid)
CT-F6262,Cassette Tape,RXP-036,RXP-036,Solenoid
CT-F7272,Cassette Tape,RXP-036,RXP-036,STOP SOL
RT-701,Reel To Reel Tape,RXP-038,RXP-038,Solenoid (PINCH)
RT-707,Reel To Reel Tape,RXP-038,RXP-038,Solenoid (PlNCH)
RT-701,Reel To Reel Tape,RXP-040,RXP-040,Solenoid (BRAKE)
RT-707,Reel To Reel Tape,RXP-040,RXP-040,Solenoid (BRAKE)
RT-701,Reel To Reel Tape,RXP-041,RXP-041,Solenoid (PAUSE)
RT-707,Reel To Reel Tape,RXP-041,RXP-041,Solenoid (PAUSE)
RT-701,Reel To Reel Tape,RXP-042,RXP-042,Solenoid (RELEASE)
CT-F900,Cassette Tape,RXP-045,RXP-045,Solenoid A
CT-F700,Cassette Tape,RXP-048,RXP-048,Solenoid
CT-F850,Cassette Tape,RXP-056,RXP-056,Solenoid (B) SL802
CT-F900,Cassette Tape,RXP-056,RXP-056,Solenoid B
CT-F950,Cassette Tape,RXP-056,RXP-056,Solenoid B (BRAKE SOL.)
CT-F850,Cassette Tape,RXP-057,RXP-057,SL1 Reset solenoid
CT-F850,Cassette Tape,RXP-062,RXP-062,Solenoid (A) SL801
CT-F950,Cassette Tape,RXP-062,RXP-062,Solenoid A (PINCH SOL.)
CT-F1250,Cassette Tape,RXP-068,RXP-068,Solenoid (A)
CT-F1250,Cassette Tape,RXP-069,RXP-069,Solenoid (B)
RT-909,Reel To Reel Tape,RXP-070,RXP-070,Pause solenoid
RT-909,Reel To Reel Tape,RXP-071,RXP-071,Pinch solenoid
CT-F750,Cassette Tape,RXP-072,RXP-072,Start solenoid
CT-F750,Cassette Tape,RXP-073,RXP-073,Stop solenoid
CT-F750,Cassette Tape,RXP-074,RXP-074,Trigger solenoid
RT-909,Reel To Reel Tape,RXP-075,RXP-075,Brake solenoid
CT-F1050,Cassette Tape,RXP-096,RXP-096,P solenoid
CT-F1050,Cassette Tape,RXP-097,RXP-097,B solenoid
CT-F1050,Cassette Tape,RXP-098,RXP-098,HB solenoid
PL-510,Turntable,RXT-034,RXT-034,Angle
PL-510S,Turntable,RXT-034,RXT-034,Angle
QT-6100,Reel To Reel Tape,RXX-001 -0,RXX-001 ,REC/P.B. head (4 channel) ass'y
QT-6600,Reel To Reel Tape,RXX-001-0,RXX-001,REC/P.B. head (4 channel) assamblv
QT-6100,Reel To Reel Tape,RXX-002-0,RXX-002,REC/P.B. head (2 channel) ass'y
QT-6600,Reel To Reel Tape,RXX-002-0,RXX-002,REC/P.B. head (2 channel) assembly
QT-6600,Reel To Reel Tape,RXX-003-0,RXX-003,Amplifier panel
QT-6100,Reel To Reel Tape,RXX-004-0,RXX-004,Head housing ass'y
QT-6600,Reel To Reel Tape,RXX-004-0,RXX-004,Head housing assembly
T-3500,Cassette Tape,RXX-020,RXX-020,BUTTON(PAUSE ASSY)
T-3500,Cassette Tape,RXX-021,RXX-021,BUTTON(STOP ASSY)
T-3500,Cassette Tape,RXX-022,RXX-022,BUTTON(FAST FORWARD ASSY)
T-3500,Cassette Tape,RXX-023,RXX-023,BUTTON(PLAY ASSY)
T-3500,Cassette Tape,RXX-024,RXX-024,BUTTON(REW ASSY)
T-3500,Cassette Tape,RXX-025,RXX-025,BUTTON(RECORD ASSY)
T-3500,Cassette Tape,RXX-026,RXX-026,BUTTON(EJECT ASSY)
T-3500,Cassette Tape,RXX-028,RXX-028,CASSETTE COVER ASSY
QT-74,Reel To Reel Tape,RXX-049-0,RXX-049,Brake arm assembly (L)
QT-74,Reel To Reel Tape,RXX-050-0,RXX-050,Brake arm assembly (R)
QT-74,Reel To Reel Tape,RXX-051-0,RXX-051,Tension pulley assembly
QT-74,Reel To Reel Tape,RXX-052-0,RXX-052,Reel mount pulley assembly
QT-6100,Reel To Reel Tape,RXX-053-0,RXX-053,Speed selector ass'y
QT-6600,Reel To Reel Tape,RXX-053-0,RXX-053,Speed selector assembly
QT-74,Reel To Reel Tape,RXX-053-0,RXX-053,Speed selector assembly
QT-74,Reel To Reel Tape,RXX-054-0,RXX-054,Clutch cam pulley assembly (A)
QT-74,Reel To Reel Tape,RXX-055-0,RXX-055,Clutch cam pulley assembly (B)
QT-74,Reel To Reel Tape,RXX-056-0,RXX-056,Reel mount base assembly
QT-74,Reel To Reel Tape,RXX-062-0,RXX-062,Deck panel assembly
QT-74,Reel To Reel Tape,RXX-077-0,RXX-077,Reel base assembly (L)
QT-74,Reel To Reel Tape,RXX-078-0,RXX-078,Reel base assembly (R)
QT-74,Reel To Reel Tape,RXX-079-0,RXX-079,Back tension assembly (L)
QT-74,Reel To Reel Tape,RXX-080-0,RXX-080,Back tension assembly (R)
QT-74,Reel To Reel Tape,RXX-085-0,RXX-085,Amplifier panel assembly
QT-74,Reel To Reel Tape,RXX-086-0,RXX-086,Head cover assembly
RT-1011L,Reel To Reel Tape,RXX-105-0,RXX-105,Fly wheel assembly
RT-1020L,Reel To Reel Tape,RXX-105-0,RXX-105,Flywheel assembly
RT-1020L,Reel To Reel Tape,RXX-106-0,RXX-106,Pinch solenoid assembly
RT-1020L,Reel To Reel Tape,RXX-107-0,RXX-107,Playback head assembly
RT-1020L,Reel To Reel Tape,RXX-108-0,RXX-108,Recording head assembly
RT-1020L,Reel To Reel Tape,RXX-109-0,RXX-109,Roller guide assembly (Including B)
RT-1011L,Reel To Reel Tape,RXX-110-0,RXX-110,Brake drum assembly
RT-1020L,Reel To Reel Tape,RXX-110-0,RXX-110,Brake dram assembly
RT-1011L,Reel To Reel Tape,RXX-111-0,RXX-111,Brake band assembly
RT-1020L,Reel To Reel Tape,RXX-111-0,RXX-111,Brake band assembly
RT-1011L,Reel To Reel Tape,RXX-112-0,RXX-112,Back cover (A - including key No.44) assembly
RT-1020L,Reel To Reel Tape,RXX-113-0,RXX-113,"Back cover (B) assembly (including 46, 47, 52)"
RT-1020L,Reel To Reel Tape,RXX-115-0,RXX-115,Mech. panel assembly
RT-1020L,Reel To Reel Tape,RXX-124-0,RXX-124,"Back cover (L) assembly (Including 44, 51, 55)"
RT-1020L,Reel To Reel Tape,RXX-128-0,RXX-128,Head cover (L) assembly
RT-1020L,Reel To Reel Tape,RXX-129-0,RXX-129,"Amp. panel (L) assembly (Including 11,34,40)"
RT-1011L,Reel To Reel Tape,RXX-143-0,RXX-143,Function button (A)assembly (STOP) (including key No 55)
RT-1011L,Reel To Reel Tape,RXX-144-0,RXX-144,Function button (B) assembly (FF) (including key No 55)
RT-1011L,Reel To Reel Tape,RXX-144-0,RXX-144,Function button (B) assembly (HEW) (including key No 55)
RT-1011L,Reel To Reel Tape,RXX-144-0,RXX-144,Function button (B) assembly (PLAY) (including key No 55)
RT-1011L,Reel To Reel Tape,RXX-145-0,RXX-145,Function button (C) assembly (REC) (including key No 55)
RT-1011L,Reel To Reel Tape,RXX-146-0,RXX-146,"AMP panel assembly (including key No.33, 57)"
RT-1011L,Reel To Reel Tape,RXX-147-0,RXX-147,Mech. panel assembly (including key No. 52. 56)
RT-1011L,Reel To Reel Tape,RXX-149-0,RXX-149,Reel adaptors
RT-1011L,Reel To Reel Tape,RXX-150-0,RXX-150,Head cover assembly (including key No.55)
RT-1011L,Reel To Reel Tape,RXX-151-0,RXX-151,Playback head assembly
RT-1011L,Reel To Reel Tape,RXX-152-0,RXX-152,Recording head assembly
RT-1011L,Reel To Reel Tape,RXX-154-0,RXX-154,Pinch solenoid assembly
CT-F9191,Cassette Tape,RXX-167,RXX-167,Front panel assembly
RT-701,Reel To Reel Tape,RXX-199,RXX-199,Front panel assembly
RT-707,Reel To Reel Tape,RXX-207,RXX-207,Front panel assembly
CT-F1000,Cassette Tape,RXX-212,RXX-212,Front panel assembly
CT-F700,Cassette Tape,RXX-221,RXX-221,Front panel assembly  (D type)
CT-F700,Cassette Tape,RXX-221,RXX-221,Front panel assembly  (D/G type)
CT-F700,Cassette Tape,RXX-221,RXX-221,Front panel assembly  (HG type)
CT-F700,Cassette Tape,RXX-223,RXX-223,Front panel assembly  (KC type)
CT-F700,Cassette Tape,RXX-223,RXX-223,Front panel assembly  (KU type)
RT-707,Reel To Reel Tape,RXX-227,RXX-227,PINCH ROLLER ASSY(TAKE-UP)
CT-F500/505,Cassette Tape,RXX-230,RXX-230,PulIey assembly
CT-F600/605,Cassette Tape,RXX-230,RXX-230,Motor pulley assembly
CT-F500/505,Cassette Tape,RXX-234,RXX-234,Door assembly
CT-F600/605,Cassette Tape,RXX-234,RXX-234,Door assembly - CT-F605/KU Model
CT-F900,Cassette Tape,RXX-235,RXX-235,Front panel assembly
CT-F900,Cassette Tape,RXX-236,RXX-236,Indicator lens assembly
CT-F950,Cassette Tape,RXX-251,RXX-251,Front panel assembly
CT-F950,Cassette Tape,RXX-252,RXX-252,Indicator lens assembly
CT-F850,Cassette Tape,RXX-253,RXX-253,Escutcheon assembly
CT-F1250,Cassette Tape,RXX-259,RXX-259,Front panel assembly
CT-F1250,Cassette Tape,RXX-260,RXX-260,Head cover assernbly
CT-F1250,Cassette Tape,RXX-261,RXX-261,Escutcheon assembly
CT-F1250,Cassette Tape,RXX-262,RXX-262,Escutcheon panel assembly
CT-F1250,Cassette Tape,RXX-263,RXX-263,Indicator assembly
RT-909,Reel To Reel Tape,RXX-265,RXX-265,Tension roller assembly L
RT-909,Reel To Reel Tape,RXX-266,RXX-266,Tension roller assembly R
RT-909,Reel To Reel Tape,RXX-267,RXX-267,Control A assembly
RT-909,Reel To Reel Tape,RXX-268,RXX-268,Front panel assembly
CT-F750,Cassette Tape,RXX-269,RXX-269,Front panel assembly
CT-F1050,Cassette Tape,RXX-302,RXX-302,Capstan motor assembly
CT-F1050,Cassette Tape,RXX-303,RXX-303,Reel motor assembly
CT-F1050,Cassette Tape,RXX-304,RXX-304,Cassette plate assembly
CT-F1050,Cassette Tape,RXX-305,RXX-305,Front panel assembly
CT-F1050,Cassette Tape,RXX-308,RXX-308,PLAY button assembly
CT-F1050,Cassette Tape,RXX-309,RXX-309,PAUSE button assembly
CT-F1050,Cassette Tape,RXX-310,RXX-310,REC button assembly
CT-F1050,Cassette Tape,RXX-311,RXX-311,MUTE button assembly
CT-F1050,Cassette Tape,RXX-312,RXX-312,STOP button assembly
CT-F1050,Cassette Tape,RXX-313,RXX-313,FAST button assembly
CT-F950,Cassette Tape,RYM-073,RYM-073,Mechanism assembly
CT-F7272,Cassette Tape,RYY-003,RYY-003,Dolby module
SX-6000,Receiver,S11 -016-A,S11 -016,Power Switch
SX-1000TA (Later),Receiver,S11-014,S11-014,Power Switch
SX-700T,Receiver,S11-014-A,S11-014,Power Switch
TX-500,Tuner,S11-014,S11-014,SWITCH(MPX FILTER/NOISE SLO)
QX-4000,Receiver,S11-016-A,S11-016,Power switch FW model
QX-646,Receiver,S11-016-B,S11-016,Power switch (FW model)
SA-500,Integrated Amplifier,S11-016-A,S11-016,Power Switch (FV)
SR-202W,Reverb,S11-016-A,S11-016,Power Switch
SX-440,Receiver,S11-016-A,S11-016,Power Switch
TX-500,Tuner,S11-016,S11-016,SWITCH(POWER)
TX-700,Tuner,S11-016,S11-016,SWITCH(POWER)
SA-500,Integrated Amplifier,S11-018-O,S11-018,Line Voitage Selector
SA-700,Integrated Amplifier,S11-018-0,S11-018,Line Voltage Selector
SA-900,Integrated Amplifier,S11-018-0,S11-018,LINE VOLTAGE Selector
SD-1000,Other,S11-018-O,S11-018,Line voltage selector
SR-202W,Reverb,S11-018-0,S11-018,Line Voltage Selector
SX-1000TD,Receiver,S11-018-0,S11-018,LINE VOLTAGE SELECTOR
SX-1000TW,Receiver,S11-018-0,S11-018,LINE VOLTAGE SELECTOR
SX-1500T,Receiver,S11-018-0,S11-018,LINE VOLTAGE SELECTOR (F)
SX-1500TD,Receiver,S11-018-0,S11-018,LINE VOLTAGE Selector
SX-2500,Receiver,S11-018-0,S11-018,LINE VOLTAGE SELECTOR
SX-440,Receiver,S11-018-0,S11-018,Line Voltage Selector
SX-9000,Receiver,S11-018-0,S11-018,Line Voltage Selector
SX-990,Receiver,S11-018-O,S11-018,LINE VOLTAGE Selector
SX-1500T,Receiver,S11-019-0,S11-019,Output Selector
SX-1000TD,Receiver,S11-020-0,S11-020,Output Selector
SX-1000TW,Receiver,S11-020-0,S11-020,Output Selector
SX-1500T,Receiver,S11-020-0,S11-020,Output Selector (F)
SA-1000,Integrated Amplifier,S11-022-A,S11-022,Speaker selector with AC switch (FVW model)
SA-700,Integrated Amplifier,S11-022-A,S11-022,Output Selector
SX-2500,Receiver,S11-022-A,S11-022,OUTPUT SELECTOR & POWER Switch
SX-770,Receiver,S11-022-A,S11-022,Output Selector
SX-9000,Receiver,S11-022-A,S11-022,Slide Switch
SX-990,Receiver,S11-022-A,S11-022,SPEAKERS Switch
SA-600,Integrated Amplifier,S11-023-B,S11-023,Power switch (KCW)
SA-800,Integrated Amplifier,S11-023-B,S11-023,POWER Switch (KCW)
SA-600,Integrated Amplifier,S11-024-B,S11-024,Power switch (FVW)
SA-800,Integrated Amplifier,S11-024-B,S11-024,POWER Switch (FVW)
SA-900,Integrated Amplifier,S11-024-0,S11-024,POWER Switch
SX-727,Receiver,S11-029-0,S11-029,"Output selector (FVZW,FW)"
SX-1500TD,Receiver,S11-029A,S11-029A,SPEAKERS Switch
SX-9000,Receiver,S11-030-A,S11-030,Power Switch
QT-2100,8-Track Tape,S11-404,S11-404,SWITCH(PROGRAM REPEAT)
PL-A25,Turntable,S11-602-0,S11-602,Slotted plug
SA-800,Integrated Amplifier,S12-011-B,S12-011,OUTPUT SELECTOR
SA-900,Integrated Amplifier,S12-011-0,S12-011,SPEAKER Selector
SX-440,Receiver,S13-021 B,S13-021 B,Input Selector
SA-600,Integrated Amplifier,S13-024-B,S13-024,Input selector switch
SA-700,Integrated Amplifier,S13-024-0,S13-024,Input Selector
SA-900,Integrated Amplifier,S13-025-0,S13-025,INPUT Selector
TX-600,Tuner,S13-026,S13-026,SWITCH(FUNCTION-AM/FM/AUTO)
TX-900,Tuner,S13-026,S13-026,SWITCH(FUNCTION-AM/FM/AUTO)
TX-500,Tuner,S13-027,S13-027,SWITCH(FUNCTION/SELECTOR)
TX-500A,Tuner,S13-027,S13-027,SWITCH(FUNCTION/SELECTOR)
SA-500,Integrated Amplifier,S13-028-A,S13-028,lnput Selector
SX-1500TD,Receiver,S13-029-0,S13-029,SELECTOR Switch
SX-990,Receiver,S13-029-O,S13-029,SELECTOR Switch
SX-770,Receiver,S13-030-0,S13-030,Input Selector
TX-700,Tuner,S13-036,S13-036,SWITCH(FUNCT-FM AUTO/MONO/AM)
SX-9000,Receiver,S13-038-A,S13-038,Input Selector
SX-2500,Receiver,S13-039-A,S13-039,INPUT SELECTOR Switch
TX-1000,Tuner,S13-044,S13-044,SWITCH(FUNCTION-FM/AM/MONO/AUTO
TX-800,Tuner,S13-044,S13-044,SWITCH(FUNCTION-FM/AM/MONO/AUTO
SA-1000,Integrated Amplifier,S13-045-0,S13-045,Input selector switch
SA-800,Integrated Amplifier,S13-045-0,S13-045,SELECTOR Switch
SA-700,Integrated Amplifier,S14-025-0,S14-025,Slide Switch
SA-700,Integrated Amplifier,S14-035-0,S14-035,Mode Switch
SA-800,Integrated Amplifier,S14-035-0,S14-035,MODE Switch
SA-900,Integrated Amplifier,S14-035-1,S14-035,MODE Selector
SX-1500TD,Receiver,S14-035-0,S14-035,MODE Switch
SX-2500,Receiver,S14-035-0,S14-035,MODE SELECTOR Switch
SX-6000,Receiver,S14-035-0,S14-035,Mode Switch
SX-828,Receiver,S14-035-0,S14-035,Mode switch
SX-9000,Receiver,S14-035-0,S14-035,Mode Selector
SX-990,Receiver,S14-035-O,S14-035,MODE Switch
SA-1000,Integrated Amplifier,S14-038-0,S14-038,Selector switch (PHONO IMP SELECTOR)
T-6100,Reel To Reel Tape,S14-401,S14-401,SWITCH(SPEED SELECTOR)
T-6100,Reel To Reel Tape,S14-402,S14-402,SWITCH(MODE/REC)
T-8800,Reel To Reel Tape,S14-403,S14-403,SWITCH(CYCLE)
T-8800,Reel To Reel Tape,S14-404,S14-404,SWITCH(SENSING/BIAS SELECTOR)
H-R88,8-Track Tape,S14-612,S14-612,WAFER SW(FUNCTION)HR88
SA-900,Integrated Amplifier,S15-033-A,S15-033,BASS Control Switch (L)
SA-900,Integrated Amplifier,S15-033-A,S15-033,BASS Control Switch (R)
SA-1000,Integrated Amplifier,S15-034-A,S15-034,Tone switch (TREBLE)
SA-1000,Integrated Amplifier,S15-034-A,S15-034,Tone switch (TREBLE)
SA-900,Integrated Amplifier,S15-034-A,S15-034,TREBLE Control Switch (L)
SA-900,Integrated Amplifier,S15-034-A,S15-034,TREBLE Control Switch (R)
SX-9000,Receiver,S15-035-A,S15-035,Selector Switch
SA-1000,Integrated Amplifier,S15-037-0,S15-037,Tone switch (BASS)
SA-1000,Integrated Amplifier,S15-037-0,S15-037,Tone switch (BASS)
T-6600,Reel To Reel Tape,S15-402,S15-402,SWITCH(REC MODE)
SX-1000TA (Later),Receiver,S16-037-C,S16-037,Selector Switch
SX-1000TD,Receiver,S16-037-C,S16-037,Input Setector
SX-1000TW,Receiver,S16-037-C,S16-037,lnput Selector
SX-1500T,Receiver,S16-037-C,S16-037,Input Selector
SX-700T,Receiver,S16-037-C,S16-037,Input Selector
SX-1000TA (Later),Receiver,S16-038,S16-038,Mode Selector Switch
SX-1000TD,Receiver,S16-038-B,S16-038,Mode/Tape Mon Selector
SX-1000TW,Receiver,S16-038-B,S16-038,Mode Selector
SX-1500T,Receiver,S16-038-B,S16-038,Mode Selector
SX-700T,Receiver,S16-038-B,S16-038,Mode Selector Switch
SA-500,Integrated Amplifier,S16-038 C,S16-038 C,Mode Selector
SX-700T,Receiver,S16-041-0,S16-041,Output Selector
QC-800,Pre-Amplifier,S16-046-A,S16-046,TREBLE switch
QC-800,Pre-Amplifier,S16-046-A,S16-046,TREBLE switch
QC-800A,Pre-Amplifier,S16-046-A,S16-046,Treble switch
QC-800A,Pre-Amplifier,S16-046-A,S16-046,Treble switch
SA-700,Integrated Amplifier,S16-046-0,S16-046,Tone Control Switch
SA-800,Integrated Amplifier,S16-046-A,S16-046,TREBLE Switch
SX-2500,Receiver,S16-046-0,S16-046,BASS CONTROL Switch
SA-700,Integrated Amplifier,S16-047-0,S16-047,Tone Control Switch
SX-2500,Receiver,S16-047-0,S16-047,TREBLE CONTROL Swltch
QC-800,Pre-Amplifier,S16-054-A,S16-054,BASS switch
QC-800,Pre-Amplifier,S16-054-A,S16-054,BASS switch
QC-800A,Pre-Amplifier,S16-054-A,S16-054,Bass switch
QC-800A,Pre-Amplifier,S16-054-A,S16-054,Bass switch
SA-800,Integrated Amplifier,S16-054-A,S16-054,BASS Switch
T-8800,Reel To Reel Tape,S16-401,S16-401,SWITCH(MODE)
TX-700,Tuner,S21-004,S21-004,SWITCH(ILLUMINATION)
QT-2100,8-Track Tape,S21-404,S21-404,SWITCH(POWER/SHUT-OFF)
QT-74,Reel To Reel Tape,S21-411-0,S21-411,Microswitch
T-8800,Reel To Reel Tape,S21-411,S21-411,SWITCH(MOTOR/TENSION)
T-3300,Cassette Tape,S21-416,S21-416,SWITCH(PAUSE)
T-3500,Cassette Tape,S21-416,S21-416,SWITCH(PAUSE)
QT-6100,Reel To Reel Tape,S21-418-0,S21-418,Microswitch
QT-6600,Reel To Reel Tape,S21-418-0,S21-418,Microswitch
QT-74,Reel To Reel Tape,S21-418-0,S21-418,Microswitch
PL-25/F,Turntable,S21-610-0,S21-610,Microswitch
H-R100,8-Track Tape,S21-625-0,S21-625,Micro Switch (Power)
H-R99,8-Track Tape,S21-625-0,S21-625,Switch (Power)
QT-6100,Reel To Reel Tape,S21-851-0,S21-851,Shuboff swltch
QT-6100,Reel To Reel Tape,S21-851-0,S21-851,Shut-0ff switch
QT-6600,Reel To Reel Tape,S21-851-0,S21-851,Shut-0ff switch
QT-6600,Reel To Reel Tape,S21-851-0,S21-851,Shut-0ff switch
QT-74,Reel To Reel Tape,S21-851-0,S21-851,Microswitch
T-6100,Reel To Reel Tape,S21-851,S21-851,SWITCH(SHUT-OFF/MOTOR)
SX-9000,Receiver,S31-016-A,S31-016,Demi Switch (W26-002)
SA-500,Integrated Amplifier,S31-018-O,S31-018,Push switch
SA-500,Integrated Amplifier,S31-018-O,S31-018,Speakers switch
SA-700,Integrated Amplifier,S31-018-0,S31-018,Push Switch
SX-770,Receiver,S31-022-0,S31-022,AFC Switch (Push type)
SX-770,Receiver,S31-022-0,S31-022,High Cut Filter Switch (Push type)
SX-770,Receiver,S31-022-0,S31-022,Loudness Swnch (Push type)
SX-770,Receiver,S31-022-0,S31-022,Mode Switch (Push type)
SX-770,Receiver,S31-022-0,S31-022,Muting Switch (Push type)
SX-770,Receiver,S31-022-0,S31-022,TAPE Montor Switch (Push type)
TX-700,Tuner,S31-022,S31-022,SWITCH(MUTING/NOISE FILTER)
SX-1500TD,Receiver,S31-023-0,S31-023,FM MUTlNG Switch
SX-1500TD,Receiver,S31-023-0,S31-023,HIGH CUT RLTER Switch
SX-1500TD,Receiver,S31-023-0,S31-023,LOUDNESS Switch
SX-1500TD,Receiver,S31-023-0,S31-023,LOW CUT FlLTER Switch
SX-1500TD,Receiver,S31-023-0,S31-023,TAPE MONITOR Switch
QX-747,Receiver,S31-028-0,S31-028,Push switch (level indicator sensitivity)
QX-8000,Receiver,S31-028-0,S31-028,Mini switch (SPEAKER)
QX-8000A,Receiver,S31-028,S31-028,SWITCH(SPEAKER)
QX-8000A,Receiver,S31-028-0,S31-028,Mini switch (SPEAKERS)
SX-9000,Receiver,S31-029,S31-029,Demi Switch (W26-001)
SX-9000,Receiver,S31-030,S31-030,Demi swltch (W26-003)
T-3300,Cassette Tape,S31-406,S31-406,SWITCH(POWER)
T-3500,Cassette Tape,S31-406,S31-406,SWITCH(POWER)
H-R9000,8-Track Tape,S31-614-A,S31-614,Push Switch
H-R99,8-Track Tape,S31-614-A,S31-614,Push Switch (F. F.)
QT-6100,Reel To Reel Tape,S31-851-0,S31-851,Power switch
QT-6600,Reel To Reel Tape,S31-851-0,S31-851,Power switch
T-6100,Reel To Reel Tape,S31-851,S31-851,SWITCH(POWER/SHUT-OFF)
T-6600,Reel To Reel Tape,S31-851,S31-851,SWITCH(POWER/SHUT-OFF)
T-6600,Reel To Reel Tape,S32-401,S32-401,SWITCH(PRESET)
PL-25/F,Turntable,S41 -609-A,S41 -609,Slide switch
QX-4000,Receiver,S41-022-A,S41-022,De-emphasis switch FW model
QX-646,Receiver,S41-022-A,S41-022,De-emphasis switch (FW model only)
QX-8000A,Receiver,S41-022-A,S41-022,De-emphasis switch (FW)
SA-600,Integrated Amplifier,S41-022-A,S41-022,Slide switch (Pre & Main)
SX-1000TA (Later),Receiver,S41-022-A,S41-022,Slide Switch
SX-1500TD,Receiver,S41-022-A,S41-022,PRE & MAIN Switch
SX-6000,Receiver,S41-022-A,S41-022,Pre & Main Switch
SX-828,Receiver,S41-022-A,S41-022,De-emphasis switch
TX-6200,Tuner,S41-022-A,S41-022,Slide switch (De-emphasis) F model only
TX-7100,Tuner,S41-022-A,S41-022,De-emphasis (slide type - FW model)
TX-8100,Tuner,S41-022-A,S41-022,De-emphasis (slide type - FW model)
QX-8000,Receiver,S41-025-0,S41-025,PRE & MAIN Switch
QX-8000A,Receiver,S41-025-0,S41-025,Slide switch (MAIN/PRE)
QX-9900,Receiver,S41-025-0,S41-025,Pre & main switch
SA-1000,Integrated Amplifier,S41-025-0,S41-025,Slide switch (PRE/MAIN)
SA-800,Integrated Amplifier,S41-025-0,S41-025,PRE & MAIN Switch
SA-900,Integrated Amplifier,S41-025-0,S41-025,SLIDE Switch
SA-900,Integrated Amplifier,S41-025-0,S41-025,SLlDE Switch
SX-2500,Receiver,S41-025-0,S41-025,PRE & MAIN Switch
T-8800,Reel To Reel Tape,S41-407,S41-407,SWITCH(LINE OUT)
T-8800,Reel To Reel Tape,S41-409,S41-409,SWITCH(RECORD/PLAY)
T-3500,Cassette Tape,S41-410,S41-410,SWITCH(REC/PLAY)
PL-A25,Turntable,S41-605-0,S41-605,Slide switch
PL-50,Turntable,S41-609-A,S41-609,Slide switch
QT-6100,Reel To Reel Tape,S41-852-A,S41-852,Slide switch (FOR-REV SELECTOR SWITCH)
QT-6100,Reel To Reel Tape,S41-852-A,S41-852,Slide switch (REC-PB SELECTOR SWITCH)
QT-74,Reel To Reel Tape,S41-852-A,S41-852,Slide switch (FWD/REW)
QT-74,Reel To Reel Tape,S41-852-A,S41-852,Slide switch (REC/PB)
QT-74,Reel To Reel Tape,S41-854-0,S41-854,Slide switch
QT-74,Reel To Reel Tape,S41-856-B,S41-856,Slide switch (FWD/REV)
T-6600,Reel To Reel Tape,S41-856,S41-856,SWITCH(FF/REW)
SX-1000TA (Later),Receiver,S42-001,S42-001,"Toggle Switches (SPEAKER, FILTER LOW, FILTER HIGH, MUTING, AFC, LOUDNESS, PHONO)"
SX-1000TD,Receiver,S42-001-C,S42-001,Toggle Switch (AFC)
SX-1000TD,Receiver,S42-001-C,S42-001,Toggle Switch (HIGH RLTER)
SX-1000TD,Receiver,S42-001-C,S42-001,Toggle Switch (LOUDNESS)
SX-1000TD,Receiver,S42-001-C,S42-001,Toggle Switch (LOW RLTER)
SX-1000TD,Receiver,S42-001-C,S42-001,Toggle Switch (MUTING)
SX-1000TD,Receiver,S42-001-C,S42-001,Toggle Switch (PHONO)
SX-1000TW,Receiver,S42-001-C,S42-001,"Toggle Switch (LOUDNESS, LOW FILTER, HIGH FILTER, MUTING, AFC, PHONO)"
SX-1500T,Receiver,S42-001-C,S42-001,"Toggle Switch (LOUDNESS, Low Filter, High Filter, Muting, AFC, PHONO)"
SX-700T,Receiver,S42-001-C,S42-001,Toggle Switch (AFC)
SX-700T,Receiver,S42-001-C,S42-001,Toggle Switch (HIGH RLTER)
SX-700T,Receiver,S42-001-C,S42-001,Toggle Switch (LOUDNESS)
SX-700T,Receiver,S42-001-C,S42-001,Toggle Switch (PHONO)
SX-440,Receiver,S42-002-A,S42-002,Toggle Switch (LOUDNESS)
SX-440,Receiver,S42-002-A,S42-002,Toggle Switch (MODE)
SX-440,Receiver,S42-002-A,S42-002,Toggle Switch (SPEAKER ON/OFF)
SX-440,Receiver,S42-002-A,S42-002,Toggle Switch (SPEAKER)
SX-440,Receiver,S42-002-A,S42-002,Toggle Switch (TAPE MONITOR)
SA-1000,Integrated Amplifier,S42-004-A,S42-004,Lever switch (HIGH FILTER)
SA-1000,Integrated Amplifier,S42-005-B,S42-005,Lever switch (LOW FILTER)
SA-900,Integrated Amplifier,S42-006-A,S42-006,MUTING Switch
SA-900,Integrated Amplifier,S42-006-A,S42-006,TAPE MONITOR Swltch
QL-600,Integrated Amplifier,S42-011-A,S42-011,2 CH. TAPE MONITOR Switch
QL-600A,Integrated Amplifier,S42-011-A,S42-011,Lever switch (2 ch. tape mon.)
SA-600,Integrated Amplifier,S42-011-A,S42-011,Lever switch (Speaker A)
SA-600,Integrated Amplifier,S42-011-A,S42-011,Lever switch (Speaker B)
SA-800,Integrated Amplifier,S42-011-A,S42-011,TAPE MONITOR 1 Switch
SA-800,Integrated Amplifier,S42-011-A,S42-011,TAPE MONITOR 2 Switch
SA-600,Integrated Amplifier,S42-012-A,S42-012,Lever switch (High cut filter)
SA-600,Integrated Amplifier,S42-012-A,S42-012,Lever switch (Loudness)
SA-600,Integrated Amplifier,S42-012-A,S42-012,Lever switch (Low cut filter)
SA-600,Integrated Amplifier,S42-012-A,S42-012,Lever switch (Mode)
SA-600,Integrated Amplifier,S42-012-A,S42-012,Lever switch (Tape monitor 1)
SA-600,Integrated Amplifier,S42-012-A,S42-012,Lever switch (Tape monitor 2)
SA-800,Integrated Amplifier,S42-012-A,S42-012,LOUDNESS Switch
SA-800,Integrated Amplifier,S42-012-A,S42-012,LOW FILTER
SA-800,Integrated Amplifier,S42-012-A,S42-012,MUTING Switch
TX-800,Tuner,S42-012,S42-012,SWITCH(HIGH/LOW FILTER)
SA-1000,Integrated Amplifier,S42-013-A,S42-013,Lever switch (PHONO 2 SELECTOR)
SA-1000,Integrated Amplifier,S42-014-0,S42-014,Lever switch (LOUDNESS)
SA-1000,Integrated Amplifier,S42-014-0,S42-014,Lever switch (MUTING)
SA-1000,Integrated Amplifier,S42-015-0,S42-015,Lever switch (DUPLICATE)
SA-800,Integrated Amplifier,S42-016-A,S42-016,HIGH FlLTER
SA-800,Integrated Amplifier,S42-016-A,S42-016,PHONO 2 SELECTOR
QT-6100,Reel To Reel Tape,S42-403-A,S42-403,Switch
QT-6600,Reel To Reel Tape,S42-403-A,S42-403,Switch
QT-74,Reel To Reel Tape,S42-403-A,S42-403,Switch (Contact point off)
T-6100,Reel To Reel Tape,S42-403,S42-403,SWITCH(CONTACT PT-OFF/REV CANCE
T-6600,Reel To Reel Tape,S42-403,S42-403,SWITCH(CONTACT PT-OFF/REV CANCE
T-8800,Reel To Reel Tape,S42-405,S42-405,SWITCH(MONITOR)
T-8800,Reel To Reel Tape,S42-406,S42-406,SWITCH(INPUT SELECTOR)
T-8800,Reel To Reel Tape,S42-407,S42-407,SWITCH(POWER)
T-8800,Reel To Reel Tape,S43-401,S43-401,SWITCH(FREQ SELECTOR)
SX-2500,Receiver,S48-002-A,S48-002,Spring Switch
SX-2500,Receiver,S48-003-A,S48-003,AUTO TUNING REVERSE Switch
T-8800,Reel To Reel Tape,S48-401,S48-401,SWITCH(MUTING)
PL-A25,Turntable,S48-623-0,S48-623,Switch (A)
PL-A25,Turntable,S48-624-0,S48-624,Switch (B)
PL-50,Turntable,S48-625-B,S48-625,Switch (c)
PL-A25,Turntable,S48-625-A,S48-625,Switch (C)
H-R9000,8-Track Tape,S48-645-B,S48-645,Leaf Switch
QT-6100,Reel To Reel Tape,S48-855-0,S48-855,Spring switch No. 5
QT-6600,Reel To Reel Tape,S48-855-0,S48-855,Spring switch No. 5
QT-74,Reel To Reel Tape,S48-855-0,S48-855,Spring switch
T-6100,Reel To Reel Tape,S48-856,S48-856,SWITCH(MUTING)
T-6600,Reel To Reel Tape,S48-856,S48-856,SWITCH(MUTING)
SA-1000,Integrated Amplifier,S61-006-0,S61-006,Relay
SA-800,Integrated Amplifier,S61-006-0,S61-006,ReIay
QM-800,Amplifier,S61-007-0,S61-007,Relay
QM-800A,Amplifier,S61-007-0,S61-007,Relay
T-8800,Reel To Reel Tape,S61-414,S61-414,RELAY SWITCH
T-8800,Reel To Reel Tape,S61-416,S61-416,RELAY SWITCH
T-3300,Cassette Tape,S61-417,S61-417,RELAY
T-3500,Cassette Tape,S61-417,S61-417,RELAY
QT-6100,Reel To Reel Tape,S61-853-0,S61-853,Relay (12V)
QT-6600,Reel To Reel Tape,S61-853,S61-853,SWITCH(FF/REW/RELAY CONTACT/FF)
A-70,Integrated Amplifier,SEA5V044L,SEA5V044L,Push switch (TAPE COPY)
A-77X,Integrated Amplifier,SEA5V2B2S,SEA5V2B2S,"Push switch (SP-A,SP-B)"
SX-50,Receiver,SEA5V2BB3S,SEA5V2BB3S,Push switch (LOUDNESS/MONO)
A-70,Integrated Amplifier,SEA5V4B3B2S,SEA5V4B3B2S,"Push switch (SUBSONIC, LINE STRAIGHT, RANGE)"
A-90,Integrated Amplifier,SEA5V4B4S,SEA5V4B4S,"Push switch (LINE, STRAIGHT, SUBSONIC)"
A-90,Integrated Amplifier,SEA5V4B4S,SEA5V4B4S,SWITCH A90
SX-50,Receiver,SEA6V441S,SEA6V441S,"Push switch (TAFE1, TAPE2/ADAPTOR, SIMULATED STEREO)"
A-90,Integrated Amplifier,SEA6V4B4B4L,SEA6V4B4B4L,Push switch (TAPE MONITOR)
SX-60,Receiver,SEA6V4B4S,SEA6V4B4S,"Push switch (MONO, LOUDNESS)"
SA-970,Integrated Amplifier,SEA7VB2B4S,SEA7VB2B4S,Push switch (ADAPTOR/TAPE2 LOUDNESS)
SA-970,Integrated Amplifier,SEA7VB2B4S,SEA7VB2B4S,Push switch (ADAPTOR/TAPE2/LOUDNESS)
SA-970,Integrated Amplifier,SEA7VB2B4S,SEA7VB2B4S,Variable resistor 1M (BALANCE)
A-90,Integrated Amplifier,SEA8V222L,SEA8V222L,Push switch (TAPE COPY)
F-90,Tuner,SEA8V222S,SEA8V222S,Push switch
SA-1040,Integrated Amplifier,SEA8V2B1B4S,SEA8V2B1B4S,"Push switch (LOUDNESS, ADAPTOR/TAPE2, SUBSONIC)"
SA-1050,Integrated Amplifier,SEA8V2B1B4S,SEA8V2B1B4S,"Push switch (LOUDNESS, ADAPTOR/TAPE2, SUBSONIC)"
A-40,Integrated Amplifier,SEA8V2BBB4S,SEA8V2BBB4S,SWITCH(LOUDNESS/ADAPTOR/TAPE 2)
SA-940,Integrated Amplifier,SEA8V2BBB4S,SEA8V2BBB4S,"Push switch (LOUDNESS, ADAPTOR/TAPE2)"
SA-950,Integrated Amplifier,SEA8V2BBB4S,SEA8V2BBB4S,"Push switch (LOUDNESS, ADAPTOR/TAPE2)"
A-66X,Integrated Amplifier,SEA8V440L,SEA8V440L,(TAPE)
SX-60,Receiver,SEAV1S,SEAV1S,Push switch (SIMULATED STEREO)
A-66X,Integrated Amplifier,SEAV2S,SEAV2S,"(LOUDNESS, MM-MC)"
A-66X,Integrated Amplifier,SEAV2S,SEAV2S,(SUBSONIC)
A-717,Integrated Amplifier,SEAV2S,SEAV2S,SWITCH(RANGE/SUBSONIC/SIMULATED
A-80,Integrated Amplifier,SEAV2S,SEAV2S,Push switch (RANGE)
A-88X,Integrated Amplifier,SEAV2S,SEAV2S,Push switch (SUBSONIC)
A-90,Integrated Amplifier,SEAV2S,SEAV2S,Push swltch (RANGE)
A-60,Integrated Amplifier,SEAV3S,SEAV3S,Push switch (LINE STRAIGHT)
A-60,Integrated Amplifier,SEAV3S,SEAV3S,Push switch (LOUDNESS)
A-66X,Integrated Amplifier,SEAV3S,SEAV3S,(LINE STRAIGHT)
A-77X,Integrated Amplifier,SEAV3S,SEAV3S,Push switch (LINE STRAIGHT)
SX-50,Receiver,SEAV3S,SEAV3S,Push switch (SUBSONIC)
SX-60,Receiver,SEAV3S,SEAV3S,Push switch (SUBSONIC)
A-40,Integrated Amplifier,SEAV4S,SEAV4S,SWITCH(FUNCTION-AUX#1/#2...ETC.
A-70,Integrated Amplifier,SEAV4S,SEAV4S,Push switch (MUTlNG)
A-717,Integrated Amplifier,SEAV4S,SEAV4S,SWITCH(FUNCTION-AUX#1/#2...ETC.
A-77X,Integrated Amplifier,SEAV4S,SEAV4S,Push switch (MUTING)
A-77X,Integrated Amplifier,SEAV4S,SEAV4S,Push switch (SUBSONIC)
A-77X,Integrated Amplifier,SEAV4S,SEAV4S,SWITCH(FUNCTION-AUX#1/#2...ETC.
A-80,Integrated Amplifier,SEAV4S,SEAV4S,"Push switch (LINE STRAIGHT, SUBSONIC)"
A-80,Integrated Amplifier,SEAV4S,SEAV4S,Push switch (MUTING)
A-88X,Integrated Amplifier,SEAV4S,SEAV4S,Push switch (LINE STRAIGHT)
A-88X,Integrated Amplifier,SEAV4S,SEAV4S,Push switch (MUTING)
A-90,Integrated Amplifier,SEAV4S,SEAV4S,Push switch (MUTING)
SA-1040,Integrated Amplifier,SEAV4S,SEAV4S,"Push selector switch (CD/AUX1,2)"
SA-1050,Integrated Amplifier,SEAV4S,SEAV4S,"Push selector switch (CD/AUX1,2)"
SA-940,Integrated Amplifier,SEAV4S,SEAV4S,Push switch (AUX 1/2)
SA-950,Integrated Amplifier,SEAV4S,SEAV4S,Push switch (AUX 1/2)
SX-727,Receiver,SIB01-01,SIB01-01,Diode
SX-828,Receiver,SIB01-01,SIB01-01,Diode
CT-F8282,Cassette Tape,SIB01-01 or W03B,SIB01-01 or W03B,Diode
M-22,Amplifier,SIB01-04,SIB01-04,Diode
M-22,Amplifier,SIB01-04,SIB01-04,Diode
M-22,Amplifier,SIB01-04,SIB01-04,Diode (KL-type only)
SPEC-1,Pre-Amplifier,SIB01-04,SIB01-04,Diode
SPEC-1,Pre-Amplifier,SIB01-04,SIB01-04,Diode
SPEC-2,Amplifier,SIBO1-02,SIBO1-02,Diode
QX-646,Receiver,SII-016-B,SII-016,POWER switch (FW model)
CT-F1050,Cassette Tape,SLC-26GG5,SLC-26GG5,Dolby LED
CT-F1050,Cassette Tape,SLC-26GG5,SLC-26GG5,LED
SX-650,Receiver,SP-40W,SP-40W,Transistor
SX-650,Receiver,SP-40W,SP-40W,Transistor
SX-580/590,Receiver,STK-0029,STK-0029,Hybrid IC
SX-580/590,Receiver,STK-0029,STK-0029,IC
SX-580/590,Receiver,STK-0029,STK-0029,IC
SX-680/690,Receiver,STK-0039,STK-0039,IC
SX-680/690,Receiver,STK-0039,STK-0039,IC
SX-780,Receiver,STK-0050/A,STK-0050/A,Hybrid lC
A-7,Integrated Amplifier,STV2H-0,STV2H,Varistor
SX-939,Receiver,STV4H,STV4H,Varistor
TX-111Z,Tuner,SUJ8L2BBB4LF,SUJ8L2BBB4LF,SWITCH(FUNCTION-MW/LW/FM)
SX-202,Receiver,SUJSLYXSF,SUJSLYXSF,Push switch (SPEAKERS)
A-90,Integrated Amplifier,SUL5L4B4B4B4LFC,SUL5L4B4B4B4LFC,Push switch (FUNCTION)
A-90,Integrated Amplifier,SUL5L4B4B4B4LFC,SUL5L4B4B4B4LFC,"Push switch (PHONO, TUNER, CD/AUX 1, AUX 2)"
A-70,Integrated Amplifier,SUL5L4B4B4LFC,SUL5L4B4B4LFC,"Push switch (PHONO, TUNER, AUX)"
A-70,Integrated Amplifier,SUL5LYBYSFC,SUL5LYBYSFC,Push switch (SPEAKERS)
A-80,Integrated Amplifier,SUL6L4B4B4B4LFC,SUL6L4B4B4B4LFC,Push switch (FUNCTION)
GR-551,Equalizer,SUL6L6B6S,SUL6L6B6S,"Push switch (EQUALIZER, TAPE MONITOR)"
GR-555,Equalizer,SUL6L6B6S,SUL6L6B6S,"Push switch (EQUALIZER, TAPE MONITOR)"
A-40,Integrated Amplifier,SUL6MYBXSFC,SUL6MYBXSFC,"SWITCH(SPEAKER ""A""/""B"")"
SA-1040,Integrated Amplifier,SUL6MYBXSFC,SUL6MYBXSFC,Push switch (SPEAKERS)
SA-1050,Integrated Amplifier,SUL6MYBXSFC,SUL6MYBXSFC,Push switch (SPEAKERS)
SA-940,Integrated Amplifier,SUL6MYBXSFC,SUL6MYBXSFC,Push switch (SPEAKERS)
SA-950,Integrated Amplifier,SUL6MYBXSFC,SUL6MYBXSFC,Push switch (SPEAKERS)
M-91,Amplifier,SUL8LXXXS,SUL8LXXXS,SWITCH(SPKR A&B)
SX-50,Receiver,SUL8LYZSF,SUL8LYZSF,Push switch (SPEAKERS)
SX-60,Receiver,SUL8LZYSF,SUL8LZYSF,"Push switch (SPEAKERS A, B)"
SA-970,Integrated Amplifier,SUL8MYXSC,SUL8MYXSC,Switch (SPEAKERS)
GR-551,Equalizer,SULLYS,SULLYS,Push switch (POWER)
GR-555,Equalizer,SULLYS,SULLYS,Push switch (POWER)
SG-90,Equalizer,SUN6L4444LF,SUN6L4444LF,Push switch (LINE OUT SELECTOR)
SG-90,Equalizer,SUN6L54SF,SUN6L54SF,"Push switch (EQ CHARACTER, EQ LEVEL)"
SG-90,Equalizer,SUN6L66SF,SUN6L66SF,Push switch (EQUALIZER)
RG-60,Dynamic Range Expander,SUN6LB4BS,SUN6LB4BS,Push switch (TAPE MONITOR)
A-60,Integrated Amplifier,SUN6MXBXSFC,SUN6MXBXSFC,Push switch (SPEAKERS)
RG-60,Dynamic Range Expander,SUNLYS,SUNLYS,"Push switch (POWER) - S,S/G"
SR-60,Reverb,SUNLYSF,SUNLYSF,SWITCH(POWER)SR60
SX-650,Receiver,T22-022,T22-022,Ferrite Balun
QX-4000,Receiver,T22-025-A,T22-025,Balun
QX-646,Receiver,T22-025-A,T22-025,Balun
QX-747,Receiver,T22-025-A,T22-025,Balun
QX-747A,Receiver,T22-025,T22-025,Ferrite balun
QX-949,Receiver,T22-025-A,T22-025,Balun
QX-949A,Receiver,T22-025,T22-025,Ferrite balun
QX-9900,Receiver,T22-025-A,T22-025,Balun
SX-1050,Receiver,T22-025,T22-025,Ferrite balun (S)
SX-1080,Receiver,T22-025,T22-025,Balun transformer
SX-1250,Receiver,T22-025,T22-025,Ferrite balun
SX-1280,Receiver,T22-025,T22-025,Balun
SX-1980,Receiver,T22-025,T22-025,Balun
SX-434,Receiver,T22-025-A,T22-025,Balun
SX-535,Receiver,T22-025-A,T22-025,Balun
SX-626 (1971),Receiver,T22-025-A,T22-025,Balun transformer
SX-636,Receiver,T22-025-A,T22-025,Balun
SX-727,Receiver,T22-025-A,T22-025,Balun transformer
SX-737,Receiver,T22-025-A,T22-025,Balun
SX-750,Receiver,T22-025,T22-025,Ferrite balun
SX-828,Receiver,T22-025-A,T22-025,Balun transformer
SX-850,Receiver,T22-025,T22-025,Ferrite balun
SX-939,Receiver,T22-025-A,T22-025,Balun
SX-950,Receiver,T22-025,T22-025,Ferrite balun
SX-950,Receiver,T22-025,T22-025,Ferrite balun
SX-980,Receiver,T22-025,T22-025,Balun
TX-6200,Tuner,T22-025-A,T22-025,Balun
TX-7100,Tuner,T22-025-A,T22-025,Balun
TX-8100,Tuner,T22-025-A,T22-025,Balun
TX-8500II,Tuner,T22-025,T22-025,Ferrite balun (T3)
TX-9100,Tuner,T22-025-B,T22-025,Balun
TX-9500,Tuner,T22-025-A,T22-025,Ferrite balun
TX-9500II,Tuner,T22-025,T22-025,Ferrite balun
SX-700T,Receiver,T24-025-0,T24-025,Choke Coil
SX-700T,Receiver,T24-025-0,T24-025,Choke Coil
SX-828,Receiver,T24-025-B,T24-025,Heater choke coil
SX-9000,Receiver,T24-025-B,T24-025,Choke Coil
SX-1500TD,Receiver,T24-026-0,T24-026,Heater Choke Coil
SX-2500,Receiver,T24-026-0,T24-026,Heater Choke Coil
SX-6000,Receiver,T24-026-0,T24-026,Choke Coil
SX-990,Receiver,T24-026-O,T24-026,Heater Choke Coil
QX-747,Receiver,T24-028-A,T24-028,RF choke coil
QX-949,Receiver,T24-028-A,T24-028,RF choke coil
SX-1980,Receiver,T24-028,T24-028,RF choke coil
TX-6200,Tuner,T24-028-A,T24-028,RF choke coil
TX-7100,Tuner,T24-028-A,T24-028,RF choke Coil
TX-8100,Tuner,T24-028-A,T24-028,RF choke coil
QX-4000,Receiver,T24-030-0,T24-030,Choke coil
QX-646,Receiver,T24-030-0,T24-030,Choke coil
QX-8000,Receiver,T24-030-0,T24-030,Choke Coil
QX-8000A,Receiver,T24-030-0,T24-030,Choke coil
QX-9900,Receiver,T24-030-0,T24-030,Choke coil
SX-1080,Receiver,T24-030,T24-030,Ferry inductor
SX-1280,Receiver,T24-030,T24-030,Choke coil
SX-1500T,Receiver,T24-030-0,T24-030,Choke coil (100uH)
SX-1500TD,Receiver,T24-030-0,T24-030,Choke Coil
SX-2500,Receiver,T24-030-0,T24-030,Choke Coil
SX-424,Receiver,T24-030-0,T24-030,Choke coil
SX-450,Receiver,T24-030,T24-030,Ferry inductor
SX-525,Receiver,T24-030-0,T24-030,Choke coil
SX-550,Receiver,T24-030,T24-030,RF chokecoil 101k (HG)
SX-6000,Receiver,T24-030-0,T24-030,Choke Coil 100uH
SX-650,Receiver,T24-030,T24-030,RF choke coil
SX-727,Receiver,T24-030-0,T24-030,Choke coil
SX-750,Receiver,T24-030,T24-030,Choke coil
SX-770,Receiver,T24-030-0,T24-030,Choke Coil
SX-780,Receiver,T24-030,T24-030,Choke coil
SX-828,Receiver,T24-030-0,T24-030,Choke coil
SX-880/890,Receiver,T24-030,T24-030,Choke coil 100uH
SX-9000,Receiver,T24-030-0,T24-030,Choke Coil
SX-980,Receiver,T24-030,T24-030,Ferry inductor
SX-990,Receiver,T24-030-O,T24-030,Choke Coil
TX-8500II,Tuner,T24-030,T24-030,RF choke coil (L1)
TX-9500II,Tuner,T24-030,T24-030,RF choke coil
SX-626 (1971),Receiver,T24-0300,T24-0300,Choke coil
SX-1000TA (Later),Receiver,T42-014,T42-014,AM Ferrite Loopstick antenna coil
SX-1000TD,Receiver,T42-014-A,T42-014,AM Ferrite loopstick Antenna coil
SX-1000TW,Receiver,T42-014-A,T42-014,AM Ferrite loopstick Antenna coil
SX-1500T,Receiver,T42-014-A,T42-014,AM Ferrite loopstick Antenna coil
SX-700T,Receiver,T42-014-0,T42-014,AM Ferite Loopstick Antenna Coil
QX-8000,Receiver,T42-022-C,T42-022,Ferrite Loopstick Antenna
QX-8000A,Receiver,T42-022-C,T42-022,"Ferrite loopstick antenna (FW,FSAW)"
SX-440,Receiver,T42-022-B,T42-022,AM Ferrite Loopstick Antenna
SX-525,Receiver,T42-022-C,T42-022,"Ferrite loopstick antenna (KCW,FVZW,NBW)"
TX-500,Tuner,T42-022,T42-022,BAR ANTENNA
TX-600,Tuner,T42-022,T42-022,BAR ANTENNA
SX-1500TD,Receiver,T42-024-A,T42-024,AM Ferrite Loopstick Antenna
SX-2500,Receiver,T42-024,T42-024,AM Ferrite Loopstick Antanna
SX-6000,Receiver,T42-024-A,T42-024,AM Ferrite Loopstick Antenna
SX-828,Receiver,T42-024-A,T42-024,AM ferrite loopstick antenna (FVZW)
SX-828,Receiver,T42-024-A,T42-024,AM ferrite loopstick antenna (FW)
SX-9000,Receiver,T42-024-A,T42-024,AM-Ferrile Loopstick Antenna
SX-990,Receiver,T42-024-A,T42-024,AM Fernte Loopstick Antenna
TX-900,Tuner,T42-024,T42-024,COIL
QX-9900,Receiver,T42-025,T42-025,BAR ANTENNA COIL
QX-9900,Receiver,T42-025-0,T42-025,AM ferrite loopstick antenna
SX-1000TD,Receiver,T42-025-A,T42-025,Heater choke CON
SX-1000TD,Receiver,T42-025-A,T42-025,Heater choke CON
SX-1000TW,Receiver,T42-025-A,T42-025,Heater chock coil
SX-1000TW,Receiver,T42-025-A,T42-025,Heater chock coil
SX-1500T,Receiver,T42-025-A,T42-025,Heater choke coil
SX-1500T,Receiver,T42-025-A,T42-025,Heater choke coil
SX-626 (1971),Receiver,T42-025-0,T42-025,Ferrite loopstick antenna
SX-727,Receiver,T42-025-0,T42-025,"Ferrite loopstick antenna (FVZW,FW)"
SX-770,Receiver,T42-025-0,T42-025,AM Ferrite Loopstick Antenna
TX-800,Tuner,T42-025,T42-025,BAR ANTENNA COIL
SX-1000TA (Later),Receiver,T52-063,T52-063,Power transformer
SX-700T,Receiver,T52-109-C,T52-109,Power Transformer
SX-1500T,Receiver,T52-114-0,T52-114,Power transformer
SX-1500T,Receiver,T52-115-0,T52-115,Power transformer (F)
SX-1000TD,Receiver,T52-131-A,T52-131,Power transformer
SX-1000TW,Receiver,T52-131-A,T52-131,Power transformer
SR-202W,Reverb,T52-135-0,T52-135,Power Transformer
SA-500,Integrated Amplifier,T52-141-O,T52-141,Power Transformer (FV)
SA-900,Integrated Amplifier,T52-148-B,T52-148,Power Transformer
TX-900,Tuner,T52-149,T52-149,PWR XFMR TX-900/K
SA-700,Integrated Amplifier,T52-150-C,T52-150,Power Transformer
TX-500,Tuner,T52-152,T52-152,PWR XFMR TX-500/F
SX-440,Receiver,T52-157-0,T52-157,Power Transformer
SX-990,Receiver,T52-158-O,T52-158,Power Transformer
SX-770,Receiver,T52-160-C,T52-160,POWER Transformer
TX-700,Tuner,T52-174,T52-174,PWR XFMR TX-700/F
SX-1500TD,Receiver,T52-176-0,T52-176,Power Transformer
SX-6000,Receiver,T52-176-A,T52-176,Power Transformer
SX-9000,Receiver,T52-182-0,T52-182,Power Transformer
SX-2500,Receiver,T52-186-B,T52-186,Power Transformer
TX-1000,Tuner,T52-209,T52-209,PWR XFMR TX-1000/K
SA-1000,Integrated Amplifier,T52-211-C,T52-211,Power transformer (KUW model)
PL-A25,Turntable,T52-619-0,T52-619,Transformer
SX-440,Receiver,T61-041-0,T61-041,Matching Transformer
SX-440,Receiver,T61-041-0,T61-041,Matching Transformer
SX-990,Receiver,T61-041-B,T61-041,Matching Transformer
CT-F1250,Cassette Tape,TLG 206,TLG 206,Diode
CT-F6262,Cassette Tape,TLG-113,TLG-113,Light emitting diode (green)
DT-32,Timer,TLG205,TLG205,LED CTF650
CT-F6262,Cassette Tape,TLR-113P,TLR-113P,Light emitting diode (red)
